ISO-10303-21;
HEADER;
/* Generated by software containing ST-Developer
 * from STEP Tools, Inc. (www.steptools.com) 
 */

FILE_DESCRIPTION(
/* description */ ('STEP AP203'),
/* implementation_level */ '2;1');

FILE_NAME(
/* name */ 'Base1.1.step',
/* time_stamp */ '2025-12-11T15:18:40+05:30',
/* author */ (''),
/* organization */ (''),
/* preprocessor_version */ 'ST-DEVELOPER v20.1',
/* originating_system */ 'Autodesk Translation Framework v14.21.0.0',
/* authorisation */ '');

FILE_SCHEMA (('AUTOMOTIVE_DESIGN { 1 0 10303 214 3 1 1 }'));
ENDSEC;

DATA;
#10=MECHANICAL_DESIGN_GEOMETRIC_PRESENTATION_REPRESENTATION('',(#17),#6459);
#11=ITEM_DEFINED_TRANSFORMATION($,$,#3827,#4117);
#12=(
REPRESENTATION_RELATIONSHIP($,$,#6470,#6469)
REPRESENTATION_RELATIONSHIP_WITH_TRANSFORMATION(#11)
SHAPE_REPRESENTATION_RELATIONSHIP()
);
#13=CONTEXT_DEPENDENT_SHAPE_REPRESENTATION(#12,#6468);
#14=NEXT_ASSEMBLY_USAGE_OCCURRENCE('base:1','base:1','base:1',#6472,#6473,
'base:1');
#15=SHAPE_REPRESENTATION_RELATIONSHIP('SRR','None',#6470,#16);
#16=ADVANCED_BREP_SHAPE_REPRESENTATION('',(#18),#6458);
#17=STYLED_ITEM('',(#6483),#18);
#18=MANIFOLD_SOLID_BREP('Body4',#3813);
#19=B_SPLINE_SURFACE_WITH_KNOTS('',3,1,((#5939,#5940),(#5941,#5942),(#5943,
#5944),(#5945,#5946),(#5947,#5948)),.UNSPECIFIED.,.F.,.F.,.F.,(4,1,4),(2,
2),(0.,0.0747448620563917,0.17168585302434),(0.,0.2),.UNSPECIFIED.);
#20=B_SPLINE_SURFACE_WITH_KNOTS('',3,1,((#5962,#5963),(#5964,#5965),(#5966,
#5967),(#5968,#5969),(#5970,#5971)),.UNSPECIFIED.,.F.,.F.,.F.,(4,1,4),(2,
2),(0.,0.0659015097700894,0.130687478224339),(0.,0.2),.UNSPECIFIED.);
#21=B_SPLINE_SURFACE_WITH_KNOTS('',3,1,((#5985,#5986),(#5987,#5988),(#5989,
#5990),(#5991,#5992),(#5993,#5994)),.UNSPECIFIED.,.F.,.F.,.F.,(4,1,4),(2,
2),(0.,0.0474572670043267,0.0945696901830669),(0.,0.2),.UNSPECIFIED.);
#22=B_SPLINE_SURFACE_WITH_KNOTS('',3,1,((#6008,#6009),(#6010,#6011),(#6012,
#6013),(#6014,#6015),(#6016,#6017)),.UNSPECIFIED.,.F.,.F.,.F.,(4,1,4),(2,
2),(0.,0.0512006888126898,0.0995986845613792),(0.,0.2),.UNSPECIFIED.);
#23=B_SPLINE_SURFACE_WITH_KNOTS('',3,1,((#6031,#6032),(#6033,#6034),(#6035,
#6036),(#6037,#6038),(#6039,#6040)),.UNSPECIFIED.,.F.,.F.,.F.,(4,1,4),(2,
2),(0.,0.0809681641723061,0.143618693652103),(0.,0.2),.UNSPECIFIED.);
#24=B_SPLINE_SURFACE_WITH_KNOTS('',3,1,((#6073,#6074),(#6075,#6076),(#6077,
#6078),(#6079,#6080),(#6081,#6082)),.UNSPECIFIED.,.F.,.F.,.F.,(4,1,4),(2,
2),(0.,0.0298879455396952,0.0739014252552773),(0.,0.2),.UNSPECIFIED.);
#25=B_SPLINE_SURFACE_WITH_KNOTS('',3,1,((#6090,#6091),(#6092,#6093),(#6094,
#6095),(#6096,#6097),(#6098,#6099)),.UNSPECIFIED.,.F.,.F.,.F.,(4,1,4),(2,
2),(0.,0.0340316789726588,0.0661999159559976),(0.,0.2),.UNSPECIFIED.);
#26=B_SPLINE_SURFACE_WITH_KNOTS('',3,1,((#6107,#6108),(#6109,#6110),(#6111,
#6112),(#6113,#6114),(#6115,#6116)),.UNSPECIFIED.,.F.,.F.,.F.,(4,1,4),(2,
2),(0.,0.0539582160136267,0.0950725621069313),(0.,0.2),.UNSPECIFIED.);
#27=B_SPLINE_SURFACE_WITH_KNOTS('',3,1,((#6124,#6125),(#6126,#6127),(#6128,
#6129),(#6130,#6131),(#6132,#6133)),.UNSPECIFIED.,.F.,.F.,.F.,(4,1,4),(2,
2),(0.,0.0954456711125163,0.167688509506647),(0.,0.2),.UNSPECIFIED.);
#28=B_SPLINE_SURFACE_WITH_KNOTS('',3,1,((#6153,#6154),(#6155,#6156),(#6157,
#6158),(#6159,#6160),(#6161,#6162)),.UNSPECIFIED.,.F.,.F.,.F.,(4,1,4),(2,
2),(0.,0.0822737243709121,0.172834206988019),(0.,0.2),.UNSPECIFIED.);
#29=B_SPLINE_SURFACE_WITH_KNOTS('',3,1,((#6170,#6171),(#6172,#6173),(#6174,
#6175),(#6176,#6177),(#6178,#6179)),.UNSPECIFIED.,.F.,.F.,.F.,(4,1,4),(2,
2),(0.,0.0525753002588564,0.094289128928845),(0.,0.2),.UNSPECIFIED.);
#30=B_SPLINE_SURFACE_WITH_KNOTS('',3,1,((#6187,#6188),(#6189,#6190),(#6191,
#6192),(#6193,#6194),(#6195,#6196)),.UNSPECIFIED.,.F.,.F.,.F.,(4,1,4),(2,
2),(0.,0.106045146298106,0.235513847276828),(0.,0.2),.UNSPECIFIED.);
#31=B_SPLINE_SURFACE_WITH_KNOTS('',3,1,((#6204,#6205),(#6206,#6207),(#6208,
#6209),(#6210,#6211),(#6212,#6213)),.UNSPECIFIED.,.F.,.F.,.F.,(4,1,4),(2,
2),(0.,0.099557135981646,0.195924938429079),(0.,0.2),.UNSPECIFIED.);
#32=B_SPLINE_SURFACE_WITH_KNOTS('',3,1,((#6221,#6222),(#6223,#6224),(#6225,
#6226),(#6227,#6228),(#6229,#6230)),.UNSPECIFIED.,.F.,.F.,.F.,(4,1,4),(2,
2),(0.,0.078283278141732,0.157921924499618),(0.,0.2),.UNSPECIFIED.);
#33=B_SPLINE_SURFACE_WITH_KNOTS('',3,1,((#6238,#6239),(#6240,#6241),(#6242,
#6243),(#6244,#6245),(#6246,#6247)),.UNSPECIFIED.,.F.,.F.,.F.,(4,1,4),(2,
2),(0.,0.0728374714624123,0.148428646041535),(0.,0.2),.UNSPECIFIED.);
#34=B_SPLINE_SURFACE_WITH_KNOTS('',3,1,((#6255,#6256),(#6257,#6258),(#6259,
#6260),(#6261,#6262),(#6263,#6264)),.UNSPECIFIED.,.F.,.F.,.F.,(4,1,4),(2,
2),(0.,0.117859847973083,0.205819671962698),(0.,0.2),.UNSPECIFIED.);
#35=SPHERICAL_SURFACE('',#4010,1.);
#36=SPHERICAL_SURFACE('',#4016,1.);
#37=SPHERICAL_SURFACE('',#4071,1.);
#38=SPHERICAL_SURFACE('',#4077,1.);
#39=FACE_BOUND('',#439,.T.);
#40=FACE_BOUND('',#440,.T.);
#41=FACE_BOUND('',#441,.T.);
#42=FACE_BOUND('',#442,.T.);
#43=FACE_BOUND('',#443,.T.);
#44=FACE_BOUND('',#444,.T.);
#45=FACE_BOUND('',#446,.T.);
#46=FACE_BOUND('',#447,.T.);
#47=FACE_BOUND('',#448,.T.);
#48=FACE_BOUND('',#449,.T.);
#49=FACE_BOUND('',#450,.T.);
#50=FACE_BOUND('',#451,.T.);
#51=FACE_BOUND('',#452,.T.);
#52=FACE_BOUND('',#453,.T.);
#53=FACE_BOUND('',#454,.T.);
#54=FACE_BOUND('',#455,.T.);
#55=FACE_BOUND('',#456,.T.);
#56=FACE_BOUND('',#457,.T.);
#57=FACE_BOUND('',#458,.T.);
#58=FACE_BOUND('',#495,.T.);
#59=FACE_BOUND('',#496,.T.);
#60=FACE_BOUND('',#499,.T.);
#61=FACE_BOUND('',#500,.T.);
#62=FACE_BOUND('',#514,.T.);
#63=FACE_BOUND('',#516,.T.);
#64=FACE_BOUND('',#518,.T.);
#65=FACE_BOUND('',#520,.T.);
#66=FACE_BOUND('',#541,.T.);
#67=FACE_BOUND('',#542,.T.);
#68=FACE_BOUND('',#543,.T.);
#69=FACE_BOUND('',#544,.T.);
#70=FACE_BOUND('',#545,.T.);
#71=FACE_BOUND('',#546,.T.);
#72=FACE_BOUND('',#547,.T.);
#73=FACE_BOUND('',#548,.T.);
#74=FACE_BOUND('',#549,.T.);
#75=FACE_BOUND('',#550,.T.);
#76=FACE_BOUND('',#551,.T.);
#77=FACE_BOUND('',#625,.T.);
#78=FACE_BOUND('',#667,.T.);
#79=FACE_BOUND('',#668,.T.);
#80=FACE_BOUND('',#669,.T.);
#81=FACE_BOUND('',#670,.T.);
#82=FACE_BOUND('',#671,.T.);
#83=FACE_BOUND('',#672,.T.);
#84=FACE_BOUND('',#673,.T.);
#85=FACE_BOUND('',#674,.T.);
#86=FACE_BOUND('',#675,.T.);
#87=FACE_BOUND('',#676,.T.);
#88=FACE_BOUND('',#677,.T.);
#89=FACE_BOUND('',#678,.T.);
#90=FACE_BOUND('',#679,.T.);
#91=FACE_BOUND('',#682,.T.);
#92=FACE_BOUND('',#683,.T.);
#93=FACE_BOUND('',#684,.T.);
#94=FACE_BOUND('',#687,.T.);
#95=FACE_BOUND('',#688,.T.);
#96=FACE_BOUND('',#690,.T.);
#97=FACE_BOUND('',#691,.T.);
#98=FACE_BOUND('',#692,.T.);
#99=FACE_BOUND('',#695,.T.);
#100=FACE_BOUND('',#696,.T.);
#101=FACE_BOUND('',#697,.T.);
#102=FACE_BOUND('',#698,.T.);
#103=FACE_BOUND('',#699,.T.);
#104=PLANE('',#3833);
#105=PLANE('',#3840);
#106=PLANE('',#3853);
#107=PLANE('',#3855);
#108=PLANE('',#3858);
#109=PLANE('',#3861);
#110=PLANE('',#3867);
#111=PLANE('',#3871);
#112=PLANE('',#3875);
#113=PLANE('',#3879);
#114=PLANE('',#3883);
#115=PLANE('',#3887);
#116=PLANE('',#3891);
#117=PLANE('',#3895);
#118=PLANE('',#3899);
#119=PLANE('',#3903);
#120=PLANE('',#3909);
#121=PLANE('',#3915);
#122=PLANE('',#3919);
#123=PLANE('',#3920);
#124=PLANE('',#3921);
#125=PLANE('',#3922);
#126=PLANE('',#3923);
#127=PLANE('',#3924);
#128=PLANE('',#3926);
#129=PLANE('',#3927);
#130=PLANE('',#3928);
#131=PLANE('',#3929);
#132=PLANE('',#3930);
#133=PLANE('',#3931);
#134=PLANE('',#3932);
#135=PLANE('',#3933);
#136=PLANE('',#3934);
#137=PLANE('',#3935);
#138=PLANE('',#3936);
#139=PLANE('',#3937);
#140=PLANE('',#3938);
#141=PLANE('',#3940);
#142=PLANE('',#3942);
#143=PLANE('',#3944);
#144=PLANE('',#3948);
#145=PLANE('',#3952);
#146=PLANE('',#3953);
#147=PLANE('',#3954);
#148=PLANE('',#3955);
#149=PLANE('',#3956);
#150=PLANE('',#3957);
#151=PLANE('',#3958);
#152=PLANE('',#3959);
#153=PLANE('',#3960);
#154=PLANE('',#3961);
#155=PLANE('',#3962);
#156=PLANE('',#3963);
#157=PLANE('',#3964);
#158=PLANE('',#3965);
#159=PLANE('',#3966);
#160=PLANE('',#3967);
#161=PLANE('',#3968);
#162=PLANE('',#3971);
#163=PLANE('',#3973);
#164=PLANE('',#3976);
#165=PLANE('',#3978);
#166=PLANE('',#3979);
#167=PLANE('',#3980);
#168=PLANE('',#3981);
#169=PLANE('',#3982);
#170=PLANE('',#3983);
#171=PLANE('',#3984);
#172=PLANE('',#3985);
#173=PLANE('',#3986);
#174=PLANE('',#3987);
#175=PLANE('',#3988);
#176=PLANE('',#3989);
#177=PLANE('',#3990);
#178=PLANE('',#3991);
#179=PLANE('',#3992);
#180=PLANE('',#3993);
#181=PLANE('',#3994);
#182=PLANE('',#3995);
#183=PLANE('',#3996);
#184=PLANE('',#3997);
#185=PLANE('',#4009);
#186=PLANE('',#4023);
#187=PLANE('',#4036);
#188=PLANE('',#4037);
#189=PLANE('',#4038);
#190=PLANE('',#4039);
#191=PLANE('',#4040);
#192=PLANE('',#4041);
#193=PLANE('',#4042);
#194=PLANE('',#4043);
#195=PLANE('',#4044);
#196=PLANE('',#4045);
#197=PLANE('',#4046);
#198=PLANE('',#4047);
#199=PLANE('',#4048);
#200=PLANE('',#4049);
#201=PLANE('',#4050);
#202=PLANE('',#4051);
#203=PLANE('',#4052);
#204=PLANE('',#4053);
#205=PLANE('',#4054);
#206=PLANE('',#4055);
#207=PLANE('',#4056);
#208=PLANE('',#4057);
#209=PLANE('',#4058);
#210=PLANE('',#4059);
#211=PLANE('',#4060);
#212=PLANE('',#4061);
#213=PLANE('',#4062);
#214=PLANE('',#4063);
#215=PLANE('',#4064);
#216=PLANE('',#4065);
#217=PLANE('',#4066);
#218=PLANE('',#4067);
#219=PLANE('',#4068);
#220=PLANE('',#4069);
#221=PLANE('',#4070);
#222=PLANE('',#4082);
#223=PLANE('',#4085);
#224=PLANE('',#4094);
#225=PLANE('',#4102);
#226=PLANE('',#4103);
#227=PLANE('',#4104);
#228=PLANE('',#4106);
#229=PLANE('',#4108);
#230=PLANE('',#4109);
#231=PLANE('',#4110);
#232=PLANE('',#4111);
#233=PLANE('',#4115);
#234=FACE_OUTER_BOUND('',#436,.T.);
#235=FACE_OUTER_BOUND('',#437,.T.);
#236=FACE_OUTER_BOUND('',#438,.T.);
#237=FACE_OUTER_BOUND('',#445,.T.);
#238=FACE_OUTER_BOUND('',#459,.T.);
#239=FACE_OUTER_BOUND('',#460,.T.);
#240=FACE_OUTER_BOUND('',#461,.T.);
#241=FACE_OUTER_BOUND('',#462,.T.);
#242=FACE_OUTER_BOUND('',#463,.T.);
#243=FACE_OUTER_BOUND('',#464,.T.);
#244=FACE_OUTER_BOUND('',#465,.T.);
#245=FACE_OUTER_BOUND('',#466,.T.);
#246=FACE_OUTER_BOUND('',#467,.T.);
#247=FACE_OUTER_BOUND('',#468,.T.);
#248=FACE_OUTER_BOUND('',#469,.T.);
#249=FACE_OUTER_BOUND('',#470,.T.);
#250=FACE_OUTER_BOUND('',#471,.T.);
#251=FACE_OUTER_BOUND('',#472,.T.);
#252=FACE_OUTER_BOUND('',#473,.T.);
#253=FACE_OUTER_BOUND('',#474,.T.);
#254=FACE_OUTER_BOUND('',#475,.T.);
#255=FACE_OUTER_BOUND('',#476,.T.);
#256=FACE_OUTER_BOUND('',#477,.T.);
#257=FACE_OUTER_BOUND('',#478,.T.);
#258=FACE_OUTER_BOUND('',#479,.T.);
#259=FACE_OUTER_BOUND('',#480,.T.);
#260=FACE_OUTER_BOUND('',#481,.T.);
#261=FACE_OUTER_BOUND('',#482,.T.);
#262=FACE_OUTER_BOUND('',#483,.T.);
#263=FACE_OUTER_BOUND('',#484,.T.);
#264=FACE_OUTER_BOUND('',#485,.T.);
#265=FACE_OUTER_BOUND('',#486,.T.);
#266=FACE_OUTER_BOUND('',#487,.T.);
#267=FACE_OUTER_BOUND('',#488,.T.);
#268=FACE_OUTER_BOUND('',#489,.T.);
#269=FACE_OUTER_BOUND('',#490,.T.);
#270=FACE_OUTER_BOUND('',#491,.T.);
#271=FACE_OUTER_BOUND('',#492,.T.);
#272=FACE_OUTER_BOUND('',#493,.T.);
#273=FACE_OUTER_BOUND('',#494,.T.);
#274=FACE_OUTER_BOUND('',#497,.T.);
#275=FACE_OUTER_BOUND('',#498,.T.);
#276=FACE_OUTER_BOUND('',#501,.T.);
#277=FACE_OUTER_BOUND('',#502,.T.);
#278=FACE_OUTER_BOUND('',#503,.T.);
#279=FACE_OUTER_BOUND('',#504,.T.);
#280=FACE_OUTER_BOUND('',#505,.T.);
#281=FACE_OUTER_BOUND('',#506,.T.);
#282=FACE_OUTER_BOUND('',#507,.T.);
#283=FACE_OUTER_BOUND('',#508,.T.);
#284=FACE_OUTER_BOUND('',#509,.T.);
#285=FACE_OUTER_BOUND('',#510,.T.);
#286=FACE_OUTER_BOUND('',#511,.T.);
#287=FACE_OUTER_BOUND('',#512,.T.);
#288=FACE_OUTER_BOUND('',#513,.T.);
#289=FACE_OUTER_BOUND('',#515,.T.);
#290=FACE_OUTER_BOUND('',#517,.T.);
#291=FACE_OUTER_BOUND('',#519,.T.);
#292=FACE_OUTER_BOUND('',#521,.T.);
#293=FACE_OUTER_BOUND('',#522,.T.);
#294=FACE_OUTER_BOUND('',#523,.T.);
#295=FACE_OUTER_BOUND('',#524,.T.);
#296=FACE_OUTER_BOUND('',#525,.T.);
#297=FACE_OUTER_BOUND('',#526,.T.);
#298=FACE_OUTER_BOUND('',#527,.T.);
#299=FACE_OUTER_BOUND('',#528,.T.);
#300=FACE_OUTER_BOUND('',#529,.T.);
#301=FACE_OUTER_BOUND('',#530,.T.);
#302=FACE_OUTER_BOUND('',#531,.T.);
#303=FACE_OUTER_BOUND('',#532,.T.);
#304=FACE_OUTER_BOUND('',#533,.T.);
#305=FACE_OUTER_BOUND('',#534,.T.);
#306=FACE_OUTER_BOUND('',#535,.T.);
#307=FACE_OUTER_BOUND('',#536,.T.);
#308=FACE_OUTER_BOUND('',#537,.T.);
#309=FACE_OUTER_BOUND('',#538,.T.);
#310=FACE_OUTER_BOUND('',#539,.T.);
#311=FACE_OUTER_BOUND('',#540,.T.);
#312=FACE_OUTER_BOUND('',#552,.T.);
#313=FACE_OUTER_BOUND('',#553,.T.);
#314=FACE_OUTER_BOUND('',#554,.T.);
#315=FACE_OUTER_BOUND('',#555,.T.);
#316=FACE_OUTER_BOUND('',#556,.T.);
#317=FACE_OUTER_BOUND('',#557,.T.);
#318=FACE_OUTER_BOUND('',#558,.T.);
#319=FACE_OUTER_BOUND('',#559,.T.);
#320=FACE_OUTER_BOUND('',#560,.T.);
#321=FACE_OUTER_BOUND('',#561,.T.);
#322=FACE_OUTER_BOUND('',#562,.T.);
#323=FACE_OUTER_BOUND('',#563,.T.);
#324=FACE_OUTER_BOUND('',#564,.T.);
#325=FACE_OUTER_BOUND('',#565,.T.);
#326=FACE_OUTER_BOUND('',#566,.T.);
#327=FACE_OUTER_BOUND('',#567,.T.);
#328=FACE_OUTER_BOUND('',#568,.T.);
#329=FACE_OUTER_BOUND('',#569,.T.);
#330=FACE_OUTER_BOUND('',#570,.T.);
#331=FACE_OUTER_BOUND('',#571,.T.);
#332=FACE_OUTER_BOUND('',#572,.T.);
#333=FACE_OUTER_BOUND('',#573,.T.);
#334=FACE_OUTER_BOUND('',#574,.T.);
#335=FACE_OUTER_BOUND('',#575,.T.);
#336=FACE_OUTER_BOUND('',#576,.T.);
#337=FACE_OUTER_BOUND('',#577,.T.);
#338=FACE_OUTER_BOUND('',#578,.T.);
#339=FACE_OUTER_BOUND('',#579,.T.);
#340=FACE_OUTER_BOUND('',#580,.T.);
#341=FACE_OUTER_BOUND('',#581,.T.);
#342=FACE_OUTER_BOUND('',#582,.T.);
#343=FACE_OUTER_BOUND('',#583,.T.);
#344=FACE_OUTER_BOUND('',#584,.T.);
#345=FACE_OUTER_BOUND('',#585,.T.);
#346=FACE_OUTER_BOUND('',#586,.T.);
#347=FACE_OUTER_BOUND('',#587,.T.);
#348=FACE_OUTER_BOUND('',#588,.T.);
#349=FACE_OUTER_BOUND('',#589,.T.);
#350=FACE_OUTER_BOUND('',#590,.T.);
#351=FACE_OUTER_BOUND('',#591,.T.);
#352=FACE_OUTER_BOUND('',#592,.T.);
#353=FACE_OUTER_BOUND('',#593,.T.);
#354=FACE_OUTER_BOUND('',#594,.T.);
#355=FACE_OUTER_BOUND('',#595,.T.);
#356=FACE_OUTER_BOUND('',#596,.T.);
#357=FACE_OUTER_BOUND('',#597,.T.);
#358=FACE_OUTER_BOUND('',#598,.T.);
#359=FACE_OUTER_BOUND('',#599,.T.);
#360=FACE_OUTER_BOUND('',#600,.T.);
#361=FACE_OUTER_BOUND('',#601,.T.);
#362=FACE_OUTER_BOUND('',#602,.T.);
#363=FACE_OUTER_BOUND('',#603,.T.);
#364=FACE_OUTER_BOUND('',#604,.T.);
#365=FACE_OUTER_BOUND('',#605,.T.);
#366=FACE_OUTER_BOUND('',#606,.T.);
#367=FACE_OUTER_BOUND('',#607,.T.);
#368=FACE_OUTER_BOUND('',#608,.T.);
#369=FACE_OUTER_BOUND('',#609,.T.);
#370=FACE_OUTER_BOUND('',#610,.T.);
#371=FACE_OUTER_BOUND('',#611,.T.);
#372=FACE_OUTER_BOUND('',#612,.T.);
#373=FACE_OUTER_BOUND('',#613,.T.);
#374=FACE_OUTER_BOUND('',#614,.T.);
#375=FACE_OUTER_BOUND('',#615,.T.);
#376=FACE_OUTER_BOUND('',#616,.T.);
#377=FACE_OUTER_BOUND('',#617,.T.);
#378=FACE_OUTER_BOUND('',#618,.T.);
#379=FACE_OUTER_BOUND('',#619,.T.);
#380=FACE_OUTER_BOUND('',#620,.T.);
#381=FACE_OUTER_BOUND('',#621,.T.);
#382=FACE_OUTER_BOUND('',#622,.T.);
#383=FACE_OUTER_BOUND('',#623,.T.);
#384=FACE_OUTER_BOUND('',#624,.T.);
#385=FACE_OUTER_BOUND('',#626,.T.);
#386=FACE_OUTER_BOUND('',#627,.T.);
#387=FACE_OUTER_BOUND('',#628,.T.);
#388=FACE_OUTER_BOUND('',#629,.T.);
#389=FACE_OUTER_BOUND('',#630,.T.);
#390=FACE_OUTER_BOUND('',#631,.T.);
#391=FACE_OUTER_BOUND('',#632,.T.);
#392=FACE_OUTER_BOUND('',#633,.T.);
#393=FACE_OUTER_BOUND('',#634,.T.);
#394=FACE_OUTER_BOUND('',#635,.T.);
#395=FACE_OUTER_BOUND('',#636,.T.);
#396=FACE_OUTER_BOUND('',#637,.T.);
#397=FACE_OUTER_BOUND('',#638,.T.);
#398=FACE_OUTER_BOUND('',#639,.T.);
#399=FACE_OUTER_BOUND('',#640,.T.);
#400=FACE_OUTER_BOUND('',#641,.T.);
#401=FACE_OUTER_BOUND('',#642,.T.);
#402=FACE_OUTER_BOUND('',#643,.T.);
#403=FACE_OUTER_BOUND('',#644,.T.);
#404=FACE_OUTER_BOUND('',#645,.T.);
#405=FACE_OUTER_BOUND('',#646,.T.);
#406=FACE_OUTER_BOUND('',#647,.T.);
#407=FACE_OUTER_BOUND('',#648,.T.);
#408=FACE_OUTER_BOUND('',#649,.T.);
#409=FACE_OUTER_BOUND('',#650,.T.);
#410=FACE_OUTER_BOUND('',#651,.T.);
#411=FACE_OUTER_BOUND('',#652,.T.);
#412=FACE_OUTER_BOUND('',#653,.T.);
#413=FACE_OUTER_BOUND('',#654,.T.);
#414=FACE_OUTER_BOUND('',#655,.T.);
#415=FACE_OUTER_BOUND('',#656,.T.);
#416=FACE_OUTER_BOUND('',#657,.T.);
#417=FACE_OUTER_BOUND('',#658,.T.);
#418=FACE_OUTER_BOUND('',#659,.T.);
#419=FACE_OUTER_BOUND('',#660,.T.);
#420=FACE_OUTER_BOUND('',#661,.T.);
#421=FACE_OUTER_BOUND('',#662,.T.);
#422=FACE_OUTER_BOUND('',#663,.T.);
#423=FACE_OUTER_BOUND('',#664,.T.);
#424=FACE_OUTER_BOUND('',#665,.T.);
#425=FACE_OUTER_BOUND('',#666,.T.);
#426=FACE_OUTER_BOUND('',#680,.T.);
#427=FACE_OUTER_BOUND('',#681,.T.);
#428=FACE_OUTER_BOUND('',#685,.T.);
#429=FACE_OUTER_BOUND('',#686,.T.);
#430=FACE_OUTER_BOUND('',#689,.T.);
#431=FACE_OUTER_BOUND('',#693,.T.);
#432=FACE_OUTER_BOUND('',#694,.T.);
#433=FACE_OUTER_BOUND('',#700,.T.);
#434=FACE_OUTER_BOUND('',#701,.T.);
#435=FACE_OUTER_BOUND('',#702,.T.);
#436=EDGE_LOOP('',(#2501,#2502,#2503,#2504,#2505,#2506,#2507));
#437=EDGE_LOOP('',(#2508,#2509,#2510,#2511));
#438=EDGE_LOOP('',(#2512,#2513,#2514,#2515));
#439=EDGE_LOOP('',(#2516,#2517,#2518,#2519,#2520,#2521,#2522,#2523));
#440=EDGE_LOOP('',(#2524,#2525,#2526,#2527,#2528,#2529));
#441=EDGE_LOOP('',(#2530,#2531,#2532,#2533,#2534,#2535,#2536,#2537,#2538,
#2539,#2540,#2541,#2542,#2543,#2544,#2545,#2546,#2547,#2548));
#442=EDGE_LOOP('',(#2549,#2550,#2551,#2552,#2553,#2554));
#443=EDGE_LOOP('',(#2555,#2556,#2557,#2558,#2559,#2560,#2561,#2562,#2563,
#2564,#2565,#2566));
#444=EDGE_LOOP('',(#2567,#2568,#2569,#2570));
#445=EDGE_LOOP('',(#2571,#2572,#2573,#2574));
#446=EDGE_LOOP('',(#2575,#2576,#2577,#2578,#2579,#2580));
#447=EDGE_LOOP('',(#2581));
#448=EDGE_LOOP('',(#2582));
#449=EDGE_LOOP('',(#2583));
#450=EDGE_LOOP('',(#2584));
#451=EDGE_LOOP('',(#2585));
#452=EDGE_LOOP('',(#2586));
#453=EDGE_LOOP('',(#2587));
#454=EDGE_LOOP('',(#2588));
#455=EDGE_LOOP('',(#2589));
#456=EDGE_LOOP('',(#2590));
#457=EDGE_LOOP('',(#2591));
#458=EDGE_LOOP('',(#2592));
#459=EDGE_LOOP('',(#2593,#2594,#2595,#2596,#2597,#2598,#2599,#2600,#2601,
#2602));
#460=EDGE_LOOP('',(#2603,#2604,#2605,#2606));
#461=EDGE_LOOP('',(#2607,#2608,#2609,#2610));
#462=EDGE_LOOP('',(#2611,#2612,#2613,#2614));
#463=EDGE_LOOP('',(#2615,#2616,#2617,#2618));
#464=EDGE_LOOP('',(#2619,#2620,#2621,#2622));
#465=EDGE_LOOP('',(#2623,#2624,#2625,#2626));
#466=EDGE_LOOP('',(#2627,#2628,#2629,#2630));
#467=EDGE_LOOP('',(#2631));
#468=EDGE_LOOP('',(#2632,#2633,#2634,#2635));
#469=EDGE_LOOP('',(#2636));
#470=EDGE_LOOP('',(#2637,#2638,#2639,#2640));
#471=EDGE_LOOP('',(#2641));
#472=EDGE_LOOP('',(#2642,#2643,#2644,#2645));
#473=EDGE_LOOP('',(#2646));
#474=EDGE_LOOP('',(#2647,#2648,#2649,#2650));
#475=EDGE_LOOP('',(#2651));
#476=EDGE_LOOP('',(#2652,#2653,#2654,#2655));
#477=EDGE_LOOP('',(#2656));
#478=EDGE_LOOP('',(#2657,#2658,#2659,#2660));
#479=EDGE_LOOP('',(#2661));
#480=EDGE_LOOP('',(#2662,#2663,#2664,#2665));
#481=EDGE_LOOP('',(#2666));
#482=EDGE_LOOP('',(#2667,#2668,#2669,#2670));
#483=EDGE_LOOP('',(#2671));
#484=EDGE_LOOP('',(#2672,#2673,#2674,#2675));
#485=EDGE_LOOP('',(#2676));
#486=EDGE_LOOP('',(#2677,#2678,#2679,#2680,#2681,#2682,#2683,#2684));
#487=EDGE_LOOP('',(#2685,#2686,#2687,#2688));
#488=EDGE_LOOP('',(#2689,#2690,#2691,#2692,#2693,#2694,#2695,#2696));
#489=EDGE_LOOP('',(#2697,#2698,#2699,#2700));
#490=EDGE_LOOP('',(#2701,#2702,#2703,#2704));
#491=EDGE_LOOP('',(#2705,#2706,#2707,#2708));
#492=EDGE_LOOP('',(#2709,#2710,#2711,#2712,#2713,#2714,#2715,#2716));
#493=EDGE_LOOP('',(#2717,#2718,#2719,#2720,#2721,#2722,#2723,#2724));
#494=EDGE_LOOP('',(#2725,#2726,#2727,#2728));
#495=EDGE_LOOP('',(#2729,#2730,#2731,#2732,#2733,#2734));
#496=EDGE_LOOP('',(#2735,#2736,#2737,#2738,#2739,#2740));
#497=EDGE_LOOP('',(#2741,#2742,#2743,#2744,#2745,#2746,#2747,#2748));
#498=EDGE_LOOP('',(#2749,#2750,#2751,#2752,#2753,#2754));
#499=EDGE_LOOP('',(#2755,#2756,#2757,#2758,#2759,#2760));
#500=EDGE_LOOP('',(#2761,#2762,#2763,#2764,#2765,#2766));
#501=EDGE_LOOP('',(#2767,#2768,#2769,#2770));
#502=EDGE_LOOP('',(#2771,#2772,#2773,#2774));
#503=EDGE_LOOP('',(#2775,#2776,#2777,#2778));
#504=EDGE_LOOP('',(#2779,#2780,#2781,#2782));
#505=EDGE_LOOP('',(#2783,#2784,#2785,#2786));
#506=EDGE_LOOP('',(#2787,#2788,#2789,#2790));
#507=EDGE_LOOP('',(#2791,#2792,#2793,#2794));
#508=EDGE_LOOP('',(#2795,#2796,#2797,#2798));
#509=EDGE_LOOP('',(#2799,#2800,#2801,#2802));
#510=EDGE_LOOP('',(#2803,#2804,#2805,#2806));
#511=EDGE_LOOP('',(#2807,#2808,#2809,#2810));
#512=EDGE_LOOP('',(#2811,#2812,#2813,#2814));
#513=EDGE_LOOP('',(#2815,#2816,#2817,#2818,#2819,#2820));
#514=EDGE_LOOP('',(#2821));
#515=EDGE_LOOP('',(#2822,#2823,#2824,#2825,#2826,#2827));
#516=EDGE_LOOP('',(#2828));
#517=EDGE_LOOP('',(#2829,#2830,#2831,#2832,#2833,#2834));
#518=EDGE_LOOP('',(#2835));
#519=EDGE_LOOP('',(#2836,#2837,#2838,#2839,#2840,#2841));
#520=EDGE_LOOP('',(#2842));
#521=EDGE_LOOP('',(#2843,#2844,#2845,#2846));
#522=EDGE_LOOP('',(#2847,#2848,#2849,#2850));
#523=EDGE_LOOP('',(#2851,#2852,#2853,#2854));
#524=EDGE_LOOP('',(#2855,#2856,#2857,#2858));
#525=EDGE_LOOP('',(#2859,#2860,#2861,#2862));
#526=EDGE_LOOP('',(#2863,#2864,#2865,#2866));
#527=EDGE_LOOP('',(#2867,#2868,#2869,#2870));
#528=EDGE_LOOP('',(#2871,#2872,#2873,#2874));
#529=EDGE_LOOP('',(#2875,#2876,#2877,#2878));
#530=EDGE_LOOP('',(#2879,#2880,#2881,#2882));
#531=EDGE_LOOP('',(#2883,#2884,#2885,#2886));
#532=EDGE_LOOP('',(#2887,#2888,#2889,#2890));
#533=EDGE_LOOP('',(#2891,#2892,#2893,#2894));
#534=EDGE_LOOP('',(#2895,#2896,#2897,#2898));
#535=EDGE_LOOP('',(#2899,#2900,#2901,#2902));
#536=EDGE_LOOP('',(#2903,#2904,#2905,#2906));
#537=EDGE_LOOP('',(#2907,#2908,#2909,#2910));
#538=EDGE_LOOP('',(#2911,#2912,#2913,#2914));
#539=EDGE_LOOP('',(#2915,#2916,#2917,#2918));
#540=EDGE_LOOP('',(#2919,#2920,#2921,#2922,#2923,#2924));
#541=EDGE_LOOP('',(#2925));
#542=EDGE_LOOP('',(#2926));
#543=EDGE_LOOP('',(#2927));
#544=EDGE_LOOP('',(#2928));
#545=EDGE_LOOP('',(#2929));
#546=EDGE_LOOP('',(#2930));
#547=EDGE_LOOP('',(#2931));
#548=EDGE_LOOP('',(#2932));
#549=EDGE_LOOP('',(#2933));
#550=EDGE_LOOP('',(#2934));
#551=EDGE_LOOP('',(#2935,#2936,#2937,#2938,#2939,#2940));
#552=EDGE_LOOP('',(#2941,#2942,#2943,#2944));
#553=EDGE_LOOP('',(#2945,#2946,#2947,#2948,#2949));
#554=EDGE_LOOP('',(#2950,#2951,#2952,#2953));
#555=EDGE_LOOP('',(#2954,#2955,#2956,#2957));
#556=EDGE_LOOP('',(#2958,#2959,#2960,#2961));
#557=EDGE_LOOP('',(#2962,#2963,#2964,#2965,#2966));
#558=EDGE_LOOP('',(#2967,#2968,#2969,#2970,#2971));
#559=EDGE_LOOP('',(#2972,#2973,#2974,#2975));
#560=EDGE_LOOP('',(#2976,#2977,#2978,#2979));
#561=EDGE_LOOP('',(#2980,#2981,#2982,#2983));
#562=EDGE_LOOP('',(#2984,#2985,#2986,#2987));
#563=EDGE_LOOP('',(#2988,#2989,#2990,#2991));
#564=EDGE_LOOP('',(#2992,#2993,#2994,#2995));
#565=EDGE_LOOP('',(#2996,#2997,#2998,#2999));
#566=EDGE_LOOP('',(#3000,#3001,#3002,#3003));
#567=EDGE_LOOP('',(#3004,#3005,#3006,#3007));
#568=EDGE_LOOP('',(#3008,#3009,#3010,#3011));
#569=EDGE_LOOP('',(#3012,#3013,#3014,#3015));
#570=EDGE_LOOP('',(#3016,#3017,#3018,#3019));
#571=EDGE_LOOP('',(#3020,#3021,#3022,#3023));
#572=EDGE_LOOP('',(#3024,#3025,#3026,#3027));
#573=EDGE_LOOP('',(#3028,#3029,#3030,#3031));
#574=EDGE_LOOP('',(#3032,#3033,#3034,#3035));
#575=EDGE_LOOP('',(#3036,#3037,#3038,#3039));
#576=EDGE_LOOP('',(#3040,#3041,#3042,#3043));
#577=EDGE_LOOP('',(#3044,#3045,#3046,#3047));
#578=EDGE_LOOP('',(#3048,#3049,#3050,#3051));
#579=EDGE_LOOP('',(#3052,#3053,#3054,#3055));
#580=EDGE_LOOP('',(#3056,#3057,#3058,#3059));
#581=EDGE_LOOP('',(#3060,#3061,#3062,#3063));
#582=EDGE_LOOP('',(#3064,#3065,#3066,#3067));
#583=EDGE_LOOP('',(#3068,#3069,#3070,#3071));
#584=EDGE_LOOP('',(#3072,#3073,#3074));
#585=EDGE_LOOP('',(#3075,#3076,#3077,#3078));
#586=EDGE_LOOP('',(#3079,#3080,#3081));
#587=EDGE_LOOP('',(#3082,#3083,#3084,#3085));
#588=EDGE_LOOP('',(#3086,#3087,#3088,#3089));
#589=EDGE_LOOP('',(#3090,#3091,#3092,#3093));
#590=EDGE_LOOP('',(#3094,#3095,#3096,#3097));
#591=EDGE_LOOP('',(#3098,#3099,#3100,#3101));
#592=EDGE_LOOP('',(#3102,#3103,#3104,#3105));
#593=EDGE_LOOP('',(#3106,#3107,#3108,#3109));
#594=EDGE_LOOP('',(#3110,#3111,#3112,#3113));
#595=EDGE_LOOP('',(#3114,#3115,#3116,#3117));
#596=EDGE_LOOP('',(#3118,#3119,#3120,#3121));
#597=EDGE_LOOP('',(#3122,#3123,#3124,#3125));
#598=EDGE_LOOP('',(#3126,#3127,#3128,#3129));
#599=EDGE_LOOP('',(#3130,#3131,#3132,#3133));
#600=EDGE_LOOP('',(#3134,#3135,#3136,#3137));
#601=EDGE_LOOP('',(#3138,#3139,#3140,#3141));
#602=EDGE_LOOP('',(#3142,#3143,#3144,#3145));
#603=EDGE_LOOP('',(#3146,#3147,#3148,#3149));
#604=EDGE_LOOP('',(#3150,#3151,#3152,#3153));
#605=EDGE_LOOP('',(#3154,#3155,#3156,#3157));
#606=EDGE_LOOP('',(#3158,#3159,#3160,#3161));
#607=EDGE_LOOP('',(#3162,#3163,#3164,#3165));
#608=EDGE_LOOP('',(#3166,#3167,#3168,#3169));
#609=EDGE_LOOP('',(#3170,#3171,#3172,#3173));
#610=EDGE_LOOP('',(#3174,#3175,#3176,#3177));
#611=EDGE_LOOP('',(#3178,#3179,#3180,#3181));
#612=EDGE_LOOP('',(#3182,#3183,#3184,#3185));
#613=EDGE_LOOP('',(#3186,#3187,#3188,#3189));
#614=EDGE_LOOP('',(#3190,#3191,#3192,#3193));
#615=EDGE_LOOP('',(#3194,#3195,#3196,#3197));
#616=EDGE_LOOP('',(#3198,#3199,#3200,#3201));
#617=EDGE_LOOP('',(#3202,#3203,#3204,#3205));
#618=EDGE_LOOP('',(#3206,#3207,#3208,#3209));
#619=EDGE_LOOP('',(#3210,#3211,#3212,#3213));
#620=EDGE_LOOP('',(#3214,#3215,#3216,#3217));
#621=EDGE_LOOP('',(#3218,#3219,#3220,#3221));
#622=EDGE_LOOP('',(#3222,#3223,#3224,#3225));
#623=EDGE_LOOP('',(#3226,#3227,#3228,#3229));
#624=EDGE_LOOP('',(#3230,#3231,#3232,#3233,#3234,#3235,#3236,#3237,#3238,
#3239,#3240,#3241,#3242,#3243,#3244,#3245,#3246,#3247,#3248));
#625=EDGE_LOOP('',(#3249,#3250,#3251,#3252,#3253,#3254,#3255,#3256));
#626=EDGE_LOOP('',(#3257,#3258,#3259,#3260));
#627=EDGE_LOOP('',(#3261,#3262,#3263,#3264));
#628=EDGE_LOOP('',(#3265,#3266,#3267,#3268));
#629=EDGE_LOOP('',(#3269,#3270,#3271,#3272));
#630=EDGE_LOOP('',(#3273,#3274,#3275,#3276));
#631=EDGE_LOOP('',(#3277,#3278,#3279,#3280));
#632=EDGE_LOOP('',(#3281,#3282,#3283,#3284,#3285,#3286));
#633=EDGE_LOOP('',(#3287,#3288,#3289,#3290));
#634=EDGE_LOOP('',(#3291,#3292,#3293,#3294));
#635=EDGE_LOOP('',(#3295,#3296,#3297,#3298));
#636=EDGE_LOOP('',(#3299,#3300,#3301,#3302));
#637=EDGE_LOOP('',(#3303,#3304,#3305,#3306));
#638=EDGE_LOOP('',(#3307,#3308,#3309,#3310));
#639=EDGE_LOOP('',(#3311,#3312,#3313,#3314));
#640=EDGE_LOOP('',(#3315,#3316,#3317,#3318));
#641=EDGE_LOOP('',(#3319,#3320,#3321,#3322));
#642=EDGE_LOOP('',(#3323,#3324,#3325,#3326));
#643=EDGE_LOOP('',(#3327,#3328,#3329,#3330));
#644=EDGE_LOOP('',(#3331,#3332,#3333,#3334));
#645=EDGE_LOOP('',(#3335,#3336,#3337,#3338,#3339,#3340,#3341,#3342,#3343,
#3344,#3345,#3346));
#646=EDGE_LOOP('',(#3347,#3348,#3349,#3350,#3351,#3352,#3353,#3354));
#647=EDGE_LOOP('',(#3355,#3356,#3357,#3358));
#648=EDGE_LOOP('',(#3359,#3360,#3361));
#649=EDGE_LOOP('',(#3362,#3363,#3364,#3365));
#650=EDGE_LOOP('',(#3366,#3367,#3368));
#651=EDGE_LOOP('',(#3369,#3370,#3371,#3372));
#652=EDGE_LOOP('',(#3373,#3374,#3375,#3376));
#653=EDGE_LOOP('',(#3377,#3378,#3379,#3380));
#654=EDGE_LOOP('',(#3381,#3382,#3383,#3384));
#655=EDGE_LOOP('',(#3385,#3386,#3387,#3388));
#656=EDGE_LOOP('',(#3389,#3390,#3391,#3392));
#657=EDGE_LOOP('',(#3393,#3394,#3395,#3396));
#658=EDGE_LOOP('',(#3397,#3398,#3399,#3400));
#659=EDGE_LOOP('',(#3401,#3402,#3403,#3404));
#660=EDGE_LOOP('',(#3405,#3406,#3407,#3408));
#661=EDGE_LOOP('',(#3409,#3410,#3411,#3412));
#662=EDGE_LOOP('',(#3413,#3414,#3415,#3416));
#663=EDGE_LOOP('',(#3417,#3418,#3419,#3420));
#664=EDGE_LOOP('',(#3421,#3422,#3423,#3424));
#665=EDGE_LOOP('',(#3425,#3426,#3427,#3428));
#666=EDGE_LOOP('',(#3429,#3430,#3431,#3432));
#667=EDGE_LOOP('',(#3433));
#668=EDGE_LOOP('',(#3434));
#669=EDGE_LOOP('',(#3435));
#670=EDGE_LOOP('',(#3436));
#671=EDGE_LOOP('',(#3437));
#672=EDGE_LOOP('',(#3438));
#673=EDGE_LOOP('',(#3439,#3440,#3441,#3442,#3443,#3444,#3445,#3446));
#674=EDGE_LOOP('',(#3447));
#675=EDGE_LOOP('',(#3448));
#676=EDGE_LOOP('',(#3449));
#677=EDGE_LOOP('',(#3450));
#678=EDGE_LOOP('',(#3451));
#679=EDGE_LOOP('',(#3452));
#680=EDGE_LOOP('',(#3453,#3454,#3455,#3456));
#681=EDGE_LOOP('',(#3457,#3458,#3459,#3460,#3461));
#682=EDGE_LOOP('',(#3462,#3463,#3464,#3465));
#683=EDGE_LOOP('',(#3466,#3467,#3468,#3469));
#684=EDGE_LOOP('',(#3470,#3471,#3472,#3473));
#685=EDGE_LOOP('',(#3474,#3475,#3476,#3477));
#686=EDGE_LOOP('',(#3478,#3479,#3480,#3481,#3482,#3483,#3484,#3485,#3486,
#3487));
#687=EDGE_LOOP('',(#3488,#3489,#3490,#3491,#3492,#3493));
#688=EDGE_LOOP('',(#3494,#3495,#3496,#3497));
#689=EDGE_LOOP('',(#3498,#3499,#3500,#3501));
#690=EDGE_LOOP('',(#3502,#3503,#3504,#3505));
#691=EDGE_LOOP('',(#3506,#3507,#3508,#3509));
#692=EDGE_LOOP('',(#3510,#3511,#3512,#3513));
#693=EDGE_LOOP('',(#3514,#3515,#3516,#3517));
#694=EDGE_LOOP('',(#3518,#3519,#3520,#3521,#3522,#3523,#3524,#3525));
#695=EDGE_LOOP('',(#3526));
#696=EDGE_LOOP('',(#3527));
#697=EDGE_LOOP('',(#3528));
#698=EDGE_LOOP('',(#3529));
#699=EDGE_LOOP('',(#3530,#3531,#3532,#3533,#3534,#3535));
#700=EDGE_LOOP('',(#3536,#3537,#3538,#3539));
#701=EDGE_LOOP('',(#3540,#3541,#3542,#3543,#3544,#3545,#3546,#3547,#3548,
#3549,#3550,#3551));
#702=EDGE_LOOP('',(#3552,#3553,#3554,#3555,#3556,#3557,#3558));
#703=ELLIPSE('',#3830,1.41421356237309,1.);
#704=ELLIPSE('',#4007,1.4142135623731,1.);
#705=ELLIPSE('',#4008,1.4142135623731,1.);
#706=ELLIPSE('',#4100,1.4142135623731,1.);
#707=CIRCLE('',#3829,1.);
#708=CIRCLE('',#3832,1.);
#709=CIRCLE('',#3834,1.);
#710=CIRCLE('',#3835,1.);
#711=CIRCLE('',#3836,1.);
#712=CIRCLE('',#3837,29.5);
#713=CIRCLE('',#3838,50.5);
#714=CIRCLE('',#3839,29.5);
#715=CIRCLE('',#3841,1.99999999999999);
#716=CIRCLE('',#3842,2.);
#717=CIRCLE('',#3843,2.);
#718=CIRCLE('',#3844,2.);
#719=CIRCLE('',#3845,1.99999999999999);
#720=CIRCLE('',#3846,2.);
#721=CIRCLE('',#3847,1.99999999999999);
#722=CIRCLE('',#3848,2.);
#723=CIRCLE('',#3849,2.);
#724=CIRCLE('',#3850,2.);
#725=CIRCLE('',#3851,1.99999999999999);
#726=CIRCLE('',#3852,2.);
#727=CIRCLE('',#3854,1.);
#728=CIRCLE('',#3857,29.5);
#729=CIRCLE('',#3860,50.5);
#730=CIRCLE('',#3863,29.5);
#731=CIRCLE('',#3865,1.5);
#732=CIRCLE('',#3866,1.5);
#733=CIRCLE('',#3869,1.5);
#734=CIRCLE('',#3870,1.5);
#735=CIRCLE('',#3873,1.5);
#736=CIRCLE('',#3874,1.5);
#737=CIRCLE('',#3877,1.5);
#738=CIRCLE('',#3878,1.5);
#739=CIRCLE('',#3881,1.5);
#740=CIRCLE('',#3882,1.5);
#741=CIRCLE('',#3885,1.5);
#742=CIRCLE('',#3886,1.5);
#743=CIRCLE('',#3889,1.5);
#744=CIRCLE('',#3890,1.5);
#745=CIRCLE('',#3893,1.5);
#746=CIRCLE('',#3894,1.5);
#747=CIRCLE('',#3897,1.5);
#748=CIRCLE('',#3898,1.5);
#749=CIRCLE('',#3901,1.5);
#750=CIRCLE('',#3902,1.5);
#751=CIRCLE('',#3905,24.);
#752=CIRCLE('',#3906,24.);
#753=CIRCLE('',#3907,24.);
#754=CIRCLE('',#3908,24.);
#755=CIRCLE('',#3911,24.);
#756=CIRCLE('',#3912,24.);
#757=CIRCLE('',#3913,24.);
#758=CIRCLE('',#3914,24.);
#759=CIRCLE('',#3917,44.);
#760=CIRCLE('',#3918,44.);
#761=CIRCLE('',#3925,4.);
#762=CIRCLE('',#3939,1.5);
#763=CIRCLE('',#3941,1.5);
#764=CIRCLE('',#3943,1.5);
#765=CIRCLE('',#3945,1.5);
#766=CIRCLE('',#3947,4.);
#767=CIRCLE('',#3950,10.);
#768=CIRCLE('',#3951,10.);
#769=CIRCLE('',#3970,1.);
#770=CIRCLE('',#3975,1.);
#771=CIRCLE('',#3977,1.);
#772=CIRCLE('',#3999,2.);
#773=CIRCLE('',#4001,2.);
#774=CIRCLE('',#4003,2.);
#775=CIRCLE('',#4005,1.99999999999999);
#776=CIRCLE('',#4011,0.999999999999996);
#777=CIRCLE('',#4012,1.);
#778=CIRCLE('',#4013,1.);
#779=CIRCLE('',#4015,1.);
#780=CIRCLE('',#4017,0.999999999999996);
#781=CIRCLE('',#4018,1.);
#782=CIRCLE('',#4019,1.);
#783=CIRCLE('',#4021,1.);
#784=CIRCLE('',#4025,1.99999999999999);
#785=CIRCLE('',#4027,2.);
#786=CIRCLE('',#4029,1.5);
#787=CIRCLE('',#4031,1.5);
#788=CIRCLE('',#4033,1.5);
#789=CIRCLE('',#4035,1.5);
#790=CIRCLE('',#4072,0.999999999999996);
#791=CIRCLE('',#4073,1.);
#792=CIRCLE('',#4074,0.999999999999998);
#793=CIRCLE('',#4076,0.999999999999998);
#794=CIRCLE('',#4078,0.999999999999996);
#795=CIRCLE('',#4079,1.);
#796=CIRCLE('',#4081,1.);
#797=CIRCLE('',#4084,1.);
#798=CIRCLE('',#4087,2.);
#799=CIRCLE('',#4089,2.);
#800=CIRCLE('',#4091,1.99999999999999);
#801=CIRCLE('',#4093,2.);
#802=CIRCLE('',#4096,2.);
#803=CIRCLE('',#4098,1.99999999999999);
#804=CIRCLE('',#4112,10.);
#805=CIRCLE('',#4114,10.);
#806=B_SPLINE_CURVE_WITH_KNOTS('',3,(#5103,#5104,#5105,#5106),
 .UNSPECIFIED.,.F.,.F.,(4,4),(0.00114141799132648,0.0435600978554182),
 .UNSPECIFIED.);
#807=B_SPLINE_CURVE_WITH_KNOTS('',3,(#5164,#5165,#5166,#5167,#5168),
 .UNSPECIFIED.,.F.,.F.,(4,1,4),(0.,0.117859847973083,0.205819671962698),
 .UNSPECIFIED.);
#808=B_SPLINE_CURVE_WITH_KNOTS('',3,(#5170,#5171,#5172,#5173,#5174),
 .UNSPECIFIED.,.F.,.F.,(4,1,4),(0.,0.0728374714624123,0.148428646041535),
 .UNSPECIFIED.);
#809=B_SPLINE_CURVE_WITH_KNOTS('',3,(#5176,#5177,#5178,#5179,#5180),
 .UNSPECIFIED.,.F.,.F.,(4,1,4),(0.,0.078283278141732,0.157921924499618),
 .UNSPECIFIED.);
#810=B_SPLINE_CURVE_WITH_KNOTS('',3,(#5182,#5183,#5184,#5185,#5186),
 .UNSPECIFIED.,.F.,.F.,(4,1,4),(0.,0.099557135981646,0.195924938429079),
 .UNSPECIFIED.);
#811=B_SPLINE_CURVE_WITH_KNOTS('',3,(#5188,#5189,#5190,#5191,#5192),
 .UNSPECIFIED.,.F.,.F.,(4,1,4),(0.,0.106045146298106,0.235513847276828),
 .UNSPECIFIED.);
#812=B_SPLINE_CURVE_WITH_KNOTS('',3,(#5194,#5195,#5196,#5197,#5198),
 .UNSPECIFIED.,.F.,.F.,(4,1,4),(0.,0.0525753002588564,0.094289128928845),
 .UNSPECIFIED.);
#813=B_SPLINE_CURVE_WITH_KNOTS('',3,(#5200,#5201,#5202,#5203,#5204),
 .UNSPECIFIED.,.F.,.F.,(4,1,4),(0.,0.0822737243709121,0.172834206988019),
 .UNSPECIFIED.);
#814=B_SPLINE_CURVE_WITH_KNOTS('',3,(#5212,#5213,#5214,#5215,#5216),
 .UNSPECIFIED.,.F.,.F.,(4,1,4),(0.,0.0954456711125163,0.167688509506647),
 .UNSPECIFIED.);
#815=B_SPLINE_CURVE_WITH_KNOTS('',3,(#5218,#5219,#5220,#5221,#5222),
 .UNSPECIFIED.,.F.,.F.,(4,1,4),(0.,0.0539582160136267,0.0950725621069313),
 .UNSPECIFIED.);
#816=B_SPLINE_CURVE_WITH_KNOTS('',3,(#5224,#5225,#5226,#5227,#5228),
 .UNSPECIFIED.,.F.,.F.,(4,1,4),(0.,0.0340316789726588,0.0661999159559976),
 .UNSPECIFIED.);
#817=B_SPLINE_CURVE_WITH_KNOTS('',3,(#5230,#5231,#5232,#5233,#5234),
 .UNSPECIFIED.,.F.,.F.,(4,1,4),(0.,0.0298879455396952,0.0739014252552773),
 .UNSPECIFIED.);
#818=B_SPLINE_CURVE_WITH_KNOTS('',3,(#5729,#5730,#5731,#5732),
 .UNSPECIFIED.,.F.,.F.,(4,4),(0.388807296152601,0.431225976016684),
 .UNSPECIFIED.);
#819=B_SPLINE_CURVE_WITH_KNOTS('',3,(#5950,#5951,#5952,#5953,#5954),
 .UNSPECIFIED.,.F.,.F.,(4,1,4),(0.,0.0747448620563917,0.17168585302434),
 .UNSPECIFIED.);
#820=B_SPLINE_CURVE_WITH_KNOTS('',3,(#5957,#5958,#5959,#5960,#5961),
 .UNSPECIFIED.,.F.,.F.,(4,1,4),(0.,0.0747448620563917,0.17168585302434),
 .UNSPECIFIED.);
#821=B_SPLINE_CURVE_WITH_KNOTS('',3,(#5973,#5974,#5975,#5976,#5977),
 .UNSPECIFIED.,.F.,.F.,(4,1,4),(0.,0.0659015097700894,0.130687478224339),
 .UNSPECIFIED.);
#822=B_SPLINE_CURVE_WITH_KNOTS('',3,(#5980,#5981,#5982,#5983,#5984),
 .UNSPECIFIED.,.F.,.F.,(4,1,4),(0.,0.0659015097700894,0.130687478224339),
 .UNSPECIFIED.);
#823=B_SPLINE_CURVE_WITH_KNOTS('',3,(#5996,#5997,#5998,#5999,#6000),
 .UNSPECIFIED.,.F.,.F.,(4,1,4),(0.,0.0474572670043267,0.0945696901830669),
 .UNSPECIFIED.);
#824=B_SPLINE_CURVE_WITH_KNOTS('',3,(#6003,#6004,#6005,#6006,#6007),
 .UNSPECIFIED.,.F.,.F.,(4,1,4),(0.,0.0474572670043267,0.0945696901830669),
 .UNSPECIFIED.);
#825=B_SPLINE_CURVE_WITH_KNOTS('',3,(#6019,#6020,#6021,#6022,#6023),
 .UNSPECIFIED.,.F.,.F.,(4,1,4),(0.,0.0512006888126898,0.0995986845613792),
 .UNSPECIFIED.);
#826=B_SPLINE_CURVE_WITH_KNOTS('',3,(#6026,#6027,#6028,#6029,#6030),
 .UNSPECIFIED.,.F.,.F.,(4,1,4),(0.,0.0512006888126898,0.0995986845613792),
 .UNSPECIFIED.);
#827=B_SPLINE_CURVE_WITH_KNOTS('',3,(#6042,#6043,#6044,#6045,#6046),
 .UNSPECIFIED.,.F.,.F.,(4,1,4),(0.,0.0809681641723061,0.143618693652103),
 .UNSPECIFIED.);
#828=B_SPLINE_CURVE_WITH_KNOTS('',3,(#6049,#6050,#6051,#6052,#6053),
 .UNSPECIFIED.,.F.,.F.,(4,1,4),(0.,0.0809681641723061,0.143618693652103),
 .UNSPECIFIED.);
#829=B_SPLINE_CURVE_WITH_KNOTS('',3,(#6085,#6086,#6087,#6088,#6089),
 .UNSPECIFIED.,.F.,.F.,(4,1,4),(0.,0.0298879455396952,0.0739014252552773),
 .UNSPECIFIED.);
#830=B_SPLINE_CURVE_WITH_KNOTS('',3,(#6102,#6103,#6104,#6105,#6106),
 .UNSPECIFIED.,.F.,.F.,(4,1,4),(0.,0.0340316789726588,0.0661999159559976),
 .UNSPECIFIED.);
#831=B_SPLINE_CURVE_WITH_KNOTS('',3,(#6119,#6120,#6121,#6122,#6123),
 .UNSPECIFIED.,.F.,.F.,(4,1,4),(0.,0.0539582160136267,0.0950725621069313),
 .UNSPECIFIED.);
#832=B_SPLINE_CURVE_WITH_KNOTS('',3,(#6136,#6137,#6138,#6139,#6140),
 .UNSPECIFIED.,.F.,.F.,(4,1,4),(0.,0.0954456711125163,0.167688509506647),
 .UNSPECIFIED.);
#833=B_SPLINE_CURVE_WITH_KNOTS('',3,(#6165,#6166,#6167,#6168,#6169),
 .UNSPECIFIED.,.F.,.F.,(4,1,4),(0.,0.0822737243709121,0.172834206988019),
 .UNSPECIFIED.);
#834=B_SPLINE_CURVE_WITH_KNOTS('',3,(#6182,#6183,#6184,#6185,#6186),
 .UNSPECIFIED.,.F.,.F.,(4,1,4),(0.,0.0525753002588564,0.094289128928845),
 .UNSPECIFIED.);
#835=B_SPLINE_CURVE_WITH_KNOTS('',3,(#6199,#6200,#6201,#6202,#6203),
 .UNSPECIFIED.,.F.,.F.,(4,1,4),(0.,0.106045146298106,0.235513847276828),
 .UNSPECIFIED.);
#836=B_SPLINE_CURVE_WITH_KNOTS('',3,(#6216,#6217,#6218,#6219,#6220),
 .UNSPECIFIED.,.F.,.F.,(4,1,4),(0.,0.099557135981646,0.195924938429079),
 .UNSPECIFIED.);
#837=B_SPLINE_CURVE_WITH_KNOTS('',3,(#6233,#6234,#6235,#6236,#6237),
 .UNSPECIFIED.,.F.,.F.,(4,1,4),(0.,0.078283278141732,0.157921924499618),
 .UNSPECIFIED.);
#838=B_SPLINE_CURVE_WITH_KNOTS('',3,(#6250,#6251,#6252,#6253,#6254),
 .UNSPECIFIED.,.F.,.F.,(4,1,4),(0.,0.0728374714624123,0.148428646041535),
 .UNSPECIFIED.);
#839=B_SPLINE_CURVE_WITH_KNOTS('',3,(#6267,#6268,#6269,#6270,#6271),
 .UNSPECIFIED.,.F.,.F.,(4,1,4),(0.,0.117859847973083,0.205819671962698),
 .UNSPECIFIED.);
#840=LINE('',#5099,#1232);
#841=LINE('',#5101,#1233);
#842=LINE('',#5110,#1234);
#843=LINE('',#5113,#1235);
#844=LINE('',#5116,#1236);
#845=LINE('',#5119,#1237);
#846=LINE('',#5123,#1238);
#847=LINE('',#5125,#1239);
#848=LINE('',#5127,#1240);
#849=LINE('',#5128,#1241);
#850=LINE('',#5130,#1242);
#851=LINE('',#5134,#1243);
#852=LINE('',#5138,#1244);
#853=LINE('',#5141,#1245);
#854=LINE('',#5144,#1246);
#855=LINE('',#5148,#1247);
#856=LINE('',#5152,#1248);
#857=LINE('',#5156,#1249);
#858=LINE('',#5158,#1250);
#859=LINE('',#5160,#1251);
#860=LINE('',#5162,#1252);
#861=LINE('',#5206,#1253);
#862=LINE('',#5208,#1254);
#863=LINE('',#5210,#1255);
#864=LINE('',#5235,#1256);
#865=LINE('',#5238,#1257);
#866=LINE('',#5240,#1258);
#867=LINE('',#5242,#1259);
#868=LINE('',#5244,#1260);
#869=LINE('',#5246,#1261);
#870=LINE('',#5247,#1262);
#871=LINE('',#5250,#1263);
#872=LINE('',#5252,#1264);
#873=LINE('',#5254,#1265);
#874=LINE('',#5256,#1266);
#875=LINE('',#5258,#1267);
#876=LINE('',#5260,#1268);
#877=LINE('',#5262,#1269);
#878=LINE('',#5264,#1270);
#879=LINE('',#5266,#1271);
#880=LINE('',#5268,#1272);
#881=LINE('',#5270,#1273);
#882=LINE('',#5271,#1274);
#883=LINE('',#5274,#1275);
#884=LINE('',#5276,#1276);
#885=LINE('',#5278,#1277);
#886=LINE('',#5279,#1278);
#887=LINE('',#5283,#1279);
#888=LINE('',#5285,#1280);
#889=LINE('',#5287,#1281);
#890=LINE('',#5288,#1282);
#891=LINE('',#5291,#1283);
#892=LINE('',#5293,#1284);
#893=LINE('',#5295,#1285);
#894=LINE('',#5297,#1286);
#895=LINE('',#5299,#1287);
#896=LINE('',#5300,#1288);
#897=LINE('',#5326,#1289);
#898=LINE('',#5328,#1290);
#899=LINE('',#5332,#1291);
#900=LINE('',#5333,#1292);
#901=LINE('',#5337,#1293);
#902=LINE('',#5338,#1294);
#903=LINE('',#5339,#1295);
#904=LINE('',#5343,#1296);
#905=LINE('',#5346,#1297);
#906=LINE('',#5347,#1298);
#907=LINE('',#5351,#1299);
#908=LINE('',#5354,#1300);
#909=LINE('',#5355,#1301);
#910=LINE('',#5362,#1302);
#911=LINE('',#5369,#1303);
#912=LINE('',#5376,#1304);
#913=LINE('',#5383,#1305);
#914=LINE('',#5390,#1306);
#915=LINE('',#5397,#1307);
#916=LINE('',#5404,#1308);
#917=LINE('',#5411,#1309);
#918=LINE('',#5418,#1310);
#919=LINE('',#5425,#1311);
#920=LINE('',#5433,#1312);
#921=LINE('',#5437,#1313);
#922=LINE('',#5441,#1314);
#923=LINE('',#5444,#1315);
#924=LINE('',#5447,#1316);
#925=LINE('',#5449,#1317);
#926=LINE('',#5450,#1318);
#927=LINE('',#5455,#1319);
#928=LINE('',#5459,#1320);
#929=LINE('',#5463,#1321);
#930=LINE('',#5467,#1322);
#931=LINE('',#5469,#1323);
#932=LINE('',#5470,#1324);
#933=LINE('',#5476,#1325);
#934=LINE('',#5478,#1326);
#935=LINE('',#5479,#1327);
#936=LINE('',#5482,#1328);
#937=LINE('',#5483,#1329);
#938=LINE('',#5485,#1330);
#939=LINE('',#5487,#1331);
#940=LINE('',#5489,#1332);
#941=LINE('',#5490,#1333);
#942=LINE('',#5493,#1334);
#943=LINE('',#5495,#1335);
#944=LINE('',#5497,#1336);
#945=LINE('',#5499,#1337);
#946=LINE('',#5501,#1338);
#947=LINE('',#5503,#1339);
#948=LINE('',#5504,#1340);
#949=LINE('',#5507,#1341);
#950=LINE('',#5508,#1342);
#951=LINE('',#5511,#1343);
#952=LINE('',#5513,#1344);
#953=LINE('',#5515,#1345);
#954=LINE('',#5517,#1346);
#955=LINE('',#5519,#1347);
#956=LINE('',#5520,#1348);
#957=LINE('',#5523,#1349);
#958=LINE('',#5525,#1350);
#959=LINE('',#5527,#1351);
#960=LINE('',#5529,#1352);
#961=LINE('',#5531,#1353);
#962=LINE('',#5532,#1354);
#963=LINE('',#5535,#1355);
#964=LINE('',#5537,#1356);
#965=LINE('',#5539,#1357);
#966=LINE('',#5541,#1358);
#967=LINE('',#5543,#1359);
#968=LINE('',#5544,#1360);
#969=LINE('',#5546,#1361);
#970=LINE('',#5548,#1362);
#971=LINE('',#5551,#1363);
#972=LINE('',#5554,#1364);
#973=LINE('',#5556,#1365);
#974=LINE('',#5558,#1366);
#975=LINE('',#5560,#1367);
#976=LINE('',#5562,#1368);
#977=LINE('',#5563,#1369);
#978=LINE('',#5566,#1370);
#979=LINE('',#5568,#1371);
#980=LINE('',#5570,#1372);
#981=LINE('',#5572,#1373);
#982=LINE('',#5574,#1374);
#983=LINE('',#5575,#1375);
#984=LINE('',#5578,#1376);
#985=LINE('',#5580,#1377);
#986=LINE('',#5581,#1378);
#987=LINE('',#5584,#1379);
#988=LINE('',#5585,#1380);
#989=LINE('',#5588,#1381);
#990=LINE('',#5589,#1382);
#991=LINE('',#5592,#1383);
#992=LINE('',#5594,#1384);
#993=LINE('',#5595,#1385);
#994=LINE('',#5598,#1386);
#995=LINE('',#5599,#1387);
#996=LINE('',#5602,#1388);
#997=LINE('',#5603,#1389);
#998=LINE('',#5606,#1390);
#999=LINE('',#5608,#1391);
#1000=LINE('',#5609,#1392);
#1001=LINE('',#5612,#1393);
#1002=LINE('',#5613,#1394);
#1003=LINE('',#5616,#1395);
#1004=LINE('',#5617,#1396);
#1005=LINE('',#5620,#1397);
#1006=LINE('',#5622,#1398);
#1007=LINE('',#5623,#1399);
#1008=LINE('',#5626,#1400);
#1009=LINE('',#5627,#1401);
#1010=LINE('',#5630,#1402);
#1011=LINE('',#5631,#1403);
#1012=LINE('',#5634,#1404);
#1013=LINE('',#5636,#1405);
#1014=LINE('',#5637,#1406);
#1015=LINE('',#5642,#1407);
#1016=LINE('',#5644,#1408);
#1017=LINE('',#5645,#1409);
#1018=LINE('',#5650,#1410);
#1019=LINE('',#5652,#1411);
#1020=LINE('',#5653,#1412);
#1021=LINE('',#5658,#1413);
#1022=LINE('',#5660,#1414);
#1023=LINE('',#5661,#1415);
#1024=LINE('',#5666,#1416);
#1025=LINE('',#5669,#1417);
#1026=LINE('',#5671,#1418);
#1027=LINE('',#5676,#1419);
#1028=LINE('',#5681,#1420);
#1029=LINE('',#5682,#1421);
#1030=LINE('',#5683,#1422);
#1031=LINE('',#5687,#1423);
#1032=LINE('',#5688,#1424);
#1033=LINE('',#5689,#1425);
#1034=LINE('',#5693,#1426);
#1035=LINE('',#5694,#1427);
#1036=LINE('',#5695,#1428);
#1037=LINE('',#5697,#1429);
#1038=LINE('',#5698,#1430);
#1039=LINE('',#5701,#1431);
#1040=LINE('',#5702,#1432);
#1041=LINE('',#5707,#1433);
#1042=LINE('',#5708,#1434);
#1043=LINE('',#5711,#1435);
#1044=LINE('',#5712,#1436);
#1045=LINE('',#5717,#1437);
#1046=LINE('',#5721,#1438);
#1047=LINE('',#5724,#1439);
#1048=LINE('',#5726,#1440);
#1049=LINE('',#5733,#1441);
#1050=LINE('',#5736,#1442);
#1051=LINE('',#5737,#1443);
#1052=LINE('',#5740,#1444);
#1053=LINE('',#5745,#1445);
#1054=LINE('',#5748,#1446);
#1055=LINE('',#5749,#1447);
#1056=LINE('',#5752,#1448);
#1057=LINE('',#5753,#1449);
#1058=LINE('',#5757,#1450);
#1059=LINE('',#5758,#1451);
#1060=LINE('',#5759,#1452);
#1061=LINE('',#5762,#1453);
#1062=LINE('',#5763,#1454);
#1063=LINE('',#5766,#1455);
#1064=LINE('',#5767,#1456);
#1065=LINE('',#5769,#1457);
#1066=LINE('',#5773,#1458);
#1067=LINE('',#5775,#1459);
#1068=LINE('',#5777,#1460);
#1069=LINE('',#5778,#1461);
#1070=LINE('',#5781,#1462);
#1071=LINE('',#5783,#1463);
#1072=LINE('',#5784,#1464);
#1073=LINE('',#5787,#1465);
#1074=LINE('',#5789,#1466);
#1075=LINE('',#5790,#1467);
#1076=LINE('',#5792,#1468);
#1077=LINE('',#5793,#1469);
#1078=LINE('',#5797,#1470);
#1079=LINE('',#5799,#1471);
#1080=LINE('',#5801,#1472);
#1081=LINE('',#5802,#1473);
#1082=LINE('',#5805,#1474);
#1083=LINE('',#5807,#1475);
#1084=LINE('',#5808,#1476);
#1085=LINE('',#5811,#1477);
#1086=LINE('',#5813,#1478);
#1087=LINE('',#5814,#1479);
#1088=LINE('',#5816,#1480);
#1089=LINE('',#5817,#1481);
#1090=LINE('',#5821,#1482);
#1091=LINE('',#5823,#1483);
#1092=LINE('',#5825,#1484);
#1093=LINE('',#5826,#1485);
#1094=LINE('',#5829,#1486);
#1095=LINE('',#5831,#1487);
#1096=LINE('',#5832,#1488);
#1097=LINE('',#5835,#1489);
#1098=LINE('',#5837,#1490);
#1099=LINE('',#5838,#1491);
#1100=LINE('',#5840,#1492);
#1101=LINE('',#5841,#1493);
#1102=LINE('',#5843,#1494);
#1103=LINE('',#5847,#1495);
#1104=LINE('',#5848,#1496);
#1105=LINE('',#5849,#1497);
#1106=LINE('',#5853,#1498);
#1107=LINE('',#5857,#1499);
#1108=LINE('',#5861,#1500);
#1109=LINE('',#5865,#1501);
#1110=LINE('',#5868,#1502);
#1111=LINE('',#5872,#1503);
#1112=LINE('',#5875,#1504);
#1113=LINE('',#5884,#1505);
#1114=LINE('',#5886,#1506);
#1115=LINE('',#5896,#1507);
#1116=LINE('',#5898,#1508);
#1117=LINE('',#5901,#1509);
#1118=LINE('',#5903,#1510);
#1119=LINE('',#5907,#1511);
#1120=LINE('',#5911,#1512);
#1121=LINE('',#5914,#1513);
#1122=LINE('',#5918,#1514);
#1123=LINE('',#5922,#1515);
#1124=LINE('',#5926,#1516);
#1125=LINE('',#5929,#1517);
#1126=LINE('',#5933,#1518);
#1127=LINE('',#5935,#1519);
#1128=LINE('',#5937,#1520);
#1129=LINE('',#5938,#1521);
#1130=LINE('',#5956,#1522);
#1131=LINE('',#5979,#1523);
#1132=LINE('',#6002,#1524);
#1133=LINE('',#6025,#1525);
#1134=LINE('',#6048,#1526);
#1135=LINE('',#6056,#1527);
#1136=LINE('',#6058,#1528);
#1137=LINE('',#6059,#1529);
#1138=LINE('',#6061,#1530);
#1139=LINE('',#6062,#1531);
#1140=LINE('',#6065,#1532);
#1141=LINE('',#6067,#1533);
#1142=LINE('',#6068,#1534);
#1143=LINE('',#6071,#1535);
#1144=LINE('',#6072,#1536);
#1145=LINE('',#6084,#1537);
#1146=LINE('',#6101,#1538);
#1147=LINE('',#6118,#1539);
#1148=LINE('',#6135,#1540);
#1149=LINE('',#6143,#1541);
#1150=LINE('',#6144,#1542);
#1151=LINE('',#6147,#1543);
#1152=LINE('',#6148,#1544);
#1153=LINE('',#6151,#1545);
#1154=LINE('',#6152,#1546);
#1155=LINE('',#6164,#1547);
#1156=LINE('',#6181,#1548);
#1157=LINE('',#6198,#1549);
#1158=LINE('',#6215,#1550);
#1159=LINE('',#6232,#1551);
#1160=LINE('',#6249,#1552);
#1161=LINE('',#6266,#1553);
#1162=LINE('',#6274,#1554);
#1163=LINE('',#6275,#1555);
#1164=LINE('',#6278,#1556);
#1165=LINE('',#6279,#1557);
#1166=LINE('',#6281,#1558);
#1167=LINE('',#6285,#1559);
#1168=LINE('',#6287,#1560);
#1169=LINE('',#6288,#1561);
#1170=LINE('',#6291,#1562);
#1171=LINE('',#6292,#1563);
#1172=LINE('',#6295,#1564);
#1173=LINE('',#6296,#1565);
#1174=LINE('',#6299,#1566);
#1175=LINE('',#6300,#1567);
#1176=LINE('',#6303,#1568);
#1177=LINE('',#6304,#1569);
#1178=LINE('',#6306,#1570);
#1179=LINE('',#6310,#1571);
#1180=LINE('',#6312,#1572);
#1181=LINE('',#6313,#1573);
#1182=LINE('',#6316,#1574);
#1183=LINE('',#6317,#1575);
#1184=LINE('',#6320,#1576);
#1185=LINE('',#6321,#1577);
#1186=LINE('',#6324,#1578);
#1187=LINE('',#6325,#1579);
#1188=LINE('',#6328,#1580);
#1189=LINE('',#6329,#1581);
#1190=LINE('',#6332,#1582);
#1191=LINE('',#6333,#1583);
#1192=LINE('',#6336,#1584);
#1193=LINE('',#6337,#1585);
#1194=LINE('',#6340,#1586);
#1195=LINE('',#6341,#1587);
#1196=LINE('',#6344,#1588);
#1197=LINE('',#6345,#1589);
#1198=LINE('',#6348,#1590);
#1199=LINE('',#6349,#1591);
#1200=LINE('',#6352,#1592);
#1201=LINE('',#6353,#1593);
#1202=LINE('',#6355,#1594);
#1203=LINE('',#6360,#1595);
#1204=LINE('',#6361,#1596);
#1205=LINE('',#6371,#1597);
#1206=LINE('',#6378,#1598);
#1207=LINE('',#6380,#1599);
#1208=LINE('',#6384,#1600);
#1209=LINE('',#6385,#1601);
#1210=LINE('',#6388,#1602);
#1211=LINE('',#6393,#1603);
#1212=LINE('',#6394,#1604);
#1213=LINE('',#6395,#1605);
#1214=LINE('',#6399,#1606);
#1215=LINE('',#6403,#1607);
#1216=LINE('',#6407,#1608);
#1217=LINE('',#6411,#1609);
#1218=LINE('',#6414,#1610);
#1219=LINE('',#6415,#1611);
#1220=LINE('',#6419,#1612);
#1221=LINE('',#6423,#1613);
#1222=LINE('',#6426,#1614);
#1223=LINE('',#6429,#1615);
#1224=LINE('',#6431,#1616);
#1225=LINE('',#6433,#1617);
#1226=LINE('',#6435,#1618);
#1227=LINE('',#6436,#1619);
#1228=LINE('',#6438,#1620);
#1229=LINE('',#6439,#1621);
#1230=LINE('',#6442,#1622);
#1231=LINE('',#6444,#1623);
#1232=VECTOR('',#4124,10.);
#1233=VECTOR('',#4125,10.);
#1234=VECTOR('',#4128,10.);
#1235=VECTOR('',#4131,10.);
#1236=VECTOR('',#4134,10.);
#1237=VECTOR('',#4137,10.);
#1238=VECTOR('',#4140,10.);
#1239=VECTOR('',#4141,10.);
#1240=VECTOR('',#4142,10.);
#1241=VECTOR('',#4143,10.);
#1242=VECTOR('',#4144,10.);
#1243=VECTOR('',#4147,10.);
#1244=VECTOR('',#4150,10.);
#1245=VECTOR('',#4153,10.);
#1246=VECTOR('',#4154,10.);
#1247=VECTOR('',#4157,10.);
#1248=VECTOR('',#4160,10.);
#1249=VECTOR('',#4163,10.);
#1250=VECTOR('',#4164,10.);
#1251=VECTOR('',#4165,10.);
#1252=VECTOR('',#4166,10.);
#1253=VECTOR('',#4167,10.);
#1254=VECTOR('',#4168,10.);
#1255=VECTOR('',#4169,10.);
#1256=VECTOR('',#4170,10.);
#1257=VECTOR('',#4171,10.);
#1258=VECTOR('',#4172,10.);
#1259=VECTOR('',#4173,10.);
#1260=VECTOR('',#4174,10.);
#1261=VECTOR('',#4175,10.);
#1262=VECTOR('',#4176,10.);
#1263=VECTOR('',#4177,10.);
#1264=VECTOR('',#4178,10.);
#1265=VECTOR('',#4179,10.);
#1266=VECTOR('',#4180,10.);
#1267=VECTOR('',#4181,10.);
#1268=VECTOR('',#4182,10.);
#1269=VECTOR('',#4183,10.);
#1270=VECTOR('',#4184,10.);
#1271=VECTOR('',#4185,10.);
#1272=VECTOR('',#4186,10.);
#1273=VECTOR('',#4187,10.);
#1274=VECTOR('',#4188,10.);
#1275=VECTOR('',#4189,10.);
#1276=VECTOR('',#4190,10.);
#1277=VECTOR('',#4191,10.);
#1278=VECTOR('',#4192,10.);
#1279=VECTOR('',#4195,10.);
#1280=VECTOR('',#4196,10.);
#1281=VECTOR('',#4197,10.);
#1282=VECTOR('',#4198,10.);
#1283=VECTOR('',#4199,10.);
#1284=VECTOR('',#4200,10.);
#1285=VECTOR('',#4201,10.);
#1286=VECTOR('',#4202,10.);
#1287=VECTOR('',#4203,10.);
#1288=VECTOR('',#4204,10.);
#1289=VECTOR('',#4231,10.);
#1290=VECTOR('',#4232,10.);
#1291=VECTOR('',#4235,10.);
#1292=VECTOR('',#4236,10.);
#1293=VECTOR('',#4239,10.);
#1294=VECTOR('',#4240,10.);
#1295=VECTOR('',#4241,10.);
#1296=VECTOR('',#4246,10.);
#1297=VECTOR('',#4249,10.);
#1298=VECTOR('',#4250,10.);
#1299=VECTOR('',#4255,10.);
#1300=VECTOR('',#4258,10.);
#1301=VECTOR('',#4259,10.);
#1302=VECTOR('',#4268,1.5);
#1303=VECTOR('',#4277,1.5);
#1304=VECTOR('',#4286,1.5);
#1305=VECTOR('',#4295,1.5);
#1306=VECTOR('',#4304,1.5);
#1307=VECTOR('',#4313,1.5);
#1308=VECTOR('',#4322,1.5);
#1309=VECTOR('',#4331,1.5);
#1310=VECTOR('',#4340,1.5);
#1311=VECTOR('',#4349,1.5);
#1312=VECTOR('',#4358,10.);
#1313=VECTOR('',#4361,10.);
#1314=VECTOR('',#4364,10.);
#1315=VECTOR('',#4367,10.);
#1316=VECTOR('',#4370,10.);
#1317=VECTOR('',#4371,10.);
#1318=VECTOR('',#4372,10.);
#1319=VECTOR('',#4377,10.);
#1320=VECTOR('',#4380,10.);
#1321=VECTOR('',#4383,10.);
#1322=VECTOR('',#4388,10.);
#1323=VECTOR('',#4389,10.);
#1324=VECTOR('',#4390,10.);
#1325=VECTOR('',#4397,10.);
#1326=VECTOR('',#4400,10.);
#1327=VECTOR('',#4401,10.);
#1328=VECTOR('',#4404,10.);
#1329=VECTOR('',#4405,10.);
#1330=VECTOR('',#4406,10.);
#1331=VECTOR('',#4407,10.);
#1332=VECTOR('',#4408,10.);
#1333=VECTOR('',#4409,10.);
#1334=VECTOR('',#4412,10.);
#1335=VECTOR('',#4413,10.);
#1336=VECTOR('',#4414,10.);
#1337=VECTOR('',#4415,10.);
#1338=VECTOR('',#4416,10.);
#1339=VECTOR('',#4417,10.);
#1340=VECTOR('',#4418,10.);
#1341=VECTOR('',#4421,10.);
#1342=VECTOR('',#4422,10.);
#1343=VECTOR('',#4423,10.);
#1344=VECTOR('',#4424,10.);
#1345=VECTOR('',#4425,10.);
#1346=VECTOR('',#4426,10.);
#1347=VECTOR('',#4427,10.);
#1348=VECTOR('',#4428,10.);
#1349=VECTOR('',#4429,10.);
#1350=VECTOR('',#4430,10.);
#1351=VECTOR('',#4431,10.);
#1352=VECTOR('',#4432,10.);
#1353=VECTOR('',#4433,10.);
#1354=VECTOR('',#4434,10.);
#1355=VECTOR('',#4437,10.);
#1356=VECTOR('',#4438,10.);
#1357=VECTOR('',#4439,10.);
#1358=VECTOR('',#4440,10.);
#1359=VECTOR('',#4441,10.);
#1360=VECTOR('',#4442,10.);
#1361=VECTOR('',#4445,10.);
#1362=VECTOR('',#4446,10.);
#1363=VECTOR('',#4449,10.);
#1364=VECTOR('',#4450,10.);
#1365=VECTOR('',#4451,10.);
#1366=VECTOR('',#4452,10.);
#1367=VECTOR('',#4453,10.);
#1368=VECTOR('',#4454,10.);
#1369=VECTOR('',#4455,10.);
#1370=VECTOR('',#4456,10.);
#1371=VECTOR('',#4457,10.);
#1372=VECTOR('',#4458,10.);
#1373=VECTOR('',#4459,10.);
#1374=VECTOR('',#4460,10.);
#1375=VECTOR('',#4461,10.);
#1376=VECTOR('',#4464,10.);
#1377=VECTOR('',#4465,10.);
#1378=VECTOR('',#4466,10.);
#1379=VECTOR('',#4469,10.);
#1380=VECTOR('',#4470,10.);
#1381=VECTOR('',#4473,10.);
#1382=VECTOR('',#4474,10.);
#1383=VECTOR('',#4477,10.);
#1384=VECTOR('',#4478,10.);
#1385=VECTOR('',#4479,10.);
#1386=VECTOR('',#4482,10.);
#1387=VECTOR('',#4483,10.);
#1388=VECTOR('',#4486,10.);
#1389=VECTOR('',#4487,10.);
#1390=VECTOR('',#4490,10.);
#1391=VECTOR('',#4491,10.);
#1392=VECTOR('',#4492,10.);
#1393=VECTOR('',#4495,10.);
#1394=VECTOR('',#4496,10.);
#1395=VECTOR('',#4499,10.);
#1396=VECTOR('',#4500,10.);
#1397=VECTOR('',#4503,10.);
#1398=VECTOR('',#4504,10.);
#1399=VECTOR('',#4505,10.);
#1400=VECTOR('',#4508,10.);
#1401=VECTOR('',#4509,10.);
#1402=VECTOR('',#4512,10.);
#1403=VECTOR('',#4513,10.);
#1404=VECTOR('',#4516,10.);
#1405=VECTOR('',#4517,10.);
#1406=VECTOR('',#4518,10.);
#1407=VECTOR('',#4523,10.);
#1408=VECTOR('',#4524,10.);
#1409=VECTOR('',#4525,10.);
#1410=VECTOR('',#4530,10.);
#1411=VECTOR('',#4531,10.);
#1412=VECTOR('',#4532,10.);
#1413=VECTOR('',#4537,10.);
#1414=VECTOR('',#4538,10.);
#1415=VECTOR('',#4539,10.);
#1416=VECTOR('',#4544,10.);
#1417=VECTOR('',#4547,10.);
#1418=VECTOR('',#4550,10.);
#1419=VECTOR('',#4555,10.);
#1420=VECTOR('',#4560,10.);
#1421=VECTOR('',#4561,10.);
#1422=VECTOR('',#4562,10.);
#1423=VECTOR('',#4565,10.);
#1424=VECTOR('',#4566,10.);
#1425=VECTOR('',#4567,10.);
#1426=VECTOR('',#4570,10.);
#1427=VECTOR('',#4571,10.);
#1428=VECTOR('',#4572,10.);
#1429=VECTOR('',#4575,10.);
#1430=VECTOR('',#4576,10.);
#1431=VECTOR('',#4581,10.);
#1432=VECTOR('',#4582,10.);
#1433=VECTOR('',#4591,10.);
#1434=VECTOR('',#4592,10.);
#1435=VECTOR('',#4597,10.);
#1436=VECTOR('',#4598,10.);
#1437=VECTOR('',#4607,10.);
#1438=VECTOR('',#4612,10.);
#1439=VECTOR('',#4615,10.);
#1440=VECTOR('',#4618,10.);
#1441=VECTOR('',#4621,10.);
#1442=VECTOR('',#4624,10.);
#1443=VECTOR('',#4625,10.);
#1444=VECTOR('',#4628,10.);
#1445=VECTOR('',#4635,10.);
#1446=VECTOR('',#4638,10.);
#1447=VECTOR('',#4639,10.);
#1448=VECTOR('',#4642,10.);
#1449=VECTOR('',#4643,10.);
#1450=VECTOR('',#4646,10.);
#1451=VECTOR('',#4647,10.);
#1452=VECTOR('',#4648,10.);
#1453=VECTOR('',#4651,10.);
#1454=VECTOR('',#4652,10.);
#1455=VECTOR('',#4655,10.);
#1456=VECTOR('',#4656,10.);
#1457=VECTOR('',#4659,10.);
#1458=VECTOR('',#4662,10.);
#1459=VECTOR('',#4663,10.);
#1460=VECTOR('',#4664,10.);
#1461=VECTOR('',#4665,10.);
#1462=VECTOR('',#4668,10.);
#1463=VECTOR('',#4669,10.);
#1464=VECTOR('',#4670,10.);
#1465=VECTOR('',#4673,10.);
#1466=VECTOR('',#4674,10.);
#1467=VECTOR('',#4675,10.);
#1468=VECTOR('',#4678,10.);
#1469=VECTOR('',#4679,10.);
#1470=VECTOR('',#4682,10.);
#1471=VECTOR('',#4683,10.);
#1472=VECTOR('',#4684,10.);
#1473=VECTOR('',#4685,10.);
#1474=VECTOR('',#4688,10.);
#1475=VECTOR('',#4689,10.);
#1476=VECTOR('',#4690,10.);
#1477=VECTOR('',#4693,10.);
#1478=VECTOR('',#4694,10.);
#1479=VECTOR('',#4695,10.);
#1480=VECTOR('',#4698,10.);
#1481=VECTOR('',#4699,10.);
#1482=VECTOR('',#4702,10.);
#1483=VECTOR('',#4703,10.);
#1484=VECTOR('',#4704,10.);
#1485=VECTOR('',#4705,10.);
#1486=VECTOR('',#4708,10.);
#1487=VECTOR('',#4709,10.);
#1488=VECTOR('',#4710,10.);
#1489=VECTOR('',#4713,10.);
#1490=VECTOR('',#4714,10.);
#1491=VECTOR('',#4715,10.);
#1492=VECTOR('',#4718,10.);
#1493=VECTOR('',#4719,10.);
#1494=VECTOR('',#4722,10.);
#1495=VECTOR('',#4725,10.);
#1496=VECTOR('',#4726,10.);
#1497=VECTOR('',#4727,10.);
#1498=VECTOR('',#4732,2.);
#1499=VECTOR('',#4737,2.);
#1500=VECTOR('',#4742,2.);
#1501=VECTOR('',#4747,1.99999999999999);
#1502=VECTOR('',#4750,10.);
#1503=VECTOR('',#4753,10.);
#1504=VECTOR('',#4758,10.);
#1505=VECTOR('',#4769,10.);
#1506=VECTOR('',#4770,10.);
#1507=VECTOR('',#4783,10.);
#1508=VECTOR('',#4784,10.);
#1509=VECTOR('',#4789,10.);
#1510=VECTOR('',#4792,10.);
#1511=VECTOR('',#4797,1.99999999999999);
#1512=VECTOR('',#4802,2.);
#1513=VECTOR('',#4805,1.5);
#1514=VECTOR('',#4810,1.5);
#1515=VECTOR('',#4815,1.5);
#1516=VECTOR('',#4820,1.5);
#1517=VECTOR('',#4825,10.);
#1518=VECTOR('',#4828,10.);
#1519=VECTOR('',#4829,10.);
#1520=VECTOR('',#4830,10.);
#1521=VECTOR('',#4831,10.);
#1522=VECTOR('',#4832,10.);
#1523=VECTOR('',#4833,10.);
#1524=VECTOR('',#4834,10.);
#1525=VECTOR('',#4835,10.);
#1526=VECTOR('',#4836,10.);
#1527=VECTOR('',#4839,10.);
#1528=VECTOR('',#4840,10.);
#1529=VECTOR('',#4841,10.);
#1530=VECTOR('',#4844,10.);
#1531=VECTOR('',#4845,10.);
#1532=VECTOR('',#4848,10.);
#1533=VECTOR('',#4849,10.);
#1534=VECTOR('',#4850,10.);
#1535=VECTOR('',#4853,10.);
#1536=VECTOR('',#4854,10.);
#1537=VECTOR('',#4855,10.);
#1538=VECTOR('',#4856,10.);
#1539=VECTOR('',#4857,10.);
#1540=VECTOR('',#4858,10.);
#1541=VECTOR('',#4861,10.);
#1542=VECTOR('',#4862,10.);
#1543=VECTOR('',#4865,10.);
#1544=VECTOR('',#4866,10.);
#1545=VECTOR('',#4869,10.);
#1546=VECTOR('',#4870,10.);
#1547=VECTOR('',#4871,10.);
#1548=VECTOR('',#4872,10.);
#1549=VECTOR('',#4873,10.);
#1550=VECTOR('',#4874,10.);
#1551=VECTOR('',#4875,10.);
#1552=VECTOR('',#4876,10.);
#1553=VECTOR('',#4877,10.);
#1554=VECTOR('',#4880,10.);
#1555=VECTOR('',#4881,10.);
#1556=VECTOR('',#4884,10.);
#1557=VECTOR('',#4885,10.);
#1558=VECTOR('',#4888,10.);
#1559=VECTOR('',#4893,10.);
#1560=VECTOR('',#4894,10.);
#1561=VECTOR('',#4895,10.);
#1562=VECTOR('',#4898,10.);
#1563=VECTOR('',#4899,10.);
#1564=VECTOR('',#4902,10.);
#1565=VECTOR('',#4903,10.);
#1566=VECTOR('',#4906,10.);
#1567=VECTOR('',#4907,10.);
#1568=VECTOR('',#4910,10.);
#1569=VECTOR('',#4911,10.);
#1570=VECTOR('',#4914,10.);
#1571=VECTOR('',#4919,10.);
#1572=VECTOR('',#4920,10.);
#1573=VECTOR('',#4921,10.);
#1574=VECTOR('',#4924,10.);
#1575=VECTOR('',#4925,10.);
#1576=VECTOR('',#4928,10.);
#1577=VECTOR('',#4929,10.);
#1578=VECTOR('',#4932,10.);
#1579=VECTOR('',#4933,10.);
#1580=VECTOR('',#4936,10.);
#1581=VECTOR('',#4937,10.);
#1582=VECTOR('',#4940,10.);
#1583=VECTOR('',#4941,10.);
#1584=VECTOR('',#4944,10.);
#1585=VECTOR('',#4945,10.);
#1586=VECTOR('',#4948,10.);
#1587=VECTOR('',#4949,10.);
#1588=VECTOR('',#4952,10.);
#1589=VECTOR('',#4953,10.);
#1590=VECTOR('',#4956,10.);
#1591=VECTOR('',#4957,10.);
#1592=VECTOR('',#4960,10.);
#1593=VECTOR('',#4961,10.);
#1594=VECTOR('',#4964,10.);
#1595=VECTOR('',#4971,10.);
#1596=VECTOR('',#4972,10.);
#1597=VECTOR('',#4985,10.);
#1598=VECTOR('',#4994,10.);
#1599=VECTOR('',#4995,10.);
#1600=VECTOR('',#5000,10.);
#1601=VECTOR('',#5001,10.);
#1602=VECTOR('',#5004,10.);
#1603=VECTOR('',#5009,10.);
#1604=VECTOR('',#5010,10.);
#1605=VECTOR('',#5011,10.);
#1606=VECTOR('',#5016,2.);
#1607=VECTOR('',#5021,2.);
#1608=VECTOR('',#5026,1.99999999999999);
#1609=VECTOR('',#5031,2.);
#1610=VECTOR('',#5034,10.);
#1611=VECTOR('',#5035,10.);
#1612=VECTOR('',#5040,2.);
#1613=VECTOR('',#5045,1.99999999999999);
#1614=VECTOR('',#5048,10.);
#1615=VECTOR('',#5053,10.);
#1616=VECTOR('',#5056,10.);
#1617=VECTOR('',#5059,10.);
#1618=VECTOR('',#5062,10.);
#1619=VECTOR('',#5063,10.);
#1620=VECTOR('',#5066,10.);
#1621=VECTOR('',#5067,10.);
#1622=VECTOR('',#5072,10.);
#1623=VECTOR('',#5075,10.);
#1624=VERTEX_POINT('',#5097);
#1625=VERTEX_POINT('',#5098);
#1626=VERTEX_POINT('',#5100);
#1627=VERTEX_POINT('',#5102);
#1628=VERTEX_POINT('',#5107);
#1629=VERTEX_POINT('',#5109);
#1630=VERTEX_POINT('',#5111);
#1631=VERTEX_POINT('',#5115);
#1632=VERTEX_POINT('',#5117);
#1633=VERTEX_POINT('',#5121);
#1634=VERTEX_POINT('',#5122);
#1635=VERTEX_POINT('',#5124);
#1636=VERTEX_POINT('',#5126);
#1637=VERTEX_POINT('',#5129);
#1638=VERTEX_POINT('',#5131);
#1639=VERTEX_POINT('',#5133);
#1640=VERTEX_POINT('',#5135);
#1641=VERTEX_POINT('',#5137);
#1642=VERTEX_POINT('',#5139);
#1643=VERTEX_POINT('',#5142);
#1644=VERTEX_POINT('',#5143);
#1645=VERTEX_POINT('',#5145);
#1646=VERTEX_POINT('',#5147);
#1647=VERTEX_POINT('',#5149);
#1648=VERTEX_POINT('',#5151);
#1649=VERTEX_POINT('',#5154);
#1650=VERTEX_POINT('',#5155);
#1651=VERTEX_POINT('',#5157);
#1652=VERTEX_POINT('',#5159);
#1653=VERTEX_POINT('',#5161);
#1654=VERTEX_POINT('',#5163);
#1655=VERTEX_POINT('',#5169);
#1656=VERTEX_POINT('',#5175);
#1657=VERTEX_POINT('',#5181);
#1658=VERTEX_POINT('',#5187);
#1659=VERTEX_POINT('',#5193);
#1660=VERTEX_POINT('',#5199);
#1661=VERTEX_POINT('',#5205);
#1662=VERTEX_POINT('',#5207);
#1663=VERTEX_POINT('',#5209);
#1664=VERTEX_POINT('',#5211);
#1665=VERTEX_POINT('',#5217);
#1666=VERTEX_POINT('',#5223);
#1667=VERTEX_POINT('',#5229);
#1668=VERTEX_POINT('',#5236);
#1669=VERTEX_POINT('',#5237);
#1670=VERTEX_POINT('',#5239);
#1671=VERTEX_POINT('',#5241);
#1672=VERTEX_POINT('',#5243);
#1673=VERTEX_POINT('',#5245);
#1674=VERTEX_POINT('',#5248);
#1675=VERTEX_POINT('',#5249);
#1676=VERTEX_POINT('',#5251);
#1677=VERTEX_POINT('',#5253);
#1678=VERTEX_POINT('',#5255);
#1679=VERTEX_POINT('',#5257);
#1680=VERTEX_POINT('',#5259);
#1681=VERTEX_POINT('',#5261);
#1682=VERTEX_POINT('',#5263);
#1683=VERTEX_POINT('',#5265);
#1684=VERTEX_POINT('',#5267);
#1685=VERTEX_POINT('',#5269);
#1686=VERTEX_POINT('',#5272);
#1687=VERTEX_POINT('',#5273);
#1688=VERTEX_POINT('',#5275);
#1689=VERTEX_POINT('',#5277);
#1690=VERTEX_POINT('',#5281);
#1691=VERTEX_POINT('',#5282);
#1692=VERTEX_POINT('',#5284);
#1693=VERTEX_POINT('',#5286);
#1694=VERTEX_POINT('',#5289);
#1695=VERTEX_POINT('',#5290);
#1696=VERTEX_POINT('',#5292);
#1697=VERTEX_POINT('',#5294);
#1698=VERTEX_POINT('',#5296);
#1699=VERTEX_POINT('',#5298);
#1700=VERTEX_POINT('',#5301);
#1701=VERTEX_POINT('',#5303);
#1702=VERTEX_POINT('',#5305);
#1703=VERTEX_POINT('',#5307);
#1704=VERTEX_POINT('',#5309);
#1705=VERTEX_POINT('',#5311);
#1706=VERTEX_POINT('',#5313);
#1707=VERTEX_POINT('',#5315);
#1708=VERTEX_POINT('',#5317);
#1709=VERTEX_POINT('',#5319);
#1710=VERTEX_POINT('',#5321);
#1711=VERTEX_POINT('',#5323);
#1712=VERTEX_POINT('',#5327);
#1713=VERTEX_POINT('',#5329);
#1714=VERTEX_POINT('',#5331);
#1715=VERTEX_POINT('',#5335);
#1716=VERTEX_POINT('',#5336);
#1717=VERTEX_POINT('',#5341);
#1718=VERTEX_POINT('',#5345);
#1719=VERTEX_POINT('',#5349);
#1720=VERTEX_POINT('',#5353);
#1721=VERTEX_POINT('',#5359);
#1722=VERTEX_POINT('',#5361);
#1723=VERTEX_POINT('',#5366);
#1724=VERTEX_POINT('',#5368);
#1725=VERTEX_POINT('',#5373);
#1726=VERTEX_POINT('',#5375);
#1727=VERTEX_POINT('',#5380);
#1728=VERTEX_POINT('',#5382);
#1729=VERTEX_POINT('',#5387);
#1730=VERTEX_POINT('',#5389);
#1731=VERTEX_POINT('',#5394);
#1732=VERTEX_POINT('',#5396);
#1733=VERTEX_POINT('',#5401);
#1734=VERTEX_POINT('',#5403);
#1735=VERTEX_POINT('',#5408);
#1736=VERTEX_POINT('',#5410);
#1737=VERTEX_POINT('',#5415);
#1738=VERTEX_POINT('',#5417);
#1739=VERTEX_POINT('',#5422);
#1740=VERTEX_POINT('',#5424);
#1741=VERTEX_POINT('',#5429);
#1742=VERTEX_POINT('',#5430);
#1743=VERTEX_POINT('',#5432);
#1744=VERTEX_POINT('',#5434);
#1745=VERTEX_POINT('',#5436);
#1746=VERTEX_POINT('',#5438);
#1747=VERTEX_POINT('',#5440);
#1748=VERTEX_POINT('',#5442);
#1749=VERTEX_POINT('',#5446);
#1750=VERTEX_POINT('',#5448);
#1751=VERTEX_POINT('',#5452);
#1752=VERTEX_POINT('',#5454);
#1753=VERTEX_POINT('',#5456);
#1754=VERTEX_POINT('',#5458);
#1755=VERTEX_POINT('',#5460);
#1756=VERTEX_POINT('',#5462);
#1757=VERTEX_POINT('',#5466);
#1758=VERTEX_POINT('',#5468);
#1759=VERTEX_POINT('',#5472);
#1760=VERTEX_POINT('',#5474);
#1761=VERTEX_POINT('',#5481);
#1762=VERTEX_POINT('',#5484);
#1763=VERTEX_POINT('',#5486);
#1764=VERTEX_POINT('',#5488);
#1765=VERTEX_POINT('',#5492);
#1766=VERTEX_POINT('',#5494);
#1767=VERTEX_POINT('',#5496);
#1768=VERTEX_POINT('',#5498);
#1769=VERTEX_POINT('',#5500);
#1770=VERTEX_POINT('',#5502);
#1771=VERTEX_POINT('',#5506);
#1772=VERTEX_POINT('',#5509);
#1773=VERTEX_POINT('',#5510);
#1774=VERTEX_POINT('',#5512);
#1775=VERTEX_POINT('',#5514);
#1776=VERTEX_POINT('',#5516);
#1777=VERTEX_POINT('',#5518);
#1778=VERTEX_POINT('',#5521);
#1779=VERTEX_POINT('',#5522);
#1780=VERTEX_POINT('',#5524);
#1781=VERTEX_POINT('',#5526);
#1782=VERTEX_POINT('',#5528);
#1783=VERTEX_POINT('',#5530);
#1784=VERTEX_POINT('',#5534);
#1785=VERTEX_POINT('',#5536);
#1786=VERTEX_POINT('',#5538);
#1787=VERTEX_POINT('',#5540);
#1788=VERTEX_POINT('',#5542);
#1789=VERTEX_POINT('',#5547);
#1790=VERTEX_POINT('',#5549);
#1791=VERTEX_POINT('',#5552);
#1792=VERTEX_POINT('',#5553);
#1793=VERTEX_POINT('',#5555);
#1794=VERTEX_POINT('',#5557);
#1795=VERTEX_POINT('',#5559);
#1796=VERTEX_POINT('',#5561);
#1797=VERTEX_POINT('',#5564);
#1798=VERTEX_POINT('',#5565);
#1799=VERTEX_POINT('',#5567);
#1800=VERTEX_POINT('',#5569);
#1801=VERTEX_POINT('',#5571);
#1802=VERTEX_POINT('',#5573);
#1803=VERTEX_POINT('',#5577);
#1804=VERTEX_POINT('',#5579);
#1805=VERTEX_POINT('',#5583);
#1806=VERTEX_POINT('',#5587);
#1807=VERTEX_POINT('',#5591);
#1808=VERTEX_POINT('',#5593);
#1809=VERTEX_POINT('',#5597);
#1810=VERTEX_POINT('',#5601);
#1811=VERTEX_POINT('',#5605);
#1812=VERTEX_POINT('',#5607);
#1813=VERTEX_POINT('',#5611);
#1814=VERTEX_POINT('',#5615);
#1815=VERTEX_POINT('',#5619);
#1816=VERTEX_POINT('',#5621);
#1817=VERTEX_POINT('',#5625);
#1818=VERTEX_POINT('',#5629);
#1819=VERTEX_POINT('',#5633);
#1820=VERTEX_POINT('',#5635);
#1821=VERTEX_POINT('',#5638);
#1822=VERTEX_POINT('',#5641);
#1823=VERTEX_POINT('',#5643);
#1824=VERTEX_POINT('',#5646);
#1825=VERTEX_POINT('',#5649);
#1826=VERTEX_POINT('',#5651);
#1827=VERTEX_POINT('',#5654);
#1828=VERTEX_POINT('',#5657);
#1829=VERTEX_POINT('',#5659);
#1830=VERTEX_POINT('',#5662);
#1831=VERTEX_POINT('',#5665);
#1832=VERTEX_POINT('',#5667);
#1833=VERTEX_POINT('',#5673);
#1834=VERTEX_POINT('',#5675);
#1835=VERTEX_POINT('',#5679);
#1836=VERTEX_POINT('',#5680);
#1837=VERTEX_POINT('',#5685);
#1838=VERTEX_POINT('',#5686);
#1839=VERTEX_POINT('',#5691);
#1840=VERTEX_POINT('',#5692);
#1841=VERTEX_POINT('',#5720);
#1842=VERTEX_POINT('',#5722);
#1843=VERTEX_POINT('',#5728);
#1844=VERTEX_POINT('',#5735);
#1845=VERTEX_POINT('',#5739);
#1846=VERTEX_POINT('',#5743);
#1847=VERTEX_POINT('',#5747);
#1848=VERTEX_POINT('',#5751);
#1849=VERTEX_POINT('',#5755);
#1850=VERTEX_POINT('',#5756);
#1851=VERTEX_POINT('',#5761);
#1852=VERTEX_POINT('',#5765);
#1853=VERTEX_POINT('',#5771);
#1854=VERTEX_POINT('',#5772);
#1855=VERTEX_POINT('',#5774);
#1856=VERTEX_POINT('',#5776);
#1857=VERTEX_POINT('',#5780);
#1858=VERTEX_POINT('',#5782);
#1859=VERTEX_POINT('',#5786);
#1860=VERTEX_POINT('',#5788);
#1861=VERTEX_POINT('',#5795);
#1862=VERTEX_POINT('',#5796);
#1863=VERTEX_POINT('',#5798);
#1864=VERTEX_POINT('',#5800);
#1865=VERTEX_POINT('',#5804);
#1866=VERTEX_POINT('',#5806);
#1867=VERTEX_POINT('',#5810);
#1868=VERTEX_POINT('',#5812);
#1869=VERTEX_POINT('',#5819);
#1870=VERTEX_POINT('',#5820);
#1871=VERTEX_POINT('',#5822);
#1872=VERTEX_POINT('',#5824);
#1873=VERTEX_POINT('',#5828);
#1874=VERTEX_POINT('',#5830);
#1875=VERTEX_POINT('',#5834);
#1876=VERTEX_POINT('',#5836);
#1877=VERTEX_POINT('',#5845);
#1878=VERTEX_POINT('',#5846);
#1879=VERTEX_POINT('',#5851);
#1880=VERTEX_POINT('',#5855);
#1881=VERTEX_POINT('',#5859);
#1882=VERTEX_POINT('',#5863);
#1883=VERTEX_POINT('',#5867);
#1884=VERTEX_POINT('',#5869);
#1885=VERTEX_POINT('',#5871);
#1886=VERTEX_POINT('',#5877);
#1887=VERTEX_POINT('',#5878);
#1888=VERTEX_POINT('',#5883);
#1889=VERTEX_POINT('',#5885);
#1890=VERTEX_POINT('',#5889);
#1891=VERTEX_POINT('',#5890);
#1892=VERTEX_POINT('',#5895);
#1893=VERTEX_POINT('',#5897);
#1894=VERTEX_POINT('',#5905);
#1895=VERTEX_POINT('',#5909);
#1896=VERTEX_POINT('',#5913);
#1897=VERTEX_POINT('',#5917);
#1898=VERTEX_POINT('',#5921);
#1899=VERTEX_POINT('',#5925);
#1900=VERTEX_POINT('',#5931);
#1901=VERTEX_POINT('',#5932);
#1902=VERTEX_POINT('',#5934);
#1903=VERTEX_POINT('',#5936);
#1904=VERTEX_POINT('',#5949);
#1905=VERTEX_POINT('',#5955);
#1906=VERTEX_POINT('',#5972);
#1907=VERTEX_POINT('',#5978);
#1908=VERTEX_POINT('',#5995);
#1909=VERTEX_POINT('',#6001);
#1910=VERTEX_POINT('',#6018);
#1911=VERTEX_POINT('',#6024);
#1912=VERTEX_POINT('',#6041);
#1913=VERTEX_POINT('',#6047);
#1914=VERTEX_POINT('',#6055);
#1915=VERTEX_POINT('',#6057);
#1916=VERTEX_POINT('',#6064);
#1917=VERTEX_POINT('',#6066);
#1918=VERTEX_POINT('',#6070);
#1919=VERTEX_POINT('',#6083);
#1920=VERTEX_POINT('',#6100);
#1921=VERTEX_POINT('',#6117);
#1922=VERTEX_POINT('',#6134);
#1923=VERTEX_POINT('',#6142);
#1924=VERTEX_POINT('',#6146);
#1925=VERTEX_POINT('',#6150);
#1926=VERTEX_POINT('',#6163);
#1927=VERTEX_POINT('',#6180);
#1928=VERTEX_POINT('',#6197);
#1929=VERTEX_POINT('',#6214);
#1930=VERTEX_POINT('',#6231);
#1931=VERTEX_POINT('',#6248);
#1932=VERTEX_POINT('',#6265);
#1933=VERTEX_POINT('',#6273);
#1934=VERTEX_POINT('',#6277);
#1935=VERTEX_POINT('',#6284);
#1936=VERTEX_POINT('',#6286);
#1937=VERTEX_POINT('',#6290);
#1938=VERTEX_POINT('',#6294);
#1939=VERTEX_POINT('',#6298);
#1940=VERTEX_POINT('',#6302);
#1941=VERTEX_POINT('',#6309);
#1942=VERTEX_POINT('',#6311);
#1943=VERTEX_POINT('',#6315);
#1944=VERTEX_POINT('',#6319);
#1945=VERTEX_POINT('',#6323);
#1946=VERTEX_POINT('',#6327);
#1947=VERTEX_POINT('',#6331);
#1948=VERTEX_POINT('',#6335);
#1949=VERTEX_POINT('',#6339);
#1950=VERTEX_POINT('',#6343);
#1951=VERTEX_POINT('',#6347);
#1952=VERTEX_POINT('',#6351);
#1953=VERTEX_POINT('',#6359);
#1954=VERTEX_POINT('',#6363);
#1955=VERTEX_POINT('',#6364);
#1956=VERTEX_POINT('',#6369);
#1957=VERTEX_POINT('',#6373);
#1958=VERTEX_POINT('',#6377);
#1959=VERTEX_POINT('',#6379);
#1960=VERTEX_POINT('',#6383);
#1961=VERTEX_POINT('',#6387);
#1962=VERTEX_POINT('',#6391);
#1963=VERTEX_POINT('',#6392);
#1964=VERTEX_POINT('',#6397);
#1965=VERTEX_POINT('',#6401);
#1966=VERTEX_POINT('',#6405);
#1967=VERTEX_POINT('',#6409);
#1968=VERTEX_POINT('',#6413);
#1969=VERTEX_POINT('',#6417);
#1970=VERTEX_POINT('',#6421);
#1971=VERTEX_POINT('',#6425);
#1972=EDGE_CURVE('',#1624,#1625,#840,.T.);
#1973=EDGE_CURVE('',#1625,#1626,#841,.T.);
#1974=EDGE_CURVE('',#1626,#1627,#806,.T.);
#1975=EDGE_CURVE('',#1627,#1628,#707,.T.);
#1976=EDGE_CURVE('',#1628,#1629,#842,.T.);
#1977=EDGE_CURVE('',#1629,#1630,#703,.T.);
#1978=EDGE_CURVE('',#1624,#1630,#843,.T.);
#1979=EDGE_CURVE('',#1626,#1631,#844,.T.);
#1980=EDGE_CURVE('',#1632,#1631,#708,.T.);
#1981=EDGE_CURVE('',#1632,#1627,#845,.T.);
#1982=EDGE_CURVE('',#1633,#1634,#846,.T.);
#1983=EDGE_CURVE('',#1635,#1634,#847,.T.);
#1984=EDGE_CURVE('',#1636,#1635,#848,.T.);
#1985=EDGE_CURVE('',#1633,#1636,#849,.T.);
#1986=EDGE_CURVE('',#1631,#1637,#850,.T.);
#1987=EDGE_CURVE('',#1637,#1638,#709,.T.);
#1988=EDGE_CURVE('',#1638,#1639,#851,.T.);
#1989=EDGE_CURVE('',#1639,#1640,#710,.T.);
#1990=EDGE_CURVE('',#1640,#1641,#852,.T.);
#1991=EDGE_CURVE('',#1641,#1642,#711,.T.);
#1992=EDGE_CURVE('',#1642,#1632,#853,.T.);
#1993=EDGE_CURVE('',#1643,#1644,#854,.T.);
#1994=EDGE_CURVE('',#1644,#1645,#712,.T.);
#1995=EDGE_CURVE('',#1645,#1646,#855,.T.);
#1996=EDGE_CURVE('',#1646,#1647,#713,.T.);
#1997=EDGE_CURVE('',#1647,#1648,#856,.T.);
#1998=EDGE_CURVE('',#1648,#1643,#714,.T.);
#1999=EDGE_CURVE('',#1649,#1650,#857,.T.);
#2000=EDGE_CURVE('',#1650,#1651,#858,.T.);
#2001=EDGE_CURVE('',#1651,#1652,#859,.T.);
#2002=EDGE_CURVE('',#1652,#1653,#860,.T.);
#2003=EDGE_CURVE('',#1653,#1654,#807,.T.);
#2004=EDGE_CURVE('',#1654,#1655,#808,.T.);
#2005=EDGE_CURVE('',#1655,#1656,#809,.T.);
#2006=EDGE_CURVE('',#1656,#1657,#810,.T.);
#2007=EDGE_CURVE('',#1657,#1658,#811,.T.);
#2008=EDGE_CURVE('',#1658,#1659,#812,.T.);
#2009=EDGE_CURVE('',#1659,#1660,#813,.T.);
#2010=EDGE_CURVE('',#1660,#1661,#861,.T.);
#2011=EDGE_CURVE('',#1661,#1662,#862,.T.);
#2012=EDGE_CURVE('',#1662,#1663,#863,.T.);
#2013=EDGE_CURVE('',#1663,#1664,#814,.T.);
#2014=EDGE_CURVE('',#1664,#1665,#815,.T.);
#2015=EDGE_CURVE('',#1665,#1666,#816,.T.);
#2016=EDGE_CURVE('',#1666,#1667,#817,.T.);
#2017=EDGE_CURVE('',#1667,#1649,#864,.T.);
#2018=EDGE_CURVE('',#1668,#1669,#865,.T.);
#2019=EDGE_CURVE('',#1669,#1670,#866,.T.);
#2020=EDGE_CURVE('',#1670,#1671,#867,.T.);
#2021=EDGE_CURVE('',#1671,#1672,#868,.T.);
#2022=EDGE_CURVE('',#1672,#1673,#869,.T.);
#2023=EDGE_CURVE('',#1673,#1668,#870,.T.);
#2024=EDGE_CURVE('',#1674,#1675,#871,.T.);
#2025=EDGE_CURVE('',#1675,#1676,#872,.T.);
#2026=EDGE_CURVE('',#1676,#1677,#873,.T.);
#2027=EDGE_CURVE('',#1677,#1678,#874,.T.);
#2028=EDGE_CURVE('',#1678,#1679,#875,.T.);
#2029=EDGE_CURVE('',#1679,#1680,#876,.T.);
#2030=EDGE_CURVE('',#1680,#1681,#877,.T.);
#2031=EDGE_CURVE('',#1681,#1682,#878,.T.);
#2032=EDGE_CURVE('',#1682,#1683,#879,.T.);
#2033=EDGE_CURVE('',#1683,#1684,#880,.T.);
#2034=EDGE_CURVE('',#1684,#1685,#881,.T.);
#2035=EDGE_CURVE('',#1685,#1674,#882,.T.);
#2036=EDGE_CURVE('',#1686,#1687,#883,.T.);
#2037=EDGE_CURVE('',#1687,#1688,#884,.T.);
#2038=EDGE_CURVE('',#1688,#1689,#885,.T.);
#2039=EDGE_CURVE('',#1689,#1686,#886,.T.);
#2040=EDGE_CURVE('',#1690,#1691,#887,.T.);
#2041=EDGE_CURVE('',#1690,#1692,#888,.T.);
#2042=EDGE_CURVE('',#1692,#1693,#889,.T.);
#2043=EDGE_CURVE('',#1693,#1691,#890,.T.);
#2044=EDGE_CURVE('',#1694,#1695,#891,.T.);
#2045=EDGE_CURVE('',#1695,#1696,#892,.T.);
#2046=EDGE_CURVE('',#1696,#1697,#893,.T.);
#2047=EDGE_CURVE('',#1697,#1698,#894,.T.);
#2048=EDGE_CURVE('',#1698,#1699,#895,.T.);
#2049=EDGE_CURVE('',#1699,#1694,#896,.T.);
#2050=EDGE_CURVE('',#1700,#1700,#715,.T.);
#2051=EDGE_CURVE('',#1701,#1701,#716,.T.);
#2052=EDGE_CURVE('',#1702,#1702,#717,.T.);
#2053=EDGE_CURVE('',#1703,#1703,#718,.T.);
#2054=EDGE_CURVE('',#1704,#1704,#719,.T.);
#2055=EDGE_CURVE('',#1705,#1705,#720,.T.);
#2056=EDGE_CURVE('',#1706,#1706,#721,.T.);
#2057=EDGE_CURVE('',#1707,#1707,#722,.T.);
#2058=EDGE_CURVE('',#1708,#1708,#723,.T.);
#2059=EDGE_CURVE('',#1709,#1709,#724,.T.);
#2060=EDGE_CURVE('',#1710,#1710,#725,.T.);
#2061=EDGE_CURVE('',#1711,#1711,#726,.T.);
#2062=EDGE_CURVE('',#1695,#1624,#897,.T.);
#2063=EDGE_CURVE('',#1712,#1694,#898,.T.);
#2064=EDGE_CURVE('',#1713,#1712,#727,.T.);
#2065=EDGE_CURVE('',#1714,#1713,#899,.T.);
#2066=EDGE_CURVE('',#1637,#1714,#900,.T.);
#2067=EDGE_CURVE('',#1715,#1716,#901,.T.);
#2068=EDGE_CURVE('',#1715,#1644,#902,.T.);
#2069=EDGE_CURVE('',#1716,#1643,#903,.T.);
#2070=EDGE_CURVE('',#1716,#1717,#728,.T.);
#2071=EDGE_CURVE('',#1717,#1648,#904,.T.);
#2072=EDGE_CURVE('',#1717,#1718,#905,.T.);
#2073=EDGE_CURVE('',#1718,#1647,#906,.T.);
#2074=EDGE_CURVE('',#1718,#1719,#729,.T.);
#2075=EDGE_CURVE('',#1719,#1646,#907,.T.);
#2076=EDGE_CURVE('',#1719,#1720,#908,.T.);
#2077=EDGE_CURVE('',#1720,#1645,#909,.T.);
#2078=EDGE_CURVE('',#1720,#1715,#730,.T.);
#2079=EDGE_CURVE('',#1721,#1721,#731,.T.);
#2080=EDGE_CURVE('',#1721,#1722,#910,.T.);
#2081=EDGE_CURVE('',#1722,#1722,#732,.T.);
#2082=EDGE_CURVE('',#1723,#1723,#733,.T.);
#2083=EDGE_CURVE('',#1723,#1724,#911,.T.);
#2084=EDGE_CURVE('',#1724,#1724,#734,.T.);
#2085=EDGE_CURVE('',#1725,#1725,#735,.T.);
#2086=EDGE_CURVE('',#1725,#1726,#912,.T.);
#2087=EDGE_CURVE('',#1726,#1726,#736,.T.);
#2088=EDGE_CURVE('',#1727,#1727,#737,.T.);
#2089=EDGE_CURVE('',#1727,#1728,#913,.T.);
#2090=EDGE_CURVE('',#1728,#1728,#738,.T.);
#2091=EDGE_CURVE('',#1729,#1729,#739,.T.);
#2092=EDGE_CURVE('',#1729,#1730,#914,.T.);
#2093=EDGE_CURVE('',#1730,#1730,#740,.T.);
#2094=EDGE_CURVE('',#1731,#1731,#741,.T.);
#2095=EDGE_CURVE('',#1731,#1732,#915,.T.);
#2096=EDGE_CURVE('',#1732,#1732,#742,.T.);
#2097=EDGE_CURVE('',#1733,#1733,#743,.T.);
#2098=EDGE_CURVE('',#1733,#1734,#916,.T.);
#2099=EDGE_CURVE('',#1734,#1734,#744,.T.);
#2100=EDGE_CURVE('',#1735,#1735,#745,.T.);
#2101=EDGE_CURVE('',#1735,#1736,#917,.T.);
#2102=EDGE_CURVE('',#1736,#1736,#746,.T.);
#2103=EDGE_CURVE('',#1737,#1737,#747,.T.);
#2104=EDGE_CURVE('',#1737,#1738,#918,.T.);
#2105=EDGE_CURVE('',#1738,#1738,#748,.T.);
#2106=EDGE_CURVE('',#1739,#1739,#749,.T.);
#2107=EDGE_CURVE('',#1739,#1740,#919,.T.);
#2108=EDGE_CURVE('',#1740,#1740,#750,.T.);
#2109=EDGE_CURVE('',#1741,#1742,#751,.T.);
#2110=EDGE_CURVE('',#1743,#1741,#920,.T.);
#2111=EDGE_CURVE('',#1744,#1743,#752,.T.);
#2112=EDGE_CURVE('',#1745,#1744,#921,.T.);
#2113=EDGE_CURVE('',#1746,#1745,#753,.T.);
#2114=EDGE_CURVE('',#1746,#1747,#922,.T.);
#2115=EDGE_CURVE('',#1748,#1747,#754,.T.);
#2116=EDGE_CURVE('',#1742,#1748,#923,.T.);
#2117=EDGE_CURVE('',#1749,#1744,#924,.T.);
#2118=EDGE_CURVE('',#1750,#1749,#925,.T.);
#2119=EDGE_CURVE('',#1745,#1750,#926,.T.);
#2120=EDGE_CURVE('',#1751,#1749,#755,.T.);
#2121=EDGE_CURVE('',#1752,#1751,#927,.T.);
#2122=EDGE_CURVE('',#1753,#1752,#756,.T.);
#2123=EDGE_CURVE('',#1753,#1754,#928,.T.);
#2124=EDGE_CURVE('',#1755,#1754,#757,.T.);
#2125=EDGE_CURVE('',#1756,#1755,#929,.T.);
#2126=EDGE_CURVE('',#1750,#1756,#758,.T.);
#2127=EDGE_CURVE('',#1756,#1757,#930,.T.);
#2128=EDGE_CURVE('',#1758,#1755,#931,.T.);
#2129=EDGE_CURVE('',#1757,#1758,#932,.T.);
#2130=EDGE_CURVE('',#1757,#1759,#759,.T.);
#2131=EDGE_CURVE('',#1760,#1758,#760,.T.);
#2132=EDGE_CURVE('',#1759,#1760,#933,.T.);
#2133=EDGE_CURVE('',#1759,#1746,#934,.T.);
#2134=EDGE_CURVE('',#1747,#1760,#935,.T.);
#2135=EDGE_CURVE('',#1742,#1761,#936,.T.);
#2136=EDGE_CURVE('',#1754,#1748,#937,.T.);
#2137=EDGE_CURVE('',#1762,#1753,#938,.T.);
#2138=EDGE_CURVE('',#1763,#1762,#939,.T.);
#2139=EDGE_CURVE('',#1764,#1763,#940,.T.);
#2140=EDGE_CURVE('',#1761,#1764,#941,.T.);
#2141=EDGE_CURVE('',#1764,#1765,#942,.T.);
#2142=EDGE_CURVE('',#1766,#1765,#943,.T.);
#2143=EDGE_CURVE('',#1767,#1766,#944,.T.);
#2144=EDGE_CURVE('',#1767,#1768,#945,.T.);
#2145=EDGE_CURVE('',#1768,#1769,#946,.T.);
#2146=EDGE_CURVE('',#1769,#1770,#947,.T.);
#2147=EDGE_CURVE('',#1761,#1770,#948,.T.);
#2148=EDGE_CURVE('',#1771,#1763,#949,.T.);
#2149=EDGE_CURVE('',#1765,#1771,#950,.T.);
#2150=EDGE_CURVE('',#1772,#1773,#951,.T.);
#2151=EDGE_CURVE('',#1774,#1772,#952,.T.);
#2152=EDGE_CURVE('',#1775,#1774,#953,.T.);
#2153=EDGE_CURVE('',#1776,#1775,#954,.T.);
#2154=EDGE_CURVE('',#1777,#1776,#955,.T.);
#2155=EDGE_CURVE('',#1773,#1777,#956,.T.);
#2156=EDGE_CURVE('',#1778,#1779,#957,.T.);
#2157=EDGE_CURVE('',#1780,#1778,#958,.T.);
#2158=EDGE_CURVE('',#1781,#1780,#959,.T.);
#2159=EDGE_CURVE('',#1782,#1781,#960,.T.);
#2160=EDGE_CURVE('',#1783,#1782,#961,.T.);
#2161=EDGE_CURVE('',#1779,#1783,#962,.T.);
#2162=EDGE_CURVE('',#1784,#1762,#963,.T.);
#2163=EDGE_CURVE('',#1784,#1785,#964,.T.);
#2164=EDGE_CURVE('',#1785,#1786,#965,.T.);
#2165=EDGE_CURVE('',#1787,#1786,#966,.T.);
#2166=EDGE_CURVE('',#1788,#1787,#967,.T.);
#2167=EDGE_CURVE('',#1788,#1771,#968,.T.);
#2168=EDGE_CURVE('',#1769,#1785,#969,.T.);
#2169=EDGE_CURVE('',#1789,#1768,#970,.T.);
#2170=EDGE_CURVE('',#1790,#1789,#761,.T.);
#2171=EDGE_CURVE('',#1786,#1790,#971,.T.);
#2172=EDGE_CURVE('',#1791,#1792,#972,.T.);
#2173=EDGE_CURVE('',#1793,#1791,#973,.T.);
#2174=EDGE_CURVE('',#1794,#1793,#974,.T.);
#2175=EDGE_CURVE('',#1795,#1794,#975,.T.);
#2176=EDGE_CURVE('',#1796,#1795,#976,.T.);
#2177=EDGE_CURVE('',#1792,#1796,#977,.T.);
#2178=EDGE_CURVE('',#1797,#1798,#978,.T.);
#2179=EDGE_CURVE('',#1799,#1797,#979,.T.);
#2180=EDGE_CURVE('',#1800,#1799,#980,.T.);
#2181=EDGE_CURVE('',#1801,#1800,#981,.T.);
#2182=EDGE_CURVE('',#1802,#1801,#982,.T.);
#2183=EDGE_CURVE('',#1798,#1802,#983,.T.);
#2184=EDGE_CURVE('',#1803,#1774,#984,.T.);
#2185=EDGE_CURVE('',#1803,#1804,#985,.T.);
#2186=EDGE_CURVE('',#1804,#1775,#986,.T.);
#2187=EDGE_CURVE('',#1805,#1772,#987,.T.);
#2188=EDGE_CURVE('',#1805,#1803,#988,.T.);
#2189=EDGE_CURVE('',#1773,#1806,#989,.T.);
#2190=EDGE_CURVE('',#1806,#1805,#990,.T.);
#2191=EDGE_CURVE('',#1807,#1780,#991,.T.);
#2192=EDGE_CURVE('',#1807,#1808,#992,.T.);
#2193=EDGE_CURVE('',#1808,#1781,#993,.T.);
#2194=EDGE_CURVE('',#1809,#1778,#994,.T.);
#2195=EDGE_CURVE('',#1809,#1807,#995,.T.);
#2196=EDGE_CURVE('',#1779,#1810,#996,.T.);
#2197=EDGE_CURVE('',#1810,#1809,#997,.T.);
#2198=EDGE_CURVE('',#1811,#1799,#998,.T.);
#2199=EDGE_CURVE('',#1811,#1812,#999,.T.);
#2200=EDGE_CURVE('',#1812,#1800,#1000,.T.);
#2201=EDGE_CURVE('',#1813,#1797,#1001,.T.);
#2202=EDGE_CURVE('',#1813,#1811,#1002,.T.);
#2203=EDGE_CURVE('',#1798,#1814,#1003,.T.);
#2204=EDGE_CURVE('',#1814,#1813,#1004,.T.);
#2205=EDGE_CURVE('',#1815,#1793,#1005,.T.);
#2206=EDGE_CURVE('',#1815,#1816,#1006,.T.);
#2207=EDGE_CURVE('',#1816,#1794,#1007,.T.);
#2208=EDGE_CURVE('',#1817,#1791,#1008,.T.);
#2209=EDGE_CURVE('',#1817,#1815,#1009,.T.);
#2210=EDGE_CURVE('',#1792,#1818,#1010,.T.);
#2211=EDGE_CURVE('',#1818,#1817,#1011,.T.);
#2212=EDGE_CURVE('',#1819,#1810,#1012,.T.);
#2213=EDGE_CURVE('',#1820,#1819,#1013,.T.);
#2214=EDGE_CURVE('',#1808,#1820,#1014,.T.);
#2215=EDGE_CURVE('',#1821,#1821,#762,.T.);
#2216=EDGE_CURVE('',#1822,#1814,#1015,.T.);
#2217=EDGE_CURVE('',#1823,#1822,#1016,.T.);
#2218=EDGE_CURVE('',#1812,#1823,#1017,.T.);
#2219=EDGE_CURVE('',#1824,#1824,#763,.T.);
#2220=EDGE_CURVE('',#1825,#1818,#1018,.T.);
#2221=EDGE_CURVE('',#1826,#1825,#1019,.T.);
#2222=EDGE_CURVE('',#1816,#1826,#1020,.T.);
#2223=EDGE_CURVE('',#1827,#1827,#764,.T.);
#2224=EDGE_CURVE('',#1828,#1806,#1021,.T.);
#2225=EDGE_CURVE('',#1829,#1828,#1022,.T.);
#2226=EDGE_CURVE('',#1804,#1829,#1023,.T.);
#2227=EDGE_CURVE('',#1830,#1830,#765,.T.);
#2228=EDGE_CURVE('',#1831,#1789,#1024,.T.);
#2229=EDGE_CURVE('',#1832,#1831,#766,.T.);
#2230=EDGE_CURVE('',#1790,#1832,#1025,.T.);
#2231=EDGE_CURVE('',#1787,#1832,#1026,.T.);
#2232=EDGE_CURVE('',#1833,#1751,#767,.T.);
#2233=EDGE_CURVE('',#1833,#1834,#1027,.T.);
#2234=EDGE_CURVE('',#1834,#1752,#768,.T.);
#2235=EDGE_CURVE('',#1835,#1836,#1028,.T.);
#2236=EDGE_CURVE('',#1834,#1835,#1029,.T.);
#2237=EDGE_CURVE('',#1836,#1833,#1030,.T.);
#2238=EDGE_CURVE('',#1837,#1838,#1031,.T.);
#2239=EDGE_CURVE('',#1835,#1837,#1032,.T.);
#2240=EDGE_CURVE('',#1838,#1836,#1033,.T.);
#2241=EDGE_CURVE('',#1839,#1840,#1034,.T.);
#2242=EDGE_CURVE('',#1837,#1839,#1035,.T.);
#2243=EDGE_CURVE('',#1840,#1838,#1036,.T.);
#2244=EDGE_CURVE('',#1776,#1829,#1037,.T.);
#2245=EDGE_CURVE('',#1777,#1828,#1038,.T.);
#2246=EDGE_CURVE('',#1782,#1820,#1039,.T.);
#2247=EDGE_CURVE('',#1783,#1819,#1040,.T.);
#2248=EDGE_CURVE('',#1801,#1823,#1041,.T.);
#2249=EDGE_CURVE('',#1802,#1822,#1042,.T.);
#2250=EDGE_CURVE('',#1795,#1826,#1043,.T.);
#2251=EDGE_CURVE('',#1796,#1825,#1044,.T.);
#2252=EDGE_CURVE('',#1770,#1784,#1045,.T.);
#2253=EDGE_CURVE('',#1641,#1841,#1046,.T.);
#2254=EDGE_CURVE('',#1842,#1841,#769,.T.);
#2255=EDGE_CURVE('',#1642,#1842,#1047,.T.);
#2256=EDGE_CURVE('',#1628,#1842,#1048,.T.);
#2257=EDGE_CURVE('',#1843,#1714,#818,.T.);
#2258=EDGE_CURVE('',#1638,#1843,#1049,.T.);
#2259=EDGE_CURVE('',#1640,#1844,#1050,.T.);
#2260=EDGE_CURVE('',#1841,#1844,#1051,.T.);
#2261=EDGE_CURVE('',#1639,#1845,#1052,.T.);
#2262=EDGE_CURVE('',#1844,#1845,#770,.T.);
#2263=EDGE_CURVE('',#1846,#1843,#771,.T.);
#2264=EDGE_CURVE('',#1845,#1846,#1053,.T.);
#2265=EDGE_CURVE('',#1630,#1847,#1054,.T.);
#2266=EDGE_CURVE('',#1696,#1847,#1055,.T.);
#2267=EDGE_CURVE('',#1848,#1699,#1056,.T.);
#2268=EDGE_CURVE('',#1848,#1712,#1057,.T.);
#2269=EDGE_CURVE('',#1849,#1850,#1058,.T.);
#2270=EDGE_CURVE('',#1689,#1849,#1059,.T.);
#2271=EDGE_CURVE('',#1688,#1850,#1060,.T.);
#2272=EDGE_CURVE('',#1850,#1851,#1061,.T.);
#2273=EDGE_CURVE('',#1687,#1851,#1062,.T.);
#2274=EDGE_CURVE('',#1851,#1852,#1063,.T.);
#2275=EDGE_CURVE('',#1686,#1852,#1064,.T.);
#2276=EDGE_CURVE('',#1852,#1849,#1065,.T.);
#2277=EDGE_CURVE('',#1853,#1854,#1066,.T.);
#2278=EDGE_CURVE('',#1855,#1853,#1067,.T.);
#2279=EDGE_CURVE('',#1856,#1855,#1068,.T.);
#2280=EDGE_CURVE('',#1856,#1854,#1069,.T.);
#2281=EDGE_CURVE('',#1854,#1857,#1070,.T.);
#2282=EDGE_CURVE('',#1858,#1856,#1071,.T.);
#2283=EDGE_CURVE('',#1858,#1857,#1072,.T.);
#2284=EDGE_CURVE('',#1857,#1859,#1073,.T.);
#2285=EDGE_CURVE('',#1860,#1858,#1074,.T.);
#2286=EDGE_CURVE('',#1860,#1859,#1075,.T.);
#2287=EDGE_CURVE('',#1859,#1853,#1076,.T.);
#2288=EDGE_CURVE('',#1855,#1860,#1077,.T.);
#2289=EDGE_CURVE('',#1861,#1862,#1078,.T.);
#2290=EDGE_CURVE('',#1863,#1861,#1079,.T.);
#2291=EDGE_CURVE('',#1864,#1863,#1080,.T.);
#2292=EDGE_CURVE('',#1864,#1862,#1081,.T.);
#2293=EDGE_CURVE('',#1862,#1865,#1082,.T.);
#2294=EDGE_CURVE('',#1866,#1864,#1083,.T.);
#2295=EDGE_CURVE('',#1866,#1865,#1084,.T.);
#2296=EDGE_CURVE('',#1865,#1867,#1085,.T.);
#2297=EDGE_CURVE('',#1868,#1866,#1086,.T.);
#2298=EDGE_CURVE('',#1868,#1867,#1087,.T.);
#2299=EDGE_CURVE('',#1867,#1861,#1088,.T.);
#2300=EDGE_CURVE('',#1863,#1868,#1089,.T.);
#2301=EDGE_CURVE('',#1869,#1870,#1090,.T.);
#2302=EDGE_CURVE('',#1871,#1869,#1091,.T.);
#2303=EDGE_CURVE('',#1872,#1871,#1092,.T.);
#2304=EDGE_CURVE('',#1872,#1870,#1093,.T.);
#2305=EDGE_CURVE('',#1870,#1873,#1094,.T.);
#2306=EDGE_CURVE('',#1874,#1872,#1095,.T.);
#2307=EDGE_CURVE('',#1874,#1873,#1096,.T.);
#2308=EDGE_CURVE('',#1873,#1875,#1097,.T.);
#2309=EDGE_CURVE('',#1876,#1874,#1098,.T.);
#2310=EDGE_CURVE('',#1876,#1875,#1099,.T.);
#2311=EDGE_CURVE('',#1875,#1869,#1100,.T.);
#2312=EDGE_CURVE('',#1871,#1876,#1101,.T.);
#2313=EDGE_CURVE('',#1766,#1788,#1102,.T.);
#2314=EDGE_CURVE('',#1877,#1878,#1103,.T.);
#2315=EDGE_CURVE('',#1878,#1692,#1104,.T.);
#2316=EDGE_CURVE('',#1877,#1690,#1105,.T.);
#2317=EDGE_CURVE('',#1879,#1879,#772,.T.);
#2318=EDGE_CURVE('',#1879,#1703,#1106,.T.);
#2319=EDGE_CURVE('',#1880,#1880,#773,.T.);
#2320=EDGE_CURVE('',#1880,#1702,#1107,.T.);
#2321=EDGE_CURVE('',#1881,#1881,#774,.T.);
#2322=EDGE_CURVE('',#1881,#1701,#1108,.T.);
#2323=EDGE_CURVE('',#1882,#1882,#775,.T.);
#2324=EDGE_CURVE('',#1882,#1700,#1109,.T.);
#2325=EDGE_CURVE('',#1848,#1883,#1110,.T.);
#2326=EDGE_CURVE('',#1884,#1883,#704,.T.);
#2327=EDGE_CURVE('',#1884,#1885,#1111,.T.);
#2328=EDGE_CURVE('',#1885,#1848,#705,.T.);
#2329=EDGE_CURVE('',#1698,#1883,#1112,.T.);
#2330=EDGE_CURVE('',#1886,#1887,#776,.T.);
#2331=EDGE_CURVE('',#1887,#1633,#777,.T.);
#2332=EDGE_CURVE('',#1633,#1886,#778,.T.);
#2333=EDGE_CURVE('',#1888,#1887,#1113,.T.);
#2334=EDGE_CURVE('',#1886,#1889,#1114,.T.);
#2335=EDGE_CURVE('',#1889,#1888,#779,.T.);
#2336=EDGE_CURVE('',#1890,#1891,#780,.T.);
#2337=EDGE_CURVE('',#1891,#1636,#781,.T.);
#2338=EDGE_CURVE('',#1636,#1890,#782,.T.);
#2339=EDGE_CURVE('',#1892,#1891,#1115,.T.);
#2340=EDGE_CURVE('',#1890,#1893,#1116,.T.);
#2341=EDGE_CURVE('',#1893,#1892,#783,.T.);
#2342=EDGE_CURVE('',#1891,#1886,#1117,.T.);
#2343=EDGE_CURVE('',#1892,#1889,#1118,.T.);
#2344=EDGE_CURVE('',#1894,#1894,#784,.T.);
#2345=EDGE_CURVE('',#1894,#1704,#1119,.T.);
#2346=EDGE_CURVE('',#1895,#1895,#785,.T.);
#2347=EDGE_CURVE('',#1895,#1705,#1120,.T.);
#2348=EDGE_CURVE('',#1830,#1896,#1121,.T.);
#2349=EDGE_CURVE('',#1896,#1896,#786,.T.);
#2350=EDGE_CURVE('',#1827,#1897,#1122,.T.);
#2351=EDGE_CURVE('',#1897,#1897,#787,.T.);
#2352=EDGE_CURVE('',#1824,#1898,#1123,.T.);
#2353=EDGE_CURVE('',#1898,#1898,#788,.T.);
#2354=EDGE_CURVE('',#1821,#1899,#1124,.T.);
#2355=EDGE_CURVE('',#1899,#1899,#789,.T.);
#2356=EDGE_CURVE('',#1831,#1767,#1125,.T.);
#2357=EDGE_CURVE('',#1900,#1901,#1126,.T.);
#2358=EDGE_CURVE('',#1900,#1902,#1127,.T.);
#2359=EDGE_CURVE('',#1902,#1903,#1128,.T.);
#2360=EDGE_CURVE('',#1901,#1903,#1129,.T.);
#2361=EDGE_CURVE('',#1904,#1900,#819,.T.);
#2362=EDGE_CURVE('',#1904,#1905,#1130,.T.);
#2363=EDGE_CURVE('',#1905,#1902,#820,.T.);
#2364=EDGE_CURVE('',#1906,#1904,#821,.T.);
#2365=EDGE_CURVE('',#1906,#1907,#1131,.T.);
#2366=EDGE_CURVE('',#1907,#1905,#822,.T.);
#2367=EDGE_CURVE('',#1908,#1906,#823,.T.);
#2368=EDGE_CURVE('',#1908,#1909,#1132,.T.);
#2369=EDGE_CURVE('',#1909,#1907,#824,.T.);
#2370=EDGE_CURVE('',#1910,#1908,#825,.T.);
#2371=EDGE_CURVE('',#1910,#1911,#1133,.T.);
#2372=EDGE_CURVE('',#1911,#1909,#826,.T.);
#2373=EDGE_CURVE('',#1912,#1910,#827,.T.);
#2374=EDGE_CURVE('',#1912,#1913,#1134,.T.);
#2375=EDGE_CURVE('',#1913,#1911,#828,.T.);
#2376=EDGE_CURVE('',#1914,#1912,#1135,.T.);
#2377=EDGE_CURVE('',#1914,#1915,#1136,.T.);
#2378=EDGE_CURVE('',#1915,#1913,#1137,.T.);
#2379=EDGE_CURVE('',#1901,#1914,#1138,.T.);
#2380=EDGE_CURVE('',#1903,#1915,#1139,.T.);
#2381=EDGE_CURVE('',#1649,#1916,#1140,.T.);
#2382=EDGE_CURVE('',#1916,#1917,#1141,.T.);
#2383=EDGE_CURVE('',#1650,#1917,#1142,.T.);
#2384=EDGE_CURVE('',#1667,#1918,#1143,.T.);
#2385=EDGE_CURVE('',#1918,#1916,#1144,.T.);
#2386=EDGE_CURVE('',#1666,#1919,#1145,.T.);
#2387=EDGE_CURVE('',#1919,#1918,#829,.T.);
#2388=EDGE_CURVE('',#1665,#1920,#1146,.T.);
#2389=EDGE_CURVE('',#1920,#1919,#830,.T.);
#2390=EDGE_CURVE('',#1664,#1921,#1147,.T.);
#2391=EDGE_CURVE('',#1921,#1920,#831,.T.);
#2392=EDGE_CURVE('',#1663,#1922,#1148,.T.);
#2393=EDGE_CURVE('',#1922,#1921,#832,.T.);
#2394=EDGE_CURVE('',#1662,#1923,#1149,.T.);
#2395=EDGE_CURVE('',#1923,#1922,#1150,.T.);
#2396=EDGE_CURVE('',#1661,#1924,#1151,.T.);
#2397=EDGE_CURVE('',#1924,#1923,#1152,.T.);
#2398=EDGE_CURVE('',#1660,#1925,#1153,.T.);
#2399=EDGE_CURVE('',#1925,#1924,#1154,.T.);
#2400=EDGE_CURVE('',#1659,#1926,#1155,.T.);
#2401=EDGE_CURVE('',#1926,#1925,#833,.T.);
#2402=EDGE_CURVE('',#1658,#1927,#1156,.T.);
#2403=EDGE_CURVE('',#1927,#1926,#834,.T.);
#2404=EDGE_CURVE('',#1657,#1928,#1157,.T.);
#2405=EDGE_CURVE('',#1928,#1927,#835,.T.);
#2406=EDGE_CURVE('',#1656,#1929,#1158,.T.);
#2407=EDGE_CURVE('',#1929,#1928,#836,.T.);
#2408=EDGE_CURVE('',#1655,#1930,#1159,.T.);
#2409=EDGE_CURVE('',#1930,#1929,#837,.T.);
#2410=EDGE_CURVE('',#1654,#1931,#1160,.T.);
#2411=EDGE_CURVE('',#1931,#1930,#838,.T.);
#2412=EDGE_CURVE('',#1653,#1932,#1161,.T.);
#2413=EDGE_CURVE('',#1932,#1931,#839,.T.);
#2414=EDGE_CURVE('',#1652,#1933,#1162,.T.);
#2415=EDGE_CURVE('',#1933,#1932,#1163,.T.);
#2416=EDGE_CURVE('',#1651,#1934,#1164,.T.);
#2417=EDGE_CURVE('',#1934,#1933,#1165,.T.);
#2418=EDGE_CURVE('',#1917,#1934,#1166,.T.);
#2419=EDGE_CURVE('',#1668,#1935,#1167,.T.);
#2420=EDGE_CURVE('',#1935,#1936,#1168,.T.);
#2421=EDGE_CURVE('',#1669,#1936,#1169,.T.);
#2422=EDGE_CURVE('',#1673,#1937,#1170,.T.);
#2423=EDGE_CURVE('',#1937,#1935,#1171,.T.);
#2424=EDGE_CURVE('',#1672,#1938,#1172,.T.);
#2425=EDGE_CURVE('',#1938,#1937,#1173,.T.);
#2426=EDGE_CURVE('',#1671,#1939,#1174,.T.);
#2427=EDGE_CURVE('',#1939,#1938,#1175,.T.);
#2428=EDGE_CURVE('',#1670,#1940,#1176,.T.);
#2429=EDGE_CURVE('',#1940,#1939,#1177,.T.);
#2430=EDGE_CURVE('',#1936,#1940,#1178,.T.);
#2431=EDGE_CURVE('',#1674,#1941,#1179,.T.);
#2432=EDGE_CURVE('',#1941,#1942,#1180,.T.);
#2433=EDGE_CURVE('',#1675,#1942,#1181,.T.);
#2434=EDGE_CURVE('',#1685,#1943,#1182,.T.);
#2435=EDGE_CURVE('',#1943,#1941,#1183,.T.);
#2436=EDGE_CURVE('',#1684,#1944,#1184,.T.);
#2437=EDGE_CURVE('',#1944,#1943,#1185,.T.);
#2438=EDGE_CURVE('',#1683,#1945,#1186,.T.);
#2439=EDGE_CURVE('',#1945,#1944,#1187,.T.);
#2440=EDGE_CURVE('',#1682,#1946,#1188,.T.);
#2441=EDGE_CURVE('',#1946,#1945,#1189,.T.);
#2442=EDGE_CURVE('',#1681,#1947,#1190,.T.);
#2443=EDGE_CURVE('',#1947,#1946,#1191,.T.);
#2444=EDGE_CURVE('',#1680,#1948,#1192,.T.);
#2445=EDGE_CURVE('',#1948,#1947,#1193,.T.);
#2446=EDGE_CURVE('',#1679,#1949,#1194,.T.);
#2447=EDGE_CURVE('',#1949,#1948,#1195,.T.);
#2448=EDGE_CURVE('',#1678,#1950,#1196,.T.);
#2449=EDGE_CURVE('',#1950,#1949,#1197,.T.);
#2450=EDGE_CURVE('',#1677,#1951,#1198,.T.);
#2451=EDGE_CURVE('',#1951,#1950,#1199,.T.);
#2452=EDGE_CURVE('',#1676,#1952,#1200,.T.);
#2453=EDGE_CURVE('',#1952,#1951,#1201,.T.);
#2454=EDGE_CURVE('',#1942,#1952,#1202,.T.);
#2455=EDGE_CURVE('',#1847,#1953,#1203,.T.);
#2456=EDGE_CURVE('',#1953,#1697,#1204,.T.);
#2457=EDGE_CURVE('',#1954,#1955,#790,.T.);
#2458=EDGE_CURVE('',#1955,#1635,#791,.T.);
#2459=EDGE_CURVE('',#1635,#1954,#792,.T.);
#2460=EDGE_CURVE('',#1956,#1634,#793,.T.);
#2461=EDGE_CURVE('',#1956,#1954,#1205,.T.);
#2462=EDGE_CURVE('',#1956,#1957,#794,.T.);
#2463=EDGE_CURVE('',#1634,#1957,#795,.T.);
#2464=EDGE_CURVE('',#1958,#1955,#1206,.T.);
#2465=EDGE_CURVE('',#1954,#1959,#1207,.T.);
#2466=EDGE_CURVE('',#1959,#1958,#796,.T.);
#2467=EDGE_CURVE('',#1960,#1956,#1208,.T.);
#2468=EDGE_CURVE('',#1960,#1959,#1209,.T.);
#2469=EDGE_CURVE('',#1957,#1961,#1210,.T.);
#2470=EDGE_CURVE('',#1961,#1960,#797,.T.);
#2471=EDGE_CURVE('',#1962,#1963,#1211,.T.);
#2472=EDGE_CURVE('',#1963,#1691,#1212,.T.);
#2473=EDGE_CURVE('',#1693,#1962,#1213,.T.);
#2474=EDGE_CURVE('',#1964,#1964,#798,.T.);
#2475=EDGE_CURVE('',#1964,#1708,#1214,.T.);
#2476=EDGE_CURVE('',#1965,#1965,#799,.T.);
#2477=EDGE_CURVE('',#1965,#1709,#1215,.T.);
#2478=EDGE_CURVE('',#1966,#1966,#800,.T.);
#2479=EDGE_CURVE('',#1966,#1710,#1216,.T.);
#2480=EDGE_CURVE('',#1967,#1967,#801,.T.);
#2481=EDGE_CURVE('',#1967,#1711,#1217,.T.);
#2482=EDGE_CURVE('',#1968,#1630,#1218,.T.);
#2483=EDGE_CURVE('',#1968,#1953,#1219,.T.);
#2484=EDGE_CURVE('',#1969,#1969,#802,.T.);
#2485=EDGE_CURVE('',#1969,#1707,#1220,.T.);
#2486=EDGE_CURVE('',#1970,#1970,#803,.T.);
#2487=EDGE_CURVE('',#1970,#1706,#1221,.T.);
#2488=EDGE_CURVE('',#1629,#1971,#1222,.T.);
#2489=EDGE_CURVE('',#1971,#1968,#706,.T.);
#2490=EDGE_CURVE('',#1887,#1957,#1223,.T.);
#2491=EDGE_CURVE('',#1888,#1961,#1224,.T.);
#2492=EDGE_CURVE('',#1963,#1877,#1225,.T.);
#2493=EDGE_CURVE('',#1878,#1962,#1226,.T.);
#2494=EDGE_CURVE('',#1893,#1958,#1227,.T.);
#2495=EDGE_CURVE('',#1883,#1968,#1228,.T.);
#2496=EDGE_CURVE('',#1884,#1971,#1229,.T.);
#2497=EDGE_CURVE('',#1890,#1955,#1230,.T.);
#2498=EDGE_CURVE('',#1885,#1846,#1231,.T.);
#2499=EDGE_CURVE('',#1743,#1840,#804,.T.);
#2500=EDGE_CURVE('',#1741,#1839,#805,.T.);
#2501=ORIENTED_EDGE('',*,*,#1972,.T.);
#2502=ORIENTED_EDGE('',*,*,#1973,.T.);
#2503=ORIENTED_EDGE('',*,*,#1974,.T.);
#2504=ORIENTED_EDGE('',*,*,#1975,.T.);
#2505=ORIENTED_EDGE('',*,*,#1976,.T.);
#2506=ORIENTED_EDGE('',*,*,#1977,.T.);
#2507=ORIENTED_EDGE('',*,*,#1978,.F.);
#2508=ORIENTED_EDGE('',*,*,#1979,.T.);
#2509=ORIENTED_EDGE('',*,*,#1980,.F.);
#2510=ORIENTED_EDGE('',*,*,#1981,.T.);
#2511=ORIENTED_EDGE('',*,*,#1974,.F.);
#2512=ORIENTED_EDGE('',*,*,#1982,.T.);
#2513=ORIENTED_EDGE('',*,*,#1983,.F.);
#2514=ORIENTED_EDGE('',*,*,#1984,.F.);
#2515=ORIENTED_EDGE('',*,*,#1985,.F.);
#2516=ORIENTED_EDGE('',*,*,#1986,.T.);
#2517=ORIENTED_EDGE('',*,*,#1987,.T.);
#2518=ORIENTED_EDGE('',*,*,#1988,.T.);
#2519=ORIENTED_EDGE('',*,*,#1989,.T.);
#2520=ORIENTED_EDGE('',*,*,#1990,.T.);
#2521=ORIENTED_EDGE('',*,*,#1991,.T.);
#2522=ORIENTED_EDGE('',*,*,#1992,.T.);
#2523=ORIENTED_EDGE('',*,*,#1980,.T.);
#2524=ORIENTED_EDGE('',*,*,#1993,.T.);
#2525=ORIENTED_EDGE('',*,*,#1994,.T.);
#2526=ORIENTED_EDGE('',*,*,#1995,.T.);
#2527=ORIENTED_EDGE('',*,*,#1996,.T.);
#2528=ORIENTED_EDGE('',*,*,#1997,.T.);
#2529=ORIENTED_EDGE('',*,*,#1998,.T.);
#2530=ORIENTED_EDGE('',*,*,#1999,.T.);
#2531=ORIENTED_EDGE('',*,*,#2000,.T.);
#2532=ORIENTED_EDGE('',*,*,#2001,.T.);
#2533=ORIENTED_EDGE('',*,*,#2002,.T.);
#2534=ORIENTED_EDGE('',*,*,#2003,.T.);
#2535=ORIENTED_EDGE('',*,*,#2004,.T.);
#2536=ORIENTED_EDGE('',*,*,#2005,.T.);
#2537=ORIENTED_EDGE('',*,*,#2006,.T.);
#2538=ORIENTED_EDGE('',*,*,#2007,.T.);
#2539=ORIENTED_EDGE('',*,*,#2008,.T.);
#2540=ORIENTED_EDGE('',*,*,#2009,.T.);
#2541=ORIENTED_EDGE('',*,*,#2010,.T.);
#2542=ORIENTED_EDGE('',*,*,#2011,.T.);
#2543=ORIENTED_EDGE('',*,*,#2012,.T.);
#2544=ORIENTED_EDGE('',*,*,#2013,.T.);
#2545=ORIENTED_EDGE('',*,*,#2014,.T.);
#2546=ORIENTED_EDGE('',*,*,#2015,.T.);
#2547=ORIENTED_EDGE('',*,*,#2016,.T.);
#2548=ORIENTED_EDGE('',*,*,#2017,.T.);
#2549=ORIENTED_EDGE('',*,*,#2018,.T.);
#2550=ORIENTED_EDGE('',*,*,#2019,.T.);
#2551=ORIENTED_EDGE('',*,*,#2020,.T.);
#2552=ORIENTED_EDGE('',*,*,#2021,.T.);
#2553=ORIENTED_EDGE('',*,*,#2022,.T.);
#2554=ORIENTED_EDGE('',*,*,#2023,.T.);
#2555=ORIENTED_EDGE('',*,*,#2024,.T.);
#2556=ORIENTED_EDGE('',*,*,#2025,.T.);
#2557=ORIENTED_EDGE('',*,*,#2026,.T.);
#2558=ORIENTED_EDGE('',*,*,#2027,.T.);
#2559=ORIENTED_EDGE('',*,*,#2028,.T.);
#2560=ORIENTED_EDGE('',*,*,#2029,.T.);
#2561=ORIENTED_EDGE('',*,*,#2030,.T.);
#2562=ORIENTED_EDGE('',*,*,#2031,.T.);
#2563=ORIENTED_EDGE('',*,*,#2032,.T.);
#2564=ORIENTED_EDGE('',*,*,#2033,.T.);
#2565=ORIENTED_EDGE('',*,*,#2034,.T.);
#2566=ORIENTED_EDGE('',*,*,#2035,.T.);
#2567=ORIENTED_EDGE('',*,*,#2036,.T.);
#2568=ORIENTED_EDGE('',*,*,#2037,.T.);
#2569=ORIENTED_EDGE('',*,*,#2038,.T.);
#2570=ORIENTED_EDGE('',*,*,#2039,.T.);
#2571=ORIENTED_EDGE('',*,*,#2040,.F.);
#2572=ORIENTED_EDGE('',*,*,#2041,.T.);
#2573=ORIENTED_EDGE('',*,*,#2042,.T.);
#2574=ORIENTED_EDGE('',*,*,#2043,.T.);
#2575=ORIENTED_EDGE('',*,*,#2044,.T.);
#2576=ORIENTED_EDGE('',*,*,#2045,.T.);
#2577=ORIENTED_EDGE('',*,*,#2046,.T.);
#2578=ORIENTED_EDGE('',*,*,#2047,.T.);
#2579=ORIENTED_EDGE('',*,*,#2048,.T.);
#2580=ORIENTED_EDGE('',*,*,#2049,.T.);
#2581=ORIENTED_EDGE('',*,*,#2050,.T.);
#2582=ORIENTED_EDGE('',*,*,#2051,.T.);
#2583=ORIENTED_EDGE('',*,*,#2052,.T.);
#2584=ORIENTED_EDGE('',*,*,#2053,.T.);
#2585=ORIENTED_EDGE('',*,*,#2054,.T.);
#2586=ORIENTED_EDGE('',*,*,#2055,.T.);
#2587=ORIENTED_EDGE('',*,*,#2056,.T.);
#2588=ORIENTED_EDGE('',*,*,#2057,.T.);
#2589=ORIENTED_EDGE('',*,*,#2058,.T.);
#2590=ORIENTED_EDGE('',*,*,#2059,.T.);
#2591=ORIENTED_EDGE('',*,*,#2060,.T.);
#2592=ORIENTED_EDGE('',*,*,#2061,.T.);
#2593=ORIENTED_EDGE('',*,*,#1986,.F.);
#2594=ORIENTED_EDGE('',*,*,#1979,.F.);
#2595=ORIENTED_EDGE('',*,*,#1973,.F.);
#2596=ORIENTED_EDGE('',*,*,#1972,.F.);
#2597=ORIENTED_EDGE('',*,*,#2062,.F.);
#2598=ORIENTED_EDGE('',*,*,#2044,.F.);
#2599=ORIENTED_EDGE('',*,*,#2063,.F.);
#2600=ORIENTED_EDGE('',*,*,#2064,.F.);
#2601=ORIENTED_EDGE('',*,*,#2065,.F.);
#2602=ORIENTED_EDGE('',*,*,#2066,.F.);
#2603=ORIENTED_EDGE('',*,*,#2067,.F.);
#2604=ORIENTED_EDGE('',*,*,#2068,.T.);
#2605=ORIENTED_EDGE('',*,*,#1993,.F.);
#2606=ORIENTED_EDGE('',*,*,#2069,.F.);
#2607=ORIENTED_EDGE('',*,*,#2070,.F.);
#2608=ORIENTED_EDGE('',*,*,#2069,.T.);
#2609=ORIENTED_EDGE('',*,*,#1998,.F.);
#2610=ORIENTED_EDGE('',*,*,#2071,.F.);
#2611=ORIENTED_EDGE('',*,*,#2072,.F.);
#2612=ORIENTED_EDGE('',*,*,#2071,.T.);
#2613=ORIENTED_EDGE('',*,*,#1997,.F.);
#2614=ORIENTED_EDGE('',*,*,#2073,.F.);
#2615=ORIENTED_EDGE('',*,*,#2074,.F.);
#2616=ORIENTED_EDGE('',*,*,#2073,.T.);
#2617=ORIENTED_EDGE('',*,*,#1996,.F.);
#2618=ORIENTED_EDGE('',*,*,#2075,.F.);
#2619=ORIENTED_EDGE('',*,*,#2076,.F.);
#2620=ORIENTED_EDGE('',*,*,#2075,.T.);
#2621=ORIENTED_EDGE('',*,*,#1995,.F.);
#2622=ORIENTED_EDGE('',*,*,#2077,.F.);
#2623=ORIENTED_EDGE('',*,*,#2078,.F.);
#2624=ORIENTED_EDGE('',*,*,#2077,.T.);
#2625=ORIENTED_EDGE('',*,*,#1994,.F.);
#2626=ORIENTED_EDGE('',*,*,#2068,.F.);
#2627=ORIENTED_EDGE('',*,*,#2079,.F.);
#2628=ORIENTED_EDGE('',*,*,#2080,.T.);
#2629=ORIENTED_EDGE('',*,*,#2081,.T.);
#2630=ORIENTED_EDGE('',*,*,#2080,.F.);
#2631=ORIENTED_EDGE('',*,*,#2081,.F.);
#2632=ORIENTED_EDGE('',*,*,#2082,.F.);
#2633=ORIENTED_EDGE('',*,*,#2083,.T.);
#2634=ORIENTED_EDGE('',*,*,#2084,.T.);
#2635=ORIENTED_EDGE('',*,*,#2083,.F.);
#2636=ORIENTED_EDGE('',*,*,#2084,.F.);
#2637=ORIENTED_EDGE('',*,*,#2085,.F.);
#2638=ORIENTED_EDGE('',*,*,#2086,.T.);
#2639=ORIENTED_EDGE('',*,*,#2087,.T.);
#2640=ORIENTED_EDGE('',*,*,#2086,.F.);
#2641=ORIENTED_EDGE('',*,*,#2087,.F.);
#2642=ORIENTED_EDGE('',*,*,#2088,.F.);
#2643=ORIENTED_EDGE('',*,*,#2089,.T.);
#2644=ORIENTED_EDGE('',*,*,#2090,.T.);
#2645=ORIENTED_EDGE('',*,*,#2089,.F.);
#2646=ORIENTED_EDGE('',*,*,#2090,.F.);
#2647=ORIENTED_EDGE('',*,*,#2091,.F.);
#2648=ORIENTED_EDGE('',*,*,#2092,.T.);
#2649=ORIENTED_EDGE('',*,*,#2093,.T.);
#2650=ORIENTED_EDGE('',*,*,#2092,.F.);
#2651=ORIENTED_EDGE('',*,*,#2093,.F.);
#2652=ORIENTED_EDGE('',*,*,#2094,.F.);
#2653=ORIENTED_EDGE('',*,*,#2095,.T.);
#2654=ORIENTED_EDGE('',*,*,#2096,.T.);
#2655=ORIENTED_EDGE('',*,*,#2095,.F.);
#2656=ORIENTED_EDGE('',*,*,#2096,.F.);
#2657=ORIENTED_EDGE('',*,*,#2097,.F.);
#2658=ORIENTED_EDGE('',*,*,#2098,.T.);
#2659=ORIENTED_EDGE('',*,*,#2099,.T.);
#2660=ORIENTED_EDGE('',*,*,#2098,.F.);
#2661=ORIENTED_EDGE('',*,*,#2099,.F.);
#2662=ORIENTED_EDGE('',*,*,#2100,.F.);
#2663=ORIENTED_EDGE('',*,*,#2101,.T.);
#2664=ORIENTED_EDGE('',*,*,#2102,.T.);
#2665=ORIENTED_EDGE('',*,*,#2101,.F.);
#2666=ORIENTED_EDGE('',*,*,#2102,.F.);
#2667=ORIENTED_EDGE('',*,*,#2103,.F.);
#2668=ORIENTED_EDGE('',*,*,#2104,.T.);
#2669=ORIENTED_EDGE('',*,*,#2105,.T.);
#2670=ORIENTED_EDGE('',*,*,#2104,.F.);
#2671=ORIENTED_EDGE('',*,*,#2105,.F.);
#2672=ORIENTED_EDGE('',*,*,#2106,.F.);
#2673=ORIENTED_EDGE('',*,*,#2107,.T.);
#2674=ORIENTED_EDGE('',*,*,#2108,.T.);
#2675=ORIENTED_EDGE('',*,*,#2107,.F.);
#2676=ORIENTED_EDGE('',*,*,#2108,.F.);
#2677=ORIENTED_EDGE('',*,*,#2109,.F.);
#2678=ORIENTED_EDGE('',*,*,#2110,.F.);
#2679=ORIENTED_EDGE('',*,*,#2111,.F.);
#2680=ORIENTED_EDGE('',*,*,#2112,.F.);
#2681=ORIENTED_EDGE('',*,*,#2113,.F.);
#2682=ORIENTED_EDGE('',*,*,#2114,.T.);
#2683=ORIENTED_EDGE('',*,*,#2115,.F.);
#2684=ORIENTED_EDGE('',*,*,#2116,.F.);
#2685=ORIENTED_EDGE('',*,*,#2117,.F.);
#2686=ORIENTED_EDGE('',*,*,#2118,.F.);
#2687=ORIENTED_EDGE('',*,*,#2119,.F.);
#2688=ORIENTED_EDGE('',*,*,#2112,.T.);
#2689=ORIENTED_EDGE('',*,*,#2120,.F.);
#2690=ORIENTED_EDGE('',*,*,#2121,.F.);
#2691=ORIENTED_EDGE('',*,*,#2122,.F.);
#2692=ORIENTED_EDGE('',*,*,#2123,.T.);
#2693=ORIENTED_EDGE('',*,*,#2124,.F.);
#2694=ORIENTED_EDGE('',*,*,#2125,.F.);
#2695=ORIENTED_EDGE('',*,*,#2126,.F.);
#2696=ORIENTED_EDGE('',*,*,#2118,.T.);
#2697=ORIENTED_EDGE('',*,*,#2127,.F.);
#2698=ORIENTED_EDGE('',*,*,#2125,.T.);
#2699=ORIENTED_EDGE('',*,*,#2128,.F.);
#2700=ORIENTED_EDGE('',*,*,#2129,.F.);
#2701=ORIENTED_EDGE('',*,*,#2130,.F.);
#2702=ORIENTED_EDGE('',*,*,#2129,.T.);
#2703=ORIENTED_EDGE('',*,*,#2131,.F.);
#2704=ORIENTED_EDGE('',*,*,#2132,.F.);
#2705=ORIENTED_EDGE('',*,*,#2133,.F.);
#2706=ORIENTED_EDGE('',*,*,#2132,.T.);
#2707=ORIENTED_EDGE('',*,*,#2134,.F.);
#2708=ORIENTED_EDGE('',*,*,#2114,.F.);
#2709=ORIENTED_EDGE('',*,*,#2135,.F.);
#2710=ORIENTED_EDGE('',*,*,#2116,.T.);
#2711=ORIENTED_EDGE('',*,*,#2136,.F.);
#2712=ORIENTED_EDGE('',*,*,#2123,.F.);
#2713=ORIENTED_EDGE('',*,*,#2137,.F.);
#2714=ORIENTED_EDGE('',*,*,#2138,.F.);
#2715=ORIENTED_EDGE('',*,*,#2139,.F.);
#2716=ORIENTED_EDGE('',*,*,#2140,.F.);
#2717=ORIENTED_EDGE('',*,*,#2140,.T.);
#2718=ORIENTED_EDGE('',*,*,#2141,.T.);
#2719=ORIENTED_EDGE('',*,*,#2142,.F.);
#2720=ORIENTED_EDGE('',*,*,#2143,.F.);
#2721=ORIENTED_EDGE('',*,*,#2144,.T.);
#2722=ORIENTED_EDGE('',*,*,#2145,.T.);
#2723=ORIENTED_EDGE('',*,*,#2146,.T.);
#2724=ORIENTED_EDGE('',*,*,#2147,.F.);
#2725=ORIENTED_EDGE('',*,*,#2139,.T.);
#2726=ORIENTED_EDGE('',*,*,#2148,.F.);
#2727=ORIENTED_EDGE('',*,*,#2149,.F.);
#2728=ORIENTED_EDGE('',*,*,#2141,.F.);
#2729=ORIENTED_EDGE('',*,*,#2150,.F.);
#2730=ORIENTED_EDGE('',*,*,#2151,.F.);
#2731=ORIENTED_EDGE('',*,*,#2152,.F.);
#2732=ORIENTED_EDGE('',*,*,#2153,.F.);
#2733=ORIENTED_EDGE('',*,*,#2154,.F.);
#2734=ORIENTED_EDGE('',*,*,#2155,.F.);
#2735=ORIENTED_EDGE('',*,*,#2156,.F.);
#2736=ORIENTED_EDGE('',*,*,#2157,.F.);
#2737=ORIENTED_EDGE('',*,*,#2158,.F.);
#2738=ORIENTED_EDGE('',*,*,#2159,.F.);
#2739=ORIENTED_EDGE('',*,*,#2160,.F.);
#2740=ORIENTED_EDGE('',*,*,#2161,.F.);
#2741=ORIENTED_EDGE('',*,*,#2138,.T.);
#2742=ORIENTED_EDGE('',*,*,#2162,.F.);
#2743=ORIENTED_EDGE('',*,*,#2163,.T.);
#2744=ORIENTED_EDGE('',*,*,#2164,.T.);
#2745=ORIENTED_EDGE('',*,*,#2165,.F.);
#2746=ORIENTED_EDGE('',*,*,#2166,.F.);
#2747=ORIENTED_EDGE('',*,*,#2167,.T.);
#2748=ORIENTED_EDGE('',*,*,#2148,.T.);
#2749=ORIENTED_EDGE('',*,*,#2168,.F.);
#2750=ORIENTED_EDGE('',*,*,#2145,.F.);
#2751=ORIENTED_EDGE('',*,*,#2169,.F.);
#2752=ORIENTED_EDGE('',*,*,#2170,.F.);
#2753=ORIENTED_EDGE('',*,*,#2171,.F.);
#2754=ORIENTED_EDGE('',*,*,#2164,.F.);
#2755=ORIENTED_EDGE('',*,*,#2172,.F.);
#2756=ORIENTED_EDGE('',*,*,#2173,.F.);
#2757=ORIENTED_EDGE('',*,*,#2174,.F.);
#2758=ORIENTED_EDGE('',*,*,#2175,.F.);
#2759=ORIENTED_EDGE('',*,*,#2176,.F.);
#2760=ORIENTED_EDGE('',*,*,#2177,.F.);
#2761=ORIENTED_EDGE('',*,*,#2178,.F.);
#2762=ORIENTED_EDGE('',*,*,#2179,.F.);
#2763=ORIENTED_EDGE('',*,*,#2180,.F.);
#2764=ORIENTED_EDGE('',*,*,#2181,.F.);
#2765=ORIENTED_EDGE('',*,*,#2182,.F.);
#2766=ORIENTED_EDGE('',*,*,#2183,.F.);
#2767=ORIENTED_EDGE('',*,*,#2152,.T.);
#2768=ORIENTED_EDGE('',*,*,#2184,.F.);
#2769=ORIENTED_EDGE('',*,*,#2185,.T.);
#2770=ORIENTED_EDGE('',*,*,#2186,.T.);
#2771=ORIENTED_EDGE('',*,*,#2151,.T.);
#2772=ORIENTED_EDGE('',*,*,#2187,.F.);
#2773=ORIENTED_EDGE('',*,*,#2188,.T.);
#2774=ORIENTED_EDGE('',*,*,#2184,.T.);
#2775=ORIENTED_EDGE('',*,*,#2150,.T.);
#2776=ORIENTED_EDGE('',*,*,#2189,.T.);
#2777=ORIENTED_EDGE('',*,*,#2190,.T.);
#2778=ORIENTED_EDGE('',*,*,#2187,.T.);
#2779=ORIENTED_EDGE('',*,*,#2158,.T.);
#2780=ORIENTED_EDGE('',*,*,#2191,.F.);
#2781=ORIENTED_EDGE('',*,*,#2192,.T.);
#2782=ORIENTED_EDGE('',*,*,#2193,.T.);
#2783=ORIENTED_EDGE('',*,*,#2157,.T.);
#2784=ORIENTED_EDGE('',*,*,#2194,.F.);
#2785=ORIENTED_EDGE('',*,*,#2195,.T.);
#2786=ORIENTED_EDGE('',*,*,#2191,.T.);
#2787=ORIENTED_EDGE('',*,*,#2156,.T.);
#2788=ORIENTED_EDGE('',*,*,#2196,.T.);
#2789=ORIENTED_EDGE('',*,*,#2197,.T.);
#2790=ORIENTED_EDGE('',*,*,#2194,.T.);
#2791=ORIENTED_EDGE('',*,*,#2180,.T.);
#2792=ORIENTED_EDGE('',*,*,#2198,.F.);
#2793=ORIENTED_EDGE('',*,*,#2199,.T.);
#2794=ORIENTED_EDGE('',*,*,#2200,.T.);
#2795=ORIENTED_EDGE('',*,*,#2179,.T.);
#2796=ORIENTED_EDGE('',*,*,#2201,.F.);
#2797=ORIENTED_EDGE('',*,*,#2202,.T.);
#2798=ORIENTED_EDGE('',*,*,#2198,.T.);
#2799=ORIENTED_EDGE('',*,*,#2178,.T.);
#2800=ORIENTED_EDGE('',*,*,#2203,.T.);
#2801=ORIENTED_EDGE('',*,*,#2204,.T.);
#2802=ORIENTED_EDGE('',*,*,#2201,.T.);
#2803=ORIENTED_EDGE('',*,*,#2174,.T.);
#2804=ORIENTED_EDGE('',*,*,#2205,.F.);
#2805=ORIENTED_EDGE('',*,*,#2206,.T.);
#2806=ORIENTED_EDGE('',*,*,#2207,.T.);
#2807=ORIENTED_EDGE('',*,*,#2173,.T.);
#2808=ORIENTED_EDGE('',*,*,#2208,.F.);
#2809=ORIENTED_EDGE('',*,*,#2209,.T.);
#2810=ORIENTED_EDGE('',*,*,#2205,.T.);
#2811=ORIENTED_EDGE('',*,*,#2172,.T.);
#2812=ORIENTED_EDGE('',*,*,#2210,.T.);
#2813=ORIENTED_EDGE('',*,*,#2211,.T.);
#2814=ORIENTED_EDGE('',*,*,#2208,.T.);
#2815=ORIENTED_EDGE('',*,*,#2212,.F.);
#2816=ORIENTED_EDGE('',*,*,#2213,.F.);
#2817=ORIENTED_EDGE('',*,*,#2214,.F.);
#2818=ORIENTED_EDGE('',*,*,#2192,.F.);
#2819=ORIENTED_EDGE('',*,*,#2195,.F.);
#2820=ORIENTED_EDGE('',*,*,#2197,.F.);
#2821=ORIENTED_EDGE('',*,*,#2215,.F.);
#2822=ORIENTED_EDGE('',*,*,#2216,.F.);
#2823=ORIENTED_EDGE('',*,*,#2217,.F.);
#2824=ORIENTED_EDGE('',*,*,#2218,.F.);
#2825=ORIENTED_EDGE('',*,*,#2199,.F.);
#2826=ORIENTED_EDGE('',*,*,#2202,.F.);
#2827=ORIENTED_EDGE('',*,*,#2204,.F.);
#2828=ORIENTED_EDGE('',*,*,#2219,.F.);
#2829=ORIENTED_EDGE('',*,*,#2220,.F.);
#2830=ORIENTED_EDGE('',*,*,#2221,.F.);
#2831=ORIENTED_EDGE('',*,*,#2222,.F.);
#2832=ORIENTED_EDGE('',*,*,#2206,.F.);
#2833=ORIENTED_EDGE('',*,*,#2209,.F.);
#2834=ORIENTED_EDGE('',*,*,#2211,.F.);
#2835=ORIENTED_EDGE('',*,*,#2223,.F.);
#2836=ORIENTED_EDGE('',*,*,#2224,.F.);
#2837=ORIENTED_EDGE('',*,*,#2225,.F.);
#2838=ORIENTED_EDGE('',*,*,#2226,.F.);
#2839=ORIENTED_EDGE('',*,*,#2185,.F.);
#2840=ORIENTED_EDGE('',*,*,#2188,.F.);
#2841=ORIENTED_EDGE('',*,*,#2190,.F.);
#2842=ORIENTED_EDGE('',*,*,#2227,.F.);
#2843=ORIENTED_EDGE('',*,*,#2170,.T.);
#2844=ORIENTED_EDGE('',*,*,#2228,.F.);
#2845=ORIENTED_EDGE('',*,*,#2229,.F.);
#2846=ORIENTED_EDGE('',*,*,#2230,.F.);
#2847=ORIENTED_EDGE('',*,*,#2171,.T.);
#2848=ORIENTED_EDGE('',*,*,#2230,.T.);
#2849=ORIENTED_EDGE('',*,*,#2231,.F.);
#2850=ORIENTED_EDGE('',*,*,#2165,.T.);
#2851=ORIENTED_EDGE('',*,*,#2121,.T.);
#2852=ORIENTED_EDGE('',*,*,#2232,.F.);
#2853=ORIENTED_EDGE('',*,*,#2233,.T.);
#2854=ORIENTED_EDGE('',*,*,#2234,.T.);
#2855=ORIENTED_EDGE('',*,*,#2235,.F.);
#2856=ORIENTED_EDGE('',*,*,#2236,.F.);
#2857=ORIENTED_EDGE('',*,*,#2233,.F.);
#2858=ORIENTED_EDGE('',*,*,#2237,.F.);
#2859=ORIENTED_EDGE('',*,*,#2238,.F.);
#2860=ORIENTED_EDGE('',*,*,#2239,.F.);
#2861=ORIENTED_EDGE('',*,*,#2235,.T.);
#2862=ORIENTED_EDGE('',*,*,#2240,.F.);
#2863=ORIENTED_EDGE('',*,*,#2241,.F.);
#2864=ORIENTED_EDGE('',*,*,#2242,.F.);
#2865=ORIENTED_EDGE('',*,*,#2238,.T.);
#2866=ORIENTED_EDGE('',*,*,#2243,.F.);
#2867=ORIENTED_EDGE('',*,*,#2154,.T.);
#2868=ORIENTED_EDGE('',*,*,#2244,.T.);
#2869=ORIENTED_EDGE('',*,*,#2225,.T.);
#2870=ORIENTED_EDGE('',*,*,#2245,.F.);
#2871=ORIENTED_EDGE('',*,*,#2155,.T.);
#2872=ORIENTED_EDGE('',*,*,#2245,.T.);
#2873=ORIENTED_EDGE('',*,*,#2224,.T.);
#2874=ORIENTED_EDGE('',*,*,#2189,.F.);
#2875=ORIENTED_EDGE('',*,*,#2160,.T.);
#2876=ORIENTED_EDGE('',*,*,#2246,.T.);
#2877=ORIENTED_EDGE('',*,*,#2213,.T.);
#2878=ORIENTED_EDGE('',*,*,#2247,.F.);
#2879=ORIENTED_EDGE('',*,*,#2161,.T.);
#2880=ORIENTED_EDGE('',*,*,#2247,.T.);
#2881=ORIENTED_EDGE('',*,*,#2212,.T.);
#2882=ORIENTED_EDGE('',*,*,#2196,.F.);
#2883=ORIENTED_EDGE('',*,*,#2153,.T.);
#2884=ORIENTED_EDGE('',*,*,#2186,.F.);
#2885=ORIENTED_EDGE('',*,*,#2226,.T.);
#2886=ORIENTED_EDGE('',*,*,#2244,.F.);
#2887=ORIENTED_EDGE('',*,*,#2159,.T.);
#2888=ORIENTED_EDGE('',*,*,#2193,.F.);
#2889=ORIENTED_EDGE('',*,*,#2214,.T.);
#2890=ORIENTED_EDGE('',*,*,#2246,.F.);
#2891=ORIENTED_EDGE('',*,*,#2182,.T.);
#2892=ORIENTED_EDGE('',*,*,#2248,.T.);
#2893=ORIENTED_EDGE('',*,*,#2217,.T.);
#2894=ORIENTED_EDGE('',*,*,#2249,.F.);
#2895=ORIENTED_EDGE('',*,*,#2183,.T.);
#2896=ORIENTED_EDGE('',*,*,#2249,.T.);
#2897=ORIENTED_EDGE('',*,*,#2216,.T.);
#2898=ORIENTED_EDGE('',*,*,#2203,.F.);
#2899=ORIENTED_EDGE('',*,*,#2176,.T.);
#2900=ORIENTED_EDGE('',*,*,#2250,.T.);
#2901=ORIENTED_EDGE('',*,*,#2221,.T.);
#2902=ORIENTED_EDGE('',*,*,#2251,.F.);
#2903=ORIENTED_EDGE('',*,*,#2177,.T.);
#2904=ORIENTED_EDGE('',*,*,#2251,.T.);
#2905=ORIENTED_EDGE('',*,*,#2220,.T.);
#2906=ORIENTED_EDGE('',*,*,#2210,.F.);
#2907=ORIENTED_EDGE('',*,*,#2181,.T.);
#2908=ORIENTED_EDGE('',*,*,#2200,.F.);
#2909=ORIENTED_EDGE('',*,*,#2218,.T.);
#2910=ORIENTED_EDGE('',*,*,#2248,.F.);
#2911=ORIENTED_EDGE('',*,*,#2175,.T.);
#2912=ORIENTED_EDGE('',*,*,#2207,.F.);
#2913=ORIENTED_EDGE('',*,*,#2222,.T.);
#2914=ORIENTED_EDGE('',*,*,#2250,.F.);
#2915=ORIENTED_EDGE('',*,*,#2163,.F.);
#2916=ORIENTED_EDGE('',*,*,#2252,.F.);
#2917=ORIENTED_EDGE('',*,*,#2146,.F.);
#2918=ORIENTED_EDGE('',*,*,#2168,.T.);
#2919=ORIENTED_EDGE('',*,*,#2078,.T.);
#2920=ORIENTED_EDGE('',*,*,#2067,.T.);
#2921=ORIENTED_EDGE('',*,*,#2070,.T.);
#2922=ORIENTED_EDGE('',*,*,#2072,.T.);
#2923=ORIENTED_EDGE('',*,*,#2074,.T.);
#2924=ORIENTED_EDGE('',*,*,#2076,.T.);
#2925=ORIENTED_EDGE('',*,*,#2079,.T.);
#2926=ORIENTED_EDGE('',*,*,#2082,.T.);
#2927=ORIENTED_EDGE('',*,*,#2085,.T.);
#2928=ORIENTED_EDGE('',*,*,#2088,.T.);
#2929=ORIENTED_EDGE('',*,*,#2091,.T.);
#2930=ORIENTED_EDGE('',*,*,#2094,.T.);
#2931=ORIENTED_EDGE('',*,*,#2097,.T.);
#2932=ORIENTED_EDGE('',*,*,#2100,.T.);
#2933=ORIENTED_EDGE('',*,*,#2103,.T.);
#2934=ORIENTED_EDGE('',*,*,#2106,.T.);
#2935=ORIENTED_EDGE('',*,*,#2126,.T.);
#2936=ORIENTED_EDGE('',*,*,#2127,.T.);
#2937=ORIENTED_EDGE('',*,*,#2130,.T.);
#2938=ORIENTED_EDGE('',*,*,#2133,.T.);
#2939=ORIENTED_EDGE('',*,*,#2113,.T.);
#2940=ORIENTED_EDGE('',*,*,#2119,.T.);
#2941=ORIENTED_EDGE('',*,*,#1991,.F.);
#2942=ORIENTED_EDGE('',*,*,#2253,.T.);
#2943=ORIENTED_EDGE('',*,*,#2254,.F.);
#2944=ORIENTED_EDGE('',*,*,#2255,.F.);
#2945=ORIENTED_EDGE('',*,*,#1992,.F.);
#2946=ORIENTED_EDGE('',*,*,#2255,.T.);
#2947=ORIENTED_EDGE('',*,*,#2256,.F.);
#2948=ORIENTED_EDGE('',*,*,#1975,.F.);
#2949=ORIENTED_EDGE('',*,*,#1981,.F.);
#2950=ORIENTED_EDGE('',*,*,#2066,.T.);
#2951=ORIENTED_EDGE('',*,*,#2257,.F.);
#2952=ORIENTED_EDGE('',*,*,#2258,.F.);
#2953=ORIENTED_EDGE('',*,*,#1987,.F.);
#2954=ORIENTED_EDGE('',*,*,#1990,.F.);
#2955=ORIENTED_EDGE('',*,*,#2259,.T.);
#2956=ORIENTED_EDGE('',*,*,#2260,.F.);
#2957=ORIENTED_EDGE('',*,*,#2253,.F.);
#2958=ORIENTED_EDGE('',*,*,#1989,.F.);
#2959=ORIENTED_EDGE('',*,*,#2261,.T.);
#2960=ORIENTED_EDGE('',*,*,#2262,.F.);
#2961=ORIENTED_EDGE('',*,*,#2259,.F.);
#2962=ORIENTED_EDGE('',*,*,#1988,.F.);
#2963=ORIENTED_EDGE('',*,*,#2258,.T.);
#2964=ORIENTED_EDGE('',*,*,#2263,.F.);
#2965=ORIENTED_EDGE('',*,*,#2264,.F.);
#2966=ORIENTED_EDGE('',*,*,#2261,.F.);
#2967=ORIENTED_EDGE('',*,*,#2062,.T.);
#2968=ORIENTED_EDGE('',*,*,#1978,.T.);
#2969=ORIENTED_EDGE('',*,*,#2265,.T.);
#2970=ORIENTED_EDGE('',*,*,#2266,.F.);
#2971=ORIENTED_EDGE('',*,*,#2045,.F.);
#2972=ORIENTED_EDGE('',*,*,#2063,.T.);
#2973=ORIENTED_EDGE('',*,*,#2049,.F.);
#2974=ORIENTED_EDGE('',*,*,#2267,.F.);
#2975=ORIENTED_EDGE('',*,*,#2268,.T.);
#2976=ORIENTED_EDGE('',*,*,#2269,.F.);
#2977=ORIENTED_EDGE('',*,*,#2270,.F.);
#2978=ORIENTED_EDGE('',*,*,#2038,.F.);
#2979=ORIENTED_EDGE('',*,*,#2271,.T.);
#2980=ORIENTED_EDGE('',*,*,#2272,.F.);
#2981=ORIENTED_EDGE('',*,*,#2271,.F.);
#2982=ORIENTED_EDGE('',*,*,#2037,.F.);
#2983=ORIENTED_EDGE('',*,*,#2273,.T.);
#2984=ORIENTED_EDGE('',*,*,#2274,.F.);
#2985=ORIENTED_EDGE('',*,*,#2273,.F.);
#2986=ORIENTED_EDGE('',*,*,#2036,.F.);
#2987=ORIENTED_EDGE('',*,*,#2275,.T.);
#2988=ORIENTED_EDGE('',*,*,#2276,.F.);
#2989=ORIENTED_EDGE('',*,*,#2275,.F.);
#2990=ORIENTED_EDGE('',*,*,#2039,.F.);
#2991=ORIENTED_EDGE('',*,*,#2270,.T.);
#2992=ORIENTED_EDGE('',*,*,#2277,.F.);
#2993=ORIENTED_EDGE('',*,*,#2278,.F.);
#2994=ORIENTED_EDGE('',*,*,#2279,.F.);
#2995=ORIENTED_EDGE('',*,*,#2280,.T.);
#2996=ORIENTED_EDGE('',*,*,#2281,.F.);
#2997=ORIENTED_EDGE('',*,*,#2280,.F.);
#2998=ORIENTED_EDGE('',*,*,#2282,.F.);
#2999=ORIENTED_EDGE('',*,*,#2283,.T.);
#3000=ORIENTED_EDGE('',*,*,#2284,.F.);
#3001=ORIENTED_EDGE('',*,*,#2283,.F.);
#3002=ORIENTED_EDGE('',*,*,#2285,.F.);
#3003=ORIENTED_EDGE('',*,*,#2286,.T.);
#3004=ORIENTED_EDGE('',*,*,#2287,.F.);
#3005=ORIENTED_EDGE('',*,*,#2286,.F.);
#3006=ORIENTED_EDGE('',*,*,#2288,.F.);
#3007=ORIENTED_EDGE('',*,*,#2278,.T.);
#3008=ORIENTED_EDGE('',*,*,#2289,.F.);
#3009=ORIENTED_EDGE('',*,*,#2290,.F.);
#3010=ORIENTED_EDGE('',*,*,#2291,.F.);
#3011=ORIENTED_EDGE('',*,*,#2292,.T.);
#3012=ORIENTED_EDGE('',*,*,#2293,.F.);
#3013=ORIENTED_EDGE('',*,*,#2292,.F.);
#3014=ORIENTED_EDGE('',*,*,#2294,.F.);
#3015=ORIENTED_EDGE('',*,*,#2295,.T.);
#3016=ORIENTED_EDGE('',*,*,#2296,.F.);
#3017=ORIENTED_EDGE('',*,*,#2295,.F.);
#3018=ORIENTED_EDGE('',*,*,#2297,.F.);
#3019=ORIENTED_EDGE('',*,*,#2298,.T.);
#3020=ORIENTED_EDGE('',*,*,#2299,.F.);
#3021=ORIENTED_EDGE('',*,*,#2298,.F.);
#3022=ORIENTED_EDGE('',*,*,#2300,.F.);
#3023=ORIENTED_EDGE('',*,*,#2290,.T.);
#3024=ORIENTED_EDGE('',*,*,#2301,.F.);
#3025=ORIENTED_EDGE('',*,*,#2302,.F.);
#3026=ORIENTED_EDGE('',*,*,#2303,.F.);
#3027=ORIENTED_EDGE('',*,*,#2304,.T.);
#3028=ORIENTED_EDGE('',*,*,#2305,.F.);
#3029=ORIENTED_EDGE('',*,*,#2304,.F.);
#3030=ORIENTED_EDGE('',*,*,#2306,.F.);
#3031=ORIENTED_EDGE('',*,*,#2307,.T.);
#3032=ORIENTED_EDGE('',*,*,#2308,.F.);
#3033=ORIENTED_EDGE('',*,*,#2307,.F.);
#3034=ORIENTED_EDGE('',*,*,#2309,.F.);
#3035=ORIENTED_EDGE('',*,*,#2310,.T.);
#3036=ORIENTED_EDGE('',*,*,#2311,.F.);
#3037=ORIENTED_EDGE('',*,*,#2310,.F.);
#3038=ORIENTED_EDGE('',*,*,#2312,.F.);
#3039=ORIENTED_EDGE('',*,*,#2302,.T.);
#3040=ORIENTED_EDGE('',*,*,#2149,.T.);
#3041=ORIENTED_EDGE('',*,*,#2167,.F.);
#3042=ORIENTED_EDGE('',*,*,#2313,.F.);
#3043=ORIENTED_EDGE('',*,*,#2142,.T.);
#3044=ORIENTED_EDGE('',*,*,#2314,.T.);
#3045=ORIENTED_EDGE('',*,*,#2315,.T.);
#3046=ORIENTED_EDGE('',*,*,#2041,.F.);
#3047=ORIENTED_EDGE('',*,*,#2316,.F.);
#3048=ORIENTED_EDGE('',*,*,#2317,.T.);
#3049=ORIENTED_EDGE('',*,*,#2318,.T.);
#3050=ORIENTED_EDGE('',*,*,#2053,.F.);
#3051=ORIENTED_EDGE('',*,*,#2318,.F.);
#3052=ORIENTED_EDGE('',*,*,#2319,.T.);
#3053=ORIENTED_EDGE('',*,*,#2320,.T.);
#3054=ORIENTED_EDGE('',*,*,#2052,.F.);
#3055=ORIENTED_EDGE('',*,*,#2320,.F.);
#3056=ORIENTED_EDGE('',*,*,#2321,.T.);
#3057=ORIENTED_EDGE('',*,*,#2322,.T.);
#3058=ORIENTED_EDGE('',*,*,#2051,.F.);
#3059=ORIENTED_EDGE('',*,*,#2322,.F.);
#3060=ORIENTED_EDGE('',*,*,#2323,.T.);
#3061=ORIENTED_EDGE('',*,*,#2324,.T.);
#3062=ORIENTED_EDGE('',*,*,#2050,.F.);
#3063=ORIENTED_EDGE('',*,*,#2324,.F.);
#3064=ORIENTED_EDGE('',*,*,#2325,.T.);
#3065=ORIENTED_EDGE('',*,*,#2326,.F.);
#3066=ORIENTED_EDGE('',*,*,#2327,.T.);
#3067=ORIENTED_EDGE('',*,*,#2328,.T.);
#3068=ORIENTED_EDGE('',*,*,#2329,.T.);
#3069=ORIENTED_EDGE('',*,*,#2325,.F.);
#3070=ORIENTED_EDGE('',*,*,#2267,.T.);
#3071=ORIENTED_EDGE('',*,*,#2048,.F.);
#3072=ORIENTED_EDGE('',*,*,#2330,.T.);
#3073=ORIENTED_EDGE('',*,*,#2331,.T.);
#3074=ORIENTED_EDGE('',*,*,#2332,.T.);
#3075=ORIENTED_EDGE('',*,*,#2333,.T.);
#3076=ORIENTED_EDGE('',*,*,#2330,.F.);
#3077=ORIENTED_EDGE('',*,*,#2334,.T.);
#3078=ORIENTED_EDGE('',*,*,#2335,.T.);
#3079=ORIENTED_EDGE('',*,*,#2336,.T.);
#3080=ORIENTED_EDGE('',*,*,#2337,.T.);
#3081=ORIENTED_EDGE('',*,*,#2338,.T.);
#3082=ORIENTED_EDGE('',*,*,#2339,.T.);
#3083=ORIENTED_EDGE('',*,*,#2336,.F.);
#3084=ORIENTED_EDGE('',*,*,#2340,.T.);
#3085=ORIENTED_EDGE('',*,*,#2341,.T.);
#3086=ORIENTED_EDGE('',*,*,#2332,.F.);
#3087=ORIENTED_EDGE('',*,*,#1985,.T.);
#3088=ORIENTED_EDGE('',*,*,#2337,.F.);
#3089=ORIENTED_EDGE('',*,*,#2342,.T.);
#3090=ORIENTED_EDGE('',*,*,#2334,.F.);
#3091=ORIENTED_EDGE('',*,*,#2342,.F.);
#3092=ORIENTED_EDGE('',*,*,#2339,.F.);
#3093=ORIENTED_EDGE('',*,*,#2343,.T.);
#3094=ORIENTED_EDGE('',*,*,#2344,.T.);
#3095=ORIENTED_EDGE('',*,*,#2345,.T.);
#3096=ORIENTED_EDGE('',*,*,#2054,.F.);
#3097=ORIENTED_EDGE('',*,*,#2345,.F.);
#3098=ORIENTED_EDGE('',*,*,#2346,.T.);
#3099=ORIENTED_EDGE('',*,*,#2347,.T.);
#3100=ORIENTED_EDGE('',*,*,#2055,.F.);
#3101=ORIENTED_EDGE('',*,*,#2347,.F.);
#3102=ORIENTED_EDGE('',*,*,#2227,.T.);
#3103=ORIENTED_EDGE('',*,*,#2348,.T.);
#3104=ORIENTED_EDGE('',*,*,#2349,.T.);
#3105=ORIENTED_EDGE('',*,*,#2348,.F.);
#3106=ORIENTED_EDGE('',*,*,#2223,.T.);
#3107=ORIENTED_EDGE('',*,*,#2350,.T.);
#3108=ORIENTED_EDGE('',*,*,#2351,.T.);
#3109=ORIENTED_EDGE('',*,*,#2350,.F.);
#3110=ORIENTED_EDGE('',*,*,#2219,.T.);
#3111=ORIENTED_EDGE('',*,*,#2352,.T.);
#3112=ORIENTED_EDGE('',*,*,#2353,.T.);
#3113=ORIENTED_EDGE('',*,*,#2352,.F.);
#3114=ORIENTED_EDGE('',*,*,#2215,.T.);
#3115=ORIENTED_EDGE('',*,*,#2354,.T.);
#3116=ORIENTED_EDGE('',*,*,#2355,.T.);
#3117=ORIENTED_EDGE('',*,*,#2354,.F.);
#3118=ORIENTED_EDGE('',*,*,#2169,.T.);
#3119=ORIENTED_EDGE('',*,*,#2144,.F.);
#3120=ORIENTED_EDGE('',*,*,#2356,.F.);
#3121=ORIENTED_EDGE('',*,*,#2228,.T.);
#3122=ORIENTED_EDGE('',*,*,#2357,.F.);
#3123=ORIENTED_EDGE('',*,*,#2358,.T.);
#3124=ORIENTED_EDGE('',*,*,#2359,.T.);
#3125=ORIENTED_EDGE('',*,*,#2360,.F.);
#3126=ORIENTED_EDGE('',*,*,#2361,.F.);
#3127=ORIENTED_EDGE('',*,*,#2362,.T.);
#3128=ORIENTED_EDGE('',*,*,#2363,.T.);
#3129=ORIENTED_EDGE('',*,*,#2358,.F.);
#3130=ORIENTED_EDGE('',*,*,#2364,.F.);
#3131=ORIENTED_EDGE('',*,*,#2365,.T.);
#3132=ORIENTED_EDGE('',*,*,#2366,.T.);
#3133=ORIENTED_EDGE('',*,*,#2362,.F.);
#3134=ORIENTED_EDGE('',*,*,#2367,.F.);
#3135=ORIENTED_EDGE('',*,*,#2368,.T.);
#3136=ORIENTED_EDGE('',*,*,#2369,.T.);
#3137=ORIENTED_EDGE('',*,*,#2365,.F.);
#3138=ORIENTED_EDGE('',*,*,#2370,.F.);
#3139=ORIENTED_EDGE('',*,*,#2371,.T.);
#3140=ORIENTED_EDGE('',*,*,#2372,.T.);
#3141=ORIENTED_EDGE('',*,*,#2368,.F.);
#3142=ORIENTED_EDGE('',*,*,#2373,.F.);
#3143=ORIENTED_EDGE('',*,*,#2374,.T.);
#3144=ORIENTED_EDGE('',*,*,#2375,.T.);
#3145=ORIENTED_EDGE('',*,*,#2371,.F.);
#3146=ORIENTED_EDGE('',*,*,#2376,.F.);
#3147=ORIENTED_EDGE('',*,*,#2377,.T.);
#3148=ORIENTED_EDGE('',*,*,#2378,.T.);
#3149=ORIENTED_EDGE('',*,*,#2374,.F.);
#3150=ORIENTED_EDGE('',*,*,#2379,.F.);
#3151=ORIENTED_EDGE('',*,*,#2360,.T.);
#3152=ORIENTED_EDGE('',*,*,#2380,.T.);
#3153=ORIENTED_EDGE('',*,*,#2377,.F.);
#3154=ORIENTED_EDGE('',*,*,#1999,.F.);
#3155=ORIENTED_EDGE('',*,*,#2381,.T.);
#3156=ORIENTED_EDGE('',*,*,#2382,.T.);
#3157=ORIENTED_EDGE('',*,*,#2383,.F.);
#3158=ORIENTED_EDGE('',*,*,#2017,.F.);
#3159=ORIENTED_EDGE('',*,*,#2384,.T.);
#3160=ORIENTED_EDGE('',*,*,#2385,.T.);
#3161=ORIENTED_EDGE('',*,*,#2381,.F.);
#3162=ORIENTED_EDGE('',*,*,#2016,.F.);
#3163=ORIENTED_EDGE('',*,*,#2386,.T.);
#3164=ORIENTED_EDGE('',*,*,#2387,.T.);
#3165=ORIENTED_EDGE('',*,*,#2384,.F.);
#3166=ORIENTED_EDGE('',*,*,#2015,.F.);
#3167=ORIENTED_EDGE('',*,*,#2388,.T.);
#3168=ORIENTED_EDGE('',*,*,#2389,.T.);
#3169=ORIENTED_EDGE('',*,*,#2386,.F.);
#3170=ORIENTED_EDGE('',*,*,#2014,.F.);
#3171=ORIENTED_EDGE('',*,*,#2390,.T.);
#3172=ORIENTED_EDGE('',*,*,#2391,.T.);
#3173=ORIENTED_EDGE('',*,*,#2388,.F.);
#3174=ORIENTED_EDGE('',*,*,#2013,.F.);
#3175=ORIENTED_EDGE('',*,*,#2392,.T.);
#3176=ORIENTED_EDGE('',*,*,#2393,.T.);
#3177=ORIENTED_EDGE('',*,*,#2390,.F.);
#3178=ORIENTED_EDGE('',*,*,#2012,.F.);
#3179=ORIENTED_EDGE('',*,*,#2394,.T.);
#3180=ORIENTED_EDGE('',*,*,#2395,.T.);
#3181=ORIENTED_EDGE('',*,*,#2392,.F.);
#3182=ORIENTED_EDGE('',*,*,#2011,.F.);
#3183=ORIENTED_EDGE('',*,*,#2396,.T.);
#3184=ORIENTED_EDGE('',*,*,#2397,.T.);
#3185=ORIENTED_EDGE('',*,*,#2394,.F.);
#3186=ORIENTED_EDGE('',*,*,#2010,.F.);
#3187=ORIENTED_EDGE('',*,*,#2398,.T.);
#3188=ORIENTED_EDGE('',*,*,#2399,.T.);
#3189=ORIENTED_EDGE('',*,*,#2396,.F.);
#3190=ORIENTED_EDGE('',*,*,#2009,.F.);
#3191=ORIENTED_EDGE('',*,*,#2400,.T.);
#3192=ORIENTED_EDGE('',*,*,#2401,.T.);
#3193=ORIENTED_EDGE('',*,*,#2398,.F.);
#3194=ORIENTED_EDGE('',*,*,#2008,.F.);
#3195=ORIENTED_EDGE('',*,*,#2402,.T.);
#3196=ORIENTED_EDGE('',*,*,#2403,.T.);
#3197=ORIENTED_EDGE('',*,*,#2400,.F.);
#3198=ORIENTED_EDGE('',*,*,#2007,.F.);
#3199=ORIENTED_EDGE('',*,*,#2404,.T.);
#3200=ORIENTED_EDGE('',*,*,#2405,.T.);
#3201=ORIENTED_EDGE('',*,*,#2402,.F.);
#3202=ORIENTED_EDGE('',*,*,#2006,.F.);
#3203=ORIENTED_EDGE('',*,*,#2406,.T.);
#3204=ORIENTED_EDGE('',*,*,#2407,.T.);
#3205=ORIENTED_EDGE('',*,*,#2404,.F.);
#3206=ORIENTED_EDGE('',*,*,#2005,.F.);
#3207=ORIENTED_EDGE('',*,*,#2408,.T.);
#3208=ORIENTED_EDGE('',*,*,#2409,.T.);
#3209=ORIENTED_EDGE('',*,*,#2406,.F.);
#3210=ORIENTED_EDGE('',*,*,#2004,.F.);
#3211=ORIENTED_EDGE('',*,*,#2410,.T.);
#3212=ORIENTED_EDGE('',*,*,#2411,.T.);
#3213=ORIENTED_EDGE('',*,*,#2408,.F.);
#3214=ORIENTED_EDGE('',*,*,#2003,.F.);
#3215=ORIENTED_EDGE('',*,*,#2412,.T.);
#3216=ORIENTED_EDGE('',*,*,#2413,.T.);
#3217=ORIENTED_EDGE('',*,*,#2410,.F.);
#3218=ORIENTED_EDGE('',*,*,#2002,.F.);
#3219=ORIENTED_EDGE('',*,*,#2414,.T.);
#3220=ORIENTED_EDGE('',*,*,#2415,.T.);
#3221=ORIENTED_EDGE('',*,*,#2412,.F.);
#3222=ORIENTED_EDGE('',*,*,#2001,.F.);
#3223=ORIENTED_EDGE('',*,*,#2416,.T.);
#3224=ORIENTED_EDGE('',*,*,#2417,.T.);
#3225=ORIENTED_EDGE('',*,*,#2414,.F.);
#3226=ORIENTED_EDGE('',*,*,#2000,.F.);
#3227=ORIENTED_EDGE('',*,*,#2383,.T.);
#3228=ORIENTED_EDGE('',*,*,#2418,.T.);
#3229=ORIENTED_EDGE('',*,*,#2416,.F.);
#3230=ORIENTED_EDGE('',*,*,#2418,.F.);
#3231=ORIENTED_EDGE('',*,*,#2382,.F.);
#3232=ORIENTED_EDGE('',*,*,#2385,.F.);
#3233=ORIENTED_EDGE('',*,*,#2387,.F.);
#3234=ORIENTED_EDGE('',*,*,#2389,.F.);
#3235=ORIENTED_EDGE('',*,*,#2391,.F.);
#3236=ORIENTED_EDGE('',*,*,#2393,.F.);
#3237=ORIENTED_EDGE('',*,*,#2395,.F.);
#3238=ORIENTED_EDGE('',*,*,#2397,.F.);
#3239=ORIENTED_EDGE('',*,*,#2399,.F.);
#3240=ORIENTED_EDGE('',*,*,#2401,.F.);
#3241=ORIENTED_EDGE('',*,*,#2403,.F.);
#3242=ORIENTED_EDGE('',*,*,#2405,.F.);
#3243=ORIENTED_EDGE('',*,*,#2407,.F.);
#3244=ORIENTED_EDGE('',*,*,#2409,.F.);
#3245=ORIENTED_EDGE('',*,*,#2411,.F.);
#3246=ORIENTED_EDGE('',*,*,#2413,.F.);
#3247=ORIENTED_EDGE('',*,*,#2415,.F.);
#3248=ORIENTED_EDGE('',*,*,#2417,.F.);
#3249=ORIENTED_EDGE('',*,*,#2380,.F.);
#3250=ORIENTED_EDGE('',*,*,#2359,.F.);
#3251=ORIENTED_EDGE('',*,*,#2363,.F.);
#3252=ORIENTED_EDGE('',*,*,#2366,.F.);
#3253=ORIENTED_EDGE('',*,*,#2369,.F.);
#3254=ORIENTED_EDGE('',*,*,#2372,.F.);
#3255=ORIENTED_EDGE('',*,*,#2375,.F.);
#3256=ORIENTED_EDGE('',*,*,#2378,.F.);
#3257=ORIENTED_EDGE('',*,*,#2018,.F.);
#3258=ORIENTED_EDGE('',*,*,#2419,.T.);
#3259=ORIENTED_EDGE('',*,*,#2420,.T.);
#3260=ORIENTED_EDGE('',*,*,#2421,.F.);
#3261=ORIENTED_EDGE('',*,*,#2023,.F.);
#3262=ORIENTED_EDGE('',*,*,#2422,.T.);
#3263=ORIENTED_EDGE('',*,*,#2423,.T.);
#3264=ORIENTED_EDGE('',*,*,#2419,.F.);
#3265=ORIENTED_EDGE('',*,*,#2022,.F.);
#3266=ORIENTED_EDGE('',*,*,#2424,.T.);
#3267=ORIENTED_EDGE('',*,*,#2425,.T.);
#3268=ORIENTED_EDGE('',*,*,#2422,.F.);
#3269=ORIENTED_EDGE('',*,*,#2021,.F.);
#3270=ORIENTED_EDGE('',*,*,#2426,.T.);
#3271=ORIENTED_EDGE('',*,*,#2427,.T.);
#3272=ORIENTED_EDGE('',*,*,#2424,.F.);
#3273=ORIENTED_EDGE('',*,*,#2020,.F.);
#3274=ORIENTED_EDGE('',*,*,#2428,.T.);
#3275=ORIENTED_EDGE('',*,*,#2429,.T.);
#3276=ORIENTED_EDGE('',*,*,#2426,.F.);
#3277=ORIENTED_EDGE('',*,*,#2019,.F.);
#3278=ORIENTED_EDGE('',*,*,#2421,.T.);
#3279=ORIENTED_EDGE('',*,*,#2430,.T.);
#3280=ORIENTED_EDGE('',*,*,#2428,.F.);
#3281=ORIENTED_EDGE('',*,*,#2430,.F.);
#3282=ORIENTED_EDGE('',*,*,#2420,.F.);
#3283=ORIENTED_EDGE('',*,*,#2423,.F.);
#3284=ORIENTED_EDGE('',*,*,#2425,.F.);
#3285=ORIENTED_EDGE('',*,*,#2427,.F.);
#3286=ORIENTED_EDGE('',*,*,#2429,.F.);
#3287=ORIENTED_EDGE('',*,*,#2024,.F.);
#3288=ORIENTED_EDGE('',*,*,#2431,.T.);
#3289=ORIENTED_EDGE('',*,*,#2432,.T.);
#3290=ORIENTED_EDGE('',*,*,#2433,.F.);
#3291=ORIENTED_EDGE('',*,*,#2035,.F.);
#3292=ORIENTED_EDGE('',*,*,#2434,.T.);
#3293=ORIENTED_EDGE('',*,*,#2435,.T.);
#3294=ORIENTED_EDGE('',*,*,#2431,.F.);
#3295=ORIENTED_EDGE('',*,*,#2034,.F.);
#3296=ORIENTED_EDGE('',*,*,#2436,.T.);
#3297=ORIENTED_EDGE('',*,*,#2437,.T.);
#3298=ORIENTED_EDGE('',*,*,#2434,.F.);
#3299=ORIENTED_EDGE('',*,*,#2033,.F.);
#3300=ORIENTED_EDGE('',*,*,#2438,.T.);
#3301=ORIENTED_EDGE('',*,*,#2439,.T.);
#3302=ORIENTED_EDGE('',*,*,#2436,.F.);
#3303=ORIENTED_EDGE('',*,*,#2032,.F.);
#3304=ORIENTED_EDGE('',*,*,#2440,.T.);
#3305=ORIENTED_EDGE('',*,*,#2441,.T.);
#3306=ORIENTED_EDGE('',*,*,#2438,.F.);
#3307=ORIENTED_EDGE('',*,*,#2031,.F.);
#3308=ORIENTED_EDGE('',*,*,#2442,.T.);
#3309=ORIENTED_EDGE('',*,*,#2443,.T.);
#3310=ORIENTED_EDGE('',*,*,#2440,.F.);
#3311=ORIENTED_EDGE('',*,*,#2030,.F.);
#3312=ORIENTED_EDGE('',*,*,#2444,.T.);
#3313=ORIENTED_EDGE('',*,*,#2445,.T.);
#3314=ORIENTED_EDGE('',*,*,#2442,.F.);
#3315=ORIENTED_EDGE('',*,*,#2029,.F.);
#3316=ORIENTED_EDGE('',*,*,#2446,.T.);
#3317=ORIENTED_EDGE('',*,*,#2447,.T.);
#3318=ORIENTED_EDGE('',*,*,#2444,.F.);
#3319=ORIENTED_EDGE('',*,*,#2028,.F.);
#3320=ORIENTED_EDGE('',*,*,#2448,.T.);
#3321=ORIENTED_EDGE('',*,*,#2449,.T.);
#3322=ORIENTED_EDGE('',*,*,#2446,.F.);
#3323=ORIENTED_EDGE('',*,*,#2027,.F.);
#3324=ORIENTED_EDGE('',*,*,#2450,.T.);
#3325=ORIENTED_EDGE('',*,*,#2451,.T.);
#3326=ORIENTED_EDGE('',*,*,#2448,.F.);
#3327=ORIENTED_EDGE('',*,*,#2026,.F.);
#3328=ORIENTED_EDGE('',*,*,#2452,.T.);
#3329=ORIENTED_EDGE('',*,*,#2453,.T.);
#3330=ORIENTED_EDGE('',*,*,#2450,.F.);
#3331=ORIENTED_EDGE('',*,*,#2025,.F.);
#3332=ORIENTED_EDGE('',*,*,#2433,.T.);
#3333=ORIENTED_EDGE('',*,*,#2454,.T.);
#3334=ORIENTED_EDGE('',*,*,#2452,.F.);
#3335=ORIENTED_EDGE('',*,*,#2454,.F.);
#3336=ORIENTED_EDGE('',*,*,#2432,.F.);
#3337=ORIENTED_EDGE('',*,*,#2435,.F.);
#3338=ORIENTED_EDGE('',*,*,#2437,.F.);
#3339=ORIENTED_EDGE('',*,*,#2439,.F.);
#3340=ORIENTED_EDGE('',*,*,#2441,.F.);
#3341=ORIENTED_EDGE('',*,*,#2443,.F.);
#3342=ORIENTED_EDGE('',*,*,#2445,.F.);
#3343=ORIENTED_EDGE('',*,*,#2447,.F.);
#3344=ORIENTED_EDGE('',*,*,#2449,.F.);
#3345=ORIENTED_EDGE('',*,*,#2451,.F.);
#3346=ORIENTED_EDGE('',*,*,#2453,.F.);
#3347=ORIENTED_EDGE('',*,*,#2357,.T.);
#3348=ORIENTED_EDGE('',*,*,#2379,.T.);
#3349=ORIENTED_EDGE('',*,*,#2376,.T.);
#3350=ORIENTED_EDGE('',*,*,#2373,.T.);
#3351=ORIENTED_EDGE('',*,*,#2370,.T.);
#3352=ORIENTED_EDGE('',*,*,#2367,.T.);
#3353=ORIENTED_EDGE('',*,*,#2364,.T.);
#3354=ORIENTED_EDGE('',*,*,#2361,.T.);
#3355=ORIENTED_EDGE('',*,*,#2266,.T.);
#3356=ORIENTED_EDGE('',*,*,#2455,.T.);
#3357=ORIENTED_EDGE('',*,*,#2456,.T.);
#3358=ORIENTED_EDGE('',*,*,#2046,.F.);
#3359=ORIENTED_EDGE('',*,*,#2457,.T.);
#3360=ORIENTED_EDGE('',*,*,#2458,.T.);
#3361=ORIENTED_EDGE('',*,*,#2459,.T.);
#3362=ORIENTED_EDGE('',*,*,#2460,.F.);
#3363=ORIENTED_EDGE('',*,*,#2461,.T.);
#3364=ORIENTED_EDGE('',*,*,#2459,.F.);
#3365=ORIENTED_EDGE('',*,*,#1983,.T.);
#3366=ORIENTED_EDGE('',*,*,#2462,.F.);
#3367=ORIENTED_EDGE('',*,*,#2460,.T.);
#3368=ORIENTED_EDGE('',*,*,#2463,.T.);
#3369=ORIENTED_EDGE('',*,*,#2464,.T.);
#3370=ORIENTED_EDGE('',*,*,#2457,.F.);
#3371=ORIENTED_EDGE('',*,*,#2465,.T.);
#3372=ORIENTED_EDGE('',*,*,#2466,.T.);
#3373=ORIENTED_EDGE('',*,*,#2465,.F.);
#3374=ORIENTED_EDGE('',*,*,#2461,.F.);
#3375=ORIENTED_EDGE('',*,*,#2467,.F.);
#3376=ORIENTED_EDGE('',*,*,#2468,.T.);
#3377=ORIENTED_EDGE('',*,*,#2467,.T.);
#3378=ORIENTED_EDGE('',*,*,#2462,.T.);
#3379=ORIENTED_EDGE('',*,*,#2469,.T.);
#3380=ORIENTED_EDGE('',*,*,#2470,.T.);
#3381=ORIENTED_EDGE('',*,*,#2471,.T.);
#3382=ORIENTED_EDGE('',*,*,#2472,.T.);
#3383=ORIENTED_EDGE('',*,*,#2043,.F.);
#3384=ORIENTED_EDGE('',*,*,#2473,.T.);
#3385=ORIENTED_EDGE('',*,*,#2474,.T.);
#3386=ORIENTED_EDGE('',*,*,#2475,.T.);
#3387=ORIENTED_EDGE('',*,*,#2058,.F.);
#3388=ORIENTED_EDGE('',*,*,#2475,.F.);
#3389=ORIENTED_EDGE('',*,*,#2476,.T.);
#3390=ORIENTED_EDGE('',*,*,#2477,.T.);
#3391=ORIENTED_EDGE('',*,*,#2059,.F.);
#3392=ORIENTED_EDGE('',*,*,#2477,.F.);
#3393=ORIENTED_EDGE('',*,*,#2478,.T.);
#3394=ORIENTED_EDGE('',*,*,#2479,.T.);
#3395=ORIENTED_EDGE('',*,*,#2060,.F.);
#3396=ORIENTED_EDGE('',*,*,#2479,.F.);
#3397=ORIENTED_EDGE('',*,*,#2480,.T.);
#3398=ORIENTED_EDGE('',*,*,#2481,.T.);
#3399=ORIENTED_EDGE('',*,*,#2061,.F.);
#3400=ORIENTED_EDGE('',*,*,#2481,.F.);
#3401=ORIENTED_EDGE('',*,*,#2482,.F.);
#3402=ORIENTED_EDGE('',*,*,#2483,.T.);
#3403=ORIENTED_EDGE('',*,*,#2455,.F.);
#3404=ORIENTED_EDGE('',*,*,#2265,.F.);
#3405=ORIENTED_EDGE('',*,*,#2484,.T.);
#3406=ORIENTED_EDGE('',*,*,#2485,.T.);
#3407=ORIENTED_EDGE('',*,*,#2057,.F.);
#3408=ORIENTED_EDGE('',*,*,#2485,.F.);
#3409=ORIENTED_EDGE('',*,*,#2486,.T.);
#3410=ORIENTED_EDGE('',*,*,#2487,.T.);
#3411=ORIENTED_EDGE('',*,*,#2056,.F.);
#3412=ORIENTED_EDGE('',*,*,#2487,.F.);
#3413=ORIENTED_EDGE('',*,*,#2482,.T.);
#3414=ORIENTED_EDGE('',*,*,#1977,.F.);
#3415=ORIENTED_EDGE('',*,*,#2488,.T.);
#3416=ORIENTED_EDGE('',*,*,#2489,.T.);
#3417=ORIENTED_EDGE('',*,*,#2490,.T.);
#3418=ORIENTED_EDGE('',*,*,#2463,.F.);
#3419=ORIENTED_EDGE('',*,*,#1982,.F.);
#3420=ORIENTED_EDGE('',*,*,#2331,.F.);
#3421=ORIENTED_EDGE('',*,*,#2491,.T.);
#3422=ORIENTED_EDGE('',*,*,#2469,.F.);
#3423=ORIENTED_EDGE('',*,*,#2490,.F.);
#3424=ORIENTED_EDGE('',*,*,#2333,.F.);
#3425=ORIENTED_EDGE('',*,*,#2040,.T.);
#3426=ORIENTED_EDGE('',*,*,#2472,.F.);
#3427=ORIENTED_EDGE('',*,*,#2492,.T.);
#3428=ORIENTED_EDGE('',*,*,#2316,.T.);
#3429=ORIENTED_EDGE('',*,*,#2492,.F.);
#3430=ORIENTED_EDGE('',*,*,#2471,.F.);
#3431=ORIENTED_EDGE('',*,*,#2493,.F.);
#3432=ORIENTED_EDGE('',*,*,#2314,.F.);
#3433=ORIENTED_EDGE('',*,*,#2346,.F.);
#3434=ORIENTED_EDGE('',*,*,#2344,.F.);
#3435=ORIENTED_EDGE('',*,*,#2317,.F.);
#3436=ORIENTED_EDGE('',*,*,#2319,.F.);
#3437=ORIENTED_EDGE('',*,*,#2321,.F.);
#3438=ORIENTED_EDGE('',*,*,#2323,.F.);
#3439=ORIENTED_EDGE('',*,*,#2491,.F.);
#3440=ORIENTED_EDGE('',*,*,#2335,.F.);
#3441=ORIENTED_EDGE('',*,*,#2343,.F.);
#3442=ORIENTED_EDGE('',*,*,#2341,.F.);
#3443=ORIENTED_EDGE('',*,*,#2494,.T.);
#3444=ORIENTED_EDGE('',*,*,#2466,.F.);
#3445=ORIENTED_EDGE('',*,*,#2468,.F.);
#3446=ORIENTED_EDGE('',*,*,#2470,.F.);
#3447=ORIENTED_EDGE('',*,*,#2480,.F.);
#3448=ORIENTED_EDGE('',*,*,#2478,.F.);
#3449=ORIENTED_EDGE('',*,*,#2476,.F.);
#3450=ORIENTED_EDGE('',*,*,#2474,.F.);
#3451=ORIENTED_EDGE('',*,*,#2484,.F.);
#3452=ORIENTED_EDGE('',*,*,#2486,.F.);
#3453=ORIENTED_EDGE('',*,*,#2495,.T.);
#3454=ORIENTED_EDGE('',*,*,#2489,.F.);
#3455=ORIENTED_EDGE('',*,*,#2496,.F.);
#3456=ORIENTED_EDGE('',*,*,#2326,.T.);
#3457=ORIENTED_EDGE('',*,*,#2047,.F.);
#3458=ORIENTED_EDGE('',*,*,#2456,.F.);
#3459=ORIENTED_EDGE('',*,*,#2483,.F.);
#3460=ORIENTED_EDGE('',*,*,#2495,.F.);
#3461=ORIENTED_EDGE('',*,*,#2329,.F.);
#3462=ORIENTED_EDGE('',*,*,#2284,.T.);
#3463=ORIENTED_EDGE('',*,*,#2287,.T.);
#3464=ORIENTED_EDGE('',*,*,#2277,.T.);
#3465=ORIENTED_EDGE('',*,*,#2281,.T.);
#3466=ORIENTED_EDGE('',*,*,#2296,.T.);
#3467=ORIENTED_EDGE('',*,*,#2299,.T.);
#3468=ORIENTED_EDGE('',*,*,#2289,.T.);
#3469=ORIENTED_EDGE('',*,*,#2293,.T.);
#3470=ORIENTED_EDGE('',*,*,#2308,.T.);
#3471=ORIENTED_EDGE('',*,*,#2311,.T.);
#3472=ORIENTED_EDGE('',*,*,#2301,.T.);
#3473=ORIENTED_EDGE('',*,*,#2305,.T.);
#3474=ORIENTED_EDGE('',*,*,#1984,.T.);
#3475=ORIENTED_EDGE('',*,*,#2458,.F.);
#3476=ORIENTED_EDGE('',*,*,#2497,.F.);
#3477=ORIENTED_EDGE('',*,*,#2338,.F.);
#3478=ORIENTED_EDGE('',*,*,#2264,.T.);
#3479=ORIENTED_EDGE('',*,*,#2498,.F.);
#3480=ORIENTED_EDGE('',*,*,#2327,.F.);
#3481=ORIENTED_EDGE('',*,*,#2496,.T.);
#3482=ORIENTED_EDGE('',*,*,#2488,.F.);
#3483=ORIENTED_EDGE('',*,*,#1976,.F.);
#3484=ORIENTED_EDGE('',*,*,#2256,.T.);
#3485=ORIENTED_EDGE('',*,*,#2254,.T.);
#3486=ORIENTED_EDGE('',*,*,#2260,.T.);
#3487=ORIENTED_EDGE('',*,*,#2262,.T.);
#3488=ORIENTED_EDGE('',*,*,#2124,.T.);
#3489=ORIENTED_EDGE('',*,*,#2136,.T.);
#3490=ORIENTED_EDGE('',*,*,#2115,.T.);
#3491=ORIENTED_EDGE('',*,*,#2134,.T.);
#3492=ORIENTED_EDGE('',*,*,#2131,.T.);
#3493=ORIENTED_EDGE('',*,*,#2128,.T.);
#3494=ORIENTED_EDGE('',*,*,#2274,.T.);
#3495=ORIENTED_EDGE('',*,*,#2276,.T.);
#3496=ORIENTED_EDGE('',*,*,#2269,.T.);
#3497=ORIENTED_EDGE('',*,*,#2272,.T.);
#3498=ORIENTED_EDGE('',*,*,#2497,.T.);
#3499=ORIENTED_EDGE('',*,*,#2464,.F.);
#3500=ORIENTED_EDGE('',*,*,#2494,.F.);
#3501=ORIENTED_EDGE('',*,*,#2340,.F.);
#3502=ORIENTED_EDGE('',*,*,#2285,.T.);
#3503=ORIENTED_EDGE('',*,*,#2282,.T.);
#3504=ORIENTED_EDGE('',*,*,#2279,.T.);
#3505=ORIENTED_EDGE('',*,*,#2288,.T.);
#3506=ORIENTED_EDGE('',*,*,#2297,.T.);
#3507=ORIENTED_EDGE('',*,*,#2294,.T.);
#3508=ORIENTED_EDGE('',*,*,#2291,.T.);
#3509=ORIENTED_EDGE('',*,*,#2300,.T.);
#3510=ORIENTED_EDGE('',*,*,#2309,.T.);
#3511=ORIENTED_EDGE('',*,*,#2306,.T.);
#3512=ORIENTED_EDGE('',*,*,#2303,.T.);
#3513=ORIENTED_EDGE('',*,*,#2312,.T.);
#3514=ORIENTED_EDGE('',*,*,#2493,.T.);
#3515=ORIENTED_EDGE('',*,*,#2473,.F.);
#3516=ORIENTED_EDGE('',*,*,#2042,.F.);
#3517=ORIENTED_EDGE('',*,*,#2315,.F.);
#3518=ORIENTED_EDGE('',*,*,#2111,.T.);
#3519=ORIENTED_EDGE('',*,*,#2499,.T.);
#3520=ORIENTED_EDGE('',*,*,#2243,.T.);
#3521=ORIENTED_EDGE('',*,*,#2240,.T.);
#3522=ORIENTED_EDGE('',*,*,#2237,.T.);
#3523=ORIENTED_EDGE('',*,*,#2232,.T.);
#3524=ORIENTED_EDGE('',*,*,#2120,.T.);
#3525=ORIENTED_EDGE('',*,*,#2117,.T.);
#3526=ORIENTED_EDGE('',*,*,#2353,.F.);
#3527=ORIENTED_EDGE('',*,*,#2349,.F.);
#3528=ORIENTED_EDGE('',*,*,#2355,.F.);
#3529=ORIENTED_EDGE('',*,*,#2351,.F.);
#3530=ORIENTED_EDGE('',*,*,#2229,.T.);
#3531=ORIENTED_EDGE('',*,*,#2356,.T.);
#3532=ORIENTED_EDGE('',*,*,#2143,.T.);
#3533=ORIENTED_EDGE('',*,*,#2313,.T.);
#3534=ORIENTED_EDGE('',*,*,#2166,.T.);
#3535=ORIENTED_EDGE('',*,*,#2231,.T.);
#3536=ORIENTED_EDGE('',*,*,#2110,.T.);
#3537=ORIENTED_EDGE('',*,*,#2500,.T.);
#3538=ORIENTED_EDGE('',*,*,#2241,.T.);
#3539=ORIENTED_EDGE('',*,*,#2499,.F.);
#3540=ORIENTED_EDGE('',*,*,#2135,.T.);
#3541=ORIENTED_EDGE('',*,*,#2147,.T.);
#3542=ORIENTED_EDGE('',*,*,#2252,.T.);
#3543=ORIENTED_EDGE('',*,*,#2162,.T.);
#3544=ORIENTED_EDGE('',*,*,#2137,.T.);
#3545=ORIENTED_EDGE('',*,*,#2122,.T.);
#3546=ORIENTED_EDGE('',*,*,#2234,.F.);
#3547=ORIENTED_EDGE('',*,*,#2236,.T.);
#3548=ORIENTED_EDGE('',*,*,#2239,.T.);
#3549=ORIENTED_EDGE('',*,*,#2242,.T.);
#3550=ORIENTED_EDGE('',*,*,#2500,.F.);
#3551=ORIENTED_EDGE('',*,*,#2109,.T.);
#3552=ORIENTED_EDGE('',*,*,#2064,.T.);
#3553=ORIENTED_EDGE('',*,*,#2268,.F.);
#3554=ORIENTED_EDGE('',*,*,#2328,.F.);
#3555=ORIENTED_EDGE('',*,*,#2498,.T.);
#3556=ORIENTED_EDGE('',*,*,#2263,.T.);
#3557=ORIENTED_EDGE('',*,*,#2257,.T.);
#3558=ORIENTED_EDGE('',*,*,#2065,.T.);
#3559=CYLINDRICAL_SURFACE('',#3828,1.);
#3560=CYLINDRICAL_SURFACE('',#3831,1.);
#3561=CYLINDRICAL_SURFACE('',#3856,29.5);
#3562=CYLINDRICAL_SURFACE('',#3859,50.5);
#3563=CYLINDRICAL_SURFACE('',#3862,29.5);
#3564=CYLINDRICAL_SURFACE('',#3864,1.5);
#3565=CYLINDRICAL_SURFACE('',#3868,1.5);
#3566=CYLINDRICAL_SURFACE('',#3872,1.5);
#3567=CYLINDRICAL_SURFACE('',#3876,1.5);
#3568=CYLINDRICAL_SURFACE('',#3880,1.5);
#3569=CYLINDRICAL_SURFACE('',#3884,1.5);
#3570=CYLINDRICAL_SURFACE('',#3888,1.5);
#3571=CYLINDRICAL_SURFACE('',#3892,1.5);
#3572=CYLINDRICAL_SURFACE('',#3896,1.5);
#3573=CYLINDRICAL_SURFACE('',#3900,1.5);
#3574=CYLINDRICAL_SURFACE('',#3904,24.);
#3575=CYLINDRICAL_SURFACE('',#3910,24.);
#3576=CYLINDRICAL_SURFACE('',#3916,44.);
#3577=CYLINDRICAL_SURFACE('',#3946,4.);
#3578=CYLINDRICAL_SURFACE('',#3949,10.);
#3579=CYLINDRICAL_SURFACE('',#3969,1.);
#3580=CYLINDRICAL_SURFACE('',#3972,1.);
#3581=CYLINDRICAL_SURFACE('',#3974,1.);
#3582=CYLINDRICAL_SURFACE('',#3998,2.);
#3583=CYLINDRICAL_SURFACE('',#4000,2.);
#3584=CYLINDRICAL_SURFACE('',#4002,2.);
#3585=CYLINDRICAL_SURFACE('',#4004,1.99999999999999);
#3586=CYLINDRICAL_SURFACE('',#4006,1.);
#3587=CYLINDRICAL_SURFACE('',#4014,1.);
#3588=CYLINDRICAL_SURFACE('',#4020,1.);
#3589=CYLINDRICAL_SURFACE('',#4022,1.);
#3590=CYLINDRICAL_SURFACE('',#4024,1.99999999999999);
#3591=CYLINDRICAL_SURFACE('',#4026,2.);
#3592=CYLINDRICAL_SURFACE('',#4028,1.5);
#3593=CYLINDRICAL_SURFACE('',#4030,1.5);
#3594=CYLINDRICAL_SURFACE('',#4032,1.5);
#3595=CYLINDRICAL_SURFACE('',#4034,1.5);
#3596=CYLINDRICAL_SURFACE('',#4075,1.);
#3597=CYLINDRICAL_SURFACE('',#4080,1.);
#3598=CYLINDRICAL_SURFACE('',#4083,1.);
#3599=CYLINDRICAL_SURFACE('',#4086,2.);
#3600=CYLINDRICAL_SURFACE('',#4088,2.);
#3601=CYLINDRICAL_SURFACE('',#4090,1.99999999999999);
#3602=CYLINDRICAL_SURFACE('',#4092,2.);
#3603=CYLINDRICAL_SURFACE('',#4095,2.);
#3604=CYLINDRICAL_SURFACE('',#4097,1.99999999999999);
#3605=CYLINDRICAL_SURFACE('',#4099,1.);
#3606=CYLINDRICAL_SURFACE('',#4101,1.);
#3607=CYLINDRICAL_SURFACE('',#4105,1.);
#3608=CYLINDRICAL_SURFACE('',#4107,1.);
#3609=CYLINDRICAL_SURFACE('',#4113,10.);
#3610=CYLINDRICAL_SURFACE('',#4116,1.);
#3611=ADVANCED_FACE('',(#234),#3559,.F.);
#3612=ADVANCED_FACE('',(#235),#3560,.F.);
#3613=ADVANCED_FACE('',(#236,#39,#40,#41,#42,#43,#44),#104,.F.);
#3614=ADVANCED_FACE('',(#237,#45,#46,#47,#48,#49,#50,#51,#52,#53,#54,#55,
#56,#57),#105,.T.);
#3615=ADVANCED_FACE('',(#238),#106,.T.);
#3616=ADVANCED_FACE('',(#239),#107,.T.);
#3617=ADVANCED_FACE('',(#240),#3561,.T.);
#3618=ADVANCED_FACE('',(#241),#108,.T.);
#3619=ADVANCED_FACE('',(#242),#3562,.T.);
#3620=ADVANCED_FACE('',(#243),#109,.T.);
#3621=ADVANCED_FACE('',(#244),#3563,.T.);
#3622=ADVANCED_FACE('',(#245),#3564,.F.);
#3623=ADVANCED_FACE('',(#246),#110,.T.);
#3624=ADVANCED_FACE('',(#247),#3565,.F.);
#3625=ADVANCED_FACE('',(#248),#111,.T.);
#3626=ADVANCED_FACE('',(#249),#3566,.F.);
#3627=ADVANCED_FACE('',(#250),#112,.T.);
#3628=ADVANCED_FACE('',(#251),#3567,.F.);
#3629=ADVANCED_FACE('',(#252),#113,.T.);
#3630=ADVANCED_FACE('',(#253),#3568,.F.);
#3631=ADVANCED_FACE('',(#254),#114,.T.);
#3632=ADVANCED_FACE('',(#255),#3569,.F.);
#3633=ADVANCED_FACE('',(#256),#115,.T.);
#3634=ADVANCED_FACE('',(#257),#3570,.F.);
#3635=ADVANCED_FACE('',(#258),#116,.T.);
#3636=ADVANCED_FACE('',(#259),#3571,.F.);
#3637=ADVANCED_FACE('',(#260),#117,.T.);
#3638=ADVANCED_FACE('',(#261),#3572,.F.);
#3639=ADVANCED_FACE('',(#262),#118,.T.);
#3640=ADVANCED_FACE('',(#263),#3573,.F.);
#3641=ADVANCED_FACE('',(#264),#119,.T.);
#3642=ADVANCED_FACE('',(#265),#3574,.F.);
#3643=ADVANCED_FACE('',(#266),#120,.T.);
#3644=ADVANCED_FACE('',(#267),#3575,.F.);
#3645=ADVANCED_FACE('',(#268),#121,.T.);
#3646=ADVANCED_FACE('',(#269),#3576,.F.);
#3647=ADVANCED_FACE('',(#270),#122,.T.);
#3648=ADVANCED_FACE('',(#271),#123,.T.);
#3649=ADVANCED_FACE('',(#272),#124,.T.);
#3650=ADVANCED_FACE('',(#273,#58,#59),#125,.F.);
#3651=ADVANCED_FACE('',(#274),#126,.T.);
#3652=ADVANCED_FACE('',(#275,#60,#61),#127,.T.);
#3653=ADVANCED_FACE('',(#276),#128,.T.);
#3654=ADVANCED_FACE('',(#277),#129,.T.);
#3655=ADVANCED_FACE('',(#278),#130,.T.);
#3656=ADVANCED_FACE('',(#279),#131,.T.);
#3657=ADVANCED_FACE('',(#280),#132,.T.);
#3658=ADVANCED_FACE('',(#281),#133,.T.);
#3659=ADVANCED_FACE('',(#282),#134,.T.);
#3660=ADVANCED_FACE('',(#283),#135,.T.);
#3661=ADVANCED_FACE('',(#284),#136,.T.);
#3662=ADVANCED_FACE('',(#285),#137,.T.);
#3663=ADVANCED_FACE('',(#286),#138,.T.);
#3664=ADVANCED_FACE('',(#287),#139,.T.);
#3665=ADVANCED_FACE('',(#288,#62),#140,.F.);
#3666=ADVANCED_FACE('',(#289,#63),#141,.T.);
#3667=ADVANCED_FACE('',(#290,#64),#142,.T.);
#3668=ADVANCED_FACE('',(#291,#65),#143,.F.);
#3669=ADVANCED_FACE('',(#292),#3577,.F.);
#3670=ADVANCED_FACE('',(#293),#144,.T.);
#3671=ADVANCED_FACE('',(#294),#3578,.F.);
#3672=ADVANCED_FACE('',(#295),#145,.T.);
#3673=ADVANCED_FACE('',(#296),#146,.T.);
#3674=ADVANCED_FACE('',(#297),#147,.T.);
#3675=ADVANCED_FACE('',(#298),#148,.T.);
#3676=ADVANCED_FACE('',(#299),#149,.T.);
#3677=ADVANCED_FACE('',(#300),#150,.T.);
#3678=ADVANCED_FACE('',(#301),#151,.T.);
#3679=ADVANCED_FACE('',(#302),#152,.T.);
#3680=ADVANCED_FACE('',(#303),#153,.T.);
#3681=ADVANCED_FACE('',(#304),#154,.T.);
#3682=ADVANCED_FACE('',(#305),#155,.T.);
#3683=ADVANCED_FACE('',(#306),#156,.T.);
#3684=ADVANCED_FACE('',(#307),#157,.T.);
#3685=ADVANCED_FACE('',(#308),#158,.T.);
#3686=ADVANCED_FACE('',(#309),#159,.T.);
#3687=ADVANCED_FACE('',(#310),#160,.T.);
#3688=ADVANCED_FACE('',(#311,#66,#67,#68,#69,#70,#71,#72,#73,#74,#75,#76),
#161,.F.);
#3689=ADVANCED_FACE('',(#312),#3579,.F.);
#3690=ADVANCED_FACE('',(#313),#162,.F.);
#3691=ADVANCED_FACE('',(#314),#3580,.F.);
#3692=ADVANCED_FACE('',(#315),#163,.F.);
#3693=ADVANCED_FACE('',(#316),#3581,.F.);
#3694=ADVANCED_FACE('',(#317),#164,.F.);
#3695=ADVANCED_FACE('',(#318),#165,.F.);
#3696=ADVANCED_FACE('',(#319),#166,.F.);
#3697=ADVANCED_FACE('',(#320),#167,.F.);
#3698=ADVANCED_FACE('',(#321),#168,.F.);
#3699=ADVANCED_FACE('',(#322),#169,.F.);
#3700=ADVANCED_FACE('',(#323),#170,.F.);
#3701=ADVANCED_FACE('',(#324),#171,.F.);
#3702=ADVANCED_FACE('',(#325),#172,.F.);
#3703=ADVANCED_FACE('',(#326),#173,.F.);
#3704=ADVANCED_FACE('',(#327),#174,.F.);
#3705=ADVANCED_FACE('',(#328),#175,.F.);
#3706=ADVANCED_FACE('',(#329),#176,.F.);
#3707=ADVANCED_FACE('',(#330),#177,.F.);
#3708=ADVANCED_FACE('',(#331),#178,.F.);
#3709=ADVANCED_FACE('',(#332),#179,.F.);
#3710=ADVANCED_FACE('',(#333),#180,.F.);
#3711=ADVANCED_FACE('',(#334),#181,.F.);
#3712=ADVANCED_FACE('',(#335),#182,.F.);
#3713=ADVANCED_FACE('',(#336),#183,.T.);
#3714=ADVANCED_FACE('',(#337),#184,.T.);
#3715=ADVANCED_FACE('',(#338),#3582,.F.);
#3716=ADVANCED_FACE('',(#339),#3583,.F.);
#3717=ADVANCED_FACE('',(#340),#3584,.F.);
#3718=ADVANCED_FACE('',(#341),#3585,.F.);
#3719=ADVANCED_FACE('',(#342),#3586,.F.);
#3720=ADVANCED_FACE('',(#343),#185,.F.);
#3721=ADVANCED_FACE('',(#344),#35,.T.);
#3722=ADVANCED_FACE('',(#345),#3587,.T.);
#3723=ADVANCED_FACE('',(#346),#36,.T.);
#3724=ADVANCED_FACE('',(#347),#3588,.T.);
#3725=ADVANCED_FACE('',(#348),#3589,.T.);
#3726=ADVANCED_FACE('',(#349),#186,.T.);
#3727=ADVANCED_FACE('',(#350),#3590,.F.);
#3728=ADVANCED_FACE('',(#351),#3591,.F.);
#3729=ADVANCED_FACE('',(#352),#3592,.F.);
#3730=ADVANCED_FACE('',(#353),#3593,.F.);
#3731=ADVANCED_FACE('',(#354),#3594,.F.);
#3732=ADVANCED_FACE('',(#355),#3595,.F.);
#3733=ADVANCED_FACE('',(#356),#187,.T.);
#3734=ADVANCED_FACE('',(#357),#188,.F.);
#3735=ADVANCED_FACE('',(#358),#19,.F.);
#3736=ADVANCED_FACE('',(#359),#20,.F.);
#3737=ADVANCED_FACE('',(#360),#21,.F.);
#3738=ADVANCED_FACE('',(#361),#22,.F.);
#3739=ADVANCED_FACE('',(#362),#23,.F.);
#3740=ADVANCED_FACE('',(#363),#189,.F.);
#3741=ADVANCED_FACE('',(#364),#190,.F.);
#3742=ADVANCED_FACE('',(#365),#191,.F.);
#3743=ADVANCED_FACE('',(#366),#192,.F.);
#3744=ADVANCED_FACE('',(#367),#24,.F.);
#3745=ADVANCED_FACE('',(#368),#25,.F.);
#3746=ADVANCED_FACE('',(#369),#26,.F.);
#3747=ADVANCED_FACE('',(#370),#27,.F.);
#3748=ADVANCED_FACE('',(#371),#193,.F.);
#3749=ADVANCED_FACE('',(#372),#194,.F.);
#3750=ADVANCED_FACE('',(#373),#195,.F.);
#3751=ADVANCED_FACE('',(#374),#28,.F.);
#3752=ADVANCED_FACE('',(#375),#29,.F.);
#3753=ADVANCED_FACE('',(#376),#30,.F.);
#3754=ADVANCED_FACE('',(#377),#31,.F.);
#3755=ADVANCED_FACE('',(#378),#32,.F.);
#3756=ADVANCED_FACE('',(#379),#33,.F.);
#3757=ADVANCED_FACE('',(#380),#34,.F.);
#3758=ADVANCED_FACE('',(#381),#196,.F.);
#3759=ADVANCED_FACE('',(#382),#197,.F.);
#3760=ADVANCED_FACE('',(#383),#198,.F.);
#3761=ADVANCED_FACE('',(#384,#77),#199,.T.);
#3762=ADVANCED_FACE('',(#385),#200,.F.);
#3763=ADVANCED_FACE('',(#386),#201,.F.);
#3764=ADVANCED_FACE('',(#387),#202,.F.);
#3765=ADVANCED_FACE('',(#388),#203,.F.);
#3766=ADVANCED_FACE('',(#389),#204,.F.);
#3767=ADVANCED_FACE('',(#390),#205,.F.);
#3768=ADVANCED_FACE('',(#391),#206,.F.);
#3769=ADVANCED_FACE('',(#392),#207,.F.);
#3770=ADVANCED_FACE('',(#393),#208,.F.);
#3771=ADVANCED_FACE('',(#394),#209,.F.);
#3772=ADVANCED_FACE('',(#395),#210,.F.);
#3773=ADVANCED_FACE('',(#396),#211,.F.);
#3774=ADVANCED_FACE('',(#397),#212,.F.);
#3775=ADVANCED_FACE('',(#398),#213,.F.);
#3776=ADVANCED_FACE('',(#399),#214,.F.);
#3777=ADVANCED_FACE('',(#400),#215,.F.);
#3778=ADVANCED_FACE('',(#401),#216,.F.);
#3779=ADVANCED_FACE('',(#402),#217,.F.);
#3780=ADVANCED_FACE('',(#403),#218,.F.);
#3781=ADVANCED_FACE('',(#404),#219,.F.);
#3782=ADVANCED_FACE('',(#405),#220,.F.);
#3783=ADVANCED_FACE('',(#406),#221,.F.);
#3784=ADVANCED_FACE('',(#407),#37,.T.);
#3785=ADVANCED_FACE('',(#408),#3596,.T.);
#3786=ADVANCED_FACE('',(#409),#38,.T.);
#3787=ADVANCED_FACE('',(#410),#3597,.T.);
#3788=ADVANCED_FACE('',(#411),#222,.T.);
#3789=ADVANCED_FACE('',(#412),#3598,.T.);
#3790=ADVANCED_FACE('',(#413),#223,.T.);
#3791=ADVANCED_FACE('',(#414),#3599,.F.);
#3792=ADVANCED_FACE('',(#415),#3600,.F.);
#3793=ADVANCED_FACE('',(#416),#3601,.F.);
#3794=ADVANCED_FACE('',(#417),#3602,.F.);
#3795=ADVANCED_FACE('',(#418),#224,.T.);
#3796=ADVANCED_FACE('',(#419),#3603,.F.);
#3797=ADVANCED_FACE('',(#420),#3604,.F.);
#3798=ADVANCED_FACE('',(#421),#3605,.F.);
#3799=ADVANCED_FACE('',(#422),#3606,.T.);
#3800=ADVANCED_FACE('',(#423),#225,.T.);
#3801=ADVANCED_FACE('',(#424),#226,.T.);
#3802=ADVANCED_FACE('',(#425,#78,#79,#80,#81,#82,#83,#84,#85,#86,#87,#88,
#89,#90),#227,.T.);
#3803=ADVANCED_FACE('',(#426),#3607,.F.);
#3804=ADVANCED_FACE('',(#427,#91,#92,#93),#228,.F.);
#3805=ADVANCED_FACE('',(#428),#3608,.T.);
#3806=ADVANCED_FACE('',(#429,#94,#95),#229,.T.);
#3807=ADVANCED_FACE('',(#430,#96,#97,#98),#230,.T.);
#3808=ADVANCED_FACE('',(#431),#231,.T.);
#3809=ADVANCED_FACE('',(#432,#99,#100,#101,#102,#103),#232,.F.);
#3810=ADVANCED_FACE('',(#433),#3609,.F.);
#3811=ADVANCED_FACE('',(#434),#233,.T.);
#3812=ADVANCED_FACE('',(#435),#3610,.F.);
#3813=CLOSED_SHELL('',(#3611,#3612,#3613,#3614,#3615,#3616,#3617,#3618,
#3619,#3620,#3621,#3622,#3623,#3624,#3625,#3626,#3627,#3628,#3629,#3630,
#3631,#3632,#3633,#3634,#3635,#3636,#3637,#3638,#3639,#3640,#3641,#3642,
#3643,#3644,#3645,#3646,#3647,#3648,#3649,#3650,#3651,#3652,#3653,#3654,
#3655,#3656,#3657,#3658,#3659,#3660,#3661,#3662,#3663,#3664,#3665,#3666,
#3667,#3668,#3669,#3670,#3671,#3672,#3673,#3674,#3675,#3676,#3677,#3678,
#3679,#3680,#3681,#3682,#3683,#3684,#3685,#3686,#3687,#3688,#3689,#3690,
#3691,#3692,#3693,#3694,#3695,#3696,#3697,#3698,#3699,#3700,#3701,#3702,
#3703,#3704,#3705,#3706,#3707,#3708,#3709,#3710,#3711,#3712,#3713,#3714,
#3715,#3716,#3717,#3718,#3719,#3720,#3721,#3722,#3723,#3724,#3725,#3726,
#3727,#3728,#3729,#3730,#3731,#3732,#3733,#3734,#3735,#3736,#3737,#3738,
#3739,#3740,#3741,#3742,#3743,#3744,#3745,#3746,#3747,#3748,#3749,#3750,
#3751,#3752,#3753,#3754,#3755,#3756,#3757,#3758,#3759,#3760,#3761,#3762,
#3763,#3764,#3765,#3766,#3767,#3768,#3769,#3770,#3771,#3772,#3773,#3774,
#3775,#3776,#3777,#3778,#3779,#3780,#3781,#3782,#3783,#3784,#3785,#3786,
#3787,#3788,#3789,#3790,#3791,#3792,#3793,#3794,#3795,#3796,#3797,#3798,
#3799,#3800,#3801,#3802,#3803,#3804,#3805,#3806,#3807,#3808,#3809,#3810,
#3811,#3812));
#3814=DERIVED_UNIT_ELEMENT(#3816,1.);
#3815=DERIVED_UNIT_ELEMENT(#6461,-3.);
#3816=(
MASS_UNIT()
NAMED_UNIT(*)
SI_UNIT(.KILO.,.GRAM.)
);
#3817=DERIVED_UNIT((#3814,#3815));
#3818=MEASURE_REPRESENTATION_ITEM('density measure',
POSITIVE_RATIO_MEASURE(7850.),#3817);
#3819=PROPERTY_DEFINITION_REPRESENTATION(#3824,#3821);
#3820=PROPERTY_DEFINITION_REPRESENTATION(#3825,#3822);
#3821=REPRESENTATION('material name',(#3823),#6458);
#3822=REPRESENTATION('density',(#3818),#6458);
#3823=DESCRIPTIVE_REPRESENTATION_ITEM('Steel','Steel');
#3824=PROPERTY_DEFINITION('material property','material name',#6473);
#3825=PROPERTY_DEFINITION('material property','density of part',#6473);
#3826=AXIS2_PLACEMENT_3D('',#5094,#4118,#4119);
#3827=AXIS2_PLACEMENT_3D('',#5095,#4120,#4121);
#3828=AXIS2_PLACEMENT_3D('',#5096,#4122,#4123);
#3829=AXIS2_PLACEMENT_3D('',#5108,#4126,#4127);
#3830=AXIS2_PLACEMENT_3D('',#5112,#4129,#4130);
#3831=AXIS2_PLACEMENT_3D('',#5114,#4132,#4133);
#3832=AXIS2_PLACEMENT_3D('',#5118,#4135,#4136);
#3833=AXIS2_PLACEMENT_3D('',#5120,#4138,#4139);
#3834=AXIS2_PLACEMENT_3D('',#5132,#4145,#4146);
#3835=AXIS2_PLACEMENT_3D('',#5136,#4148,#4149);
#3836=AXIS2_PLACEMENT_3D('',#5140,#4151,#4152);
#3837=AXIS2_PLACEMENT_3D('',#5146,#4155,#4156);
#3838=AXIS2_PLACEMENT_3D('',#5150,#4158,#4159);
#3839=AXIS2_PLACEMENT_3D('',#5153,#4161,#4162);
#3840=AXIS2_PLACEMENT_3D('',#5280,#4193,#4194);
#3841=AXIS2_PLACEMENT_3D('',#5302,#4205,#4206);
#3842=AXIS2_PLACEMENT_3D('',#5304,#4207,#4208);
#3843=AXIS2_PLACEMENT_3D('',#5306,#4209,#4210);
#3844=AXIS2_PLACEMENT_3D('',#5308,#4211,#4212);
#3845=AXIS2_PLACEMENT_3D('',#5310,#4213,#4214);
#3846=AXIS2_PLACEMENT_3D('',#5312,#4215,#4216);
#3847=AXIS2_PLACEMENT_3D('',#5314,#4217,#4218);
#3848=AXIS2_PLACEMENT_3D('',#5316,#4219,#4220);
#3849=AXIS2_PLACEMENT_3D('',#5318,#4221,#4222);
#3850=AXIS2_PLACEMENT_3D('',#5320,#4223,#4224);
#3851=AXIS2_PLACEMENT_3D('',#5322,#4225,#4226);
#3852=AXIS2_PLACEMENT_3D('',#5324,#4227,#4228);
#3853=AXIS2_PLACEMENT_3D('',#5325,#4229,#4230);
#3854=AXIS2_PLACEMENT_3D('',#5330,#4233,#4234);
#3855=AXIS2_PLACEMENT_3D('',#5334,#4237,#4238);
#3856=AXIS2_PLACEMENT_3D('',#5340,#4242,#4243);
#3857=AXIS2_PLACEMENT_3D('',#5342,#4244,#4245);
#3858=AXIS2_PLACEMENT_3D('',#5344,#4247,#4248);
#3859=AXIS2_PLACEMENT_3D('',#5348,#4251,#4252);
#3860=AXIS2_PLACEMENT_3D('',#5350,#4253,#4254);
#3861=AXIS2_PLACEMENT_3D('',#5352,#4256,#4257);
#3862=AXIS2_PLACEMENT_3D('',#5356,#4260,#4261);
#3863=AXIS2_PLACEMENT_3D('',#5357,#4262,#4263);
#3864=AXIS2_PLACEMENT_3D('',#5358,#4264,#4265);
#3865=AXIS2_PLACEMENT_3D('',#5360,#4266,#4267);
#3866=AXIS2_PLACEMENT_3D('',#5363,#4269,#4270);
#3867=AXIS2_PLACEMENT_3D('',#5364,#4271,#4272);
#3868=AXIS2_PLACEMENT_3D('',#5365,#4273,#4274);
#3869=AXIS2_PLACEMENT_3D('',#5367,#4275,#4276);
#3870=AXIS2_PLACEMENT_3D('',#5370,#4278,#4279);
#3871=AXIS2_PLACEMENT_3D('',#5371,#4280,#4281);
#3872=AXIS2_PLACEMENT_3D('',#5372,#4282,#4283);
#3873=AXIS2_PLACEMENT_3D('',#5374,#4284,#4285);
#3874=AXIS2_PLACEMENT_3D('',#5377,#4287,#4288);
#3875=AXIS2_PLACEMENT_3D('',#5378,#4289,#4290);
#3876=AXIS2_PLACEMENT_3D('',#5379,#4291,#4292);
#3877=AXIS2_PLACEMENT_3D('',#5381,#4293,#4294);
#3878=AXIS2_PLACEMENT_3D('',#5384,#4296,#4297);
#3879=AXIS2_PLACEMENT_3D('',#5385,#4298,#4299);
#3880=AXIS2_PLACEMENT_3D('',#5386,#4300,#4301);
#3881=AXIS2_PLACEMENT_3D('',#5388,#4302,#4303);
#3882=AXIS2_PLACEMENT_3D('',#5391,#4305,#4306);
#3883=AXIS2_PLACEMENT_3D('',#5392,#4307,#4308);
#3884=AXIS2_PLACEMENT_3D('',#5393,#4309,#4310);
#3885=AXIS2_PLACEMENT_3D('',#5395,#4311,#4312);
#3886=AXIS2_PLACEMENT_3D('',#5398,#4314,#4315);
#3887=AXIS2_PLACEMENT_3D('',#5399,#4316,#4317);
#3888=AXIS2_PLACEMENT_3D('',#5400,#4318,#4319);
#3889=AXIS2_PLACEMENT_3D('',#5402,#4320,#4321);
#3890=AXIS2_PLACEMENT_3D('',#5405,#4323,#4324);
#3891=AXIS2_PLACEMENT_3D('',#5406,#4325,#4326);
#3892=AXIS2_PLACEMENT_3D('',#5407,#4327,#4328);
#3893=AXIS2_PLACEMENT_3D('',#5409,#4329,#4330);
#3894=AXIS2_PLACEMENT_3D('',#5412,#4332,#4333);
#3895=AXIS2_PLACEMENT_3D('',#5413,#4334,#4335);
#3896=AXIS2_PLACEMENT_3D('',#5414,#4336,#4337);
#3897=AXIS2_PLACEMENT_3D('',#5416,#4338,#4339);
#3898=AXIS2_PLACEMENT_3D('',#5419,#4341,#4342);
#3899=AXIS2_PLACEMENT_3D('',#5420,#4343,#4344);
#3900=AXIS2_PLACEMENT_3D('',#5421,#4345,#4346);
#3901=AXIS2_PLACEMENT_3D('',#5423,#4347,#4348);
#3902=AXIS2_PLACEMENT_3D('',#5426,#4350,#4351);
#3903=AXIS2_PLACEMENT_3D('',#5427,#4352,#4353);
#3904=AXIS2_PLACEMENT_3D('',#5428,#4354,#4355);
#3905=AXIS2_PLACEMENT_3D('',#5431,#4356,#4357);
#3906=AXIS2_PLACEMENT_3D('',#5435,#4359,#4360);
#3907=AXIS2_PLACEMENT_3D('',#5439,#4362,#4363);
#3908=AXIS2_PLACEMENT_3D('',#5443,#4365,#4366);
#3909=AXIS2_PLACEMENT_3D('',#5445,#4368,#4369);
#3910=AXIS2_PLACEMENT_3D('',#5451,#4373,#4374);
#3911=AXIS2_PLACEMENT_3D('',#5453,#4375,#4376);
#3912=AXIS2_PLACEMENT_3D('',#5457,#4378,#4379);
#3913=AXIS2_PLACEMENT_3D('',#5461,#4381,#4382);
#3914=AXIS2_PLACEMENT_3D('',#5464,#4384,#4385);
#3915=AXIS2_PLACEMENT_3D('',#5465,#4386,#4387);
#3916=AXIS2_PLACEMENT_3D('',#5471,#4391,#4392);
#3917=AXIS2_PLACEMENT_3D('',#5473,#4393,#4394);
#3918=AXIS2_PLACEMENT_3D('',#5475,#4395,#4396);
#3919=AXIS2_PLACEMENT_3D('',#5477,#4398,#4399);
#3920=AXIS2_PLACEMENT_3D('',#5480,#4402,#4403);
#3921=AXIS2_PLACEMENT_3D('',#5491,#4410,#4411);
#3922=AXIS2_PLACEMENT_3D('',#5505,#4419,#4420);
#3923=AXIS2_PLACEMENT_3D('',#5533,#4435,#4436);
#3924=AXIS2_PLACEMENT_3D('',#5545,#4443,#4444);
#3925=AXIS2_PLACEMENT_3D('',#5550,#4447,#4448);
#3926=AXIS2_PLACEMENT_3D('',#5576,#4462,#4463);
#3927=AXIS2_PLACEMENT_3D('',#5582,#4467,#4468);
#3928=AXIS2_PLACEMENT_3D('',#5586,#4471,#4472);
#3929=AXIS2_PLACEMENT_3D('',#5590,#4475,#4476);
#3930=AXIS2_PLACEMENT_3D('',#5596,#4480,#4481);
#3931=AXIS2_PLACEMENT_3D('',#5600,#4484,#4485);
#3932=AXIS2_PLACEMENT_3D('',#5604,#4488,#4489);
#3933=AXIS2_PLACEMENT_3D('',#5610,#4493,#4494);
#3934=AXIS2_PLACEMENT_3D('',#5614,#4497,#4498);
#3935=AXIS2_PLACEMENT_3D('',#5618,#4501,#4502);
#3936=AXIS2_PLACEMENT_3D('',#5624,#4506,#4507);
#3937=AXIS2_PLACEMENT_3D('',#5628,#4510,#4511);
#3938=AXIS2_PLACEMENT_3D('',#5632,#4514,#4515);
#3939=AXIS2_PLACEMENT_3D('',#5639,#4519,#4520);
#3940=AXIS2_PLACEMENT_3D('',#5640,#4521,#4522);
#3941=AXIS2_PLACEMENT_3D('',#5647,#4526,#4527);
#3942=AXIS2_PLACEMENT_3D('',#5648,#4528,#4529);
#3943=AXIS2_PLACEMENT_3D('',#5655,#4533,#4534);
#3944=AXIS2_PLACEMENT_3D('',#5656,#4535,#4536);
#3945=AXIS2_PLACEMENT_3D('',#5663,#4540,#4541);
#3946=AXIS2_PLACEMENT_3D('',#5664,#4542,#4543);
#3947=AXIS2_PLACEMENT_3D('',#5668,#4545,#4546);
#3948=AXIS2_PLACEMENT_3D('',#5670,#4548,#4549);
#3949=AXIS2_PLACEMENT_3D('',#5672,#4551,#4552);
#3950=AXIS2_PLACEMENT_3D('',#5674,#4553,#4554);
#3951=AXIS2_PLACEMENT_3D('',#5677,#4556,#4557);
#3952=AXIS2_PLACEMENT_3D('',#5678,#4558,#4559);
#3953=AXIS2_PLACEMENT_3D('',#5684,#4563,#4564);
#3954=AXIS2_PLACEMENT_3D('',#5690,#4568,#4569);
#3955=AXIS2_PLACEMENT_3D('',#5696,#4573,#4574);
#3956=AXIS2_PLACEMENT_3D('',#5699,#4577,#4578);
#3957=AXIS2_PLACEMENT_3D('',#5700,#4579,#4580);
#3958=AXIS2_PLACEMENT_3D('',#5703,#4583,#4584);
#3959=AXIS2_PLACEMENT_3D('',#5704,#4585,#4586);
#3960=AXIS2_PLACEMENT_3D('',#5705,#4587,#4588);
#3961=AXIS2_PLACEMENT_3D('',#5706,#4589,#4590);
#3962=AXIS2_PLACEMENT_3D('',#5709,#4593,#4594);
#3963=AXIS2_PLACEMENT_3D('',#5710,#4595,#4596);
#3964=AXIS2_PLACEMENT_3D('',#5713,#4599,#4600);
#3965=AXIS2_PLACEMENT_3D('',#5714,#4601,#4602);
#3966=AXIS2_PLACEMENT_3D('',#5715,#4603,#4604);
#3967=AXIS2_PLACEMENT_3D('',#5716,#4605,#4606);
#3968=AXIS2_PLACEMENT_3D('',#5718,#4608,#4609);
#3969=AXIS2_PLACEMENT_3D('',#5719,#4610,#4611);
#3970=AXIS2_PLACEMENT_3D('',#5723,#4613,#4614);
#3971=AXIS2_PLACEMENT_3D('',#5725,#4616,#4617);
#3972=AXIS2_PLACEMENT_3D('',#5727,#4619,#4620);
#3973=AXIS2_PLACEMENT_3D('',#5734,#4622,#4623);
#3974=AXIS2_PLACEMENT_3D('',#5738,#4626,#4627);
#3975=AXIS2_PLACEMENT_3D('',#5741,#4629,#4630);
#3976=AXIS2_PLACEMENT_3D('',#5742,#4631,#4632);
#3977=AXIS2_PLACEMENT_3D('',#5744,#4633,#4634);
#3978=AXIS2_PLACEMENT_3D('',#5746,#4636,#4637);
#3979=AXIS2_PLACEMENT_3D('',#5750,#4640,#4641);
#3980=AXIS2_PLACEMENT_3D('',#5754,#4644,#4645);
#3981=AXIS2_PLACEMENT_3D('',#5760,#4649,#4650);
#3982=AXIS2_PLACEMENT_3D('',#5764,#4653,#4654);
#3983=AXIS2_PLACEMENT_3D('',#5768,#4657,#4658);
#3984=AXIS2_PLACEMENT_3D('',#5770,#4660,#4661);
#3985=AXIS2_PLACEMENT_3D('',#5779,#4666,#4667);
#3986=AXIS2_PLACEMENT_3D('',#5785,#4671,#4672);
#3987=AXIS2_PLACEMENT_3D('',#5791,#4676,#4677);
#3988=AXIS2_PLACEMENT_3D('',#5794,#4680,#4681);
#3989=AXIS2_PLACEMENT_3D('',#5803,#4686,#4687);
#3990=AXIS2_PLACEMENT_3D('',#5809,#4691,#4692);
#3991=AXIS2_PLACEMENT_3D('',#5815,#4696,#4697);
#3992=AXIS2_PLACEMENT_3D('',#5818,#4700,#4701);
#3993=AXIS2_PLACEMENT_3D('',#5827,#4706,#4707);
#3994=AXIS2_PLACEMENT_3D('',#5833,#4711,#4712);
#3995=AXIS2_PLACEMENT_3D('',#5839,#4716,#4717);
#3996=AXIS2_PLACEMENT_3D('',#5842,#4720,#4721);
#3997=AXIS2_PLACEMENT_3D('',#5844,#4723,#4724);
#3998=AXIS2_PLACEMENT_3D('',#5850,#4728,#4729);
#3999=AXIS2_PLACEMENT_3D('',#5852,#4730,#4731);
#4000=AXIS2_PLACEMENT_3D('',#5854,#4733,#4734);
#4001=AXIS2_PLACEMENT_3D('',#5856,#4735,#4736);
#4002=AXIS2_PLACEMENT_3D('',#5858,#4738,#4739);
#4003=AXIS2_PLACEMENT_3D('',#5860,#4740,#4741);
#4004=AXIS2_PLACEMENT_3D('',#5862,#4743,#4744);
#4005=AXIS2_PLACEMENT_3D('',#5864,#4745,#4746);
#4006=AXIS2_PLACEMENT_3D('',#5866,#4748,#4749);
#4007=AXIS2_PLACEMENT_3D('',#5870,#4751,#4752);
#4008=AXIS2_PLACEMENT_3D('',#5873,#4754,#4755);
#4009=AXIS2_PLACEMENT_3D('',#5874,#4756,#4757);
#4010=AXIS2_PLACEMENT_3D('',#5876,#4759,#4760);
#4011=AXIS2_PLACEMENT_3D('',#5879,#4761,#4762);
#4012=AXIS2_PLACEMENT_3D('',#5880,#4763,#4764);
#4013=AXIS2_PLACEMENT_3D('',#5881,#4765,#4766);
#4014=AXIS2_PLACEMENT_3D('',#5882,#4767,#4768);
#4015=AXIS2_PLACEMENT_3D('',#5887,#4771,#4772);
#4016=AXIS2_PLACEMENT_3D('',#5888,#4773,#4774);
#4017=AXIS2_PLACEMENT_3D('',#5891,#4775,#4776);
#4018=AXIS2_PLACEMENT_3D('',#5892,#4777,#4778);
#4019=AXIS2_PLACEMENT_3D('',#5893,#4779,#4780);
#4020=AXIS2_PLACEMENT_3D('',#5894,#4781,#4782);
#4021=AXIS2_PLACEMENT_3D('',#5899,#4785,#4786);
#4022=AXIS2_PLACEMENT_3D('',#5900,#4787,#4788);
#4023=AXIS2_PLACEMENT_3D('',#5902,#4790,#4791);
#4024=AXIS2_PLACEMENT_3D('',#5904,#4793,#4794);
#4025=AXIS2_PLACEMENT_3D('',#5906,#4795,#4796);
#4026=AXIS2_PLACEMENT_3D('',#5908,#4798,#4799);
#4027=AXIS2_PLACEMENT_3D('',#5910,#4800,#4801);
#4028=AXIS2_PLACEMENT_3D('',#5912,#4803,#4804);
#4029=AXIS2_PLACEMENT_3D('',#5915,#4806,#4807);
#4030=AXIS2_PLACEMENT_3D('',#5916,#4808,#4809);
#4031=AXIS2_PLACEMENT_3D('',#5919,#4811,#4812);
#4032=AXIS2_PLACEMENT_3D('',#5920,#4813,#4814);
#4033=AXIS2_PLACEMENT_3D('',#5923,#4816,#4817);
#4034=AXIS2_PLACEMENT_3D('',#5924,#4818,#4819);
#4035=AXIS2_PLACEMENT_3D('',#5927,#4821,#4822);
#4036=AXIS2_PLACEMENT_3D('',#5928,#4823,#4824);
#4037=AXIS2_PLACEMENT_3D('',#5930,#4826,#4827);
#4038=AXIS2_PLACEMENT_3D('',#6054,#4837,#4838);
#4039=AXIS2_PLACEMENT_3D('',#6060,#4842,#4843);
#4040=AXIS2_PLACEMENT_3D('',#6063,#4846,#4847);
#4041=AXIS2_PLACEMENT_3D('',#6069,#4851,#4852);
#4042=AXIS2_PLACEMENT_3D('',#6141,#4859,#4860);
#4043=AXIS2_PLACEMENT_3D('',#6145,#4863,#4864);
#4044=AXIS2_PLACEMENT_3D('',#6149,#4867,#4868);
#4045=AXIS2_PLACEMENT_3D('',#6272,#4878,#4879);
#4046=AXIS2_PLACEMENT_3D('',#6276,#4882,#4883);
#4047=AXIS2_PLACEMENT_3D('',#6280,#4886,#4887);
#4048=AXIS2_PLACEMENT_3D('',#6282,#4889,#4890);
#4049=AXIS2_PLACEMENT_3D('',#6283,#4891,#4892);
#4050=AXIS2_PLACEMENT_3D('',#6289,#4896,#4897);
#4051=AXIS2_PLACEMENT_3D('',#6293,#4900,#4901);
#4052=AXIS2_PLACEMENT_3D('',#6297,#4904,#4905);
#4053=AXIS2_PLACEMENT_3D('',#6301,#4908,#4909);
#4054=AXIS2_PLACEMENT_3D('',#6305,#4912,#4913);
#4055=AXIS2_PLACEMENT_3D('',#6307,#4915,#4916);
#4056=AXIS2_PLACEMENT_3D('',#6308,#4917,#4918);
#4057=AXIS2_PLACEMENT_3D('',#6314,#4922,#4923);
#4058=AXIS2_PLACEMENT_3D('',#6318,#4926,#4927);
#4059=AXIS2_PLACEMENT_3D('',#6322,#4930,#4931);
#4060=AXIS2_PLACEMENT_3D('',#6326,#4934,#4935);
#4061=AXIS2_PLACEMENT_3D('',#6330,#4938,#4939);
#4062=AXIS2_PLACEMENT_3D('',#6334,#4942,#4943);
#4063=AXIS2_PLACEMENT_3D('',#6338,#4946,#4947);
#4064=AXIS2_PLACEMENT_3D('',#6342,#4950,#4951);
#4065=AXIS2_PLACEMENT_3D('',#6346,#4954,#4955);
#4066=AXIS2_PLACEMENT_3D('',#6350,#4958,#4959);
#4067=AXIS2_PLACEMENT_3D('',#6354,#4962,#4963);
#4068=AXIS2_PLACEMENT_3D('',#6356,#4965,#4966);
#4069=AXIS2_PLACEMENT_3D('',#6357,#4967,#4968);
#4070=AXIS2_PLACEMENT_3D('',#6358,#4969,#4970);
#4071=AXIS2_PLACEMENT_3D('',#6362,#4973,#4974);
#4072=AXIS2_PLACEMENT_3D('',#6365,#4975,#4976);
#4073=AXIS2_PLACEMENT_3D('',#6366,#4977,#4978);
#4074=AXIS2_PLACEMENT_3D('',#6367,#4979,#4980);
#4075=AXIS2_PLACEMENT_3D('',#6368,#4981,#4982);
#4076=AXIS2_PLACEMENT_3D('',#6370,#4983,#4984);
#4077=AXIS2_PLACEMENT_3D('',#6372,#4986,#4987);
#4078=AXIS2_PLACEMENT_3D('',#6374,#4988,#4989);
#4079=AXIS2_PLACEMENT_3D('',#6375,#4990,#4991);
#4080=AXIS2_PLACEMENT_3D('',#6376,#4992,#4993);
#4081=AXIS2_PLACEMENT_3D('',#6381,#4996,#4997);
#4082=AXIS2_PLACEMENT_3D('',#6382,#4998,#4999);
#4083=AXIS2_PLACEMENT_3D('',#6386,#5002,#5003);
#4084=AXIS2_PLACEMENT_3D('',#6389,#5005,#5006);
#4085=AXIS2_PLACEMENT_3D('',#6390,#5007,#5008);
#4086=AXIS2_PLACEMENT_3D('',#6396,#5012,#5013);
#4087=AXIS2_PLACEMENT_3D('',#6398,#5014,#5015);
#4088=AXIS2_PLACEMENT_3D('',#6400,#5017,#5018);
#4089=AXIS2_PLACEMENT_3D('',#6402,#5019,#5020);
#4090=AXIS2_PLACEMENT_3D('',#6404,#5022,#5023);
#4091=AXIS2_PLACEMENT_3D('',#6406,#5024,#5025);
#4092=AXIS2_PLACEMENT_3D('',#6408,#5027,#5028);
#4093=AXIS2_PLACEMENT_3D('',#6410,#5029,#5030);
#4094=AXIS2_PLACEMENT_3D('',#6412,#5032,#5033);
#4095=AXIS2_PLACEMENT_3D('',#6416,#5036,#5037);
#4096=AXIS2_PLACEMENT_3D('',#6418,#5038,#5039);
#4097=AXIS2_PLACEMENT_3D('',#6420,#5041,#5042);
#4098=AXIS2_PLACEMENT_3D('',#6422,#5043,#5044);
#4099=AXIS2_PLACEMENT_3D('',#6424,#5046,#5047);
#4100=AXIS2_PLACEMENT_3D('',#6427,#5049,#5050);
#4101=AXIS2_PLACEMENT_3D('',#6428,#5051,#5052);
#4102=AXIS2_PLACEMENT_3D('',#6430,#5054,#5055);
#4103=AXIS2_PLACEMENT_3D('',#6432,#5057,#5058);
#4104=AXIS2_PLACEMENT_3D('',#6434,#5060,#5061);
#4105=AXIS2_PLACEMENT_3D('',#6437,#5064,#5065);
#4106=AXIS2_PLACEMENT_3D('',#6440,#5068,#5069);
#4107=AXIS2_PLACEMENT_3D('',#6441,#5070,#5071);
#4108=AXIS2_PLACEMENT_3D('',#6443,#5073,#5074);
#4109=AXIS2_PLACEMENT_3D('',#6445,#5076,#5077);
#4110=AXIS2_PLACEMENT_3D('',#6446,#5078,#5079);
#4111=AXIS2_PLACEMENT_3D('',#6447,#5080,#5081);
#4112=AXIS2_PLACEMENT_3D('',#6448,#5082,#5083);
#4113=AXIS2_PLACEMENT_3D('',#6449,#5084,#5085);
#4114=AXIS2_PLACEMENT_3D('',#6450,#5086,#5087);
#4115=AXIS2_PLACEMENT_3D('',#6451,#5088,#5089);
#4116=AXIS2_PLACEMENT_3D('',#6452,#5090,#5091);
#4117=AXIS2_PLACEMENT_3D('',#6453,#5092,#5093);
#4118=DIRECTION('axis',(0.,0.,1.));
#4119=DIRECTION('refdir',(1.,0.,0.));
#4120=DIRECTION('axis',(0.,0.,1.));
#4121=DIRECTION('refdir',(1.,0.,0.));
#4122=DIRECTION('center_axis',(0.,-1.,-2.22044604925031E-15));
#4123=DIRECTION('ref_axis',(-0.707106781186548,0.,0.707106781186548));
#4124=DIRECTION('',(0.,-6.40228610867174E-15,1.));
#4125=DIRECTION('',(0.,1.,2.22044604925031E-15));
#4126=DIRECTION('center_axis',(0.,1.,6.40228610867174E-15));
#4127=DIRECTION('ref_axis',(-0.707106781186548,0.,0.707106781186548));
#4128=DIRECTION('',(0.,-1.,0.));
#4129=DIRECTION('center_axis',(0.707106781186544,-0.707106781186551,6.28036983473512E-15));
#4130=DIRECTION('ref_axis',(0.707106781186551,0.707106781186544,9.42055475210274E-15));
#4131=DIRECTION('',(0.,-1.,0.));
#4132=DIRECTION('center_axis',(0.,6.40228610867174E-15,-1.));
#4133=DIRECTION('ref_axis',(-1.,0.,0.));
#4134=DIRECTION('',(0.,-6.40228610867174E-15,1.));
#4135=DIRECTION('center_axis',(0.,0.,-1.));
#4136=DIRECTION('ref_axis',(-1.,0.,0.));
#4137=DIRECTION('',(0.,6.40228610867174E-15,-1.));
#4138=DIRECTION('center_axis',(0.,0.,-1.));
#4139=DIRECTION('ref_axis',(1.,0.,0.));
#4140=DIRECTION('',(0.,-1.,0.));
#4141=DIRECTION('',(-1.,0.,0.));
#4142=DIRECTION('',(0.,-1.,0.));
#4143=DIRECTION('',(1.,0.,0.));
#4144=DIRECTION('',(0.,1.,6.34413156928661E-15));
#4145=DIRECTION('center_axis',(0.,0.,-1.));
#4146=DIRECTION('ref_axis',(-1.,0.,0.));
#4147=DIRECTION('',(1.,0.,0.));
#4148=DIRECTION('center_axis',(0.,0.,-1.));
#4149=DIRECTION('ref_axis',(-1.,0.,0.));
#4150=DIRECTION('',(1.11022302462516E-16,-1.,0.));
#4151=DIRECTION('center_axis',(0.,0.,-1.));
#4152=DIRECTION('ref_axis',(-1.,0.,0.));
#4153=DIRECTION('',(-1.,0.,0.));
#4154=DIRECTION('',(4.22942104619107E-16,1.,0.));
#4155=DIRECTION('center_axis',(0.,0.,-1.));
#4156=DIRECTION('ref_axis',(-6.02154860813644E-16,1.,0.));
#4157=DIRECTION('',(1.,-4.44089209850063E-16,0.));
#4158=DIRECTION('center_axis',(0.,0.,-1.));
#4159=DIRECTION('ref_axis',(8.7938457396052E-17,-1.,0.));
#4160=DIRECTION('',(-1.,2.22044604925031E-16,0.));
#4161=DIRECTION('center_axis',(0.,0.,-1.));
#4162=DIRECTION('ref_axis',(-1.,-1.50538715203411E-16,0.));
#4163=DIRECTION('',(-1.,0.,0.));
#4164=DIRECTION('',(0.,1.,0.));
#4165=DIRECTION('',(1.,0.,0.));
#4166=DIRECTION('',(0.,-1.,0.));
#4167=DIRECTION('',(-0.842615877528298,-0.538515072154175,0.));
#4168=DIRECTION('',(0.,1.,0.));
#4169=DIRECTION('',(0.84377546001288,0.536696350909947,0.));
#4170=DIRECTION('',(0.,1.,0.));
#4171=DIRECTION('',(-1.,0.,0.));
#4172=DIRECTION('',(0.,1.,0.));
#4173=DIRECTION('',(1.,0.,0.));
#4174=DIRECTION('',(0.,-1.,0.));
#4175=DIRECTION('',(-1.,0.,0.));
#4176=DIRECTION('',(0.,-1.,0.));
#4177=DIRECTION('',(-1.,0.,0.));
#4178=DIRECTION('',(0.,1.,0.));
#4179=DIRECTION('',(1.,0.,0.));
#4180=DIRECTION('',(0.,-1.,0.));
#4181=DIRECTION('',(-1.,0.,0.));
#4182=DIRECTION('',(0.,-1.,0.));
#4183=DIRECTION('',(1.,0.,0.));
#4184=DIRECTION('',(0.,-1.,0.));
#4185=DIRECTION('',(-1.,0.,0.));
#4186=DIRECTION('',(0.,1.,0.));
#4187=DIRECTION('',(1.,0.,0.));
#4188=DIRECTION('',(0.,1.,0.));
#4189=DIRECTION('',(0.,-1.,0.));
#4190=DIRECTION('',(-1.,0.,0.));
#4191=DIRECTION('',(0.,1.,0.));
#4192=DIRECTION('',(1.,0.,0.));
#4193=DIRECTION('center_axis',(0.,0.,-1.));
#4194=DIRECTION('ref_axis',(1.,0.,0.));
#4195=DIRECTION('',(0.,-1.,0.));
#4196=DIRECTION('',(1.,0.,0.));
#4197=DIRECTION('',(0.,-1.,0.));
#4198=DIRECTION('',(-1.,0.,0.));
#4199=DIRECTION('',(0.,-1.,-6.34413156928661E-15));
#4200=DIRECTION('',(0.,-1.,0.));
#4201=DIRECTION('',(1.,0.,0.));
#4202=DIRECTION('',(0.,1.,0.));
#4203=DIRECTION('',(-1.,0.,0.));
#4204=DIRECTION('',(0.,-1.,0.));
#4205=DIRECTION('center_axis',(0.,0.,1.));
#4206=DIRECTION('ref_axis',(-1.,0.,0.));
#4207=DIRECTION('center_axis',(0.,0.,1.));
#4208=DIRECTION('ref_axis',(-1.,0.,0.));
#4209=DIRECTION('center_axis',(0.,0.,1.));
#4210=DIRECTION('ref_axis',(-1.,0.,0.));
#4211=DIRECTION('center_axis',(0.,0.,1.));
#4212=DIRECTION('ref_axis',(-1.,0.,0.));
#4213=DIRECTION('center_axis',(0.,0.,1.));
#4214=DIRECTION('ref_axis',(-1.,0.,0.));
#4215=DIRECTION('center_axis',(0.,0.,1.));
#4216=DIRECTION('ref_axis',(-1.,0.,0.));
#4217=DIRECTION('center_axis',(0.,0.,1.));
#4218=DIRECTION('ref_axis',(-1.,0.,0.));
#4219=DIRECTION('center_axis',(0.,0.,1.));
#4220=DIRECTION('ref_axis',(-1.,0.,0.));
#4221=DIRECTION('center_axis',(0.,0.,1.));
#4222=DIRECTION('ref_axis',(-1.,0.,0.));
#4223=DIRECTION('center_axis',(0.,0.,1.));
#4224=DIRECTION('ref_axis',(-1.,0.,0.));
#4225=DIRECTION('center_axis',(0.,0.,1.));
#4226=DIRECTION('ref_axis',(-1.,0.,0.));
#4227=DIRECTION('center_axis',(0.,0.,1.));
#4228=DIRECTION('ref_axis',(-1.,0.,0.));
#4229=DIRECTION('center_axis',(1.,0.,0.));
#4230=DIRECTION('ref_axis',(0.,0.,-1.));
#4231=DIRECTION('',(0.,-6.40228610867174E-15,1.));
#4232=DIRECTION('',(0.,6.34413156928661E-15,-1.));
#4233=DIRECTION('center_axis',(0.,-1.,-6.34413156928661E-15));
#4234=DIRECTION('ref_axis',(-0.707106781186548,0.,0.707106781186548));
#4235=DIRECTION('',(0.,1.,2.22044604925031E-15));
#4236=DIRECTION('',(0.,6.40228610867174E-15,-1.));
#4237=DIRECTION('center_axis',(-1.,4.22942104619107E-16,0.));
#4238=DIRECTION('ref_axis',(4.22942104619107E-16,1.,0.));
#4239=DIRECTION('',(-4.22942104619107E-16,-1.,0.));
#4240=DIRECTION('',(0.,0.,-1.));
#4241=DIRECTION('',(0.,0.,-1.));
#4242=DIRECTION('center_axis',(0.,0.,-1.));
#4243=DIRECTION('ref_axis',(-1.,-1.50538715203411E-16,0.));
#4244=DIRECTION('center_axis',(0.,0.,1.));
#4245=DIRECTION('ref_axis',(-1.,-1.50538715203411E-16,0.));
#4246=DIRECTION('',(0.,0.,-1.));
#4247=DIRECTION('center_axis',(-2.22044604925031E-16,-1.,0.));
#4248=DIRECTION('ref_axis',(-1.,2.22044604925031E-16,0.));
#4249=DIRECTION('',(1.,-2.22044604925031E-16,0.));
#4250=DIRECTION('',(0.,0.,-1.));
#4251=DIRECTION('center_axis',(0.,0.,-1.));
#4252=DIRECTION('ref_axis',(8.7938457396052E-17,-1.,0.));
#4253=DIRECTION('center_axis',(0.,0.,1.));
#4254=DIRECTION('ref_axis',(8.7938457396052E-17,-1.,0.));
#4255=DIRECTION('',(0.,0.,-1.));
#4256=DIRECTION('center_axis',(4.44089209850063E-16,1.,0.));
#4257=DIRECTION('ref_axis',(1.,-4.44089209850063E-16,0.));
#4258=DIRECTION('',(-1.,4.44089209850063E-16,0.));
#4259=DIRECTION('',(0.,0.,-1.));
#4260=DIRECTION('center_axis',(0.,0.,-1.));
#4261=DIRECTION('ref_axis',(-6.02154860813644E-16,1.,0.));
#4262=DIRECTION('center_axis',(0.,0.,1.));
#4263=DIRECTION('ref_axis',(-6.02154860813644E-16,1.,0.));
#4264=DIRECTION('center_axis',(0.,0.,-1.));
#4265=DIRECTION('ref_axis',(-1.,0.,0.));
#4266=DIRECTION('center_axis',(0.,0.,-1.));
#4267=DIRECTION('ref_axis',(-1.,0.,0.));
#4268=DIRECTION('',(0.,0.,-1.));
#4269=DIRECTION('center_axis',(0.,0.,-1.));
#4270=DIRECTION('ref_axis',(-1.,0.,0.));
#4271=DIRECTION('center_axis',(0.,0.,1.));
#4272=DIRECTION('ref_axis',(-1.,0.,0.));
#4273=DIRECTION('center_axis',(0.,0.,-1.));
#4274=DIRECTION('ref_axis',(-1.,0.,0.));
#4275=DIRECTION('center_axis',(0.,0.,-1.));
#4276=DIRECTION('ref_axis',(-1.,0.,0.));
#4277=DIRECTION('',(0.,0.,-1.));
#4278=DIRECTION('center_axis',(0.,0.,-1.));
#4279=DIRECTION('ref_axis',(-1.,0.,0.));
#4280=DIRECTION('center_axis',(0.,0.,1.));
#4281=DIRECTION('ref_axis',(-1.,0.,0.));
#4282=DIRECTION('center_axis',(0.,0.,-1.));
#4283=DIRECTION('ref_axis',(-1.,0.,0.));
#4284=DIRECTION('center_axis',(0.,0.,-1.));
#4285=DIRECTION('ref_axis',(-1.,0.,0.));
#4286=DIRECTION('',(0.,0.,-1.));
#4287=DIRECTION('center_axis',(0.,0.,-1.));
#4288=DIRECTION('ref_axis',(-1.,0.,0.));
#4289=DIRECTION('center_axis',(0.,0.,1.));
#4290=DIRECTION('ref_axis',(-1.,0.,0.));
#4291=DIRECTION('center_axis',(0.,0.,-1.));
#4292=DIRECTION('ref_axis',(-1.,0.,0.));
#4293=DIRECTION('center_axis',(0.,0.,-1.));
#4294=DIRECTION('ref_axis',(-1.,0.,0.));
#4295=DIRECTION('',(0.,0.,-1.));
#4296=DIRECTION('center_axis',(0.,0.,-1.));
#4297=DIRECTION('ref_axis',(-1.,0.,0.));
#4298=DIRECTION('center_axis',(0.,0.,1.));
#4299=DIRECTION('ref_axis',(-1.,0.,0.));
#4300=DIRECTION('center_axis',(0.,0.,-1.));
#4301=DIRECTION('ref_axis',(-1.,0.,0.));
#4302=DIRECTION('center_axis',(0.,0.,-1.));
#4303=DIRECTION('ref_axis',(-1.,0.,0.));
#4304=DIRECTION('',(0.,0.,-1.));
#4305=DIRECTION('center_axis',(0.,0.,-1.));
#4306=DIRECTION('ref_axis',(-1.,0.,0.));
#4307=DIRECTION('center_axis',(0.,0.,1.));
#4308=DIRECTION('ref_axis',(-1.,0.,0.));
#4309=DIRECTION('center_axis',(0.,0.,-1.));
#4310=DIRECTION('ref_axis',(-1.,0.,0.));
#4311=DIRECTION('center_axis',(0.,0.,-1.));
#4312=DIRECTION('ref_axis',(-1.,0.,0.));
#4313=DIRECTION('',(0.,0.,-1.));
#4314=DIRECTION('center_axis',(0.,0.,-1.));
#4315=DIRECTION('ref_axis',(-1.,0.,0.));
#4316=DIRECTION('center_axis',(0.,0.,1.));
#4317=DIRECTION('ref_axis',(-1.,0.,0.));
#4318=DIRECTION('center_axis',(0.,0.,-1.));
#4319=DIRECTION('ref_axis',(-1.,0.,0.));
#4320=DIRECTION('center_axis',(0.,0.,-1.));
#4321=DIRECTION('ref_axis',(-1.,0.,0.));
#4322=DIRECTION('',(0.,0.,-1.));
#4323=DIRECTION('center_axis',(0.,0.,-1.));
#4324=DIRECTION('ref_axis',(-1.,0.,0.));
#4325=DIRECTION('center_axis',(0.,0.,1.));
#4326=DIRECTION('ref_axis',(-1.,0.,0.));
#4327=DIRECTION('center_axis',(0.,0.,-1.));
#4328=DIRECTION('ref_axis',(-1.,0.,0.));
#4329=DIRECTION('center_axis',(0.,0.,-1.));
#4330=DIRECTION('ref_axis',(-1.,0.,0.));
#4331=DIRECTION('',(0.,0.,-1.));
#4332=DIRECTION('center_axis',(0.,0.,-1.));
#4333=DIRECTION('ref_axis',(-1.,0.,0.));
#4334=DIRECTION('center_axis',(0.,0.,1.));
#4335=DIRECTION('ref_axis',(-1.,0.,0.));
#4336=DIRECTION('center_axis',(0.,0.,-1.));
#4337=DIRECTION('ref_axis',(-1.,0.,0.));
#4338=DIRECTION('center_axis',(0.,0.,-1.));
#4339=DIRECTION('ref_axis',(-1.,0.,0.));
#4340=DIRECTION('',(0.,0.,-1.));
#4341=DIRECTION('center_axis',(0.,0.,-1.));
#4342=DIRECTION('ref_axis',(-1.,0.,0.));
#4343=DIRECTION('center_axis',(0.,0.,1.));
#4344=DIRECTION('ref_axis',(-1.,0.,0.));
#4345=DIRECTION('center_axis',(0.,0.,-1.));
#4346=DIRECTION('ref_axis',(-1.,0.,0.));
#4347=DIRECTION('center_axis',(0.,0.,-1.));
#4348=DIRECTION('ref_axis',(-1.,0.,0.));
#4349=DIRECTION('',(0.,0.,-1.));
#4350=DIRECTION('center_axis',(0.,0.,-1.));
#4351=DIRECTION('ref_axis',(-1.,0.,0.));
#4352=DIRECTION('center_axis',(0.,0.,1.));
#4353=DIRECTION('ref_axis',(-1.,0.,0.));
#4354=DIRECTION('center_axis',(0.,0.,-1.));
#4355=DIRECTION('ref_axis',(-1.,-8.32667268468867E-16,0.));
#4356=DIRECTION('center_axis',(0.,0.,-1.));
#4357=DIRECTION('ref_axis',(-1.,-8.32667268468867E-16,0.));
#4358=DIRECTION('',(0.,0.,-1.));
#4359=DIRECTION('center_axis',(5.40875497434381E-16,-3.67739199601678E-15,
1.));
#4360=DIRECTION('ref_axis',(-1.,-8.32667268468867E-16,0.));
#4361=DIRECTION('',(0.,0.,-1.));
#4362=DIRECTION('center_axis',(0.,0.,-1.));
#4363=DIRECTION('ref_axis',(-1.,-8.32667268468867E-16,0.));
#4364=DIRECTION('',(0.,0.,-1.));
#4365=DIRECTION('center_axis',(0.,0.,1.));
#4366=DIRECTION('ref_axis',(-1.,-8.32667268468867E-16,0.));
#4367=DIRECTION('',(0.,0.,-1.));
#4368=DIRECTION('center_axis',(1.,0.,0.));
#4369=DIRECTION('ref_axis',(0.,-1.,0.));
#4370=DIRECTION('',(0.,-1.,-3.67739199601678E-15));
#4371=DIRECTION('',(0.,0.,-1.));
#4372=DIRECTION('',(0.,1.,0.));
#4373=DIRECTION('center_axis',(0.,0.,-1.));
#4374=DIRECTION('ref_axis',(-1.85037170770859E-16,1.,0.));
#4375=DIRECTION('center_axis',(5.40875497434381E-16,-3.67739199601678E-15,
1.));
#4376=DIRECTION('ref_axis',(-1.85037170770859E-16,1.,0.));
#4377=DIRECTION('',(0.,0.,1.));
#4378=DIRECTION('center_axis',(0.,0.,-1.));
#4379=DIRECTION('ref_axis',(-1.85037170770859E-16,1.,0.));
#4380=DIRECTION('',(0.,0.,-1.));
#4381=DIRECTION('center_axis',(0.,0.,1.));
#4382=DIRECTION('ref_axis',(-1.85037170770859E-16,1.,0.));
#4383=DIRECTION('',(0.,0.,-1.));
#4384=DIRECTION('center_axis',(0.,0.,-1.));
#4385=DIRECTION('ref_axis',(-1.85037170770859E-16,1.,0.));
#4386=DIRECTION('center_axis',(2.27738056333365E-16,-1.,0.));
#4387=DIRECTION('ref_axis',(-1.,-2.27738056333365E-16,0.));
#4388=DIRECTION('',(1.,2.27738056333365E-16,0.));
#4389=DIRECTION('',(-1.,-2.27738056333365E-16,0.));
#4390=DIRECTION('',(0.,0.,-1.));
#4391=DIRECTION('center_axis',(0.,0.,-1.));
#4392=DIRECTION('ref_axis',(-1.00929365875014E-16,-1.,0.));
#4393=DIRECTION('center_axis',(0.,0.,-1.));
#4394=DIRECTION('ref_axis',(-1.00929365875014E-16,-1.,0.));
#4395=DIRECTION('center_axis',(0.,0.,1.));
#4396=DIRECTION('ref_axis',(-1.00929365875014E-16,-1.,0.));
#4397=DIRECTION('',(0.,0.,-1.));
#4398=DIRECTION('center_axis',(2.27738056333365E-16,1.,0.));
#4399=DIRECTION('ref_axis',(1.,-2.27738056333365E-16,0.));
#4400=DIRECTION('',(-1.,2.27738056333365E-16,0.));
#4401=DIRECTION('',(1.,-2.27738056333365E-16,0.));
#4402=DIRECTION('center_axis',(1.,0.,0.));
#4403=DIRECTION('ref_axis',(0.,-1.,0.));
#4404=DIRECTION('',(0.,1.,0.));
#4405=DIRECTION('',(0.,-1.,0.));
#4406=DIRECTION('',(0.,1.,0.));
#4407=DIRECTION('',(0.,0.,-1.));
#4408=DIRECTION('',(0.,1.,3.77475828372553E-15));
#4409=DIRECTION('',(0.,0.,1.));
#4410=DIRECTION('center_axis',(0.,1.,0.));
#4411=DIRECTION('ref_axis',(1.,0.,0.));
#4412=DIRECTION('',(1.,0.,-6.83214169000096E-16));
#4413=DIRECTION('',(-8.88178419700125E-16,3.77475828372553E-15,-1.));
#4414=DIRECTION('',(-1.,0.,5.40875497434381E-16));
#4415=DIRECTION('',(-6.83214169000096E-16,0.,-1.));
#4416=DIRECTION('',(1.,0.,-5.40875497434381E-16));
#4417=DIRECTION('',(0.,0.,-1.));
#4418=DIRECTION('',(1.,0.,0.));
#4419=DIRECTION('center_axis',(8.88178419700125E-16,-3.77475828372553E-15,
1.));
#4420=DIRECTION('ref_axis',(1.,0.,-8.88178419700125E-16));
#4421=DIRECTION('',(-1.,0.,6.83214169000096E-16));
#4422=DIRECTION('',(2.12479366723233E-30,1.,3.77475828372553E-15));
#4423=DIRECTION('',(0.866025403784439,-0.499999999999999,-2.65656421641619E-15));
#4424=DIRECTION('',(0.866025403784439,0.499999999999999,1.11819406730934E-15));
#4425=DIRECTION('',(1.13778015176107E-31,1.,3.77475828372553E-15));
#4426=DIRECTION('',(-0.866025403784439,0.5,2.65656421641619E-15));
#4427=DIRECTION('',(-0.866025403784439,-0.5,-1.11819406730934E-15));
#4428=DIRECTION('',(-1.13778015176107E-31,-1.,-3.77475828372553E-15));
#4429=DIRECTION('',(0.866025403784439,-0.5,-2.65656421641619E-15));
#4430=DIRECTION('',(0.866025403784439,0.5,1.11819406730934E-15));
#4431=DIRECTION('',(1.13778015176107E-31,1.,3.77475828372553E-15));
#4432=DIRECTION('',(-0.866025403784439,0.5,2.65656421641619E-15));
#4433=DIRECTION('',(-0.866025403784439,-0.5,-1.11819406730934E-15));
#4434=DIRECTION('',(-1.13778015176107E-31,-1.,-3.77475828372553E-15));
#4435=DIRECTION('center_axis',(0.,-1.,0.));
#4436=DIRECTION('ref_axis',(-1.,0.,0.));
#4437=DIRECTION('',(-1.,0.,0.));
#4438=DIRECTION('',(0.,-3.5527136788005E-15,1.));
#4439=DIRECTION('',(-1.,0.,5.40875497434381E-16));
#4440=DIRECTION('',(-8.88178419700125E-16,3.77475828372553E-15,-1.));
#4441=DIRECTION('',(1.,0.,-5.40875497434381E-16));
#4442=DIRECTION('',(-6.83214169000096E-16,0.,-1.));
#4443=DIRECTION('center_axis',(-5.40875497434381E-16,3.67739199601678E-15,
-1.));
#4444=DIRECTION('ref_axis',(1.,-4.93038065763135E-32,-5.40875497434381E-16));
#4445=DIRECTION('',(0.,1.,3.67739199601678E-15));
#4446=DIRECTION('',(-2.0383150316831E-30,-1.,-3.67739199601678E-15));
#4447=DIRECTION('center_axis',(-5.40875497434381E-16,3.67739199601678E-15,
-1.));
#4448=DIRECTION('ref_axis',(-1.,0.,0.));
#4449=DIRECTION('',(-2.0383150316831E-30,-1.,-3.67739199601678E-15));
#4450=DIRECTION('',(0.866025403784439,-0.499999999999999,-2.30710791907111E-15));
#4451=DIRECTION('',(0.866025403784439,0.499999999999999,1.37028407694567E-15));
#4452=DIRECTION('',(0.,1.,3.67739199601678E-15));
#4453=DIRECTION('',(-0.866025403784439,0.5,2.30710791907111E-15));
#4454=DIRECTION('',(-0.866025403784439,-0.5,-1.37028407694567E-15));
#4455=DIRECTION('',(0.,-1.,-3.67739199601678E-15));
#4456=DIRECTION('',(0.,1.,3.67739199601678E-15));
#4457=DIRECTION('',(-0.866025403784439,0.5,2.30710791907111E-15));
#4458=DIRECTION('',(-0.866025403784439,-0.5,-1.37028407694567E-15));
#4459=DIRECTION('',(0.,-1.,-3.67739199601678E-15));
#4460=DIRECTION('',(0.866025403784439,-0.5,-2.30710791907111E-15));
#4461=DIRECTION('',(0.866025403784439,0.5,1.37028407694567E-15));
#4462=DIRECTION('center_axis',(1.,2.46519032881566E-30,-6.83214169000096E-16));
#4463=DIRECTION('ref_axis',(0.,-1.,-3.60822483003176E-15));
#4464=DIRECTION('',(-6.83214169000096E-16,3.67227615837552E-15,-1.));
#4465=DIRECTION('',(0.,-1.,0.));
#4466=DIRECTION('',(-6.83214169000096E-16,3.67227615837552E-15,-1.));
#4467=DIRECTION('center_axis',(0.499999999999999,-0.866025403784439,-3.52189152736517E-15));
#4468=DIRECTION('ref_axis',(-0.866025403784439,-0.499999999999999,-1.32337174341999E-15));
#4469=DIRECTION('',(-6.83214169000096E-16,3.67227615837552E-15,-1.));
#4470=DIRECTION('',(-0.866025403784439,-0.499999999999999,0.));
#4471=DIRECTION('center_axis',(-0.499999999999999,-0.866025403784439,-2.83867735836508E-15));
#4472=DIRECTION('ref_axis',(-0.866025403784439,0.499999999999999,2.28485308661177E-15));
#4473=DIRECTION('',(0.,0.,1.));
#4474=DIRECTION('',(-0.866025403784439,0.499999999999999,0.));
#4475=DIRECTION('center_axis',(1.,2.46519032881566E-30,-6.83214169000096E-16));
#4476=DIRECTION('ref_axis',(0.,-1.,-3.60822483003176E-15));
#4477=DIRECTION('',(-6.83214169000096E-16,3.67227615837552E-15,-1.));
#4478=DIRECTION('',(0.,-1.,0.));
#4479=DIRECTION('',(-6.83214169000096E-16,3.67227615837552E-15,-1.));
#4480=DIRECTION('center_axis',(0.5,-0.866025403784439,-3.52189152736517E-15));
#4481=DIRECTION('ref_axis',(-0.866025403784439,-0.5,-1.32337174341999E-15));
#4482=DIRECTION('',(-6.83214169000096E-16,3.67227615837552E-15,-1.));
#4483=DIRECTION('',(-0.866025403784439,-0.5,0.));
#4484=DIRECTION('center_axis',(-0.5,-0.866025403784439,-2.83867735836508E-15));
#4485=DIRECTION('ref_axis',(-0.866025403784439,0.5,2.28485308661177E-15));
#4486=DIRECTION('',(0.,0.,1.));
#4487=DIRECTION('',(-0.866025403784439,0.5,0.));
#4488=DIRECTION('center_axis',(-0.5,0.866025403784439,3.59585163068762E-15));
#4489=DIRECTION('ref_axis',(0.866025403784439,0.5,1.37028407694567E-15));
#4490=DIRECTION('',(-6.83214169000096E-16,3.75767792950053E-15,-1.));
#4491=DIRECTION('',(0.866025403784439,0.5,0.));
#4492=DIRECTION('',(-6.83214169000096E-16,3.75767792950053E-15,-1.));
#4493=DIRECTION('center_axis',(0.5,0.866025403784439,2.91263746168752E-15));
#4494=DIRECTION('ref_axis',(0.866025403784439,-0.5,-2.30710791907111E-15));
#4495=DIRECTION('',(-6.83214169000096E-16,3.75767792950053E-15,-1.));
#4496=DIRECTION('',(0.866025403784439,-0.5,0.));
#4497=DIRECTION('center_axis',(1.,2.51244631664621E-30,-6.83214169000096E-16));
#4498=DIRECTION('ref_axis',(0.,-1.,-3.67739199601678E-15));
#4499=DIRECTION('',(0.,0.,1.));
#4500=DIRECTION('',(0.,-1.,0.));
#4501=DIRECTION('center_axis',(1.,2.51244631664621E-30,-6.83214169000096E-16));
#4502=DIRECTION('ref_axis',(0.,-1.,-3.67739199601678E-15));
#4503=DIRECTION('',(-6.83214169000096E-16,3.75767792950053E-15,-1.));
#4504=DIRECTION('',(0.,-1.,0.));
#4505=DIRECTION('',(-6.83214169000096E-16,3.75767792950053E-15,-1.));
#4506=DIRECTION('center_axis',(0.499999999999999,-0.866025403784439,-3.59585163068762E-15));
#4507=DIRECTION('ref_axis',(-0.866025403784439,-0.499999999999999,-1.37028407694567E-15));
#4508=DIRECTION('',(-6.83214169000096E-16,3.75767792950053E-15,-1.));
#4509=DIRECTION('',(-0.866025403784439,-0.499999999999999,0.));
#4510=DIRECTION('center_axis',(-0.499999999999999,-0.866025403784439,-2.91263746168752E-15));
#4511=DIRECTION('ref_axis',(-0.866025403784439,0.499999999999999,2.30710791907111E-15));
#4512=DIRECTION('',(0.,0.,1.));
#4513=DIRECTION('',(-0.866025403784439,0.499999999999999,0.));
#4514=DIRECTION('center_axis',(0.,0.,1.));
#4515=DIRECTION('ref_axis',(1.,0.,0.));
#4516=DIRECTION('',(0.,1.,0.));
#4517=DIRECTION('',(0.866025403784439,0.5,0.));
#4518=DIRECTION('',(0.866025403784439,-0.5,0.));
#4519=DIRECTION('center_axis',(0.,0.,-1.));
#4520=DIRECTION('ref_axis',(1.,1.26168077620839E-30,-8.88178419700125E-16));
#4521=DIRECTION('center_axis',(0.,0.,-1.));
#4522=DIRECTION('ref_axis',(1.,0.,0.));
#4523=DIRECTION('',(-0.866025403784439,-0.5,0.));
#4524=DIRECTION('',(-0.866025403784439,0.5,0.));
#4525=DIRECTION('',(0.,1.,0.));
#4526=DIRECTION('center_axis',(0.,0.,-1.));
#4527=DIRECTION('ref_axis',(1.,1.26168077620839E-30,-8.88178419700125E-16));
#4528=DIRECTION('center_axis',(0.,0.,-1.));
#4529=DIRECTION('ref_axis',(1.,0.,0.));
#4530=DIRECTION('',(0.,1.,0.));
#4531=DIRECTION('',(0.866025403784439,0.5,0.));
#4532=DIRECTION('',(0.866025403784439,-0.5,0.));
#4533=DIRECTION('center_axis',(0.,0.,-1.));
#4534=DIRECTION('ref_axis',(1.,1.26168077620839E-30,-8.88178419700125E-16));
#4535=DIRECTION('center_axis',(0.,0.,1.));
#4536=DIRECTION('ref_axis',(1.,0.,0.));
#4537=DIRECTION('',(0.,1.,0.));
#4538=DIRECTION('',(0.866025403784439,0.5,0.));
#4539=DIRECTION('',(0.866025403784439,-0.5,0.));
#4540=DIRECTION('center_axis',(0.,0.,-1.));
#4541=DIRECTION('ref_axis',(1.,1.26168077620839E-30,-8.88178419700125E-16));
#4542=DIRECTION('center_axis',(0.,0.,-1.));
#4543=DIRECTION('ref_axis',(1.,5.66553889764798E-16,0.));
#4544=DIRECTION('',(0.,0.,-1.));
#4545=DIRECTION('center_axis',(-5.40875497434381E-16,3.67739199601678E-15,
-1.));
#4546=DIRECTION('ref_axis',(-1.,0.,0.));
#4547=DIRECTION('',(9.86864910777917E-16,-3.70074341541719E-15,1.));
#4548=DIRECTION('center_axis',(-1.,-1.22786517995697E-30,8.88178419700125E-16));
#4549=DIRECTION('ref_axis',(2.0383150316831E-30,1.,3.67739199601678E-15));
#4550=DIRECTION('',(-2.0383150316831E-30,-1.,-3.67739199601678E-15));
#4551=DIRECTION('center_axis',(-5.9211894646675E-16,0.,-1.));
#4552=DIRECTION('ref_axis',(-0.707106781186547,-0.707106781186547,3.14018491736755E-16));
#4553=DIRECTION('center_axis',(-5.40875497434381E-16,3.67739199601678E-15,
-1.));
#4554=DIRECTION('ref_axis',(-0.707106781186547,-0.707106781186547,3.14018491736755E-16));
#4555=DIRECTION('',(-5.9211894646675E-16,0.,-1.));
#4556=DIRECTION('center_axis',(0.,0.,-1.));
#4557=DIRECTION('ref_axis',(-0.707106781186547,-0.707106781186547,3.14018491736755E-16));
#4558=DIRECTION('center_axis',(0.,1.,0.));
#4559=DIRECTION('ref_axis',(1.,0.,0.));
#4560=DIRECTION('',(9.86864910777917E-16,-3.70074341541719E-15,1.));
#4561=DIRECTION('',(1.,0.,0.));
#4562=DIRECTION('',(-1.,0.,5.40875497434381E-16));
#4563=DIRECTION('center_axis',(1.,0.,0.));
#4564=DIRECTION('ref_axis',(0.,-1.,0.));
#4565=DIRECTION('',(9.86864910777917E-16,-3.70074341541719E-15,1.));
#4566=DIRECTION('',(0.,-1.,0.));
#4567=DIRECTION('',(0.,1.,3.67739199601678E-15));
#4568=DIRECTION('center_axis',(0.,-1.,0.));
#4569=DIRECTION('ref_axis',(-1.,0.,0.));
#4570=DIRECTION('',(9.86864910777917E-16,-3.70074341541719E-15,1.));
#4571=DIRECTION('',(-1.,0.,0.));
#4572=DIRECTION('',(1.,0.,-5.40875497434381E-16));
#4573=DIRECTION('center_axis',(-0.5,0.866025403784439,3.52189152736517E-15));
#4574=DIRECTION('ref_axis',(0.866025403784439,0.5,1.32337174341999E-15));
#4575=DIRECTION('',(0.,0.,1.));
#4576=DIRECTION('',(0.,0.,1.));
#4577=DIRECTION('center_axis',(-1.,-2.46519032881566E-30,6.83214169000096E-16));
#4578=DIRECTION('ref_axis',(0.,1.,3.60822483003176E-15));
#4579=DIRECTION('center_axis',(-0.5,0.866025403784439,3.52189152736517E-15));
#4580=DIRECTION('ref_axis',(0.866025403784439,0.5,1.32337174341999E-15));
#4581=DIRECTION('',(0.,0.,1.));
#4582=DIRECTION('',(0.,0.,1.));
#4583=DIRECTION('center_axis',(-1.,-2.46519032881566E-30,6.83214169000096E-16));
#4584=DIRECTION('ref_axis',(0.,1.,3.60822483003176E-15));
#4585=DIRECTION('center_axis',(0.5,0.866025403784439,2.83867735836508E-15));
#4586=DIRECTION('ref_axis',(0.866025403784439,-0.5,-2.28485308661177E-15));
#4587=DIRECTION('center_axis',(0.5,0.866025403784439,2.83867735836508E-15));
#4588=DIRECTION('ref_axis',(0.866025403784439,-0.5,-2.28485308661177E-15));
#4589=DIRECTION('center_axis',(-0.5,-0.866025403784439,-2.91263746168752E-15));
#4590=DIRECTION('ref_axis',(-0.866025403784439,0.5,2.30710791907111E-15));
#4591=DIRECTION('',(0.,0.,1.));
#4592=DIRECTION('',(0.,0.,1.));
#4593=DIRECTION('center_axis',(0.5,-0.866025403784439,-3.59585163068762E-15));
#4594=DIRECTION('ref_axis',(-0.866025403784439,-0.5,-1.37028407694567E-15));
#4595=DIRECTION('center_axis',(-0.5,0.866025403784439,3.59585163068762E-15));
#4596=DIRECTION('ref_axis',(0.866025403784439,0.5,1.37028407694567E-15));
#4597=DIRECTION('',(0.,0.,1.));
#4598=DIRECTION('',(0.,0.,1.));
#4599=DIRECTION('center_axis',(-1.,-2.51244631664621E-30,6.83214169000096E-16));
#4600=DIRECTION('ref_axis',(0.,1.,3.67739199601678E-15));
#4601=DIRECTION('center_axis',(-1.,-2.51244631664621E-30,6.83214169000096E-16));
#4602=DIRECTION('ref_axis',(0.,1.,3.67739199601678E-15));
#4603=DIRECTION('center_axis',(0.5,0.866025403784439,2.91263746168752E-15));
#4604=DIRECTION('ref_axis',(0.866025403784439,-0.5,-2.30710791907111E-15));
#4605=DIRECTION('center_axis',(-1.,0.,0.));
#4606=DIRECTION('ref_axis',(0.,1.,0.));
#4607=DIRECTION('',(0.,1.,0.));
#4608=DIRECTION('center_axis',(0.,0.,-1.));
#4609=DIRECTION('ref_axis',(-1.,0.,0.));
#4610=DIRECTION('center_axis',(0.,6.40228610867174E-15,-1.));
#4611=DIRECTION('ref_axis',(-1.,0.,0.));
#4612=DIRECTION('',(0.,6.40228610867174E-15,-1.));
#4613=DIRECTION('center_axis',(0.,0.,1.));
#4614=DIRECTION('ref_axis',(-1.,0.,0.));
#4615=DIRECTION('',(0.,6.40228610867174E-15,-1.));
#4616=DIRECTION('center_axis',(0.,-1.,-6.40228610867174E-15));
#4617=DIRECTION('ref_axis',(-1.,0.,0.));
#4618=DIRECTION('',(1.,0.,0.));
#4619=DIRECTION('center_axis',(0.,6.40228610867174E-15,-1.));
#4620=DIRECTION('ref_axis',(-1.,0.,0.));
#4621=DIRECTION('',(0.,6.40228610867174E-15,-1.));
#4622=DIRECTION('center_axis',(1.,1.11022302462516E-16,7.10796544808516E-31));
#4623=DIRECTION('ref_axis',(1.11022302462516E-16,-1.,-6.41153521435321E-15));
#4624=DIRECTION('',(0.,6.40228610867174E-15,-1.));
#4625=DIRECTION('',(-1.11022302462516E-16,1.,0.));
#4626=DIRECTION('center_axis',(0.,6.40228610867174E-15,-1.));
#4627=DIRECTION('ref_axis',(-1.,0.,0.));
#4628=DIRECTION('',(0.,6.40228610867174E-15,-1.));
#4629=DIRECTION('center_axis',(0.,0.,1.));
#4630=DIRECTION('ref_axis',(-1.,0.,0.));
#4631=DIRECTION('center_axis',(0.,1.,6.40228610867174E-15));
#4632=DIRECTION('ref_axis',(1.,0.,0.));
#4633=DIRECTION('center_axis',(0.,-1.,-6.40228610867174E-15));
#4634=DIRECTION('ref_axis',(-0.707106781186548,0.,0.707106781186548));
#4635=DIRECTION('',(-1.,0.,0.));
#4636=DIRECTION('center_axis',(-1.,0.,0.));
#4637=DIRECTION('ref_axis',(0.,-1.,0.));
#4638=DIRECTION('',(0.,-1.,0.));
#4639=DIRECTION('',(0.,0.,1.));
#4640=DIRECTION('center_axis',(-1.,0.,0.));
#4641=DIRECTION('ref_axis',(0.,-1.,0.));
#4642=DIRECTION('',(0.,0.,-1.));
#4643=DIRECTION('',(0.,-1.,0.));
#4644=DIRECTION('center_axis',(-1.,0.,0.));
#4645=DIRECTION('ref_axis',(0.,1.,0.));
#4646=DIRECTION('',(0.,-1.,0.));
#4647=DIRECTION('',(0.,0.,-1.));
#4648=DIRECTION('',(0.,0.,-1.));
#4649=DIRECTION('center_axis',(0.,-1.,0.));
#4650=DIRECTION('ref_axis',(-1.,0.,0.));
#4651=DIRECTION('',(1.,0.,0.));
#4652=DIRECTION('',(0.,0.,-1.));
#4653=DIRECTION('center_axis',(1.,0.,0.));
#4654=DIRECTION('ref_axis',(0.,-1.,0.));
#4655=DIRECTION('',(0.,1.,0.));
#4656=DIRECTION('',(0.,0.,-1.));
#4657=DIRECTION('center_axis',(0.,1.,0.));
#4658=DIRECTION('ref_axis',(1.,0.,0.));
#4659=DIRECTION('',(-1.,0.,0.));
#4660=DIRECTION('center_axis',(0.,-1.,0.));
#4661=DIRECTION('ref_axis',(0.,0.,1.));
#4662=DIRECTION('',(0.,0.,-1.));
#4663=DIRECTION('',(-1.,0.,0.));
#4664=DIRECTION('',(0.,0.,1.));
#4665=DIRECTION('',(-1.,0.,0.));
#4666=DIRECTION('center_axis',(0.,0.,-1.));
#4667=DIRECTION('ref_axis',(0.,-1.,0.));
#4668=DIRECTION('',(0.,1.,0.));
#4669=DIRECTION('',(0.,-1.,0.));
#4670=DIRECTION('',(-1.,0.,0.));
#4671=DIRECTION('center_axis',(0.,1.,0.));
#4672=DIRECTION('ref_axis',(0.,0.,-1.));
#4673=DIRECTION('',(0.,0.,1.));
#4674=DIRECTION('',(0.,0.,-1.));
#4675=DIRECTION('',(-1.,0.,0.));
#4676=DIRECTION('center_axis',(0.,0.,1.));
#4677=DIRECTION('ref_axis',(0.,1.,0.));
#4678=DIRECTION('',(0.,-1.,0.));
#4679=DIRECTION('',(0.,1.,0.));
#4680=DIRECTION('center_axis',(0.,1.,0.));
#4681=DIRECTION('ref_axis',(0.,0.,-1.));
#4682=DIRECTION('',(0.,0.,1.));
#4683=DIRECTION('',(-1.,0.,0.));
#4684=DIRECTION('',(0.,0.,-1.));
#4685=DIRECTION('',(-1.,0.,0.));
#4686=DIRECTION('center_axis',(0.,0.,1.));
#4687=DIRECTION('ref_axis',(0.,1.,0.));
#4688=DIRECTION('',(0.,-1.,0.));
#4689=DIRECTION('',(0.,1.,0.));
#4690=DIRECTION('',(-1.,0.,0.));
#4691=DIRECTION('center_axis',(0.,-1.,0.));
#4692=DIRECTION('ref_axis',(0.,0.,1.));
#4693=DIRECTION('',(0.,0.,-1.));
#4694=DIRECTION('',(0.,0.,1.));
#4695=DIRECTION('',(-1.,0.,0.));
#4696=DIRECTION('center_axis',(0.,0.,-1.));
#4697=DIRECTION('ref_axis',(0.,-1.,0.));
#4698=DIRECTION('',(0.,1.,0.));
#4699=DIRECTION('',(0.,-1.,0.));
#4700=DIRECTION('center_axis',(0.,1.,0.));
#4701=DIRECTION('ref_axis',(0.,0.,-1.));
#4702=DIRECTION('',(0.,0.,1.));
#4703=DIRECTION('',(-1.,0.,0.));
#4704=DIRECTION('',(0.,0.,-1.));
#4705=DIRECTION('',(-1.,0.,0.));
#4706=DIRECTION('center_axis',(0.,0.,1.));
#4707=DIRECTION('ref_axis',(0.,1.,0.));
#4708=DIRECTION('',(0.,-1.,0.));
#4709=DIRECTION('',(0.,1.,0.));
#4710=DIRECTION('',(-1.,0.,0.));
#4711=DIRECTION('center_axis',(0.,-1.,0.));
#4712=DIRECTION('ref_axis',(0.,0.,1.));
#4713=DIRECTION('',(0.,0.,-1.));
#4714=DIRECTION('',(0.,0.,1.));
#4715=DIRECTION('',(-1.,0.,0.));
#4716=DIRECTION('center_axis',(0.,0.,-1.));
#4717=DIRECTION('ref_axis',(0.,-1.,0.));
#4718=DIRECTION('',(0.,1.,0.));
#4719=DIRECTION('',(0.,-1.,0.));
#4720=DIRECTION('center_axis',(1.,1.22786517995697E-30,-8.88178419700125E-16));
#4721=DIRECTION('ref_axis',(-2.0383150316831E-30,-1.,-3.67739199601678E-15));
#4722=DIRECTION('',(2.0383150316831E-30,1.,3.67739199601678E-15));
#4723=DIRECTION('center_axis',(0.,1.,0.));
#4724=DIRECTION('ref_axis',(-1.,0.,0.));
#4725=DIRECTION('',(1.,0.,0.));
#4726=DIRECTION('',(0.,0.,-1.));
#4727=DIRECTION('',(0.,0.,-1.));
#4728=DIRECTION('center_axis',(0.,0.,-1.));
#4729=DIRECTION('ref_axis',(-1.,0.,0.));
#4730=DIRECTION('center_axis',(0.,0.,1.));
#4731=DIRECTION('ref_axis',(-1.,0.,0.));
#4732=DIRECTION('',(0.,0.,-1.));
#4733=DIRECTION('center_axis',(0.,0.,-1.));
#4734=DIRECTION('ref_axis',(-1.,0.,0.));
#4735=DIRECTION('center_axis',(0.,0.,1.));
#4736=DIRECTION('ref_axis',(-1.,0.,0.));
#4737=DIRECTION('',(0.,0.,-1.));
#4738=DIRECTION('center_axis',(0.,0.,-1.));
#4739=DIRECTION('ref_axis',(-1.,0.,0.));
#4740=DIRECTION('center_axis',(0.,0.,1.));
#4741=DIRECTION('ref_axis',(-1.,0.,0.));
#4742=DIRECTION('',(0.,0.,-1.));
#4743=DIRECTION('center_axis',(0.,0.,-1.));
#4744=DIRECTION('ref_axis',(-1.,0.,0.));
#4745=DIRECTION('center_axis',(0.,0.,1.));
#4746=DIRECTION('ref_axis',(-1.,0.,0.));
#4747=DIRECTION('',(0.,0.,-1.));
#4748=DIRECTION('center_axis',(-1.,0.,0.));
#4749=DIRECTION('ref_axis',(0.,0.707106781186541,0.707106781186554));
#4750=DIRECTION('',(1.,0.,0.));
#4751=DIRECTION('center_axis',(-0.707106781186548,0.707106781186548,0.));
#4752=DIRECTION('ref_axis',(-0.707106781186548,-0.707106781186548,-3.14018491736755E-15));
#4753=DIRECTION('',(-1.,0.,0.));
#4754=DIRECTION('center_axis',(-0.707106781186544,-0.707106781186551,-6.28036983473509E-15));
#4755=DIRECTION('ref_axis',(0.707106781186551,-0.707106781186544,-6.28036983473504E-15));
#4756=DIRECTION('center_axis',(0.,1.,0.));
#4757=DIRECTION('ref_axis',(-1.,0.,0.));
#4758=DIRECTION('',(0.,0.,1.));
#4759=DIRECTION('center_axis',(-0.408248290463858,0.408248290463858,-0.816496580927731));
#4760=DIRECTION('ref_axis',(-0.577350269189626,0.577350269189626,0.577350269189626));
#4761=DIRECTION('center_axis',(0.,0.,1.));
#4762=DIRECTION('ref_axis',(0.,1.,0.));
#4763=DIRECTION('center_axis',(0.,1.,0.));
#4764=DIRECTION('ref_axis',(-0.707106781186554,0.,0.707106781186541));
#4765=DIRECTION('center_axis',(-1.,0.,0.));
#4766=DIRECTION('ref_axis',(0.,0.707106781186543,0.707106781186552));
#4767=DIRECTION('center_axis',(0.,0.,-1.));
#4768=DIRECTION('ref_axis',(-0.707106781186541,0.707106781186554,0.));
#4769=DIRECTION('',(0.,0.,1.));
#4770=DIRECTION('',(0.,0.,-1.));
#4771=DIRECTION('center_axis',(0.,0.,1.));
#4772=DIRECTION('ref_axis',(-0.707106781186541,0.707106781186554,0.));
#4773=DIRECTION('center_axis',(0.408248290463863,-0.816496580927726,0.408248290463863));
#4774=DIRECTION('ref_axis',(0.577350269189626,0.577350269189626,0.577350269189626));
#4775=DIRECTION('center_axis',(0.,0.,1.));
#4776=DIRECTION('ref_axis',(1.,0.,0.));
#4777=DIRECTION('center_axis',(1.,0.,0.));
#4778=DIRECTION('ref_axis',(0.,0.707106781186543,0.707106781186552));
#4779=DIRECTION('center_axis',(0.,1.,0.));
#4780=DIRECTION('ref_axis',(0.707106781186543,0.,0.707106781186552));
#4781=DIRECTION('center_axis',(0.,0.,-1.));
#4782=DIRECTION('ref_axis',(0.707106781186535,0.70710678118656,0.));
#4783=DIRECTION('',(0.,0.,1.));
#4784=DIRECTION('',(0.,0.,-1.));
#4785=DIRECTION('center_axis',(0.,0.,1.));
#4786=DIRECTION('ref_axis',(0.707106781186535,0.70710678118656,0.));
#4787=DIRECTION('center_axis',(-1.,0.,0.));
#4788=DIRECTION('ref_axis',(0.,0.707106781186541,0.707106781186554));
#4789=DIRECTION('',(-1.,0.,0.));
#4790=DIRECTION('center_axis',(0.,1.,0.));
#4791=DIRECTION('ref_axis',(1.,0.,0.));
#4792=DIRECTION('',(-1.,0.,0.));
#4793=DIRECTION('center_axis',(0.,0.,-1.));
#4794=DIRECTION('ref_axis',(-1.,0.,0.));
#4795=DIRECTION('center_axis',(0.,0.,1.));
#4796=DIRECTION('ref_axis',(-1.,0.,0.));
#4797=DIRECTION('',(0.,0.,-1.));
#4798=DIRECTION('center_axis',(0.,0.,-1.));
#4799=DIRECTION('ref_axis',(-1.,0.,0.));
#4800=DIRECTION('center_axis',(0.,0.,1.));
#4801=DIRECTION('ref_axis',(-1.,0.,0.));
#4802=DIRECTION('',(0.,0.,-1.));
#4803=DIRECTION('center_axis',(-8.88178419700125E-16,3.77475828372553E-15,
-1.));
#4804=DIRECTION('ref_axis',(1.,1.26168077620839E-30,-8.88178419700125E-16));
#4805=DIRECTION('',(8.88178419700125E-16,-3.77475828372553E-15,1.));
#4806=DIRECTION('center_axis',(0.,0.,1.));
#4807=DIRECTION('ref_axis',(1.,1.26168077620839E-30,-8.88178419700125E-16));
#4808=DIRECTION('center_axis',(-8.88178419700125E-16,3.77475828372553E-15,
-1.));
#4809=DIRECTION('ref_axis',(1.,1.26168077620839E-30,-8.88178419700125E-16));
#4810=DIRECTION('',(8.88178419700125E-16,-3.77475828372553E-15,1.));
#4811=DIRECTION('center_axis',(0.,0.,1.));
#4812=DIRECTION('ref_axis',(1.,1.26168077620839E-30,-8.88178419700125E-16));
#4813=DIRECTION('center_axis',(-8.88178419700125E-16,3.77475828372553E-15,
-1.));
#4814=DIRECTION('ref_axis',(1.,1.26168077620839E-30,-8.88178419700125E-16));
#4815=DIRECTION('',(8.88178419700125E-16,-3.77475828372553E-15,1.));
#4816=DIRECTION('center_axis',(0.,0.,1.));
#4817=DIRECTION('ref_axis',(1.,1.26168077620839E-30,-8.88178419700125E-16));
#4818=DIRECTION('center_axis',(-8.88178419700125E-16,3.77475828372553E-15,
-1.));
#4819=DIRECTION('ref_axis',(1.,1.26168077620839E-30,-8.88178419700125E-16));
#4820=DIRECTION('',(8.88178419700125E-16,-3.77475828372553E-15,1.));
#4821=DIRECTION('center_axis',(0.,0.,1.));
#4822=DIRECTION('ref_axis',(1.,1.26168077620839E-30,-8.88178419700125E-16));
#4823=DIRECTION('center_axis',(-1.,-1.22786517995697E-30,8.88178419700125E-16));
#4824=DIRECTION('ref_axis',(2.0383150316831E-30,1.,3.67739199601678E-15));
#4825=DIRECTION('',(-2.0383150316831E-30,-1.,-3.67739199601678E-15));
#4826=DIRECTION('center_axis',(-1.,0.,0.));
#4827=DIRECTION('ref_axis',(0.,1.,0.));
#4828=DIRECTION('',(0.,1.,0.));
#4829=DIRECTION('',(0.,0.,-1.));
#4830=DIRECTION('',(0.,1.,0.));
#4831=DIRECTION('',(0.,0.,-1.));
#4832=DIRECTION('',(0.,0.,-1.));
#4833=DIRECTION('',(0.,0.,-1.));
#4834=DIRECTION('',(0.,0.,-1.));
#4835=DIRECTION('',(0.,0.,-1.));
#4836=DIRECTION('',(0.,0.,-1.));
#4837=DIRECTION('center_axis',(1.,0.,0.));
#4838=DIRECTION('ref_axis',(0.,-1.,0.));
#4839=DIRECTION('',(0.,-1.,0.));
#4840=DIRECTION('',(0.,0.,-1.));
#4841=DIRECTION('',(0.,-1.,0.));
#4842=DIRECTION('center_axis',(0.,-1.,0.));
#4843=DIRECTION('ref_axis',(-1.,0.,0.));
#4844=DIRECTION('',(-1.,0.,0.));
#4845=DIRECTION('',(-1.,0.,0.));
#4846=DIRECTION('center_axis',(0.,-1.,0.));
#4847=DIRECTION('ref_axis',(-1.,0.,0.));
#4848=DIRECTION('',(0.,0.,-1.));
#4849=DIRECTION('',(-1.,0.,0.));
#4850=DIRECTION('',(0.,0.,-1.));
#4851=DIRECTION('center_axis',(-1.,0.,0.));
#4852=DIRECTION('ref_axis',(0.,1.,0.));
#4853=DIRECTION('',(0.,0.,-1.));
#4854=DIRECTION('',(0.,1.,0.));
#4855=DIRECTION('',(0.,0.,-1.));
#4856=DIRECTION('',(0.,0.,-1.));
#4857=DIRECTION('',(0.,0.,-1.));
#4858=DIRECTION('',(0.,0.,-1.));
#4859=DIRECTION('center_axis',(-0.536696350909947,0.84377546001288,0.));
#4860=DIRECTION('ref_axis',(0.84377546001288,0.536696350909947,0.));
#4861=DIRECTION('',(0.,0.,-1.));
#4862=DIRECTION('',(0.84377546001288,0.536696350909947,0.));
#4863=DIRECTION('center_axis',(-1.,0.,0.));
#4864=DIRECTION('ref_axis',(0.,1.,0.));
#4865=DIRECTION('',(0.,0.,-1.));
#4866=DIRECTION('',(0.,1.,0.));
#4867=DIRECTION('center_axis',(0.538515072154175,-0.842615877528298,0.));
#4868=DIRECTION('ref_axis',(-0.842615877528298,-0.538515072154175,0.));
#4869=DIRECTION('',(0.,0.,-1.));
#4870=DIRECTION('',(-0.842615877528298,-0.538515072154175,0.));
#4871=DIRECTION('',(0.,0.,-1.));
#4872=DIRECTION('',(0.,0.,-1.));
#4873=DIRECTION('',(0.,0.,-1.));
#4874=DIRECTION('',(0.,0.,-1.));
#4875=DIRECTION('',(0.,0.,-1.));
#4876=DIRECTION('',(0.,0.,-1.));
#4877=DIRECTION('',(0.,0.,-1.));
#4878=DIRECTION('center_axis',(1.,0.,0.));
#4879=DIRECTION('ref_axis',(0.,-1.,0.));
#4880=DIRECTION('',(0.,0.,-1.));
#4881=DIRECTION('',(0.,-1.,0.));
#4882=DIRECTION('center_axis',(0.,1.,0.));
#4883=DIRECTION('ref_axis',(1.,0.,0.));
#4884=DIRECTION('',(0.,0.,-1.));
#4885=DIRECTION('',(1.,0.,0.));
#4886=DIRECTION('center_axis',(-1.,0.,0.));
#4887=DIRECTION('ref_axis',(0.,1.,0.));
#4888=DIRECTION('',(0.,1.,0.));
#4889=DIRECTION('center_axis',(0.,0.,1.));
#4890=DIRECTION('ref_axis',(-1.,0.,0.));
#4891=DIRECTION('center_axis',(0.,-1.,0.));
#4892=DIRECTION('ref_axis',(-1.,0.,0.));
#4893=DIRECTION('',(0.,0.,-1.));
#4894=DIRECTION('',(-1.,0.,0.));
#4895=DIRECTION('',(0.,0.,-1.));
#4896=DIRECTION('center_axis',(1.,0.,0.));
#4897=DIRECTION('ref_axis',(0.,-1.,0.));
#4898=DIRECTION('',(0.,0.,-1.));
#4899=DIRECTION('',(0.,-1.,0.));
#4900=DIRECTION('center_axis',(0.,-1.,0.));
#4901=DIRECTION('ref_axis',(-1.,0.,0.));
#4902=DIRECTION('',(0.,0.,-1.));
#4903=DIRECTION('',(-1.,0.,0.));
#4904=DIRECTION('center_axis',(1.,0.,0.));
#4905=DIRECTION('ref_axis',(0.,-1.,0.));
#4906=DIRECTION('',(0.,0.,-1.));
#4907=DIRECTION('',(0.,-1.,0.));
#4908=DIRECTION('center_axis',(0.,1.,0.));
#4909=DIRECTION('ref_axis',(1.,0.,0.));
#4910=DIRECTION('',(0.,0.,-1.));
#4911=DIRECTION('',(1.,0.,0.));
#4912=DIRECTION('center_axis',(-1.,0.,0.));
#4913=DIRECTION('ref_axis',(0.,1.,0.));
#4914=DIRECTION('',(0.,1.,0.));
#4915=DIRECTION('center_axis',(0.,0.,-1.));
#4916=DIRECTION('ref_axis',(-1.,0.,0.));
#4917=DIRECTION('center_axis',(0.,-1.,0.));
#4918=DIRECTION('ref_axis',(-1.,0.,0.));
#4919=DIRECTION('',(0.,0.,-1.));
#4920=DIRECTION('',(-1.,0.,0.));
#4921=DIRECTION('',(0.,0.,-1.));
#4922=DIRECTION('center_axis',(-1.,0.,0.));
#4923=DIRECTION('ref_axis',(0.,1.,0.));
#4924=DIRECTION('',(0.,0.,-1.));
#4925=DIRECTION('',(0.,1.,0.));
#4926=DIRECTION('center_axis',(0.,1.,0.));
#4927=DIRECTION('ref_axis',(1.,0.,0.));
#4928=DIRECTION('',(0.,0.,-1.));
#4929=DIRECTION('',(1.,0.,0.));
#4930=DIRECTION('center_axis',(-1.,0.,0.));
#4931=DIRECTION('ref_axis',(0.,1.,0.));
#4932=DIRECTION('',(0.,0.,-1.));
#4933=DIRECTION('',(0.,1.,0.));
#4934=DIRECTION('center_axis',(0.,-1.,0.));
#4935=DIRECTION('ref_axis',(-1.,0.,0.));
#4936=DIRECTION('',(0.,0.,-1.));
#4937=DIRECTION('',(-1.,0.,0.));
#4938=DIRECTION('center_axis',(1.,0.,0.));
#4939=DIRECTION('ref_axis',(0.,-1.,0.));
#4940=DIRECTION('',(0.,0.,-1.));
#4941=DIRECTION('',(0.,-1.,0.));
#4942=DIRECTION('center_axis',(0.,1.,0.));
#4943=DIRECTION('ref_axis',(1.,0.,0.));
#4944=DIRECTION('',(0.,0.,-1.));
#4945=DIRECTION('',(1.,0.,0.));
#4946=DIRECTION('center_axis',(1.,0.,0.));
#4947=DIRECTION('ref_axis',(0.,-1.,0.));
#4948=DIRECTION('',(0.,0.,-1.));
#4949=DIRECTION('',(0.,-1.,0.));
#4950=DIRECTION('center_axis',(0.,-1.,0.));
#4951=DIRECTION('ref_axis',(-1.,0.,0.));
#4952=DIRECTION('',(0.,0.,-1.));
#4953=DIRECTION('',(-1.,0.,0.));
#4954=DIRECTION('center_axis',(1.,0.,0.));
#4955=DIRECTION('ref_axis',(0.,-1.,0.));
#4956=DIRECTION('',(0.,0.,-1.));
#4957=DIRECTION('',(0.,-1.,0.));
#4958=DIRECTION('center_axis',(0.,1.,0.));
#4959=DIRECTION('ref_axis',(1.,0.,0.));
#4960=DIRECTION('',(0.,0.,-1.));
#4961=DIRECTION('',(1.,0.,0.));
#4962=DIRECTION('center_axis',(-1.,0.,0.));
#4963=DIRECTION('ref_axis',(0.,1.,0.));
#4964=DIRECTION('',(0.,1.,0.));
#4965=DIRECTION('center_axis',(0.,0.,-1.));
#4966=DIRECTION('ref_axis',(-1.,0.,0.));
#4967=DIRECTION('center_axis',(0.,0.,-1.));
#4968=DIRECTION('ref_axis',(1.,0.,0.));
#4969=DIRECTION('center_axis',(0.,-1.,0.));
#4970=DIRECTION('ref_axis',(1.,0.,0.));
#4971=DIRECTION('',(1.,0.,0.));
#4972=DIRECTION('',(0.,0.,-1.));
#4973=DIRECTION('center_axis',(-0.408248290463863,-0.816496580927726,-0.408248290463863));
#4974=DIRECTION('ref_axis',(0.577350269189626,-0.577350269189626,0.577350269189626));
#4975=DIRECTION('center_axis',(0.,0.,1.));
#4976=DIRECTION('ref_axis',(0.,-1.,0.));
#4977=DIRECTION('center_axis',(0.,-1.,0.));
#4978=DIRECTION('ref_axis',(0.707106781186543,0.,0.707106781186552));
#4979=DIRECTION('center_axis',(1.,0.,0.));
#4980=DIRECTION('ref_axis',(0.,-0.707106781186548,0.707106781186548));
#4981=DIRECTION('center_axis',(1.,0.,0.));
#4982=DIRECTION('ref_axis',(0.,-0.707106781186548,0.707106781186548));
#4983=DIRECTION('center_axis',(-1.,0.,0.));
#4984=DIRECTION('ref_axis',(0.,-0.707106781186548,0.707106781186548));
#4985=DIRECTION('',(1.,0.,0.));
#4986=DIRECTION('center_axis',(-0.408248290463858,-0.408248290463858,-0.816496580927731));
#4987=DIRECTION('ref_axis',(-0.577350269189626,-0.577350269189626,0.577350269189626));
#4988=DIRECTION('center_axis',(0.,0.,-1.));
#4989=DIRECTION('ref_axis',(0.,-1.,0.));
#4990=DIRECTION('center_axis',(0.,-1.,0.));
#4991=DIRECTION('ref_axis',(-0.707106781186554,0.,0.707106781186541));
#4992=DIRECTION('center_axis',(0.,0.,-1.));
#4993=DIRECTION('ref_axis',(0.707106781186554,-0.707106781186541,0.));
#4994=DIRECTION('',(0.,0.,1.));
#4995=DIRECTION('',(0.,0.,-1.));
#4996=DIRECTION('center_axis',(0.,0.,1.));
#4997=DIRECTION('ref_axis',(0.707106781186554,-0.707106781186541,0.));
#4998=DIRECTION('center_axis',(0.,-1.,0.));
#4999=DIRECTION('ref_axis',(-1.,0.,0.));
#5000=DIRECTION('',(0.,0.,1.));
#5001=DIRECTION('',(1.,0.,0.));
#5002=DIRECTION('center_axis',(0.,0.,1.));
#5003=DIRECTION('ref_axis',(-0.707106781186554,-0.707106781186541,0.));
#5004=DIRECTION('',(0.,0.,-1.));
#5005=DIRECTION('center_axis',(0.,0.,1.));
#5006=DIRECTION('ref_axis',(-0.707106781186554,-0.707106781186541,0.));
#5007=DIRECTION('center_axis',(0.,-1.,0.));
#5008=DIRECTION('ref_axis',(1.,0.,0.));
#5009=DIRECTION('',(-1.,0.,0.));
#5010=DIRECTION('',(0.,0.,-1.));
#5011=DIRECTION('',(0.,0.,1.));
#5012=DIRECTION('center_axis',(0.,0.,-1.));
#5013=DIRECTION('ref_axis',(-1.,0.,0.));
#5014=DIRECTION('center_axis',(0.,0.,1.));
#5015=DIRECTION('ref_axis',(-1.,0.,0.));
#5016=DIRECTION('',(0.,0.,-1.));
#5017=DIRECTION('center_axis',(0.,0.,-1.));
#5018=DIRECTION('ref_axis',(-1.,0.,0.));
#5019=DIRECTION('center_axis',(0.,0.,1.));
#5020=DIRECTION('ref_axis',(-1.,0.,0.));
#5021=DIRECTION('',(0.,0.,-1.));
#5022=DIRECTION('center_axis',(0.,0.,-1.));
#5023=DIRECTION('ref_axis',(-1.,0.,0.));
#5024=DIRECTION('center_axis',(0.,0.,1.));
#5025=DIRECTION('ref_axis',(-1.,0.,0.));
#5026=DIRECTION('',(0.,0.,-1.));
#5027=DIRECTION('center_axis',(0.,0.,-1.));
#5028=DIRECTION('ref_axis',(-1.,0.,0.));
#5029=DIRECTION('center_axis',(0.,0.,1.));
#5030=DIRECTION('ref_axis',(-1.,0.,0.));
#5031=DIRECTION('',(0.,0.,-1.));
#5032=DIRECTION('center_axis',(0.,0.,-1.));
#5033=DIRECTION('ref_axis',(1.,0.,0.));
#5034=DIRECTION('',(-1.,0.,0.));
#5035=DIRECTION('',(0.,-1.,0.));
#5036=DIRECTION('center_axis',(0.,0.,-1.));
#5037=DIRECTION('ref_axis',(-1.,0.,0.));
#5038=DIRECTION('center_axis',(0.,0.,1.));
#5039=DIRECTION('ref_axis',(-1.,0.,0.));
#5040=DIRECTION('',(0.,0.,-1.));
#5041=DIRECTION('center_axis',(0.,0.,-1.));
#5042=DIRECTION('ref_axis',(-1.,0.,0.));
#5043=DIRECTION('center_axis',(0.,0.,1.));
#5044=DIRECTION('ref_axis',(-1.,0.,0.));
#5045=DIRECTION('',(0.,0.,-1.));
#5046=DIRECTION('center_axis',(1.,0.,0.));
#5047=DIRECTION('ref_axis',(0.,-0.707106781186544,0.707106781186551));
#5048=DIRECTION('',(1.,0.,0.));
#5049=DIRECTION('center_axis',(0.707106781186548,0.707106781186548,0.));
#5050=DIRECTION('ref_axis',(-0.707106781186547,0.707106781186547,0.));
#5051=DIRECTION('center_axis',(0.,-1.,0.));
#5052=DIRECTION('ref_axis',(-0.707106781186554,0.,0.707106781186541));
#5053=DIRECTION('',(0.,-1.,0.));
#5054=DIRECTION('center_axis',(-1.,0.,0.));
#5055=DIRECTION('ref_axis',(0.,1.,0.));
#5056=DIRECTION('',(0.,-1.,0.));
#5057=DIRECTION('center_axis',(-1.,-8.88178419700125E-17,0.));
#5058=DIRECTION('ref_axis',(8.88178419700125E-17,-1.,0.));
#5059=DIRECTION('',(-8.88178419700125E-17,1.,0.));
#5060=DIRECTION('center_axis',(0.,0.,1.));
#5061=DIRECTION('ref_axis',(1.,0.,0.));
#5062=DIRECTION('',(8.88178419700125E-17,-1.,0.));
#5063=DIRECTION('',(0.,-1.,0.));
#5064=DIRECTION('center_axis',(0.,1.,2.22044604925031E-15));
#5065=DIRECTION('ref_axis',(0.707106781186541,-3.14018491736759E-15,0.707106781186554));
#5066=DIRECTION('',(0.,-1.,0.));
#5067=DIRECTION('',(0.,-1.,0.));
#5068=DIRECTION('center_axis',(1.,0.,0.));
#5069=DIRECTION('ref_axis',(0.,1.,0.));
#5070=DIRECTION('center_axis',(0.,1.,0.));
#5071=DIRECTION('ref_axis',(0.707106781186541,0.,0.707106781186554));
#5072=DIRECTION('',(0.,-1.,0.));
#5073=DIRECTION('center_axis',(0.,0.,-1.));
#5074=DIRECTION('ref_axis',(1.,0.,0.));
#5075=DIRECTION('',(0.,-1.,0.));
#5076=DIRECTION('center_axis',(1.,0.,0.));
#5077=DIRECTION('ref_axis',(0.,-1.,0.));
#5078=DIRECTION('center_axis',(1.,8.88178419700125E-17,0.));
#5079=DIRECTION('ref_axis',(-8.88178419700125E-17,1.,0.));
#5080=DIRECTION('center_axis',(-5.40875497434381E-16,3.67739199601678E-15,
-1.));
#5081=DIRECTION('ref_axis',(1.,-4.9303806576313E-32,-5.40875497434381E-16));
#5082=DIRECTION('center_axis',(-5.40875497434381E-16,3.67739199601678E-15,
-1.));
#5083=DIRECTION('ref_axis',(-0.707106781186547,0.707106781186547,3.14018491736755E-16));
#5084=DIRECTION('center_axis',(5.9211894646675E-16,0.,1.));
#5085=DIRECTION('ref_axis',(-0.707106781186547,0.707106781186547,3.14018491736755E-16));
#5086=DIRECTION('center_axis',(0.,0.,-1.));
#5087=DIRECTION('ref_axis',(-0.707106781186547,0.707106781186547,3.14018491736755E-16));
#5088=DIRECTION('center_axis',(0.,0.,-1.));
#5089=DIRECTION('ref_axis',(-1.,0.,0.));
#5090=DIRECTION('center_axis',(0.,-1.,-2.22044604925031E-15));
#5091=DIRECTION('ref_axis',(-0.707106781186548,0.,0.707106781186548));
#5092=DIRECTION('',(0.,0.,1.));
#5093=DIRECTION('',(1.,0.,0.));
#5094=CARTESIAN_POINT('',(0.,0.,0.));
#5095=CARTESIAN_POINT('',(0.,0.,0.));
#5096=CARTESIAN_POINT('Origin',(-71.5,44.4184319780242,-74.4504215613989));
#5097=CARTESIAN_POINT('',(-72.4999347178975,-15.2412463661789,-74.4504215613988));
#5098=CARTESIAN_POINT('',(-72.4999347178975,-15.2412463661789,-74.4389952783944));
#5099=CARTESIAN_POINT('',(-72.4999347178975,-15.241246366179,-60.0000000000001));
#5100=CARTESIAN_POINT('',(-72.4999347178595,-9.23643278088465,-74.4389952717447));
#5101=CARTESIAN_POINT('',(-72.4999347178975,44.4184319780242,-74.4389952783943));
#5102=CARTESIAN_POINT('',(-72.4019347178975,-9.2412463661789,-74.0185491674547));
#5103=CARTESIAN_POINT('Ctrl Pts',(-72.4999347178215,-9.23643278088465,-74.4389952717447));
#5104=CARTESIAN_POINT('Ctrl Pts',(-72.4983156134085,-9.23659222059364,-74.2973045949537));
#5105=CARTESIAN_POINT('Ctrl Pts',(-72.4650798009604,-9.2412463661789,-74.1504231734748));
#5106=CARTESIAN_POINT('Ctrl Pts',(-72.4019347178975,-9.2412463661789,-74.0185491674547));
#5107=CARTESIAN_POINT('',(-71.5,-9.2412463661789,-73.4504215613988));
#5108=CARTESIAN_POINT('Origin',(-71.5,-9.24124636617895,-74.450421561399));
#5109=CARTESIAN_POINT('',(-71.5,-77.0815680219758,-73.4504215613992));
#5110=CARTESIAN_POINT('',(-71.5,79.4184319780242,-73.4504215613988));
#5111=CARTESIAN_POINT('',(-72.5,-78.0815680219758,-74.4504215613992));
#5112=CARTESIAN_POINT('Origin',(-71.5,-77.0815680219758,-74.4504215613992));
#5113=CARTESIAN_POINT('',(-72.5,79.4184319780242,-74.4504215613988));
#5114=CARTESIAN_POINT('Origin',(-72.4019347178975,-8.24124636617899,-60.0000000000001));
#5115=CARTESIAN_POINT('',(-72.4999347178975,-9.23643278087721,-68.4504215613989));
#5116=CARTESIAN_POINT('',(-72.4999347178975,-9.23643278087726,-60.0000000000001));
#5117=CARTESIAN_POINT('',(-72.4019347178975,-9.24124636617894,-68.4504215613989));
#5118=CARTESIAN_POINT('Origin',(-72.4019347178975,-8.24124636617894,-68.4504215613989));
#5119=CARTESIAN_POINT('',(-72.4019347178975,-9.24124636617899,-60.0000000000001));
#5120=CARTESIAN_POINT('Origin',(7.88281552998175,0.594302989849407,-68.4504215613989));
#5121=CARTESIAN_POINT('',(-76.5,88.4184319780242,-68.450421561399));
#5122=CARTESIAN_POINT('',(-76.5,-84.5815680219758,-68.450421561399));
#5123=CARTESIAN_POINT('',(-76.5,-78.0815680219758,-68.450421561399));
#5124=CARTESIAN_POINT('',(91.5,-84.5815680219758,-68.450421561399));
#5125=CARTESIAN_POINT('',(50.,-84.5815680219758,-68.450421561399));
#5126=CARTESIAN_POINT('',(91.5,88.4184319780242,-68.450421561399));
#5127=CARTESIAN_POINT('',(91.5,79.4184319780242,-68.450421561399));
#5128=CARTESIAN_POINT('',(-35.,88.4184319780242,-68.450421561399));
#5129=CARTESIAN_POINT('',(-72.4999347178975,12.7539400485193,-68.4504215613989));
#5130=CARTESIAN_POINT('',(-72.4999347178975,11.7587536338211,-68.4504215613989));
#5131=CARTESIAN_POINT('',(-72.4019347178975,12.7587536338211,-68.4504215613989));
#5132=CARTESIAN_POINT('Origin',(-72.4019347178975,11.7587536338211,-68.4504215613988));
#5133=CARTESIAN_POINT('',(-50.1019347178975,12.7587536338211,-68.4504215613989));
#5134=CARTESIAN_POINT('',(-32.2595595939579,12.7587536338211,-68.4504215613989));
#5135=CARTESIAN_POINT('',(-49.1019347178975,11.7587536338211,-68.4504215613989));
#5136=CARTESIAN_POINT('Origin',(-50.1019347178975,11.7587536338211,-68.4504215613988));
#5137=CARTESIAN_POINT('',(-49.1019347178975,-8.24124636617893,-68.4504215613989));
#5138=CARTESIAN_POINT('',(-49.1019347178975,6.17652831183521,-68.4504215613989));
#5139=CARTESIAN_POINT('',(-50.1019347178975,-9.24124636617894,-68.4504215613989));
#5140=CARTESIAN_POINT('Origin',(-50.1019347178975,-8.24124636617893,-68.4504215613989));
#5141=CARTESIAN_POINT('',(-21.1095595939579,-9.24124636617894,-68.4504215613989));
#5142=CARTESIAN_POINT('',(-48.2863243115989,-19.8113940203011,-68.4504215613989));
#5143=CARTESIAN_POINT('',(-48.2863243115989,22.1886059796989,-68.4504215613989));
#5144=CARTESIAN_POINT('',(-48.2863243115989,-9.60854551522585,-68.4504215613989));
#5145=CARTESIAN_POINT('',(-18.7863243115989,51.6886059796989,-68.4504215613989));
#5146=CARTESIAN_POINT('Origin',(-18.7863243115989,22.1886059796989,-68.4504215613989));
#5147=CARTESIAN_POINT('',(21.2136756884011,51.6886059796989,-68.4504215613989));
#5148=CARTESIAN_POINT('',(-5.45175439080858,51.6886059796989,-68.4504215613989));
#5149=CARTESIAN_POINT('',(21.2136756884011,-49.3113940203011,-68.4504215613989));
#5150=CARTESIAN_POINT('Origin',(21.2136756884011,1.18860597969886,-68.4504215613989));
#5151=CARTESIAN_POINT('',(-18.7863243115989,-49.3113940203011,-68.4504215613989));
#5152=CARTESIAN_POINT('',(14.5482456091914,-49.3113940203011,-68.4504215613989));
#5153=CARTESIAN_POINT('Origin',(-18.7863243115989,-19.8113940203011,-68.4504215613989));
#5154=CARTESIAN_POINT('',(-66.7798182343033,-61.7493705936193,-68.450421561399));
#5155=CARTESIAN_POINT('',(-71.2204727505234,-61.7493705936193,-68.450421561399));
#5156=CARTESIAN_POINT('',(-29.6399091171516,-61.7493705936193,-68.450421561399));
#5157=CARTESIAN_POINT('',(-71.2204727505234,-60.426041383338,-68.450421561399));
#5158=CARTESIAN_POINT('',(-71.2204727505234,-28.6654693077976,-68.450421561399));
#5159=CARTESIAN_POINT('',(-61.2204727505234,-60.426041383338,-68.450421561399));
#5160=CARTESIAN_POINT('',(-31.8602363752617,-60.426041383338,-68.450421561399));
#5161=CARTESIAN_POINT('',(-61.2204727505234,-64.85987474401,-68.450421561399));
#5162=CARTESIAN_POINT('',(-61.2204727505234,-28.0038047026569,-68.450421561399));
#5163=CARTESIAN_POINT('',(-61.4899131630447,-66.8926172443151,-68.450421561399));
#5164=CARTESIAN_POINT('Ctrl Pts',(-61.2204727505234,-64.85987474401,-68.450421561399));
#5165=CARTESIAN_POINT('Ctrl Pts',(-61.2235126674304,-65.2549236451497,-68.450421561399));
#5166=CARTESIAN_POINT('Ctrl Pts',(-61.2288213006194,-65.9448009582476,-68.450421561399));
#5167=CARTESIAN_POINT('Ctrl Pts',(-61.4117402660915,-66.6088338120278,-68.450421561399));
#5168=CARTESIAN_POINT('Ctrl Pts',(-61.4899131630447,-66.8926172443151,-68.450421561399));
#5169=CARTESIAN_POINT('',(-62.4414822433975,-68.0044846721411,-68.450421561399));
#5170=CARTESIAN_POINT('Ctrl Pts',(-61.4899131630447,-66.8926172443151,-68.450421561399));
#5171=CARTESIAN_POINT('Ctrl Pts',(-61.5989659478287,-67.1141190606597,-68.450421561399));
#5172=CARTESIAN_POINT('Ctrl Pts',(-61.8211943814569,-67.5654968204264,-68.450421561399));
#5173=CARTESIAN_POINT('Ctrl Pts',(-62.2321780491019,-67.8563566750507,-68.450421561399));
#5174=CARTESIAN_POINT('Ctrl Pts',(-62.4414822433975,-68.0044846721411,-68.450421561399));
#5175=CARTESIAN_POINT('',(-63.9489850376633,-68.4205846973181,-68.450421561399));
#5176=CARTESIAN_POINT('Ctrl Pts',(-62.4414822433975,-68.0044846721411,-68.450421561399));
#5177=CARTESIAN_POINT('Ctrl Pts',(-62.6759882890554,-68.1258437580722,-68.450421561399));
#5178=CARTESIAN_POINT('Ctrl Pts',(-63.149060532786,-68.3706630970256,-68.450421561399));
#5179=CARTESIAN_POINT('Ctrl Pts',(-63.6808222506865,-68.4038492236788,-68.450421561399));
#5180=CARTESIAN_POINT('Ctrl Pts',(-63.9489850376633,-68.4205846973181,-68.450421561399));
#5181=CARTESIAN_POINT('',(-65.7429823254135,-67.7316336818457,-68.450421561399));
#5182=CARTESIAN_POINT('Ctrl Pts',(-63.9489850376633,-68.4205846973181,-68.450421561399));
#5183=CARTESIAN_POINT('Ctrl Pts',(-64.2877118215436,-68.3937948681126,-68.450421561399));
#5184=CARTESIAN_POINT('Ctrl Pts',(-64.9543142064121,-68.3410734274458,-68.450421561399));
#5185=CARTESIAN_POINT('Ctrl Pts',(-65.4829614529806,-67.9325636427865,-68.450421561399));
#5186=CARTESIAN_POINT('Ctrl Pts',(-65.7429823254135,-67.7316336818457,-68.450421561399));
#5187=CARTESIAN_POINT('',(-66.670677361348,-65.6033950038671,-68.450421561399));
#5188=CARTESIAN_POINT('Ctrl Pts',(-65.7429823254135,-67.7316336818457,-68.450421561399));
#5189=CARTESIAN_POINT('Ctrl Pts',(-65.9663928105949,-67.4506157792078,-68.450421561399));
#5190=CARTESIAN_POINT('Ctrl Pts',(-66.462561326777,-66.8265079372717,-68.450421561399));
#5191=CARTESIAN_POINT('Ctrl Pts',(-66.5968532489965,-66.0372646324152,-68.450421561399));
#5192=CARTESIAN_POINT('Ctrl Pts',(-66.670677361348,-65.6033950038671,-68.450421561399));
#5193=CARTESIAN_POINT('',(-67.1686312531021,-66.4014845081091,-68.450421561399));
#5194=CARTESIAN_POINT('Ctrl Pts',(-66.670677361348,-65.6033950038671,-68.450421561399));
#5195=CARTESIAN_POINT('Ctrl Pts',(-66.7485719321511,-65.7610401972168,-68.450421561399));
#5196=CARTESIAN_POINT('Ctrl Pts',(-66.8882689228131,-66.0437628424053,-68.450421561399));
#5197=CARTESIAN_POINT('Ctrl Pts',(-67.0826405774751,-66.291766745068,-68.450421561399));
#5198=CARTESIAN_POINT('Ctrl Pts',(-67.1686312531021,-66.4014845081091,-68.450421561399));
#5199=CARTESIAN_POINT('',(-68.4987816189316,-67.4997096248388,-68.450421561399));
#5200=CARTESIAN_POINT('Ctrl Pts',(-67.1686312531021,-66.4014845081091,-68.450421561399));
#5201=CARTESIAN_POINT('Ctrl Pts',(-67.3629118775487,-66.5959473574947,-68.450421561399));
#5202=CARTESIAN_POINT('Ctrl Pts',(-67.7710414221405,-67.0044597059896,-68.450421561399));
#5203=CARTESIAN_POINT('Ctrl Pts',(-68.2485696517121,-67.3294325712873,-68.450421561399));
#5204=CARTESIAN_POINT('Ctrl Pts',(-68.4987816189316,-67.4997096248388,-68.450421561399));
#5205=CARTESIAN_POINT('',(-71.2204727505234,-69.2391400523901,-68.450421561399));
#5206=CARTESIAN_POINT('',(-25.2023199820751,-39.8289787684656,-68.450421561399));
#5207=CARTESIAN_POINT('',(-71.2204727505234,-67.5747447200537,-68.450421561399));
#5208=CARTESIAN_POINT('',(-71.2204727505234,-32.410354037183,-68.450421561399));
#5209=CARTESIAN_POINT('',(-69.1399821613815,-66.2514167018652,-68.450421561399));
#5210=CARTESIAN_POINT('',(-26.8965772786469,-39.3818497080242,-68.450421561399));
#5211=CARTESIAN_POINT('',(-67.7620825146225,-65.2964358516455,-68.450421561399));
#5212=CARTESIAN_POINT('Ctrl Pts',(-69.1399821613815,-66.2514167018652,-68.450421561399));
#5213=CARTESIAN_POINT('Ctrl Pts',(-68.8727984735107,-66.0784830349843,-68.450421561399));
#5214=CARTESIAN_POINT('Ctrl Pts',(-68.4033834244958,-65.7746558576514,-68.450421561399));
#5215=CARTESIAN_POINT('Ctrl Pts',(-67.9551769076617,-65.4404269178942,-68.450421561399));
#5216=CARTESIAN_POINT('Ctrl Pts',(-67.7620825146225,-65.2964358516455,-68.450421561399));
#5217=CARTESIAN_POINT('',(-67.0935973499802,-64.6245389171362,-68.450421561399));
#5218=CARTESIAN_POINT('Ctrl Pts',(-67.7620825146225,-65.2964358516455,-68.450421561399));
#5219=CARTESIAN_POINT('Ctrl Pts',(-67.6210043241224,-65.1835542510202,-68.450421561399));
#5220=CARTESIAN_POINT('Ctrl Pts',(-67.3724292966442,-64.9846606667057,-68.450421561399));
#5221=CARTESIAN_POINT('Ctrl Pts',(-67.1777757288605,-64.7332584001114,-68.450421561399));
#5222=CARTESIAN_POINT('Ctrl Pts',(-67.0935973499802,-64.6245389171362,-68.450421561399));
#5223=CARTESIAN_POINT('',(-66.8275675152328,-64.0208583064795,-68.450421561399));
#5224=CARTESIAN_POINT('Ctrl Pts',(-67.0935973499802,-64.6245389171362,-68.450421561399));
#5225=CARTESIAN_POINT('Ctrl Pts',(-67.0351440788516,-64.5267273956568,-68.450421561399));
#5226=CARTESIAN_POINT('Ctrl Pts',(-66.9214382097063,-64.3364601300699,-68.450421561399));
#5227=CARTESIAN_POINT('Ctrl Pts',(-66.8582649986701,-64.1240660414045,-68.450421561399));
#5228=CARTESIAN_POINT('Ctrl Pts',(-66.8275675152328,-64.0208583064795,-68.450421561399));
#5229=CARTESIAN_POINT('',(-66.7798182343033,-63.2841592021704,-68.450421561399));
#5230=CARTESIAN_POINT('Ctrl Pts',(-66.8275675152328,-64.0208583064795,-68.450421561399));
#5231=CARTESIAN_POINT('Ctrl Pts',(-66.813762821622,-63.922087291117,-68.450421561399));
#5232=CARTESIAN_POINT('Ctrl Pts',(-66.7796291093634,-63.6778644555426,-68.450421561399));
#5233=CARTESIAN_POINT('Ctrl Pts',(-66.7797476406264,-63.4311155024574,-68.450421561399));
#5234=CARTESIAN_POINT('Ctrl Pts',(-66.7798182343033,-63.2841592021704,-68.450421561399));
#5235=CARTESIAN_POINT('',(-66.7798182343033,-29.4328636120731,-68.450421561399));
#5236=CARTESIAN_POINT('',(-70.0403913830307,-76.6879801936865,-68.450421561399));
#5237=CARTESIAN_POINT('',(-71.2204727505234,-76.6879801936865,-68.450421561399));
#5238=CARTESIAN_POINT('',(-31.2701956915154,-76.6879801936865,-68.450421561399));
#5239=CARTESIAN_POINT('',(-71.2204727505234,-70.4396825023413,-68.450421561399));
#5240=CARTESIAN_POINT('',(-71.2204727505234,-36.1347741078312,-68.450421561399));
#5241=CARTESIAN_POINT('',(-61.2204727505234,-70.4396825023413,-68.450421561399));
#5242=CARTESIAN_POINT('',(-31.8602363752617,-70.4396825023413,-68.450421561399));
#5243=CARTESIAN_POINT('',(-61.2204727505234,-71.7630105205297,-68.450421561399));
#5244=CARTESIAN_POINT('',(-61.2204727505234,-33.0106252621585,-68.450421561399));
#5245=CARTESIAN_POINT('',(-70.0403913830307,-71.7630105205297,-68.450421561399));
#5246=CARTESIAN_POINT('',(-26.8602363752617,-71.7630105205297,-68.450421561399));
#5247=CARTESIAN_POINT('',(-70.0403913830307,-33.6722892712528,-68.450421561399));
#5248=CARTESIAN_POINT('',(-66.506966051915,-51.6811578460455,-68.450421561399));
#5249=CARTESIAN_POINT('',(-71.2204727505234,-51.6811578460455,-68.450421561399));
#5250=CARTESIAN_POINT('',(-29.5034830259575,-51.6811578460455,-68.450421561399));
#5251=CARTESIAN_POINT('',(-71.2204727505234,-50.3578292318106,-68.450421561399));
#5252=CARTESIAN_POINT('',(-71.2204727505234,-23.6313629340107,-68.450421561399));
#5253=CARTESIAN_POINT('',(-61.2204727505234,-50.3578292318106,-68.450421561399));
#5254=CARTESIAN_POINT('',(-31.8602363752617,-50.3578292318106,-68.450421561399));
#5255=CARTESIAN_POINT('',(-61.2204727505234,-51.6811578460455,-68.450421561399));
#5256=CARTESIAN_POINT('',(-61.2204727505234,-22.9696986268932,-68.450421561399));
#5257=CARTESIAN_POINT('',(-65.3268846844223,-51.6811578460455,-68.450421561399));
#5258=CARTESIAN_POINT('',(-26.8602363752617,-51.6811578460455,-68.450421561399));
#5259=CARTESIAN_POINT('',(-65.3268846844223,-56.8789749332189,-68.450421561399));
#5260=CARTESIAN_POINT('',(-65.3268846844223,-23.6313629340107,-68.450421561399));
#5261=CARTESIAN_POINT('',(-61.2204727505234,-56.8789749332189,-68.450421561399));
#5262=CARTESIAN_POINT('',(-28.9134423422112,-56.8789749332189,-68.450421561399));
#5263=CARTESIAN_POINT('',(-61.2204727505234,-58.2023041435003,-68.450421561399));
#5264=CARTESIAN_POINT('',(-61.2204727505234,-26.2302714775974,-68.450421561399));
#5265=CARTESIAN_POINT('',(-71.2204727505234,-58.2023041435003,-68.450421561399));
#5266=CARTESIAN_POINT('',(-26.8602363752617,-58.2023041435003,-68.450421561399));
#5267=CARTESIAN_POINT('',(-71.2204727505234,-56.8789749332189,-68.450421561399));
#5268=CARTESIAN_POINT('',(-71.2204727505234,-26.8919360827381,-68.450421561399));
#5269=CARTESIAN_POINT('',(-66.506966051915,-56.8789749332189,-68.450421561399));
#5270=CARTESIAN_POINT('',(-31.8602363752617,-56.8789749332189,-68.450421561399));
#5271=CARTESIAN_POINT('',(-66.506966051915,-26.2302714775974,-68.450421561399));
#5272=CARTESIAN_POINT('',(-59.0969194255232,82.9257540844631,-68.4504215613989));
#5273=CARTESIAN_POINT('',(-59.0969194255232,71.9257540844632,-68.4504215613989));
#5274=CARTESIAN_POINT('',(-59.0969194255232,41.7600285371563,-68.4504215613989));
#5275=CARTESIAN_POINT('',(-70.0969194255232,71.9257540844632,-68.4504215613989));
#5276=CARTESIAN_POINT('',(-25.6070519477707,71.9257540844632,-68.4504215613989));
#5277=CARTESIAN_POINT('',(-70.0969194255232,82.9257540844631,-68.4504215613989));
#5278=CARTESIAN_POINT('',(-70.0969194255232,36.2600285371563,-68.4504215613989));
#5279=CARTESIAN_POINT('',(-31.1070519477707,82.9257540844631,-68.4504215613989));
#5280=CARTESIAN_POINT('Origin',(7.49999999999999,4.41843197802417,-113.450421561399));
#5281=CARTESIAN_POINT('',(-92.5,104.418431978024,-113.450421561399));
#5282=CARTESIAN_POINT('',(-92.5,-100.581568021976,-113.450421561399));
#5283=CARTESIAN_POINT('',(-92.5,-78.0815680219758,-113.450421561399));
#5284=CARTESIAN_POINT('',(107.5,104.418431978024,-113.450421561399));
#5285=CARTESIAN_POINT('',(107.5,104.418431978024,-113.450421561399));
#5286=CARTESIAN_POINT('',(107.5,-100.581568021976,-113.450421561399));
#5287=CARTESIAN_POINT('',(107.5,-78.0815680219758,-113.450421561399));
#5288=CARTESIAN_POINT('',(-92.5,-100.581568021976,-113.450421561399));
#5289=CARTESIAN_POINT('',(-72.5,18.7587536338213,-113.450421561399));
#5290=CARTESIAN_POINT('',(-72.4999347178975,-15.2412463661786,-113.450421561399));
#5291=CARTESIAN_POINT('',(-72.4999347178975,-8.24124636617865,-113.450421561399));
#5292=CARTESIAN_POINT('',(-72.5,-80.5815680219758,-113.450421561399));
#5293=CARTESIAN_POINT('',(-72.5,-78.0815680219758,-113.450421561399));
#5294=CARTESIAN_POINT('',(87.5,-80.5815680219758,-113.450421561399));
#5295=CARTESIAN_POINT('',(7.5,-80.5815680219758,-113.450421561399));
#5296=CARTESIAN_POINT('',(87.5,84.4184319780242,-113.450421561399));
#5297=CARTESIAN_POINT('',(87.5,-35.5815680219758,-113.450421561399));
#5298=CARTESIAN_POINT('',(-72.5,84.4184319780242,-113.450421561399));
#5299=CARTESIAN_POINT('',(47.5,84.4184319780242,-113.450421561399));
#5300=CARTESIAN_POINT('',(-72.5,-78.0815680219758,-113.450421561399));
#5301=CARTESIAN_POINT('',(101.5,96.4184319780242,-113.450421561399));
#5302=CARTESIAN_POINT('Origin',(99.5,96.4184319780242,-113.450421561399));
#5303=CARTESIAN_POINT('',(-82.5,96.4184319780242,-113.450421561399));
#5304=CARTESIAN_POINT('Origin',(-84.5,96.4184319780242,-113.450421561399));
#5305=CARTESIAN_POINT('',(40.1666666666667,96.4184319780242,-113.450421561399));
#5306=CARTESIAN_POINT('Origin',(38.1666666666667,96.4184319780242,-113.450421561399));
#5307=CARTESIAN_POINT('',(-21.1666666666667,96.4184319780242,-113.450421561399));
#5308=CARTESIAN_POINT('Origin',(-23.1666666666667,96.4184319780242,-113.450421561399));
#5309=CARTESIAN_POINT('',(101.5,32.5850986446908,-113.450421561399));
#5310=CARTESIAN_POINT('Origin',(99.5,32.5850986446908,-113.450421561399));
#5311=CARTESIAN_POINT('',(-82.5,32.5850986446908,-113.450421561399));
#5312=CARTESIAN_POINT('Origin',(-84.5,32.5850986446908,-113.450421561399));
#5313=CARTESIAN_POINT('',(101.5,-28.7482346886425,-113.450421561399));
#5314=CARTESIAN_POINT('Origin',(99.5,-28.7482346886425,-113.450421561399));
#5315=CARTESIAN_POINT('',(-82.5,-28.7482346886425,-113.450421561399));
#5316=CARTESIAN_POINT('Origin',(-84.5,-28.7482346886425,-113.450421561399));
#5317=CARTESIAN_POINT('',(-82.5,-92.5815680219759,-113.450421561399));
#5318=CARTESIAN_POINT('Origin',(-84.5,-92.5815680219759,-113.450421561399));
#5319=CARTESIAN_POINT('',(-21.1666666666667,-92.5815680219759,-113.450421561399));
#5320=CARTESIAN_POINT('Origin',(-23.1666666666667,-92.5815680219759,-113.450421561399));
#5321=CARTESIAN_POINT('',(101.5,-92.5815680219759,-113.450421561399));
#5322=CARTESIAN_POINT('Origin',(99.5,-92.5815680219759,-113.450421561399));
#5323=CARTESIAN_POINT('',(40.1666666666667,-92.5815680219759,-113.450421561399));
#5324=CARTESIAN_POINT('Origin',(38.1666666666667,-92.5815680219759,-113.450421561399));
#5325=CARTESIAN_POINT('Origin',(-72.4999347178975,-8.24124636617899,-60.0000000000001));
#5326=CARTESIAN_POINT('',(-72.4999347178975,-15.241246366179,-60.0000000000001));
#5327=CARTESIAN_POINT('',(-72.5,18.7587536338211,-74.4504215613988));
#5328=CARTESIAN_POINT('',(-72.5,18.7587536338213,-108.450421561399));
#5329=CARTESIAN_POINT('',(-72.4999347178975,18.7587536338211,-74.4389952783951));
#5330=CARTESIAN_POINT('Origin',(-71.5,18.7587536338213,-74.4504215613989));
#5331=CARTESIAN_POINT('',(-72.4999347178595,12.7539400485269,-74.4389952717446));
#5332=CARTESIAN_POINT('',(-72.4999347178975,44.4184319780242,-74.438995278395));
#5333=CARTESIAN_POINT('',(-72.4999347178975,12.7539400485193,-60.));
#5334=CARTESIAN_POINT('Origin',(-48.2863243115989,-19.8113940203011,-15.6504215613989));
#5335=CARTESIAN_POINT('',(-48.2863243115989,22.1886059796989,-15.6504215613989));
#5336=CARTESIAN_POINT('',(-48.2863243115989,-19.8113940203011,-15.6504215613989));
#5337=CARTESIAN_POINT('',(-48.2863243115989,22.1886059796989,-15.6504215613989));
#5338=CARTESIAN_POINT('',(-48.2863243115989,22.1886059796989,-15.6504215613989));
#5339=CARTESIAN_POINT('',(-48.2863243115989,-19.8113940203011,-15.6504215613989));
#5340=CARTESIAN_POINT('Origin',(-18.7863243115989,-19.8113940203011,-15.6504215613989));
#5341=CARTESIAN_POINT('',(-18.7863243115989,-49.3113940203011,-15.6504215613989));
#5342=CARTESIAN_POINT('Origin',(-18.7863243115989,-19.8113940203011,-15.6504215613989));
#5343=CARTESIAN_POINT('',(-18.7863243115989,-49.3113940203011,-15.6504215613989));
#5344=CARTESIAN_POINT('Origin',(21.2136756884011,-49.3113940203011,-15.6504215613989));
#5345=CARTESIAN_POINT('',(21.2136756884011,-49.3113940203011,-15.6504215613989));
#5346=CARTESIAN_POINT('',(-18.7863243115989,-49.3113940203011,-15.6504215613989));
#5347=CARTESIAN_POINT('',(21.2136756884011,-49.3113940203011,-15.6504215613989));
#5348=CARTESIAN_POINT('Origin',(21.2136756884011,1.18860597969886,-15.6504215613989));
#5349=CARTESIAN_POINT('',(21.2136756884011,51.6886059796989,-15.6504215613989));
#5350=CARTESIAN_POINT('Origin',(21.2136756884011,1.18860597969886,-15.6504215613989));
#5351=CARTESIAN_POINT('',(21.2136756884011,51.6886059796989,-15.6504215613989));
#5352=CARTESIAN_POINT('Origin',(-18.7863243115989,51.6886059796989,-15.6504215613989));
#5353=CARTESIAN_POINT('',(-18.7863243115989,51.6886059796989,-15.6504215613989));
#5354=CARTESIAN_POINT('',(21.2136756884011,51.6886059796989,-15.6504215613989));
#5355=CARTESIAN_POINT('',(-18.7863243115989,51.6886059796989,-15.6504215613989));
#5356=CARTESIAN_POINT('Origin',(-18.7863243115989,22.1886059796989,-15.6504215613989));
#5357=CARTESIAN_POINT('Origin',(-18.7863243115989,22.1886059796989,-15.6504215613989));
#5358=CARTESIAN_POINT('Origin',(54.0941410135756,-31.6918593454756,-3.65042156139888));
#5359=CARTESIAN_POINT('',(55.5941410135756,-31.6918593454756,-15.6504215613989));
#5360=CARTESIAN_POINT('Origin',(54.0941410135756,-31.6918593454756,-15.6504215613989));
#5361=CARTESIAN_POINT('',(55.5941410135756,-31.6918593454756,-19.6504215613989));
#5362=CARTESIAN_POINT('',(55.5941410135756,-31.6918593454756,-3.65042156139888));
#5363=CARTESIAN_POINT('Origin',(54.0941410135756,-31.6918593454756,-19.6504215613989));
#5364=CARTESIAN_POINT('Origin',(54.0941410135756,-31.6918593454756,-19.6504215613989));
#5365=CARTESIAN_POINT('Origin',(-18.7863243115989,47.6886059796989,-3.65042156139888));
#5366=CARTESIAN_POINT('',(-17.2863243115989,47.6886059796989,-15.6504215613989));
#5367=CARTESIAN_POINT('Origin',(-18.7863243115989,47.6886059796989,-15.6504215613989));
#5368=CARTESIAN_POINT('',(-17.2863243115989,47.6886059796989,-19.6504215613989));
#5369=CARTESIAN_POINT('',(-17.2863243115989,47.6886059796989,-3.65042156139888));
#5370=CARTESIAN_POINT('Origin',(-18.7863243115989,47.6886059796989,-19.6504215613989));
#5371=CARTESIAN_POINT('Origin',(-18.7863243115989,47.6886059796989,-19.6504215613989));
#5372=CARTESIAN_POINT('Origin',(-44.2863243115989,-19.8113940203012,-3.65042156139888));
#5373=CARTESIAN_POINT('',(-42.7863243115989,-19.8113940203012,-15.6504215613989));
#5374=CARTESIAN_POINT('Origin',(-44.2863243115989,-19.8113940203012,-15.6504215613989));
#5375=CARTESIAN_POINT('',(-42.7863243115989,-19.8113940203012,-19.6504215613989));
#5376=CARTESIAN_POINT('',(-42.7863243115989,-19.8113940203012,-3.65042156139888));
#5377=CARTESIAN_POINT('Origin',(-44.2863243115989,-19.8113940203012,-19.6504215613989));
#5378=CARTESIAN_POINT('Origin',(-44.2863243115989,-19.8113940203012,-19.6504215613989));
#5379=CARTESIAN_POINT('Origin',(21.2136756884011,47.6886059796989,-3.65042156139888));
#5380=CARTESIAN_POINT('',(22.7136756884011,47.6886059796989,-15.6504215613989));
#5381=CARTESIAN_POINT('Origin',(21.2136756884011,47.6886059796989,-15.6504215613989));
#5382=CARTESIAN_POINT('',(22.7136756884011,47.6886059796989,-19.6504215613989));
#5383=CARTESIAN_POINT('',(22.7136756884011,47.6886059796989,-3.65042156139888));
#5384=CARTESIAN_POINT('Origin',(21.2136756884011,47.6886059796989,-19.6504215613989));
#5385=CARTESIAN_POINT('Origin',(21.2136756884011,47.6886059796989,-19.6504215613989));
#5386=CARTESIAN_POINT('Origin',(21.2136756884011,-45.3113940203012,-3.65042156139888));
#5387=CARTESIAN_POINT('',(22.7136756884011,-45.3113940203012,-15.6504215613989));
#5388=CARTESIAN_POINT('Origin',(21.2136756884011,-45.3113940203012,-15.6504215613989));
#5389=CARTESIAN_POINT('',(22.7136756884011,-45.3113940203012,-19.6504215613989));
#5390=CARTESIAN_POINT('',(22.7136756884011,-45.3113940203012,-3.65042156139888));
#5391=CARTESIAN_POINT('Origin',(21.2136756884011,-45.3113940203012,-19.6504215613989));
#5392=CARTESIAN_POINT('Origin',(21.2136756884011,-45.3113940203012,-19.6504215613989));
#5393=CARTESIAN_POINT('Origin',(67.7136756884011,1.18860597969885,-3.65042156139888));
#5394=CARTESIAN_POINT('',(69.2136756884011,1.18860597969885,-15.6504215613989));
#5395=CARTESIAN_POINT('Origin',(67.7136756884011,1.18860597969885,-15.6504215613989));
#5396=CARTESIAN_POINT('',(69.2136756884011,1.18860597969885,-19.6504215613989));
#5397=CARTESIAN_POINT('',(69.2136756884011,1.18860597969885,-3.65042156139888));
#5398=CARTESIAN_POINT('Origin',(67.7136756884011,1.18860597969885,-19.6504215613989));
#5399=CARTESIAN_POINT('Origin',(67.7136756884011,1.18860597969885,-19.6504215613989));
#5400=CARTESIAN_POINT('Origin',(-44.2863243115989,22.1886059796988,-3.65042156139888));
#5401=CARTESIAN_POINT('',(-42.7863243115989,22.1886059796988,-15.6504215613989));
#5402=CARTESIAN_POINT('Origin',(-44.2863243115989,22.1886059796988,-15.6504215613989));
#5403=CARTESIAN_POINT('',(-42.7863243115989,22.1886059796988,-19.6504215613989));
#5404=CARTESIAN_POINT('',(-42.7863243115989,22.1886059796988,-3.65042156139888));
#5405=CARTESIAN_POINT('Origin',(-44.2863243115989,22.1886059796988,-19.6504215613989));
#5406=CARTESIAN_POINT('Origin',(-44.2863243115989,22.1886059796988,-19.6504215613989));
#5407=CARTESIAN_POINT('Origin',(-44.2863243115989,1.18860597969883,-3.65042156139888));
#5408=CARTESIAN_POINT('',(-42.7863243115989,1.18860597969883,-15.6504215613989));
#5409=CARTESIAN_POINT('Origin',(-44.2863243115989,1.18860597969883,-15.6504215613989));
#5410=CARTESIAN_POINT('',(-42.7863243115989,1.18860597969883,-19.6504215613989));
#5411=CARTESIAN_POINT('',(-42.7863243115989,1.18860597969883,-3.65042156139888));
#5412=CARTESIAN_POINT('Origin',(-44.2863243115989,1.18860597969883,-19.6504215613989));
#5413=CARTESIAN_POINT('Origin',(-44.2863243115989,1.18860597969883,-19.6504215613989));
#5414=CARTESIAN_POINT('Origin',(54.0941410135755,34.0690713048733,-3.65042156139888));
#5415=CARTESIAN_POINT('',(55.5941410135755,34.0690713048733,-15.6504215613989));
#5416=CARTESIAN_POINT('Origin',(54.0941410135755,34.0690713048733,-15.6504215613989));
#5417=CARTESIAN_POINT('',(55.5941410135755,34.0690713048733,-19.6504215613989));
#5418=CARTESIAN_POINT('',(55.5941410135755,34.0690713048733,-3.65042156139888));
#5419=CARTESIAN_POINT('Origin',(54.0941410135755,34.0690713048733,-19.6504215613989));
#5420=CARTESIAN_POINT('Origin',(54.0941410135755,34.0690713048733,-19.6504215613989));
#5421=CARTESIAN_POINT('Origin',(-18.7863243115989,-45.3113940203012,-3.65042156139888));
#5422=CARTESIAN_POINT('',(-17.2863243115989,-45.3113940203012,-15.6504215613989));
#5423=CARTESIAN_POINT('Origin',(-18.7863243115989,-45.3113940203012,-15.6504215613989));
#5424=CARTESIAN_POINT('',(-17.2863243115989,-45.3113940203012,-19.6504215613989));
#5425=CARTESIAN_POINT('',(-17.2863243115989,-45.3113940203012,-3.65042156139888));
#5426=CARTESIAN_POINT('Origin',(-18.7863243115989,-45.3113940203012,-19.6504215613989));
#5427=CARTESIAN_POINT('Origin',(-18.7863243115989,-45.3113940203012,-19.6504215613989));
#5428=CARTESIAN_POINT('Origin',(-17.7863243115989,-18.8113940203011,-15.6504215613989));
#5429=CARTESIAN_POINT('',(-41.145072162387,-24.3221924055901,-65.650421561399));
#5430=CARTESIAN_POINT('',(-41.7863243115989,-18.8113940203011,-65.650421561399));
#5431=CARTESIAN_POINT('Origin',(-17.7863243115989,-18.8113940203011,-65.650421561399));
#5432=CARTESIAN_POINT('',(-41.145072162387,-24.3221924055901,-32.650421561399));
#5433=CARTESIAN_POINT('',(-41.145072162387,-24.3221924055901,-15.6504215613989));
#5434=CARTESIAN_POINT('',(-41.7863243115989,-18.8113940203011,-32.6504215613991));
#5435=CARTESIAN_POINT('Origin',(-17.7863243115989,-18.8113940203011,-32.650421561399));
#5436=CARTESIAN_POINT('',(-41.7863243115989,-18.8113940203011,-15.6504215613989));
#5437=CARTESIAN_POINT('',(-41.7863243115989,-18.8113940203011,-15.6504215613989));
#5438=CARTESIAN_POINT('',(-17.7863243115989,-42.8113940203011,-15.6504215613989));
#5439=CARTESIAN_POINT('Origin',(-17.7863243115989,-18.8113940203011,-15.6504215613989));
#5440=CARTESIAN_POINT('',(-17.7863243115989,-42.8113940203011,-73.4504215613989));
#5441=CARTESIAN_POINT('',(-17.7863243115989,-42.8113940203011,-15.6504215613989));
#5442=CARTESIAN_POINT('',(-41.7863243115989,-18.8113940203011,-73.4504215613989));
#5443=CARTESIAN_POINT('Origin',(-17.7863243115989,-18.8113940203011,-73.4504215613989));
#5444=CARTESIAN_POINT('',(-41.7863243115989,-18.8113940203011,-15.6504215613989));
#5445=CARTESIAN_POINT('Origin',(-41.7863243115989,21.1886059796989,-15.6504215613989));
#5446=CARTESIAN_POINT('',(-41.7863243115989,21.1886059796989,-32.6504215613989));
#5447=CARTESIAN_POINT('',(-41.7863243115989,11.1886059796989,-32.650421561399));
#5448=CARTESIAN_POINT('',(-41.7863243115989,21.1886059796989,-15.6504215613989));
#5449=CARTESIAN_POINT('',(-41.7863243115989,21.1886059796989,-15.6504215613989));
#5450=CARTESIAN_POINT('',(-41.7863243115989,-18.8113940203011,-15.6504215613989));
#5451=CARTESIAN_POINT('Origin',(-17.7863243115989,21.1886059796989,-15.6504215613989));
#5452=CARTESIAN_POINT('',(-41.145072162387,26.6994043649878,-32.650421561399));
#5453=CARTESIAN_POINT('Origin',(-17.7863243115989,21.1886059796989,-32.650421561399));
#5454=CARTESIAN_POINT('',(-41.145072162387,26.6994043649878,-65.650421561399));
#5455=CARTESIAN_POINT('',(-41.145072162387,26.6994043649878,-15.6504215613989));
#5456=CARTESIAN_POINT('',(-41.7863243115989,21.1886059796989,-65.650421561399));
#5457=CARTESIAN_POINT('Origin',(-17.7863243115989,21.1886059796989,-65.650421561399));
#5458=CARTESIAN_POINT('',(-41.7863243115989,21.1886059796989,-73.4504215613989));
#5459=CARTESIAN_POINT('',(-41.7863243115989,21.1886059796989,-15.6504215613989));
#5460=CARTESIAN_POINT('',(-17.7863243115989,45.1886059796989,-73.4504215613989));
#5461=CARTESIAN_POINT('Origin',(-17.7863243115989,21.1886059796989,-73.4504215613989));
#5462=CARTESIAN_POINT('',(-17.7863243115989,45.1886059796989,-15.6504215613989));
#5463=CARTESIAN_POINT('',(-17.7863243115989,45.1886059796989,-15.6504215613989));
#5464=CARTESIAN_POINT('Origin',(-17.7863243115989,21.1886059796989,-15.6504215613989));
#5465=CARTESIAN_POINT('Origin',(21.2136756884011,45.1886059796989,-15.6504215613989));
#5466=CARTESIAN_POINT('',(21.2136756884011,45.1886059796989,-15.6504215613989));
#5467=CARTESIAN_POINT('',(-17.7863243115989,45.1886059796989,-15.6504215613989));
#5468=CARTESIAN_POINT('',(21.2136756884011,45.1886059796989,-73.4504215613989));
#5469=CARTESIAN_POINT('',(-17.7863243115989,45.1886059796989,-73.4504215613989));
#5470=CARTESIAN_POINT('',(21.2136756884011,45.1886059796989,-15.6504215613989));
#5471=CARTESIAN_POINT('Origin',(21.2136756884011,1.18860597969887,-15.6504215613989));
#5472=CARTESIAN_POINT('',(21.2136756884011,-42.8113940203011,-15.6504215613989));
#5473=CARTESIAN_POINT('Origin',(21.2136756884011,1.18860597969887,-15.6504215613989));
#5474=CARTESIAN_POINT('',(21.2136756884011,-42.8113940203011,-73.4504215613989));
#5475=CARTESIAN_POINT('Origin',(21.2136756884011,1.18860597969887,-73.4504215613989));
#5476=CARTESIAN_POINT('',(21.2136756884011,-42.8113940203011,-15.6504215613989));
#5477=CARTESIAN_POINT('Origin',(-17.7863243115989,-42.8113940203011,-15.6504215613989));
#5478=CARTESIAN_POINT('',(21.2136756884011,-42.8113940203011,-15.6504215613989));
#5479=CARTESIAN_POINT('',(21.2136756884011,-42.8113940203011,-73.4504215613989));
#5480=CARTESIAN_POINT('Origin',(-41.7863243115989,21.1886059796989,-15.6504215613989));
#5481=CARTESIAN_POINT('',(-41.7863243115989,-15.8113940203011,-65.650421561399));
#5482=CARTESIAN_POINT('',(-41.7863243115989,1.68860597969887,-65.650421561399));
#5483=CARTESIAN_POINT('',(-41.7863243115989,-18.8113940203011,-73.4504215613989));
#5484=CARTESIAN_POINT('',(-41.7863243115989,18.1886059796988,-65.650421561399));
#5485=CARTESIAN_POINT('',(-41.7863243115989,1.68860597969887,-65.650421561399));
#5486=CARTESIAN_POINT('',(-41.7863243115989,18.1886059796988,-37.650421561399));
#5487=CARTESIAN_POINT('',(-41.7863243115989,18.1886059796988,-26.650421561399));
#5488=CARTESIAN_POINT('',(-41.7863243115989,-15.8113940203012,-37.6504215613991));
#5489=CARTESIAN_POINT('',(-41.7863243115989,11.188605979699,-37.650421561399));
#5490=CARTESIAN_POINT('',(-41.7863243115989,-15.8113940203011,-26.650421561399));
#5491=CARTESIAN_POINT('Origin',(-42.7863243115989,-15.8113940203011,-37.650421561399));
#5492=CARTESIAN_POINT('',(-31.8128351261958,-15.811394020301,-37.6504215613991));
#5493=CARTESIAN_POINT('',(-40.2260125437825,-15.8113940203012,-37.6504215613991));
#5494=CARTESIAN_POINT('',(-31.8128351261958,-15.8113940203011,-32.6504215613991));
#5495=CARTESIAN_POINT('',(-31.8128351261958,-15.8113940203011,-32.6504215613991));
#5496=CARTESIAN_POINT('',(35.2411648738042,-15.8113940203011,-32.6504215613991));
#5497=CARTESIAN_POINT('',(-40.2260125437825,-15.8113940203012,-32.6504215613991));
#5498=CARTESIAN_POINT('',(35.2411648738042,-15.811394020301,-37.6504215613991));
#5499=CARTESIAN_POINT('',(35.2411648738042,-15.8113940203011,-33.6504215613991));
#5500=CARTESIAN_POINT('',(45.9430477900958,-15.811394020301,-37.6504215613991));
#5501=CARTESIAN_POINT('',(-0.846146894012213,-15.8113940203012,-37.6504215613991));
#5502=CARTESIAN_POINT('',(45.9430477900958,-15.8113940203011,-65.650421561399));
#5503=CARTESIAN_POINT('',(45.9430477900958,-15.8113940203011,-35.150421561399));
#5504=CARTESIAN_POINT('',(-42.7863243115989,-15.8113940203011,-65.650421561399));
#5505=CARTESIAN_POINT('Origin',(-37.6657007759661,1.18860597969894,-37.6504215613991));
#5506=CARTESIAN_POINT('',(-31.8128351261958,18.1886059796989,-37.650421561399));
#5507=CARTESIAN_POINT('',(4.66714996219424,18.1886059796988,-37.650421561399));
#5508=CARTESIAN_POINT('',(-31.8128351261958,9.68860597969894,-37.650421561399));
#5509=CARTESIAN_POINT('',(-35.7853459407927,12.7386059796989,-37.650421561399));
#5510=CARTESIAN_POINT('',(-33.1439684592501,11.2136059796989,-37.650421561399));
#5511=CARTESIAN_POINT('',(-32.6691419097839,10.9394647435462,-37.650421561399));
#5512=CARTESIAN_POINT('',(-38.4267234223352,11.2136059796989,-37.650421561399));
#5513=CARTESIAN_POINT('',(-38.9911273574103,10.8877472158516,-37.650421561399));
#5514=CARTESIAN_POINT('',(-38.4267234223352,8.16360597969888,-37.650421561399));
#5515=CARTESIAN_POINT('',(-38.4267234223352,6.20110597969892,-37.650421561399));
#5516=CARTESIAN_POINT('',(-35.7853459407927,6.63860597969888,-37.6504215613991));
#5517=CARTESIAN_POINT('',(-36.6312081320977,7.12696474354616,-37.650421561399));
#5518=CARTESIAN_POINT('',(-33.1439684592501,8.16360597969888,-37.6504215613991));
#5519=CARTESIAN_POINT('',(-37.670438616639,5.55024721585162,-37.650421561399));
#5520=CARTESIAN_POINT('',(-33.1439684592501,4.67610597969891,-37.6504215613991));
#5521=CARTESIAN_POINT('',(-35.7853459407927,-4.26139402030112,-37.6504215613991));
#5522=CARTESIAN_POINT('',(-33.1439684592501,-5.78639402030112,-37.6504215613991));
#5523=CARTESIAN_POINT('',(-36.3497498758677,-3.93553525645384,-37.6504215613991));
#5524=CARTESIAN_POINT('',(-38.4267234223352,-5.78639402030112,-37.6504215613991));
#5525=CARTESIAN_POINT('',(-35.3105193913264,-3.98725278414838,-37.6504215613991));
#5526=CARTESIAN_POINT('',(-38.4267234223352,-8.83639402030112,-37.6504215613991));
#5527=CARTESIAN_POINT('',(-38.4267234223352,-2.29889402030109,-37.6504215613991));
#5528=CARTESIAN_POINT('',(-35.7853459407927,-10.3613940203011,-37.6504215613991));
#5529=CARTESIAN_POINT('',(-40.3118160981816,-7.74803525645384,-37.6504215613991));
#5530=CARTESIAN_POINT('',(-33.1439684592501,-8.83639402030112,-37.6504215613991));
#5531=CARTESIAN_POINT('',(-33.9898306505551,-9.32475278414838,-37.6504215613991));
#5532=CARTESIAN_POINT('',(-33.1439684592501,-3.82389402030109,-37.6504215613991));
#5533=CARTESIAN_POINT('Origin',(47.0000007003546,18.1886059796988,-37.650421561399));
#5534=CARTESIAN_POINT('',(45.9430477900958,18.1886059796988,-65.650421561399));
#5535=CARTESIAN_POINT('',(-42.7863243115989,18.1886059796988,-65.650421561399));
#5536=CARTESIAN_POINT('',(45.9430477900958,18.1886059796989,-37.650421561399));
#5537=CARTESIAN_POINT('',(45.9430477900958,18.1886059796989,-42.650421561399));
#5538=CARTESIAN_POINT('',(35.2411648738042,18.1886059796989,-37.650421561399));
#5539=CARTESIAN_POINT('',(44.0470156119645,18.1886059796988,-37.650421561399));
#5540=CARTESIAN_POINT('',(35.2411648738042,18.1886059796989,-32.650421561399));
#5541=CARTESIAN_POINT('',(35.2411648738042,18.1886059796989,-32.650421561399));
#5542=CARTESIAN_POINT('',(-31.8128351261958,18.1886059796989,-32.650421561399));
#5543=CARTESIAN_POINT('',(4.66714996219424,18.1886059796988,-32.650421561399));
#5544=CARTESIAN_POINT('',(-31.8128351261958,18.1886059796988,-33.650421561399));
#5545=CARTESIAN_POINT('Origin',(41.0940305235745,1.18860597969895,-37.6504215613991));
#5546=CARTESIAN_POINT('',(45.9430477900958,-9.31139402030113,-37.6504215613991));
#5547=CARTESIAN_POINT('',(35.2411648738042,-2.81139402030116,-37.6504215613991));
#5548=CARTESIAN_POINT('',(35.2411648738042,-7.31139402030105,-37.6504215613991));
#5549=CARTESIAN_POINT('',(35.2411648738042,5.18860597969884,-37.650421561399));
#5550=CARTESIAN_POINT('Origin',(35.2411648738042,1.18860597969884,-37.6504215613991));
#5551=CARTESIAN_POINT('',(35.2411648738042,-7.31139402030105,-37.6504215613991));
#5552=CARTESIAN_POINT('',(39.2146540592073,12.7386059796989,-37.650421561399));
#5553=CARTESIAN_POINT('',(41.8560315407499,11.2136059796989,-37.650421561399));
#5554=CARTESIAN_POINT('',(43.7407573275439,10.1254590393448,-37.650421561399));
#5555=CARTESIAN_POINT('',(36.5732765776648,11.2136059796989,-37.650421561399));
#5556=CARTESIAN_POINT('',(37.4187718799175,11.701752920053,-37.650421561399));
#5557=CARTESIAN_POINT('',(36.5732765776648,8.16360597969888,-37.650421561399));
#5558=CARTESIAN_POINT('',(36.5732765776648,6.20110597969892,-37.650421561399));
#5559=CARTESIAN_POINT('',(39.2146540592073,6.63860597969888,-37.650421561399));
#5560=CARTESIAN_POINT('',(39.77869110523,6.31295903934475,-37.650421561399));
#5561=CARTESIAN_POINT('',(41.8560315407499,8.16360597969888,-37.650421561399));
#5562=CARTESIAN_POINT('',(38.7394606206887,6.36425292005303,-37.650421561399));
#5563=CARTESIAN_POINT('',(41.8560315407499,4.67610597969891,-37.650421561399));
#5564=CARTESIAN_POINT('',(36.5732765776648,-8.83639402030112,-37.6504215613991));
#5565=CARTESIAN_POINT('',(36.5732765776648,-5.78639402030112,-37.6504215613991));
#5566=CARTESIAN_POINT('',(36.5732765776648,-2.29889402030109,-37.6504215613991));
#5567=CARTESIAN_POINT('',(39.2146540592073,-10.3613940203011,-37.6504215613991));
#5568=CARTESIAN_POINT('',(36.0980831391462,-8.56204096065525,-37.6504215613991));
#5569=CARTESIAN_POINT('',(41.8560315407499,-8.83639402030112,-37.6504215613991));
#5570=CARTESIAN_POINT('',(42.4200685867726,-8.51074707994697,-37.6504215613991));
#5571=CARTESIAN_POINT('',(41.8560315407499,-5.78639402030112,-37.6504215613991));
#5572=CARTESIAN_POINT('',(41.8560315407499,-3.82389402030109,-37.6504215613991));
#5573=CARTESIAN_POINT('',(39.2146540592073,-4.26139402030112,-37.6504215613991));
#5574=CARTESIAN_POINT('',(40.06014936146,-4.74954096065526,-37.6504215613991));
#5575=CARTESIAN_POINT('',(41.0993798460013,-3.17324707994697,-37.6504215613991));
#5576=CARTESIAN_POINT('Origin',(-38.4267234223352,11.2136059796989,-29.650421561399));
#5577=CARTESIAN_POINT('',(-38.4267234223352,11.2136059796989,-34.6504215613991));
#5578=CARTESIAN_POINT('',(-38.4267234223352,11.2136059796989,-29.650421561399));
#5579=CARTESIAN_POINT('',(-38.4267234223352,8.16360597969885,-34.6504215613991));
#5580=CARTESIAN_POINT('',(-38.4267234223352,8.16360597969885,-34.6504215613991));
#5581=CARTESIAN_POINT('',(-38.4267234223352,8.16360597969885,-29.650421561399));
#5582=CARTESIAN_POINT('Origin',(-35.7853459407927,12.7386059796989,-29.650421561399));
#5583=CARTESIAN_POINT('',(-35.7853459407927,12.7386059796989,-34.6504215613991));
#5584=CARTESIAN_POINT('',(-35.7853459407927,12.7386059796989,-29.650421561399));
#5585=CARTESIAN_POINT('',(-38.4267234223352,11.2136059796989,-34.6504215613991));
#5586=CARTESIAN_POINT('Origin',(-33.1439684592501,11.2136059796989,-29.650421561399));
#5587=CARTESIAN_POINT('',(-33.1439684592501,11.2136059796989,-34.6504215613991));
#5588=CARTESIAN_POINT('',(-33.1439684592501,11.2136059796989,-39.6504215613991));
#5589=CARTESIAN_POINT('',(-35.7853459407927,12.7386059796989,-34.6504215613991));
#5590=CARTESIAN_POINT('Origin',(-38.4267234223352,-5.78639402030115,-29.6504215613991));
#5591=CARTESIAN_POINT('',(-38.4267234223352,-5.78639402030115,-34.6504215613991));
#5592=CARTESIAN_POINT('',(-38.4267234223352,-5.78639402030115,-29.6504215613991));
#5593=CARTESIAN_POINT('',(-38.4267234223352,-8.83639402030115,-34.6504215613991));
#5594=CARTESIAN_POINT('',(-38.4267234223352,-8.83639402030115,-34.6504215613991));
#5595=CARTESIAN_POINT('',(-38.4267234223352,-8.83639402030115,-29.6504215613991));
#5596=CARTESIAN_POINT('Origin',(-35.7853459407927,-4.26139402030115,-29.6504215613991));
#5597=CARTESIAN_POINT('',(-35.7853459407927,-4.26139402030115,-34.6504215613991));
#5598=CARTESIAN_POINT('',(-35.7853459407927,-4.26139402030115,-29.6504215613991));
#5599=CARTESIAN_POINT('',(-38.4267234223352,-5.78639402030115,-34.6504215613991));
#5600=CARTESIAN_POINT('Origin',(-33.1439684592501,-5.78639402030115,-29.6504215613991));
#5601=CARTESIAN_POINT('',(-33.1439684592501,-5.78639402030115,-34.6504215613991));
#5602=CARTESIAN_POINT('',(-33.1439684592501,-5.78639402030115,-39.6504215613991));
#5603=CARTESIAN_POINT('',(-35.7853459407927,-4.26139402030115,-34.6504215613991));
#5604=CARTESIAN_POINT('Origin',(39.2146540592073,-10.3613940203012,-29.6504215613991));
#5605=CARTESIAN_POINT('',(39.2146540592073,-10.3613940203011,-34.6504215613991));
#5606=CARTESIAN_POINT('',(39.2146540592073,-10.3613940203011,-29.6504215613991));
#5607=CARTESIAN_POINT('',(41.8560315407499,-8.83639402030115,-34.6504215613991));
#5608=CARTESIAN_POINT('',(41.8560315407499,-8.83639402030115,-34.6504215613991));
#5609=CARTESIAN_POINT('',(41.8560315407499,-8.83639402030115,-29.6504215613991));
#5610=CARTESIAN_POINT('Origin',(36.5732765776648,-8.83639402030115,-29.6504215613991));
#5611=CARTESIAN_POINT('',(36.5732765776648,-8.83639402030115,-34.6504215613991));
#5612=CARTESIAN_POINT('',(36.5732765776648,-8.83639402030115,-29.6504215613991));
#5613=CARTESIAN_POINT('',(39.2146540592073,-10.3613940203011,-34.6504215613991));
#5614=CARTESIAN_POINT('Origin',(36.5732765776648,-5.78639402030115,-29.6504215613991));
#5615=CARTESIAN_POINT('',(36.5732765776648,-5.78639402030115,-34.6504215613991));
#5616=CARTESIAN_POINT('',(36.5732765776648,-5.78639402030115,-39.6504215613991));
#5617=CARTESIAN_POINT('',(36.5732765776648,-8.83639402030115,-34.6504215613991));
#5618=CARTESIAN_POINT('Origin',(36.5732765776648,11.2136059796989,-29.650421561399));
#5619=CARTESIAN_POINT('',(36.5732765776648,11.2136059796989,-34.6504215613991));
#5620=CARTESIAN_POINT('',(36.5732765776648,11.2136059796989,-29.650421561399));
#5621=CARTESIAN_POINT('',(36.5732765776648,8.16360597969885,-34.6504215613991));
#5622=CARTESIAN_POINT('',(36.5732765776648,8.16360597969885,-34.6504215613991));
#5623=CARTESIAN_POINT('',(36.5732765776648,8.16360597969885,-29.650421561399));
#5624=CARTESIAN_POINT('Origin',(39.2146540592073,12.7386059796989,-29.650421561399));
#5625=CARTESIAN_POINT('',(39.2146540592073,12.7386059796989,-34.6504215613991));
#5626=CARTESIAN_POINT('',(39.2146540592073,12.7386059796989,-29.650421561399));
#5627=CARTESIAN_POINT('',(36.5732765776648,11.2136059796989,-34.6504215613991));
#5628=CARTESIAN_POINT('Origin',(41.8560315407499,11.2136059796989,-29.650421561399));
#5629=CARTESIAN_POINT('',(41.8560315407499,11.2136059796989,-34.6504215613991));
#5630=CARTESIAN_POINT('',(41.8560315407499,11.2136059796989,-39.6504215613991));
#5631=CARTESIAN_POINT('',(39.2146540592073,12.7386059796989,-34.6504215613991));
#5632=CARTESIAN_POINT('Origin',(-35.7853459407927,-7.31139402030115,-34.6504215613991));
#5633=CARTESIAN_POINT('',(-33.1439684592501,-8.83639402030115,-34.6504215613991));
#5634=CARTESIAN_POINT('',(-33.1439684592501,-5.78639402030115,-34.6504215613991));
#5635=CARTESIAN_POINT('',(-35.7853459407927,-10.3613940203011,-34.6504215613991));
#5636=CARTESIAN_POINT('',(-33.1439684592501,-8.83639402030115,-34.6504215613991));
#5637=CARTESIAN_POINT('',(-35.7853459407927,-10.3613940203011,-34.6504215613991));
#5638=CARTESIAN_POINT('',(-37.2863243115989,-7.31139402030106,-34.6504215613991));
#5639=CARTESIAN_POINT('Origin',(-35.7863243115989,-7.31139402030106,-34.6504215613991));
#5640=CARTESIAN_POINT('Origin',(39.2146540592073,-7.31139402030115,-34.6504215613991));
#5641=CARTESIAN_POINT('',(39.2146540592073,-4.26139402030115,-34.6504215613991));
#5642=CARTESIAN_POINT('',(36.5732765776648,-5.78639402030115,-34.6504215613991));
#5643=CARTESIAN_POINT('',(41.8560315407499,-5.78639402030115,-34.6504215613991));
#5644=CARTESIAN_POINT('',(39.2146540592073,-4.26139402030115,-34.6504215613991));
#5645=CARTESIAN_POINT('',(41.8560315407499,-5.78639402030115,-34.6504215613991));
#5646=CARTESIAN_POINT('',(37.7146540592073,-7.31139402030115,-34.6504215613991));
#5647=CARTESIAN_POINT('Origin',(39.2146540592073,-7.31139402030106,-34.6504215613991));
#5648=CARTESIAN_POINT('Origin',(39.2146540592073,9.68860597969885,-34.6504215613991));
#5649=CARTESIAN_POINT('',(41.8560315407499,8.16360597969885,-34.6504215613991));
#5650=CARTESIAN_POINT('',(41.8560315407499,11.2136059796989,-34.6504215613991));
#5651=CARTESIAN_POINT('',(39.2146540592073,6.63860597969885,-34.6504215613991));
#5652=CARTESIAN_POINT('',(41.8560315407499,8.16360597969885,-34.6504215613991));
#5653=CARTESIAN_POINT('',(39.2146540592073,6.63860597969885,-34.6504215613991));
#5654=CARTESIAN_POINT('',(37.7146540592073,9.68860597969883,-34.6504215613991));
#5655=CARTESIAN_POINT('Origin',(39.2146540592073,9.68860597969892,-34.6504215613991));
#5656=CARTESIAN_POINT('Origin',(-35.7853459407927,9.68860597969885,-34.6504215613991));
#5657=CARTESIAN_POINT('',(-33.1439684592501,8.16360597969885,-34.6504215613991));
#5658=CARTESIAN_POINT('',(-33.1439684592501,11.2136059796989,-34.6504215613991));
#5659=CARTESIAN_POINT('',(-35.7853459407927,6.63860597969885,-34.6504215613991));
#5660=CARTESIAN_POINT('',(-33.1439684592501,8.16360597969885,-34.6504215613991));
#5661=CARTESIAN_POINT('',(-35.7853459407927,6.63860597969885,-34.6504215613991));
#5662=CARTESIAN_POINT('',(-37.2863243115989,9.68860597969893,-34.6504215613991));
#5663=CARTESIAN_POINT('Origin',(-35.7863243115989,9.68860597969892,-34.6504215613991));
#5664=CARTESIAN_POINT('Origin',(35.2411648738042,1.18860597969884,-32.650421561399));
#5665=CARTESIAN_POINT('',(35.2411648738042,-2.81139402030116,-32.650421561399));
#5666=CARTESIAN_POINT('',(35.2411648738042,-2.81139402030116,-32.650421561399));
#5667=CARTESIAN_POINT('',(35.2411648738042,5.18860597969884,-32.650421561399));
#5668=CARTESIAN_POINT('Origin',(35.2411648738042,1.18860597969882,-32.650421561399));
#5669=CARTESIAN_POINT('',(35.2411648738042,5.18860597969885,-37.150421561399));
#5670=CARTESIAN_POINT('Origin',(35.2411648738042,-15.8113940203011,-32.6504215613991));
#5671=CARTESIAN_POINT('',(35.2411648738042,-7.31139402030107,-32.6504215613991));
#5672=CARTESIAN_POINT('Origin',(-32.7863243115989,32.1886059796988,-23.0504215613989));
#5673=CARTESIAN_POINT('',(-32.7863243115989,22.1886059796987,-32.650421561399));
#5674=CARTESIAN_POINT('Origin',(-32.7863243115989,32.1886059796988,-32.650421561399));
#5675=CARTESIAN_POINT('',(-32.786324311599,22.1886059796988,-65.650421561399));
#5676=CARTESIAN_POINT('',(-32.7863243115989,22.1886059796988,-23.0504215613989));
#5677=CARTESIAN_POINT('Origin',(-32.786324311599,32.1886059796988,-65.650421561399));
#5678=CARTESIAN_POINT('Origin',(-42.7863243115989,22.1886059796988,-37.650421561399));
#5679=CARTESIAN_POINT('',(49.9430477900958,22.1886059796987,-65.650421561399));
#5680=CARTESIAN_POINT('',(49.9430477900958,22.1886059796987,-32.650421561399));
#5681=CARTESIAN_POINT('',(49.9430477900958,22.1886059796987,-37.150421561399));
#5682=CARTESIAN_POINT('',(47.0000007003546,22.1886059796988,-65.650421561399));
#5683=CARTESIAN_POINT('',(-40.2260125437825,22.1886059796988,-32.6504215613989));
#5684=CARTESIAN_POINT('Origin',(49.9430477900958,22.1886059796987,-32.650421561399));
#5685=CARTESIAN_POINT('',(49.9430477900958,-19.8113940203012,-65.650421561399));
#5686=CARTESIAN_POINT('',(49.9430477900958,-19.8113940203012,-32.650421561399));
#5687=CARTESIAN_POINT('',(49.9430477900958,-19.8113940203012,-37.150421561399));
#5688=CARTESIAN_POINT('',(49.9430477900958,-19.8113940203012,-65.650421561399));
#5689=CARTESIAN_POINT('',(49.9430477900958,11.6886059796988,-32.650421561399));
#5690=CARTESIAN_POINT('Origin',(46.9816756884011,-19.8113940203011,-37.650421561399));
#5691=CARTESIAN_POINT('',(-32.786324311599,-19.8113940203012,-65.650421561399));
#5692=CARTESIAN_POINT('',(-32.786324311599,-19.8113940203011,-32.650421561399));
#5693=CARTESIAN_POINT('',(-32.786324311599,-19.8113940203011,-37.150421561399));
#5694=CARTESIAN_POINT('',(45.9430477900958,-19.8113940203012,-65.650421561399));
#5695=CARTESIAN_POINT('',(4.65798745621749,-19.8113940203012,-32.6504215613991));
#5696=CARTESIAN_POINT('Origin',(-35.7853459407927,6.63860597969885,-29.6504215613991));
#5697=CARTESIAN_POINT('',(-35.7853459407927,6.63860597969885,-39.6504215613991));
#5698=CARTESIAN_POINT('',(-33.1439684592501,8.16360597969885,-39.6504215613991));
#5699=CARTESIAN_POINT('Origin',(-33.1439684592501,8.16360597969885,-29.650421561399));
#5700=CARTESIAN_POINT('Origin',(-35.7853459407927,-10.3613940203012,-29.6504215613991));
#5701=CARTESIAN_POINT('',(-35.7853459407927,-10.3613940203011,-39.6504215613991));
#5702=CARTESIAN_POINT('',(-33.1439684592501,-8.83639402030115,-39.6504215613991));
#5703=CARTESIAN_POINT('Origin',(-33.1439684592501,-8.83639402030115,-29.6504215613991));
#5704=CARTESIAN_POINT('Origin',(-38.4267234223352,8.16360597969885,-29.650421561399));
#5705=CARTESIAN_POINT('Origin',(-38.4267234223352,-8.83639402030115,-29.6504215613991));
#5706=CARTESIAN_POINT('Origin',(41.8560315407499,-5.78639402030115,-29.6504215613991));
#5707=CARTESIAN_POINT('',(41.8560315407499,-5.78639402030115,-39.6504215613991));
#5708=CARTESIAN_POINT('',(39.2146540592073,-4.26139402030115,-39.6504215613991));
#5709=CARTESIAN_POINT('Origin',(39.2146540592073,-4.26139402030115,-29.6504215613991));
#5710=CARTESIAN_POINT('Origin',(39.2146540592073,6.63860597969885,-29.650421561399));
#5711=CARTESIAN_POINT('',(39.2146540592073,6.63860597969885,-39.6504215613991));
#5712=CARTESIAN_POINT('',(41.8560315407499,8.16360597969885,-39.6504215613991));
#5713=CARTESIAN_POINT('Origin',(41.8560315407499,8.16360597969885,-29.650421561399));
#5714=CARTESIAN_POINT('Origin',(41.8560315407499,-8.83639402030115,-29.6504215613991));
#5715=CARTESIAN_POINT('Origin',(36.5732765776648,8.16360597969885,-29.650421561399));
#5716=CARTESIAN_POINT('Origin',(45.9430477900958,-19.8113940203012,-32.650421561399));
#5717=CARTESIAN_POINT('',(45.9430477900958,22.1886059796987,-65.650421561399));
#5718=CARTESIAN_POINT('Origin',(7.5,1.91843197802417,-15.6504215613989));
#5719=CARTESIAN_POINT('Origin',(-50.1019347178975,-8.24124636617899,-60.0000000000001));
#5720=CARTESIAN_POINT('',(-49.1019347178975,-8.2412463661789,-73.4504215613989));
#5721=CARTESIAN_POINT('',(-49.1019347178975,-8.24124636617899,-60.0000000000001));
#5722=CARTESIAN_POINT('',(-50.1019347178975,-9.2412463661789,-73.4504215613989));
#5723=CARTESIAN_POINT('Origin',(-50.1019347178975,-8.2412463661789,-73.4504215613989));
#5724=CARTESIAN_POINT('',(-50.1019347178975,-9.24124636617899,-60.0000000000001));
#5725=CARTESIAN_POINT('Origin',(-50.1019347178975,-9.24124636617899,-60.0000000000001));
#5726=CARTESIAN_POINT('',(-21.1095595939579,-9.2412463661789,-73.4504215613989));
#5727=CARTESIAN_POINT('Origin',(-72.4019347178975,11.758753633821,-60.));
#5728=CARTESIAN_POINT('',(-72.4019347178975,12.7587536338211,-74.0185491674547));
#5729=CARTESIAN_POINT('Ctrl Pts',(-72.4019347178975,12.7587536338211,-74.0185491674547));
#5730=CARTESIAN_POINT('Ctrl Pts',(-72.4650798009604,12.7587536338211,-74.1504231734747));
#5731=CARTESIAN_POINT('Ctrl Pts',(-72.4983156134085,12.7540994882358,-74.2973045949537));
#5732=CARTESIAN_POINT('Ctrl Pts',(-72.4999347178215,12.7539400485269,-74.4389952717446));
#5733=CARTESIAN_POINT('',(-72.4019347178975,12.758753633821,-60.));
#5734=CARTESIAN_POINT('Origin',(-49.1019347178975,11.758753633821,-60.));
#5735=CARTESIAN_POINT('',(-49.1019347178975,11.7587536338211,-73.4504215613989));
#5736=CARTESIAN_POINT('',(-49.1019347178975,11.758753633821,-60.));
#5737=CARTESIAN_POINT('',(-49.1019347178975,6.17652831183521,-73.4504215613989));
#5738=CARTESIAN_POINT('Origin',(-50.1019347178975,11.758753633821,-60.));
#5739=CARTESIAN_POINT('',(-50.1019347178975,12.7587536338211,-73.4504215613989));
#5740=CARTESIAN_POINT('',(-50.1019347178975,12.758753633821,-60.));
#5741=CARTESIAN_POINT('Origin',(-50.1019347178975,11.7587536338211,-73.4504215613988));
#5742=CARTESIAN_POINT('Origin',(-72.4019347178975,12.758753633821,-60.));
#5743=CARTESIAN_POINT('',(-71.5,12.7587536338211,-73.4504215613988));
#5744=CARTESIAN_POINT('Origin',(-71.5,12.758753633821,-74.450421561399));
#5745=CARTESIAN_POINT('',(-32.2595595939579,12.7587536338211,-73.4504215613989));
#5746=CARTESIAN_POINT('Origin',(-72.5,84.4184319780242,-103.450421561399));
#5747=CARTESIAN_POINT('',(-72.5,-80.5815680219758,-74.4504215613992));
#5748=CARTESIAN_POINT('',(-72.5,-78.0815680219758,-74.4504215613992));
#5749=CARTESIAN_POINT('',(-72.5,-80.5815680219758,-103.450421561399));
#5750=CARTESIAN_POINT('Origin',(-72.5,84.4184319780242,-103.450421561399));
#5751=CARTESIAN_POINT('',(-72.5,84.4184319780242,-74.4504215613988));
#5752=CARTESIAN_POINT('',(-72.5,84.4184319780242,-103.450421561399));
#5753=CARTESIAN_POINT('',(-72.5,79.4184319780242,-74.4504215613988));
#5754=CARTESIAN_POINT('Origin',(-70.0969194255232,71.9257540844632,-68.4504215613989));
#5755=CARTESIAN_POINT('',(-70.0969194255232,82.9257540844631,-73.4504215613989));
#5756=CARTESIAN_POINT('',(-70.0969194255232,71.9257540844632,-73.4504215613989));
#5757=CARTESIAN_POINT('',(-70.0969194255232,36.2600285371563,-73.4504215613989));
#5758=CARTESIAN_POINT('',(-70.0969194255232,82.9257540844631,-68.4504215613989));
#5759=CARTESIAN_POINT('',(-70.0969194255232,71.9257540844632,-68.4504215613989));
#5760=CARTESIAN_POINT('Origin',(-59.0969194255232,71.9257540844632,-68.4504215613989));
#5761=CARTESIAN_POINT('',(-59.0969194255232,71.9257540844632,-73.4504215613989));
#5762=CARTESIAN_POINT('',(-25.6070519477707,71.9257540844632,-73.4504215613989));
#5763=CARTESIAN_POINT('',(-59.0969194255232,71.9257540844632,-68.4504215613989));
#5764=CARTESIAN_POINT('Origin',(-59.0969194255232,82.9257540844631,-68.4504215613989));
#5765=CARTESIAN_POINT('',(-59.0969194255232,82.9257540844631,-73.4504215613989));
#5766=CARTESIAN_POINT('',(-59.0969194255232,41.7600285371563,-73.4504215613989));
#5767=CARTESIAN_POINT('',(-59.0969194255232,82.9257540844631,-68.4504215613989));
#5768=CARTESIAN_POINT('Origin',(-70.0969194255232,82.9257540844631,-68.4504215613989));
#5769=CARTESIAN_POINT('',(-31.1070519477707,82.9257540844631,-73.4504215613989));
#5770=CARTESIAN_POINT('Origin',(93.4601379813762,-71.5039055610636,-90.8784711947405));
#5771=CARTESIAN_POINT('',(87.5,-71.5039055610636,-79.8784711947404));
#5772=CARTESIAN_POINT('',(87.5,-71.5039055610636,-90.8784711947405));
#5773=CARTESIAN_POINT('',(87.5,-71.5039055610637,-97.1644463780697));
#5774=CARTESIAN_POINT('',(92.5,-71.5039055610636,-79.8784711947404));
#5775=CARTESIAN_POINT('',(93.4601379813762,-71.5039055610636,-79.8784711947404));
#5776=CARTESIAN_POINT('',(92.5,-71.5039055610636,-90.8784711947405));
#5777=CARTESIAN_POINT('',(92.5,-71.5039055610637,-82.1644463780697));
#5778=CARTESIAN_POINT('',(93.4601379813762,-71.5039055610636,-90.8784711947405));
#5779=CARTESIAN_POINT('Origin',(93.4601379813762,-60.5039055610636,-90.8784711947405));
#5780=CARTESIAN_POINT('',(87.5,-60.5039055610636,-90.8784711947405));
#5781=CARTESIAN_POINT('',(87.5,-68.0427367915197,-90.8784711947405));
#5782=CARTESIAN_POINT('',(92.5,-60.5039055610636,-90.8784711947405));
#5783=CARTESIAN_POINT('',(92.5,14.4572632084803,-90.8784711947405));
#5784=CARTESIAN_POINT('',(93.4601379813762,-60.5039055610636,-90.8784711947405));
#5785=CARTESIAN_POINT('Origin',(93.4601379813762,-60.5039055610636,-79.8784711947404));
#5786=CARTESIAN_POINT('',(87.5,-60.5039055610636,-79.8784711947404));
#5787=CARTESIAN_POINT('',(87.5,-60.5039055610636,-91.6644463780697));
#5788=CARTESIAN_POINT('',(92.5,-60.5039055610636,-79.8784711947404));
#5789=CARTESIAN_POINT('',(92.5,-60.5039055610636,-76.6644463780697));
#5790=CARTESIAN_POINT('',(93.4601379813762,-60.5039055610636,-79.8784711947404));
#5791=CARTESIAN_POINT('Origin',(93.4601379813762,-71.5039055610636,-79.8784711947404));
#5792=CARTESIAN_POINT('',(87.5,-73.5427367915197,-79.8784711947404));
#5793=CARTESIAN_POINT('',(92.5,8.95726320848026,-79.8784711947404));
#5794=CARTESIAN_POINT('Origin',(93.4601379813762,-25.5039055610636,-79.8784711947404));
#5795=CARTESIAN_POINT('',(87.5,-25.5039055610636,-90.8784711947405));
#5796=CARTESIAN_POINT('',(87.5,-25.5039055610636,-79.8784711947404));
#5797=CARTESIAN_POINT('',(87.5,-25.5039055610636,-91.6644463780697));
#5798=CARTESIAN_POINT('',(92.5,-25.5039055610636,-90.8784711947405));
#5799=CARTESIAN_POINT('',(93.4601379813762,-25.5039055610636,-90.8784711947405));
#5800=CARTESIAN_POINT('',(92.5,-25.5039055610636,-79.8784711947404));
#5801=CARTESIAN_POINT('',(92.5,-25.5039055610636,-76.6644463780697));
#5802=CARTESIAN_POINT('',(93.4601379813762,-25.5039055610636,-79.8784711947404));
#5803=CARTESIAN_POINT('Origin',(93.4601379813762,-36.5039055610637,-79.8784711947404));
#5804=CARTESIAN_POINT('',(87.5,-36.5039055610637,-79.8784711947404));
#5805=CARTESIAN_POINT('',(87.5,-56.0427367915197,-79.8784711947404));
#5806=CARTESIAN_POINT('',(92.5,-36.5039055610637,-79.8784711947404));
#5807=CARTESIAN_POINT('',(92.5,26.4572632084803,-79.8784711947404));
#5808=CARTESIAN_POINT('',(93.4601379813762,-36.5039055610637,-79.8784711947404));
#5809=CARTESIAN_POINT('Origin',(93.4601379813762,-36.5039055610637,-90.8784711947405));
#5810=CARTESIAN_POINT('',(87.5,-36.5039055610637,-90.8784711947405));
#5811=CARTESIAN_POINT('',(87.5,-36.5039055610637,-97.1644463780697));
#5812=CARTESIAN_POINT('',(92.5,-36.5039055610637,-90.8784711947405));
#5813=CARTESIAN_POINT('',(92.5,-36.5039055610637,-82.1644463780697));
#5814=CARTESIAN_POINT('',(93.4601379813762,-36.5039055610637,-90.8784711947405));
#5815=CARTESIAN_POINT('Origin',(93.4601379813762,-25.5039055610636,-90.8784711947405));
#5816=CARTESIAN_POINT('',(87.5,-50.5427367915197,-90.8784711947405));
#5817=CARTESIAN_POINT('',(92.5,31.9572632084803,-90.8784711947405));
#5818=CARTESIAN_POINT('Origin',(93.4601379813762,9.49609443893635,-79.8784711947404));
#5819=CARTESIAN_POINT('',(87.5,9.49609443893635,-90.8784711947405));
#5820=CARTESIAN_POINT('',(87.5,9.49609443893635,-79.8784711947404));
#5821=CARTESIAN_POINT('',(87.5,9.49609443893635,-91.6644463780697));
#5822=CARTESIAN_POINT('',(92.5,9.49609443893635,-90.8784711947405));
#5823=CARTESIAN_POINT('',(93.4601379813762,9.49609443893635,-90.8784711947405));
#5824=CARTESIAN_POINT('',(92.5,9.49609443893635,-79.8784711947404));
#5825=CARTESIAN_POINT('',(92.5,9.49609443893635,-76.6644463780697));
#5826=CARTESIAN_POINT('',(93.4601379813762,9.49609443893635,-79.8784711947404));
#5827=CARTESIAN_POINT('Origin',(93.4601379813762,-1.50390556106365,-79.8784711947404));
#5828=CARTESIAN_POINT('',(87.5,-1.50390556106365,-79.8784711947404));
#5829=CARTESIAN_POINT('',(87.5,-38.5427367915197,-79.8784711947404));
#5830=CARTESIAN_POINT('',(92.5,-1.50390556106365,-79.8784711947404));
#5831=CARTESIAN_POINT('',(92.5,43.9572632084803,-79.8784711947404));
#5832=CARTESIAN_POINT('',(93.4601379813762,-1.50390556106365,-79.8784711947404));
#5833=CARTESIAN_POINT('Origin',(93.4601379813762,-1.50390556106365,-90.8784711947405));
#5834=CARTESIAN_POINT('',(87.5,-1.50390556106365,-90.8784711947405));
#5835=CARTESIAN_POINT('',(87.5,-1.50390556106365,-97.1644463780697));
#5836=CARTESIAN_POINT('',(92.5,-1.50390556106365,-90.8784711947405));
#5837=CARTESIAN_POINT('',(92.5,-1.50390556106366,-82.1644463780697));
#5838=CARTESIAN_POINT('',(93.4601379813762,-1.50390556106365,-90.8784711947405));
#5839=CARTESIAN_POINT('Origin',(93.4601379813762,9.49609443893635,-90.8784711947405));
#5840=CARTESIAN_POINT('',(87.5,-33.0427367915197,-90.8784711947405));
#5841=CARTESIAN_POINT('',(92.5,49.4572632084803,-90.8784711947405));
#5842=CARTESIAN_POINT('Origin',(-31.8128351261958,18.1886059796989,-32.650421561399));
#5843=CARTESIAN_POINT('',(-31.8128351261958,9.68860597969891,-32.650421561399));
#5844=CARTESIAN_POINT('Origin',(107.5,104.418431978024,-103.450421561399));
#5845=CARTESIAN_POINT('',(-92.5,104.418431978024,-103.450421561399));
#5846=CARTESIAN_POINT('',(107.5,104.418431978024,-103.450421561399));
#5847=CARTESIAN_POINT('',(57.5,104.418431978024,-103.450421561399));
#5848=CARTESIAN_POINT('',(107.5,104.418431978024,-103.450421561399));
#5849=CARTESIAN_POINT('',(-92.5,104.418431978024,-103.450421561399));
#5850=CARTESIAN_POINT('Origin',(-23.1666666666667,96.4184319780242,-98.450421561399));
#5851=CARTESIAN_POINT('',(-21.1666666666667,96.4184319780242,-103.450421561399));
#5852=CARTESIAN_POINT('Origin',(-23.1666666666667,96.4184319780242,-103.450421561399));
#5853=CARTESIAN_POINT('',(-21.1666666666667,96.4184319780242,-98.450421561399));
#5854=CARTESIAN_POINT('Origin',(38.1666666666667,96.4184319780242,-98.450421561399));
#5855=CARTESIAN_POINT('',(40.1666666666667,96.4184319780242,-103.450421561399));
#5856=CARTESIAN_POINT('Origin',(38.1666666666667,96.4184319780242,-103.450421561399));
#5857=CARTESIAN_POINT('',(40.1666666666667,96.4184319780242,-98.450421561399));
#5858=CARTESIAN_POINT('Origin',(-84.5,96.4184319780242,-98.450421561399));
#5859=CARTESIAN_POINT('',(-82.5,96.4184319780242,-103.450421561399));
#5860=CARTESIAN_POINT('Origin',(-84.5,96.4184319780242,-103.450421561399));
#5861=CARTESIAN_POINT('',(-82.5,96.4184319780242,-98.450421561399));
#5862=CARTESIAN_POINT('Origin',(99.5,96.4184319780242,-98.450421561399));
#5863=CARTESIAN_POINT('',(101.5,96.4184319780242,-103.450421561399));
#5864=CARTESIAN_POINT('Origin',(99.5,96.4184319780242,-103.450421561399));
#5865=CARTESIAN_POINT('',(101.5,96.4184319780242,-98.450421561399));
#5866=CARTESIAN_POINT('Origin',(47.5,83.4184319780242,-74.4504215613988));
#5867=CARTESIAN_POINT('',(87.5,84.4184319780242,-74.4504215613988));
#5868=CARTESIAN_POINT('',(47.5,84.4184319780242,-74.4504215613988));
#5869=CARTESIAN_POINT('',(86.5,83.4184319780242,-73.4504215613988));
#5870=CARTESIAN_POINT('Origin',(86.5,83.4184319780242,-74.4504215613988));
#5871=CARTESIAN_POINT('',(-71.5,83.4184319780242,-73.4504215613988));
#5872=CARTESIAN_POINT('',(47.5,83.4184319780242,-73.4504215613988));
#5873=CARTESIAN_POINT('Origin',(-71.5,83.4184319780242,-74.4504215613988));
#5874=CARTESIAN_POINT('Origin',(87.5,84.4184319780242,-103.450421561399));
#5875=CARTESIAN_POINT('',(87.5,84.4184319780242,-103.450421561399));
#5876=CARTESIAN_POINT('Origin',(-76.5,88.4184319780242,-69.450421561399));
#5877=CARTESIAN_POINT('',(-76.5,89.4184319780242,-69.450421561399));
#5878=CARTESIAN_POINT('',(-77.5,88.4184319780242,-69.450421561399));
#5879=CARTESIAN_POINT('Origin',(-76.5,88.4184319780242,-69.450421561399));
#5880=CARTESIAN_POINT('Origin',(-76.5,88.4184319780242,-69.450421561399));
#5881=CARTESIAN_POINT('Origin',(-76.5,88.4184319780242,-69.450421561399));
#5882=CARTESIAN_POINT('Origin',(-76.5,88.4184319780242,-73.450421561399));
#5883=CARTESIAN_POINT('',(-77.5,88.4184319780242,-103.450421561399));
#5884=CARTESIAN_POINT('',(-77.5,88.4184319780242,-73.450421561399));
#5885=CARTESIAN_POINT('',(-76.5,89.4184319780242,-103.450421561399));
#5886=CARTESIAN_POINT('',(-76.5,89.4184319780242,-73.450421561399));
#5887=CARTESIAN_POINT('Origin',(-76.5,88.4184319780242,-103.450421561399));
#5888=CARTESIAN_POINT('Origin',(91.5,88.4184319780242,-69.450421561399));
#5889=CARTESIAN_POINT('',(92.5,88.4184319780242,-69.450421561399));
#5890=CARTESIAN_POINT('',(91.5,89.4184319780242,-69.450421561399));
#5891=CARTESIAN_POINT('Origin',(91.5,88.4184319780242,-69.450421561399));
#5892=CARTESIAN_POINT('Origin',(91.5,88.4184319780242,-69.450421561399));
#5893=CARTESIAN_POINT('Origin',(91.5,88.4184319780242,-69.450421561399));
#5894=CARTESIAN_POINT('Origin',(91.5,88.4184319780242,-73.450421561399));
#5895=CARTESIAN_POINT('',(91.5,89.4184319780242,-103.450421561399));
#5896=CARTESIAN_POINT('',(91.5,89.4184319780242,-73.450421561399));
#5897=CARTESIAN_POINT('',(92.5,88.4184319780242,-103.450421561399));
#5898=CARTESIAN_POINT('',(92.5,88.4184319780242,-98.450421561399));
#5899=CARTESIAN_POINT('Origin',(91.5,88.4184319780242,-103.450421561399));
#5900=CARTESIAN_POINT('Origin',(-35.,88.4184319780242,-69.450421561399));
#5901=CARTESIAN_POINT('',(-35.,89.4184319780242,-69.450421561399));
#5902=CARTESIAN_POINT('Origin',(-77.5,89.4184319780242,-73.450421561399));
#5903=CARTESIAN_POINT('',(-35.,89.4184319780242,-103.450421561399));
#5904=CARTESIAN_POINT('Origin',(99.5,32.5850986446908,-98.450421561399));
#5905=CARTESIAN_POINT('',(101.5,32.5850986446908,-103.450421561399));
#5906=CARTESIAN_POINT('Origin',(99.5,32.5850986446908,-103.450421561399));
#5907=CARTESIAN_POINT('',(101.5,32.5850986446908,-98.450421561399));
#5908=CARTESIAN_POINT('Origin',(-84.5,32.5850986446908,-98.450421561399));
#5909=CARTESIAN_POINT('',(-82.5,32.5850986446908,-103.450421561399));
#5910=CARTESIAN_POINT('Origin',(-84.5,32.5850986446908,-103.450421561399));
#5911=CARTESIAN_POINT('',(-82.5,32.5850986446908,-98.450421561399));
#5912=CARTESIAN_POINT('Origin',(-35.7863243115989,9.68860597969891,-32.650421561399));
#5913=CARTESIAN_POINT('',(-37.2863243115989,9.68860597969893,-32.6504215613991));
#5914=CARTESIAN_POINT('',(-37.2863243115989,9.68860597969891,-32.650421561399));
#5915=CARTESIAN_POINT('Origin',(-35.7863243115989,9.68860597969891,-32.6504215613991));
#5916=CARTESIAN_POINT('Origin',(39.2146540592073,9.68860597969891,-32.650421561399));
#5917=CARTESIAN_POINT('',(37.7146540592073,9.68860597969883,-32.6504215613991));
#5918=CARTESIAN_POINT('',(37.7146540592073,9.68860597969891,-32.650421561399));
#5919=CARTESIAN_POINT('Origin',(39.2146540592073,9.68860597969891,-32.6504215613991));
#5920=CARTESIAN_POINT('Origin',(39.2146540592073,-7.31139402030107,-32.6504215613991));
#5921=CARTESIAN_POINT('',(37.7146540592073,-7.31139402030115,-32.6504215613991));
#5922=CARTESIAN_POINT('',(37.7146540592073,-7.31139402030107,-32.6504215613991));
#5923=CARTESIAN_POINT('Origin',(39.2146540592073,-7.31139402030107,-32.6504215613991));
#5924=CARTESIAN_POINT('Origin',(-35.7863243115989,-7.31139402030107,-32.650421561399));
#5925=CARTESIAN_POINT('',(-37.2863243115989,-7.31139402030106,-32.6504215613991));
#5926=CARTESIAN_POINT('',(-37.2863243115989,-7.31139402030107,-32.650421561399));
#5927=CARTESIAN_POINT('Origin',(-35.7863243115989,-7.31139402030107,-32.6504215613991));
#5928=CARTESIAN_POINT('Origin',(35.2411648738042,-15.8113940203011,-32.6504215613991));
#5929=CARTESIAN_POINT('',(35.2411648738042,-7.31139402030107,-32.6504215613991));
#5930=CARTESIAN_POINT('Origin',(-62.3255202148941,-64.9144463725805,-68.450421561399));
#5931=CARTESIAN_POINT('',(-62.3255202148941,-64.9144463725805,-68.450421561399));
#5932=CARTESIAN_POINT('',(-62.3255202148941,-61.7493705936193,-68.450421561399));
#5933=CARTESIAN_POINT('',(-62.3255202148941,-30.2480071972782,-68.450421561399));
#5934=CARTESIAN_POINT('',(-62.3255202148941,-64.9144463725805,-70.450421561399));
#5935=CARTESIAN_POINT('',(-62.3255202148941,-64.9144463725805,-68.450421561399));
#5936=CARTESIAN_POINT('',(-62.3255202148941,-61.7493705936193,-70.450421561399));
#5937=CARTESIAN_POINT('',(-62.3255202148941,-64.9144463725805,-70.450421561399));
#5938=CARTESIAN_POINT('',(-62.3255202148941,-61.7493705936193,-68.450421561399));
#5939=CARTESIAN_POINT('Ctrl Pts',(-62.7825465773132,-66.5413193889379,-68.450421561399));
#5940=CARTESIAN_POINT('Ctrl Pts',(-62.7825465773132,-66.5413193889379,-70.450421561399));
#5941=CARTESIAN_POINT('Ctrl Pts',(-62.6498107079936,-66.3255738123281,-68.450421561399));
#5942=CARTESIAN_POINT('Ctrl Pts',(-62.6498107079936,-66.3255738123281,-70.450421561399));
#5943=CARTESIAN_POINT('Ctrl Pts',(-62.3449219126424,-65.8300151566905,-68.450421561399));
#5944=CARTESIAN_POINT('Ctrl Pts',(-62.3449219126424,-65.8300151566905,-70.450421561399));
#5945=CARTESIAN_POINT('Ctrl Pts',(-62.3325218226941,-65.2448532072508,-68.450421561399));
#5946=CARTESIAN_POINT('Ctrl Pts',(-62.3325218226941,-65.2448532072508,-70.450421561399));
#5947=CARTESIAN_POINT('Ctrl Pts',(-62.3255202148941,-64.9144463725805,-68.450421561399));
#5948=CARTESIAN_POINT('Ctrl Pts',(-62.3255202148941,-64.9144463725805,-70.450421561399));
#5949=CARTESIAN_POINT('',(-62.7825465773132,-66.5413193889379,-68.450421561399));
#5950=CARTESIAN_POINT('Ctrl Pts',(-62.7825465773132,-66.5413193889379,-68.450421561399));
#5951=CARTESIAN_POINT('Ctrl Pts',(-62.6498107079936,-66.3255738123281,-68.450421561399));
#5952=CARTESIAN_POINT('Ctrl Pts',(-62.3449219126424,-65.8300151566905,-68.450421561399));
#5953=CARTESIAN_POINT('Ctrl Pts',(-62.3325218226941,-65.2448532072508,-68.450421561399));
#5954=CARTESIAN_POINT('Ctrl Pts',(-62.3255202148941,-64.9144463725805,-68.450421561399));
#5955=CARTESIAN_POINT('',(-62.7825465773132,-66.5413193889379,-70.450421561399));
#5956=CARTESIAN_POINT('',(-62.7825465773132,-66.5413193889379,-68.450421561399));
#5957=CARTESIAN_POINT('Ctrl Pts',(-62.7825465773132,-66.5413193889379,-70.450421561399));
#5958=CARTESIAN_POINT('Ctrl Pts',(-62.6498107079936,-66.3255738123281,-70.450421561399));
#5959=CARTESIAN_POINT('Ctrl Pts',(-62.3449219126424,-65.8300151566905,-70.450421561399));
#5960=CARTESIAN_POINT('Ctrl Pts',(-62.3325218226941,-65.2448532072508,-70.450421561399));
#5961=CARTESIAN_POINT('Ctrl Pts',(-62.3255202148941,-64.9144463725805,-70.450421561399));
#5962=CARTESIAN_POINT('Ctrl Pts',(-63.9489850376633,-67.0563273616552,-68.450421561399));
#5963=CARTESIAN_POINT('Ctrl Pts',(-63.9489850376633,-67.0563273616552,-70.450421561399));
#5964=CARTESIAN_POINT('Ctrl Pts',(-63.7236932690455,-67.0356114376158,-68.450421561399));
#5965=CARTESIAN_POINT('Ctrl Pts',(-63.7236932690455,-67.0356114376158,-70.450421561399));
#5966=CARTESIAN_POINT('Ctrl Pts',(-63.2769233360336,-66.9945302563008,-68.450421561399));
#5967=CARTESIAN_POINT('Ctrl Pts',(-63.2769233360336,-66.9945302563008,-70.450421561399));
#5968=CARTESIAN_POINT('Ctrl Pts',(-62.946398382452,-66.691527539738,-68.450421561399));
#5969=CARTESIAN_POINT('Ctrl Pts',(-62.946398382452,-66.691527539738,-70.450421561399));
#5970=CARTESIAN_POINT('Ctrl Pts',(-62.7825465773132,-66.5413193889379,-68.450421561399));
#5971=CARTESIAN_POINT('Ctrl Pts',(-62.7825465773132,-66.5413193889379,-70.450421561399));
#5972=CARTESIAN_POINT('',(-63.9489850376633,-67.0563273616552,-68.450421561399));
#5973=CARTESIAN_POINT('Ctrl Pts',(-63.9489850376633,-67.0563273616552,-68.450421561399));
#5974=CARTESIAN_POINT('Ctrl Pts',(-63.7236932690455,-67.0356114376158,-68.450421561399));
#5975=CARTESIAN_POINT('Ctrl Pts',(-63.2769233360336,-66.9945302563008,-68.450421561399));
#5976=CARTESIAN_POINT('Ctrl Pts',(-62.946398382452,-66.691527539738,-68.450421561399));
#5977=CARTESIAN_POINT('Ctrl Pts',(-62.7825465773132,-66.5413193889379,-68.450421561399));
#5978=CARTESIAN_POINT('',(-63.9489850376633,-67.0563273616552,-70.450421561399));
#5979=CARTESIAN_POINT('',(-63.9489850376633,-67.0563273616552,-68.450421561399));
#5980=CARTESIAN_POINT('Ctrl Pts',(-63.9489850376633,-67.0563273616552,-70.450421561399));
#5981=CARTESIAN_POINT('Ctrl Pts',(-63.7236932690455,-67.0356114376158,-70.450421561399));
#5982=CARTESIAN_POINT('Ctrl Pts',(-63.2769233360336,-66.9945302563008,-70.450421561399));
#5983=CARTESIAN_POINT('Ctrl Pts',(-62.946398382452,-66.691527539738,-70.450421561399));
#5984=CARTESIAN_POINT('Ctrl Pts',(-62.7825465773132,-66.5413193889379,-70.450421561399));
#5985=CARTESIAN_POINT('Ctrl Pts',(-64.8459848736313,-66.7902999110937,-68.450421561399));
#5986=CARTESIAN_POINT('Ctrl Pts',(-64.8459848736313,-66.7902999110937,-70.450421561399));
#5987=CARTESIAN_POINT('Ctrl Pts',(-64.7057345266395,-66.86789095499,-68.450421561399));
#5988=CARTESIAN_POINT('Ctrl Pts',(-64.7057345266395,-66.86789095499,-70.450421561399));
#5989=CARTESIAN_POINT('Ctrl Pts',(-64.426252948784,-67.0225092346644,-68.450421561399));
#5990=CARTESIAN_POINT('Ctrl Pts',(-64.426252948784,-67.0225092346644,-70.450421561399));
#5991=CARTESIAN_POINT('Ctrl Pts',(-64.1076871297258,-67.0450820896015,-68.450421561399));
#5992=CARTESIAN_POINT('Ctrl Pts',(-64.1076871297258,-67.0450820896015,-70.450421561399));
#5993=CARTESIAN_POINT('Ctrl Pts',(-63.9489850376633,-67.0563273616552,-68.450421561399));
#5994=CARTESIAN_POINT('Ctrl Pts',(-63.9489850376633,-67.0563273616552,-70.450421561399));
#5995=CARTESIAN_POINT('',(-64.8459848736313,-66.7902999110937,-68.450421561399));
#5996=CARTESIAN_POINT('Ctrl Pts',(-64.8459848736313,-66.7902999110937,-68.450421561399));
#5997=CARTESIAN_POINT('Ctrl Pts',(-64.7057345266395,-66.86789095499,-68.450421561399));
#5998=CARTESIAN_POINT('Ctrl Pts',(-64.426252948784,-67.0225092346644,-68.450421561399));
#5999=CARTESIAN_POINT('Ctrl Pts',(-64.1076871297258,-67.0450820896015,-68.450421561399));
#6000=CARTESIAN_POINT('Ctrl Pts',(-63.9489850376633,-67.0563273616552,-68.450421561399));
#6001=CARTESIAN_POINT('',(-64.8459848736313,-66.7902999110937,-70.450421561399));
#6002=CARTESIAN_POINT('',(-64.8459848736313,-66.7902999110937,-68.450421561399));
#6003=CARTESIAN_POINT('Ctrl Pts',(-64.8459848736313,-66.7902999110937,-70.450421561399));
#6004=CARTESIAN_POINT('Ctrl Pts',(-64.7057345266395,-66.86789095499,-70.450421561399));
#6005=CARTESIAN_POINT('Ctrl Pts',(-64.426252948784,-67.0225092346644,-70.450421561399));
#6006=CARTESIAN_POINT('Ctrl Pts',(-64.1076871297258,-67.0450820896015,-70.450421561399));
#6007=CARTESIAN_POINT('Ctrl Pts',(-63.9489850376633,-67.0563273616552,-70.450421561399));
#6008=CARTESIAN_POINT('Ctrl Pts',(-65.4462572906998,-66.0126714893103,-68.450421561399));
#6009=CARTESIAN_POINT('Ctrl Pts',(-65.4462572906998,-66.0126714893103,-70.450421561399));
#6010=CARTESIAN_POINT('Ctrl Pts',(-65.3763820450944,-66.1716342021161,-68.450421561399));
#6011=CARTESIAN_POINT('Ctrl Pts',(-65.3763820450944,-66.1716342021161,-70.450421561399));
#6012=CARTESIAN_POINT('Ctrl Pts',(-65.240456480281,-66.4808581101712,-68.450421561399));
#6013=CARTESIAN_POINT('Ctrl Pts',(-65.240456480281,-66.4808581101712,-70.450421561399));
#6014=CARTESIAN_POINT('Ctrl Pts',(-64.974985301895,-66.6891059996212,-68.450421561399));
#6015=CARTESIAN_POINT('Ctrl Pts',(-64.974985301895,-66.6891059996212,-70.450421561399));
#6016=CARTESIAN_POINT('Ctrl Pts',(-64.8459848736313,-66.7902999110937,-68.450421561399));
#6017=CARTESIAN_POINT('Ctrl Pts',(-64.8459848736313,-66.7902999110937,-70.450421561399));
#6018=CARTESIAN_POINT('',(-65.4462572906998,-66.0126714893103,-68.450421561399));
#6019=CARTESIAN_POINT('Ctrl Pts',(-65.4462572906998,-66.0126714893103,-68.450421561399));
#6020=CARTESIAN_POINT('Ctrl Pts',(-65.3763820450944,-66.1716342021161,-68.450421561399));
#6021=CARTESIAN_POINT('Ctrl Pts',(-65.240456480281,-66.4808581101712,-68.450421561399));
#6022=CARTESIAN_POINT('Ctrl Pts',(-64.974985301895,-66.6891059996212,-68.450421561399));
#6023=CARTESIAN_POINT('Ctrl Pts',(-64.8459848736313,-66.7902999110937,-68.450421561399));
#6024=CARTESIAN_POINT('',(-65.4462572906998,-66.0126714893103,-70.450421561399));
#6025=CARTESIAN_POINT('',(-65.4462572906998,-66.0126714893103,-68.450421561399));
#6026=CARTESIAN_POINT('Ctrl Pts',(-65.4462572906998,-66.0126714893103,-70.450421561399));
#6027=CARTESIAN_POINT('Ctrl Pts',(-65.3763820450944,-66.1716342021161,-70.450421561399));
#6028=CARTESIAN_POINT('Ctrl Pts',(-65.240456480281,-66.4808581101712,-70.450421561399));
#6029=CARTESIAN_POINT('Ctrl Pts',(-64.974985301895,-66.6891059996212,-70.450421561399));
#6030=CARTESIAN_POINT('Ctrl Pts',(-64.8459848736313,-66.7902999110937,-70.450421561399));
#6031=CARTESIAN_POINT('Ctrl Pts',(-65.6338426445511,-64.5938449092627,-68.450421561399));
#6032=CARTESIAN_POINT('Ctrl Pts',(-65.6338426445511,-64.5938449092627,-70.450421561399));
#6033=CARTESIAN_POINT('Ctrl Pts',(-65.6308888685535,-64.8651010937752,-68.450421561399));
#6034=CARTESIAN_POINT('Ctrl Pts',(-65.6308888685535,-64.8651010937752,-70.450421561399));
#6035=CARTESIAN_POINT('Ctrl Pts',(-65.6256495568507,-65.3462464829907,-68.450421561399));
#6036=CARTESIAN_POINT('Ctrl Pts',(-65.6256495568507,-65.3462464829907,-70.450421561399));
#6037=CARTESIAN_POINT('Ctrl Pts',(-65.5007444327381,-65.8102569997875,-68.450421561399));
#6038=CARTESIAN_POINT('Ctrl Pts',(-65.5007444327381,-65.8102569997875,-70.450421561399));
#6039=CARTESIAN_POINT('Ctrl Pts',(-65.4462572906998,-66.0126714893103,-68.450421561399));
#6040=CARTESIAN_POINT('Ctrl Pts',(-65.4462572906998,-66.0126714893103,-70.450421561399));
#6041=CARTESIAN_POINT('',(-65.6338426445511,-64.5938449092627,-68.450421561399));
#6042=CARTESIAN_POINT('Ctrl Pts',(-65.6338426445511,-64.5938449092627,-68.450421561399));
#6043=CARTESIAN_POINT('Ctrl Pts',(-65.6308888685535,-64.8651010937752,-68.450421561399));
#6044=CARTESIAN_POINT('Ctrl Pts',(-65.6256495568507,-65.3462464829907,-68.450421561399));
#6045=CARTESIAN_POINT('Ctrl Pts',(-65.5007444327381,-65.8102569997875,-68.450421561399));
#6046=CARTESIAN_POINT('Ctrl Pts',(-65.4462572906998,-66.0126714893103,-68.450421561399));
#6047=CARTESIAN_POINT('',(-65.6338426445511,-64.5938449092627,-70.450421561399));
#6048=CARTESIAN_POINT('',(-65.6338426445511,-64.5938449092627,-68.450421561399));
#6049=CARTESIAN_POINT('Ctrl Pts',(-65.6338426445511,-64.5938449092627,-70.450421561399));
#6050=CARTESIAN_POINT('Ctrl Pts',(-65.6308888685535,-64.8651010937752,-70.450421561399));
#6051=CARTESIAN_POINT('Ctrl Pts',(-65.6256495568507,-65.3462464829907,-70.450421561399));
#6052=CARTESIAN_POINT('Ctrl Pts',(-65.5007444327381,-65.8102569997875,-70.450421561399));
#6053=CARTESIAN_POINT('Ctrl Pts',(-65.4462572906998,-66.0126714893103,-70.450421561399));
#6054=CARTESIAN_POINT('Origin',(-65.6338426445511,-61.7493705936193,-68.450421561399));
#6055=CARTESIAN_POINT('',(-65.6338426445511,-61.7493705936193,-68.450421561399));
#6056=CARTESIAN_POINT('',(-65.6338426445511,-28.6654693077976,-68.450421561399));
#6057=CARTESIAN_POINT('',(-65.6338426445511,-61.7493705936193,-70.450421561399));
#6058=CARTESIAN_POINT('',(-65.6338426445511,-61.7493705936193,-68.450421561399));
#6059=CARTESIAN_POINT('',(-65.6338426445511,-61.7493705936193,-70.450421561399));
#6060=CARTESIAN_POINT('Origin',(-62.3255202148941,-61.7493705936193,-68.450421561399));
#6061=CARTESIAN_POINT('',(-27.4127601074471,-61.7493705936193,-68.450421561399));
#6062=CARTESIAN_POINT('',(-62.3255202148941,-61.7493705936193,-70.450421561399));
#6063=CARTESIAN_POINT('Origin',(-66.7798182343033,-61.7493705936193,-68.450421561399));
#6064=CARTESIAN_POINT('',(-66.7798182343033,-61.7493705936193,-70.450421561399));
#6065=CARTESIAN_POINT('',(-66.7798182343033,-61.7493705936193,-68.450421561399));
#6066=CARTESIAN_POINT('',(-71.2204727505234,-61.7493705936193,-70.450421561399));
#6067=CARTESIAN_POINT('',(-66.7798182343033,-61.7493705936193,-70.450421561399));
#6068=CARTESIAN_POINT('',(-71.2204727505234,-61.7493705936193,-68.450421561399));
#6069=CARTESIAN_POINT('Origin',(-66.7798182343033,-63.2841592021704,-68.450421561399));
#6070=CARTESIAN_POINT('',(-66.7798182343033,-63.2841592021704,-70.450421561399));
#6071=CARTESIAN_POINT('',(-66.7798182343033,-63.2841592021704,-68.450421561399));
#6072=CARTESIAN_POINT('',(-66.7798182343033,-63.2841592021704,-70.450421561399));
#6073=CARTESIAN_POINT('Ctrl Pts',(-66.8275675152328,-64.0208583064795,-68.450421561399));
#6074=CARTESIAN_POINT('Ctrl Pts',(-66.8275675152328,-64.0208583064795,-70.450421561399));
#6075=CARTESIAN_POINT('Ctrl Pts',(-66.813762821622,-63.922087291117,-68.450421561399));
#6076=CARTESIAN_POINT('Ctrl Pts',(-66.813762821622,-63.922087291117,-70.450421561399));
#6077=CARTESIAN_POINT('Ctrl Pts',(-66.7796291093634,-63.6778644555426,-68.450421561399));
#6078=CARTESIAN_POINT('Ctrl Pts',(-66.7796291093634,-63.6778644555426,-70.450421561399));
#6079=CARTESIAN_POINT('Ctrl Pts',(-66.7797476406264,-63.4311155024574,-68.450421561399));
#6080=CARTESIAN_POINT('Ctrl Pts',(-66.7797476406264,-63.4311155024574,-70.450421561399));
#6081=CARTESIAN_POINT('Ctrl Pts',(-66.7798182343033,-63.2841592021704,-68.450421561399));
#6082=CARTESIAN_POINT('Ctrl Pts',(-66.7798182343033,-63.2841592021704,-70.450421561399));
#6083=CARTESIAN_POINT('',(-66.8275675152328,-64.0208583064795,-70.450421561399));
#6084=CARTESIAN_POINT('',(-66.8275675152328,-64.0208583064795,-68.450421561399));
#6085=CARTESIAN_POINT('Ctrl Pts',(-66.8275675152328,-64.0208583064795,-70.450421561399));
#6086=CARTESIAN_POINT('Ctrl Pts',(-66.813762821622,-63.922087291117,-70.450421561399));
#6087=CARTESIAN_POINT('Ctrl Pts',(-66.7796291093634,-63.6778644555426,-70.450421561399));
#6088=CARTESIAN_POINT('Ctrl Pts',(-66.7797476406264,-63.4311155024574,-70.450421561399));
#6089=CARTESIAN_POINT('Ctrl Pts',(-66.7798182343033,-63.2841592021704,-70.450421561399));
#6090=CARTESIAN_POINT('Ctrl Pts',(-67.0935973499802,-64.6245389171362,-68.450421561399));
#6091=CARTESIAN_POINT('Ctrl Pts',(-67.0935973499802,-64.6245389171362,-70.450421561399));
#6092=CARTESIAN_POINT('Ctrl Pts',(-67.0351440788516,-64.5267273956568,-68.450421561399));
#6093=CARTESIAN_POINT('Ctrl Pts',(-67.0351440788516,-64.5267273956568,-70.450421561399));
#6094=CARTESIAN_POINT('Ctrl Pts',(-66.9214382097063,-64.3364601300699,-68.450421561399));
#6095=CARTESIAN_POINT('Ctrl Pts',(-66.9214382097063,-64.3364601300699,-70.450421561399));
#6096=CARTESIAN_POINT('Ctrl Pts',(-66.8582649986701,-64.1240660414045,-68.450421561399));
#6097=CARTESIAN_POINT('Ctrl Pts',(-66.8582649986701,-64.1240660414045,-70.450421561399));
#6098=CARTESIAN_POINT('Ctrl Pts',(-66.8275675152328,-64.0208583064795,-68.450421561399));
#6099=CARTESIAN_POINT('Ctrl Pts',(-66.8275675152328,-64.0208583064795,-70.450421561399));
#6100=CARTESIAN_POINT('',(-67.0935973499802,-64.6245389171362,-70.450421561399));
#6101=CARTESIAN_POINT('',(-67.0935973499802,-64.6245389171362,-68.450421561399));
#6102=CARTESIAN_POINT('Ctrl Pts',(-67.0935973499802,-64.6245389171362,-70.450421561399));
#6103=CARTESIAN_POINT('Ctrl Pts',(-67.0351440788516,-64.5267273956568,-70.450421561399));
#6104=CARTESIAN_POINT('Ctrl Pts',(-66.9214382097063,-64.3364601300699,-70.450421561399));
#6105=CARTESIAN_POINT('Ctrl Pts',(-66.8582649986701,-64.1240660414045,-70.450421561399));
#6106=CARTESIAN_POINT('Ctrl Pts',(-66.8275675152328,-64.0208583064795,-70.450421561399));
#6107=CARTESIAN_POINT('Ctrl Pts',(-67.7620825146225,-65.2964358516455,-68.450421561399));
#6108=CARTESIAN_POINT('Ctrl Pts',(-67.7620825146225,-65.2964358516455,-70.450421561399));
#6109=CARTESIAN_POINT('Ctrl Pts',(-67.6210043241224,-65.1835542510202,-68.450421561399));
#6110=CARTESIAN_POINT('Ctrl Pts',(-67.6210043241224,-65.1835542510202,-70.450421561399));
#6111=CARTESIAN_POINT('Ctrl Pts',(-67.3724292966442,-64.9846606667057,-68.450421561399));
#6112=CARTESIAN_POINT('Ctrl Pts',(-67.3724292966442,-64.9846606667057,-70.450421561399));
#6113=CARTESIAN_POINT('Ctrl Pts',(-67.1777757288605,-64.7332584001114,-68.450421561399));
#6114=CARTESIAN_POINT('Ctrl Pts',(-67.1777757288605,-64.7332584001114,-70.450421561399));
#6115=CARTESIAN_POINT('Ctrl Pts',(-67.0935973499802,-64.6245389171362,-68.450421561399));
#6116=CARTESIAN_POINT('Ctrl Pts',(-67.0935973499802,-64.6245389171362,-70.450421561399));
#6117=CARTESIAN_POINT('',(-67.7620825146225,-65.2964358516455,-70.450421561399));
#6118=CARTESIAN_POINT('',(-67.7620825146225,-65.2964358516455,-68.450421561399));
#6119=CARTESIAN_POINT('Ctrl Pts',(-67.7620825146225,-65.2964358516455,-70.450421561399));
#6120=CARTESIAN_POINT('Ctrl Pts',(-67.6210043241224,-65.1835542510202,-70.450421561399));
#6121=CARTESIAN_POINT('Ctrl Pts',(-67.3724292966442,-64.9846606667057,-70.450421561399));
#6122=CARTESIAN_POINT('Ctrl Pts',(-67.1777757288605,-64.7332584001114,-70.450421561399));
#6123=CARTESIAN_POINT('Ctrl Pts',(-67.0935973499802,-64.6245389171362,-70.450421561399));
#6124=CARTESIAN_POINT('Ctrl Pts',(-69.1399821613815,-66.2514167018652,-68.450421561399));
#6125=CARTESIAN_POINT('Ctrl Pts',(-69.1399821613815,-66.2514167018652,-70.450421561399));
#6126=CARTESIAN_POINT('Ctrl Pts',(-68.8727984735107,-66.0784830349843,-68.450421561399));
#6127=CARTESIAN_POINT('Ctrl Pts',(-68.8727984735107,-66.0784830349843,-70.450421561399));
#6128=CARTESIAN_POINT('Ctrl Pts',(-68.4033834244958,-65.7746558576514,-68.450421561399));
#6129=CARTESIAN_POINT('Ctrl Pts',(-68.4033834244958,-65.7746558576514,-70.450421561399));
#6130=CARTESIAN_POINT('Ctrl Pts',(-67.9551769076617,-65.4404269178942,-68.450421561399));
#6131=CARTESIAN_POINT('Ctrl Pts',(-67.9551769076617,-65.4404269178942,-70.450421561399));
#6132=CARTESIAN_POINT('Ctrl Pts',(-67.7620825146225,-65.2964358516455,-68.450421561399));
#6133=CARTESIAN_POINT('Ctrl Pts',(-67.7620825146225,-65.2964358516455,-70.450421561399));
#6134=CARTESIAN_POINT('',(-69.1399821613815,-66.2514167018652,-70.450421561399));
#6135=CARTESIAN_POINT('',(-69.1399821613815,-66.2514167018652,-68.450421561399));
#6136=CARTESIAN_POINT('Ctrl Pts',(-69.1399821613815,-66.2514167018652,-70.450421561399));
#6137=CARTESIAN_POINT('Ctrl Pts',(-68.8727984735107,-66.0784830349843,-70.450421561399));
#6138=CARTESIAN_POINT('Ctrl Pts',(-68.4033834244958,-65.7746558576514,-70.450421561399));
#6139=CARTESIAN_POINT('Ctrl Pts',(-67.9551769076617,-65.4404269178942,-70.450421561399));
#6140=CARTESIAN_POINT('Ctrl Pts',(-67.7620825146225,-65.2964358516455,-70.450421561399));
#6141=CARTESIAN_POINT('Origin',(-71.2204727505234,-67.5747447200537,-68.450421561399));
#6142=CARTESIAN_POINT('',(-71.2204727505234,-67.5747447200537,-70.450421561399));
#6143=CARTESIAN_POINT('',(-71.2204727505234,-67.5747447200537,-68.450421561399));
#6144=CARTESIAN_POINT('',(-71.2204727505234,-67.5747447200537,-70.450421561399));
#6145=CARTESIAN_POINT('Origin',(-71.2204727505234,-69.2391400523901,-68.450421561399));
#6146=CARTESIAN_POINT('',(-71.2204727505234,-69.2391400523901,-70.450421561399));
#6147=CARTESIAN_POINT('',(-71.2204727505234,-69.2391400523901,-68.450421561399));
#6148=CARTESIAN_POINT('',(-71.2204727505234,-69.2391400523901,-70.450421561399));
#6149=CARTESIAN_POINT('Origin',(-68.4987816189316,-67.4997096248388,-68.450421561399));
#6150=CARTESIAN_POINT('',(-68.4987816189316,-67.4997096248388,-70.450421561399));
#6151=CARTESIAN_POINT('',(-68.4987816189316,-67.4997096248388,-68.450421561399));
#6152=CARTESIAN_POINT('',(-68.4987816189316,-67.4997096248388,-70.450421561399));
#6153=CARTESIAN_POINT('Ctrl Pts',(-67.1686312531021,-66.4014845081091,-68.450421561399));
#6154=CARTESIAN_POINT('Ctrl Pts',(-67.1686312531021,-66.4014845081091,-70.450421561399));
#6155=CARTESIAN_POINT('Ctrl Pts',(-67.3629118775487,-66.5959473574947,-68.450421561399));
#6156=CARTESIAN_POINT('Ctrl Pts',(-67.3629118775487,-66.5959473574947,-70.450421561399));
#6157=CARTESIAN_POINT('Ctrl Pts',(-67.7710414221405,-67.0044597059896,-68.450421561399));
#6158=CARTESIAN_POINT('Ctrl Pts',(-67.7710414221405,-67.0044597059896,-70.450421561399));
#6159=CARTESIAN_POINT('Ctrl Pts',(-68.2485696517121,-67.3294325712873,-68.450421561399));
#6160=CARTESIAN_POINT('Ctrl Pts',(-68.2485696517121,-67.3294325712873,-70.450421561399));
#6161=CARTESIAN_POINT('Ctrl Pts',(-68.4987816189316,-67.4997096248388,-68.450421561399));
#6162=CARTESIAN_POINT('Ctrl Pts',(-68.4987816189316,-67.4997096248388,-70.450421561399));
#6163=CARTESIAN_POINT('',(-67.1686312531021,-66.4014845081091,-70.450421561399));
#6164=CARTESIAN_POINT('',(-67.1686312531021,-66.4014845081091,-68.450421561399));
#6165=CARTESIAN_POINT('Ctrl Pts',(-67.1686312531021,-66.4014845081091,-70.450421561399));
#6166=CARTESIAN_POINT('Ctrl Pts',(-67.3629118775487,-66.5959473574947,-70.450421561399));
#6167=CARTESIAN_POINT('Ctrl Pts',(-67.7710414221405,-67.0044597059896,-70.450421561399));
#6168=CARTESIAN_POINT('Ctrl Pts',(-68.2485696517121,-67.3294325712873,-70.450421561399));
#6169=CARTESIAN_POINT('Ctrl Pts',(-68.4987816189316,-67.4997096248388,-70.450421561399));
#6170=CARTESIAN_POINT('Ctrl Pts',(-66.670677361348,-65.6033950038671,-68.450421561399));
#6171=CARTESIAN_POINT('Ctrl Pts',(-66.670677361348,-65.6033950038671,-70.450421561399));
#6172=CARTESIAN_POINT('Ctrl Pts',(-66.7485719321511,-65.7610401972168,-68.450421561399));
#6173=CARTESIAN_POINT('Ctrl Pts',(-66.7485719321511,-65.7610401972168,-70.450421561399));
#6174=CARTESIAN_POINT('Ctrl Pts',(-66.8882689228131,-66.0437628424053,-68.450421561399));
#6175=CARTESIAN_POINT('Ctrl Pts',(-66.8882689228131,-66.0437628424053,-70.450421561399));
#6176=CARTESIAN_POINT('Ctrl Pts',(-67.0826405774751,-66.291766745068,-68.450421561399));
#6177=CARTESIAN_POINT('Ctrl Pts',(-67.0826405774751,-66.291766745068,-70.450421561399));
#6178=CARTESIAN_POINT('Ctrl Pts',(-67.1686312531021,-66.4014845081091,-68.450421561399));
#6179=CARTESIAN_POINT('Ctrl Pts',(-67.1686312531021,-66.4014845081091,-70.450421561399));
#6180=CARTESIAN_POINT('',(-66.670677361348,-65.6033950038671,-70.450421561399));
#6181=CARTESIAN_POINT('',(-66.670677361348,-65.6033950038671,-68.450421561399));
#6182=CARTESIAN_POINT('Ctrl Pts',(-66.670677361348,-65.6033950038671,-70.450421561399));
#6183=CARTESIAN_POINT('Ctrl Pts',(-66.7485719321511,-65.7610401972168,-70.450421561399));
#6184=CARTESIAN_POINT('Ctrl Pts',(-66.8882689228131,-66.0437628424053,-70.450421561399));
#6185=CARTESIAN_POINT('Ctrl Pts',(-67.0826405774751,-66.291766745068,-70.450421561399));
#6186=CARTESIAN_POINT('Ctrl Pts',(-67.1686312531021,-66.4014845081091,-70.450421561399));
#6187=CARTESIAN_POINT('Ctrl Pts',(-65.7429823254135,-67.7316336818457,-68.450421561399));
#6188=CARTESIAN_POINT('Ctrl Pts',(-65.7429823254135,-67.7316336818457,-70.450421561399));
#6189=CARTESIAN_POINT('Ctrl Pts',(-65.9663928105949,-67.4506157792078,-68.450421561399));
#6190=CARTESIAN_POINT('Ctrl Pts',(-65.9663928105949,-67.4506157792078,-70.450421561399));
#6191=CARTESIAN_POINT('Ctrl Pts',(-66.462561326777,-66.8265079372717,-68.450421561399));
#6192=CARTESIAN_POINT('Ctrl Pts',(-66.462561326777,-66.8265079372717,-70.450421561399));
#6193=CARTESIAN_POINT('Ctrl Pts',(-66.5968532489965,-66.0372646324152,-68.450421561399));
#6194=CARTESIAN_POINT('Ctrl Pts',(-66.5968532489965,-66.0372646324152,-70.450421561399));
#6195=CARTESIAN_POINT('Ctrl Pts',(-66.670677361348,-65.6033950038671,-68.450421561399));
#6196=CARTESIAN_POINT('Ctrl Pts',(-66.670677361348,-65.6033950038671,-70.450421561399));
#6197=CARTESIAN_POINT('',(-65.7429823254135,-67.7316336818457,-70.450421561399));
#6198=CARTESIAN_POINT('',(-65.7429823254135,-67.7316336818457,-68.450421561399));
#6199=CARTESIAN_POINT('Ctrl Pts',(-65.7429823254135,-67.7316336818457,-70.450421561399));
#6200=CARTESIAN_POINT('Ctrl Pts',(-65.9663928105949,-67.4506157792078,-70.450421561399));
#6201=CARTESIAN_POINT('Ctrl Pts',(-66.462561326777,-66.8265079372717,-70.450421561399));
#6202=CARTESIAN_POINT('Ctrl Pts',(-66.5968532489965,-66.0372646324152,-70.450421561399));
#6203=CARTESIAN_POINT('Ctrl Pts',(-66.670677361348,-65.6033950038671,-70.450421561399));
#6204=CARTESIAN_POINT('Ctrl Pts',(-63.9489850376633,-68.4205846973181,-68.450421561399));
#6205=CARTESIAN_POINT('Ctrl Pts',(-63.9489850376633,-68.4205846973181,-70.450421561399));
#6206=CARTESIAN_POINT('Ctrl Pts',(-64.2877118215436,-68.3937948681126,-68.450421561399));
#6207=CARTESIAN_POINT('Ctrl Pts',(-64.2877118215436,-68.3937948681126,-70.450421561399));
#6208=CARTESIAN_POINT('Ctrl Pts',(-64.9543142064121,-68.3410734274458,-68.450421561399));
#6209=CARTESIAN_POINT('Ctrl Pts',(-64.9543142064121,-68.3410734274458,-70.450421561399));
#6210=CARTESIAN_POINT('Ctrl Pts',(-65.4829614529806,-67.9325636427865,-68.450421561399));
#6211=CARTESIAN_POINT('Ctrl Pts',(-65.4829614529806,-67.9325636427865,-70.450421561399));
#6212=CARTESIAN_POINT('Ctrl Pts',(-65.7429823254135,-67.7316336818457,-68.450421561399));
#6213=CARTESIAN_POINT('Ctrl Pts',(-65.7429823254135,-67.7316336818457,-70.450421561399));
#6214=CARTESIAN_POINT('',(-63.9489850376633,-68.4205846973181,-70.450421561399));
#6215=CARTESIAN_POINT('',(-63.9489850376633,-68.4205846973181,-68.450421561399));
#6216=CARTESIAN_POINT('Ctrl Pts',(-63.9489850376633,-68.4205846973181,-70.450421561399));
#6217=CARTESIAN_POINT('Ctrl Pts',(-64.2877118215436,-68.3937948681126,-70.450421561399));
#6218=CARTESIAN_POINT('Ctrl Pts',(-64.9543142064121,-68.3410734274458,-70.450421561399));
#6219=CARTESIAN_POINT('Ctrl Pts',(-65.4829614529806,-67.9325636427865,-70.450421561399));
#6220=CARTESIAN_POINT('Ctrl Pts',(-65.7429823254135,-67.7316336818457,-70.450421561399));
#6221=CARTESIAN_POINT('Ctrl Pts',(-62.4414822433975,-68.0044846721411,-68.450421561399));
#6222=CARTESIAN_POINT('Ctrl Pts',(-62.4414822433975,-68.0044846721411,-70.450421561399));
#6223=CARTESIAN_POINT('Ctrl Pts',(-62.6759882890554,-68.1258437580722,-68.450421561399));
#6224=CARTESIAN_POINT('Ctrl Pts',(-62.6759882890554,-68.1258437580722,-70.450421561399));
#6225=CARTESIAN_POINT('Ctrl Pts',(-63.149060532786,-68.3706630970256,-68.450421561399));
#6226=CARTESIAN_POINT('Ctrl Pts',(-63.149060532786,-68.3706630970256,-70.450421561399));
#6227=CARTESIAN_POINT('Ctrl Pts',(-63.6808222506865,-68.4038492236788,-68.450421561399));
#6228=CARTESIAN_POINT('Ctrl Pts',(-63.6808222506865,-68.4038492236788,-70.450421561399));
#6229=CARTESIAN_POINT('Ctrl Pts',(-63.9489850376633,-68.4205846973181,-68.450421561399));
#6230=CARTESIAN_POINT('Ctrl Pts',(-63.9489850376633,-68.4205846973181,-70.450421561399));
#6231=CARTESIAN_POINT('',(-62.4414822433975,-68.0044846721411,-70.450421561399));
#6232=CARTESIAN_POINT('',(-62.4414822433975,-68.0044846721411,-68.450421561399));
#6233=CARTESIAN_POINT('Ctrl Pts',(-62.4414822433975,-68.0044846721411,-70.450421561399));
#6234=CARTESIAN_POINT('Ctrl Pts',(-62.6759882890554,-68.1258437580722,-70.450421561399));
#6235=CARTESIAN_POINT('Ctrl Pts',(-63.149060532786,-68.3706630970256,-70.450421561399));
#6236=CARTESIAN_POINT('Ctrl Pts',(-63.6808222506865,-68.4038492236788,-70.450421561399));
#6237=CARTESIAN_POINT('Ctrl Pts',(-63.9489850376633,-68.4205846973181,-70.450421561399));
#6238=CARTESIAN_POINT('Ctrl Pts',(-61.4899131630447,-66.8926172443151,-68.450421561399));
#6239=CARTESIAN_POINT('Ctrl Pts',(-61.4899131630447,-66.8926172443151,-70.450421561399));
#6240=CARTESIAN_POINT('Ctrl Pts',(-61.5989659478287,-67.1141190606597,-68.450421561399));
#6241=CARTESIAN_POINT('Ctrl Pts',(-61.5989659478287,-67.1141190606597,-70.450421561399));
#6242=CARTESIAN_POINT('Ctrl Pts',(-61.8211943814569,-67.5654968204264,-68.450421561399));
#6243=CARTESIAN_POINT('Ctrl Pts',(-61.8211943814569,-67.5654968204264,-70.450421561399));
#6244=CARTESIAN_POINT('Ctrl Pts',(-62.2321780491019,-67.8563566750507,-68.450421561399));
#6245=CARTESIAN_POINT('Ctrl Pts',(-62.2321780491019,-67.8563566750507,-70.450421561399));
#6246=CARTESIAN_POINT('Ctrl Pts',(-62.4414822433975,-68.0044846721411,-68.450421561399));
#6247=CARTESIAN_POINT('Ctrl Pts',(-62.4414822433975,-68.0044846721411,-70.450421561399));
#6248=CARTESIAN_POINT('',(-61.4899131630447,-66.8926172443151,-70.450421561399));
#6249=CARTESIAN_POINT('',(-61.4899131630447,-66.8926172443151,-68.450421561399));
#6250=CARTESIAN_POINT('Ctrl Pts',(-61.4899131630447,-66.8926172443151,-70.450421561399));
#6251=CARTESIAN_POINT('Ctrl Pts',(-61.5989659478287,-67.1141190606597,-70.450421561399));
#6252=CARTESIAN_POINT('Ctrl Pts',(-61.8211943814569,-67.5654968204264,-70.450421561399));
#6253=CARTESIAN_POINT('Ctrl Pts',(-62.2321780491019,-67.8563566750507,-70.450421561399));
#6254=CARTESIAN_POINT('Ctrl Pts',(-62.4414822433975,-68.0044846721411,-70.450421561399));
#6255=CARTESIAN_POINT('Ctrl Pts',(-61.2204727505234,-64.85987474401,-68.450421561399));
#6256=CARTESIAN_POINT('Ctrl Pts',(-61.2204727505234,-64.85987474401,-70.450421561399));
#6257=CARTESIAN_POINT('Ctrl Pts',(-61.2235126674304,-65.2549236451497,-68.450421561399));
#6258=CARTESIAN_POINT('Ctrl Pts',(-61.2235126674304,-65.2549236451497,-70.450421561399));
#6259=CARTESIAN_POINT('Ctrl Pts',(-61.2288213006194,-65.9448009582476,-68.450421561399));
#6260=CARTESIAN_POINT('Ctrl Pts',(-61.2288213006194,-65.9448009582476,-70.450421561399));
#6261=CARTESIAN_POINT('Ctrl Pts',(-61.4117402660915,-66.6088338120278,-68.450421561399));
#6262=CARTESIAN_POINT('Ctrl Pts',(-61.4117402660915,-66.6088338120278,-70.450421561399));
#6263=CARTESIAN_POINT('Ctrl Pts',(-61.4899131630447,-66.8926172443151,-68.450421561399));
#6264=CARTESIAN_POINT('Ctrl Pts',(-61.4899131630447,-66.8926172443151,-70.450421561399));
#6265=CARTESIAN_POINT('',(-61.2204727505234,-64.85987474401,-70.450421561399));
#6266=CARTESIAN_POINT('',(-61.2204727505234,-64.85987474401,-68.450421561399));
#6267=CARTESIAN_POINT('Ctrl Pts',(-61.2204727505234,-64.85987474401,-70.450421561399));
#6268=CARTESIAN_POINT('Ctrl Pts',(-61.2235126674304,-65.2549236451497,-70.450421561399));
#6269=CARTESIAN_POINT('Ctrl Pts',(-61.2288213006194,-65.9448009582476,-70.450421561399));
#6270=CARTESIAN_POINT('Ctrl Pts',(-61.4117402660915,-66.6088338120278,-70.450421561399));
#6271=CARTESIAN_POINT('Ctrl Pts',(-61.4899131630447,-66.8926172443151,-70.450421561399));
#6272=CARTESIAN_POINT('Origin',(-61.2204727505234,-60.426041383338,-68.450421561399));
#6273=CARTESIAN_POINT('',(-61.2204727505234,-60.426041383338,-70.450421561399));
#6274=CARTESIAN_POINT('',(-61.2204727505234,-60.426041383338,-68.450421561399));
#6275=CARTESIAN_POINT('',(-61.2204727505234,-60.426041383338,-70.450421561399));
#6276=CARTESIAN_POINT('Origin',(-71.2204727505234,-60.426041383338,-68.450421561399));
#6277=CARTESIAN_POINT('',(-71.2204727505234,-60.426041383338,-70.450421561399));
#6278=CARTESIAN_POINT('',(-71.2204727505234,-60.426041383338,-68.450421561399));
#6279=CARTESIAN_POINT('',(-71.2204727505234,-60.426041383338,-70.450421561399));
#6280=CARTESIAN_POINT('Origin',(-71.2204727505234,-61.7493705936193,-68.450421561399));
#6281=CARTESIAN_POINT('',(-71.2204727505234,-61.7493705936193,-70.450421561399));
#6282=CARTESIAN_POINT('Origin',(-66.2204727505234,-63.5229047127485,-70.450421561399));
#6283=CARTESIAN_POINT('Origin',(-70.0403913830307,-76.6879801936865,-68.450421561399));
#6284=CARTESIAN_POINT('',(-70.0403913830307,-76.6879801936865,-70.450421561399));
#6285=CARTESIAN_POINT('',(-70.0403913830307,-76.6879801936865,-68.450421561399));
#6286=CARTESIAN_POINT('',(-71.2204727505234,-76.6879801936865,-70.450421561399));
#6287=CARTESIAN_POINT('',(-70.0403913830307,-76.6879801936865,-70.450421561399));
#6288=CARTESIAN_POINT('',(-71.2204727505234,-76.6879801936865,-68.450421561399));
#6289=CARTESIAN_POINT('Origin',(-70.0403913830307,-71.7630105205297,-68.450421561399));
#6290=CARTESIAN_POINT('',(-70.0403913830307,-71.7630105205297,-70.450421561399));
#6291=CARTESIAN_POINT('',(-70.0403913830307,-71.7630105205297,-68.450421561399));
#6292=CARTESIAN_POINT('',(-70.0403913830307,-71.7630105205297,-70.450421561399));
#6293=CARTESIAN_POINT('Origin',(-61.2204727505234,-71.7630105205297,-68.450421561399));
#6294=CARTESIAN_POINT('',(-61.2204727505234,-71.7630105205297,-70.450421561399));
#6295=CARTESIAN_POINT('',(-61.2204727505234,-71.7630105205297,-68.450421561399));
#6296=CARTESIAN_POINT('',(-61.2204727505234,-71.7630105205297,-70.450421561399));
#6297=CARTESIAN_POINT('Origin',(-61.2204727505234,-70.4396825023413,-68.450421561399));
#6298=CARTESIAN_POINT('',(-61.2204727505234,-70.4396825023413,-70.450421561399));
#6299=CARTESIAN_POINT('',(-61.2204727505234,-70.4396825023413,-68.450421561399));
#6300=CARTESIAN_POINT('',(-61.2204727505234,-70.4396825023413,-70.450421561399));
#6301=CARTESIAN_POINT('Origin',(-71.2204727505234,-70.4396825023413,-68.450421561399));
#6302=CARTESIAN_POINT('',(-71.2204727505234,-70.4396825023413,-70.450421561399));
#6303=CARTESIAN_POINT('',(-71.2204727505234,-70.4396825023413,-68.450421561399));
#6304=CARTESIAN_POINT('',(-71.2204727505234,-70.4396825023413,-70.450421561399));
#6305=CARTESIAN_POINT('Origin',(-71.2204727505234,-76.6879801936865,-68.450421561399));
#6306=CARTESIAN_POINT('',(-71.2204727505234,-76.6879801936865,-70.450421561399));
#6307=CARTESIAN_POINT('Origin',(-66.2204727505234,-63.5229047127485,-70.450421561399));
#6308=CARTESIAN_POINT('Origin',(-66.506966051915,-51.6811578460455,-68.450421561399));
#6309=CARTESIAN_POINT('',(-66.506966051915,-51.6811578460455,-70.450421561399));
#6310=CARTESIAN_POINT('',(-66.506966051915,-51.6811578460455,-68.450421561399));
#6311=CARTESIAN_POINT('',(-71.2204727505234,-51.6811578460455,-70.450421561399));
#6312=CARTESIAN_POINT('',(-66.506966051915,-51.6811578460455,-70.450421561399));
#6313=CARTESIAN_POINT('',(-71.2204727505234,-51.6811578460455,-68.450421561399));
#6314=CARTESIAN_POINT('Origin',(-66.506966051915,-56.8789749332189,-68.450421561399));
#6315=CARTESIAN_POINT('',(-66.506966051915,-56.8789749332189,-70.450421561399));
#6316=CARTESIAN_POINT('',(-66.506966051915,-56.8789749332189,-68.450421561399));
#6317=CARTESIAN_POINT('',(-66.506966051915,-56.8789749332189,-70.450421561399));
#6318=CARTESIAN_POINT('Origin',(-71.2204727505234,-56.8789749332189,-68.450421561399));
#6319=CARTESIAN_POINT('',(-71.2204727505234,-56.8789749332189,-70.450421561399));
#6320=CARTESIAN_POINT('',(-71.2204727505234,-56.8789749332189,-68.450421561399));
#6321=CARTESIAN_POINT('',(-71.2204727505234,-56.8789749332189,-70.450421561399));
#6322=CARTESIAN_POINT('Origin',(-71.2204727505234,-58.2023041435003,-68.450421561399));
#6323=CARTESIAN_POINT('',(-71.2204727505234,-58.2023041435003,-70.450421561399));
#6324=CARTESIAN_POINT('',(-71.2204727505234,-58.2023041435003,-68.450421561399));
#6325=CARTESIAN_POINT('',(-71.2204727505234,-58.2023041435003,-70.450421561399));
#6326=CARTESIAN_POINT('Origin',(-61.2204727505234,-58.2023041435003,-68.450421561399));
#6327=CARTESIAN_POINT('',(-61.2204727505234,-58.2023041435003,-70.450421561399));
#6328=CARTESIAN_POINT('',(-61.2204727505234,-58.2023041435003,-68.450421561399));
#6329=CARTESIAN_POINT('',(-61.2204727505234,-58.2023041435003,-70.450421561399));
#6330=CARTESIAN_POINT('Origin',(-61.2204727505234,-56.8789749332189,-68.450421561399));
#6331=CARTESIAN_POINT('',(-61.2204727505234,-56.8789749332189,-70.450421561399));
#6332=CARTESIAN_POINT('',(-61.2204727505234,-56.8789749332189,-68.450421561399));
#6333=CARTESIAN_POINT('',(-61.2204727505234,-56.8789749332189,-70.450421561399));
#6334=CARTESIAN_POINT('Origin',(-65.3268846844223,-56.8789749332189,-68.450421561399));
#6335=CARTESIAN_POINT('',(-65.3268846844223,-56.8789749332189,-70.450421561399));
#6336=CARTESIAN_POINT('',(-65.3268846844223,-56.8789749332189,-68.450421561399));
#6337=CARTESIAN_POINT('',(-65.3268846844223,-56.8789749332189,-70.450421561399));
#6338=CARTESIAN_POINT('Origin',(-65.3268846844223,-51.6811578460455,-68.450421561399));
#6339=CARTESIAN_POINT('',(-65.3268846844223,-51.6811578460455,-70.450421561399));
#6340=CARTESIAN_POINT('',(-65.3268846844223,-51.6811578460455,-68.450421561399));
#6341=CARTESIAN_POINT('',(-65.3268846844223,-51.6811578460455,-70.450421561399));
#6342=CARTESIAN_POINT('Origin',(-61.2204727505234,-51.6811578460455,-68.450421561399));
#6343=CARTESIAN_POINT('',(-61.2204727505234,-51.6811578460455,-70.450421561399));
#6344=CARTESIAN_POINT('',(-61.2204727505234,-51.6811578460455,-68.450421561399));
#6345=CARTESIAN_POINT('',(-61.2204727505234,-51.6811578460455,-70.450421561399));
#6346=CARTESIAN_POINT('Origin',(-61.2204727505234,-50.3578292318106,-68.450421561399));
#6347=CARTESIAN_POINT('',(-61.2204727505234,-50.3578292318106,-70.450421561399));
#6348=CARTESIAN_POINT('',(-61.2204727505234,-50.3578292318106,-68.450421561399));
#6349=CARTESIAN_POINT('',(-61.2204727505234,-50.3578292318106,-70.450421561399));
#6350=CARTESIAN_POINT('Origin',(-71.2204727505234,-50.3578292318106,-68.450421561399));
#6351=CARTESIAN_POINT('',(-71.2204727505234,-50.3578292318106,-70.450421561399));
#6352=CARTESIAN_POINT('',(-71.2204727505234,-50.3578292318106,-68.450421561399));
#6353=CARTESIAN_POINT('',(-71.2204727505234,-50.3578292318106,-70.450421561399));
#6354=CARTESIAN_POINT('Origin',(-71.2204727505234,-51.6811578460455,-68.450421561399));
#6355=CARTESIAN_POINT('',(-71.2204727505234,-51.6811578460455,-70.450421561399));
#6356=CARTESIAN_POINT('Origin',(-66.2204727505234,-63.5229047127485,-70.450421561399));
#6357=CARTESIAN_POINT('Origin',(7.49999999999999,4.41843197802417,-68.450421561399));
#6358=CARTESIAN_POINT('Origin',(-72.5,-80.5815680219758,-103.450421561399));
#6359=CARTESIAN_POINT('',(87.5,-80.5815680219758,-74.4504215613992));
#6360=CARTESIAN_POINT('',(-32.5,-80.5815680219758,-74.4504215613992));
#6361=CARTESIAN_POINT('',(87.5,-80.5815680219758,-103.450421561399));
#6362=CARTESIAN_POINT('Origin',(91.5,-84.5815680219758,-69.450421561399));
#6363=CARTESIAN_POINT('',(91.5,-85.5815680219758,-69.450421561399));
#6364=CARTESIAN_POINT('',(92.5,-84.5815680219758,-69.450421561399));
#6365=CARTESIAN_POINT('Origin',(91.5,-84.5815680219758,-69.450421561399));
#6366=CARTESIAN_POINT('Origin',(91.5,-84.5815680219758,-69.450421561399));
#6367=CARTESIAN_POINT('Origin',(91.5,-84.5815680219758,-69.450421561399));
#6368=CARTESIAN_POINT('Origin',(50.,-84.5815680219758,-69.450421561399));
#6369=CARTESIAN_POINT('',(-76.5,-85.5815680219758,-69.450421561399));
#6370=CARTESIAN_POINT('Origin',(-76.5,-84.5815680219758,-69.450421561399));
#6371=CARTESIAN_POINT('',(50.,-85.5815680219758,-69.450421561399));
#6372=CARTESIAN_POINT('Origin',(-76.5,-84.5815680219758,-69.450421561399));
#6373=CARTESIAN_POINT('',(-77.5,-84.5815680219758,-69.450421561399));
#6374=CARTESIAN_POINT('Origin',(-76.5,-84.5815680219758,-69.450421561399));
#6375=CARTESIAN_POINT('Origin',(-76.5,-84.5815680219758,-69.450421561399));
#6376=CARTESIAN_POINT('Origin',(91.5,-84.5815680219758,-73.450421561399));
#6377=CARTESIAN_POINT('',(92.5,-84.5815680219758,-103.450421561399));
#6378=CARTESIAN_POINT('',(92.5,-84.5815680219758,-73.450421561399));
#6379=CARTESIAN_POINT('',(91.5,-85.5815680219758,-103.450421561399));
#6380=CARTESIAN_POINT('',(91.5,-85.5815680219758,-98.450421561399));
#6381=CARTESIAN_POINT('Origin',(91.5,-84.5815680219758,-103.450421561399));
#6382=CARTESIAN_POINT('Origin',(92.5,-85.5815680219758,-73.450421561399));
#6383=CARTESIAN_POINT('',(-76.5,-85.5815680219758,-103.450421561399));
#6384=CARTESIAN_POINT('',(-76.5,-85.5815680219758,-73.450421561399));
#6385=CARTESIAN_POINT('',(50.,-85.5815680219758,-103.450421561399));
#6386=CARTESIAN_POINT('Origin',(-76.5,-84.5815680219758,-73.450421561399));
#6387=CARTESIAN_POINT('',(-77.5,-84.5815680219758,-103.450421561399));
#6388=CARTESIAN_POINT('',(-77.5,-84.5815680219758,-73.450421561399));
#6389=CARTESIAN_POINT('Origin',(-76.5,-84.5815680219758,-103.450421561399));
#6390=CARTESIAN_POINT('Origin',(-92.5,-100.581568021976,-103.450421561399));
#6391=CARTESIAN_POINT('',(107.5,-100.581568021976,-103.450421561399));
#6392=CARTESIAN_POINT('',(-92.5,-100.581568021976,-103.450421561399));
#6393=CARTESIAN_POINT('',(-42.5,-100.581568021976,-103.450421561399));
#6394=CARTESIAN_POINT('',(-92.5,-100.581568021976,-103.450421561399));
#6395=CARTESIAN_POINT('',(107.5,-100.581568021976,-103.450421561399));
#6396=CARTESIAN_POINT('Origin',(-84.5,-92.5815680219759,-98.450421561399));
#6397=CARTESIAN_POINT('',(-82.5,-92.5815680219759,-103.450421561399));
#6398=CARTESIAN_POINT('Origin',(-84.5,-92.5815680219759,-103.450421561399));
#6399=CARTESIAN_POINT('',(-82.5,-92.5815680219759,-98.450421561399));
#6400=CARTESIAN_POINT('Origin',(-23.1666666666667,-92.5815680219759,-98.450421561399));
#6401=CARTESIAN_POINT('',(-21.1666666666667,-92.5815680219759,-103.450421561399));
#6402=CARTESIAN_POINT('Origin',(-23.1666666666667,-92.5815680219759,-103.450421561399));
#6403=CARTESIAN_POINT('',(-21.1666666666667,-92.5815680219759,-98.450421561399));
#6404=CARTESIAN_POINT('Origin',(99.5,-92.5815680219759,-98.450421561399));
#6405=CARTESIAN_POINT('',(101.5,-92.5815680219759,-103.450421561399));
#6406=CARTESIAN_POINT('Origin',(99.5,-92.5815680219759,-103.450421561399));
#6407=CARTESIAN_POINT('',(101.5,-92.5815680219759,-98.450421561399));
#6408=CARTESIAN_POINT('Origin',(38.1666666666667,-92.5815680219759,-98.450421561399));
#6409=CARTESIAN_POINT('',(40.1666666666667,-92.5815680219759,-103.450421561399));
#6410=CARTESIAN_POINT('Origin',(38.1666666666667,-92.5815680219759,-103.450421561399));
#6411=CARTESIAN_POINT('',(40.1666666666667,-92.5815680219759,-98.450421561399));
#6412=CARTESIAN_POINT('Origin',(-72.5,-78.0815680219758,-74.4504215613992));
#6413=CARTESIAN_POINT('',(87.5,-78.0815680219758,-74.4504215613992));
#6414=CARTESIAN_POINT('',(-32.5,-78.0815680219758,-74.4504215613992));
#6415=CARTESIAN_POINT('',(87.5,-78.0815680219758,-74.4504215613992));
#6416=CARTESIAN_POINT('Origin',(-84.5,-28.7482346886425,-98.450421561399));
#6417=CARTESIAN_POINT('',(-82.5,-28.7482346886425,-103.450421561399));
#6418=CARTESIAN_POINT('Origin',(-84.5,-28.7482346886425,-103.450421561399));
#6419=CARTESIAN_POINT('',(-82.5,-28.7482346886425,-98.450421561399));
#6420=CARTESIAN_POINT('Origin',(99.5,-28.7482346886425,-98.450421561399));
#6421=CARTESIAN_POINT('',(101.5,-28.7482346886425,-103.450421561399));
#6422=CARTESIAN_POINT('Origin',(99.5,-28.7482346886425,-103.450421561399));
#6423=CARTESIAN_POINT('',(101.5,-28.7482346886425,-98.450421561399));
#6424=CARTESIAN_POINT('Origin',(-32.5,-77.0815680219758,-74.4504215613992));
#6425=CARTESIAN_POINT('',(86.5,-77.0815680219758,-73.4504215613992));
#6426=CARTESIAN_POINT('',(-32.5,-77.0815680219758,-73.4504215613992));
#6427=CARTESIAN_POINT('Origin',(86.5,-77.0815680219758,-74.4504215613992));
#6428=CARTESIAN_POINT('Origin',(-76.5,-38.0815680219758,-69.450421561399));
#6429=CARTESIAN_POINT('',(-77.5,79.4184319780242,-69.450421561399));
#6430=CARTESIAN_POINT('Origin',(-77.5,-80.5815680219758,-73.450421561399));
#6431=CARTESIAN_POINT('',(-77.5,-78.0815680219758,-103.450421561399));
#6432=CARTESIAN_POINT('Origin',(-92.5,104.418431978024,-103.450421561399));
#6433=CARTESIAN_POINT('',(-92.5,54.4184319780242,-103.450421561399));
#6434=CARTESIAN_POINT('Origin',(7.49999999999999,4.41843197802417,-103.450421561399));
#6435=CARTESIAN_POINT('',(107.5,-45.5815680219758,-103.450421561399));
#6436=CARTESIAN_POINT('',(92.5,-78.0815680219758,-103.450421561399));
#6437=CARTESIAN_POINT('Origin',(86.5,-35.5815680219758,-74.4504215613991));
#6438=CARTESIAN_POINT('',(87.5,79.4184319780242,-74.4504215613988));
#6439=CARTESIAN_POINT('',(86.5,79.4184319780242,-73.4504215613988));
#6440=CARTESIAN_POINT('Origin',(87.5,-75.5815680219758,-103.450421561399));
#6441=CARTESIAN_POINT('Origin',(91.5,46.9184319780242,-69.450421561399));
#6442=CARTESIAN_POINT('',(92.5,79.4184319780242,-69.450421561399));
#6443=CARTESIAN_POINT('Origin',(7.88281552998175,0.594302989849407,-73.4504215613989));
#6444=CARTESIAN_POINT('',(-71.5,79.4184319780242,-73.4504215613988));
#6445=CARTESIAN_POINT('Origin',(92.5,89.4184319780242,-73.450421561399));
#6446=CARTESIAN_POINT('Origin',(107.5,-95.5815680219758,-103.450421561399));
#6447=CARTESIAN_POINT('Origin',(-37.6657007759661,1.18860597969892,-32.650421561399));
#6448=CARTESIAN_POINT('Origin',(-32.7863243115989,-29.8113940203012,-32.650421561399));
#6449=CARTESIAN_POINT('Origin',(-32.7863243115989,-29.8113940203011,-23.0504215613989));
#6450=CARTESIAN_POINT('Origin',(-32.786324311599,-29.8113940203011,-65.650421561399));
#6451=CARTESIAN_POINT('Origin',(2.09767568840107,-17.8113940203011,-65.650421561399));
#6452=CARTESIAN_POINT('Origin',(-71.5,44.4184319780242,-74.4504215613989));
#6453=CARTESIAN_POINT('',(0.,0.,0.));
#6454=UNCERTAINTY_MEASURE_WITH_UNIT(LENGTH_MEASURE(0.01),#6460,
'DISTANCE_ACCURACY_VALUE',
'Maximum model space distance between geometric entities at asserted c
onnectivities');
#6455=UNCERTAINTY_MEASURE_WITH_UNIT(LENGTH_MEASURE(0.01),#6460,
'DISTANCE_ACCURACY_VALUE',
'Maximum model space distance between geometric entities at asserted c
onnectivities');
#6456=UNCERTAINTY_MEASURE_WITH_UNIT(LENGTH_MEASURE(0.01),#6460,
'DISTANCE_ACCURACY_VALUE',
'Maximum model space distance between geometric entities at asserted c
onnectivities');
#6457=(
GEOMETRIC_REPRESENTATION_CONTEXT(3)
GLOBAL_UNCERTAINTY_ASSIGNED_CONTEXT((#6454))
GLOBAL_UNIT_ASSIGNED_CONTEXT((#6460,#6462,#6463))
REPRESENTATION_CONTEXT('','3D')
);
#6458=(
GEOMETRIC_REPRESENTATION_CONTEXT(3)
GLOBAL_UNCERTAINTY_ASSIGNED_CONTEXT((#6455))
GLOBAL_UNIT_ASSIGNED_CONTEXT((#6460,#6462,#6463))
REPRESENTATION_CONTEXT('','3D')
);
#6459=(
GEOMETRIC_REPRESENTATION_CONTEXT(3)
GLOBAL_UNCERTAINTY_ASSIGNED_CONTEXT((#6456))
GLOBAL_UNIT_ASSIGNED_CONTEXT((#6460,#6462,#6463))
REPRESENTATION_CONTEXT('','3D')
);
#6460=(
LENGTH_UNIT()
NAMED_UNIT(*)
SI_UNIT(.MILLI.,.METRE.)
);
#6461=(
LENGTH_UNIT()
NAMED_UNIT(*)
SI_UNIT($,.METRE.)
);
#6462=(
NAMED_UNIT(*)
PLANE_ANGLE_UNIT()
SI_UNIT($,.RADIAN.)
);
#6463=(
NAMED_UNIT(*)
SI_UNIT($,.STERADIAN.)
SOLID_ANGLE_UNIT()
);
#6464=SHAPE_DEFINITION_REPRESENTATION(#6466,#6469);
#6465=SHAPE_DEFINITION_REPRESENTATION(#6467,#6470);
#6466=PRODUCT_DEFINITION_SHAPE('',$,#6472);
#6467=PRODUCT_DEFINITION_SHAPE('',$,#6473);
#6468=PRODUCT_DEFINITION_SHAPE($,$,#14);
#6469=SHAPE_REPRESENTATION('',(#3826,#4117),#6457);
#6470=SHAPE_REPRESENTATION('',(#3827),#6458);
#6471=PRODUCT_DEFINITION_CONTEXT('part definition',#6479,'design');
#6472=PRODUCT_DEFINITION('DSSERVO 80 kg','c_base v40',#6474,#6471);
#6473=PRODUCT_DEFINITION('base','base',#6475,#6471);
#6474=PRODUCT_DEFINITION_FORMATION('',$,#6481);
#6475=PRODUCT_DEFINITION_FORMATION('',$,#6482);
#6476=PRODUCT_RELATED_PRODUCT_CATEGORY('c_base v40','c_base v40',(#6481));
#6477=PRODUCT_RELATED_PRODUCT_CATEGORY('base','base',(#6482));
#6478=APPLICATION_PROTOCOL_DEFINITION('international standard',
'automotive_design',2009,#6479);
#6479=APPLICATION_CONTEXT(
'Core Data for Automotive Mechanical Design Process');
#6480=PRODUCT_CONTEXT('part definition',#6479,'mechanical');
#6481=PRODUCT('DSSERVO 80 kg','c_base v40','STEP AP203',(#6480));
#6482=PRODUCT('base','base',$,(#6480));
#6483=PRESENTATION_STYLE_ASSIGNMENT((#6484));
#6484=SURFACE_STYLE_USAGE(.BOTH.,#6485);
#6485=SURFACE_SIDE_STYLE('',(#6486));
#6486=SURFACE_STYLE_FILL_AREA(#6487);
#6487=FILL_AREA_STYLE('Steel - Satin',(#6488));
#6488=FILL_AREA_STYLE_COLOUR('Steel - Satin',#6489);
#6489=COLOUR_RGB('Steel - Satin',0.627450980392157,0.627450980392157,0.627450980392157);
ENDSEC;
END-ISO-10303-21;
