ISO-10303-21;
HEADER;
/* Generated by software containing ST-Developer
 * from STEP Tools, Inc. (www.steptools.com) 
 */

FILE_DESCRIPTION(
/* description */ ('STEP AP203'),
/* implementation_level */ '2;1');

FILE_NAME(
/* name */ 'Joint1.1.step',
/* time_stamp */ '2025-12-11T15:20:11+05:30',
/* author */ (''),
/* organization */ (''),
/* preprocessor_version */ 'ST-DEVELOPER v20.1',
/* originating_system */ 'Autodesk Translation Framework v14.21.0.0',
/* authorisation */ '');

FILE_SCHEMA (('AUTOMOTIVE_DESIGN { 1 0 10303 214 3 1 1 }'));
ENDSEC;

DATA;
#10=MECHANICAL_DESIGN_GEOMETRIC_PRESENTATION_REPRESENTATION('',(#17),#8915);
#11=ITEM_DEFINED_TRANSFORMATION($,$,#4751,#5092);
#12=(
REPRESENTATION_RELATIONSHIP($,$,#8926,#8925)
REPRESENTATION_RELATIONSHIP_WITH_TRANSFORMATION(#11)
SHAPE_REPRESENTATION_RELATIONSHIP()
);
#13=CONTEXT_DEPENDENT_SHAPE_REPRESENTATION(#12,#8924);
#14=NEXT_ASSEMBLY_USAGE_OCCURRENCE('joint1:1','joint1:1','joint1:1',#8928,
#8929,'joint1:1');
#15=SHAPE_REPRESENTATION_RELATIONSHIP('SRR','None',#8926,#16);
#16=ADVANCED_BREP_SHAPE_REPRESENTATION('',(#18),#8914);
#17=STYLED_ITEM('',(#8939),#18);
#18=MANIFOLD_SOLID_BREP('Body2',#4737);
#19=ELLIPSE('',#5054,281.029702948289,48.75);
#20=B_SPLINE_SURFACE_WITH_KNOTS('',3,1,((#6652,#6653),(#6654,#6655),(#6656,
#6657),(#6658,#6659),(#6660,#6661),(#6662,#6663),(#6664,#6665),(#6666,#6667),
(#6668,#6669),(#6670,#6671),(#6672,#6673),(#6674,#6675),(#6676,#6677),(#6678,
#6679),(#6680,#6681),(#6682,#6683)),.UNSPECIFIED.,.F.,.F.,.F.,(4,3,3,3,
3,4),(2,2),(0.120212886832309,0.256144490473639,0.446678980947277,0.588409111440892,
0.796718220578634,1.),(0.,1.2),.UNSPECIFIED.);
#21=B_SPLINE_SURFACE_WITH_KNOTS('',3,1,((#6702,#6703),(#6704,#6705),(#6706,
#6707),(#6708,#6709)),.UNSPECIFIED.,.F.,.F.,.F.,(4,4),(2,2),(0.,0.120212886832309),
(0.,1.2),.UNSPECIFIED.);
#22=B_SPLINE_SURFACE_WITH_KNOTS('',3,1,((#6716,#6717),(#6718,#6719),(#6720,
#6721),(#6722,#6723)),.UNSPECIFIED.,.F.,.F.,.F.,(4,4),(2,2),(0.,1.),(0.,
1.2),.UNSPECIFIED.);
#23=B_SPLINE_SURFACE_WITH_KNOTS('',3,1,((#6800,#6801),(#6802,#6803),(#6804,
#6805),(#6806,#6807)),.UNSPECIFIED.,.F.,.F.,.F.,(4,4),(2,2),(0.,1.),(0.,
1.2),.UNSPECIFIED.);
#24=B_SPLINE_SURFACE_WITH_KNOTS('',3,1,((#7010,#7011),(#7012,#7013),(#7014,
#7015),(#7016,#7017)),.UNSPECIFIED.,.F.,.F.,.F.,(4,4),(2,2),(0.885732608838489,
1.),(0.,1.2),.UNSPECIFIED.);
#25=B_SPLINE_SURFACE_WITH_KNOTS('',3,1,((#7024,#7025),(#7026,#7027),(#7028,
#7029),(#7030,#7031),(#7032,#7033),(#7034,#7035),(#7036,#7037),(#7038,#7039),
(#7040,#7041),(#7042,#7043),(#7044,#7045),(#7046,#7047),(#7048,#7049),(#7050,
#7051),(#7052,#7053),(#7054,#7055)),.UNSPECIFIED.,.F.,.F.,.F.,(4,3,3,3,
3,4),(2,2),(0.,0.129636568991837,0.352575366554311,0.51840961940834,0.762145974947095,
0.885732608838489),(0.,1.2),.UNSPECIFIED.);
#26=B_SPLINE_SURFACE_WITH_KNOTS('',3,1,((#7208,#7209),(#7210,#7211),(#7212,
#7213),(#7214,#7215),(#7216,#7217),(#7218,#7219),(#7220,#7221),(#7222,#7223),
(#7224,#7225),(#7226,#7227),(#7228,#7229),(#7230,#7231),(#7232,#7233),(#7234,
#7235),(#7236,#7237),(#7238,#7239)),.UNSPECIFIED.,.F.,.F.,.F.,(4,3,3,3,
3,4),(2,2),(-0.949765435918929,-0.796718220578634,-0.588409111440892,-0.446678980947277,
-0.256144490473639,0.),(0.,1.5),.UNSPECIFIED.);
#27=B_SPLINE_SURFACE_WITH_KNOTS('',3,3,((#7274,#7275,#7276,#7277),(#7278,
#7279,#7280,#7281),(#7282,#7283,#7284,#7285),(#7286,#7287,#7288,#7289),
(#7290,#7291,#7292,#7293),(#7294,#7295,#7296,#7297),(#7298,#7299,#7300,
#7301)),.UNSPECIFIED.,.F.,.F.,.F.,(4,1,1,1,4),(4,4),(0.000915126389991829,
0.143641536905707,0.429094357937138,0.714547178968569,1.),(0.,1.),
 .UNSPECIFIED.);
#28=B_SPLINE_SURFACE_WITH_KNOTS('',3,1,((#7519,#7520),(#7521,#7522),(#7523,
#7524),(#7525,#7526),(#7527,#7528)),.UNSPECIFIED.,.F.,.F.,.F.,(4,1,4),(2,
2),(0.,0.0373726292320405,0.0858431457916252),(0.,0.15),.UNSPECIFIED.);
#29=B_SPLINE_SURFACE_WITH_KNOTS('',3,1,((#7542,#7543),(#7544,#7545),(#7546,
#7547),(#7548,#7549),(#7550,#7551)),.UNSPECIFIED.,.F.,.F.,.F.,(4,1,4),(2,
2),(0.,0.0329506498502525,0.0653437058562178),(0.,0.15),.UNSPECIFIED.);
#30=B_SPLINE_SURFACE_WITH_KNOTS('',3,1,((#7565,#7566),(#7567,#7568),(#7569,
#7570),(#7571,#7572),(#7573,#7574)),.UNSPECIFIED.,.F.,.F.,.F.,(4,1,4),(2,
2),(0.,0.023728583384253,0.0472846937868274),(0.,0.15),.UNSPECIFIED.);
#31=B_SPLINE_SURFACE_WITH_KNOTS('',3,1,((#7588,#7589),(#7590,#7591),(#7592,
#7593),(#7594,#7595),(#7596,#7597)),.UNSPECIFIED.,.F.,.F.,.F.,(4,1,4),(2,
2),(0.,0.0256004208376046,0.0497992574162293),(0.,0.15),.UNSPECIFIED.);
#32=B_SPLINE_SURFACE_WITH_KNOTS('',3,1,((#7611,#7612),(#7613,#7614),(#7615,
#7616),(#7617,#7618),(#7619,#7620)),.UNSPECIFIED.,.F.,.F.,.F.,(4,1,4),(2,
2),(0.,0.0404839665292606,0.0718094769834218),(0.,0.15),.UNSPECIFIED.);
#33=B_SPLINE_SURFACE_WITH_KNOTS('',3,1,((#7658,#7659),(#7660,#7661),(#7662,
#7663),(#7664,#7665),(#7666,#7667)),.UNSPECIFIED.,.F.,.F.,.F.,(4,1,4),(2,
2),(0.,0.0149439656281509,0.0369507087195354),(0.,0.15),.UNSPECIFIED.);
#34=B_SPLINE_SURFACE_WITH_KNOTS('',3,1,((#7681,#7682),(#7683,#7684),(#7685,
#7686),(#7687,#7688),(#7689,#7690)),.UNSPECIFIED.,.F.,.F.,.F.,(4,1,4),(2,
2),(0.,0.0170157259901263,0.0331001086397457),(0.,0.15),.UNSPECIFIED.);
#35=B_SPLINE_SURFACE_WITH_KNOTS('',3,1,((#7704,#7705),(#7706,#7707),(#7708,
#7709),(#7710,#7711),(#7712,#7713)),.UNSPECIFIED.,.F.,.F.,.F.,(4,1,4),(2,
2),(0.,0.0269789060671783,0.0475361933322879),(0.,0.15),.UNSPECIFIED.);
#36=B_SPLINE_SURFACE_WITH_KNOTS('',3,1,((#7727,#7728),(#7729,#7730),(#7731,
#7732),(#7733,#7734),(#7735,#7736)),.UNSPECIFIED.,.F.,.F.,.F.,(4,1,4),(2,
2),(0.,0.0477227363027167,0.0838441554997822),(0.,0.15),.UNSPECIFIED.);
#37=B_SPLINE_SURFACE_WITH_KNOTS('',3,1,((#7765,#7766),(#7767,#7768),(#7769,
#7770),(#7771,#7772),(#7773,#7774)),.UNSPECIFIED.,.F.,.F.,.F.,(4,1,4),(2,
2),(0.,0.041136987336128,0.0864170881203217),(0.,0.15),.UNSPECIFIED.);
#38=B_SPLINE_SURFACE_WITH_KNOTS('',3,1,((#7782,#7783),(#7784,#7785),(#7786,
#7787),(#7788,#7789),(#7790,#7791)),.UNSPECIFIED.,.F.,.F.,.F.,(4,1,4),(2,
2),(0.,0.0262876501294282,0.0471445898072135),(0.,0.15),.UNSPECIFIED.);
#39=B_SPLINE_SURFACE_WITH_KNOTS('',3,1,((#7799,#7800),(#7801,#7802),(#7803,
#7804),(#7805,#7806),(#7807,#7808)),.UNSPECIFIED.,.F.,.F.,.F.,(4,1,4),(2,
2),(0.,0.0530224410668179,0.117756937269503),(0.,0.15),.UNSPECIFIED.);
#40=B_SPLINE_SURFACE_WITH_KNOTS('',3,1,((#7816,#7817),(#7818,#7819),(#7820,
#7821),(#7822,#7823),(#7824,#7825)),.UNSPECIFIED.,.F.,.F.,.F.,(4,1,4),(2,
2),(0.,0.0497785299085547,0.0979623808201817),(0.,0.15),.UNSPECIFIED.);
#41=B_SPLINE_SURFACE_WITH_KNOTS('',3,1,((#7833,#7834),(#7835,#7836),(#7837,
#7838),(#7839,#7840),(#7841,#7842)),.UNSPECIFIED.,.F.,.F.,.F.,(4,1,4),(2,
2),(0.,0.0391417139251592,0.0789611536967397),(0.,0.15),.UNSPECIFIED.);
#42=B_SPLINE_SURFACE_WITH_KNOTS('',3,1,((#7850,#7851),(#7852,#7853),(#7854,
#7855),(#7856,#7857),(#7858,#7859)),.UNSPECIFIED.,.F.,.F.,.F.,(4,1,4),(2,
2),(0.,0.0364189820381641,0.0742144160360528),(0.,0.15),.UNSPECIFIED.);
#43=B_SPLINE_SURFACE_WITH_KNOTS('',3,1,((#7867,#7868),(#7869,#7870),(#7871,
#7872),(#7873,#7874),(#7875,#7876)),.UNSPECIFIED.,.F.,.F.,.F.,(4,1,4),(2,
2),(0.,0.0589296927709875,0.10290982311359),(0.,0.15),.UNSPECIFIED.);
#44=B_SPLINE_SURFACE_WITH_KNOTS('',3,1,((#7985,#7986),(#7987,#7988),(#7989,
#7990),(#7991,#7992)),.UNSPECIFIED.,.F.,.F.,.F.,(4,4),(2,2),(-0.0488710947443011,
-0.0370125099106128),(0.,1.5),.UNSPECIFIED.);
#45=B_SPLINE_SURFACE_WITH_KNOTS('',3,1,((#8007,#8008),(#8009,#8010),(#8011,
#8012),(#8013,#8014),(#8015,#8016),(#8017,#8018),(#8019,#8020),(#8021,#8022),
(#8023,#8024),(#8025,#8026),(#8027,#8028),(#8029,#8030),(#8031,#8032),(#8033,
#8034),(#8035,#8036),(#8037,#8038)),.UNSPECIFIED.,.F.,.F.,.F.,(4,3,3,3,
3,4),(2,2),(-1.,-0.762145974947095,-0.51840961940834,-0.352575366554311,
-0.129636568991837,-0.0488710947443011),(0.,1.5),.UNSPECIFIED.);
#46=B_SPLINE_SURFACE_WITH_KNOTS('',3,1,((#8053,#8054),(#8055,#8056),(#8057,
#8058),(#8059,#8060),(#8061,#8062),(#8063,#8064),(#8065,#8066),(#8067,#8068),
(#8069,#8070),(#8071,#8072),(#8073,#8074),(#8075,#8076),(#8077,#8078),(#8079,
#8080),(#8081,#8082),(#8083,#8084)),.UNSPECIFIED.,.F.,.F.,.F.,(4,3,3,3,
3,4),(2,2),(-1.,-0.762145974947095,-0.51840961940834,-0.352575366554311,
-0.129636568991837,-0.0488710947443011),(0.,1.5),.UNSPECIFIED.);
#47=B_SPLINE_SURFACE_WITH_KNOTS('',3,1,((#8147,#8148),(#8149,#8150),(#8151,
#8152),(#8153,#8154)),.UNSPECIFIED.,.F.,.F.,.F.,(4,4),(2,2),(-0.961954866967907,
-0.949765435918929),(0.,1.5),.UNSPECIFIED.);
#48=B_SPLINE_SURFACE_WITH_KNOTS('',3,1,((#8163,#8164),(#8165,#8166),(#8167,
#8168),(#8169,#8170),(#8171,#8172),(#8173,#8174),(#8175,#8176),(#8177,#8178),
(#8179,#8180),(#8181,#8182),(#8183,#8184),(#8185,#8186),(#8187,#8188),(#8189,
#8190),(#8191,#8192),(#8193,#8194)),.UNSPECIFIED.,.F.,.F.,.F.,(4,3,3,3,
3,4),(2,2),(-0.949765435918929,-0.796718220578634,-0.588409111440892,-0.446678980947277,
-0.256144490473639,0.),(0.,1.5),.UNSPECIFIED.);
#49=B_SPLINE_SURFACE_WITH_KNOTS('',3,3,((#8227,#8228,#8229,#8230),(#8231,
#8232,#8233,#8234),(#8235,#8236,#8237,#8238),(#8239,#8240,#8241,#8242),
(#8243,#8244,#8245,#8246),(#8247,#8248,#8249,#8250),(#8251,#8252,#8253,
#8254),(#8255,#8256,#8257,#8258),(#8259,#8260,#8261,#8262)),
 .UNSPECIFIED.,.F.,.F.,.F.,(4,1,1,1,1,1,4),(4,4),(0.,0.142857142857143,
0.285714285714286,0.428571428571429,0.571428571428571,0.857142857142857,
1.),(0.,1.),.UNSPECIFIED.);
#50=B_SPLINE_SURFACE_WITH_KNOTS('',3,3,((#8293,#8294,#8295,#8296),(#8297,
#8298,#8299,#8300),(#8301,#8302,#8303,#8304),(#8305,#8306,#8307,#8308),
(#8309,#8310,#8311,#8312),(#8313,#8314,#8315,#8316),(#8317,#8318,#8319,
#8320)),.UNSPECIFIED.,.F.,.F.,.F.,(4,1,1,1,4),(4,4),(0.,0.141241739849399,
0.423725219548197,0.706208699246995,0.988692178945792),(0.,1.),
 .UNSPECIFIED.);
#51=B_SPLINE_SURFACE_WITH_KNOTS('',3,3,((#8344,#8345,#8346,#8347),(#8348,
#8349,#8350,#8351),(#8352,#8353,#8354,#8355),(#8356,#8357,#8358,#8359)),
 .UNSPECIFIED.,.F.,.F.,.F.,(4,4),(4,4),(0.,1.),(0.,0.930126329353543),
 .UNSPECIFIED.);
#52=B_SPLINE_SURFACE_WITH_KNOTS('',3,3,((#8360,#8361,#8362,#8363),(#8364,
#8365,#8366,#8367),(#8368,#8369,#8370,#8371),(#8372,#8373,#8374,#8375)),
 .UNSPECIFIED.,.F.,.F.,.F.,(4,4),(4,4),(0.,1.),(0.,0.931992083361514),
 .UNSPECIFIED.);
#53=B_SPLINE_SURFACE_WITH_KNOTS('',3,1,((#8600,#8601),(#8602,#8603),(#8604,
#8605),(#8606,#8607)),.UNSPECIFIED.,.F.,.F.,.F.,(4,4),(2,2),(-0.208738937592362,
0.),(0.,0.4),.UNSPECIFIED.);
#54=B_SPLINE_SURFACE_WITH_KNOTS('',3,1,((#8638,#8639),(#8640,#8641),(#8642,
#8643),(#8644,#8645)),.UNSPECIFIED.,.F.,.F.,.F.,(4,4),(2,2),(-0.201591943210243,
0.),(0.,0.4),.UNSPECIFIED.);
#55=B_SPLINE_SURFACE_WITH_KNOTS('',3,1,((#8664,#8665),(#8666,#8667),(#8668,
#8669),(#8670,#8671),(#8672,#8673),(#8674,#8675),(#8676,#8677),(#8678,#8679),
(#8680,#8681),(#8682,#8683),(#8684,#8685),(#8686,#8687),(#8688,#8689),(#8690,
#8691),(#8692,#8693),(#8694,#8695)),.UNSPECIFIED.,.F.,.F.,.F.,(4,3,3,3,
3,4),(2,2),(-0.961954866967907,-0.796718220578634,-0.588409111440892,-0.446678980947277,
-0.256144490473639,0.),(0.,1.),.UNSPECIFIED.);
#56=B_SPLINE_SURFACE_WITH_KNOTS('',3,3,((#8764,#8765,#8766,#8767),(#8768,
#8769,#8770,#8771),(#8772,#8773,#8774,#8775),(#8776,#8777,#8778,#8779),
(#8780,#8781,#8782,#8783),(#8784,#8785,#8786,#8787),(#8788,#8789,#8790,
#8791),(#8792,#8793,#8794,#8795)),.UNSPECIFIED.,.F.,.F.,.F.,(4,1,1,1,1,
4),(4,4),(0.,0.142857142857143,0.285714285714286,0.571428571428571,0.857142857142857,
1.),(0.,1.),.UNSPECIFIED.);
#57=B_SPLINE_SURFACE_WITH_KNOTS('',3,3,((#8800,#8801,#8802,#8803),(#8804,
#8805,#8806,#8807),(#8808,#8809,#8810,#8811),(#8812,#8813,#8814,#8815)),
 .UNSPECIFIED.,.F.,.F.,.F.,(4,4),(4,4),(0.0467076923076922,0.923123182174391),
(0.,1.),.UNSPECIFIED.);
#58=B_SPLINE_SURFACE_WITH_KNOTS('',3,1,((#8858,#8859),(#8860,#8861),(#8862,
#8863),(#8864,#8865),(#8866,#8867),(#8868,#8869),(#8870,#8871),(#8872,#8873),
(#8874,#8875),(#8876,#8877),(#8878,#8879),(#8880,#8881),(#8882,#8883),(#8884,
#8885),(#8886,#8887),(#8888,#8889)),.UNSPECIFIED.,.F.,.F.,.F.,(4,3,3,3,
3,4),(2,2),(-1.,-0.762145974947095,-0.51840961940834,-0.352575366554311,
-0.129636568991837,-0.0370125099106128),(0.,1.),.UNSPECIFIED.);
#59=B_SPLINE_SURFACE_WITH_KNOTS('',3,3,((#8893,#8894,#8895,#8896),(#8897,
#8898,#8899,#8900),(#8901,#8902,#8903,#8904),(#8905,#8906,#8907,#8908)),
 .UNSPECIFIED.,.F.,.F.,.F.,(4,4),(4,4),(0.,0.953292307692308),(0.,1.),
 .UNSPECIFIED.);
#60=B_SPLINE_CURVE_WITH_KNOTS('',3,(#6305,#6306,#6307,#6308,#6309,#6310),
 .UNSPECIFIED.,.F.,.F.,(4,2,4),(0.,0.153922707488617,0.307845414977234),
 .UNSPECIFIED.);
#61=B_SPLINE_CURVE_WITH_KNOTS('',3,(#6332,#6333,#6334,#6335,#6336,#6337),
 .UNSPECIFIED.,.F.,.F.,(4,2,4),(0.65778711168868,0.811709819177297,0.965632526665915),
 .UNSPECIFIED.);
#62=B_SPLINE_CURVE_WITH_KNOTS('',3,(#6345,#6346,#6347,#6348,#6349,#6350,
#6351,#6352,#6353,#6354,#6355,#6356,#6357,#6358,#6359,#6360),
 .UNSPECIFIED.,.F.,.F.,(4,2,2,2,2,2,2,4),(1.10841830886055,1.11423042831163,
1.23394194707508,1.35365346583853,1.46340962545095,1.57316578506337,1.68233704503844,
1.79150830501352),.UNSPECIFIED.);
#63=B_SPLINE_CURVE_WITH_KNOTS('',3,(#6367,#6368,#6369,#6370,#6371,#6372,
#6373,#6374,#6375,#6376,#6377,#6378,#6379,#6380,#6381,#6382),
 .UNSPECIFIED.,.F.,.F.,(4,2,2,2,2,2,2,4),(1.79150830501342,1.9006795649885,
2.00985082496357,2.119606984576,2.22936314418842,2.34907466295187,2.46878618171532,
2.47459830116639),.UNSPECIFIED.);
#64=B_SPLINE_CURVE_WITH_KNOTS('',3,(#6554,#6555,#6556,#6557,#6558,#6559,
#6560,#6561,#6562,#6563,#6564,#6565,#6566,#6567,#6568,#6569),
 .UNSPECIFIED.,.F.,.F.,(4,3,3,3,3,4),(-3.94938180954742,-3.39832294717367,
-2.31153002650604,-1.57209379588058,-0.578034840672621,-4.44089209850063E-16),
 .UNSPECIFIED.);
#65=B_SPLINE_CURVE_WITH_KNOTS('',3,(#6571,#6572,#6573,#6574),
 .UNSPECIFIED.,.F.,.F.,(4,4),(-0.50807393772608,0.),.UNSPECIFIED.);
#66=B_SPLINE_CURVE_WITH_KNOTS('',3,(#6576,#6577,#6578,#6579,#6580,#6581),
 .UNSPECIFIED.,.F.,.F.,(4,2,4),(-0.203090121529626,-0.101545060764813,0.),
 .UNSPECIFIED.);
#67=B_SPLINE_CURVE_WITH_KNOTS('',3,(#6585,#6586,#6587,#6588,#6589,#6590),
 .UNSPECIFIED.,.F.,.F.,(4,2,4),(-0.208502276862096,-0.104251138431048,0.),
 .UNSPECIFIED.);
#68=B_SPLINE_CURVE_WITH_KNOTS('',3,(#6592,#6593,#6594,#6595),
 .UNSPECIFIED.,.F.,.F.,(4,4),(-0.533865198462191,0.),.UNSPECIFIED.);
#69=B_SPLINE_CURVE_WITH_KNOTS('',3,(#6597,#6598,#6599,#6600,#6601,#6602,
#6603,#6604,#6605,#6606,#6607,#6608,#6609,#6610,#6611,#6612),
 .UNSPECIFIED.,.F.,.F.,(4,3,3,3,3,4),(-3.91792829260438,-3.01265993501464,
-2.08500352804654,-1.45384119358575,-0.605339937121742,0.),
 .UNSPECIFIED.);
#70=B_SPLINE_CURVE_WITH_KNOTS('',3,(#6686,#6687,#6688,#6689,#6690,#6691,
#6692,#6693,#6694,#6695,#6696,#6697,#6698,#6699,#6700,#6701),
 .UNSPECIFIED.,.F.,.F.,(4,3,3,3,3,4),(0.120212886832309,0.256144490473639,
0.446678980947277,0.588409111440892,0.796718220578634,1.),.UNSPECIFIED.);
#71=B_SPLINE_CURVE_WITH_KNOTS('',3,(#6712,#6713,#6714,#6715),
 .UNSPECIFIED.,.F.,.F.,(4,4),(0.,0.120212886832309),.UNSPECIFIED.);
#72=B_SPLINE_CURVE_WITH_KNOTS('',3,(#6726,#6727,#6728,#6729),
 .UNSPECIFIED.,.F.,.F.,(4,4),(0.,1.),.UNSPECIFIED.);
#73=B_SPLINE_CURVE_WITH_KNOTS('',3,(#6734,#6735,#6736,#6737,#6738,#6739,
#6740,#6741,#6742,#6743,#6744,#6745,#6746,#6747,#6748,#6749,#6750,#6751),
 .UNSPECIFIED.,.F.,.F.,(4,2,2,2,2,2,2,2,4),(-1.26498411446975,-1.05374408937963,
-0.895207343000853,-0.708865232144935,-0.518974908997514,-0.301785190001168,
-0.202278468416859,-0.101483863647581,0.),.UNSPECIFIED.);
#74=B_SPLINE_CURVE_WITH_KNOTS('',3,(#6753,#6754,#6755,#6756,#6757,#6758,
#6759,#6760),.UNSPECIFIED.,.F.,.F.,(4,2,2,4),(-1.01753934112721,-0.413141422584266,
-0.156121432737655,0.),.UNSPECIFIED.);
#75=B_SPLINE_CURVE_WITH_KNOTS('',3,(#6764,#6765,#6766,#6767),
 .UNSPECIFIED.,.F.,.F.,(4,4),(0.0735008799243866,1.96512782740056),
 .UNSPECIFIED.);
#76=B_SPLINE_CURVE_WITH_KNOTS('',3,(#6769,#6770,#6771,#6772),
 .UNSPECIFIED.,.F.,.F.,(4,4),(0.,1.65724800524715),.UNSPECIFIED.);
#77=B_SPLINE_CURVE_WITH_KNOTS('',3,(#6776,#6777,#6778,#6779,#6780,#6781,
#6782,#6783,#6784,#6785),.UNSPECIFIED.,.F.,.F.,(4,2,2,2,4),(-2.43231248590847,
-2.27714135215156,-2.04439973592764,-1.85921235957445,-0.125234298653939),
 .UNSPECIFIED.);
#78=B_SPLINE_CURVE_WITH_KNOTS('',3,(#6786,#6787,#6788,#6789,#6790,#6791,
#6792,#6793,#6794,#6795,#6796,#6797,#6798,#6799),.UNSPECIFIED.,.F.,.F.,
(4,2,2,2,2,2,4),(-1.3796286168598,-1.11503527358786,-0.874714198727963,
-0.624599353312661,-0.451649370934959,-0.267916435795064,0.),
 .UNSPECIFIED.);
#79=B_SPLINE_CURVE_WITH_KNOTS('',3,(#6810,#6811,#6812,#6813),
 .UNSPECIFIED.,.F.,.F.,(4,4),(0.,1.),.UNSPECIFIED.);
#80=B_SPLINE_CURVE_WITH_KNOTS('',3,(#6820,#6821,#6822,#6823,#6824,#6825,
#6826,#6827,#6828,#6829),.UNSPECIFIED.,.F.,.F.,(4,3,3,4),(-0.425026829211234,
-0.24983969521995,0.,0.000394085760285848),.UNSPECIFIED.);
#81=B_SPLINE_CURVE_WITH_KNOTS('',3,(#6831,#6832,#6833,#6834),
 .UNSPECIFIED.,.F.,.F.,(4,4),(-0.0747832748905627,0.),.UNSPECIFIED.);
#82=B_SPLINE_CURVE_WITH_KNOTS('',3,(#6836,#6837,#6838,#6839,#6840,#6841,
#6842,#6843,#6844,#6845,#6846,#6847),.UNSPECIFIED.,.F.,.F.,(4,2,2,2,2,4),
(5.5313432654762,5.78148205156168,6.37579838582443,6.97011472008719,7.56443105434994,
7.60379519753179),.UNSPECIFIED.);
#83=B_SPLINE_CURVE_WITH_KNOTS('',3,(#6849,#6850,#6851,#6852,#6853,#6854,
#6855,#6856,#6857,#6858),.UNSPECIFIED.,.F.,.F.,(4,2,2,2,4),(3.69668817434847,
3.92615070984922,4.55665821357407,5.18716571729892,5.5313432654762),
 .UNSPECIFIED.);
#84=B_SPLINE_CURVE_WITH_KNOTS('',3,(#6860,#6861,#6862,#6863),
 .UNSPECIFIED.,.F.,.F.,(4,4),(-0.27007101873797,0.),.UNSPECIFIED.);
#85=B_SPLINE_CURVE_WITH_KNOTS('',3,(#6865,#6866,#6867,#6868,#6869,#6870),
 .UNSPECIFIED.,.F.,.F.,(4,2,4),(-0.39311725323186,-0.392815604422782,-0.270077725796932),
 .UNSPECIFIED.);
#86=B_SPLINE_CURVE_WITH_KNOTS('',3,(#6908,#6909,#6910,#6911,#6912),
 .UNSPECIFIED.,.F.,.F.,(4,1,4),(0.,0.0589296927709875,0.10290982311359),
 .UNSPECIFIED.);
#87=B_SPLINE_CURVE_WITH_KNOTS('',3,(#6914,#6915,#6916,#6917,#6918),
 .UNSPECIFIED.,.F.,.F.,(4,1,4),(0.,0.0364189820381641,0.0742144160360528),
 .UNSPECIFIED.);
#88=B_SPLINE_CURVE_WITH_KNOTS('',3,(#6920,#6921,#6922,#6923,#6924),
 .UNSPECIFIED.,.F.,.F.,(4,1,4),(0.,0.0391417139251592,0.0789611536967397),
 .UNSPECIFIED.);
#89=B_SPLINE_CURVE_WITH_KNOTS('',3,(#6926,#6927,#6928,#6929,#6930),
 .UNSPECIFIED.,.F.,.F.,(4,1,4),(0.,0.0497785299085547,0.0979623808201817),
 .UNSPECIFIED.);
#90=B_SPLINE_CURVE_WITH_KNOTS('',3,(#6932,#6933,#6934,#6935,#6936),
 .UNSPECIFIED.,.F.,.F.,(4,1,4),(0.,0.0530224410668179,0.117756937269503),
 .UNSPECIFIED.);
#91=B_SPLINE_CURVE_WITH_KNOTS('',3,(#6938,#6939,#6940,#6941,#6942),
 .UNSPECIFIED.,.F.,.F.,(4,1,4),(0.,0.0262876501294282,0.0471445898072135),
 .UNSPECIFIED.);
#92=B_SPLINE_CURVE_WITH_KNOTS('',3,(#6944,#6945,#6946,#6947,#6948),
 .UNSPECIFIED.,.F.,.F.,(4,1,4),(0.,0.041136987336128,0.0864170881203217),
 .UNSPECIFIED.);
#93=B_SPLINE_CURVE_WITH_KNOTS('',3,(#7020,#7021,#7022,#7023),
 .UNSPECIFIED.,.F.,.F.,(4,4),(0.885732608838489,1.),.UNSPECIFIED.);
#94=B_SPLINE_CURVE_WITH_KNOTS('',3,(#7057,#7058,#7059,#7060,#7061,#7062,
#7063,#7064,#7065,#7066,#7067,#7068,#7069,#7070,#7071,#7072),
 .UNSPECIFIED.,.F.,.F.,(4,3,3,3,3,4),(0.,0.129636568991837,0.352575366554311,
0.51840961940834,0.762145974947095,0.885732608838489),.UNSPECIFIED.);
#95=B_SPLINE_CURVE_WITH_KNOTS('',3,(#7077,#7078,#7079,#7080,#7081,#7082,
#7083,#7084),.UNSPECIFIED.,.F.,.F.,(4,2,2,4),(-1.04692915003946,-1.02602569960185,
-0.460826190020591,0.),.UNSPECIFIED.);
#96=B_SPLINE_CURVE_WITH_KNOTS('',3,(#7088,#7089,#7090,#7091,#7092,#7093,
#7094),.UNSPECIFIED.,.F.,.F.,(4,2,1,4),(-0.565333373227975,0.,0.000426700577293739,
0.000853401154587479),.UNSPECIFIED.);
#97=B_SPLINE_CURVE_WITH_KNOTS('',3,(#7099,#7100,#7101,#7102,#7103,#7104,
#7105,#7106,#7107,#7108),.UNSPECIFIED.,.F.,.F.,(4,3,3,4),(-0.521797692037383,
-0.273525274126391,-0.0287745157410867,0.),.UNSPECIFIED.);
#98=B_SPLINE_CURVE_WITH_KNOTS('',3,(#7110,#7111,#7112,#7113,#7114,#7115,
#7116,#7117,#7118,#7119,#7120,#7121,#7122),.UNSPECIFIED.,.F.,.F.,(4,3,3,
3,4),(-0.764157382998923,-0.543047328172744,-0.393256790542453,-0.109740459094031,
0.),.UNSPECIFIED.);
#99=B_SPLINE_CURVE_WITH_KNOTS('',3,(#7126,#7127,#7128,#7129,#7130,#7131,
#7132,#7133,#7134,#7135,#7136,#7137),.UNSPECIFIED.,.F.,.F.,(4,2,2,2,2,4),
(-5.38707381418672,-4.41984802855013,-3.20956987835646,-2.27416937640537,
-1.10878021378438,-0.413124970527623),.UNSPECIFIED.);
#100=B_SPLINE_CURVE_WITH_KNOTS('',3,(#7138,#7139,#7140,#7141,#7142,#7143),
 .UNSPECIFIED.,.F.,.F.,(4,2,4),(-0.267627850255604,-0.133774051848289,0.),
 .UNSPECIFIED.);
#101=B_SPLINE_CURVE_WITH_KNOTS('',3,(#7148,#7149,#7150,#7151,#7152,#7153,
#7154,#7155,#7156,#7157,#7158,#7159),.UNSPECIFIED.,.F.,.F.,(4,2,2,2,2,4),
(-6.79331253789766,-5.33394861151598,-3.83901467107422,-2.5993737414898,
-1.41133925473784,0.),.UNSPECIFIED.);
#102=B_SPLINE_CURVE_WITH_KNOTS('',3,(#7164,#7165,#7166,#7167,#7168,#7169,
#7170,#7171,#7172,#7173,#7174,#7175,#7176),.UNSPECIFIED.,.F.,.F.,(4,3,3,
3,4),(-0.521394296009224,-0.491204836576465,-0.247998884741467,-0.201343816081843,
0.),.UNSPECIFIED.);
#103=B_SPLINE_CURVE_WITH_KNOTS('',3,(#7179,#7180,#7181,#7182,#7183,#7184,
#7185,#7186,#7187,#7188,#7189,#7190,#7191,#7192,#7193,#7194),
 .UNSPECIFIED.,.F.,.F.,(4,3,3,3,3,4),(-1.97316820058977,-1.83586932759416,
-1.67716546042858,-1.44472585332164,-1.320285995418,-1.20927635422042),
 .UNSPECIFIED.);
#104=B_SPLINE_CURVE_WITH_KNOTS('',3,(#7196,#7197,#7198,#7199,#7200,#7201),
 .UNSPECIFIED.,.F.,.F.,(4,2,4),(-0.43814418307712,-0.251065565990656,-0.0341997926927122),
 .UNSPECIFIED.);
#105=B_SPLINE_CURVE_WITH_KNOTS('',3,(#7202,#7203,#7204,#7205,#7206,#7207),
 .UNSPECIFIED.,.F.,.F.,(4,2,4),(-0.427755384808559,-0.25104383177232,-0.0190648130177011),
 .UNSPECIFIED.);
#106=B_SPLINE_CURVE_WITH_KNOTS('',3,(#7241,#7242,#7243,#7244,#7245,#7246,
#7247,#7248,#7249,#7250,#7251,#7252,#7253,#7254,#7255,#7256,#7257,#7258,
#7259),.UNSPECIFIED.,.F.,.F.,(4,3,3,3,3,3,4),(-1.70029010206098,-1.49565337083622,
-1.29376289213207,-1.11882239606207,-0.9011206461096,-0.686930908787655,
-0.521394296009224),.UNSPECIFIED.);
#107=B_SPLINE_CURVE_WITH_KNOTS('',3,(#7261,#7262,#7263,#7264),
 .UNSPECIFIED.,.F.,.F.,(4,4),(-0.548003038856518,-0.394968852156522),
 .UNSPECIFIED.);
#108=B_SPLINE_CURVE_WITH_KNOTS('',3,(#7265,#7266,#7267,#7268),
 .UNSPECIFIED.,.F.,.F.,(4,4),(0.0500001381022093,0.0540855813576333),
 .UNSPECIFIED.);
#109=B_SPLINE_CURVE_WITH_KNOTS('',3,(#7307,#7308,#7309,#7310),
 .UNSPECIFIED.,.F.,.F.,(4,4),(-0.112388266850808,-0.101906577820495),
 .UNSPECIFIED.);
#110=B_SPLINE_CURVE_WITH_KNOTS('',3,(#7312,#7313,#7314,#7315),
 .UNSPECIFIED.,.F.,.F.,(4,4),(-1.27574202012025,-0.413021256149565),
 .UNSPECIFIED.);
#111=B_SPLINE_CURVE_WITH_KNOTS('',3,(#7317,#7318,#7319,#7320),
 .UNSPECIFIED.,.F.,.F.,(4,4),(-0.413021256149565,-0.309599582685449),
 .UNSPECIFIED.);
#112=B_SPLINE_CURVE_WITH_KNOTS('',3,(#7322,#7323,#7324,#7325),
 .UNSPECIFIED.,.F.,.F.,(4,4),(-0.208738937592362,-0.0083739024888303),
 .UNSPECIFIED.);
#113=B_SPLINE_CURVE_WITH_KNOTS('',3,(#7530,#7531,#7532,#7533,#7534),
 .UNSPECIFIED.,.F.,.F.,(4,1,4),(0.,0.0373726292320405,0.0858431457916252),
 .UNSPECIFIED.);
#114=B_SPLINE_CURVE_WITH_KNOTS('',3,(#7537,#7538,#7539,#7540,#7541),
 .UNSPECIFIED.,.F.,.F.,(4,1,4),(0.,0.0373726292320405,0.0858431457916252),
 .UNSPECIFIED.);
#115=B_SPLINE_CURVE_WITH_KNOTS('',3,(#7553,#7554,#7555,#7556,#7557),
 .UNSPECIFIED.,.F.,.F.,(4,1,4),(0.,0.0329506498502525,0.0653437058562178),
 .UNSPECIFIED.);
#116=B_SPLINE_CURVE_WITH_KNOTS('',3,(#7560,#7561,#7562,#7563,#7564),
 .UNSPECIFIED.,.F.,.F.,(4,1,4),(0.,0.0329506498502525,0.0653437058562178),
 .UNSPECIFIED.);
#117=B_SPLINE_CURVE_WITH_KNOTS('',3,(#7576,#7577,#7578,#7579,#7580),
 .UNSPECIFIED.,.F.,.F.,(4,1,4),(0.,0.023728583384253,0.0472846937868274),
 .UNSPECIFIED.);
#118=B_SPLINE_CURVE_WITH_KNOTS('',3,(#7583,#7584,#7585,#7586,#7587),
 .UNSPECIFIED.,.F.,.F.,(4,1,4),(0.,0.023728583384253,0.0472846937868274),
 .UNSPECIFIED.);
#119=B_SPLINE_CURVE_WITH_KNOTS('',3,(#7599,#7600,#7601,#7602,#7603),
 .UNSPECIFIED.,.F.,.F.,(4,1,4),(0.,0.0256004208376046,0.0497992574162293),
 .UNSPECIFIED.);
#120=B_SPLINE_CURVE_WITH_KNOTS('',3,(#7606,#7607,#7608,#7609,#7610),
 .UNSPECIFIED.,.F.,.F.,(4,1,4),(0.,0.0256004208376046,0.0497992574162293),
 .UNSPECIFIED.);
#121=B_SPLINE_CURVE_WITH_KNOTS('',3,(#7622,#7623,#7624,#7625,#7626),
 .UNSPECIFIED.,.F.,.F.,(4,1,4),(0.,0.0404839665292606,0.0718094769834218),
 .UNSPECIFIED.);
#122=B_SPLINE_CURVE_WITH_KNOTS('',3,(#7629,#7630,#7631,#7632,#7633),
 .UNSPECIFIED.,.F.,.F.,(4,1,4),(0.,0.0404839665292606,0.0718094769834218),
 .UNSPECIFIED.);
#123=B_SPLINE_CURVE_WITH_KNOTS('',3,(#7669,#7670,#7671,#7672,#7673),
 .UNSPECIFIED.,.F.,.F.,(4,1,4),(0.,0.0149439656281509,0.0369507087195354),
 .UNSPECIFIED.);
#124=B_SPLINE_CURVE_WITH_KNOTS('',3,(#7676,#7677,#7678,#7679,#7680),
 .UNSPECIFIED.,.F.,.F.,(4,1,4),(0.,0.0149439656281509,0.0369507087195354),
 .UNSPECIFIED.);
#125=B_SPLINE_CURVE_WITH_KNOTS('',3,(#7692,#7693,#7694,#7695,#7696),
 .UNSPECIFIED.,.F.,.F.,(4,1,4),(0.,0.0170157259901263,0.0331001086397457),
 .UNSPECIFIED.);
#126=B_SPLINE_CURVE_WITH_KNOTS('',3,(#7699,#7700,#7701,#7702,#7703),
 .UNSPECIFIED.,.F.,.F.,(4,1,4),(0.,0.0170157259901263,0.0331001086397457),
 .UNSPECIFIED.);
#127=B_SPLINE_CURVE_WITH_KNOTS('',3,(#7715,#7716,#7717,#7718,#7719),
 .UNSPECIFIED.,.F.,.F.,(4,1,4),(0.,0.0269789060671783,0.0475361933322879),
 .UNSPECIFIED.);
#128=B_SPLINE_CURVE_WITH_KNOTS('',3,(#7722,#7723,#7724,#7725,#7726),
 .UNSPECIFIED.,.F.,.F.,(4,1,4),(0.,0.0269789060671783,0.0475361933322879),
 .UNSPECIFIED.);
#129=B_SPLINE_CURVE_WITH_KNOTS('',3,(#7738,#7739,#7740,#7741,#7742),
 .UNSPECIFIED.,.F.,.F.,(4,1,4),(0.,0.0477227363027167,0.0838441554997822),
 .UNSPECIFIED.);
#130=B_SPLINE_CURVE_WITH_KNOTS('',3,(#7745,#7746,#7747,#7748,#7749),
 .UNSPECIFIED.,.F.,.F.,(4,1,4),(0.,0.0477227363027167,0.0838441554997822),
 .UNSPECIFIED.);
#131=B_SPLINE_CURVE_WITH_KNOTS('',3,(#7777,#7778,#7779,#7780,#7781),
 .UNSPECIFIED.,.F.,.F.,(4,1,4),(0.,0.041136987336128,0.0864170881203217),
 .UNSPECIFIED.);
#132=B_SPLINE_CURVE_WITH_KNOTS('',3,(#7794,#7795,#7796,#7797,#7798),
 .UNSPECIFIED.,.F.,.F.,(4,1,4),(0.,0.0262876501294282,0.0471445898072135),
 .UNSPECIFIED.);
#133=B_SPLINE_CURVE_WITH_KNOTS('',3,(#7811,#7812,#7813,#7814,#7815),
 .UNSPECIFIED.,.F.,.F.,(4,1,4),(0.,0.0530224410668179,0.117756937269503),
 .UNSPECIFIED.);
#134=B_SPLINE_CURVE_WITH_KNOTS('',3,(#7828,#7829,#7830,#7831,#7832),
 .UNSPECIFIED.,.F.,.F.,(4,1,4),(0.,0.0497785299085547,0.0979623808201817),
 .UNSPECIFIED.);
#135=B_SPLINE_CURVE_WITH_KNOTS('',3,(#7845,#7846,#7847,#7848,#7849),
 .UNSPECIFIED.,.F.,.F.,(4,1,4),(0.,0.0391417139251592,0.0789611536967397),
 .UNSPECIFIED.);
#136=B_SPLINE_CURVE_WITH_KNOTS('',3,(#7862,#7863,#7864,#7865,#7866),
 .UNSPECIFIED.,.F.,.F.,(4,1,4),(0.,0.0364189820381641,0.0742144160360528),
 .UNSPECIFIED.);
#137=B_SPLINE_CURVE_WITH_KNOTS('',3,(#7879,#7880,#7881,#7882,#7883),
 .UNSPECIFIED.,.F.,.F.,(4,1,4),(0.,0.0589296927709875,0.10290982311359),
 .UNSPECIFIED.);
#138=B_SPLINE_CURVE_WITH_KNOTS('',3,(#7995,#7996,#7997,#7998),
 .UNSPECIFIED.,.F.,.F.,(4,4),(-0.0488710947443014,-0.0370125099106128),
 .UNSPECIFIED.);
#139=B_SPLINE_CURVE_WITH_KNOTS('',3,(#8002,#8003,#8004,#8005),
 .UNSPECIFIED.,.F.,.F.,(4,4),(-0.0488710947443011,-0.0370125099106128),
 .UNSPECIFIED.);
#140=B_SPLINE_CURVE_WITH_KNOTS('',3,(#8040,#8041,#8042,#8043),
 .UNSPECIFIED.,.F.,.F.,(4,4),(0.548003038856517,0.55208848211194),
 .UNSPECIFIED.);
#141=B_SPLINE_CURVE_WITH_KNOTS('',3,(#8045,#8046,#8047,#8048),
 .UNSPECIFIED.,.F.,.F.,(4,4),(-0.0332098671220638,0.),.UNSPECIFIED.);
#142=B_SPLINE_CURVE_WITH_KNOTS('',3,(#8049,#8050,#8051,#8052),
 .UNSPECIFIED.,.F.,.F.,(4,4),(-1.20927635422042,0.),.UNSPECIFIED.);
#143=B_SPLINE_CURVE_WITH_KNOTS('',3,(#8087,#8088,#8089,#8090,#8091,#8092),
 .UNSPECIFIED.,.F.,.F.,(4,2,4),(-0.585099668821456,0.,0.00151210472159596),
 .UNSPECIFIED.);
#144=B_SPLINE_CURVE_WITH_KNOTS('',3,(#8093,#8094,#8095,#8096,#8097,#8098,
#8099,#8100,#8101,#8102),.UNSPECIFIED.,.F.,.F.,(4,3,3,4),(-0.388735502479293,
-0.352575366554311,-0.129636568991837,-0.0488710947443011),
 .UNSPECIFIED.);
#145=B_SPLINE_CURVE_WITH_KNOTS('',3,(#8103,#8104,#8105,#8106,#8107,#8108,
#8109,#8110,#8111,#8112),.UNSPECIFIED.,.F.,.F.,(4,3,3,4),(-0.353766960690634,
-0.352575366554311,-0.129636568991837,-0.0488710947443011),
 .UNSPECIFIED.);
#146=B_SPLINE_CURVE_WITH_KNOTS('',3,(#8116,#8117,#8118,#8119,#8120,#8121,
#8122,#8123,#8124,#8125),.UNSPECIFIED.,.F.,.F.,(4,3,3,4),(-0.649878863556271,
-0.390051340651439,-0.0435497337351398,-0.00333629990559015),
 .UNSPECIFIED.);
#147=B_SPLINE_CURVE_WITH_KNOTS('',3,(#8127,#8128,#8129,#8130,#8131,#8132),
 .UNSPECIFIED.,.F.,.F.,(4,2,4),(-2.10103418726914,-1.71024237703008,0.),
 .UNSPECIFIED.);
#148=B_SPLINE_CURVE_WITH_KNOTS('',3,(#8134,#8135,#8136,#8137,#8138,#8139,
#8140),.UNSPECIFIED.,.F.,.F.,(4,3,4),(-0.949765435918929,-0.796718220578634,
-0.63738708448127),.UNSPECIFIED.);
#149=B_SPLINE_CURVE_WITH_KNOTS('',3,(#8142,#8143,#8144,#8145),
 .UNSPECIFIED.,.F.,.F.,(4,4),(-0.961954866967907,-0.949765435918929),
 .UNSPECIFIED.);
#150=B_SPLINE_CURVE_WITH_KNOTS('',3,(#8157,#8158,#8159,#8160),
 .UNSPECIFIED.,.F.,.F.,(4,4),(-0.961954866967907,-0.949765435918929),
 .UNSPECIFIED.);
#151=B_SPLINE_CURVE_WITH_KNOTS('',3,(#8196,#8197,#8198,#8199,#8200,#8201,
#8202),.UNSPECIFIED.,.F.,.F.,(4,3,4),(-0.949765435918929,-0.796718220578633,
-0.675950849511439),.UNSPECIFIED.);
#152=B_SPLINE_CURVE_WITH_KNOTS('',3,(#8203,#8204,#8205,#8206,#8207,#8208),
 .UNSPECIFIED.,.F.,.F.,(4,2,4),(-0.597620431486704,-0.59603054729643,0.),
 .UNSPECIFIED.);
#153=B_SPLINE_CURVE_WITH_KNOTS('',3,(#8210,#8211,#8212,#8213,#8214,#8215),
 .UNSPECIFIED.,.F.,.F.,(4,2,4),(-5.76816830702749,-4.22240647005474,-2.83968734690664),
 .UNSPECIFIED.);
#154=B_SPLINE_CURVE_WITH_KNOTS('',3,(#8218,#8219,#8220,#8221),
 .UNSPECIFIED.,.F.,.F.,(4,4),(-0.021173087686523,0.),.UNSPECIFIED.);
#155=B_SPLINE_CURVE_WITH_KNOTS('',3,(#8223,#8224,#8225,#8226),
 .UNSPECIFIED.,.F.,.F.,(4,4),(-0.121550288178785,-0.103894739345757),
 .UNSPECIFIED.);
#156=B_SPLINE_CURVE_WITH_KNOTS('',3,(#8263,#8264,#8265,#8266,#8267,#8268),
 .UNSPECIFIED.,.F.,.F.,(4,1,1,4),(-0.784269052606248,-0.571428571428571,
-0.428571428571429,-0.353766960690634),.UNSPECIFIED.);
#157=B_SPLINE_CURVE_WITH_KNOTS('',3,(#8326,#8327,#8328,#8329),
 .UNSPECIFIED.,.F.,.F.,(4,4),(-0.19269650023737,0.),.UNSPECIFIED.);
#158=B_SPLINE_CURVE_WITH_KNOTS('',3,(#8331,#8332,#8333,#8334),
 .UNSPECIFIED.,.F.,.F.,(4,4),(-0.339809300993077,-0.236510991018053),
 .UNSPECIFIED.);
#159=B_SPLINE_CURVE_WITH_KNOTS('',3,(#8336,#8337,#8338,#8339),
 .UNSPECIFIED.,.F.,.F.,(4,4),(-0.236510991203549,0.),.UNSPECIFIED.);
#160=B_SPLINE_CURVE_WITH_KNOTS('',3,(#8340,#8341,#8342,#8343),
 .UNSPECIFIED.,.F.,.F.,(4,4),(-0.00972391170074785,0.),.UNSPECIFIED.);
#161=B_SPLINE_CURVE_WITH_KNOTS('',3,(#8484,#8485,#8486,#8487),
 .UNSPECIFIED.,.F.,.F.,(4,4),(-3.28826399000574,-3.19247051642076),
 .UNSPECIFIED.);
#162=B_SPLINE_CURVE_WITH_KNOTS('',3,(#8489,#8490,#8491,#8492),
 .UNSPECIFIED.,.F.,.F.,(4,4),(-3.19247051642076,-2.05382370306609),
 .UNSPECIFIED.);
#163=B_SPLINE_CURVE_WITH_KNOTS('',3,(#8493,#8494,#8495,#8496),
 .UNSPECIFIED.,.F.,.F.,(4,4),(-2.05382370306609,-0.344022236378602),
 .UNSPECIFIED.);
#164=B_SPLINE_CURVE_WITH_KNOTS('',3,(#8543,#8544,#8545,#8546),
 .UNSPECIFIED.,.F.,.F.,(4,4),(-0.208738937592362,-0.205694562153585),
 .UNSPECIFIED.);
#165=B_SPLINE_CURVE_WITH_KNOTS('',3,(#8554,#8555,#8556,#8557,#8558,#8559),
 .UNSPECIFIED.,.F.,.F.,(4,2,4),(-3.23773118741836,-1.64676365842654,0.),
 .UNSPECIFIED.);
#166=B_SPLINE_CURVE_WITH_KNOTS('',3,(#8608,#8609,#8610,#8611,#8612,#8613,
#8614,#8615,#8616,#8617),.UNSPECIFIED.,.F.,.F.,(4,3,3,4),(-0.446228250459181,
-0.229425136059573,-0.115367953367709,0.),.UNSPECIFIED.);
#167=B_SPLINE_CURVE_WITH_KNOTS('',3,(#8634,#8635,#8636,#8637),
 .UNSPECIFIED.,.F.,.F.,(4,4),(-3.29253892203723,0.),.UNSPECIFIED.);
#168=B_SPLINE_CURVE_WITH_KNOTS('',3,(#8646,#8647,#8648,#8649,#8650,#8651,
#8652,#8653,#8654,#8655),.UNSPECIFIED.,.F.,.F.,(4,3,3,4),(-0.42046457124824,
-0.233532952932069,-0.120134107568867,0.),.UNSPECIFIED.);
#169=B_SPLINE_CURVE_WITH_KNOTS('',3,(#8699,#8700,#8701,#8702,#8703,#8704,
#8705,#8706,#8707,#8708,#8709,#8710,#8711,#8712,#8713,#8714),
 .UNSPECIFIED.,.F.,.F.,(4,3,3,3,3,4),(-0.949765435918929,-0.796718220578634,
-0.588409111440892,-0.446678980947277,-0.256144490473639,0.),
 .UNSPECIFIED.);
#170=B_SPLINE_CURVE_WITH_KNOTS('',3,(#8715,#8716,#8717,#8718),
 .UNSPECIFIED.,.F.,.F.,(4,4),(-0.961954866967907,-0.949765435918929),
 .UNSPECIFIED.);
#171=B_SPLINE_CURVE_WITH_KNOTS('',3,(#8719,#8720,#8721,#8722,#8723,#8724,
#8725,#8726,#8727,#8728,#8729,#8730,#8731),.UNSPECIFIED.,.F.,.F.,(4,3,3,
3,4),(-0.675950849511439,-0.588409111440892,-0.446678980947278,-0.256144490473639,
-0.193850389136863),.UNSPECIFIED.);
#172=B_SPLINE_CURVE_WITH_KNOTS('',3,(#8838,#8839,#8840,#8841,#8842,#8843,
#8844,#8845,#8846,#8847,#8848,#8849,#8850,#8851,#8852,#8853),
 .UNSPECIFIED.,.F.,.F.,(4,3,3,3,3,4),(-1.,-0.762145974947095,-0.51840961940834,
-0.352575366554311,-0.129636568991837,-0.0488710947443011),
 .UNSPECIFIED.);
#173=B_SPLINE_CURVE_WITH_KNOTS('',3,(#8854,#8855,#8856,#8857),
 .UNSPECIFIED.,.F.,.F.,(4,4),(-0.0488710947443011,-0.0370125099106128),
 .UNSPECIFIED.);
#174=CYLINDRICAL_SURFACE('',#4768,1.);
#175=CYLINDRICAL_SURFACE('',#4774,1.);
#176=CYLINDRICAL_SURFACE('',#4776,4.3);
#177=CYLINDRICAL_SURFACE('',#4778,4.3);
#178=CYLINDRICAL_SURFACE('',#4781,2.5);
#179=CYLINDRICAL_SURFACE('',#4786,1.50000000000001);
#180=CYLINDRICAL_SURFACE('',#4794,1.49999999999999);
#181=CYLINDRICAL_SURFACE('',#4799,1.5);
#182=CYLINDRICAL_SURFACE('',#4803,1.5);
#183=CYLINDRICAL_SURFACE('',#4812,1.5);
#184=CYLINDRICAL_SURFACE('',#4817,25.);
#185=CYLINDRICAL_SURFACE('',#4824,25.);
#186=CYLINDRICAL_SURFACE('',#4838,34.9999974580784);
#187=CYLINDRICAL_SURFACE('',#4843,38.9999974580784);
#188=CYLINDRICAL_SURFACE('',#4849,20.);
#189=CYLINDRICAL_SURFACE('',#4853,20.);
#190=CYLINDRICAL_SURFACE('',#4857,29.);
#191=CYLINDRICAL_SURFACE('',#4860,34.9999974580784);
#192=CYLINDRICAL_SURFACE('',#4862,34.9999974580784);
#193=CYLINDRICAL_SURFACE('',#4864,34.9999974580784);
#194=CYLINDRICAL_SURFACE('',#4866,34.9999974580784);
#195=CYLINDRICAL_SURFACE('',#4871,38.9999974580784);
#196=CYLINDRICAL_SURFACE('',#4909,7.);
#197=CYLINDRICAL_SURFACE('',#4912,4.);
#198=CYLINDRICAL_SURFACE('',#4915,4.);
#199=CYLINDRICAL_SURFACE('',#4918,7.);
#200=CYLINDRICAL_SURFACE('',#4920,1.53021768065465);
#201=CYLINDRICAL_SURFACE('',#4923,29.);
#202=CYLINDRICAL_SURFACE('',#4964,48.800801468946);
#203=CYLINDRICAL_SURFACE('',#4971,1.5);
#204=CYLINDRICAL_SURFACE('',#4975,1.5);
#205=CYLINDRICAL_SURFACE('',#4979,1.50000000000001);
#206=CYLINDRICAL_SURFACE('',#4983,1.5);
#207=CYLINDRICAL_SURFACE('',#4987,1.5);
#208=CYLINDRICAL_SURFACE('',#4991,1.5);
#209=CYLINDRICAL_SURFACE('',#4995,1.50000000000001);
#210=CYLINDRICAL_SURFACE('',#5000,1.5);
#211=CYLINDRICAL_SURFACE('',#5004,1.5);
#212=CYLINDRICAL_SURFACE('',#5008,33.);
#213=CYLINDRICAL_SURFACE('',#5013,33.);
#214=CYLINDRICAL_SURFACE('',#5017,33.034537349876);
#215=CYLINDRICAL_SURFACE('',#5035,38.9999977633707);
#216=CYLINDRICAL_SURFACE('',#5038,20.);
#217=CYLINDRICAL_SURFACE('',#5041,20.0000000000004);
#218=CYLINDRICAL_SURFACE('',#5051,39.);
#219=CYLINDRICAL_SURFACE('',#5052,39.);
#220=CYLINDRICAL_SURFACE('',#5055,1.5);
#221=CYLINDRICAL_SURFACE('',#5057,1.4);
#222=CYLINDRICAL_SURFACE('',#5058,1.4);
#223=CYLINDRICAL_SURFACE('',#5067,43.75);
#224=CYLINDRICAL_SURFACE('',#5068,1.5);
#225=CYLINDRICAL_SURFACE('',#5070,1.5);
#226=CYLINDRICAL_SURFACE('',#5072,1.55);
#227=CYLINDRICAL_SURFACE('',#5074,1.5);
#228=CYLINDRICAL_SURFACE('',#5080,48.75);
#229=CYLINDRICAL_SURFACE('',#5083,1.40000000000001);
#230=CYLINDRICAL_SURFACE('',#5084,1.4);
#231=CYLINDRICAL_SURFACE('',#5091,48.75);
#232=FACE_BOUND('',#663,.T.);
#233=FACE_BOUND('',#671,.T.);
#234=FACE_BOUND('',#674,.T.);
#235=FACE_BOUND('',#675,.T.);
#236=FACE_BOUND('',#694,.T.);
#237=FACE_BOUND('',#697,.T.);
#238=FACE_BOUND('',#699,.T.);
#239=FACE_BOUND('',#700,.T.);
#240=FACE_BOUND('',#701,.T.);
#241=FACE_BOUND('',#702,.T.);
#242=FACE_BOUND('',#703,.T.);
#243=FACE_BOUND('',#704,.T.);
#244=FACE_BOUND('',#742,.T.);
#245=FACE_BOUND('',#747,.T.);
#246=FACE_BOUND('',#752,.T.);
#247=FACE_BOUND('',#753,.T.);
#248=FACE_BOUND('',#763,.T.);
#249=FACE_BOUND('',#764,.T.);
#250=FACE_BOUND('',#765,.T.);
#251=FACE_BOUND('',#766,.T.);
#252=FACE_BOUND('',#767,.T.);
#253=FACE_BOUND('',#807,.T.);
#254=FACE_BOUND('',#871,.T.);
#255=FACE_BOUND('',#876,.T.);
#256=FACE_BOUND('',#877,.T.);
#257=FACE_BOUND('',#878,.T.);
#258=FACE_BOUND('',#879,.T.);
#259=FACE_BOUND('',#880,.T.);
#260=FACE_BOUND('',#881,.T.);
#261=FACE_BOUND('',#882,.T.);
#262=FACE_BOUND('',#883,.T.);
#263=FACE_BOUND('',#884,.T.);
#264=FACE_BOUND('',#885,.T.);
#265=FACE_BOUND('',#886,.T.);
#266=FACE_BOUND('',#899,.T.);
#267=FACE_BOUND('',#911,.T.);
#268=FACE_BOUND('',#912,.T.);
#269=FACE_BOUND('',#913,.T.);
#270=FACE_BOUND('',#914,.T.);
#271=FACE_BOUND('',#915,.T.);
#272=FACE_BOUND('',#917,.T.);
#273=FACE_BOUND('',#937,.T.);
#274=FACE_BOUND('',#938,.T.);
#275=FACE_BOUND('',#939,.T.);
#276=FACE_BOUND('',#940,.T.);
#277=CIRCLE('',#4759,1.4);
#278=CIRCLE('',#4767,1.4);
#279=CIRCLE('',#4769,1.);
#280=CIRCLE('',#4771,2.5);
#281=CIRCLE('',#4772,7.);
#282=CIRCLE('',#4773,7.);
#283=CIRCLE('',#4775,1.);
#284=CIRCLE('',#4777,4.3);
#285=CIRCLE('',#4779,4.3);
#286=CIRCLE('',#4782,2.5);
#287=CIRCLE('',#4785,1.50000000000001);
#288=CIRCLE('',#4787,1.50000000000001);
#289=CIRCLE('',#4788,1.50000000000001);
#290=CIRCLE('',#4789,1.50000000000001);
#291=CIRCLE('',#4791,25.);
#292=CIRCLE('',#4792,1.49999999999999);
#293=CIRCLE('',#4793,1.49999999999999);
#294=CIRCLE('',#4795,1.49999999999999);
#295=CIRCLE('',#4796,1.49999999999999);
#296=CIRCLE('',#4798,1.5);
#297=CIRCLE('',#4800,1.5);
#298=CIRCLE('',#4801,1.5);
#299=CIRCLE('',#4802,1.5);
#300=CIRCLE('',#4804,1.5);
#301=CIRCLE('',#4805,1.5);
#302=CIRCLE('',#4806,1.5);
#303=CIRCLE('',#4807,1.5);
#304=CIRCLE('',#4810,25.);
#305=CIRCLE('',#4811,1.5);
#306=CIRCLE('',#4813,1.5);
#307=CIRCLE('',#4814,1.5);
#308=CIRCLE('',#4815,1.5);
#309=CIRCLE('',#4818,25.);
#310=CIRCLE('',#4819,25.);
#311=CIRCLE('',#4820,25.);
#312=CIRCLE('',#4821,25.);
#313=CIRCLE('',#4822,25.);
#314=CIRCLE('',#4825,25.);
#315=CIRCLE('',#4826,25.);
#316=CIRCLE('',#4827,25.);
#317=CIRCLE('',#4828,25.);
#318=CIRCLE('',#4829,25.);
#319=CIRCLE('',#4831,29.);
#320=CIRCLE('',#4832,38.9999974580784);
#321=CIRCLE('',#4833,29.);
#322=CIRCLE('',#4834,34.9999974580784);
#323=CIRCLE('',#4835,20.);
#324=CIRCLE('',#4836,20.);
#325=CIRCLE('',#4837,34.9999974580784);
#326=CIRCLE('',#4839,34.9999974580784);
#327=CIRCLE('',#4844,38.9999974580784);
#328=CIRCLE('',#4845,38.9999974580784);
#329=CIRCLE('',#4850,20.);
#330=CIRCLE('',#4854,20.);
#331=CIRCLE('',#4858,29.);
#332=CIRCLE('',#4861,34.9999974580784);
#333=CIRCLE('',#4863,34.9999974580784);
#334=CIRCLE('',#4865,34.9999974580784);
#335=CIRCLE('',#4867,34.9999974580784);
#336=CIRCLE('',#4872,38.9999974580784);
#337=CIRCLE('',#4875,48.800801468946);
#338=CIRCLE('',#4876,48.800801468946);
#339=CIRCLE('',#4880,1.4);
#340=CIRCLE('',#4885,1.40000000000001);
#341=CIRCLE('',#4899,7.);
#342=CIRCLE('',#4900,7.);
#343=CIRCLE('',#4901,4.);
#344=CIRCLE('',#4902,4.);
#345=CIRCLE('',#4903,1.40000000000001);
#346=CIRCLE('',#4904,1.4);
#347=CIRCLE('',#4905,1.4);
#348=CIRCLE('',#4906,1.4);
#349=CIRCLE('',#4910,7.);
#350=CIRCLE('',#4913,4.);
#351=CIRCLE('',#4916,4.);
#352=CIRCLE('',#4919,7.);
#353=CIRCLE('',#4921,1.53021768065465);
#354=CIRCLE('',#4922,1.53021768065465);
#355=CIRCLE('',#4924,29.0000000000004);
#356=CIRCLE('',#4965,48.800801468946);
#357=CIRCLE('',#4966,48.800801468946);
#358=CIRCLE('',#4967,48.800801468946);
#359=CIRCLE('',#4968,48.800801468946);
#360=CIRCLE('',#4969,48.800801468946);
#361=CIRCLE('',#4970,48.800801468946);
#362=CIRCLE('',#4972,1.5);
#363=CIRCLE('',#4973,1.5);
#364=CIRCLE('',#4976,1.5);
#365=CIRCLE('',#4977,1.5);
#366=CIRCLE('',#4980,1.50000000000001);
#367=CIRCLE('',#4981,1.50000000000001);
#368=CIRCLE('',#4984,1.5);
#369=CIRCLE('',#4985,1.5);
#370=CIRCLE('',#4988,1.5);
#371=CIRCLE('',#4989,1.5);
#372=CIRCLE('',#4992,1.5);
#373=CIRCLE('',#4993,1.5);
#374=CIRCLE('',#4996,1.50000000000001);
#375=CIRCLE('',#4997,1.50000000000001);
#376=CIRCLE('',#5001,1.5);
#377=CIRCLE('',#5002,1.5);
#378=CIRCLE('',#5005,1.5);
#379=CIRCLE('',#5006,1.5);
#380=CIRCLE('',#5009,33.);
#381=CIRCLE('',#5010,33.);
#382=CIRCLE('',#5014,33.);
#383=CIRCLE('',#5015,33.);
#384=CIRCLE('',#5018,33.034537349876);
#385=CIRCLE('',#5019,33.034537349876);
#386=CIRCLE('',#5021,20.0000000000004);
#387=CIRCLE('',#5022,20.);
#388=CIRCLE('',#5026,39.);
#389=CIRCLE('',#5027,38.9999977633707);
#390=CIRCLE('',#5029,38.9999977633707);
#391=CIRCLE('',#5030,39.);
#392=CIRCLE('',#5031,39.);
#393=CIRCLE('',#5032,39.);
#394=CIRCLE('',#5033,20.);
#395=CIRCLE('',#5034,20.0000000000004);
#396=CIRCLE('',#5046,48.75);
#397=CIRCLE('',#5047,48.75);
#398=CIRCLE('',#5048,1.5);
#399=CIRCLE('',#5056,1.5);
#400=CIRCLE('',#5060,43.75);
#401=CIRCLE('',#5061,1.5);
#402=CIRCLE('',#5062,1.5);
#403=CIRCLE('',#5063,1.55);
#404=CIRCLE('',#5064,1.5);
#405=CIRCLE('',#5066,43.75);
#406=CIRCLE('',#5069,1.5);
#407=CIRCLE('',#5071,1.5);
#408=CIRCLE('',#5073,1.55);
#409=CIRCLE('',#5075,1.5);
#410=CIRCLE('',#5078,48.75);
#411=CIRCLE('',#5090,48.75);
#412=FACE_OUTER_BOUND('',#656,.T.);
#413=FACE_OUTER_BOUND('',#657,.T.);
#414=FACE_OUTER_BOUND('',#658,.T.);
#415=FACE_OUTER_BOUND('',#659,.T.);
#416=FACE_OUTER_BOUND('',#660,.T.);
#417=FACE_OUTER_BOUND('',#661,.T.);
#418=FACE_OUTER_BOUND('',#662,.T.);
#419=FACE_OUTER_BOUND('',#664,.T.);
#420=FACE_OUTER_BOUND('',#665,.T.);
#421=FACE_OUTER_BOUND('',#666,.T.);
#422=FACE_OUTER_BOUND('',#667,.T.);
#423=FACE_OUTER_BOUND('',#668,.T.);
#424=FACE_OUTER_BOUND('',#669,.T.);
#425=FACE_OUTER_BOUND('',#670,.T.);
#426=FACE_OUTER_BOUND('',#672,.T.);
#427=FACE_OUTER_BOUND('',#673,.T.);
#428=FACE_OUTER_BOUND('',#676,.T.);
#429=FACE_OUTER_BOUND('',#677,.T.);
#430=FACE_OUTER_BOUND('',#678,.T.);
#431=FACE_OUTER_BOUND('',#679,.T.);
#432=FACE_OUTER_BOUND('',#680,.T.);
#433=FACE_OUTER_BOUND('',#681,.T.);
#434=FACE_OUTER_BOUND('',#682,.T.);
#435=FACE_OUTER_BOUND('',#683,.T.);
#436=FACE_OUTER_BOUND('',#684,.T.);
#437=FACE_OUTER_BOUND('',#685,.T.);
#438=FACE_OUTER_BOUND('',#686,.T.);
#439=FACE_OUTER_BOUND('',#687,.T.);
#440=FACE_OUTER_BOUND('',#688,.T.);
#441=FACE_OUTER_BOUND('',#689,.T.);
#442=FACE_OUTER_BOUND('',#690,.T.);
#443=FACE_OUTER_BOUND('',#691,.T.);
#444=FACE_OUTER_BOUND('',#692,.T.);
#445=FACE_OUTER_BOUND('',#693,.T.);
#446=FACE_OUTER_BOUND('',#695,.T.);
#447=FACE_OUTER_BOUND('',#696,.T.);
#448=FACE_OUTER_BOUND('',#698,.T.);
#449=FACE_OUTER_BOUND('',#705,.T.);
#450=FACE_OUTER_BOUND('',#706,.T.);
#451=FACE_OUTER_BOUND('',#707,.T.);
#452=FACE_OUTER_BOUND('',#708,.T.);
#453=FACE_OUTER_BOUND('',#709,.T.);
#454=FACE_OUTER_BOUND('',#710,.T.);
#455=FACE_OUTER_BOUND('',#711,.T.);
#456=FACE_OUTER_BOUND('',#712,.T.);
#457=FACE_OUTER_BOUND('',#713,.T.);
#458=FACE_OUTER_BOUND('',#714,.T.);
#459=FACE_OUTER_BOUND('',#715,.T.);
#460=FACE_OUTER_BOUND('',#716,.T.);
#461=FACE_OUTER_BOUND('',#717,.T.);
#462=FACE_OUTER_BOUND('',#718,.T.);
#463=FACE_OUTER_BOUND('',#719,.T.);
#464=FACE_OUTER_BOUND('',#720,.T.);
#465=FACE_OUTER_BOUND('',#721,.T.);
#466=FACE_OUTER_BOUND('',#722,.T.);
#467=FACE_OUTER_BOUND('',#723,.T.);
#468=FACE_OUTER_BOUND('',#724,.T.);
#469=FACE_OUTER_BOUND('',#725,.T.);
#470=FACE_OUTER_BOUND('',#726,.T.);
#471=FACE_OUTER_BOUND('',#727,.T.);
#472=FACE_OUTER_BOUND('',#728,.T.);
#473=FACE_OUTER_BOUND('',#729,.T.);
#474=FACE_OUTER_BOUND('',#730,.T.);
#475=FACE_OUTER_BOUND('',#731,.T.);
#476=FACE_OUTER_BOUND('',#732,.T.);
#477=FACE_OUTER_BOUND('',#733,.T.);
#478=FACE_OUTER_BOUND('',#734,.T.);
#479=FACE_OUTER_BOUND('',#735,.T.);
#480=FACE_OUTER_BOUND('',#736,.T.);
#481=FACE_OUTER_BOUND('',#737,.T.);
#482=FACE_OUTER_BOUND('',#738,.T.);
#483=FACE_OUTER_BOUND('',#739,.T.);
#484=FACE_OUTER_BOUND('',#740,.T.);
#485=FACE_OUTER_BOUND('',#741,.T.);
#486=FACE_OUTER_BOUND('',#743,.T.);
#487=FACE_OUTER_BOUND('',#744,.T.);
#488=FACE_OUTER_BOUND('',#745,.T.);
#489=FACE_OUTER_BOUND('',#746,.T.);
#490=FACE_OUTER_BOUND('',#748,.T.);
#491=FACE_OUTER_BOUND('',#749,.T.);
#492=FACE_OUTER_BOUND('',#750,.T.);
#493=FACE_OUTER_BOUND('',#751,.T.);
#494=FACE_OUTER_BOUND('',#754,.T.);
#495=FACE_OUTER_BOUND('',#755,.T.);
#496=FACE_OUTER_BOUND('',#756,.T.);
#497=FACE_OUTER_BOUND('',#757,.T.);
#498=FACE_OUTER_BOUND('',#758,.T.);
#499=FACE_OUTER_BOUND('',#759,.T.);
#500=FACE_OUTER_BOUND('',#760,.T.);
#501=FACE_OUTER_BOUND('',#761,.T.);
#502=FACE_OUTER_BOUND('',#762,.T.);
#503=FACE_OUTER_BOUND('',#768,.T.);
#504=FACE_OUTER_BOUND('',#769,.T.);
#505=FACE_OUTER_BOUND('',#770,.T.);
#506=FACE_OUTER_BOUND('',#771,.T.);
#507=FACE_OUTER_BOUND('',#772,.T.);
#508=FACE_OUTER_BOUND('',#773,.T.);
#509=FACE_OUTER_BOUND('',#774,.T.);
#510=FACE_OUTER_BOUND('',#775,.T.);
#511=FACE_OUTER_BOUND('',#776,.T.);
#512=FACE_OUTER_BOUND('',#777,.T.);
#513=FACE_OUTER_BOUND('',#778,.T.);
#514=FACE_OUTER_BOUND('',#779,.T.);
#515=FACE_OUTER_BOUND('',#780,.T.);
#516=FACE_OUTER_BOUND('',#781,.T.);
#517=FACE_OUTER_BOUND('',#782,.T.);
#518=FACE_OUTER_BOUND('',#783,.T.);
#519=FACE_OUTER_BOUND('',#784,.T.);
#520=FACE_OUTER_BOUND('',#785,.T.);
#521=FACE_OUTER_BOUND('',#786,.T.);
#522=FACE_OUTER_BOUND('',#787,.T.);
#523=FACE_OUTER_BOUND('',#788,.T.);
#524=FACE_OUTER_BOUND('',#789,.T.);
#525=FACE_OUTER_BOUND('',#790,.T.);
#526=FACE_OUTER_BOUND('',#791,.T.);
#527=FACE_OUTER_BOUND('',#792,.T.);
#528=FACE_OUTER_BOUND('',#793,.T.);
#529=FACE_OUTER_BOUND('',#794,.T.);
#530=FACE_OUTER_BOUND('',#795,.T.);
#531=FACE_OUTER_BOUND('',#796,.T.);
#532=FACE_OUTER_BOUND('',#797,.T.);
#533=FACE_OUTER_BOUND('',#798,.T.);
#534=FACE_OUTER_BOUND('',#799,.T.);
#535=FACE_OUTER_BOUND('',#800,.T.);
#536=FACE_OUTER_BOUND('',#801,.T.);
#537=FACE_OUTER_BOUND('',#802,.T.);
#538=FACE_OUTER_BOUND('',#803,.T.);
#539=FACE_OUTER_BOUND('',#804,.T.);
#540=FACE_OUTER_BOUND('',#805,.T.);
#541=FACE_OUTER_BOUND('',#806,.T.);
#542=FACE_OUTER_BOUND('',#808,.T.);
#543=FACE_OUTER_BOUND('',#809,.T.);
#544=FACE_OUTER_BOUND('',#810,.T.);
#545=FACE_OUTER_BOUND('',#811,.T.);
#546=FACE_OUTER_BOUND('',#812,.T.);
#547=FACE_OUTER_BOUND('',#813,.T.);
#548=FACE_OUTER_BOUND('',#814,.T.);
#549=FACE_OUTER_BOUND('',#815,.T.);
#550=FACE_OUTER_BOUND('',#816,.T.);
#551=FACE_OUTER_BOUND('',#817,.T.);
#552=FACE_OUTER_BOUND('',#818,.T.);
#553=FACE_OUTER_BOUND('',#819,.T.);
#554=FACE_OUTER_BOUND('',#820,.T.);
#555=FACE_OUTER_BOUND('',#821,.T.);
#556=FACE_OUTER_BOUND('',#822,.T.);
#557=FACE_OUTER_BOUND('',#823,.T.);
#558=FACE_OUTER_BOUND('',#824,.T.);
#559=FACE_OUTER_BOUND('',#825,.T.);
#560=FACE_OUTER_BOUND('',#826,.T.);
#561=FACE_OUTER_BOUND('',#827,.T.);
#562=FACE_OUTER_BOUND('',#828,.T.);
#563=FACE_OUTER_BOUND('',#829,.T.);
#564=FACE_OUTER_BOUND('',#830,.T.);
#565=FACE_OUTER_BOUND('',#831,.T.);
#566=FACE_OUTER_BOUND('',#832,.T.);
#567=FACE_OUTER_BOUND('',#833,.T.);
#568=FACE_OUTER_BOUND('',#834,.T.);
#569=FACE_OUTER_BOUND('',#835,.T.);
#570=FACE_OUTER_BOUND('',#836,.T.);
#571=FACE_OUTER_BOUND('',#837,.T.);
#572=FACE_OUTER_BOUND('',#838,.T.);
#573=FACE_OUTER_BOUND('',#839,.T.);
#574=FACE_OUTER_BOUND('',#840,.T.);
#575=FACE_OUTER_BOUND('',#841,.T.);
#576=FACE_OUTER_BOUND('',#842,.T.);
#577=FACE_OUTER_BOUND('',#843,.T.);
#578=FACE_OUTER_BOUND('',#844,.T.);
#579=FACE_OUTER_BOUND('',#845,.T.);
#580=FACE_OUTER_BOUND('',#846,.T.);
#581=FACE_OUTER_BOUND('',#847,.T.);
#582=FACE_OUTER_BOUND('',#848,.T.);
#583=FACE_OUTER_BOUND('',#849,.T.);
#584=FACE_OUTER_BOUND('',#850,.T.);
#585=FACE_OUTER_BOUND('',#851,.T.);
#586=FACE_OUTER_BOUND('',#852,.T.);
#587=FACE_OUTER_BOUND('',#853,.T.);
#588=FACE_OUTER_BOUND('',#854,.T.);
#589=FACE_OUTER_BOUND('',#855,.T.);
#590=FACE_OUTER_BOUND('',#856,.T.);
#591=FACE_OUTER_BOUND('',#857,.T.);
#592=FACE_OUTER_BOUND('',#858,.T.);
#593=FACE_OUTER_BOUND('',#859,.T.);
#594=FACE_OUTER_BOUND('',#860,.T.);
#595=FACE_OUTER_BOUND('',#861,.T.);
#596=FACE_OUTER_BOUND('',#862,.T.);
#597=FACE_OUTER_BOUND('',#863,.T.);
#598=FACE_OUTER_BOUND('',#864,.T.);
#599=FACE_OUTER_BOUND('',#865,.T.);
#600=FACE_OUTER_BOUND('',#866,.T.);
#601=FACE_OUTER_BOUND('',#867,.T.);
#602=FACE_OUTER_BOUND('',#868,.T.);
#603=FACE_OUTER_BOUND('',#869,.T.);
#604=FACE_OUTER_BOUND('',#870,.T.);
#605=FACE_OUTER_BOUND('',#872,.T.);
#606=FACE_OUTER_BOUND('',#873,.T.);
#607=FACE_OUTER_BOUND('',#874,.T.);
#608=FACE_OUTER_BOUND('',#875,.T.);
#609=FACE_OUTER_BOUND('',#887,.T.);
#610=FACE_OUTER_BOUND('',#888,.T.);
#611=FACE_OUTER_BOUND('',#889,.T.);
#612=FACE_OUTER_BOUND('',#890,.T.);
#613=FACE_OUTER_BOUND('',#891,.T.);
#614=FACE_OUTER_BOUND('',#892,.T.);
#615=FACE_OUTER_BOUND('',#893,.T.);
#616=FACE_OUTER_BOUND('',#894,.T.);
#617=FACE_OUTER_BOUND('',#895,.T.);
#618=FACE_OUTER_BOUND('',#896,.T.);
#619=FACE_OUTER_BOUND('',#897,.T.);
#620=FACE_OUTER_BOUND('',#898,.T.);
#621=FACE_OUTER_BOUND('',#900,.T.);
#622=FACE_OUTER_BOUND('',#901,.T.);
#623=FACE_OUTER_BOUND('',#902,.T.);
#624=FACE_OUTER_BOUND('',#903,.T.);
#625=FACE_OUTER_BOUND('',#904,.T.);
#626=FACE_OUTER_BOUND('',#905,.T.);
#627=FACE_OUTER_BOUND('',#906,.T.);
#628=FACE_OUTER_BOUND('',#907,.T.);
#629=FACE_OUTER_BOUND('',#908,.T.);
#630=FACE_OUTER_BOUND('',#909,.T.);
#631=FACE_OUTER_BOUND('',#910,.T.);
#632=FACE_OUTER_BOUND('',#916,.T.);
#633=FACE_OUTER_BOUND('',#918,.T.);
#634=FACE_OUTER_BOUND('',#919,.T.);
#635=FACE_OUTER_BOUND('',#920,.T.);
#636=FACE_OUTER_BOUND('',#921,.T.);
#637=FACE_OUTER_BOUND('',#922,.T.);
#638=FACE_OUTER_BOUND('',#923,.T.);
#639=FACE_OUTER_BOUND('',#924,.T.);
#640=FACE_OUTER_BOUND('',#925,.T.);
#641=FACE_OUTER_BOUND('',#926,.T.);
#642=FACE_OUTER_BOUND('',#927,.T.);
#643=FACE_OUTER_BOUND('',#928,.T.);
#644=FACE_OUTER_BOUND('',#929,.T.);
#645=FACE_OUTER_BOUND('',#930,.T.);
#646=FACE_OUTER_BOUND('',#931,.T.);
#647=FACE_OUTER_BOUND('',#932,.T.);
#648=FACE_OUTER_BOUND('',#933,.T.);
#649=FACE_OUTER_BOUND('',#934,.T.);
#650=FACE_OUTER_BOUND('',#935,.T.);
#651=FACE_OUTER_BOUND('',#936,.T.);
#652=FACE_OUTER_BOUND('',#941,.T.);
#653=FACE_OUTER_BOUND('',#942,.T.);
#654=FACE_OUTER_BOUND('',#943,.T.);
#655=FACE_OUTER_BOUND('',#944,.T.);
#656=EDGE_LOOP('',(#2969,#2970,#2971,#2972));
#657=EDGE_LOOP('',(#2973,#2974,#2975,#2976));
#658=EDGE_LOOP('',(#2977,#2978,#2979,#2980));
#659=EDGE_LOOP('',(#2981,#2982,#2983,#2984));
#660=EDGE_LOOP('',(#2985,#2986,#2987,#2988));
#661=EDGE_LOOP('',(#2989,#2990,#2991,#2992));
#662=EDGE_LOOP('',(#2993,#2994,#2995,#2996,#2997,#2998));
#663=EDGE_LOOP('',(#2999));
#664=EDGE_LOOP('',(#3000,#3001,#3002,#3003));
#665=EDGE_LOOP('',(#3004,#3005,#3006,#3007));
#666=EDGE_LOOP('',(#3008,#3009,#3010,#3011));
#667=EDGE_LOOP('',(#3012,#3013,#3014,#3015));
#668=EDGE_LOOP('',(#3016,#3017,#3018,#3019));
#669=EDGE_LOOP('',(#3020,#3021,#3022,#3023));
#670=EDGE_LOOP('',(#3024,#3025,#3026,#3027,#3028,#3029));
#671=EDGE_LOOP('',(#3030));
#672=EDGE_LOOP('',(#3031,#3032,#3033,#3034));
#673=EDGE_LOOP('',(#3035,#3036,#3037,#3038,#3039,#3040,#3041,#3042,#3043,
#3044));
#674=EDGE_LOOP('',(#3045,#3046,#3047,#3048,#3049,#3050));
#675=EDGE_LOOP('',(#3051,#3052,#3053,#3054,#3055,#3056));
#676=EDGE_LOOP('',(#3057,#3058,#3059,#3060));
#677=EDGE_LOOP('',(#3061,#3062,#3063,#3064,#3065));
#678=EDGE_LOOP('',(#3066,#3067,#3068,#3069,#3070));
#679=EDGE_LOOP('',(#3071,#3072,#3073,#3074));
#680=EDGE_LOOP('',(#3075,#3076,#3077,#3078));
#681=EDGE_LOOP('',(#3079,#3080,#3081,#3082,#3083));
#682=EDGE_LOOP('',(#3084,#3085,#3086));
#683=EDGE_LOOP('',(#3087,#3088,#3089,#3090,#3091,#3092,#3093,#3094));
#684=EDGE_LOOP('',(#3095,#3096,#3097));
#685=EDGE_LOOP('',(#3098,#3099,#3100,#3101,#3102,#3103,#3104,#3105));
#686=EDGE_LOOP('',(#3106,#3107));
#687=EDGE_LOOP('',(#3108,#3109,#3110,#3111,#3112,#3113,#3114,#3115));
#688=EDGE_LOOP('',(#3116,#3117,#3118,#3119,#3120,#3121,#3122,#3123));
#689=EDGE_LOOP('',(#3124,#3125,#3126));
#690=EDGE_LOOP('',(#3127,#3128));
#691=EDGE_LOOP('',(#3129,#3130,#3131,#3132,#3133,#3134,#3135,#3136));
#692=EDGE_LOOP('',(#3137,#3138,#3139,#3140,#3141,#3142));
#693=EDGE_LOOP('',(#3143,#3144,#3145,#3146,#3147,#3148,#3149,#3150));
#694=EDGE_LOOP('',(#3151,#3152,#3153,#3154));
#695=EDGE_LOOP('',(#3155,#3156,#3157,#3158,#3159,#3160,#3161,#3162,#3163,
#3164));
#696=EDGE_LOOP('',(#3165,#3166,#3167,#3168,#3169,#3170,#3171,#3172));
#697=EDGE_LOOP('',(#3173,#3174,#3175,#3176));
#698=EDGE_LOOP('',(#3177,#3178,#3179,#3180,#3181,#3182,#3183,#3184,#3185));
#699=EDGE_LOOP('',(#3186));
#700=EDGE_LOOP('',(#3187));
#701=EDGE_LOOP('',(#3188));
#702=EDGE_LOOP('',(#3189));
#703=EDGE_LOOP('',(#3190));
#704=EDGE_LOOP('',(#3191,#3192,#3193,#3194,#3195,#3196,#3197,#3198,#3199,
#3200,#3201,#3202,#3203,#3204,#3205,#3206,#3207));
#705=EDGE_LOOP('',(#3208,#3209,#3210,#3211));
#706=EDGE_LOOP('',(#3212,#3213,#3214,#3215,#3216,#3217,#3218,#3219,#3220,
#3221,#3222,#3223));
#707=EDGE_LOOP('',(#3224,#3225,#3226,#3227));
#708=EDGE_LOOP('',(#3228,#3229,#3230,#3231));
#709=EDGE_LOOP('',(#3232,#3233,#3234,#3235));
#710=EDGE_LOOP('',(#3236,#3237,#3238,#3239));
#711=EDGE_LOOP('',(#3240,#3241,#3242,#3243,#3244,#3245,#3246,#3247,#3248,
#3249,#3250));
#712=EDGE_LOOP('',(#3251,#3252,#3253,#3254));
#713=EDGE_LOOP('',(#3255,#3256,#3257,#3258,#3259,#3260,#3261,#3262,#3263,
#3264,#3265));
#714=EDGE_LOOP('',(#3266,#3267,#3268,#3269));
#715=EDGE_LOOP('',(#3270,#3271,#3272,#3273,#3274,#3275,#3276,#3277,#3278,
#3279,#3280,#3281,#3282,#3283,#3284,#3285,#3286,#3287,#3288,#3289,#3290,
#3291,#3292,#3293,#3294,#3295,#3296,#3297,#3298,#3299,#3300,#3301,#3302));
#716=EDGE_LOOP('',(#3303,#3304,#3305,#3306));
#717=EDGE_LOOP('',(#3307,#3308,#3309,#3310));
#718=EDGE_LOOP('',(#3311,#3312,#3313,#3314));
#719=EDGE_LOOP('',(#3315,#3316,#3317,#3318));
#720=EDGE_LOOP('',(#3319,#3320,#3321,#3322));
#721=EDGE_LOOP('',(#3323,#3324,#3325,#3326));
#722=EDGE_LOOP('',(#3327,#3328,#3329,#3330,#3331));
#723=EDGE_LOOP('',(#3332,#3333,#3334,#3335,#3336));
#724=EDGE_LOOP('',(#3337,#3338,#3339,#3340,#3341,#3342));
#725=EDGE_LOOP('',(#3343,#3344,#3345,#3346));
#726=EDGE_LOOP('',(#3347,#3348,#3349,#3350));
#727=EDGE_LOOP('',(#3351,#3352,#3353,#3354,#3355));
#728=EDGE_LOOP('',(#3356,#3357,#3358,#3359));
#729=EDGE_LOOP('',(#3360,#3361,#3362,#3363,#3364));
#730=EDGE_LOOP('',(#3365,#3366,#3367));
#731=EDGE_LOOP('',(#3368,#3369,#3370));
#732=EDGE_LOOP('',(#3371,#3372,#3373,#3374,#3375,#3376,#3377,#3378,#3379,
#3380,#3381,#3382,#3383,#3384,#3385,#3386,#3387,#3388,#3389,#3390,#3391,
#3392,#3393,#3394,#3395,#3396));
#733=EDGE_LOOP('',(#3397,#3398,#3399));
#734=EDGE_LOOP('',(#3400,#3401,#3402));
#735=EDGE_LOOP('',(#3403,#3404,#3405,#3406));
#736=EDGE_LOOP('',(#3407,#3408,#3409,#3410,#3411,#3412,#3413));
#737=EDGE_LOOP('',(#3414,#3415,#3416,#3417));
#738=EDGE_LOOP('',(#3418,#3419,#3420,#3421,#3422,#3423,#3424,#3425,#3426,
#3427,#3428));
#739=EDGE_LOOP('',(#3429,#3430,#3431,#3432,#3433,#3434));
#740=EDGE_LOOP('',(#3435,#3436,#3437,#3438,#3439,#3440));
#741=EDGE_LOOP('',(#3441,#3442,#3443,#3444,#3445,#3446));
#742=EDGE_LOOP('',(#3447));
#743=EDGE_LOOP('',(#3448,#3449,#3450,#3451));
#744=EDGE_LOOP('',(#3452,#3453,#3454,#3455));
#745=EDGE_LOOP('',(#3456,#3457,#3458,#3459));
#746=EDGE_LOOP('',(#3460,#3461,#3462,#3463,#3464,#3465));
#747=EDGE_LOOP('',(#3466));
#748=EDGE_LOOP('',(#3467,#3468,#3469,#3470));
#749=EDGE_LOOP('',(#3471,#3472,#3473,#3474));
#750=EDGE_LOOP('',(#3475,#3476,#3477,#3478));
#751=EDGE_LOOP('',(#3479,#3480,#3481,#3482));
#752=EDGE_LOOP('',(#3483,#3484,#3485,#3486,#3487,#3488));
#753=EDGE_LOOP('',(#3489,#3490,#3491,#3492,#3493,#3494));
#754=EDGE_LOOP('',(#3495,#3496,#3497,#3498,#3499,#3500,#3501,#3502,#3503));
#755=EDGE_LOOP('',(#3504,#3505,#3506,#3507));
#756=EDGE_LOOP('',(#3508,#3509,#3510,#3511));
#757=EDGE_LOOP('',(#3512,#3513,#3514,#3515));
#758=EDGE_LOOP('',(#3516,#3517,#3518,#3519));
#759=EDGE_LOOP('',(#3520,#3521,#3522,#3523));
#760=EDGE_LOOP('',(#3524,#3525,#3526,#3527));
#761=EDGE_LOOP('',(#3528,#3529,#3530,#3531));
#762=EDGE_LOOP('',(#3532,#3533,#3534,#3535,#3536,#3537,#3538,#3539,#3540,
#3541));
#763=EDGE_LOOP('',(#3542,#3543,#3544,#3545,#3546,#3547));
#764=EDGE_LOOP('',(#3548));
#765=EDGE_LOOP('',(#3549));
#766=EDGE_LOOP('',(#3550));
#767=EDGE_LOOP('',(#3551));
#768=EDGE_LOOP('',(#3552,#3553,#3554,#3555,#3556));
#769=EDGE_LOOP('',(#3557,#3558,#3559,#3560,#3561,#3562,#3563,#3564,#3565));
#770=EDGE_LOOP('',(#3566,#3567,#3568,#3569,#3570,#3571,#3572));
#771=EDGE_LOOP('',(#3573,#3574,#3575,#3576));
#772=EDGE_LOOP('',(#3577,#3578,#3579,#3580));
#773=EDGE_LOOP('',(#3581,#3582,#3583,#3584));
#774=EDGE_LOOP('',(#3585,#3586,#3587,#3588));
#775=EDGE_LOOP('',(#3589,#3590,#3591,#3592));
#776=EDGE_LOOP('',(#3593,#3594,#3595,#3596,#3597,#3598,#3599));
#777=EDGE_LOOP('',(#3600,#3601,#3602,#3603));
#778=EDGE_LOOP('',(#3604,#3605,#3606,#3607,#3608,#3609));
#779=EDGE_LOOP('',(#3610,#3611,#3612,#3613));
#780=EDGE_LOOP('',(#3614,#3615,#3616,#3617));
#781=EDGE_LOOP('',(#3618,#3619,#3620,#3621));
#782=EDGE_LOOP('',(#3622,#3623,#3624,#3625));
#783=EDGE_LOOP('',(#3626,#3627,#3628,#3629));
#784=EDGE_LOOP('',(#3630,#3631,#3632,#3633));
#785=EDGE_LOOP('',(#3634,#3635,#3636,#3637));
#786=EDGE_LOOP('',(#3638,#3639,#3640,#3641));
#787=EDGE_LOOP('',(#3642,#3643,#3644,#3645));
#788=EDGE_LOOP('',(#3646,#3647,#3648,#3649));
#789=EDGE_LOOP('',(#3650,#3651,#3652,#3653));
#790=EDGE_LOOP('',(#3654,#3655,#3656,#3657));
#791=EDGE_LOOP('',(#3658,#3659,#3660,#3661));
#792=EDGE_LOOP('',(#3662,#3663,#3664,#3665));
#793=EDGE_LOOP('',(#3666,#3667,#3668,#3669));
#794=EDGE_LOOP('',(#3670,#3671,#3672,#3673));
#795=EDGE_LOOP('',(#3674,#3675,#3676,#3677));
#796=EDGE_LOOP('',(#3678,#3679,#3680,#3681));
#797=EDGE_LOOP('',(#3682,#3683,#3684,#3685));
#798=EDGE_LOOP('',(#3686,#3687,#3688,#3689));
#799=EDGE_LOOP('',(#3690,#3691,#3692,#3693));
#800=EDGE_LOOP('',(#3694,#3695,#3696,#3697));
#801=EDGE_LOOP('',(#3698,#3699,#3700,#3701));
#802=EDGE_LOOP('',(#3702,#3703,#3704,#3705));
#803=EDGE_LOOP('',(#3706,#3707,#3708,#3709));
#804=EDGE_LOOP('',(#3710,#3711,#3712,#3713));
#805=EDGE_LOOP('',(#3714,#3715,#3716,#3717));
#806=EDGE_LOOP('',(#3718,#3719,#3720,#3721,#3722,#3723,#3724,#3725,#3726,
#3727,#3728,#3729,#3730,#3731,#3732,#3733,#3734,#3735,#3736));
#807=EDGE_LOOP('',(#3737,#3738,#3739,#3740,#3741,#3742,#3743,#3744));
#808=EDGE_LOOP('',(#3745,#3746,#3747,#3748));
#809=EDGE_LOOP('',(#3749,#3750,#3751,#3752));
#810=EDGE_LOOP('',(#3753,#3754,#3755,#3756));
#811=EDGE_LOOP('',(#3757,#3758,#3759,#3760));
#812=EDGE_LOOP('',(#3761,#3762,#3763,#3764));
#813=EDGE_LOOP('',(#3765,#3766,#3767,#3768));
#814=EDGE_LOOP('',(#3769,#3770,#3771,#3772,#3773,#3774));
#815=EDGE_LOOP('',(#3775,#3776,#3777,#3778));
#816=EDGE_LOOP('',(#3779,#3780,#3781,#3782));
#817=EDGE_LOOP('',(#3783,#3784,#3785,#3786));
#818=EDGE_LOOP('',(#3787,#3788,#3789,#3790));
#819=EDGE_LOOP('',(#3791,#3792,#3793,#3794));
#820=EDGE_LOOP('',(#3795,#3796,#3797,#3798));
#821=EDGE_LOOP('',(#3799,#3800,#3801,#3802));
#822=EDGE_LOOP('',(#3803,#3804,#3805,#3806));
#823=EDGE_LOOP('',(#3807,#3808,#3809,#3810));
#824=EDGE_LOOP('',(#3811,#3812,#3813,#3814));
#825=EDGE_LOOP('',(#3815,#3816,#3817,#3818));
#826=EDGE_LOOP('',(#3819,#3820,#3821,#3822));
#827=EDGE_LOOP('',(#3823,#3824,#3825,#3826,#3827,#3828,#3829,#3830,#3831,
#3832,#3833,#3834));
#828=EDGE_LOOP('',(#3835,#3836,#3837,#3838));
#829=EDGE_LOOP('',(#3839,#3840,#3841,#3842,#3843,#3844,#3845,#3846));
#830=EDGE_LOOP('',(#3847,#3848,#3849,#3850,#3851,#3852,#3853,#3854));
#831=EDGE_LOOP('',(#3855,#3856,#3857,#3858));
#832=EDGE_LOOP('',(#3859,#3860,#3861,#3862,#3863,#3864,#3865));
#833=EDGE_LOOP('',(#3866,#3867,#3868,#3869));
#834=EDGE_LOOP('',(#3870,#3871,#3872,#3873,#3874));
#835=EDGE_LOOP('',(#3875,#3876,#3877,#3878));
#836=EDGE_LOOP('',(#3879,#3880,#3881,#3882));
#837=EDGE_LOOP('',(#3883,#3884,#3885,#3886,#3887));
#838=EDGE_LOOP('',(#3888,#3889,#3890));
#839=EDGE_LOOP('',(#3891,#3892,#3893));
#840=EDGE_LOOP('',(#3894,#3895,#3896,#3897,#3898,#3899,#3900,#3901,#3902,
#3903,#3904,#3905));
#841=EDGE_LOOP('',(#3906,#3907,#3908,#3909,#3910,#3911,#3912,#3913,#3914,
#3915,#3916,#3917,#3918,#3919,#3920,#3921));
#842=EDGE_LOOP('',(#3922,#3923,#3924,#3925,#3926,#3927,#3928,#3929,#3930,
#3931,#3932));
#843=EDGE_LOOP('',(#3933,#3934,#3935,#3936));
#844=EDGE_LOOP('',(#3937,#3938,#3939,#3940));
#845=EDGE_LOOP('',(#3941,#3942,#3943,#3944));
#846=EDGE_LOOP('',(#3945));
#847=EDGE_LOOP('',(#3946,#3947,#3948,#3949));
#848=EDGE_LOOP('',(#3950));
#849=EDGE_LOOP('',(#3951,#3952,#3953,#3954));
#850=EDGE_LOOP('',(#3955));
#851=EDGE_LOOP('',(#3956,#3957,#3958,#3959));
#852=EDGE_LOOP('',(#3960));
#853=EDGE_LOOP('',(#3961,#3962,#3963,#3964));
#854=EDGE_LOOP('',(#3965));
#855=EDGE_LOOP('',(#3966,#3967,#3968,#3969));
#856=EDGE_LOOP('',(#3970));
#857=EDGE_LOOP('',(#3971,#3972,#3973,#3974));
#858=EDGE_LOOP('',(#3975));
#859=EDGE_LOOP('',(#3976));
#860=EDGE_LOOP('',(#3977,#3978,#3979,#3980));
#861=EDGE_LOOP('',(#3981));
#862=EDGE_LOOP('',(#3982,#3983,#3984,#3985));
#863=EDGE_LOOP('',(#3986));
#864=EDGE_LOOP('',(#3987,#3988,#3989,#3990));
#865=EDGE_LOOP('',(#3991,#3992,#3993,#3994));
#866=EDGE_LOOP('',(#3995,#3996,#3997,#3998));
#867=EDGE_LOOP('',(#3999,#4000,#4001,#4002));
#868=EDGE_LOOP('',(#4003,#4004,#4005,#4006));
#869=EDGE_LOOP('',(#4007,#4008,#4009,#4010));
#870=EDGE_LOOP('',(#4011,#4012,#4013,#4014,#4015,#4016,#4017,#4018,#4019,
#4020,#4021,#4022,#4023,#4024,#4025,#4026,#4027));
#871=EDGE_LOOP('',(#4028,#4029,#4030,#4031,#4032,#4033,#4034,#4035,#4036,
#4037,#4038,#4039,#4040));
#872=EDGE_LOOP('',(#4041,#4042,#4043,#4044));
#873=EDGE_LOOP('',(#4045,#4046,#4047,#4048));
#874=EDGE_LOOP('',(#4049,#4050,#4051));
#875=EDGE_LOOP('',(#4052,#4053,#4054,#4055,#4056,#4057,#4058,#4059,#4060,
#4061,#4062,#4063,#4064,#4065,#4066,#4067,#4068));
#876=EDGE_LOOP('',(#4069));
#877=EDGE_LOOP('',(#4070));
#878=EDGE_LOOP('',(#4071));
#879=EDGE_LOOP('',(#4072));
#880=EDGE_LOOP('',(#4073));
#881=EDGE_LOOP('',(#4074));
#882=EDGE_LOOP('',(#4075));
#883=EDGE_LOOP('',(#4076));
#884=EDGE_LOOP('',(#4077));
#885=EDGE_LOOP('',(#4078));
#886=EDGE_LOOP('',(#4079,#4080,#4081,#4082,#4083,#4084,#4085,#4086,#4087,
#4088,#4089,#4090,#4091));
#887=EDGE_LOOP('',(#4092,#4093,#4094,#4095));
#888=EDGE_LOOP('',(#4096,#4097,#4098,#4099));
#889=EDGE_LOOP('',(#4100,#4101,#4102,#4103));
#890=EDGE_LOOP('',(#4104,#4105,#4106,#4107));
#891=EDGE_LOOP('',(#4108,#4109,#4110,#4111));
#892=EDGE_LOOP('',(#4112,#4113,#4114,#4115));
#893=EDGE_LOOP('',(#4116,#4117,#4118,#4119));
#894=EDGE_LOOP('',(#4120,#4121,#4122,#4123));
#895=EDGE_LOOP('',(#4124,#4125,#4126,#4127));
#896=EDGE_LOOP('',(#4128,#4129,#4130,#4131));
#897=EDGE_LOOP('',(#4132,#4133,#4134,#4135));
#898=EDGE_LOOP('',(#4136,#4137,#4138,#4139,#4140,#4141));
#899=EDGE_LOOP('',(#4142));
#900=EDGE_LOOP('',(#4143,#4144,#4145,#4146));
#901=EDGE_LOOP('',(#4147,#4148,#4149,#4150));
#902=EDGE_LOOP('',(#4151,#4152,#4153,#4154));
#903=EDGE_LOOP('',(#4155,#4156,#4157,#4158,#4159,#4160));
#904=EDGE_LOOP('',(#4161,#4162,#4163,#4164,#4165));
#905=EDGE_LOOP('',(#4166,#4167,#4168));
#906=EDGE_LOOP('',(#4169,#4170,#4171,#4172));
#907=EDGE_LOOP('',(#4173,#4174,#4175,#4176));
#908=EDGE_LOOP('',(#4177,#4178,#4179,#4180));
#909=EDGE_LOOP('',(#4181,#4182,#4183,#4184,#4185,#4186,#4187,#4188,#4189,
#4190));
#910=EDGE_LOOP('',(#4191));
#911=EDGE_LOOP('',(#4192));
#912=EDGE_LOOP('',(#4193));
#913=EDGE_LOOP('',(#4194));
#914=EDGE_LOOP('',(#4195));
#915=EDGE_LOOP('',(#4196));
#916=EDGE_LOOP('',(#4197));
#917=EDGE_LOOP('',(#4198));
#918=EDGE_LOOP('',(#4199,#4200,#4201,#4202));
#919=EDGE_LOOP('',(#4203,#4204,#4205,#4206));
#920=EDGE_LOOP('',(#4207,#4208,#4209,#4210));
#921=EDGE_LOOP('',(#4211,#4212,#4213,#4214));
#922=EDGE_LOOP('',(#4215,#4216,#4217,#4218));
#923=EDGE_LOOP('',(#4219,#4220,#4221,#4222,#4223,#4224,#4225,#4226,#4227,
#4228,#4229,#4230));
#924=EDGE_LOOP('',(#4231,#4232,#4233,#4234,#4235,#4236));
#925=EDGE_LOOP('',(#4237,#4238,#4239,#4240,#4241,#4242,#4243,#4244));
#926=EDGE_LOOP('',(#4245,#4246,#4247,#4248));
#927=EDGE_LOOP('',(#4249,#4250,#4251,#4252));
#928=EDGE_LOOP('',(#4253,#4254,#4255,#4256,#4257,#4258,#4259,#4260));
#929=EDGE_LOOP('',(#4261,#4262,#4263,#4264));
#930=EDGE_LOOP('',(#4265,#4266,#4267,#4268));
#931=EDGE_LOOP('',(#4269,#4270,#4271,#4272));
#932=EDGE_LOOP('',(#4273,#4274,#4275,#4276));
#933=EDGE_LOOP('',(#4277,#4278,#4279,#4280,#4281,#4282,#4283,#4284,#4285,
#4286,#4287,#4288,#4289,#4290));
#934=EDGE_LOOP('',(#4291,#4292,#4293,#4294));
#935=EDGE_LOOP('',(#4295,#4296,#4297,#4298));
#936=EDGE_LOOP('',(#4299,#4300,#4301,#4302,#4303));
#937=EDGE_LOOP('',(#4304));
#938=EDGE_LOOP('',(#4305));
#939=EDGE_LOOP('',(#4306));
#940=EDGE_LOOP('',(#4307));
#941=EDGE_LOOP('',(#4308,#4309,#4310,#4311,#4312,#4313,#4314,#4315,#4316,
#4317));
#942=EDGE_LOOP('',(#4318,#4319,#4320,#4321));
#943=EDGE_LOOP('',(#4322,#4323,#4324,#4325,#4326,#4327,#4328,#4329,#4330));
#944=EDGE_LOOP('',(#4331,#4332,#4333,#4334,#4335,#4336,#4337,#4338,#4339,
#4340,#4341,#4342,#4343,#4344,#4345,#4346));
#945=LINE('',#6223,#1384);
#946=LINE('',#6225,#1385);
#947=LINE('',#6227,#1386);
#948=LINE('',#6228,#1387);
#949=LINE('',#6231,#1388);
#950=LINE('',#6233,#1389);
#951=LINE('',#6234,#1390);
#952=LINE('',#6237,#1391);
#953=LINE('',#6239,#1392);
#954=LINE('',#6240,#1393);
#955=LINE('',#6243,#1394);
#956=LINE('',#6245,#1395);
#957=LINE('',#6246,#1396);
#958=LINE('',#6249,#1397);
#959=LINE('',#6251,#1398);
#960=LINE('',#6252,#1399);
#961=LINE('',#6254,#1400);
#962=LINE('',#6255,#1401);
#963=LINE('',#6262,#1402);
#964=LINE('',#6264,#1403);
#965=LINE('',#6266,#1404);
#966=LINE('',#6267,#1405);
#967=LINE('',#6270,#1406);
#968=LINE('',#6272,#1407);
#969=LINE('',#6273,#1408);
#970=LINE('',#6276,#1409);
#971=LINE('',#6278,#1410);
#972=LINE('',#6279,#1411);
#973=LINE('',#6282,#1412);
#974=LINE('',#6284,#1413);
#975=LINE('',#6285,#1414);
#976=LINE('',#6288,#1415);
#977=LINE('',#6290,#1416);
#978=LINE('',#6291,#1417);
#979=LINE('',#6293,#1418);
#980=LINE('',#6294,#1419);
#981=LINE('',#6303,#1420);
#982=LINE('',#6311,#1421);
#983=LINE('',#6314,#1422);
#984=LINE('',#6316,#1423);
#985=LINE('',#6320,#1424);
#986=LINE('',#6322,#1425);
#987=LINE('',#6324,#1426);
#988=LINE('',#6328,#1427);
#989=LINE('',#6340,#1428);
#990=LINE('',#6361,#1429);
#991=LINE('',#6366,#1430);
#992=LINE('',#6385,#1431);
#993=LINE('',#6387,#1432);
#994=LINE('',#6388,#1433);
#995=LINE('',#6391,#1434);
#996=LINE('',#6394,#1435);
#997=LINE('',#6397,#1436);
#998=LINE('',#6398,#1437);
#999=LINE('',#6402,#1438);
#1000=LINE('',#6405,#1439);
#1001=LINE('',#6410,#1440);
#1002=LINE('',#6413,#1441);
#1003=LINE('',#6415,#1442);
#1004=LINE('',#6427,#1443);
#1005=LINE('',#6429,#1444);
#1006=LINE('',#6432,#1445);
#1007=LINE('',#6436,#1446);
#1008=LINE('',#6442,#1447);
#1009=LINE('',#6445,#1448);
#1010=LINE('',#6447,#1449);
#1011=LINE('',#6453,#1450);
#1012=LINE('',#6457,#1451);
#1013=LINE('',#6461,#1452);
#1014=LINE('',#6464,#1453);
#1015=LINE('',#6474,#1454);
#1016=LINE('',#6477,#1455);
#1017=LINE('',#6479,#1456);
#1018=LINE('',#6483,#1457);
#1019=LINE('',#6485,#1458);
#1020=LINE('',#6487,#1459);
#1021=LINE('',#6488,#1460);
#1022=LINE('',#6493,#1461);
#1023=LINE('',#6500,#1462);
#1024=LINE('',#6503,#1463);
#1025=LINE('',#6506,#1464);
#1026=LINE('',#6508,#1465);
#1027=LINE('',#6510,#1466);
#1028=LINE('',#6512,#1467);
#1029=LINE('',#6514,#1468);
#1030=LINE('',#6516,#1469);
#1031=LINE('',#6517,#1470);
#1032=LINE('',#6522,#1471);
#1033=LINE('',#6527,#1472);
#1034=LINE('',#6531,#1473);
#1035=LINE('',#6536,#1474);
#1036=LINE('',#6540,#1475);
#1037=LINE('',#6542,#1476);
#1038=LINE('',#6544,#1477);
#1039=LINE('',#6548,#1478);
#1040=LINE('',#6551,#1479);
#1041=LINE('',#6583,#1480);
#1042=LINE('',#6614,#1481);
#1043=LINE('',#6616,#1482);
#1044=LINE('',#6620,#1483);
#1045=LINE('',#6624,#1484);
#1046=LINE('',#6626,#1485);
#1047=LINE('',#6630,#1486);
#1048=LINE('',#6634,#1487);
#1049=LINE('',#6637,#1488);
#1050=LINE('',#6639,#1489);
#1051=LINE('',#6641,#1490);
#1052=LINE('',#6643,#1491);
#1053=LINE('',#6645,#1492);
#1054=LINE('',#6646,#1493);
#1055=LINE('',#6647,#1494);
#1056=LINE('',#6650,#1495);
#1057=LINE('',#6651,#1496);
#1058=LINE('',#6685,#1497);
#1059=LINE('',#6711,#1498);
#1060=LINE('',#6725,#1499);
#1061=LINE('',#6732,#1500);
#1062=LINE('',#6762,#1501);
#1063=LINE('',#6774,#1502);
#1064=LINE('',#6809,#1503);
#1065=LINE('',#6816,#1504);
#1066=LINE('',#6873,#1505);
#1067=LINE('',#6876,#1506);
#1068=LINE('',#6877,#1507);
#1069=LINE('',#6880,#1508);
#1070=LINE('',#6882,#1509);
#1071=LINE('',#6884,#1510);
#1072=LINE('',#6886,#1511);
#1073=LINE('',#6888,#1512);
#1074=LINE('',#6890,#1513);
#1075=LINE('',#6892,#1514);
#1076=LINE('',#6894,#1515);
#1077=LINE('',#6896,#1516);
#1078=LINE('',#6898,#1517);
#1079=LINE('',#6900,#1518);
#1080=LINE('',#6902,#1519);
#1081=LINE('',#6904,#1520);
#1082=LINE('',#6906,#1521);
#1083=LINE('',#6950,#1522);
#1084=LINE('',#6952,#1523);
#1085=LINE('',#6954,#1524);
#1086=LINE('',#6956,#1525);
#1087=LINE('',#6958,#1526);
#1088=LINE('',#6960,#1527);
#1089=LINE('',#6962,#1528);
#1090=LINE('',#6964,#1529);
#1091=LINE('',#6965,#1530);
#1092=LINE('',#6968,#1531);
#1093=LINE('',#6970,#1532);
#1094=LINE('',#6971,#1533);
#1095=LINE('',#6974,#1534);
#1096=LINE('',#6978,#1535);
#1097=LINE('',#6979,#1536);
#1098=LINE('',#6982,#1537);
#1099=LINE('',#6983,#1538);
#1100=LINE('',#6986,#1539);
#1101=LINE('',#6989,#1540);
#1102=LINE('',#6992,#1541);
#1103=LINE('',#6994,#1542);
#1104=LINE('',#6996,#1543);
#1105=LINE('',#6997,#1544);
#1106=LINE('',#7000,#1545);
#1107=LINE('',#7002,#1546);
#1108=LINE('',#7006,#1547);
#1109=LINE('',#7008,#1548);
#1110=LINE('',#7009,#1549);
#1111=LINE('',#7019,#1550);
#1112=LINE('',#7056,#1551);
#1113=LINE('',#7145,#1552);
#1114=LINE('',#7160,#1553);
#1115=LINE('',#7269,#1554);
#1116=LINE('',#7272,#1555);
#1117=LINE('',#7273,#1556);
#1118=LINE('',#7327,#1557);
#1119=LINE('',#7328,#1558);
#1120=LINE('',#7331,#1559);
#1121=LINE('',#7333,#1560);
#1122=LINE('',#7335,#1561);
#1123=LINE('',#7336,#1562);
#1124=LINE('',#7338,#1563);
#1125=LINE('',#7342,#1564);
#1126=LINE('',#7344,#1565);
#1127=LINE('',#7346,#1566);
#1128=LINE('',#7348,#1567);
#1129=LINE('',#7350,#1568);
#1130=LINE('',#7351,#1569);
#1131=LINE('',#7356,#1570);
#1132=LINE('',#7358,#1571);
#1133=LINE('',#7359,#1572);
#1134=LINE('',#7362,#1573);
#1135=LINE('',#7363,#1574);
#1136=LINE('',#7366,#1575);
#1137=LINE('',#7367,#1576);
#1138=LINE('',#7371,#1577);
#1139=LINE('',#7373,#1578);
#1140=LINE('',#7375,#1579);
#1141=LINE('',#7377,#1580);
#1142=LINE('',#7379,#1581);
#1143=LINE('',#7380,#1582);
#1144=LINE('',#7385,#1583);
#1145=LINE('',#7387,#1584);
#1146=LINE('',#7388,#1585);
#1147=LINE('',#7391,#1586);
#1148=LINE('',#7392,#1587);
#1149=LINE('',#7395,#1588);
#1150=LINE('',#7396,#1589);
#1151=LINE('',#7400,#1590);
#1152=LINE('',#7402,#1591);
#1153=LINE('',#7404,#1592);
#1154=LINE('',#7405,#1593);
#1155=LINE('',#7407,#1594);
#1156=LINE('',#7409,#1595);
#1157=LINE('',#7410,#1596);
#1158=LINE('',#7412,#1597);
#1159=LINE('',#7414,#1598);
#1160=LINE('',#7415,#1599);
#1161=LINE('',#7418,#1600);
#1162=LINE('',#7420,#1601);
#1163=LINE('',#7421,#1602);
#1164=LINE('',#7423,#1603);
#1165=LINE('',#7425,#1604);
#1166=LINE('',#7426,#1605);
#1167=LINE('',#7429,#1606);
#1168=LINE('',#7430,#1607);
#1169=LINE('',#7432,#1608);
#1170=LINE('',#7434,#1609);
#1171=LINE('',#7437,#1610);
#1172=LINE('',#7439,#1611);
#1173=LINE('',#7444,#1612);
#1174=LINE('',#7448,#1613);
#1175=LINE('',#7452,#1614);
#1176=LINE('',#7454,#1615);
#1177=LINE('',#7456,#1616);
#1178=LINE('',#7458,#1617);
#1179=LINE('',#7459,#1618);
#1180=LINE('',#7470,#1619);
#1181=LINE('',#7472,#1620);
#1182=LINE('',#7473,#1621);
#1183=LINE('',#7476,#1622);
#1184=LINE('',#7478,#1623);
#1185=LINE('',#7481,#1624);
#1186=LINE('',#7482,#1625);
#1187=LINE('',#7486,#1626);
#1188=LINE('',#7489,#1627);
#1189=LINE('',#7493,#1628);
#1190=LINE('',#7494,#1629);
#1191=LINE('',#7496,#1630);
#1192=LINE('',#7502,#1631);
#1193=LINE('',#7506,#1632);
#1194=LINE('',#7509,#1633);
#1195=LINE('',#7513,#1634);
#1196=LINE('',#7515,#1635);
#1197=LINE('',#7517,#1636);
#1198=LINE('',#7518,#1637);
#1199=LINE('',#7536,#1638);
#1200=LINE('',#7559,#1639);
#1201=LINE('',#7582,#1640);
#1202=LINE('',#7605,#1641);
#1203=LINE('',#7628,#1642);
#1204=LINE('',#7636,#1643);
#1205=LINE('',#7638,#1644);
#1206=LINE('',#7639,#1645);
#1207=LINE('',#7641,#1646);
#1208=LINE('',#7642,#1647);
#1209=LINE('',#7646,#1648);
#1210=LINE('',#7648,#1649);
#1211=LINE('',#7650,#1650);
#1212=LINE('',#7651,#1651);
#1213=LINE('',#7654,#1652);
#1214=LINE('',#7656,#1653);
#1215=LINE('',#7657,#1654);
#1216=LINE('',#7675,#1655);
#1217=LINE('',#7698,#1656);
#1218=LINE('',#7721,#1657);
#1219=LINE('',#7744,#1658);
#1220=LINE('',#7752,#1659);
#1221=LINE('',#7754,#1660);
#1222=LINE('',#7755,#1661);
#1223=LINE('',#7757,#1662);
#1224=LINE('',#7759,#1663);
#1225=LINE('',#7760,#1664);
#1226=LINE('',#7763,#1665);
#1227=LINE('',#7764,#1666);
#1228=LINE('',#7776,#1667);
#1229=LINE('',#7793,#1668);
#1230=LINE('',#7810,#1669);
#1231=LINE('',#7827,#1670);
#1232=LINE('',#7844,#1671);
#1233=LINE('',#7861,#1672);
#1234=LINE('',#7878,#1673);
#1235=LINE('',#7886,#1674);
#1236=LINE('',#7887,#1675);
#1237=LINE('',#7890,#1676);
#1238=LINE('',#7891,#1677);
#1239=LINE('',#7893,#1678);
#1240=LINE('',#7894,#1679);
#1241=LINE('',#7898,#1680);
#1242=LINE('',#7900,#1681);
#1243=LINE('',#7901,#1682);
#1244=LINE('',#7904,#1683);
#1245=LINE('',#7905,#1684);
#1246=LINE('',#7908,#1685);
#1247=LINE('',#7909,#1686);
#1248=LINE('',#7912,#1687);
#1249=LINE('',#7913,#1688);
#1250=LINE('',#7916,#1689);
#1251=LINE('',#7917,#1690);
#1252=LINE('',#7919,#1691);
#1253=LINE('',#7920,#1692);
#1254=LINE('',#7925,#1693);
#1255=LINE('',#7927,#1694);
#1256=LINE('',#7929,#1695);
#1257=LINE('',#7930,#1696);
#1258=LINE('',#7933,#1697);
#1259=LINE('',#7935,#1698);
#1260=LINE('',#7936,#1699);
#1261=LINE('',#7939,#1700);
#1262=LINE('',#7941,#1701);
#1263=LINE('',#7942,#1702);
#1264=LINE('',#7944,#1703);
#1265=LINE('',#7946,#1704);
#1266=LINE('',#7947,#1705);
#1267=LINE('',#7950,#1706);
#1268=LINE('',#7951,#1707);
#1269=LINE('',#7954,#1708);
#1270=LINE('',#7955,#1709);
#1271=LINE('',#7958,#1710);
#1272=LINE('',#7959,#1711);
#1273=LINE('',#7962,#1712);
#1274=LINE('',#7963,#1713);
#1275=LINE('',#7966,#1714);
#1276=LINE('',#7967,#1715);
#1277=LINE('',#7970,#1716);
#1278=LINE('',#7971,#1717);
#1279=LINE('',#7974,#1718);
#1280=LINE('',#7975,#1719);
#1281=LINE('',#7977,#1720);
#1282=LINE('',#7978,#1721);
#1283=LINE('',#7981,#1722);
#1284=LINE('',#7983,#1723);
#1285=LINE('',#8000,#1724);
#1286=LINE('',#8006,#1725);
#1287=LINE('',#8146,#1726);
#1288=LINE('',#8161,#1727);
#1289=LINE('',#8162,#1728);
#1290=LINE('',#8216,#1729);
#1291=LINE('',#8270,#1730);
#1292=LINE('',#8271,#1731);
#1293=LINE('',#8275,#1732);
#1294=LINE('',#8281,#1733);
#1295=LINE('',#8285,#1734);
#1296=LINE('',#8289,#1735);
#1297=LINE('',#8292,#1736);
#1298=LINE('',#8322,#1737);
#1299=LINE('',#8324,#1738);
#1300=LINE('',#8377,#1739);
#1301=LINE('',#8378,#1740);
#1302=LINE('',#8383,#1741);
#1303=LINE('',#8390,#1742);
#1304=LINE('',#8397,#1743);
#1305=LINE('',#8404,#1744);
#1306=LINE('',#8411,#1745);
#1307=LINE('',#8418,#1746);
#1308=LINE('',#8425,#1747);
#1309=LINE('',#8433,#1748);
#1310=LINE('',#8440,#1749);
#1311=LINE('',#8448,#1750);
#1312=LINE('',#8451,#1751);
#1313=LINE('',#8454,#1752);
#1314=LINE('',#8456,#1753);
#1315=LINE('',#8457,#1754);
#1316=LINE('',#8460,#1755);
#1317=LINE('',#8462,#1756);
#1318=LINE('',#8463,#1757);
#1319=LINE('',#8469,#1758);
#1320=LINE('',#8472,#1759);
#1321=LINE('',#8475,#1760);
#1322=LINE('',#8477,#1761);
#1323=LINE('',#8478,#1762);
#1324=LINE('',#8498,#1763);
#1325=LINE('',#8500,#1764);
#1326=LINE('',#8501,#1765);
#1327=LINE('',#8503,#1766);
#1328=LINE('',#8505,#1767);
#1329=LINE('',#8509,#1768);
#1330=LINE('',#8511,#1769);
#1331=LINE('',#8514,#1770);
#1332=LINE('',#8518,#1771);
#1333=LINE('',#8520,#1772);
#1334=LINE('',#8522,#1773);
#1335=LINE('',#8523,#1774);
#1336=LINE('',#8526,#1775);
#1337=LINE('',#8527,#1776);
#1338=LINE('',#8534,#1777);
#1339=LINE('',#8535,#1778);
#1340=LINE('',#8537,#1779);
#1341=LINE('',#8541,#1780);
#1342=LINE('',#8548,#1781);
#1343=LINE('',#8550,#1782);
#1344=LINE('',#8552,#1783);
#1345=LINE('',#8563,#1784);
#1346=LINE('',#8567,#1785);
#1347=LINE('',#8569,#1786);
#1348=LINE('',#8572,#1787);
#1349=LINE('',#8574,#1788);
#1350=LINE('',#8576,#1789);
#1351=LINE('',#8578,#1790);
#1352=LINE('',#8580,#1791);
#1353=LINE('',#8582,#1792);
#1354=LINE('',#8584,#1793);
#1355=LINE('',#8586,#1794);
#1356=LINE('',#8590,#1795);
#1357=LINE('',#8592,#1796);
#1358=LINE('',#8593,#1797);
#1359=LINE('',#8596,#1798);
#1360=LINE('',#8598,#1799);
#1361=LINE('',#8599,#1800);
#1362=LINE('',#8618,#1801);
#1363=LINE('',#8627,#1802);
#1364=LINE('',#8629,#1803);
#1365=LINE('',#8633,#1804);
#1366=LINE('',#8658,#1805);
#1367=LINE('',#8661,#1806);
#1368=LINE('',#8663,#1807);
#1369=LINE('',#8697,#1808);
#1370=LINE('',#8747,#1809);
#1371=LINE('',#8751,#1810);
#1372=LINE('',#8755,#1811);
#1373=LINE('',#8759,#1812);
#1374=LINE('',#8763,#1813);
#1375=LINE('',#8797,#1814);
#1376=LINE('',#8798,#1815);
#1377=LINE('',#8819,#1816);
#1378=LINE('',#8821,#1817);
#1379=LINE('',#8825,#1818);
#1380=LINE('',#8826,#1819);
#1381=LINE('',#8829,#1820);
#1382=LINE('',#8831,#1821);
#1383=LINE('',#8833,#1822);
#1384=VECTOR('',#5099,10.);
#1385=VECTOR('',#5100,10.);
#1386=VECTOR('',#5101,10.);
#1387=VECTOR('',#5102,10.);
#1388=VECTOR('',#5105,10.);
#1389=VECTOR('',#5106,10.);
#1390=VECTOR('',#5107,10.);
#1391=VECTOR('',#5110,10.);
#1392=VECTOR('',#5111,10.);
#1393=VECTOR('',#5112,10.);
#1394=VECTOR('',#5115,10.);
#1395=VECTOR('',#5116,10.);
#1396=VECTOR('',#5117,10.);
#1397=VECTOR('',#5120,10.);
#1398=VECTOR('',#5121,10.);
#1399=VECTOR('',#5122,10.);
#1400=VECTOR('',#5125,10.);
#1401=VECTOR('',#5126,10.);
#1402=VECTOR('',#5133,10.);
#1403=VECTOR('',#5134,10.);
#1404=VECTOR('',#5135,10.);
#1405=VECTOR('',#5136,10.);
#1406=VECTOR('',#5139,10.);
#1407=VECTOR('',#5140,10.);
#1408=VECTOR('',#5141,10.);
#1409=VECTOR('',#5144,10.);
#1410=VECTOR('',#5145,10.);
#1411=VECTOR('',#5146,10.);
#1412=VECTOR('',#5149,10.);
#1413=VECTOR('',#5150,10.);
#1414=VECTOR('',#5151,10.);
#1415=VECTOR('',#5154,10.);
#1416=VECTOR('',#5155,10.);
#1417=VECTOR('',#5156,10.);
#1418=VECTOR('',#5159,10.);
#1419=VECTOR('',#5160,10.);
#1420=VECTOR('',#5169,10.);
#1421=VECTOR('',#5170,10.);
#1422=VECTOR('',#5173,10.);
#1423=VECTOR('',#5174,10.);
#1424=VECTOR('',#5177,10.);
#1425=VECTOR('',#5178,10.);
#1426=VECTOR('',#5179,10.);
#1427=VECTOR('',#5182,10.);
#1428=VECTOR('',#5189,10.);
#1429=VECTOR('',#5194,10.);
#1430=VECTOR('',#5199,10.);
#1431=VECTOR('',#5202,10.);
#1432=VECTOR('',#5203,10.);
#1433=VECTOR('',#5204,10.);
#1434=VECTOR('',#5207,10.);
#1435=VECTOR('',#5210,10.);
#1436=VECTOR('',#5213,10.);
#1437=VECTOR('',#5214,10.);
#1438=VECTOR('',#5217,10.);
#1439=VECTOR('',#5220,10.);
#1440=VECTOR('',#5225,1.50000000000001);
#1441=VECTOR('',#5228,10.);
#1442=VECTOR('',#5229,10.);
#1443=VECTOR('',#5244,1.49999999999999);
#1444=VECTOR('',#5245,10.);
#1445=VECTOR('',#5248,10.);
#1446=VECTOR('',#5251,10.);
#1447=VECTOR('',#5258,1.5);
#1448=VECTOR('',#5261,10.);
#1449=VECTOR('',#5262,10.);
#1450=VECTOR('',#5269,1.5);
#1451=VECTOR('',#5272,10.);
#1452=VECTOR('',#5275,10.);
#1453=VECTOR('',#5280,10.);
#1454=VECTOR('',#5291,1.5);
#1455=VECTOR('',#5294,10.);
#1456=VECTOR('',#5295,10.);
#1457=VECTOR('',#5300,10.);
#1458=VECTOR('',#5301,10.);
#1459=VECTOR('',#5302,10.);
#1460=VECTOR('',#5303,10.);
#1461=VECTOR('',#5308,10.);
#1462=VECTOR('',#5315,10.);
#1463=VECTOR('',#5318,10.);
#1464=VECTOR('',#5321,10.);
#1465=VECTOR('',#5322,10.);
#1466=VECTOR('',#5323,10.);
#1467=VECTOR('',#5324,10.);
#1468=VECTOR('',#5325,10.);
#1469=VECTOR('',#5326,10.);
#1470=VECTOR('',#5327,10.);
#1471=VECTOR('',#5332,10.);
#1472=VECTOR('',#5337,10.);
#1473=VECTOR('',#5340,10.);
#1474=VECTOR('',#5345,10.);
#1475=VECTOR('',#5348,10.);
#1476=VECTOR('',#5349,10.);
#1477=VECTOR('',#5350,10.);
#1478=VECTOR('',#5353,10.);
#1479=VECTOR('',#5356,10.);
#1480=VECTOR('',#5357,10.);
#1481=VECTOR('',#5358,10.);
#1482=VECTOR('',#5359,10.);
#1483=VECTOR('',#5362,10.);
#1484=VECTOR('',#5365,10.);
#1485=VECTOR('',#5366,10.);
#1486=VECTOR('',#5369,10.);
#1487=VECTOR('',#5374,10.);
#1488=VECTOR('',#5377,10.);
#1489=VECTOR('',#5380,10.);
#1490=VECTOR('',#5381,10.);
#1491=VECTOR('',#5382,10.);
#1492=VECTOR('',#5383,10.);
#1493=VECTOR('',#5384,10.);
#1494=VECTOR('',#5385,10.);
#1495=VECTOR('',#5388,10.);
#1496=VECTOR('',#5389,10.);
#1497=VECTOR('',#5390,10.);
#1498=VECTOR('',#5391,10.);
#1499=VECTOR('',#5392,10.);
#1500=VECTOR('',#5395,10.);
#1501=VECTOR('',#5396,10.);
#1502=VECTOR('',#5397,10.);
#1503=VECTOR('',#5398,10.);
#1504=VECTOR('',#5401,10.);
#1505=VECTOR('',#5406,10.);
#1506=VECTOR('',#5409,10.);
#1507=VECTOR('',#5410,0.0281616654978123);
#1508=VECTOR('',#5413,10.);
#1509=VECTOR('',#5414,10.);
#1510=VECTOR('',#5415,10.);
#1511=VECTOR('',#5416,10.);
#1512=VECTOR('',#5417,10.);
#1513=VECTOR('',#5418,10.);
#1514=VECTOR('',#5419,10.);
#1515=VECTOR('',#5420,10.);
#1516=VECTOR('',#5421,10.);
#1517=VECTOR('',#5422,10.);
#1518=VECTOR('',#5423,10.);
#1519=VECTOR('',#5424,10.);
#1520=VECTOR('',#5425,10.);
#1521=VECTOR('',#5426,10.);
#1522=VECTOR('',#5427,10.);
#1523=VECTOR('',#5428,10.);
#1524=VECTOR('',#5429,10.);
#1525=VECTOR('',#5430,10.);
#1526=VECTOR('',#5431,10.);
#1527=VECTOR('',#5432,10.);
#1528=VECTOR('',#5433,10.);
#1529=VECTOR('',#5434,10.);
#1530=VECTOR('',#5435,10.);
#1531=VECTOR('',#5438,10.);
#1532=VECTOR('',#5439,10.);
#1533=VECTOR('',#5440,10.);
#1534=VECTOR('',#5443,10.);
#1535=VECTOR('',#5448,10.);
#1536=VECTOR('',#5449,10.);
#1537=VECTOR('',#5452,10.);
#1538=VECTOR('',#5453,10.);
#1539=VECTOR('',#5456,10.);
#1540=VECTOR('',#5461,10.);
#1541=VECTOR('',#5464,10.);
#1542=VECTOR('',#5465,10.);
#1543=VECTOR('',#5466,10.);
#1544=VECTOR('',#5467,10.);
#1545=VECTOR('',#5470,10.);
#1546=VECTOR('',#5471,10.);
#1547=VECTOR('',#5476,10.);
#1548=VECTOR('',#5477,10.);
#1549=VECTOR('',#5478,10.);
#1550=VECTOR('',#5479,10.);
#1551=VECTOR('',#5480,10.);
#1552=VECTOR('',#5501,10.);
#1553=VECTOR('',#5504,10.);
#1554=VECTOR('',#5511,10.);
#1555=VECTOR('',#5514,10.);
#1556=VECTOR('',#5515,10.);
#1557=VECTOR('',#5520,73.8744138634477);
#1558=VECTOR('',#5521,73.8744138634477);
#1559=VECTOR('',#5524,10.);
#1560=VECTOR('',#5525,10.);
#1561=VECTOR('',#5526,73.8467321391473);
#1562=VECTOR('',#5527,73.8467321391473);
#1563=VECTOR('',#5530,10.);
#1564=VECTOR('',#5533,10.);
#1565=VECTOR('',#5534,10.);
#1566=VECTOR('',#5535,10.);
#1567=VECTOR('',#5536,10.);
#1568=VECTOR('',#5537,10.);
#1569=VECTOR('',#5538,10.);
#1570=VECTOR('',#5543,10.);
#1571=VECTOR('',#5544,10.);
#1572=VECTOR('',#5545,10.);
#1573=VECTOR('',#5548,10.);
#1574=VECTOR('',#5549,10.);
#1575=VECTOR('',#5552,10.);
#1576=VECTOR('',#5553,10.);
#1577=VECTOR('',#5556,10.);
#1578=VECTOR('',#5557,10.);
#1579=VECTOR('',#5558,10.);
#1580=VECTOR('',#5559,10.);
#1581=VECTOR('',#5560,10.);
#1582=VECTOR('',#5561,10.);
#1583=VECTOR('',#5566,10.);
#1584=VECTOR('',#5567,10.);
#1585=VECTOR('',#5568,10.);
#1586=VECTOR('',#5571,10.);
#1587=VECTOR('',#5572,10.);
#1588=VECTOR('',#5575,10.);
#1589=VECTOR('',#5576,10.);
#1590=VECTOR('',#5579,10.);
#1591=VECTOR('',#5580,10.);
#1592=VECTOR('',#5581,10.);
#1593=VECTOR('',#5582,10.);
#1594=VECTOR('',#5583,10.);
#1595=VECTOR('',#5584,10.);
#1596=VECTOR('',#5585,10.);
#1597=VECTOR('',#5586,10.);
#1598=VECTOR('',#5587,10.);
#1599=VECTOR('',#5588,10.);
#1600=VECTOR('',#5591,10.);
#1601=VECTOR('',#5592,10.);
#1602=VECTOR('',#5593,10.);
#1603=VECTOR('',#5594,10.);
#1604=VECTOR('',#5595,10.);
#1605=VECTOR('',#5596,10.);
#1606=VECTOR('',#5599,10.);
#1607=VECTOR('',#5600,10.);
#1608=VECTOR('',#5603,10.);
#1609=VECTOR('',#5606,10.);
#1610=VECTOR('',#5611,10.);
#1611=VECTOR('',#5614,10.);
#1612=VECTOR('',#5619,10.);
#1613=VECTOR('',#5622,10.);
#1614=VECTOR('',#5625,10.);
#1615=VECTOR('',#5628,10.);
#1616=VECTOR('',#5631,10.);
#1617=VECTOR('',#5632,10.);
#1618=VECTOR('',#5633,10.);
#1619=VECTOR('',#5646,10.);
#1620=VECTOR('',#5647,10.);
#1621=VECTOR('',#5648,10.);
#1622=VECTOR('',#5651,10.);
#1623=VECTOR('',#5654,10.);
#1624=VECTOR('',#5657,10.);
#1625=VECTOR('',#5658,10.);
#1626=VECTOR('',#5665,10.);
#1627=VECTOR('',#5668,10.);
#1628=VECTOR('',#5673,10.);
#1629=VECTOR('',#5674,10.);
#1630=VECTOR('',#5677,10.);
#1631=VECTOR('',#5684,1.53021768065465);
#1632=VECTOR('',#5689,10.);
#1633=VECTOR('',#5692,10.);
#1634=VECTOR('',#5695,10.);
#1635=VECTOR('',#5696,10.);
#1636=VECTOR('',#5697,10.);
#1637=VECTOR('',#5698,10.);
#1638=VECTOR('',#5699,10.);
#1639=VECTOR('',#5700,10.);
#1640=VECTOR('',#5701,10.);
#1641=VECTOR('',#5702,10.);
#1642=VECTOR('',#5703,10.);
#1643=VECTOR('',#5706,10.);
#1644=VECTOR('',#5707,10.);
#1645=VECTOR('',#5708,10.);
#1646=VECTOR('',#5711,10.);
#1647=VECTOR('',#5712,10.);
#1648=VECTOR('',#5715,10.);
#1649=VECTOR('',#5716,10.);
#1650=VECTOR('',#5717,10.);
#1651=VECTOR('',#5718,10.);
#1652=VECTOR('',#5721,10.);
#1653=VECTOR('',#5722,10.);
#1654=VECTOR('',#5723,10.);
#1655=VECTOR('',#5724,10.);
#1656=VECTOR('',#5725,10.);
#1657=VECTOR('',#5726,10.);
#1658=VECTOR('',#5727,10.);
#1659=VECTOR('',#5730,10.);
#1660=VECTOR('',#5731,10.);
#1661=VECTOR('',#5732,10.);
#1662=VECTOR('',#5735,10.);
#1663=VECTOR('',#5736,10.);
#1664=VECTOR('',#5737,10.);
#1665=VECTOR('',#5740,10.);
#1666=VECTOR('',#5741,10.);
#1667=VECTOR('',#5742,10.);
#1668=VECTOR('',#5743,10.);
#1669=VECTOR('',#5744,10.);
#1670=VECTOR('',#5745,10.);
#1671=VECTOR('',#5746,10.);
#1672=VECTOR('',#5747,10.);
#1673=VECTOR('',#5748,10.);
#1674=VECTOR('',#5751,10.);
#1675=VECTOR('',#5752,10.);
#1676=VECTOR('',#5755,10.);
#1677=VECTOR('',#5756,10.);
#1678=VECTOR('',#5759,10.);
#1679=VECTOR('',#5760,10.);
#1680=VECTOR('',#5765,10.);
#1681=VECTOR('',#5766,10.);
#1682=VECTOR('',#5767,10.);
#1683=VECTOR('',#5770,10.);
#1684=VECTOR('',#5771,10.);
#1685=VECTOR('',#5774,10.);
#1686=VECTOR('',#5775,10.);
#1687=VECTOR('',#5778,10.);
#1688=VECTOR('',#5779,10.);
#1689=VECTOR('',#5782,10.);
#1690=VECTOR('',#5783,10.);
#1691=VECTOR('',#5786,10.);
#1692=VECTOR('',#5787,10.);
#1693=VECTOR('',#5792,10.);
#1694=VECTOR('',#5793,10.);
#1695=VECTOR('',#5794,10.);
#1696=VECTOR('',#5795,10.);
#1697=VECTOR('',#5798,10.);
#1698=VECTOR('',#5799,10.);
#1699=VECTOR('',#5800,10.);
#1700=VECTOR('',#5803,10.);
#1701=VECTOR('',#5804,10.);
#1702=VECTOR('',#5805,10.);
#1703=VECTOR('',#5808,10.);
#1704=VECTOR('',#5809,10.);
#1705=VECTOR('',#5810,10.);
#1706=VECTOR('',#5813,10.);
#1707=VECTOR('',#5814,10.);
#1708=VECTOR('',#5817,10.);
#1709=VECTOR('',#5818,10.);
#1710=VECTOR('',#5821,10.);
#1711=VECTOR('',#5822,10.);
#1712=VECTOR('',#5825,10.);
#1713=VECTOR('',#5826,10.);
#1714=VECTOR('',#5829,10.);
#1715=VECTOR('',#5830,10.);
#1716=VECTOR('',#5833,10.);
#1717=VECTOR('',#5834,10.);
#1718=VECTOR('',#5837,10.);
#1719=VECTOR('',#5838,10.);
#1720=VECTOR('',#5841,10.);
#1721=VECTOR('',#5842,10.);
#1722=VECTOR('',#5847,10.);
#1723=VECTOR('',#5850,10.);
#1724=VECTOR('',#5853,10.);
#1725=VECTOR('',#5854,10.);
#1726=VECTOR('',#5857,10.);
#1727=VECTOR('',#5858,10.);
#1728=VECTOR('',#5859,10.);
#1729=VECTOR('',#5862,10.);
#1730=VECTOR('',#5867,11.3008090962791);
#1731=VECTOR('',#5868,11.3008090962791);
#1732=VECTOR('',#5873,48.800801468946);
#1733=VECTOR('',#5878,10.);
#1734=VECTOR('',#5881,10.);
#1735=VECTOR('',#5884,10.);
#1736=VECTOR('',#5887,10.);
#1737=VECTOR('',#5888,10.);
#1738=VECTOR('',#5889,10.);
#1739=VECTOR('',#5890,11.3950956987643);
#1740=VECTOR('',#5891,11.3950956987643);
#1741=VECTOR('',#5896,1.5);
#1742=VECTOR('',#5905,1.5);
#1743=VECTOR('',#5914,1.50000000000001);
#1744=VECTOR('',#5923,1.5);
#1745=VECTOR('',#5932,1.5);
#1746=VECTOR('',#5941,1.5);
#1747=VECTOR('',#5950,1.50000000000001);
#1748=VECTOR('',#5961,1.5);
#1749=VECTOR('',#5970,1.5);
#1750=VECTOR('',#5979,10.);
#1751=VECTOR('',#5982,10.);
#1752=VECTOR('',#5985,10.);
#1753=VECTOR('',#5986,10.);
#1754=VECTOR('',#5987,10.);
#1755=VECTOR('',#5990,10.);
#1756=VECTOR('',#5991,10.);
#1757=VECTOR('',#5992,10.);
#1758=VECTOR('',#5997,10.);
#1759=VECTOR('',#6000,10.);
#1760=VECTOR('',#6003,10.);
#1761=VECTOR('',#6004,10.);
#1762=VECTOR('',#6005,10.);
#1763=VECTOR('',#6014,10.);
#1764=VECTOR('',#6015,10.);
#1765=VECTOR('',#6016,10.);
#1766=VECTOR('',#6017,10.);
#1767=VECTOR('',#6018,10.);
#1768=VECTOR('',#6021,10.);
#1769=VECTOR('',#6022,10.);
#1770=VECTOR('',#6025,10.);
#1771=VECTOR('',#6028,10.);
#1772=VECTOR('',#6029,10.);
#1773=VECTOR('',#6030,10.);
#1774=VECTOR('',#6031,10.);
#1775=VECTOR('',#6034,10.);
#1776=VECTOR('',#6035,10.);
#1777=VECTOR('',#6046,10.);
#1778=VECTOR('',#6047,10.);
#1779=VECTOR('',#6048,10.);
#1780=VECTOR('',#6051,10.);
#1781=VECTOR('',#6052,10.);
#1782=VECTOR('',#6053,10.);
#1783=VECTOR('',#6054,10.);
#1784=VECTOR('',#6059,10.);
#1785=VECTOR('',#6062,10.);
#1786=VECTOR('',#6063,10.);
#1787=VECTOR('',#6066,10.);
#1788=VECTOR('',#6069,10.);
#1789=VECTOR('',#6072,10.);
#1790=VECTOR('',#6075,10.);
#1791=VECTOR('',#6078,10.);
#1792=VECTOR('',#6081,10.);
#1793=VECTOR('',#6084,10.);
#1794=VECTOR('',#6087,10.);
#1795=VECTOR('',#6092,10.);
#1796=VECTOR('',#6093,10.);
#1797=VECTOR('',#6094,10.);
#1798=VECTOR('',#6097,10.);
#1799=VECTOR('',#6098,10.);
#1800=VECTOR('',#6099,10.);
#1801=VECTOR('',#6100,10.);
#1802=VECTOR('',#6115,10.);
#1803=VECTOR('',#6118,10.);
#1804=VECTOR('',#6123,10.);
#1805=VECTOR('',#6126,1.5);
#1806=VECTOR('',#6131,1.4);
#1807=VECTOR('',#6134,1.4);
#1808=VECTOR('',#6135,10.);
#1809=VECTOR('',#6154,43.75);
#1810=VECTOR('',#6159,1.5);
#1811=VECTOR('',#6164,1.5);
#1812=VECTOR('',#6169,1.55);
#1813=VECTOR('',#6174,1.5);
#1814=VECTOR('',#6175,10.);
#1815=VECTOR('',#6176,10.);
#1816=VECTOR('',#6183,10.);
#1817=VECTOR('',#6186,10.);
#1818=VECTOR('',#6191,10.);
#1819=VECTOR('',#6192,10.);
#1820=VECTOR('',#6197,1.40000000000001);
#1821=VECTOR('',#6200,1.4);
#1822=VECTOR('',#6203,10.);
#1823=VERTEX_POINT('',#6221);
#1824=VERTEX_POINT('',#6222);
#1825=VERTEX_POINT('',#6224);
#1826=VERTEX_POINT('',#6226);
#1827=VERTEX_POINT('',#6230);
#1828=VERTEX_POINT('',#6232);
#1829=VERTEX_POINT('',#6236);
#1830=VERTEX_POINT('',#6238);
#1831=VERTEX_POINT('',#6242);
#1832=VERTEX_POINT('',#6244);
#1833=VERTEX_POINT('',#6248);
#1834=VERTEX_POINT('',#6250);
#1835=VERTEX_POINT('',#6257);
#1836=VERTEX_POINT('',#6260);
#1837=VERTEX_POINT('',#6261);
#1838=VERTEX_POINT('',#6263);
#1839=VERTEX_POINT('',#6265);
#1840=VERTEX_POINT('',#6269);
#1841=VERTEX_POINT('',#6271);
#1842=VERTEX_POINT('',#6275);
#1843=VERTEX_POINT('',#6277);
#1844=VERTEX_POINT('',#6281);
#1845=VERTEX_POINT('',#6283);
#1846=VERTEX_POINT('',#6287);
#1847=VERTEX_POINT('',#6289);
#1848=VERTEX_POINT('',#6296);
#1849=VERTEX_POINT('',#6299);
#1850=VERTEX_POINT('',#6300);
#1851=VERTEX_POINT('',#6302);
#1852=VERTEX_POINT('',#6304);
#1853=VERTEX_POINT('',#6313);
#1854=VERTEX_POINT('',#6315);
#1855=VERTEX_POINT('',#6317);
#1856=VERTEX_POINT('',#6319);
#1857=VERTEX_POINT('',#6321);
#1858=VERTEX_POINT('',#6323);
#1859=VERTEX_POINT('',#6325);
#1860=VERTEX_POINT('',#6327);
#1861=VERTEX_POINT('',#6331);
#1862=VERTEX_POINT('',#6338);
#1863=VERTEX_POINT('',#6342);
#1864=VERTEX_POINT('',#6344);
#1865=VERTEX_POINT('',#6363);
#1866=VERTEX_POINT('',#6365);
#1867=VERTEX_POINT('',#6384);
#1868=VERTEX_POINT('',#6386);
#1869=VERTEX_POINT('',#6390);
#1870=VERTEX_POINT('',#6392);
#1871=VERTEX_POINT('',#6396);
#1872=VERTEX_POINT('',#6400);
#1873=VERTEX_POINT('',#6401);
#1874=VERTEX_POINT('',#6403);
#1875=VERTEX_POINT('',#6407);
#1876=VERTEX_POINT('',#6409);
#1877=VERTEX_POINT('',#6411);
#1878=VERTEX_POINT('',#6414);
#1879=VERTEX_POINT('',#6418);
#1880=VERTEX_POINT('',#6419);
#1881=VERTEX_POINT('',#6421);
#1882=VERTEX_POINT('',#6425);
#1883=VERTEX_POINT('',#6428);
#1884=VERTEX_POINT('',#6430);
#1885=VERTEX_POINT('',#6434);
#1886=VERTEX_POINT('',#6435);
#1887=VERTEX_POINT('',#6439);
#1888=VERTEX_POINT('',#6441);
#1889=VERTEX_POINT('',#6443);
#1890=VERTEX_POINT('',#6446);
#1891=VERTEX_POINT('',#6450);
#1892=VERTEX_POINT('',#6452);
#1893=VERTEX_POINT('',#6454);
#1894=VERTEX_POINT('',#6456);
#1895=VERTEX_POINT('',#6458);
#1896=VERTEX_POINT('',#6460);
#1897=VERTEX_POINT('',#6466);
#1898=VERTEX_POINT('',#6467);
#1899=VERTEX_POINT('',#6471);
#1900=VERTEX_POINT('',#6473);
#1901=VERTEX_POINT('',#6475);
#1902=VERTEX_POINT('',#6478);
#1903=VERTEX_POINT('',#6482);
#1904=VERTEX_POINT('',#6484);
#1905=VERTEX_POINT('',#6486);
#1906=VERTEX_POINT('',#6490);
#1907=VERTEX_POINT('',#6492);
#1908=VERTEX_POINT('',#6496);
#1909=VERTEX_POINT('',#6497);
#1910=VERTEX_POINT('',#6499);
#1911=VERTEX_POINT('',#6501);
#1912=VERTEX_POINT('',#6505);
#1913=VERTEX_POINT('',#6507);
#1914=VERTEX_POINT('',#6509);
#1915=VERTEX_POINT('',#6511);
#1916=VERTEX_POINT('',#6513);
#1917=VERTEX_POINT('',#6515);
#1918=VERTEX_POINT('',#6519);
#1919=VERTEX_POINT('',#6521);
#1920=VERTEX_POINT('',#6525);
#1921=VERTEX_POINT('',#6526);
#1922=VERTEX_POINT('',#6528);
#1923=VERTEX_POINT('',#6530);
#1924=VERTEX_POINT('',#6534);
#1925=VERTEX_POINT('',#6535);
#1926=VERTEX_POINT('',#6537);
#1927=VERTEX_POINT('',#6539);
#1928=VERTEX_POINT('',#6541);
#1929=VERTEX_POINT('',#6543);
#1930=VERTEX_POINT('',#6545);
#1931=VERTEX_POINT('',#6547);
#1932=VERTEX_POINT('',#6549);
#1933=VERTEX_POINT('',#6552);
#1934=VERTEX_POINT('',#6553);
#1935=VERTEX_POINT('',#6570);
#1936=VERTEX_POINT('',#6575);
#1937=VERTEX_POINT('',#6582);
#1938=VERTEX_POINT('',#6584);
#1939=VERTEX_POINT('',#6591);
#1940=VERTEX_POINT('',#6596);
#1941=VERTEX_POINT('',#6613);
#1942=VERTEX_POINT('',#6615);
#1943=VERTEX_POINT('',#6617);
#1944=VERTEX_POINT('',#6619);
#1945=VERTEX_POINT('',#6621);
#1946=VERTEX_POINT('',#6623);
#1947=VERTEX_POINT('',#6625);
#1948=VERTEX_POINT('',#6627);
#1949=VERTEX_POINT('',#6629);
#1950=VERTEX_POINT('',#6633);
#1951=VERTEX_POINT('',#6635);
#1952=VERTEX_POINT('',#6640);
#1953=VERTEX_POINT('',#6642);
#1954=VERTEX_POINT('',#6644);
#1955=VERTEX_POINT('',#6649);
#1956=VERTEX_POINT('',#6684);
#1957=VERTEX_POINT('',#6710);
#1958=VERTEX_POINT('',#6724);
#1959=VERTEX_POINT('',#6731);
#1960=VERTEX_POINT('',#6733);
#1961=VERTEX_POINT('',#6752);
#1962=VERTEX_POINT('',#6761);
#1963=VERTEX_POINT('',#6763);
#1964=VERTEX_POINT('',#6768);
#1965=VERTEX_POINT('',#6773);
#1966=VERTEX_POINT('',#6775);
#1967=VERTEX_POINT('',#6808);
#1968=VERTEX_POINT('',#6815);
#1969=VERTEX_POINT('',#6817);
#1970=VERTEX_POINT('',#6819);
#1971=VERTEX_POINT('',#6830);
#1972=VERTEX_POINT('',#6835);
#1973=VERTEX_POINT('',#6848);
#1974=VERTEX_POINT('',#6859);
#1975=VERTEX_POINT('',#6864);
#1976=VERTEX_POINT('',#6871);
#1977=VERTEX_POINT('',#6875);
#1978=VERTEX_POINT('',#6879);
#1979=VERTEX_POINT('',#6881);
#1980=VERTEX_POINT('',#6883);
#1981=VERTEX_POINT('',#6885);
#1982=VERTEX_POINT('',#6887);
#1983=VERTEX_POINT('',#6889);
#1984=VERTEX_POINT('',#6891);
#1985=VERTEX_POINT('',#6893);
#1986=VERTEX_POINT('',#6895);
#1987=VERTEX_POINT('',#6897);
#1988=VERTEX_POINT('',#6899);
#1989=VERTEX_POINT('',#6901);
#1990=VERTEX_POINT('',#6903);
#1991=VERTEX_POINT('',#6905);
#1992=VERTEX_POINT('',#6907);
#1993=VERTEX_POINT('',#6913);
#1994=VERTEX_POINT('',#6919);
#1995=VERTEX_POINT('',#6925);
#1996=VERTEX_POINT('',#6931);
#1997=VERTEX_POINT('',#6937);
#1998=VERTEX_POINT('',#6943);
#1999=VERTEX_POINT('',#6949);
#2000=VERTEX_POINT('',#6951);
#2001=VERTEX_POINT('',#6953);
#2002=VERTEX_POINT('',#6955);
#2003=VERTEX_POINT('',#6957);
#2004=VERTEX_POINT('',#6959);
#2005=VERTEX_POINT('',#6961);
#2006=VERTEX_POINT('',#6963);
#2007=VERTEX_POINT('',#6967);
#2008=VERTEX_POINT('',#6969);
#2009=VERTEX_POINT('',#6973);
#2010=VERTEX_POINT('',#6977);
#2011=VERTEX_POINT('',#6981);
#2012=VERTEX_POINT('',#6985);
#2013=VERTEX_POINT('',#6991);
#2014=VERTEX_POINT('',#6993);
#2015=VERTEX_POINT('',#6995);
#2016=VERTEX_POINT('',#6999);
#2017=VERTEX_POINT('',#7001);
#2018=VERTEX_POINT('',#7005);
#2019=VERTEX_POINT('',#7007);
#2020=VERTEX_POINT('',#7018);
#2021=VERTEX_POINT('',#7076);
#2022=VERTEX_POINT('',#7087);
#2023=VERTEX_POINT('',#7097);
#2024=VERTEX_POINT('',#7098);
#2025=VERTEX_POINT('',#7109);
#2026=VERTEX_POINT('',#7125);
#2027=VERTEX_POINT('',#7147);
#2028=VERTEX_POINT('',#7162);
#2029=VERTEX_POINT('',#7163);
#2030=VERTEX_POINT('',#7177);
#2031=VERTEX_POINT('',#7240);
#2032=VERTEX_POINT('',#7260);
#2033=VERTEX_POINT('',#7271);
#2034=VERTEX_POINT('',#7302);
#2035=VERTEX_POINT('',#7304);
#2036=VERTEX_POINT('',#7306);
#2037=VERTEX_POINT('',#7311);
#2038=VERTEX_POINT('',#7316);
#2039=VERTEX_POINT('',#7321);
#2040=VERTEX_POINT('',#7326);
#2041=VERTEX_POINT('',#7330);
#2042=VERTEX_POINT('',#7332);
#2043=VERTEX_POINT('',#7334);
#2044=VERTEX_POINT('',#7340);
#2045=VERTEX_POINT('',#7341);
#2046=VERTEX_POINT('',#7343);
#2047=VERTEX_POINT('',#7345);
#2048=VERTEX_POINT('',#7347);
#2049=VERTEX_POINT('',#7349);
#2050=VERTEX_POINT('',#7352);
#2051=VERTEX_POINT('',#7355);
#2052=VERTEX_POINT('',#7357);
#2053=VERTEX_POINT('',#7361);
#2054=VERTEX_POINT('',#7365);
#2055=VERTEX_POINT('',#7369);
#2056=VERTEX_POINT('',#7370);
#2057=VERTEX_POINT('',#7372);
#2058=VERTEX_POINT('',#7374);
#2059=VERTEX_POINT('',#7376);
#2060=VERTEX_POINT('',#7378);
#2061=VERTEX_POINT('',#7381);
#2062=VERTEX_POINT('',#7384);
#2063=VERTEX_POINT('',#7386);
#2064=VERTEX_POINT('',#7390);
#2065=VERTEX_POINT('',#7394);
#2066=VERTEX_POINT('',#7398);
#2067=VERTEX_POINT('',#7399);
#2068=VERTEX_POINT('',#7401);
#2069=VERTEX_POINT('',#7403);
#2070=VERTEX_POINT('',#7406);
#2071=VERTEX_POINT('',#7408);
#2072=VERTEX_POINT('',#7411);
#2073=VERTEX_POINT('',#7413);
#2074=VERTEX_POINT('',#7417);
#2075=VERTEX_POINT('',#7419);
#2076=VERTEX_POINT('',#7422);
#2077=VERTEX_POINT('',#7424);
#2078=VERTEX_POINT('',#7428);
#2079=VERTEX_POINT('',#7442);
#2080=VERTEX_POINT('',#7443);
#2081=VERTEX_POINT('',#7445);
#2082=VERTEX_POINT('',#7447);
#2083=VERTEX_POINT('',#7449);
#2084=VERTEX_POINT('',#7451);
#2085=VERTEX_POINT('',#7457);
#2086=VERTEX_POINT('',#7460);
#2087=VERTEX_POINT('',#7462);
#2088=VERTEX_POINT('',#7464);
#2089=VERTEX_POINT('',#7466);
#2090=VERTEX_POINT('',#7471);
#2091=VERTEX_POINT('',#7475);
#2092=VERTEX_POINT('',#7480);
#2093=VERTEX_POINT('',#7488);
#2094=VERTEX_POINT('',#7492);
#2095=VERTEX_POINT('',#7499);
#2096=VERTEX_POINT('',#7501);
#2097=VERTEX_POINT('',#7505);
#2098=VERTEX_POINT('',#7507);
#2099=VERTEX_POINT('',#7511);
#2100=VERTEX_POINT('',#7512);
#2101=VERTEX_POINT('',#7514);
#2102=VERTEX_POINT('',#7516);
#2103=VERTEX_POINT('',#7529);
#2104=VERTEX_POINT('',#7535);
#2105=VERTEX_POINT('',#7552);
#2106=VERTEX_POINT('',#7558);
#2107=VERTEX_POINT('',#7575);
#2108=VERTEX_POINT('',#7581);
#2109=VERTEX_POINT('',#7598);
#2110=VERTEX_POINT('',#7604);
#2111=VERTEX_POINT('',#7621);
#2112=VERTEX_POINT('',#7627);
#2113=VERTEX_POINT('',#7635);
#2114=VERTEX_POINT('',#7637);
#2115=VERTEX_POINT('',#7644);
#2116=VERTEX_POINT('',#7645);
#2117=VERTEX_POINT('',#7647);
#2118=VERTEX_POINT('',#7649);
#2119=VERTEX_POINT('',#7653);
#2120=VERTEX_POINT('',#7655);
#2121=VERTEX_POINT('',#7668);
#2122=VERTEX_POINT('',#7674);
#2123=VERTEX_POINT('',#7691);
#2124=VERTEX_POINT('',#7697);
#2125=VERTEX_POINT('',#7714);
#2126=VERTEX_POINT('',#7720);
#2127=VERTEX_POINT('',#7737);
#2128=VERTEX_POINT('',#7743);
#2129=VERTEX_POINT('',#7751);
#2130=VERTEX_POINT('',#7753);
#2131=VERTEX_POINT('',#7758);
#2132=VERTEX_POINT('',#7762);
#2133=VERTEX_POINT('',#7775);
#2134=VERTEX_POINT('',#7792);
#2135=VERTEX_POINT('',#7809);
#2136=VERTEX_POINT('',#7826);
#2137=VERTEX_POINT('',#7843);
#2138=VERTEX_POINT('',#7860);
#2139=VERTEX_POINT('',#7877);
#2140=VERTEX_POINT('',#7885);
#2141=VERTEX_POINT('',#7889);
#2142=VERTEX_POINT('',#7897);
#2143=VERTEX_POINT('',#7899);
#2144=VERTEX_POINT('',#7903);
#2145=VERTEX_POINT('',#7907);
#2146=VERTEX_POINT('',#7911);
#2147=VERTEX_POINT('',#7915);
#2148=VERTEX_POINT('',#7923);
#2149=VERTEX_POINT('',#7924);
#2150=VERTEX_POINT('',#7926);
#2151=VERTEX_POINT('',#7928);
#2152=VERTEX_POINT('',#7932);
#2153=VERTEX_POINT('',#7934);
#2154=VERTEX_POINT('',#7938);
#2155=VERTEX_POINT('',#7940);
#2156=VERTEX_POINT('',#7945);
#2157=VERTEX_POINT('',#7949);
#2158=VERTEX_POINT('',#7953);
#2159=VERTEX_POINT('',#7957);
#2160=VERTEX_POINT('',#7961);
#2161=VERTEX_POINT('',#7965);
#2162=VERTEX_POINT('',#7969);
#2163=VERTEX_POINT('',#7973);
#2164=VERTEX_POINT('',#7993);
#2165=VERTEX_POINT('',#7994);
#2166=VERTEX_POINT('',#7999);
#2167=VERTEX_POINT('',#8001);
#2168=VERTEX_POINT('',#8039);
#2169=VERTEX_POINT('',#8044);
#2170=VERTEX_POINT('',#8085);
#2171=VERTEX_POINT('',#8086);
#2172=VERTEX_POINT('',#8114);
#2173=VERTEX_POINT('',#8115);
#2174=VERTEX_POINT('',#8126);
#2175=VERTEX_POINT('',#8133);
#2176=VERTEX_POINT('',#8141);
#2177=VERTEX_POINT('',#8155);
#2178=VERTEX_POINT('',#8156);
#2179=VERTEX_POINT('',#8195);
#2180=VERTEX_POINT('',#8269);
#2181=VERTEX_POINT('',#8273);
#2182=VERTEX_POINT('',#8276);
#2183=VERTEX_POINT('',#8278);
#2184=VERTEX_POINT('',#8280);
#2185=VERTEX_POINT('',#8282);
#2186=VERTEX_POINT('',#8284);
#2187=VERTEX_POINT('',#8286);
#2188=VERTEX_POINT('',#8288);
#2189=VERTEX_POINT('',#8290);
#2190=VERTEX_POINT('',#8321);
#2191=VERTEX_POINT('',#8323);
#2192=VERTEX_POINT('',#8325);
#2193=VERTEX_POINT('',#8330);
#2194=VERTEX_POINT('',#8335);
#2195=VERTEX_POINT('',#8376);
#2196=VERTEX_POINT('',#8380);
#2197=VERTEX_POINT('',#8382);
#2198=VERTEX_POINT('',#8387);
#2199=VERTEX_POINT('',#8389);
#2200=VERTEX_POINT('',#8394);
#2201=VERTEX_POINT('',#8396);
#2202=VERTEX_POINT('',#8401);
#2203=VERTEX_POINT('',#8403);
#2204=VERTEX_POINT('',#8408);
#2205=VERTEX_POINT('',#8410);
#2206=VERTEX_POINT('',#8415);
#2207=VERTEX_POINT('',#8417);
#2208=VERTEX_POINT('',#8422);
#2209=VERTEX_POINT('',#8424);
#2210=VERTEX_POINT('',#8430);
#2211=VERTEX_POINT('',#8432);
#2212=VERTEX_POINT('',#8437);
#2213=VERTEX_POINT('',#8439);
#2214=VERTEX_POINT('',#8444);
#2215=VERTEX_POINT('',#8445);
#2216=VERTEX_POINT('',#8447);
#2217=VERTEX_POINT('',#8449);
#2218=VERTEX_POINT('',#8453);
#2219=VERTEX_POINT('',#8455);
#2220=VERTEX_POINT('',#8459);
#2221=VERTEX_POINT('',#8461);
#2222=VERTEX_POINT('',#8465);
#2223=VERTEX_POINT('',#8466);
#2224=VERTEX_POINT('',#8468);
#2225=VERTEX_POINT('',#8470);
#2226=VERTEX_POINT('',#8474);
#2227=VERTEX_POINT('',#8476);
#2228=VERTEX_POINT('',#8483);
#2229=VERTEX_POINT('',#8488);
#2230=VERTEX_POINT('',#8497);
#2231=VERTEX_POINT('',#8499);
#2232=VERTEX_POINT('',#8502);
#2233=VERTEX_POINT('',#8504);
#2234=VERTEX_POINT('',#8506);
#2235=VERTEX_POINT('',#8508);
#2236=VERTEX_POINT('',#8510);
#2237=VERTEX_POINT('',#8512);
#2238=VERTEX_POINT('',#8516);
#2239=VERTEX_POINT('',#8517);
#2240=VERTEX_POINT('',#8519);
#2241=VERTEX_POINT('',#8521);
#2242=VERTEX_POINT('',#8525);
#2243=VERTEX_POINT('',#8532);
#2244=VERTEX_POINT('',#8536);
#2245=VERTEX_POINT('',#8538);
#2246=VERTEX_POINT('',#8540);
#2247=VERTEX_POINT('',#8542);
#2248=VERTEX_POINT('',#8547);
#2249=VERTEX_POINT('',#8549);
#2250=VERTEX_POINT('',#8551);
#2251=VERTEX_POINT('',#8553);
#2252=VERTEX_POINT('',#8562);
#2253=VERTEX_POINT('',#8564);
#2254=VERTEX_POINT('',#8566);
#2255=VERTEX_POINT('',#8568);
#2256=VERTEX_POINT('',#8570);
#2257=VERTEX_POINT('',#8589);
#2258=VERTEX_POINT('',#8591);
#2259=VERTEX_POINT('',#8595);
#2260=VERTEX_POINT('',#8597);
#2261=VERTEX_POINT('',#8622);
#2262=VERTEX_POINT('',#8631);
#2263=VERTEX_POINT('',#8657);
#2264=VERTEX_POINT('',#8696);
#2265=VERTEX_POINT('',#8698);
#2266=VERTEX_POINT('',#8733);
#2267=VERTEX_POINT('',#8735);
#2268=VERTEX_POINT('',#8737);
#2269=VERTEX_POINT('',#8739);
#2270=VERTEX_POINT('',#8741);
#2271=VERTEX_POINT('',#8744);
#2272=VERTEX_POINT('',#8749);
#2273=VERTEX_POINT('',#8753);
#2274=VERTEX_POINT('',#8757);
#2275=VERTEX_POINT('',#8761);
#2276=VERTEX_POINT('',#8796);
#2277=VERTEX_POINT('',#8817);
#2278=VERTEX_POINT('',#8824);
#2279=VERTEX_POINT('',#8837);
#2280=EDGE_CURVE('',#1823,#1824,#945,.T.);
#2281=EDGE_CURVE('',#1823,#1825,#946,.T.);
#2282=EDGE_CURVE('',#1825,#1826,#947,.T.);
#2283=EDGE_CURVE('',#1824,#1826,#948,.T.);
#2284=EDGE_CURVE('',#1827,#1823,#949,.T.);
#2285=EDGE_CURVE('',#1827,#1828,#950,.T.);
#2286=EDGE_CURVE('',#1828,#1825,#951,.T.);
#2287=EDGE_CURVE('',#1829,#1827,#952,.T.);
#2288=EDGE_CURVE('',#1829,#1830,#953,.T.);
#2289=EDGE_CURVE('',#1830,#1828,#954,.T.);
#2290=EDGE_CURVE('',#1831,#1829,#955,.T.);
#2291=EDGE_CURVE('',#1831,#1832,#956,.T.);
#2292=EDGE_CURVE('',#1832,#1830,#957,.T.);
#2293=EDGE_CURVE('',#1833,#1831,#958,.T.);
#2294=EDGE_CURVE('',#1833,#1834,#959,.T.);
#2295=EDGE_CURVE('',#1834,#1832,#960,.T.);
#2296=EDGE_CURVE('',#1824,#1833,#961,.T.);
#2297=EDGE_CURVE('',#1826,#1834,#962,.T.);
#2298=EDGE_CURVE('',#1835,#1835,#277,.T.);
#2299=EDGE_CURVE('',#1836,#1837,#963,.T.);
#2300=EDGE_CURVE('',#1836,#1838,#964,.T.);
#2301=EDGE_CURVE('',#1838,#1839,#965,.T.);
#2302=EDGE_CURVE('',#1837,#1839,#966,.T.);
#2303=EDGE_CURVE('',#1840,#1836,#967,.T.);
#2304=EDGE_CURVE('',#1840,#1841,#968,.T.);
#2305=EDGE_CURVE('',#1841,#1838,#969,.T.);
#2306=EDGE_CURVE('',#1842,#1840,#970,.T.);
#2307=EDGE_CURVE('',#1842,#1843,#971,.T.);
#2308=EDGE_CURVE('',#1843,#1841,#972,.T.);
#2309=EDGE_CURVE('',#1844,#1842,#973,.T.);
#2310=EDGE_CURVE('',#1844,#1845,#974,.T.);
#2311=EDGE_CURVE('',#1845,#1843,#975,.T.);
#2312=EDGE_CURVE('',#1846,#1844,#976,.T.);
#2313=EDGE_CURVE('',#1846,#1847,#977,.T.);
#2314=EDGE_CURVE('',#1847,#1845,#978,.T.);
#2315=EDGE_CURVE('',#1837,#1846,#979,.T.);
#2316=EDGE_CURVE('',#1839,#1847,#980,.T.);
#2317=EDGE_CURVE('',#1848,#1848,#278,.T.);
#2318=EDGE_CURVE('',#1849,#1850,#279,.T.);
#2319=EDGE_CURVE('',#1850,#1851,#981,.T.);
#2320=EDGE_CURVE('',#1851,#1852,#60,.T.);
#2321=EDGE_CURVE('',#1852,#1849,#982,.T.);
#2322=EDGE_CURVE('',#1851,#1853,#983,.T.);
#2323=EDGE_CURVE('',#1850,#1854,#984,.T.);
#2324=EDGE_CURVE('',#1854,#1855,#280,.T.);
#2325=EDGE_CURVE('',#1855,#1856,#985,.T.);
#2326=EDGE_CURVE('',#1857,#1856,#986,.T.);
#2327=EDGE_CURVE('',#1858,#1857,#987,.T.);
#2328=EDGE_CURVE('',#1858,#1859,#281,.T.);
#2329=EDGE_CURVE('',#1859,#1860,#988,.T.);
#2330=EDGE_CURVE('',#1860,#1853,#282,.T.);
#2331=EDGE_CURVE('',#1861,#1857,#61,.T.);
#2332=EDGE_CURVE('',#1856,#1862,#283,.T.);
#2333=EDGE_CURVE('',#1862,#1861,#989,.T.);
#2334=EDGE_CURVE('',#1863,#1852,#284,.T.);
#2335=EDGE_CURVE('',#1853,#1864,#62,.T.);
#2336=EDGE_CURVE('',#1864,#1863,#990,.T.);
#2337=EDGE_CURVE('',#1861,#1865,#285,.T.);
#2338=EDGE_CURVE('',#1865,#1866,#991,.T.);
#2339=EDGE_CURVE('',#1866,#1858,#63,.T.);
#2340=EDGE_CURVE('',#1865,#1867,#992,.T.);
#2341=EDGE_CURVE('',#1867,#1868,#993,.T.);
#2342=EDGE_CURVE('',#1866,#1868,#994,.T.);
#2343=EDGE_CURVE('',#1869,#1854,#995,.T.);
#2344=EDGE_CURVE('',#1870,#1869,#286,.T.);
#2345=EDGE_CURVE('',#1855,#1870,#996,.T.);
#2346=EDGE_CURVE('',#1870,#1871,#997,.T.);
#2347=EDGE_CURVE('',#1862,#1871,#998,.T.);
#2348=EDGE_CURVE('',#1872,#1873,#999,.T.);
#2349=EDGE_CURVE('',#1874,#1872,#287,.T.);
#2350=EDGE_CURVE('',#1873,#1874,#1000,.T.);
#2351=EDGE_CURVE('',#1875,#1875,#288,.T.);
#2352=EDGE_CURVE('',#1875,#1876,#1001,.T.);
#2353=EDGE_CURVE('',#1877,#1876,#289,.T.);
#2354=EDGE_CURVE('',#1874,#1877,#1002,.T.);
#2355=EDGE_CURVE('',#1878,#1872,#1003,.T.);
#2356=EDGE_CURVE('',#1876,#1878,#290,.T.);
#2357=EDGE_CURVE('',#1879,#1880,#291,.T.);
#2358=EDGE_CURVE('',#1881,#1879,#292,.T.);
#2359=EDGE_CURVE('',#1880,#1881,#293,.T.);
#2360=EDGE_CURVE('',#1882,#1882,#294,.T.);
#2361=EDGE_CURVE('',#1882,#1881,#1004,.T.);
#2362=EDGE_CURVE('',#1883,#1879,#1005,.T.);
#2363=EDGE_CURVE('',#1884,#1883,#295,.T.);
#2364=EDGE_CURVE('',#1880,#1884,#1006,.T.);
#2365=EDGE_CURVE('',#1885,#1886,#1007,.T.);
#2366=EDGE_CURVE('',#1886,#1885,#296,.T.);
#2367=EDGE_CURVE('',#1887,#1887,#297,.T.);
#2368=EDGE_CURVE('',#1887,#1888,#1008,.T.);
#2369=EDGE_CURVE('',#1889,#1888,#298,.T.);
#2370=EDGE_CURVE('',#1886,#1889,#1009,.T.);
#2371=EDGE_CURVE('',#1890,#1885,#1010,.T.);
#2372=EDGE_CURVE('',#1888,#1890,#299,.T.);
#2373=EDGE_CURVE('',#1891,#1891,#300,.T.);
#2374=EDGE_CURVE('',#1891,#1892,#1011,.T.);
#2375=EDGE_CURVE('',#1892,#1893,#301,.T.);
#2376=EDGE_CURVE('',#1894,#1893,#1012,.T.);
#2377=EDGE_CURVE('',#1895,#1894,#302,.T.);
#2378=EDGE_CURVE('',#1896,#1895,#1013,.T.);
#2379=EDGE_CURVE('',#1896,#1892,#303,.T.);
#2380=EDGE_CURVE('',#1893,#1896,#1014,.T.);
#2381=EDGE_CURVE('',#1897,#1898,#304,.T.);
#2382=EDGE_CURVE('',#1898,#1897,#305,.T.);
#2383=EDGE_CURVE('',#1899,#1899,#306,.T.);
#2384=EDGE_CURVE('',#1899,#1900,#1015,.T.);
#2385=EDGE_CURVE('',#1901,#1900,#307,.T.);
#2386=EDGE_CURVE('',#1898,#1901,#1016,.T.);
#2387=EDGE_CURVE('',#1902,#1897,#1017,.T.);
#2388=EDGE_CURVE('',#1900,#1902,#308,.T.);
#2389=EDGE_CURVE('',#1877,#1903,#1018,.T.);
#2390=EDGE_CURVE('',#1903,#1904,#1019,.T.);
#2391=EDGE_CURVE('',#1905,#1904,#1020,.T.);
#2392=EDGE_CURVE('',#1873,#1905,#1021,.T.);
#2393=EDGE_CURVE('',#1884,#1906,#309,.T.);
#2394=EDGE_CURVE('',#1906,#1907,#1022,.T.);
#2395=EDGE_CURVE('',#1904,#1907,#310,.T.);
#2396=EDGE_CURVE('',#1903,#1883,#311,.T.);
#2397=EDGE_CURVE('',#1908,#1909,#312,.T.);
#2398=EDGE_CURVE('',#1909,#1910,#1023,.T.);
#2399=EDGE_CURVE('',#1910,#1911,#313,.T.);
#2400=EDGE_CURVE('',#1908,#1911,#1024,.T.);
#2401=EDGE_CURVE('',#1889,#1912,#1025,.T.);
#2402=EDGE_CURVE('',#1912,#1913,#1026,.T.);
#2403=EDGE_CURVE('',#1914,#1913,#1027,.T.);
#2404=EDGE_CURVE('',#1915,#1914,#1028,.T.);
#2405=EDGE_CURVE('',#1916,#1915,#1029,.T.);
#2406=EDGE_CURVE('',#1917,#1916,#1030,.T.);
#2407=EDGE_CURVE('',#1917,#1890,#1031,.T.);
#2408=EDGE_CURVE('',#1901,#1918,#314,.T.);
#2409=EDGE_CURVE('',#1918,#1919,#1032,.T.);
#2410=EDGE_CURVE('',#1913,#1919,#315,.T.);
#2411=EDGE_CURVE('',#1912,#1902,#316,.T.);
#2412=EDGE_CURVE('',#1920,#1921,#1033,.T.);
#2413=EDGE_CURVE('',#1920,#1922,#317,.T.);
#2414=EDGE_CURVE('',#1922,#1923,#1034,.T.);
#2415=EDGE_CURVE('',#1923,#1921,#318,.T.);
#2416=EDGE_CURVE('',#1924,#1925,#1035,.T.);
#2417=EDGE_CURVE('',#1926,#1924,#319,.T.);
#2418=EDGE_CURVE('',#1927,#1926,#1036,.T.);
#2419=EDGE_CURVE('',#1928,#1927,#1037,.T.);
#2420=EDGE_CURVE('',#1929,#1928,#1038,.T.);
#2421=EDGE_CURVE('',#1930,#1929,#320,.T.);
#2422=EDGE_CURVE('',#1931,#1930,#1039,.T.);
#2423=EDGE_CURVE('',#1932,#1931,#321,.T.);
#2424=EDGE_CURVE('',#1925,#1932,#1040,.T.);
#2425=EDGE_CURVE('',#1933,#1934,#64,.T.);
#2426=EDGE_CURVE('',#1935,#1933,#65,.T.);
#2427=EDGE_CURVE('',#1936,#1935,#66,.T.);
#2428=EDGE_CURVE('',#1937,#1936,#1041,.T.);
#2429=EDGE_CURVE('',#1938,#1937,#67,.T.);
#2430=EDGE_CURVE('',#1939,#1938,#68,.T.);
#2431=EDGE_CURVE('',#1940,#1939,#69,.T.);
#2432=EDGE_CURVE('',#1941,#1940,#1042,.T.);
#2433=EDGE_CURVE('',#1942,#1941,#1043,.T.);
#2434=EDGE_CURVE('',#1943,#1942,#322,.T.);
#2435=EDGE_CURVE('',#1944,#1943,#1044,.T.);
#2436=EDGE_CURVE('',#1945,#1944,#323,.T.);
#2437=EDGE_CURVE('',#1946,#1945,#1045,.T.);
#2438=EDGE_CURVE('',#1947,#1946,#1046,.T.);
#2439=EDGE_CURVE('',#1948,#1947,#324,.T.);
#2440=EDGE_CURVE('',#1949,#1948,#1047,.T.);
#2441=EDGE_CURVE('',#1934,#1949,#325,.T.);
#2442=EDGE_CURVE('',#1950,#1942,#1048,.T.);
#2443=EDGE_CURVE('',#1951,#1950,#326,.T.);
#2444=EDGE_CURVE('',#1951,#1943,#1049,.T.);
#2445=EDGE_CURVE('',#1895,#1950,#1050,.T.);
#2446=EDGE_CURVE('',#1952,#1941,#1051,.T.);
#2447=EDGE_CURVE('',#1952,#1953,#1052,.T.);
#2448=EDGE_CURVE('',#1953,#1954,#1053,.T.);
#2449=EDGE_CURVE('',#1907,#1954,#1054,.T.);
#2450=EDGE_CURVE('',#1906,#1894,#1055,.T.);
#2451=EDGE_CURVE('',#1955,#1940,#1056,.T.);
#2452=EDGE_CURVE('',#1955,#1952,#1057,.T.);
#2453=EDGE_CURVE('',#1956,#1939,#1058,.T.);
#2454=EDGE_CURVE('',#1956,#1955,#70,.T.);
#2455=EDGE_CURVE('',#1957,#1938,#1059,.T.);
#2456=EDGE_CURVE('',#1957,#1956,#71,.T.);
#2457=EDGE_CURVE('',#1958,#1937,#1060,.T.);
#2458=EDGE_CURVE('',#1958,#1957,#72,.T.);
#2459=EDGE_CURVE('',#1959,#1936,#1061,.T.);
#2460=EDGE_CURVE('',#1960,#1959,#73,.T.);
#2461=EDGE_CURVE('',#1961,#1960,#74,.T.);
#2462=EDGE_CURVE('',#1962,#1961,#1062,.T.);
#2463=EDGE_CURVE('',#1962,#1963,#75,.T.);
#2464=EDGE_CURVE('',#1963,#1964,#76,.T.);
#2465=EDGE_CURVE('',#1965,#1964,#1063,.T.);
#2466=EDGE_CURVE('',#1966,#1965,#77,.T.);
#2467=EDGE_CURVE('',#1958,#1966,#78,.T.);
#2468=EDGE_CURVE('',#1967,#1935,#1064,.T.);
#2469=EDGE_CURVE('',#1967,#1959,#79,.T.);
#2470=EDGE_CURVE('',#1968,#1929,#1065,.T.);
#2471=EDGE_CURVE('',#1968,#1969,#327,.T.);
#2472=EDGE_CURVE('',#1970,#1969,#80,.T.);
#2473=EDGE_CURVE('',#1971,#1970,#81,.T.);
#2474=EDGE_CURVE('',#1972,#1971,#82,.T.);
#2475=EDGE_CURVE('',#1973,#1972,#83,.T.);
#2476=EDGE_CURVE('',#1974,#1973,#84,.T.);
#2477=EDGE_CURVE('',#1975,#1974,#85,.T.);
#2478=EDGE_CURVE('',#1975,#1976,#328,.T.);
#2479=EDGE_CURVE('',#1976,#1930,#1066,.T.);
#2480=EDGE_CURVE('',#1977,#1928,#1067,.T.);
#2481=EDGE_CURVE('',#1968,#1977,#1068,.T.);
#2482=EDGE_CURVE('',#1978,#1926,#1069,.T.);
#2483=EDGE_CURVE('',#1979,#1978,#1070,.T.);
#2484=EDGE_CURVE('',#1980,#1979,#1071,.T.);
#2485=EDGE_CURVE('',#1981,#1980,#1072,.T.);
#2486=EDGE_CURVE('',#1981,#1982,#1073,.T.);
#2487=EDGE_CURVE('',#1982,#1983,#1074,.T.);
#2488=EDGE_CURVE('',#1983,#1984,#1075,.T.);
#2489=EDGE_CURVE('',#1984,#1985,#1076,.T.);
#2490=EDGE_CURVE('',#1985,#1986,#1077,.T.);
#2491=EDGE_CURVE('',#1986,#1987,#1078,.T.);
#2492=EDGE_CURVE('',#1987,#1988,#1079,.T.);
#2493=EDGE_CURVE('',#1989,#1988,#1080,.T.);
#2494=EDGE_CURVE('',#1989,#1990,#1081,.T.);
#2495=EDGE_CURVE('',#1990,#1991,#1082,.T.);
#2496=EDGE_CURVE('',#1991,#1992,#86,.T.);
#2497=EDGE_CURVE('',#1992,#1993,#87,.T.);
#2498=EDGE_CURVE('',#1993,#1994,#88,.T.);
#2499=EDGE_CURVE('',#1994,#1995,#89,.T.);
#2500=EDGE_CURVE('',#1995,#1996,#90,.T.);
#2501=EDGE_CURVE('',#1996,#1997,#91,.T.);
#2502=EDGE_CURVE('',#1997,#1998,#92,.T.);
#2503=EDGE_CURVE('',#1998,#1999,#1083,.T.);
#2504=EDGE_CURVE('',#2000,#1999,#1084,.T.);
#2505=EDGE_CURVE('',#2000,#2001,#1085,.T.);
#2506=EDGE_CURVE('',#2001,#2002,#1086,.T.);
#2507=EDGE_CURVE('',#2002,#2003,#1087,.T.);
#2508=EDGE_CURVE('',#2003,#2004,#1088,.T.);
#2509=EDGE_CURVE('',#2004,#2005,#1089,.T.);
#2510=EDGE_CURVE('',#2006,#2005,#1090,.T.);
#2511=EDGE_CURVE('',#1977,#2006,#1091,.T.);
#2512=EDGE_CURVE('',#2007,#1948,#1092,.T.);
#2513=EDGE_CURVE('',#2008,#2007,#1093,.T.);
#2514=EDGE_CURVE('',#2008,#1949,#1094,.T.);
#2515=EDGE_CURVE('',#1947,#2009,#1095,.T.);
#2516=EDGE_CURVE('',#2007,#2009,#329,.T.);
#2517=EDGE_CURVE('',#2010,#1946,#1096,.T.);
#2518=EDGE_CURVE('',#2009,#2010,#1097,.T.);
#2519=EDGE_CURVE('',#2011,#1945,#1098,.T.);
#2520=EDGE_CURVE('',#2010,#2011,#1099,.T.);
#2521=EDGE_CURVE('',#2012,#1944,#1100,.T.);
#2522=EDGE_CURVE('',#2011,#2012,#330,.T.);
#2523=EDGE_CURVE('',#2012,#1951,#1101,.T.);
#2524=EDGE_CURVE('',#1932,#2013,#1102,.T.);
#2525=EDGE_CURVE('',#2014,#2013,#1103,.T.);
#2526=EDGE_CURVE('',#2015,#2014,#1104,.T.);
#2527=EDGE_CURVE('',#1925,#2015,#1105,.T.);
#2528=EDGE_CURVE('',#2016,#1931,#1106,.T.);
#2529=EDGE_CURVE('',#2016,#2017,#1107,.T.);
#2530=EDGE_CURVE('',#2013,#2017,#331,.T.);
#2531=EDGE_CURVE('',#1976,#2018,#1108,.T.);
#2532=EDGE_CURVE('',#2019,#2018,#1109,.T.);
#2533=EDGE_CURVE('',#2016,#2019,#1110,.T.);
#2534=EDGE_CURVE('',#2020,#1933,#1111,.T.);
#2535=EDGE_CURVE('',#2020,#1967,#93,.T.);
#2536=EDGE_CURVE('',#1916,#1934,#1112,.T.);
#2537=EDGE_CURVE('',#1916,#2020,#94,.T.);
#2538=EDGE_CURVE('',#1917,#2008,#332,.T.);
#2539=EDGE_CURVE('',#2020,#2021,#95,.T.);
#2540=EDGE_CURVE('',#2021,#1915,#333,.T.);
#2541=EDGE_CURVE('',#2022,#1956,#96,.T.);
#2542=EDGE_CURVE('',#1953,#2022,#334,.T.);
#2543=EDGE_CURVE('',#2023,#2024,#97,.T.);
#2544=EDGE_CURVE('',#2025,#2023,#98,.T.);
#2545=EDGE_CURVE('',#2024,#2025,#335,.T.);
#2546=EDGE_CURVE('',#2026,#2022,#99,.T.);
#2547=EDGE_CURVE('',#1953,#2026,#100,.T.);
#2548=EDGE_CURVE('',#1918,#1878,#1113,.T.);
#2549=EDGE_CURVE('',#2021,#2027,#101,.T.);
#2550=EDGE_CURVE('',#2027,#1915,#1114,.T.);
#2551=EDGE_CURVE('',#2028,#2029,#102,.T.);
#2552=EDGE_CURVE('',#2030,#2028,#336,.T.);
#2553=EDGE_CURVE('',#2029,#2030,#103,.T.);
#2554=EDGE_CURVE('',#2024,#2028,#104,.T.);
#2555=EDGE_CURVE('',#2030,#2025,#105,.T.);
#2556=EDGE_CURVE('',#2031,#2028,#106,.T.);
#2557=EDGE_CURVE('',#2032,#2031,#107,.T.);
#2558=EDGE_CURVE('',#1964,#2032,#108,.T.);
#2559=EDGE_CURVE('',#2023,#1963,#1115,.T.);
#2560=EDGE_CURVE('',#2033,#2015,#1116,.T.);
#2561=EDGE_CURVE('',#1924,#2033,#1117,.T.);
#2562=EDGE_CURVE('',#1973,#2034,#337,.T.);
#2563=EDGE_CURVE('',#2034,#2035,#338,.T.);
#2564=EDGE_CURVE('',#2035,#2036,#109,.T.);
#2565=EDGE_CURVE('',#2036,#2037,#110,.T.);
#2566=EDGE_CURVE('',#2037,#2038,#111,.T.);
#2567=EDGE_CURVE('',#2039,#2038,#112,.T.);
#2568=EDGE_CURVE('',#2040,#2039,#1118,.T.);
#2569=EDGE_CURVE('',#1976,#2040,#1119,.T.);
#2570=EDGE_CURVE('',#2041,#1914,#1120,.T.);
#2571=EDGE_CURVE('',#2041,#2042,#1121,.T.);
#2572=EDGE_CURVE('',#2043,#2042,#1122,.T.);
#2573=EDGE_CURVE('',#2027,#2043,#1123,.T.);
#2574=EDGE_CURVE('',#1919,#1905,#1124,.T.);
#2575=EDGE_CURVE('',#2044,#2045,#1125,.T.);
#2576=EDGE_CURVE('',#2046,#2044,#1126,.T.);
#2577=EDGE_CURVE('',#2047,#2046,#1127,.T.);
#2578=EDGE_CURVE('',#2048,#2047,#1128,.T.);
#2579=EDGE_CURVE('',#2049,#2048,#1129,.T.);
#2580=EDGE_CURVE('',#2045,#2049,#1130,.T.);
#2581=EDGE_CURVE('',#2050,#2050,#339,.T.);
#2582=EDGE_CURVE('',#2051,#2047,#1131,.T.);
#2583=EDGE_CURVE('',#2052,#2051,#1132,.T.);
#2584=EDGE_CURVE('',#2052,#2048,#1133,.T.);
#2585=EDGE_CURVE('',#2053,#2046,#1134,.T.);
#2586=EDGE_CURVE('',#2051,#2053,#1135,.T.);
#2587=EDGE_CURVE('',#2044,#2054,#1136,.T.);
#2588=EDGE_CURVE('',#2053,#2054,#1137,.T.);
#2589=EDGE_CURVE('',#2055,#2056,#1138,.T.);
#2590=EDGE_CURVE('',#2057,#2055,#1139,.T.);
#2591=EDGE_CURVE('',#2058,#2057,#1140,.T.);
#2592=EDGE_CURVE('',#2059,#2058,#1141,.T.);
#2593=EDGE_CURVE('',#2060,#2059,#1142,.T.);
#2594=EDGE_CURVE('',#2056,#2060,#1143,.T.);
#2595=EDGE_CURVE('',#2061,#2061,#340,.T.);
#2596=EDGE_CURVE('',#2062,#2058,#1144,.T.);
#2597=EDGE_CURVE('',#2063,#2062,#1145,.T.);
#2598=EDGE_CURVE('',#2063,#2059,#1146,.T.);
#2599=EDGE_CURVE('',#2064,#2057,#1147,.T.);
#2600=EDGE_CURVE('',#2062,#2064,#1148,.T.);
#2601=EDGE_CURVE('',#2055,#2065,#1149,.T.);
#2602=EDGE_CURVE('',#2064,#2065,#1150,.T.);
#2603=EDGE_CURVE('',#2066,#2067,#1151,.T.);
#2604=EDGE_CURVE('',#2068,#2066,#1152,.T.);
#2605=EDGE_CURVE('',#2069,#2068,#1153,.T.);
#2606=EDGE_CURVE('',#2069,#2067,#1154,.T.);
#2607=EDGE_CURVE('',#2054,#2070,#1155,.T.);
#2608=EDGE_CURVE('',#2070,#2071,#1156,.T.);
#2609=EDGE_CURVE('',#2071,#2052,#1157,.T.);
#2610=EDGE_CURVE('',#2065,#2072,#1158,.T.);
#2611=EDGE_CURVE('',#2072,#2073,#1159,.T.);
#2612=EDGE_CURVE('',#2073,#2063,#1160,.T.);
#2613=EDGE_CURVE('',#2074,#1863,#1161,.T.);
#2614=EDGE_CURVE('',#2075,#2074,#1162,.T.);
#2615=EDGE_CURVE('',#2066,#2075,#1163,.T.);
#2616=EDGE_CURVE('',#2076,#2067,#1164,.T.);
#2617=EDGE_CURVE('',#2076,#2077,#1165,.T.);
#2618=EDGE_CURVE('',#2077,#1849,#1166,.T.);
#2619=EDGE_CURVE('',#2078,#1864,#1167,.T.);
#2620=EDGE_CURVE('',#2078,#2074,#1168,.T.);
#2621=EDGE_CURVE('',#2060,#2073,#1169,.T.);
#2622=EDGE_CURVE('',#2056,#2072,#1170,.T.);
#2623=EDGE_CURVE('',#2049,#2071,#1171,.T.);
#2624=EDGE_CURVE('',#2045,#2070,#1172,.T.);
#2625=EDGE_CURVE('',#2079,#2080,#1173,.T.);
#2626=EDGE_CURVE('',#2081,#2079,#341,.T.);
#2627=EDGE_CURVE('',#2082,#2081,#1174,.T.);
#2628=EDGE_CURVE('',#2083,#2082,#342,.T.);
#2629=EDGE_CURVE('',#2084,#2083,#1175,.T.);
#2630=EDGE_CURVE('',#1921,#2084,#343,.T.);
#2631=EDGE_CURVE('',#1909,#1923,#1176,.T.);
#2632=EDGE_CURVE('',#2080,#1908,#344,.T.);
#2633=EDGE_CURVE('',#2077,#1869,#1177,.T.);
#2634=EDGE_CURVE('',#2085,#2076,#1178,.T.);
#2635=EDGE_CURVE('',#1871,#2085,#1179,.T.);
#2636=EDGE_CURVE('',#2086,#2086,#345,.T.);
#2637=EDGE_CURVE('',#2087,#2087,#346,.T.);
#2638=EDGE_CURVE('',#2088,#2088,#347,.T.);
#2639=EDGE_CURVE('',#2089,#2089,#348,.T.);
#2640=EDGE_CURVE('',#2069,#2085,#1180,.T.);
#2641=EDGE_CURVE('',#2090,#2068,#1181,.T.);
#2642=EDGE_CURVE('',#2090,#1867,#1182,.T.);
#2643=EDGE_CURVE('',#2091,#2079,#1183,.T.);
#2644=EDGE_CURVE('',#2091,#2078,#349,.T.);
#2645=EDGE_CURVE('',#1860,#2081,#1184,.T.);
#2646=EDGE_CURVE('',#2092,#2080,#1185,.T.);
#2647=EDGE_CURVE('',#2092,#2091,#1186,.T.);
#2648=EDGE_CURVE('',#1911,#2092,#350,.T.);
#2649=EDGE_CURVE('',#1922,#1910,#1187,.T.);
#2650=EDGE_CURVE('',#2084,#2093,#1188,.T.);
#2651=EDGE_CURVE('',#2093,#1920,#351,.T.);
#2652=EDGE_CURVE('',#2094,#2083,#1189,.T.);
#2653=EDGE_CURVE('',#2094,#2093,#1190,.T.);
#2654=EDGE_CURVE('',#1859,#2082,#1191,.T.);
#2655=EDGE_CURVE('',#1868,#2094,#352,.T.);
#2656=EDGE_CURVE('',#2095,#2095,#353,.T.);
#2657=EDGE_CURVE('',#2095,#2096,#1192,.T.);
#2658=EDGE_CURVE('',#2096,#2096,#354,.T.);
#2659=EDGE_CURVE('',#2033,#2097,#1193,.T.);
#2660=EDGE_CURVE('',#2098,#2097,#355,.T.);
#2661=EDGE_CURVE('',#1978,#2098,#1194,.T.);
#2662=EDGE_CURVE('',#2099,#2100,#1195,.T.);
#2663=EDGE_CURVE('',#2099,#2101,#1196,.T.);
#2664=EDGE_CURVE('',#2101,#2102,#1197,.T.);
#2665=EDGE_CURVE('',#2100,#2102,#1198,.T.);
#2666=EDGE_CURVE('',#2103,#2099,#113,.T.);
#2667=EDGE_CURVE('',#2103,#2104,#1199,.T.);
#2668=EDGE_CURVE('',#2104,#2101,#114,.T.);
#2669=EDGE_CURVE('',#2105,#2103,#115,.T.);
#2670=EDGE_CURVE('',#2105,#2106,#1200,.T.);
#2671=EDGE_CURVE('',#2106,#2104,#116,.T.);
#2672=EDGE_CURVE('',#2107,#2105,#117,.T.);
#2673=EDGE_CURVE('',#2107,#2108,#1201,.T.);
#2674=EDGE_CURVE('',#2108,#2106,#118,.T.);
#2675=EDGE_CURVE('',#2109,#2107,#119,.T.);
#2676=EDGE_CURVE('',#2109,#2110,#1202,.T.);
#2677=EDGE_CURVE('',#2110,#2108,#120,.T.);
#2678=EDGE_CURVE('',#2111,#2109,#121,.T.);
#2679=EDGE_CURVE('',#2111,#2112,#1203,.T.);
#2680=EDGE_CURVE('',#2112,#2110,#122,.T.);
#2681=EDGE_CURVE('',#2113,#2111,#1204,.T.);
#2682=EDGE_CURVE('',#2113,#2114,#1205,.T.);
#2683=EDGE_CURVE('',#2114,#2112,#1206,.T.);
#2684=EDGE_CURVE('',#2100,#2113,#1207,.T.);
#2685=EDGE_CURVE('',#2102,#2114,#1208,.T.);
#2686=EDGE_CURVE('',#2115,#2116,#1209,.T.);
#2687=EDGE_CURVE('',#2115,#2117,#1210,.T.);
#2688=EDGE_CURVE('',#2117,#2118,#1211,.T.);
#2689=EDGE_CURVE('',#2116,#2118,#1212,.T.);
#2690=EDGE_CURVE('',#2119,#2115,#1213,.T.);
#2691=EDGE_CURVE('',#2119,#2120,#1214,.T.);
#2692=EDGE_CURVE('',#2120,#2117,#1215,.T.);
#2693=EDGE_CURVE('',#2121,#2119,#123,.T.);
#2694=EDGE_CURVE('',#2121,#2122,#1216,.T.);
#2695=EDGE_CURVE('',#2122,#2120,#124,.T.);
#2696=EDGE_CURVE('',#2123,#2121,#125,.T.);
#2697=EDGE_CURVE('',#2123,#2124,#1217,.T.);
#2698=EDGE_CURVE('',#2124,#2122,#126,.T.);
#2699=EDGE_CURVE('',#2125,#2123,#127,.T.);
#2700=EDGE_CURVE('',#2125,#2126,#1218,.T.);
#2701=EDGE_CURVE('',#2126,#2124,#128,.T.);
#2702=EDGE_CURVE('',#2127,#2125,#129,.T.);
#2703=EDGE_CURVE('',#2127,#2128,#1219,.T.);
#2704=EDGE_CURVE('',#2128,#2126,#130,.T.);
#2705=EDGE_CURVE('',#2129,#2127,#1220,.T.);
#2706=EDGE_CURVE('',#2129,#2130,#1221,.T.);
#2707=EDGE_CURVE('',#2130,#2128,#1222,.T.);
#2708=EDGE_CURVE('',#1999,#2129,#1223,.T.);
#2709=EDGE_CURVE('',#1999,#2131,#1224,.T.);
#2710=EDGE_CURVE('',#2131,#2130,#1225,.T.);
#2711=EDGE_CURVE('',#1998,#2132,#1226,.T.);
#2712=EDGE_CURVE('',#2132,#2131,#1227,.T.);
#2713=EDGE_CURVE('',#1997,#2133,#1228,.T.);
#2714=EDGE_CURVE('',#2133,#2132,#131,.T.);
#2715=EDGE_CURVE('',#1996,#2134,#1229,.T.);
#2716=EDGE_CURVE('',#2134,#2133,#132,.T.);
#2717=EDGE_CURVE('',#1995,#2135,#1230,.T.);
#2718=EDGE_CURVE('',#2135,#2134,#133,.T.);
#2719=EDGE_CURVE('',#1994,#2136,#1231,.T.);
#2720=EDGE_CURVE('',#2136,#2135,#134,.T.);
#2721=EDGE_CURVE('',#1993,#2137,#1232,.T.);
#2722=EDGE_CURVE('',#2137,#2136,#135,.T.);
#2723=EDGE_CURVE('',#1992,#2138,#1233,.T.);
#2724=EDGE_CURVE('',#2138,#2137,#136,.T.);
#2725=EDGE_CURVE('',#1991,#2139,#1234,.T.);
#2726=EDGE_CURVE('',#2139,#2138,#137,.T.);
#2727=EDGE_CURVE('',#1990,#2140,#1235,.T.);
#2728=EDGE_CURVE('',#2140,#2139,#1236,.T.);
#2729=EDGE_CURVE('',#1989,#2141,#1237,.T.);
#2730=EDGE_CURVE('',#2141,#2140,#1238,.T.);
#2731=EDGE_CURVE('',#2116,#1989,#1239,.T.);
#2732=EDGE_CURVE('',#2118,#2141,#1240,.T.);
#2733=EDGE_CURVE('',#2004,#2142,#1241,.T.);
#2734=EDGE_CURVE('',#2142,#2143,#1242,.T.);
#2735=EDGE_CURVE('',#2005,#2143,#1243,.T.);
#2736=EDGE_CURVE('',#2003,#2144,#1244,.T.);
#2737=EDGE_CURVE('',#2144,#2142,#1245,.T.);
#2738=EDGE_CURVE('',#2002,#2145,#1246,.T.);
#2739=EDGE_CURVE('',#2145,#2144,#1247,.T.);
#2740=EDGE_CURVE('',#2001,#2146,#1248,.T.);
#2741=EDGE_CURVE('',#2146,#2145,#1249,.T.);
#2742=EDGE_CURVE('',#2000,#2147,#1250,.T.);
#2743=EDGE_CURVE('',#2147,#2146,#1251,.T.);
#2744=EDGE_CURVE('',#2005,#2000,#1252,.T.);
#2745=EDGE_CURVE('',#2143,#2147,#1253,.T.);
#2746=EDGE_CURVE('',#2148,#2149,#1254,.T.);
#2747=EDGE_CURVE('',#2148,#2150,#1255,.T.);
#2748=EDGE_CURVE('',#2150,#2151,#1256,.T.);
#2749=EDGE_CURVE('',#2149,#2151,#1257,.T.);
#2750=EDGE_CURVE('',#2152,#2148,#1258,.T.);
#2751=EDGE_CURVE('',#2152,#2153,#1259,.T.);
#2752=EDGE_CURVE('',#2153,#2150,#1260,.T.);
#2753=EDGE_CURVE('',#2154,#2152,#1261,.T.);
#2754=EDGE_CURVE('',#2154,#2155,#1262,.T.);
#2755=EDGE_CURVE('',#2155,#2153,#1263,.T.);
#2756=EDGE_CURVE('',#1988,#2154,#1264,.T.);
#2757=EDGE_CURVE('',#1988,#2156,#1265,.T.);
#2758=EDGE_CURVE('',#2156,#2155,#1266,.T.);
#2759=EDGE_CURVE('',#1987,#2157,#1267,.T.);
#2760=EDGE_CURVE('',#2157,#2156,#1268,.T.);
#2761=EDGE_CURVE('',#1986,#2158,#1269,.T.);
#2762=EDGE_CURVE('',#2158,#2157,#1270,.T.);
#2763=EDGE_CURVE('',#1985,#2159,#1271,.T.);
#2764=EDGE_CURVE('',#2159,#2158,#1272,.T.);
#2765=EDGE_CURVE('',#1984,#2160,#1273,.T.);
#2766=EDGE_CURVE('',#2160,#2159,#1274,.T.);
#2767=EDGE_CURVE('',#1983,#2161,#1275,.T.);
#2768=EDGE_CURVE('',#2161,#2160,#1276,.T.);
#2769=EDGE_CURVE('',#1982,#2162,#1277,.T.);
#2770=EDGE_CURVE('',#2162,#2161,#1278,.T.);
#2771=EDGE_CURVE('',#1981,#2163,#1279,.T.);
#2772=EDGE_CURVE('',#2163,#2162,#1280,.T.);
#2773=EDGE_CURVE('',#2149,#1981,#1281,.T.);
#2774=EDGE_CURVE('',#2151,#2163,#1282,.T.);
#2775=EDGE_CURVE('',#2154,#2149,#1283,.T.);
#2776=EDGE_CURVE('',#2129,#2116,#1284,.T.);
#2777=EDGE_CURVE('',#2164,#2165,#138,.T.);
#2778=EDGE_CURVE('',#2164,#2166,#1285,.T.);
#2779=EDGE_CURVE('',#2166,#2167,#139,.T.);
#2780=EDGE_CURVE('',#2165,#2167,#1286,.T.);
#2781=EDGE_CURVE('',#2168,#1962,#140,.T.);
#2782=EDGE_CURVE('',#2169,#2168,#141,.T.);
#2783=EDGE_CURVE('',#2030,#2169,#142,.T.);
#2784=EDGE_CURVE('',#2170,#2171,#143,.T.);
#2785=EDGE_CURVE('',#2170,#2166,#144,.T.);
#2786=EDGE_CURVE('',#2171,#2164,#145,.T.);
#2787=EDGE_CURVE('',#2172,#2173,#146,.T.);
#2788=EDGE_CURVE('',#2174,#2172,#147,.T.);
#2789=EDGE_CURVE('',#2175,#2174,#148,.T.);
#2790=EDGE_CURVE('',#2176,#2175,#149,.T.);
#2791=EDGE_CURVE('',#2173,#2176,#1287,.T.);
#2792=EDGE_CURVE('',#2177,#2178,#150,.T.);
#2793=EDGE_CURVE('',#2177,#2176,#1288,.T.);
#2794=EDGE_CURVE('',#2178,#2175,#1289,.T.);
#2795=EDGE_CURVE('',#2178,#2179,#151,.T.);
#2796=EDGE_CURVE('',#2179,#2174,#152,.T.);
#2797=EDGE_CURVE('',#2042,#2170,#153,.T.);
#2798=EDGE_CURVE('',#2167,#2041,#1290,.T.);
#2799=EDGE_CURVE('',#1965,#2032,#154,.T.);
#2800=EDGE_CURVE('',#2168,#1961,#155,.T.);
#2801=EDGE_CURVE('',#2168,#2171,#156,.T.);
#2802=EDGE_CURVE('',#2180,#1960,#1291,.T.);
#2803=EDGE_CURVE('',#1967,#2180,#1292,.T.);
#2804=EDGE_CURVE('',#2181,#2181,#356,.T.);
#2805=EDGE_CURVE('',#2181,#1972,#1293,.T.);
#2806=EDGE_CURVE('',#2182,#1971,#357,.T.);
#2807=EDGE_CURVE('',#2183,#2182,#358,.T.);
#2808=EDGE_CURVE('',#2183,#2184,#1294,.T.);
#2809=EDGE_CURVE('',#2184,#2185,#359,.T.);
#2810=EDGE_CURVE('',#2185,#2186,#1295,.T.);
#2811=EDGE_CURVE('',#2187,#2186,#360,.T.);
#2812=EDGE_CURVE('',#2187,#2188,#1296,.T.);
#2813=EDGE_CURVE('',#2188,#2189,#361,.T.);
#2814=EDGE_CURVE('',#2189,#2035,#1297,.T.);
#2815=EDGE_CURVE('',#1968,#2190,#1298,.T.);
#2816=EDGE_CURVE('',#2190,#2191,#1299,.T.);
#2817=EDGE_CURVE('',#2192,#2191,#157,.T.);
#2818=EDGE_CURVE('',#2192,#2193,#158,.T.);
#2819=EDGE_CURVE('',#2193,#2194,#159,.T.);
#2820=EDGE_CURVE('',#2194,#2183,#160,.T.);
#2821=EDGE_CURVE('',#2195,#1966,#1300,.T.);
#2822=EDGE_CURVE('',#1957,#2195,#1301,.T.);
#2823=EDGE_CURVE('',#2196,#2196,#362,.T.);
#2824=EDGE_CURVE('',#2196,#2197,#1302,.T.);
#2825=EDGE_CURVE('',#2197,#2197,#363,.T.);
#2826=EDGE_CURVE('',#2198,#2198,#364,.T.);
#2827=EDGE_CURVE('',#2198,#2199,#1303,.T.);
#2828=EDGE_CURVE('',#2199,#2199,#365,.T.);
#2829=EDGE_CURVE('',#2200,#2200,#366,.T.);
#2830=EDGE_CURVE('',#2200,#2201,#1304,.T.);
#2831=EDGE_CURVE('',#2201,#2201,#367,.T.);
#2832=EDGE_CURVE('',#2202,#2202,#368,.T.);
#2833=EDGE_CURVE('',#2202,#2203,#1305,.T.);
#2834=EDGE_CURVE('',#2203,#2203,#369,.T.);
#2835=EDGE_CURVE('',#2204,#2204,#370,.T.);
#2836=EDGE_CURVE('',#2204,#2205,#1306,.T.);
#2837=EDGE_CURVE('',#2205,#2205,#371,.T.);
#2838=EDGE_CURVE('',#2206,#2206,#372,.T.);
#2839=EDGE_CURVE('',#2206,#2207,#1307,.T.);
#2840=EDGE_CURVE('',#2207,#2207,#373,.T.);
#2841=EDGE_CURVE('',#2208,#2208,#374,.T.);
#2842=EDGE_CURVE('',#2208,#2209,#1308,.T.);
#2843=EDGE_CURVE('',#2209,#2209,#375,.T.);
#2844=EDGE_CURVE('',#2210,#2210,#376,.T.);
#2845=EDGE_CURVE('',#2210,#2211,#1309,.T.);
#2846=EDGE_CURVE('',#2211,#2211,#377,.T.);
#2847=EDGE_CURVE('',#2212,#2212,#378,.T.);
#2848=EDGE_CURVE('',#2212,#2213,#1310,.T.);
#2849=EDGE_CURVE('',#2213,#2213,#379,.T.);
#2850=EDGE_CURVE('',#2214,#2215,#380,.T.);
#2851=EDGE_CURVE('',#2216,#2215,#1311,.T.);
#2852=EDGE_CURVE('',#2217,#2216,#381,.T.);
#2853=EDGE_CURVE('',#2214,#2217,#1312,.T.);
#2854=EDGE_CURVE('',#2218,#2215,#1313,.T.);
#2855=EDGE_CURVE('',#2219,#2218,#1314,.T.);
#2856=EDGE_CURVE('',#2216,#2219,#1315,.T.);
#2857=EDGE_CURVE('',#2220,#2217,#1316,.T.);
#2858=EDGE_CURVE('',#2221,#2220,#1317,.T.);
#2859=EDGE_CURVE('',#2214,#2221,#1318,.T.);
#2860=EDGE_CURVE('',#2222,#2223,#382,.T.);
#2861=EDGE_CURVE('',#2223,#2224,#1319,.T.);
#2862=EDGE_CURVE('',#2225,#2224,#383,.T.);
#2863=EDGE_CURVE('',#2222,#2225,#1320,.T.);
#2864=EDGE_CURVE('',#2226,#2225,#1321,.T.);
#2865=EDGE_CURVE('',#2227,#2226,#1322,.T.);
#2866=EDGE_CURVE('',#2222,#2227,#1323,.T.);
#2867=EDGE_CURVE('',#2224,#2220,#384,.T.);
#2868=EDGE_CURVE('',#2221,#2223,#385,.T.);
#2869=EDGE_CURVE('',#1954,#2228,#161,.T.);
#2870=EDGE_CURVE('',#2228,#2229,#162,.T.);
#2871=EDGE_CURVE('',#2229,#2173,#163,.T.);
#2872=EDGE_CURVE('',#2177,#2230,#1324,.T.);
#2873=EDGE_CURVE('',#2231,#2230,#1325,.T.);
#2874=EDGE_CURVE('',#2165,#2231,#1326,.T.);
#2875=EDGE_CURVE('',#2232,#2219,#1327,.T.);
#2876=EDGE_CURVE('',#2232,#2233,#1328,.T.);
#2877=EDGE_CURVE('',#2233,#2234,#386,.T.);
#2878=EDGE_CURVE('',#2234,#2235,#1329,.T.);
#2879=EDGE_CURVE('',#2235,#2236,#1330,.T.);
#2880=EDGE_CURVE('',#2236,#2237,#387,.T.);
#2881=EDGE_CURVE('',#2226,#2237,#1331,.T.);
#2882=EDGE_CURVE('',#2238,#2239,#1332,.T.);
#2883=EDGE_CURVE('',#2238,#2240,#1333,.T.);
#2884=EDGE_CURVE('',#2241,#2240,#1334,.T.);
#2885=EDGE_CURVE('',#2239,#2241,#1335,.T.);
#2886=EDGE_CURVE('',#2242,#2218,#1336,.T.);
#2887=EDGE_CURVE('',#2232,#2242,#1337,.T.);
#2888=EDGE_CURVE('',#2241,#1979,#388,.T.);
#2889=EDGE_CURVE('',#1979,#2239,#389,.T.);
#2890=EDGE_CURVE('',#2238,#2243,#390,.T.);
#2891=EDGE_CURVE('',#2243,#2098,#1338,.T.);
#2892=EDGE_CURVE('',#2097,#2014,#1339,.T.);
#2893=EDGE_CURVE('',#2244,#2017,#1340,.T.);
#2894=EDGE_CURVE('',#2244,#2245,#391,.T.);
#2895=EDGE_CURVE('',#2245,#2246,#1341,.T.);
#2896=EDGE_CURVE('',#2246,#2247,#164,.T.);
#2897=EDGE_CURVE('',#2247,#2248,#1342,.T.);
#2898=EDGE_CURVE('',#2248,#2249,#1343,.T.);
#2899=EDGE_CURVE('',#2249,#2250,#1344,.T.);
#2900=EDGE_CURVE('',#2250,#2251,#165,.T.);
#2901=EDGE_CURVE('',#2251,#2243,#392,.T.);
#2902=EDGE_CURVE('',#2243,#2240,#393,.T.);
#2903=EDGE_CURVE('',#2252,#2227,#1345,.T.);
#2904=EDGE_CURVE('',#2252,#2253,#394,.T.);
#2905=EDGE_CURVE('',#2253,#2254,#1346,.T.);
#2906=EDGE_CURVE('',#2254,#2255,#1347,.T.);
#2907=EDGE_CURVE('',#2255,#2256,#395,.T.);
#2908=EDGE_CURVE('',#2256,#2242,#1348,.T.);
#2909=EDGE_CURVE('',#1979,#2243,#1349,.T.);
#2910=EDGE_CURVE('',#2019,#2244,#1350,.T.);
#2911=EDGE_CURVE('',#2252,#2237,#1351,.T.);
#2912=EDGE_CURVE('',#2253,#2236,#1352,.T.);
#2913=EDGE_CURVE('',#2254,#2235,#1353,.T.);
#2914=EDGE_CURVE('',#2255,#2234,#1354,.T.);
#2915=EDGE_CURVE('',#2256,#2233,#1355,.T.);
#2916=EDGE_CURVE('',#2185,#2257,#1356,.T.);
#2917=EDGE_CURVE('',#2257,#2258,#1357,.T.);
#2918=EDGE_CURVE('',#2186,#2258,#1358,.T.);
#2919=EDGE_CURVE('',#2259,#2187,#1359,.T.);
#2920=EDGE_CURVE('',#2260,#2259,#1360,.T.);
#2921=EDGE_CURVE('',#2188,#2260,#1361,.T.);
#2922=EDGE_CURVE('',#2038,#2247,#166,.T.);
#2923=EDGE_CURVE('',#2039,#2246,#1362,.T.);
#2924=EDGE_CURVE('',#2258,#2249,#396,.T.);
#2925=EDGE_CURVE('',#2248,#2259,#397,.T.);
#2926=EDGE_CURVE('',#2261,#2261,#398,.T.);
#2927=EDGE_CURVE('',#2018,#2245,#1363,.T.);
#2928=EDGE_CURVE('',#2251,#1980,#1364,.T.);
#2929=EDGE_CURVE('',#2250,#2262,#19,.T.);
#2930=EDGE_CURVE('',#2191,#2262,#1365,.T.);
#2931=EDGE_CURVE('',#2191,#1980,#167,.T.);
#2932=EDGE_CURVE('',#2262,#2192,#168,.T.);
#2933=EDGE_CURVE('',#2261,#2263,#1366,.T.);
#2934=EDGE_CURVE('',#2263,#2263,#399,.T.);
#2935=EDGE_CURVE('',#2089,#1848,#1367,.T.);
#2936=EDGE_CURVE('',#2088,#1835,#1368,.T.);
#2937=EDGE_CURVE('',#2029,#2264,#1369,.T.);
#2938=EDGE_CURVE('',#2265,#2264,#169,.T.);
#2939=EDGE_CURVE('',#2230,#2265,#170,.T.);
#2940=EDGE_CURVE('',#2179,#2032,#171,.T.);
#2941=EDGE_CURVE('',#2266,#2266,#400,.T.);
#2942=EDGE_CURVE('',#2267,#2267,#401,.T.);
#2943=EDGE_CURVE('',#2268,#2268,#402,.T.);
#2944=EDGE_CURVE('',#2269,#2269,#403,.T.);
#2945=EDGE_CURVE('',#2270,#2270,#404,.T.);
#2946=EDGE_CURVE('',#2271,#2271,#405,.T.);
#2947=EDGE_CURVE('',#2271,#2266,#1370,.T.);
#2948=EDGE_CURVE('',#2272,#2272,#406,.T.);
#2949=EDGE_CURVE('',#2272,#2267,#1371,.T.);
#2950=EDGE_CURVE('',#2273,#2273,#407,.T.);
#2951=EDGE_CURVE('',#2273,#2268,#1372,.T.);
#2952=EDGE_CURVE('',#2274,#2274,#408,.T.);
#2953=EDGE_CURVE('',#2274,#2269,#1373,.T.);
#2954=EDGE_CURVE('',#2275,#2275,#409,.T.);
#2955=EDGE_CURVE('',#2275,#2270,#1374,.T.);
#2956=EDGE_CURVE('',#2276,#2172,#1375,.T.);
#2957=EDGE_CURVE('',#2026,#2276,#1376,.T.);
#2958=EDGE_CURVE('',#2260,#2277,#410,.T.);
#2959=EDGE_CURVE('',#2277,#2189,#1377,.T.);
#2960=EDGE_CURVE('',#2277,#2036,#1378,.T.);
#2961=EDGE_CURVE('',#2278,#2194,#1379,.T.);
#2962=EDGE_CURVE('',#2278,#2184,#1380,.T.);
#2963=EDGE_CURVE('',#2086,#2061,#1381,.T.);
#2964=EDGE_CURVE('',#2087,#2050,#1382,.T.);
#2965=EDGE_CURVE('',#2090,#2075,#1383,.T.);
#2966=EDGE_CURVE('',#2264,#2279,#172,.T.);
#2967=EDGE_CURVE('',#2279,#2231,#173,.T.);
#2968=EDGE_CURVE('',#2278,#2257,#411,.T.);
#2969=ORIENTED_EDGE('',*,*,#2280,.F.);
#2970=ORIENTED_EDGE('',*,*,#2281,.T.);
#2971=ORIENTED_EDGE('',*,*,#2282,.T.);
#2972=ORIENTED_EDGE('',*,*,#2283,.F.);
#2973=ORIENTED_EDGE('',*,*,#2284,.F.);
#2974=ORIENTED_EDGE('',*,*,#2285,.T.);
#2975=ORIENTED_EDGE('',*,*,#2286,.T.);
#2976=ORIENTED_EDGE('',*,*,#2281,.F.);
#2977=ORIENTED_EDGE('',*,*,#2287,.F.);
#2978=ORIENTED_EDGE('',*,*,#2288,.T.);
#2979=ORIENTED_EDGE('',*,*,#2289,.T.);
#2980=ORIENTED_EDGE('',*,*,#2285,.F.);
#2981=ORIENTED_EDGE('',*,*,#2290,.F.);
#2982=ORIENTED_EDGE('',*,*,#2291,.T.);
#2983=ORIENTED_EDGE('',*,*,#2292,.T.);
#2984=ORIENTED_EDGE('',*,*,#2288,.F.);
#2985=ORIENTED_EDGE('',*,*,#2293,.F.);
#2986=ORIENTED_EDGE('',*,*,#2294,.T.);
#2987=ORIENTED_EDGE('',*,*,#2295,.T.);
#2988=ORIENTED_EDGE('',*,*,#2291,.F.);
#2989=ORIENTED_EDGE('',*,*,#2296,.F.);
#2990=ORIENTED_EDGE('',*,*,#2283,.T.);
#2991=ORIENTED_EDGE('',*,*,#2297,.T.);
#2992=ORIENTED_EDGE('',*,*,#2294,.F.);
#2993=ORIENTED_EDGE('',*,*,#2297,.F.);
#2994=ORIENTED_EDGE('',*,*,#2282,.F.);
#2995=ORIENTED_EDGE('',*,*,#2286,.F.);
#2996=ORIENTED_EDGE('',*,*,#2289,.F.);
#2997=ORIENTED_EDGE('',*,*,#2292,.F.);
#2998=ORIENTED_EDGE('',*,*,#2295,.F.);
#2999=ORIENTED_EDGE('',*,*,#2298,.F.);
#3000=ORIENTED_EDGE('',*,*,#2299,.F.);
#3001=ORIENTED_EDGE('',*,*,#2300,.T.);
#3002=ORIENTED_EDGE('',*,*,#2301,.T.);
#3003=ORIENTED_EDGE('',*,*,#2302,.F.);
#3004=ORIENTED_EDGE('',*,*,#2303,.F.);
#3005=ORIENTED_EDGE('',*,*,#2304,.T.);
#3006=ORIENTED_EDGE('',*,*,#2305,.T.);
#3007=ORIENTED_EDGE('',*,*,#2300,.F.);
#3008=ORIENTED_EDGE('',*,*,#2306,.F.);
#3009=ORIENTED_EDGE('',*,*,#2307,.T.);
#3010=ORIENTED_EDGE('',*,*,#2308,.T.);
#3011=ORIENTED_EDGE('',*,*,#2304,.F.);
#3012=ORIENTED_EDGE('',*,*,#2309,.F.);
#3013=ORIENTED_EDGE('',*,*,#2310,.T.);
#3014=ORIENTED_EDGE('',*,*,#2311,.T.);
#3015=ORIENTED_EDGE('',*,*,#2307,.F.);
#3016=ORIENTED_EDGE('',*,*,#2312,.F.);
#3017=ORIENTED_EDGE('',*,*,#2313,.T.);
#3018=ORIENTED_EDGE('',*,*,#2314,.T.);
#3019=ORIENTED_EDGE('',*,*,#2310,.F.);
#3020=ORIENTED_EDGE('',*,*,#2315,.F.);
#3021=ORIENTED_EDGE('',*,*,#2302,.T.);
#3022=ORIENTED_EDGE('',*,*,#2316,.T.);
#3023=ORIENTED_EDGE('',*,*,#2313,.F.);
#3024=ORIENTED_EDGE('',*,*,#2316,.F.);
#3025=ORIENTED_EDGE('',*,*,#2301,.F.);
#3026=ORIENTED_EDGE('',*,*,#2305,.F.);
#3027=ORIENTED_EDGE('',*,*,#2308,.F.);
#3028=ORIENTED_EDGE('',*,*,#2311,.F.);
#3029=ORIENTED_EDGE('',*,*,#2314,.F.);
#3030=ORIENTED_EDGE('',*,*,#2317,.F.);
#3031=ORIENTED_EDGE('',*,*,#2318,.T.);
#3032=ORIENTED_EDGE('',*,*,#2319,.T.);
#3033=ORIENTED_EDGE('',*,*,#2320,.T.);
#3034=ORIENTED_EDGE('',*,*,#2321,.T.);
#3035=ORIENTED_EDGE('',*,*,#2322,.F.);
#3036=ORIENTED_EDGE('',*,*,#2319,.F.);
#3037=ORIENTED_EDGE('',*,*,#2323,.T.);
#3038=ORIENTED_EDGE('',*,*,#2324,.T.);
#3039=ORIENTED_EDGE('',*,*,#2325,.T.);
#3040=ORIENTED_EDGE('',*,*,#2326,.F.);
#3041=ORIENTED_EDGE('',*,*,#2327,.F.);
#3042=ORIENTED_EDGE('',*,*,#2328,.T.);
#3043=ORIENTED_EDGE('',*,*,#2329,.T.);
#3044=ORIENTED_EDGE('',*,*,#2330,.T.);
#3045=ORIENTED_EDGE('',*,*,#2280,.T.);
#3046=ORIENTED_EDGE('',*,*,#2296,.T.);
#3047=ORIENTED_EDGE('',*,*,#2293,.T.);
#3048=ORIENTED_EDGE('',*,*,#2290,.T.);
#3049=ORIENTED_EDGE('',*,*,#2287,.T.);
#3050=ORIENTED_EDGE('',*,*,#2284,.T.);
#3051=ORIENTED_EDGE('',*,*,#2299,.T.);
#3052=ORIENTED_EDGE('',*,*,#2315,.T.);
#3053=ORIENTED_EDGE('',*,*,#2312,.T.);
#3054=ORIENTED_EDGE('',*,*,#2309,.T.);
#3055=ORIENTED_EDGE('',*,*,#2306,.T.);
#3056=ORIENTED_EDGE('',*,*,#2303,.T.);
#3057=ORIENTED_EDGE('',*,*,#2331,.T.);
#3058=ORIENTED_EDGE('',*,*,#2326,.T.);
#3059=ORIENTED_EDGE('',*,*,#2332,.T.);
#3060=ORIENTED_EDGE('',*,*,#2333,.T.);
#3061=ORIENTED_EDGE('',*,*,#2334,.T.);
#3062=ORIENTED_EDGE('',*,*,#2320,.F.);
#3063=ORIENTED_EDGE('',*,*,#2322,.T.);
#3064=ORIENTED_EDGE('',*,*,#2335,.T.);
#3065=ORIENTED_EDGE('',*,*,#2336,.T.);
#3066=ORIENTED_EDGE('',*,*,#2337,.T.);
#3067=ORIENTED_EDGE('',*,*,#2338,.T.);
#3068=ORIENTED_EDGE('',*,*,#2339,.T.);
#3069=ORIENTED_EDGE('',*,*,#2327,.T.);
#3070=ORIENTED_EDGE('',*,*,#2331,.F.);
#3071=ORIENTED_EDGE('',*,*,#2338,.F.);
#3072=ORIENTED_EDGE('',*,*,#2340,.T.);
#3073=ORIENTED_EDGE('',*,*,#2341,.T.);
#3074=ORIENTED_EDGE('',*,*,#2342,.F.);
#3075=ORIENTED_EDGE('',*,*,#2324,.F.);
#3076=ORIENTED_EDGE('',*,*,#2343,.F.);
#3077=ORIENTED_EDGE('',*,*,#2344,.F.);
#3078=ORIENTED_EDGE('',*,*,#2345,.F.);
#3079=ORIENTED_EDGE('',*,*,#2345,.T.);
#3080=ORIENTED_EDGE('',*,*,#2346,.T.);
#3081=ORIENTED_EDGE('',*,*,#2347,.F.);
#3082=ORIENTED_EDGE('',*,*,#2332,.F.);
#3083=ORIENTED_EDGE('',*,*,#2325,.F.);
#3084=ORIENTED_EDGE('',*,*,#2348,.F.);
#3085=ORIENTED_EDGE('',*,*,#2349,.F.);
#3086=ORIENTED_EDGE('',*,*,#2350,.F.);
#3087=ORIENTED_EDGE('',*,*,#2351,.F.);
#3088=ORIENTED_EDGE('',*,*,#2352,.T.);
#3089=ORIENTED_EDGE('',*,*,#2353,.F.);
#3090=ORIENTED_EDGE('',*,*,#2354,.F.);
#3091=ORIENTED_EDGE('',*,*,#2349,.T.);
#3092=ORIENTED_EDGE('',*,*,#2355,.F.);
#3093=ORIENTED_EDGE('',*,*,#2356,.F.);
#3094=ORIENTED_EDGE('',*,*,#2352,.F.);
#3095=ORIENTED_EDGE('',*,*,#2357,.F.);
#3096=ORIENTED_EDGE('',*,*,#2358,.F.);
#3097=ORIENTED_EDGE('',*,*,#2359,.F.);
#3098=ORIENTED_EDGE('',*,*,#2360,.F.);
#3099=ORIENTED_EDGE('',*,*,#2361,.T.);
#3100=ORIENTED_EDGE('',*,*,#2358,.T.);
#3101=ORIENTED_EDGE('',*,*,#2362,.F.);
#3102=ORIENTED_EDGE('',*,*,#2363,.F.);
#3103=ORIENTED_EDGE('',*,*,#2364,.F.);
#3104=ORIENTED_EDGE('',*,*,#2359,.T.);
#3105=ORIENTED_EDGE('',*,*,#2361,.F.);
#3106=ORIENTED_EDGE('',*,*,#2365,.F.);
#3107=ORIENTED_EDGE('',*,*,#2366,.F.);
#3108=ORIENTED_EDGE('',*,*,#2367,.F.);
#3109=ORIENTED_EDGE('',*,*,#2368,.T.);
#3110=ORIENTED_EDGE('',*,*,#2369,.F.);
#3111=ORIENTED_EDGE('',*,*,#2370,.F.);
#3112=ORIENTED_EDGE('',*,*,#2366,.T.);
#3113=ORIENTED_EDGE('',*,*,#2371,.F.);
#3114=ORIENTED_EDGE('',*,*,#2372,.F.);
#3115=ORIENTED_EDGE('',*,*,#2368,.F.);
#3116=ORIENTED_EDGE('',*,*,#2373,.F.);
#3117=ORIENTED_EDGE('',*,*,#2374,.T.);
#3118=ORIENTED_EDGE('',*,*,#2375,.T.);
#3119=ORIENTED_EDGE('',*,*,#2376,.F.);
#3120=ORIENTED_EDGE('',*,*,#2377,.F.);
#3121=ORIENTED_EDGE('',*,*,#2378,.F.);
#3122=ORIENTED_EDGE('',*,*,#2379,.T.);
#3123=ORIENTED_EDGE('',*,*,#2374,.F.);
#3124=ORIENTED_EDGE('',*,*,#2380,.F.);
#3125=ORIENTED_EDGE('',*,*,#2375,.F.);
#3126=ORIENTED_EDGE('',*,*,#2379,.F.);
#3127=ORIENTED_EDGE('',*,*,#2381,.F.);
#3128=ORIENTED_EDGE('',*,*,#2382,.F.);
#3129=ORIENTED_EDGE('',*,*,#2383,.F.);
#3130=ORIENTED_EDGE('',*,*,#2384,.T.);
#3131=ORIENTED_EDGE('',*,*,#2385,.F.);
#3132=ORIENTED_EDGE('',*,*,#2386,.F.);
#3133=ORIENTED_EDGE('',*,*,#2382,.T.);
#3134=ORIENTED_EDGE('',*,*,#2387,.F.);
#3135=ORIENTED_EDGE('',*,*,#2388,.F.);
#3136=ORIENTED_EDGE('',*,*,#2384,.F.);
#3137=ORIENTED_EDGE('',*,*,#2350,.T.);
#3138=ORIENTED_EDGE('',*,*,#2354,.T.);
#3139=ORIENTED_EDGE('',*,*,#2389,.T.);
#3140=ORIENTED_EDGE('',*,*,#2390,.T.);
#3141=ORIENTED_EDGE('',*,*,#2391,.F.);
#3142=ORIENTED_EDGE('',*,*,#2392,.F.);
#3143=ORIENTED_EDGE('',*,*,#2362,.T.);
#3144=ORIENTED_EDGE('',*,*,#2357,.T.);
#3145=ORIENTED_EDGE('',*,*,#2364,.T.);
#3146=ORIENTED_EDGE('',*,*,#2393,.T.);
#3147=ORIENTED_EDGE('',*,*,#2394,.T.);
#3148=ORIENTED_EDGE('',*,*,#2395,.F.);
#3149=ORIENTED_EDGE('',*,*,#2390,.F.);
#3150=ORIENTED_EDGE('',*,*,#2396,.T.);
#3151=ORIENTED_EDGE('',*,*,#2397,.T.);
#3152=ORIENTED_EDGE('',*,*,#2398,.T.);
#3153=ORIENTED_EDGE('',*,*,#2399,.T.);
#3154=ORIENTED_EDGE('',*,*,#2400,.F.);
#3155=ORIENTED_EDGE('',*,*,#2371,.T.);
#3156=ORIENTED_EDGE('',*,*,#2365,.T.);
#3157=ORIENTED_EDGE('',*,*,#2370,.T.);
#3158=ORIENTED_EDGE('',*,*,#2401,.T.);
#3159=ORIENTED_EDGE('',*,*,#2402,.T.);
#3160=ORIENTED_EDGE('',*,*,#2403,.F.);
#3161=ORIENTED_EDGE('',*,*,#2404,.F.);
#3162=ORIENTED_EDGE('',*,*,#2405,.F.);
#3163=ORIENTED_EDGE('',*,*,#2406,.F.);
#3164=ORIENTED_EDGE('',*,*,#2407,.T.);
#3165=ORIENTED_EDGE('',*,*,#2387,.T.);
#3166=ORIENTED_EDGE('',*,*,#2381,.T.);
#3167=ORIENTED_EDGE('',*,*,#2386,.T.);
#3168=ORIENTED_EDGE('',*,*,#2408,.T.);
#3169=ORIENTED_EDGE('',*,*,#2409,.T.);
#3170=ORIENTED_EDGE('',*,*,#2410,.F.);
#3171=ORIENTED_EDGE('',*,*,#2402,.F.);
#3172=ORIENTED_EDGE('',*,*,#2411,.T.);
#3173=ORIENTED_EDGE('',*,*,#2412,.F.);
#3174=ORIENTED_EDGE('',*,*,#2413,.T.);
#3175=ORIENTED_EDGE('',*,*,#2414,.T.);
#3176=ORIENTED_EDGE('',*,*,#2415,.T.);
#3177=ORIENTED_EDGE('',*,*,#2416,.F.);
#3178=ORIENTED_EDGE('',*,*,#2417,.F.);
#3179=ORIENTED_EDGE('',*,*,#2418,.F.);
#3180=ORIENTED_EDGE('',*,*,#2419,.F.);
#3181=ORIENTED_EDGE('',*,*,#2420,.F.);
#3182=ORIENTED_EDGE('',*,*,#2421,.F.);
#3183=ORIENTED_EDGE('',*,*,#2422,.F.);
#3184=ORIENTED_EDGE('',*,*,#2423,.F.);
#3185=ORIENTED_EDGE('',*,*,#2424,.F.);
#3186=ORIENTED_EDGE('',*,*,#2351,.T.);
#3187=ORIENTED_EDGE('',*,*,#2360,.T.);
#3188=ORIENTED_EDGE('',*,*,#2367,.T.);
#3189=ORIENTED_EDGE('',*,*,#2373,.T.);
#3190=ORIENTED_EDGE('',*,*,#2383,.T.);
#3191=ORIENTED_EDGE('',*,*,#2425,.F.);
#3192=ORIENTED_EDGE('',*,*,#2426,.F.);
#3193=ORIENTED_EDGE('',*,*,#2427,.F.);
#3194=ORIENTED_EDGE('',*,*,#2428,.F.);
#3195=ORIENTED_EDGE('',*,*,#2429,.F.);
#3196=ORIENTED_EDGE('',*,*,#2430,.F.);
#3197=ORIENTED_EDGE('',*,*,#2431,.F.);
#3198=ORIENTED_EDGE('',*,*,#2432,.F.);
#3199=ORIENTED_EDGE('',*,*,#2433,.F.);
#3200=ORIENTED_EDGE('',*,*,#2434,.F.);
#3201=ORIENTED_EDGE('',*,*,#2435,.F.);
#3202=ORIENTED_EDGE('',*,*,#2436,.F.);
#3203=ORIENTED_EDGE('',*,*,#2437,.F.);
#3204=ORIENTED_EDGE('',*,*,#2438,.F.);
#3205=ORIENTED_EDGE('',*,*,#2439,.F.);
#3206=ORIENTED_EDGE('',*,*,#2440,.F.);
#3207=ORIENTED_EDGE('',*,*,#2441,.F.);
#3208=ORIENTED_EDGE('',*,*,#2434,.T.);
#3209=ORIENTED_EDGE('',*,*,#2442,.F.);
#3210=ORIENTED_EDGE('',*,*,#2443,.F.);
#3211=ORIENTED_EDGE('',*,*,#2444,.T.);
#3212=ORIENTED_EDGE('',*,*,#2378,.T.);
#3213=ORIENTED_EDGE('',*,*,#2445,.T.);
#3214=ORIENTED_EDGE('',*,*,#2442,.T.);
#3215=ORIENTED_EDGE('',*,*,#2433,.T.);
#3216=ORIENTED_EDGE('',*,*,#2446,.F.);
#3217=ORIENTED_EDGE('',*,*,#2447,.T.);
#3218=ORIENTED_EDGE('',*,*,#2448,.T.);
#3219=ORIENTED_EDGE('',*,*,#2449,.F.);
#3220=ORIENTED_EDGE('',*,*,#2394,.F.);
#3221=ORIENTED_EDGE('',*,*,#2450,.T.);
#3222=ORIENTED_EDGE('',*,*,#2376,.T.);
#3223=ORIENTED_EDGE('',*,*,#2380,.T.);
#3224=ORIENTED_EDGE('',*,*,#2432,.T.);
#3225=ORIENTED_EDGE('',*,*,#2451,.F.);
#3226=ORIENTED_EDGE('',*,*,#2452,.T.);
#3227=ORIENTED_EDGE('',*,*,#2446,.T.);
#3228=ORIENTED_EDGE('',*,*,#2431,.T.);
#3229=ORIENTED_EDGE('',*,*,#2453,.F.);
#3230=ORIENTED_EDGE('',*,*,#2454,.T.);
#3231=ORIENTED_EDGE('',*,*,#2451,.T.);
#3232=ORIENTED_EDGE('',*,*,#2430,.T.);
#3233=ORIENTED_EDGE('',*,*,#2455,.F.);
#3234=ORIENTED_EDGE('',*,*,#2456,.T.);
#3235=ORIENTED_EDGE('',*,*,#2453,.T.);
#3236=ORIENTED_EDGE('',*,*,#2429,.T.);
#3237=ORIENTED_EDGE('',*,*,#2457,.F.);
#3238=ORIENTED_EDGE('',*,*,#2458,.T.);
#3239=ORIENTED_EDGE('',*,*,#2455,.T.);
#3240=ORIENTED_EDGE('',*,*,#2428,.T.);
#3241=ORIENTED_EDGE('',*,*,#2459,.F.);
#3242=ORIENTED_EDGE('',*,*,#2460,.F.);
#3243=ORIENTED_EDGE('',*,*,#2461,.F.);
#3244=ORIENTED_EDGE('',*,*,#2462,.F.);
#3245=ORIENTED_EDGE('',*,*,#2463,.T.);
#3246=ORIENTED_EDGE('',*,*,#2464,.T.);
#3247=ORIENTED_EDGE('',*,*,#2465,.F.);
#3248=ORIENTED_EDGE('',*,*,#2466,.F.);
#3249=ORIENTED_EDGE('',*,*,#2467,.F.);
#3250=ORIENTED_EDGE('',*,*,#2457,.T.);
#3251=ORIENTED_EDGE('',*,*,#2427,.T.);
#3252=ORIENTED_EDGE('',*,*,#2468,.F.);
#3253=ORIENTED_EDGE('',*,*,#2469,.T.);
#3254=ORIENTED_EDGE('',*,*,#2459,.T.);
#3255=ORIENTED_EDGE('',*,*,#2421,.T.);
#3256=ORIENTED_EDGE('',*,*,#2470,.F.);
#3257=ORIENTED_EDGE('',*,*,#2471,.T.);
#3258=ORIENTED_EDGE('',*,*,#2472,.F.);
#3259=ORIENTED_EDGE('',*,*,#2473,.F.);
#3260=ORIENTED_EDGE('',*,*,#2474,.F.);
#3261=ORIENTED_EDGE('',*,*,#2475,.F.);
#3262=ORIENTED_EDGE('',*,*,#2476,.F.);
#3263=ORIENTED_EDGE('',*,*,#2477,.F.);
#3264=ORIENTED_EDGE('',*,*,#2478,.T.);
#3265=ORIENTED_EDGE('',*,*,#2479,.T.);
#3266=ORIENTED_EDGE('',*,*,#2420,.T.);
#3267=ORIENTED_EDGE('',*,*,#2480,.F.);
#3268=ORIENTED_EDGE('',*,*,#2481,.F.);
#3269=ORIENTED_EDGE('',*,*,#2470,.T.);
#3270=ORIENTED_EDGE('',*,*,#2419,.T.);
#3271=ORIENTED_EDGE('',*,*,#2418,.T.);
#3272=ORIENTED_EDGE('',*,*,#2482,.F.);
#3273=ORIENTED_EDGE('',*,*,#2483,.F.);
#3274=ORIENTED_EDGE('',*,*,#2484,.F.);
#3275=ORIENTED_EDGE('',*,*,#2485,.F.);
#3276=ORIENTED_EDGE('',*,*,#2486,.T.);
#3277=ORIENTED_EDGE('',*,*,#2487,.T.);
#3278=ORIENTED_EDGE('',*,*,#2488,.T.);
#3279=ORIENTED_EDGE('',*,*,#2489,.T.);
#3280=ORIENTED_EDGE('',*,*,#2490,.T.);
#3281=ORIENTED_EDGE('',*,*,#2491,.T.);
#3282=ORIENTED_EDGE('',*,*,#2492,.T.);
#3283=ORIENTED_EDGE('',*,*,#2493,.F.);
#3284=ORIENTED_EDGE('',*,*,#2494,.T.);
#3285=ORIENTED_EDGE('',*,*,#2495,.T.);
#3286=ORIENTED_EDGE('',*,*,#2496,.T.);
#3287=ORIENTED_EDGE('',*,*,#2497,.T.);
#3288=ORIENTED_EDGE('',*,*,#2498,.T.);
#3289=ORIENTED_EDGE('',*,*,#2499,.T.);
#3290=ORIENTED_EDGE('',*,*,#2500,.T.);
#3291=ORIENTED_EDGE('',*,*,#2501,.T.);
#3292=ORIENTED_EDGE('',*,*,#2502,.T.);
#3293=ORIENTED_EDGE('',*,*,#2503,.T.);
#3294=ORIENTED_EDGE('',*,*,#2504,.F.);
#3295=ORIENTED_EDGE('',*,*,#2505,.T.);
#3296=ORIENTED_EDGE('',*,*,#2506,.T.);
#3297=ORIENTED_EDGE('',*,*,#2507,.T.);
#3298=ORIENTED_EDGE('',*,*,#2508,.T.);
#3299=ORIENTED_EDGE('',*,*,#2509,.T.);
#3300=ORIENTED_EDGE('',*,*,#2510,.F.);
#3301=ORIENTED_EDGE('',*,*,#2511,.F.);
#3302=ORIENTED_EDGE('',*,*,#2480,.T.);
#3303=ORIENTED_EDGE('',*,*,#2440,.T.);
#3304=ORIENTED_EDGE('',*,*,#2512,.F.);
#3305=ORIENTED_EDGE('',*,*,#2513,.F.);
#3306=ORIENTED_EDGE('',*,*,#2514,.T.);
#3307=ORIENTED_EDGE('',*,*,#2439,.T.);
#3308=ORIENTED_EDGE('',*,*,#2515,.T.);
#3309=ORIENTED_EDGE('',*,*,#2516,.F.);
#3310=ORIENTED_EDGE('',*,*,#2512,.T.);
#3311=ORIENTED_EDGE('',*,*,#2438,.T.);
#3312=ORIENTED_EDGE('',*,*,#2517,.F.);
#3313=ORIENTED_EDGE('',*,*,#2518,.F.);
#3314=ORIENTED_EDGE('',*,*,#2515,.F.);
#3315=ORIENTED_EDGE('',*,*,#2437,.T.);
#3316=ORIENTED_EDGE('',*,*,#2519,.F.);
#3317=ORIENTED_EDGE('',*,*,#2520,.F.);
#3318=ORIENTED_EDGE('',*,*,#2517,.T.);
#3319=ORIENTED_EDGE('',*,*,#2436,.T.);
#3320=ORIENTED_EDGE('',*,*,#2521,.F.);
#3321=ORIENTED_EDGE('',*,*,#2522,.F.);
#3322=ORIENTED_EDGE('',*,*,#2519,.T.);
#3323=ORIENTED_EDGE('',*,*,#2435,.T.);
#3324=ORIENTED_EDGE('',*,*,#2444,.F.);
#3325=ORIENTED_EDGE('',*,*,#2523,.F.);
#3326=ORIENTED_EDGE('',*,*,#2521,.T.);
#3327=ORIENTED_EDGE('',*,*,#2424,.T.);
#3328=ORIENTED_EDGE('',*,*,#2524,.T.);
#3329=ORIENTED_EDGE('',*,*,#2525,.F.);
#3330=ORIENTED_EDGE('',*,*,#2526,.F.);
#3331=ORIENTED_EDGE('',*,*,#2527,.F.);
#3332=ORIENTED_EDGE('',*,*,#2423,.T.);
#3333=ORIENTED_EDGE('',*,*,#2528,.F.);
#3334=ORIENTED_EDGE('',*,*,#2529,.T.);
#3335=ORIENTED_EDGE('',*,*,#2530,.F.);
#3336=ORIENTED_EDGE('',*,*,#2524,.F.);
#3337=ORIENTED_EDGE('',*,*,#2422,.T.);
#3338=ORIENTED_EDGE('',*,*,#2479,.F.);
#3339=ORIENTED_EDGE('',*,*,#2531,.T.);
#3340=ORIENTED_EDGE('',*,*,#2532,.F.);
#3341=ORIENTED_EDGE('',*,*,#2533,.F.);
#3342=ORIENTED_EDGE('',*,*,#2528,.T.);
#3343=ORIENTED_EDGE('',*,*,#2426,.T.);
#3344=ORIENTED_EDGE('',*,*,#2534,.F.);
#3345=ORIENTED_EDGE('',*,*,#2535,.T.);
#3346=ORIENTED_EDGE('',*,*,#2468,.T.);
#3347=ORIENTED_EDGE('',*,*,#2425,.T.);
#3348=ORIENTED_EDGE('',*,*,#2536,.F.);
#3349=ORIENTED_EDGE('',*,*,#2537,.T.);
#3350=ORIENTED_EDGE('',*,*,#2534,.T.);
#3351=ORIENTED_EDGE('',*,*,#2441,.T.);
#3352=ORIENTED_EDGE('',*,*,#2514,.F.);
#3353=ORIENTED_EDGE('',*,*,#2538,.F.);
#3354=ORIENTED_EDGE('',*,*,#2406,.T.);
#3355=ORIENTED_EDGE('',*,*,#2536,.T.);
#3356=ORIENTED_EDGE('',*,*,#2539,.F.);
#3357=ORIENTED_EDGE('',*,*,#2537,.F.);
#3358=ORIENTED_EDGE('',*,*,#2405,.T.);
#3359=ORIENTED_EDGE('',*,*,#2540,.F.);
#3360=ORIENTED_EDGE('',*,*,#2541,.F.);
#3361=ORIENTED_EDGE('',*,*,#2542,.F.);
#3362=ORIENTED_EDGE('',*,*,#2447,.F.);
#3363=ORIENTED_EDGE('',*,*,#2452,.F.);
#3364=ORIENTED_EDGE('',*,*,#2454,.F.);
#3365=ORIENTED_EDGE('',*,*,#2543,.F.);
#3366=ORIENTED_EDGE('',*,*,#2544,.F.);
#3367=ORIENTED_EDGE('',*,*,#2545,.F.);
#3368=ORIENTED_EDGE('',*,*,#2546,.F.);
#3369=ORIENTED_EDGE('',*,*,#2547,.F.);
#3370=ORIENTED_EDGE('',*,*,#2542,.T.);
#3371=ORIENTED_EDGE('',*,*,#2353,.T.);
#3372=ORIENTED_EDGE('',*,*,#2356,.T.);
#3373=ORIENTED_EDGE('',*,*,#2548,.F.);
#3374=ORIENTED_EDGE('',*,*,#2408,.F.);
#3375=ORIENTED_EDGE('',*,*,#2385,.T.);
#3376=ORIENTED_EDGE('',*,*,#2388,.T.);
#3377=ORIENTED_EDGE('',*,*,#2411,.F.);
#3378=ORIENTED_EDGE('',*,*,#2401,.F.);
#3379=ORIENTED_EDGE('',*,*,#2369,.T.);
#3380=ORIENTED_EDGE('',*,*,#2372,.T.);
#3381=ORIENTED_EDGE('',*,*,#2407,.F.);
#3382=ORIENTED_EDGE('',*,*,#2538,.T.);
#3383=ORIENTED_EDGE('',*,*,#2513,.T.);
#3384=ORIENTED_EDGE('',*,*,#2516,.T.);
#3385=ORIENTED_EDGE('',*,*,#2518,.T.);
#3386=ORIENTED_EDGE('',*,*,#2520,.T.);
#3387=ORIENTED_EDGE('',*,*,#2522,.T.);
#3388=ORIENTED_EDGE('',*,*,#2523,.T.);
#3389=ORIENTED_EDGE('',*,*,#2443,.T.);
#3390=ORIENTED_EDGE('',*,*,#2445,.F.);
#3391=ORIENTED_EDGE('',*,*,#2377,.T.);
#3392=ORIENTED_EDGE('',*,*,#2450,.F.);
#3393=ORIENTED_EDGE('',*,*,#2393,.F.);
#3394=ORIENTED_EDGE('',*,*,#2363,.T.);
#3395=ORIENTED_EDGE('',*,*,#2396,.F.);
#3396=ORIENTED_EDGE('',*,*,#2389,.F.);
#3397=ORIENTED_EDGE('',*,*,#2549,.F.);
#3398=ORIENTED_EDGE('',*,*,#2540,.T.);
#3399=ORIENTED_EDGE('',*,*,#2550,.F.);
#3400=ORIENTED_EDGE('',*,*,#2551,.F.);
#3401=ORIENTED_EDGE('',*,*,#2552,.F.);
#3402=ORIENTED_EDGE('',*,*,#2553,.F.);
#3403=ORIENTED_EDGE('',*,*,#2554,.F.);
#3404=ORIENTED_EDGE('',*,*,#2545,.T.);
#3405=ORIENTED_EDGE('',*,*,#2555,.F.);
#3406=ORIENTED_EDGE('',*,*,#2552,.T.);
#3407=ORIENTED_EDGE('',*,*,#2543,.T.);
#3408=ORIENTED_EDGE('',*,*,#2554,.T.);
#3409=ORIENTED_EDGE('',*,*,#2556,.F.);
#3410=ORIENTED_EDGE('',*,*,#2557,.F.);
#3411=ORIENTED_EDGE('',*,*,#2558,.F.);
#3412=ORIENTED_EDGE('',*,*,#2464,.F.);
#3413=ORIENTED_EDGE('',*,*,#2559,.F.);
#3414=ORIENTED_EDGE('',*,*,#2416,.T.);
#3415=ORIENTED_EDGE('',*,*,#2527,.T.);
#3416=ORIENTED_EDGE('',*,*,#2560,.F.);
#3417=ORIENTED_EDGE('',*,*,#2561,.F.);
#3418=ORIENTED_EDGE('',*,*,#2477,.T.);
#3419=ORIENTED_EDGE('',*,*,#2476,.T.);
#3420=ORIENTED_EDGE('',*,*,#2562,.T.);
#3421=ORIENTED_EDGE('',*,*,#2563,.T.);
#3422=ORIENTED_EDGE('',*,*,#2564,.T.);
#3423=ORIENTED_EDGE('',*,*,#2565,.T.);
#3424=ORIENTED_EDGE('',*,*,#2566,.T.);
#3425=ORIENTED_EDGE('',*,*,#2567,.F.);
#3426=ORIENTED_EDGE('',*,*,#2568,.F.);
#3427=ORIENTED_EDGE('',*,*,#2569,.F.);
#3428=ORIENTED_EDGE('',*,*,#2478,.F.);
#3429=ORIENTED_EDGE('',*,*,#2550,.T.);
#3430=ORIENTED_EDGE('',*,*,#2404,.T.);
#3431=ORIENTED_EDGE('',*,*,#2570,.F.);
#3432=ORIENTED_EDGE('',*,*,#2571,.T.);
#3433=ORIENTED_EDGE('',*,*,#2572,.F.);
#3434=ORIENTED_EDGE('',*,*,#2573,.F.);
#3435=ORIENTED_EDGE('',*,*,#2348,.T.);
#3436=ORIENTED_EDGE('',*,*,#2392,.T.);
#3437=ORIENTED_EDGE('',*,*,#2574,.F.);
#3438=ORIENTED_EDGE('',*,*,#2409,.F.);
#3439=ORIENTED_EDGE('',*,*,#2548,.T.);
#3440=ORIENTED_EDGE('',*,*,#2355,.T.);
#3441=ORIENTED_EDGE('',*,*,#2575,.F.);
#3442=ORIENTED_EDGE('',*,*,#2576,.F.);
#3443=ORIENTED_EDGE('',*,*,#2577,.F.);
#3444=ORIENTED_EDGE('',*,*,#2578,.F.);
#3445=ORIENTED_EDGE('',*,*,#2579,.F.);
#3446=ORIENTED_EDGE('',*,*,#2580,.F.);
#3447=ORIENTED_EDGE('',*,*,#2581,.T.);
#3448=ORIENTED_EDGE('',*,*,#2578,.T.);
#3449=ORIENTED_EDGE('',*,*,#2582,.F.);
#3450=ORIENTED_EDGE('',*,*,#2583,.F.);
#3451=ORIENTED_EDGE('',*,*,#2584,.T.);
#3452=ORIENTED_EDGE('',*,*,#2577,.T.);
#3453=ORIENTED_EDGE('',*,*,#2585,.F.);
#3454=ORIENTED_EDGE('',*,*,#2586,.F.);
#3455=ORIENTED_EDGE('',*,*,#2582,.T.);
#3456=ORIENTED_EDGE('',*,*,#2576,.T.);
#3457=ORIENTED_EDGE('',*,*,#2587,.T.);
#3458=ORIENTED_EDGE('',*,*,#2588,.F.);
#3459=ORIENTED_EDGE('',*,*,#2585,.T.);
#3460=ORIENTED_EDGE('',*,*,#2589,.F.);
#3461=ORIENTED_EDGE('',*,*,#2590,.F.);
#3462=ORIENTED_EDGE('',*,*,#2591,.F.);
#3463=ORIENTED_EDGE('',*,*,#2592,.F.);
#3464=ORIENTED_EDGE('',*,*,#2593,.F.);
#3465=ORIENTED_EDGE('',*,*,#2594,.F.);
#3466=ORIENTED_EDGE('',*,*,#2595,.T.);
#3467=ORIENTED_EDGE('',*,*,#2592,.T.);
#3468=ORIENTED_EDGE('',*,*,#2596,.F.);
#3469=ORIENTED_EDGE('',*,*,#2597,.F.);
#3470=ORIENTED_EDGE('',*,*,#2598,.T.);
#3471=ORIENTED_EDGE('',*,*,#2591,.T.);
#3472=ORIENTED_EDGE('',*,*,#2599,.F.);
#3473=ORIENTED_EDGE('',*,*,#2600,.F.);
#3474=ORIENTED_EDGE('',*,*,#2596,.T.);
#3475=ORIENTED_EDGE('',*,*,#2590,.T.);
#3476=ORIENTED_EDGE('',*,*,#2601,.T.);
#3477=ORIENTED_EDGE('',*,*,#2602,.F.);
#3478=ORIENTED_EDGE('',*,*,#2599,.T.);
#3479=ORIENTED_EDGE('',*,*,#2603,.F.);
#3480=ORIENTED_EDGE('',*,*,#2604,.F.);
#3481=ORIENTED_EDGE('',*,*,#2605,.F.);
#3482=ORIENTED_EDGE('',*,*,#2606,.T.);
#3483=ORIENTED_EDGE('',*,*,#2583,.T.);
#3484=ORIENTED_EDGE('',*,*,#2586,.T.);
#3485=ORIENTED_EDGE('',*,*,#2588,.T.);
#3486=ORIENTED_EDGE('',*,*,#2607,.T.);
#3487=ORIENTED_EDGE('',*,*,#2608,.T.);
#3488=ORIENTED_EDGE('',*,*,#2609,.T.);
#3489=ORIENTED_EDGE('',*,*,#2597,.T.);
#3490=ORIENTED_EDGE('',*,*,#2600,.T.);
#3491=ORIENTED_EDGE('',*,*,#2602,.T.);
#3492=ORIENTED_EDGE('',*,*,#2610,.T.);
#3493=ORIENTED_EDGE('',*,*,#2611,.T.);
#3494=ORIENTED_EDGE('',*,*,#2612,.T.);
#3495=ORIENTED_EDGE('',*,*,#2321,.F.);
#3496=ORIENTED_EDGE('',*,*,#2334,.F.);
#3497=ORIENTED_EDGE('',*,*,#2613,.F.);
#3498=ORIENTED_EDGE('',*,*,#2614,.F.);
#3499=ORIENTED_EDGE('',*,*,#2615,.F.);
#3500=ORIENTED_EDGE('',*,*,#2603,.T.);
#3501=ORIENTED_EDGE('',*,*,#2616,.F.);
#3502=ORIENTED_EDGE('',*,*,#2617,.T.);
#3503=ORIENTED_EDGE('',*,*,#2618,.T.);
#3504=ORIENTED_EDGE('',*,*,#2336,.F.);
#3505=ORIENTED_EDGE('',*,*,#2619,.F.);
#3506=ORIENTED_EDGE('',*,*,#2620,.T.);
#3507=ORIENTED_EDGE('',*,*,#2613,.T.);
#3508=ORIENTED_EDGE('',*,*,#2593,.T.);
#3509=ORIENTED_EDGE('',*,*,#2598,.F.);
#3510=ORIENTED_EDGE('',*,*,#2612,.F.);
#3511=ORIENTED_EDGE('',*,*,#2621,.F.);
#3512=ORIENTED_EDGE('',*,*,#2594,.T.);
#3513=ORIENTED_EDGE('',*,*,#2621,.T.);
#3514=ORIENTED_EDGE('',*,*,#2611,.F.);
#3515=ORIENTED_EDGE('',*,*,#2622,.F.);
#3516=ORIENTED_EDGE('',*,*,#2589,.T.);
#3517=ORIENTED_EDGE('',*,*,#2622,.T.);
#3518=ORIENTED_EDGE('',*,*,#2610,.F.);
#3519=ORIENTED_EDGE('',*,*,#2601,.F.);
#3520=ORIENTED_EDGE('',*,*,#2579,.T.);
#3521=ORIENTED_EDGE('',*,*,#2584,.F.);
#3522=ORIENTED_EDGE('',*,*,#2609,.F.);
#3523=ORIENTED_EDGE('',*,*,#2623,.F.);
#3524=ORIENTED_EDGE('',*,*,#2580,.T.);
#3525=ORIENTED_EDGE('',*,*,#2623,.T.);
#3526=ORIENTED_EDGE('',*,*,#2608,.F.);
#3527=ORIENTED_EDGE('',*,*,#2624,.F.);
#3528=ORIENTED_EDGE('',*,*,#2575,.T.);
#3529=ORIENTED_EDGE('',*,*,#2624,.T.);
#3530=ORIENTED_EDGE('',*,*,#2607,.F.);
#3531=ORIENTED_EDGE('',*,*,#2587,.F.);
#3532=ORIENTED_EDGE('',*,*,#2625,.F.);
#3533=ORIENTED_EDGE('',*,*,#2626,.F.);
#3534=ORIENTED_EDGE('',*,*,#2627,.F.);
#3535=ORIENTED_EDGE('',*,*,#2628,.F.);
#3536=ORIENTED_EDGE('',*,*,#2629,.F.);
#3537=ORIENTED_EDGE('',*,*,#2630,.F.);
#3538=ORIENTED_EDGE('',*,*,#2415,.F.);
#3539=ORIENTED_EDGE('',*,*,#2631,.F.);
#3540=ORIENTED_EDGE('',*,*,#2397,.F.);
#3541=ORIENTED_EDGE('',*,*,#2632,.F.);
#3542=ORIENTED_EDGE('',*,*,#2344,.T.);
#3543=ORIENTED_EDGE('',*,*,#2633,.F.);
#3544=ORIENTED_EDGE('',*,*,#2617,.F.);
#3545=ORIENTED_EDGE('',*,*,#2634,.F.);
#3546=ORIENTED_EDGE('',*,*,#2635,.F.);
#3547=ORIENTED_EDGE('',*,*,#2346,.F.);
#3548=ORIENTED_EDGE('',*,*,#2636,.F.);
#3549=ORIENTED_EDGE('',*,*,#2637,.F.);
#3550=ORIENTED_EDGE('',*,*,#2638,.F.);
#3551=ORIENTED_EDGE('',*,*,#2639,.F.);
#3552=ORIENTED_EDGE('',*,*,#2343,.T.);
#3553=ORIENTED_EDGE('',*,*,#2323,.F.);
#3554=ORIENTED_EDGE('',*,*,#2318,.F.);
#3555=ORIENTED_EDGE('',*,*,#2618,.F.);
#3556=ORIENTED_EDGE('',*,*,#2633,.T.);
#3557=ORIENTED_EDGE('',*,*,#2347,.T.);
#3558=ORIENTED_EDGE('',*,*,#2635,.T.);
#3559=ORIENTED_EDGE('',*,*,#2640,.F.);
#3560=ORIENTED_EDGE('',*,*,#2605,.T.);
#3561=ORIENTED_EDGE('',*,*,#2641,.F.);
#3562=ORIENTED_EDGE('',*,*,#2642,.T.);
#3563=ORIENTED_EDGE('',*,*,#2340,.F.);
#3564=ORIENTED_EDGE('',*,*,#2337,.F.);
#3565=ORIENTED_EDGE('',*,*,#2333,.F.);
#3566=ORIENTED_EDGE('',*,*,#2626,.T.);
#3567=ORIENTED_EDGE('',*,*,#2643,.F.);
#3568=ORIENTED_EDGE('',*,*,#2644,.T.);
#3569=ORIENTED_EDGE('',*,*,#2619,.T.);
#3570=ORIENTED_EDGE('',*,*,#2335,.F.);
#3571=ORIENTED_EDGE('',*,*,#2330,.F.);
#3572=ORIENTED_EDGE('',*,*,#2645,.T.);
#3573=ORIENTED_EDGE('',*,*,#2625,.T.);
#3574=ORIENTED_EDGE('',*,*,#2646,.F.);
#3575=ORIENTED_EDGE('',*,*,#2647,.T.);
#3576=ORIENTED_EDGE('',*,*,#2643,.T.);
#3577=ORIENTED_EDGE('',*,*,#2632,.T.);
#3578=ORIENTED_EDGE('',*,*,#2400,.T.);
#3579=ORIENTED_EDGE('',*,*,#2648,.T.);
#3580=ORIENTED_EDGE('',*,*,#2646,.T.);
#3581=ORIENTED_EDGE('',*,*,#2631,.T.);
#3582=ORIENTED_EDGE('',*,*,#2414,.F.);
#3583=ORIENTED_EDGE('',*,*,#2649,.T.);
#3584=ORIENTED_EDGE('',*,*,#2398,.F.);
#3585=ORIENTED_EDGE('',*,*,#2630,.T.);
#3586=ORIENTED_EDGE('',*,*,#2650,.T.);
#3587=ORIENTED_EDGE('',*,*,#2651,.T.);
#3588=ORIENTED_EDGE('',*,*,#2412,.T.);
#3589=ORIENTED_EDGE('',*,*,#2629,.T.);
#3590=ORIENTED_EDGE('',*,*,#2652,.F.);
#3591=ORIENTED_EDGE('',*,*,#2653,.T.);
#3592=ORIENTED_EDGE('',*,*,#2650,.F.);
#3593=ORIENTED_EDGE('',*,*,#2628,.T.);
#3594=ORIENTED_EDGE('',*,*,#2654,.F.);
#3595=ORIENTED_EDGE('',*,*,#2328,.F.);
#3596=ORIENTED_EDGE('',*,*,#2339,.F.);
#3597=ORIENTED_EDGE('',*,*,#2342,.T.);
#3598=ORIENTED_EDGE('',*,*,#2655,.T.);
#3599=ORIENTED_EDGE('',*,*,#2652,.T.);
#3600=ORIENTED_EDGE('',*,*,#2656,.F.);
#3601=ORIENTED_EDGE('',*,*,#2657,.T.);
#3602=ORIENTED_EDGE('',*,*,#2658,.T.);
#3603=ORIENTED_EDGE('',*,*,#2657,.F.);
#3604=ORIENTED_EDGE('',*,*,#2417,.T.);
#3605=ORIENTED_EDGE('',*,*,#2561,.T.);
#3606=ORIENTED_EDGE('',*,*,#2659,.T.);
#3607=ORIENTED_EDGE('',*,*,#2660,.F.);
#3608=ORIENTED_EDGE('',*,*,#2661,.F.);
#3609=ORIENTED_EDGE('',*,*,#2482,.T.);
#3610=ORIENTED_EDGE('',*,*,#2662,.F.);
#3611=ORIENTED_EDGE('',*,*,#2663,.T.);
#3612=ORIENTED_EDGE('',*,*,#2664,.T.);
#3613=ORIENTED_EDGE('',*,*,#2665,.F.);
#3614=ORIENTED_EDGE('',*,*,#2666,.F.);
#3615=ORIENTED_EDGE('',*,*,#2667,.T.);
#3616=ORIENTED_EDGE('',*,*,#2668,.T.);
#3617=ORIENTED_EDGE('',*,*,#2663,.F.);
#3618=ORIENTED_EDGE('',*,*,#2669,.F.);
#3619=ORIENTED_EDGE('',*,*,#2670,.T.);
#3620=ORIENTED_EDGE('',*,*,#2671,.T.);
#3621=ORIENTED_EDGE('',*,*,#2667,.F.);
#3622=ORIENTED_EDGE('',*,*,#2672,.F.);
#3623=ORIENTED_EDGE('',*,*,#2673,.T.);
#3624=ORIENTED_EDGE('',*,*,#2674,.T.);
#3625=ORIENTED_EDGE('',*,*,#2670,.F.);
#3626=ORIENTED_EDGE('',*,*,#2675,.F.);
#3627=ORIENTED_EDGE('',*,*,#2676,.T.);
#3628=ORIENTED_EDGE('',*,*,#2677,.T.);
#3629=ORIENTED_EDGE('',*,*,#2673,.F.);
#3630=ORIENTED_EDGE('',*,*,#2678,.F.);
#3631=ORIENTED_EDGE('',*,*,#2679,.T.);
#3632=ORIENTED_EDGE('',*,*,#2680,.T.);
#3633=ORIENTED_EDGE('',*,*,#2676,.F.);
#3634=ORIENTED_EDGE('',*,*,#2681,.F.);
#3635=ORIENTED_EDGE('',*,*,#2682,.T.);
#3636=ORIENTED_EDGE('',*,*,#2683,.T.);
#3637=ORIENTED_EDGE('',*,*,#2679,.F.);
#3638=ORIENTED_EDGE('',*,*,#2684,.F.);
#3639=ORIENTED_EDGE('',*,*,#2665,.T.);
#3640=ORIENTED_EDGE('',*,*,#2685,.T.);
#3641=ORIENTED_EDGE('',*,*,#2682,.F.);
#3642=ORIENTED_EDGE('',*,*,#2686,.F.);
#3643=ORIENTED_EDGE('',*,*,#2687,.T.);
#3644=ORIENTED_EDGE('',*,*,#2688,.T.);
#3645=ORIENTED_EDGE('',*,*,#2689,.F.);
#3646=ORIENTED_EDGE('',*,*,#2690,.F.);
#3647=ORIENTED_EDGE('',*,*,#2691,.T.);
#3648=ORIENTED_EDGE('',*,*,#2692,.T.);
#3649=ORIENTED_EDGE('',*,*,#2687,.F.);
#3650=ORIENTED_EDGE('',*,*,#2693,.F.);
#3651=ORIENTED_EDGE('',*,*,#2694,.T.);
#3652=ORIENTED_EDGE('',*,*,#2695,.T.);
#3653=ORIENTED_EDGE('',*,*,#2691,.F.);
#3654=ORIENTED_EDGE('',*,*,#2696,.F.);
#3655=ORIENTED_EDGE('',*,*,#2697,.T.);
#3656=ORIENTED_EDGE('',*,*,#2698,.T.);
#3657=ORIENTED_EDGE('',*,*,#2694,.F.);
#3658=ORIENTED_EDGE('',*,*,#2699,.F.);
#3659=ORIENTED_EDGE('',*,*,#2700,.T.);
#3660=ORIENTED_EDGE('',*,*,#2701,.T.);
#3661=ORIENTED_EDGE('',*,*,#2697,.F.);
#3662=ORIENTED_EDGE('',*,*,#2702,.F.);
#3663=ORIENTED_EDGE('',*,*,#2703,.T.);
#3664=ORIENTED_EDGE('',*,*,#2704,.T.);
#3665=ORIENTED_EDGE('',*,*,#2700,.F.);
#3666=ORIENTED_EDGE('',*,*,#2705,.F.);
#3667=ORIENTED_EDGE('',*,*,#2706,.T.);
#3668=ORIENTED_EDGE('',*,*,#2707,.T.);
#3669=ORIENTED_EDGE('',*,*,#2703,.F.);
#3670=ORIENTED_EDGE('',*,*,#2708,.F.);
#3671=ORIENTED_EDGE('',*,*,#2709,.T.);
#3672=ORIENTED_EDGE('',*,*,#2710,.T.);
#3673=ORIENTED_EDGE('',*,*,#2706,.F.);
#3674=ORIENTED_EDGE('',*,*,#2503,.F.);
#3675=ORIENTED_EDGE('',*,*,#2711,.T.);
#3676=ORIENTED_EDGE('',*,*,#2712,.T.);
#3677=ORIENTED_EDGE('',*,*,#2709,.F.);
#3678=ORIENTED_EDGE('',*,*,#2502,.F.);
#3679=ORIENTED_EDGE('',*,*,#2713,.T.);
#3680=ORIENTED_EDGE('',*,*,#2714,.T.);
#3681=ORIENTED_EDGE('',*,*,#2711,.F.);
#3682=ORIENTED_EDGE('',*,*,#2501,.F.);
#3683=ORIENTED_EDGE('',*,*,#2715,.T.);
#3684=ORIENTED_EDGE('',*,*,#2716,.T.);
#3685=ORIENTED_EDGE('',*,*,#2713,.F.);
#3686=ORIENTED_EDGE('',*,*,#2500,.F.);
#3687=ORIENTED_EDGE('',*,*,#2717,.T.);
#3688=ORIENTED_EDGE('',*,*,#2718,.T.);
#3689=ORIENTED_EDGE('',*,*,#2715,.F.);
#3690=ORIENTED_EDGE('',*,*,#2499,.F.);
#3691=ORIENTED_EDGE('',*,*,#2719,.T.);
#3692=ORIENTED_EDGE('',*,*,#2720,.T.);
#3693=ORIENTED_EDGE('',*,*,#2717,.F.);
#3694=ORIENTED_EDGE('',*,*,#2498,.F.);
#3695=ORIENTED_EDGE('',*,*,#2721,.T.);
#3696=ORIENTED_EDGE('',*,*,#2722,.T.);
#3697=ORIENTED_EDGE('',*,*,#2719,.F.);
#3698=ORIENTED_EDGE('',*,*,#2497,.F.);
#3699=ORIENTED_EDGE('',*,*,#2723,.T.);
#3700=ORIENTED_EDGE('',*,*,#2724,.T.);
#3701=ORIENTED_EDGE('',*,*,#2721,.F.);
#3702=ORIENTED_EDGE('',*,*,#2496,.F.);
#3703=ORIENTED_EDGE('',*,*,#2725,.T.);
#3704=ORIENTED_EDGE('',*,*,#2726,.T.);
#3705=ORIENTED_EDGE('',*,*,#2723,.F.);
#3706=ORIENTED_EDGE('',*,*,#2495,.F.);
#3707=ORIENTED_EDGE('',*,*,#2727,.T.);
#3708=ORIENTED_EDGE('',*,*,#2728,.T.);
#3709=ORIENTED_EDGE('',*,*,#2725,.F.);
#3710=ORIENTED_EDGE('',*,*,#2494,.F.);
#3711=ORIENTED_EDGE('',*,*,#2729,.T.);
#3712=ORIENTED_EDGE('',*,*,#2730,.T.);
#3713=ORIENTED_EDGE('',*,*,#2727,.F.);
#3714=ORIENTED_EDGE('',*,*,#2731,.F.);
#3715=ORIENTED_EDGE('',*,*,#2689,.T.);
#3716=ORIENTED_EDGE('',*,*,#2732,.T.);
#3717=ORIENTED_EDGE('',*,*,#2729,.F.);
#3718=ORIENTED_EDGE('',*,*,#2732,.F.);
#3719=ORIENTED_EDGE('',*,*,#2688,.F.);
#3720=ORIENTED_EDGE('',*,*,#2692,.F.);
#3721=ORIENTED_EDGE('',*,*,#2695,.F.);
#3722=ORIENTED_EDGE('',*,*,#2698,.F.);
#3723=ORIENTED_EDGE('',*,*,#2701,.F.);
#3724=ORIENTED_EDGE('',*,*,#2704,.F.);
#3725=ORIENTED_EDGE('',*,*,#2707,.F.);
#3726=ORIENTED_EDGE('',*,*,#2710,.F.);
#3727=ORIENTED_EDGE('',*,*,#2712,.F.);
#3728=ORIENTED_EDGE('',*,*,#2714,.F.);
#3729=ORIENTED_EDGE('',*,*,#2716,.F.);
#3730=ORIENTED_EDGE('',*,*,#2718,.F.);
#3731=ORIENTED_EDGE('',*,*,#2720,.F.);
#3732=ORIENTED_EDGE('',*,*,#2722,.F.);
#3733=ORIENTED_EDGE('',*,*,#2724,.F.);
#3734=ORIENTED_EDGE('',*,*,#2726,.F.);
#3735=ORIENTED_EDGE('',*,*,#2728,.F.);
#3736=ORIENTED_EDGE('',*,*,#2730,.F.);
#3737=ORIENTED_EDGE('',*,*,#2685,.F.);
#3738=ORIENTED_EDGE('',*,*,#2664,.F.);
#3739=ORIENTED_EDGE('',*,*,#2668,.F.);
#3740=ORIENTED_EDGE('',*,*,#2671,.F.);
#3741=ORIENTED_EDGE('',*,*,#2674,.F.);
#3742=ORIENTED_EDGE('',*,*,#2677,.F.);
#3743=ORIENTED_EDGE('',*,*,#2680,.F.);
#3744=ORIENTED_EDGE('',*,*,#2683,.F.);
#3745=ORIENTED_EDGE('',*,*,#2509,.F.);
#3746=ORIENTED_EDGE('',*,*,#2733,.T.);
#3747=ORIENTED_EDGE('',*,*,#2734,.T.);
#3748=ORIENTED_EDGE('',*,*,#2735,.F.);
#3749=ORIENTED_EDGE('',*,*,#2508,.F.);
#3750=ORIENTED_EDGE('',*,*,#2736,.T.);
#3751=ORIENTED_EDGE('',*,*,#2737,.T.);
#3752=ORIENTED_EDGE('',*,*,#2733,.F.);
#3753=ORIENTED_EDGE('',*,*,#2507,.F.);
#3754=ORIENTED_EDGE('',*,*,#2738,.T.);
#3755=ORIENTED_EDGE('',*,*,#2739,.T.);
#3756=ORIENTED_EDGE('',*,*,#2736,.F.);
#3757=ORIENTED_EDGE('',*,*,#2506,.F.);
#3758=ORIENTED_EDGE('',*,*,#2740,.T.);
#3759=ORIENTED_EDGE('',*,*,#2741,.T.);
#3760=ORIENTED_EDGE('',*,*,#2738,.F.);
#3761=ORIENTED_EDGE('',*,*,#2505,.F.);
#3762=ORIENTED_EDGE('',*,*,#2742,.T.);
#3763=ORIENTED_EDGE('',*,*,#2743,.T.);
#3764=ORIENTED_EDGE('',*,*,#2740,.F.);
#3765=ORIENTED_EDGE('',*,*,#2744,.F.);
#3766=ORIENTED_EDGE('',*,*,#2735,.T.);
#3767=ORIENTED_EDGE('',*,*,#2745,.T.);
#3768=ORIENTED_EDGE('',*,*,#2742,.F.);
#3769=ORIENTED_EDGE('',*,*,#2745,.F.);
#3770=ORIENTED_EDGE('',*,*,#2734,.F.);
#3771=ORIENTED_EDGE('',*,*,#2737,.F.);
#3772=ORIENTED_EDGE('',*,*,#2739,.F.);
#3773=ORIENTED_EDGE('',*,*,#2741,.F.);
#3774=ORIENTED_EDGE('',*,*,#2743,.F.);
#3775=ORIENTED_EDGE('',*,*,#2746,.F.);
#3776=ORIENTED_EDGE('',*,*,#2747,.T.);
#3777=ORIENTED_EDGE('',*,*,#2748,.T.);
#3778=ORIENTED_EDGE('',*,*,#2749,.F.);
#3779=ORIENTED_EDGE('',*,*,#2750,.F.);
#3780=ORIENTED_EDGE('',*,*,#2751,.T.);
#3781=ORIENTED_EDGE('',*,*,#2752,.T.);
#3782=ORIENTED_EDGE('',*,*,#2747,.F.);
#3783=ORIENTED_EDGE('',*,*,#2753,.F.);
#3784=ORIENTED_EDGE('',*,*,#2754,.T.);
#3785=ORIENTED_EDGE('',*,*,#2755,.T.);
#3786=ORIENTED_EDGE('',*,*,#2751,.F.);
#3787=ORIENTED_EDGE('',*,*,#2756,.F.);
#3788=ORIENTED_EDGE('',*,*,#2757,.T.);
#3789=ORIENTED_EDGE('',*,*,#2758,.T.);
#3790=ORIENTED_EDGE('',*,*,#2754,.F.);
#3791=ORIENTED_EDGE('',*,*,#2492,.F.);
#3792=ORIENTED_EDGE('',*,*,#2759,.T.);
#3793=ORIENTED_EDGE('',*,*,#2760,.T.);
#3794=ORIENTED_EDGE('',*,*,#2757,.F.);
#3795=ORIENTED_EDGE('',*,*,#2491,.F.);
#3796=ORIENTED_EDGE('',*,*,#2761,.T.);
#3797=ORIENTED_EDGE('',*,*,#2762,.T.);
#3798=ORIENTED_EDGE('',*,*,#2759,.F.);
#3799=ORIENTED_EDGE('',*,*,#2490,.F.);
#3800=ORIENTED_EDGE('',*,*,#2763,.T.);
#3801=ORIENTED_EDGE('',*,*,#2764,.T.);
#3802=ORIENTED_EDGE('',*,*,#2761,.F.);
#3803=ORIENTED_EDGE('',*,*,#2489,.F.);
#3804=ORIENTED_EDGE('',*,*,#2765,.T.);
#3805=ORIENTED_EDGE('',*,*,#2766,.T.);
#3806=ORIENTED_EDGE('',*,*,#2763,.F.);
#3807=ORIENTED_EDGE('',*,*,#2488,.F.);
#3808=ORIENTED_EDGE('',*,*,#2767,.T.);
#3809=ORIENTED_EDGE('',*,*,#2768,.T.);
#3810=ORIENTED_EDGE('',*,*,#2765,.F.);
#3811=ORIENTED_EDGE('',*,*,#2487,.F.);
#3812=ORIENTED_EDGE('',*,*,#2769,.T.);
#3813=ORIENTED_EDGE('',*,*,#2770,.T.);
#3814=ORIENTED_EDGE('',*,*,#2767,.F.);
#3815=ORIENTED_EDGE('',*,*,#2486,.F.);
#3816=ORIENTED_EDGE('',*,*,#2771,.T.);
#3817=ORIENTED_EDGE('',*,*,#2772,.T.);
#3818=ORIENTED_EDGE('',*,*,#2769,.F.);
#3819=ORIENTED_EDGE('',*,*,#2773,.F.);
#3820=ORIENTED_EDGE('',*,*,#2749,.T.);
#3821=ORIENTED_EDGE('',*,*,#2774,.T.);
#3822=ORIENTED_EDGE('',*,*,#2771,.F.);
#3823=ORIENTED_EDGE('',*,*,#2774,.F.);
#3824=ORIENTED_EDGE('',*,*,#2748,.F.);
#3825=ORIENTED_EDGE('',*,*,#2752,.F.);
#3826=ORIENTED_EDGE('',*,*,#2755,.F.);
#3827=ORIENTED_EDGE('',*,*,#2758,.F.);
#3828=ORIENTED_EDGE('',*,*,#2760,.F.);
#3829=ORIENTED_EDGE('',*,*,#2762,.F.);
#3830=ORIENTED_EDGE('',*,*,#2764,.F.);
#3831=ORIENTED_EDGE('',*,*,#2766,.F.);
#3832=ORIENTED_EDGE('',*,*,#2768,.F.);
#3833=ORIENTED_EDGE('',*,*,#2770,.F.);
#3834=ORIENTED_EDGE('',*,*,#2772,.F.);
#3835=ORIENTED_EDGE('',*,*,#2753,.T.);
#3836=ORIENTED_EDGE('',*,*,#2750,.T.);
#3837=ORIENTED_EDGE('',*,*,#2746,.T.);
#3838=ORIENTED_EDGE('',*,*,#2775,.F.);
#3839=ORIENTED_EDGE('',*,*,#2705,.T.);
#3840=ORIENTED_EDGE('',*,*,#2702,.T.);
#3841=ORIENTED_EDGE('',*,*,#2699,.T.);
#3842=ORIENTED_EDGE('',*,*,#2696,.T.);
#3843=ORIENTED_EDGE('',*,*,#2693,.T.);
#3844=ORIENTED_EDGE('',*,*,#2690,.T.);
#3845=ORIENTED_EDGE('',*,*,#2686,.T.);
#3846=ORIENTED_EDGE('',*,*,#2776,.F.);
#3847=ORIENTED_EDGE('',*,*,#2662,.T.);
#3848=ORIENTED_EDGE('',*,*,#2684,.T.);
#3849=ORIENTED_EDGE('',*,*,#2681,.T.);
#3850=ORIENTED_EDGE('',*,*,#2678,.T.);
#3851=ORIENTED_EDGE('',*,*,#2675,.T.);
#3852=ORIENTED_EDGE('',*,*,#2672,.T.);
#3853=ORIENTED_EDGE('',*,*,#2669,.T.);
#3854=ORIENTED_EDGE('',*,*,#2666,.T.);
#3855=ORIENTED_EDGE('',*,*,#2777,.F.);
#3856=ORIENTED_EDGE('',*,*,#2778,.T.);
#3857=ORIENTED_EDGE('',*,*,#2779,.T.);
#3858=ORIENTED_EDGE('',*,*,#2780,.F.);
#3859=ORIENTED_EDGE('',*,*,#2544,.T.);
#3860=ORIENTED_EDGE('',*,*,#2559,.T.);
#3861=ORIENTED_EDGE('',*,*,#2463,.F.);
#3862=ORIENTED_EDGE('',*,*,#2781,.F.);
#3863=ORIENTED_EDGE('',*,*,#2782,.F.);
#3864=ORIENTED_EDGE('',*,*,#2783,.F.);
#3865=ORIENTED_EDGE('',*,*,#2555,.T.);
#3866=ORIENTED_EDGE('',*,*,#2784,.F.);
#3867=ORIENTED_EDGE('',*,*,#2785,.T.);
#3868=ORIENTED_EDGE('',*,*,#2778,.F.);
#3869=ORIENTED_EDGE('',*,*,#2786,.F.);
#3870=ORIENTED_EDGE('',*,*,#2787,.F.);
#3871=ORIENTED_EDGE('',*,*,#2788,.F.);
#3872=ORIENTED_EDGE('',*,*,#2789,.F.);
#3873=ORIENTED_EDGE('',*,*,#2790,.F.);
#3874=ORIENTED_EDGE('',*,*,#2791,.F.);
#3875=ORIENTED_EDGE('',*,*,#2792,.F.);
#3876=ORIENTED_EDGE('',*,*,#2793,.T.);
#3877=ORIENTED_EDGE('',*,*,#2790,.T.);
#3878=ORIENTED_EDGE('',*,*,#2794,.F.);
#3879=ORIENTED_EDGE('',*,*,#2795,.F.);
#3880=ORIENTED_EDGE('',*,*,#2794,.T.);
#3881=ORIENTED_EDGE('',*,*,#2789,.T.);
#3882=ORIENTED_EDGE('',*,*,#2796,.F.);
#3883=ORIENTED_EDGE('',*,*,#2797,.F.);
#3884=ORIENTED_EDGE('',*,*,#2571,.F.);
#3885=ORIENTED_EDGE('',*,*,#2798,.F.);
#3886=ORIENTED_EDGE('',*,*,#2779,.F.);
#3887=ORIENTED_EDGE('',*,*,#2785,.F.);
#3888=ORIENTED_EDGE('',*,*,#2558,.T.);
#3889=ORIENTED_EDGE('',*,*,#2799,.F.);
#3890=ORIENTED_EDGE('',*,*,#2465,.T.);
#3891=ORIENTED_EDGE('',*,*,#2781,.T.);
#3892=ORIENTED_EDGE('',*,*,#2462,.T.);
#3893=ORIENTED_EDGE('',*,*,#2800,.F.);
#3894=ORIENTED_EDGE('',*,*,#2549,.T.);
#3895=ORIENTED_EDGE('',*,*,#2573,.T.);
#3896=ORIENTED_EDGE('',*,*,#2572,.T.);
#3897=ORIENTED_EDGE('',*,*,#2797,.T.);
#3898=ORIENTED_EDGE('',*,*,#2784,.T.);
#3899=ORIENTED_EDGE('',*,*,#2801,.F.);
#3900=ORIENTED_EDGE('',*,*,#2800,.T.);
#3901=ORIENTED_EDGE('',*,*,#2461,.T.);
#3902=ORIENTED_EDGE('',*,*,#2802,.F.);
#3903=ORIENTED_EDGE('',*,*,#2803,.F.);
#3904=ORIENTED_EDGE('',*,*,#2535,.F.);
#3905=ORIENTED_EDGE('',*,*,#2539,.T.);
#3906=ORIENTED_EDGE('',*,*,#2804,.F.);
#3907=ORIENTED_EDGE('',*,*,#2805,.T.);
#3908=ORIENTED_EDGE('',*,*,#2474,.T.);
#3909=ORIENTED_EDGE('',*,*,#2806,.F.);
#3910=ORIENTED_EDGE('',*,*,#2807,.F.);
#3911=ORIENTED_EDGE('',*,*,#2808,.T.);
#3912=ORIENTED_EDGE('',*,*,#2809,.T.);
#3913=ORIENTED_EDGE('',*,*,#2810,.T.);
#3914=ORIENTED_EDGE('',*,*,#2811,.F.);
#3915=ORIENTED_EDGE('',*,*,#2812,.T.);
#3916=ORIENTED_EDGE('',*,*,#2813,.T.);
#3917=ORIENTED_EDGE('',*,*,#2814,.T.);
#3918=ORIENTED_EDGE('',*,*,#2563,.F.);
#3919=ORIENTED_EDGE('',*,*,#2562,.F.);
#3920=ORIENTED_EDGE('',*,*,#2475,.T.);
#3921=ORIENTED_EDGE('',*,*,#2805,.F.);
#3922=ORIENTED_EDGE('',*,*,#2472,.T.);
#3923=ORIENTED_EDGE('',*,*,#2471,.F.);
#3924=ORIENTED_EDGE('',*,*,#2815,.T.);
#3925=ORIENTED_EDGE('',*,*,#2816,.T.);
#3926=ORIENTED_EDGE('',*,*,#2817,.F.);
#3927=ORIENTED_EDGE('',*,*,#2818,.T.);
#3928=ORIENTED_EDGE('',*,*,#2819,.T.);
#3929=ORIENTED_EDGE('',*,*,#2820,.T.);
#3930=ORIENTED_EDGE('',*,*,#2807,.T.);
#3931=ORIENTED_EDGE('',*,*,#2806,.T.);
#3932=ORIENTED_EDGE('',*,*,#2473,.T.);
#3933=ORIENTED_EDGE('',*,*,#2460,.T.);
#3934=ORIENTED_EDGE('',*,*,#2469,.F.);
#3935=ORIENTED_EDGE('',*,*,#2803,.T.);
#3936=ORIENTED_EDGE('',*,*,#2802,.T.);
#3937=ORIENTED_EDGE('',*,*,#2467,.T.);
#3938=ORIENTED_EDGE('',*,*,#2821,.F.);
#3939=ORIENTED_EDGE('',*,*,#2822,.F.);
#3940=ORIENTED_EDGE('',*,*,#2458,.F.);
#3941=ORIENTED_EDGE('',*,*,#2823,.F.);
#3942=ORIENTED_EDGE('',*,*,#2824,.T.);
#3943=ORIENTED_EDGE('',*,*,#2825,.T.);
#3944=ORIENTED_EDGE('',*,*,#2824,.F.);
#3945=ORIENTED_EDGE('',*,*,#2825,.F.);
#3946=ORIENTED_EDGE('',*,*,#2826,.F.);
#3947=ORIENTED_EDGE('',*,*,#2827,.T.);
#3948=ORIENTED_EDGE('',*,*,#2828,.T.);
#3949=ORIENTED_EDGE('',*,*,#2827,.F.);
#3950=ORIENTED_EDGE('',*,*,#2828,.F.);
#3951=ORIENTED_EDGE('',*,*,#2829,.F.);
#3952=ORIENTED_EDGE('',*,*,#2830,.T.);
#3953=ORIENTED_EDGE('',*,*,#2831,.T.);
#3954=ORIENTED_EDGE('',*,*,#2830,.F.);
#3955=ORIENTED_EDGE('',*,*,#2831,.F.);
#3956=ORIENTED_EDGE('',*,*,#2832,.F.);
#3957=ORIENTED_EDGE('',*,*,#2833,.T.);
#3958=ORIENTED_EDGE('',*,*,#2834,.T.);
#3959=ORIENTED_EDGE('',*,*,#2833,.F.);
#3960=ORIENTED_EDGE('',*,*,#2834,.F.);
#3961=ORIENTED_EDGE('',*,*,#2835,.F.);
#3962=ORIENTED_EDGE('',*,*,#2836,.T.);
#3963=ORIENTED_EDGE('',*,*,#2837,.T.);
#3964=ORIENTED_EDGE('',*,*,#2836,.F.);
#3965=ORIENTED_EDGE('',*,*,#2837,.F.);
#3966=ORIENTED_EDGE('',*,*,#2838,.F.);
#3967=ORIENTED_EDGE('',*,*,#2839,.T.);
#3968=ORIENTED_EDGE('',*,*,#2840,.T.);
#3969=ORIENTED_EDGE('',*,*,#2839,.F.);
#3970=ORIENTED_EDGE('',*,*,#2840,.F.);
#3971=ORIENTED_EDGE('',*,*,#2841,.F.);
#3972=ORIENTED_EDGE('',*,*,#2842,.T.);
#3973=ORIENTED_EDGE('',*,*,#2843,.T.);
#3974=ORIENTED_EDGE('',*,*,#2842,.F.);
#3975=ORIENTED_EDGE('',*,*,#2843,.F.);
#3976=ORIENTED_EDGE('',*,*,#2658,.F.);
#3977=ORIENTED_EDGE('',*,*,#2844,.F.);
#3978=ORIENTED_EDGE('',*,*,#2845,.T.);
#3979=ORIENTED_EDGE('',*,*,#2846,.T.);
#3980=ORIENTED_EDGE('',*,*,#2845,.F.);
#3981=ORIENTED_EDGE('',*,*,#2846,.F.);
#3982=ORIENTED_EDGE('',*,*,#2847,.F.);
#3983=ORIENTED_EDGE('',*,*,#2848,.T.);
#3984=ORIENTED_EDGE('',*,*,#2849,.T.);
#3985=ORIENTED_EDGE('',*,*,#2848,.F.);
#3986=ORIENTED_EDGE('',*,*,#2849,.F.);
#3987=ORIENTED_EDGE('',*,*,#2850,.T.);
#3988=ORIENTED_EDGE('',*,*,#2851,.F.);
#3989=ORIENTED_EDGE('',*,*,#2852,.F.);
#3990=ORIENTED_EDGE('',*,*,#2853,.F.);
#3991=ORIENTED_EDGE('',*,*,#2851,.T.);
#3992=ORIENTED_EDGE('',*,*,#2854,.F.);
#3993=ORIENTED_EDGE('',*,*,#2855,.F.);
#3994=ORIENTED_EDGE('',*,*,#2856,.F.);
#3995=ORIENTED_EDGE('',*,*,#2853,.T.);
#3996=ORIENTED_EDGE('',*,*,#2857,.F.);
#3997=ORIENTED_EDGE('',*,*,#2858,.F.);
#3998=ORIENTED_EDGE('',*,*,#2859,.F.);
#3999=ORIENTED_EDGE('',*,*,#2860,.T.);
#4000=ORIENTED_EDGE('',*,*,#2861,.T.);
#4001=ORIENTED_EDGE('',*,*,#2862,.F.);
#4002=ORIENTED_EDGE('',*,*,#2863,.F.);
#4003=ORIENTED_EDGE('',*,*,#2863,.T.);
#4004=ORIENTED_EDGE('',*,*,#2864,.F.);
#4005=ORIENTED_EDGE('',*,*,#2865,.F.);
#4006=ORIENTED_EDGE('',*,*,#2866,.F.);
#4007=ORIENTED_EDGE('',*,*,#2867,.F.);
#4008=ORIENTED_EDGE('',*,*,#2861,.F.);
#4009=ORIENTED_EDGE('',*,*,#2868,.F.);
#4010=ORIENTED_EDGE('',*,*,#2858,.T.);
#4011=ORIENTED_EDGE('',*,*,#2570,.T.);
#4012=ORIENTED_EDGE('',*,*,#2403,.T.);
#4013=ORIENTED_EDGE('',*,*,#2410,.T.);
#4014=ORIENTED_EDGE('',*,*,#2574,.T.);
#4015=ORIENTED_EDGE('',*,*,#2391,.T.);
#4016=ORIENTED_EDGE('',*,*,#2395,.T.);
#4017=ORIENTED_EDGE('',*,*,#2449,.T.);
#4018=ORIENTED_EDGE('',*,*,#2869,.T.);
#4019=ORIENTED_EDGE('',*,*,#2870,.T.);
#4020=ORIENTED_EDGE('',*,*,#2871,.T.);
#4021=ORIENTED_EDGE('',*,*,#2791,.T.);
#4022=ORIENTED_EDGE('',*,*,#2793,.F.);
#4023=ORIENTED_EDGE('',*,*,#2872,.T.);
#4024=ORIENTED_EDGE('',*,*,#2873,.F.);
#4025=ORIENTED_EDGE('',*,*,#2874,.F.);
#4026=ORIENTED_EDGE('',*,*,#2780,.T.);
#4027=ORIENTED_EDGE('',*,*,#2798,.T.);
#4028=ORIENTED_EDGE('',*,*,#2867,.T.);
#4029=ORIENTED_EDGE('',*,*,#2857,.T.);
#4030=ORIENTED_EDGE('',*,*,#2852,.T.);
#4031=ORIENTED_EDGE('',*,*,#2856,.T.);
#4032=ORIENTED_EDGE('',*,*,#2875,.F.);
#4033=ORIENTED_EDGE('',*,*,#2876,.T.);
#4034=ORIENTED_EDGE('',*,*,#2877,.T.);
#4035=ORIENTED_EDGE('',*,*,#2878,.T.);
#4036=ORIENTED_EDGE('',*,*,#2879,.T.);
#4037=ORIENTED_EDGE('',*,*,#2880,.T.);
#4038=ORIENTED_EDGE('',*,*,#2881,.F.);
#4039=ORIENTED_EDGE('',*,*,#2864,.T.);
#4040=ORIENTED_EDGE('',*,*,#2862,.T.);
#4041=ORIENTED_EDGE('',*,*,#2882,.F.);
#4042=ORIENTED_EDGE('',*,*,#2883,.T.);
#4043=ORIENTED_EDGE('',*,*,#2884,.F.);
#4044=ORIENTED_EDGE('',*,*,#2885,.F.);
#4045=ORIENTED_EDGE('',*,*,#2855,.T.);
#4046=ORIENTED_EDGE('',*,*,#2886,.F.);
#4047=ORIENTED_EDGE('',*,*,#2887,.F.);
#4048=ORIENTED_EDGE('',*,*,#2875,.T.);
#4049=ORIENTED_EDGE('',*,*,#2885,.T.);
#4050=ORIENTED_EDGE('',*,*,#2888,.T.);
#4051=ORIENTED_EDGE('',*,*,#2889,.T.);
#4052=ORIENTED_EDGE('',*,*,#2890,.T.);
#4053=ORIENTED_EDGE('',*,*,#2891,.T.);
#4054=ORIENTED_EDGE('',*,*,#2660,.T.);
#4055=ORIENTED_EDGE('',*,*,#2892,.T.);
#4056=ORIENTED_EDGE('',*,*,#2525,.T.);
#4057=ORIENTED_EDGE('',*,*,#2530,.T.);
#4058=ORIENTED_EDGE('',*,*,#2893,.F.);
#4059=ORIENTED_EDGE('',*,*,#2894,.T.);
#4060=ORIENTED_EDGE('',*,*,#2895,.T.);
#4061=ORIENTED_EDGE('',*,*,#2896,.T.);
#4062=ORIENTED_EDGE('',*,*,#2897,.T.);
#4063=ORIENTED_EDGE('',*,*,#2898,.T.);
#4064=ORIENTED_EDGE('',*,*,#2899,.T.);
#4065=ORIENTED_EDGE('',*,*,#2900,.T.);
#4066=ORIENTED_EDGE('',*,*,#2901,.T.);
#4067=ORIENTED_EDGE('',*,*,#2902,.T.);
#4068=ORIENTED_EDGE('',*,*,#2883,.F.);
#4069=ORIENTED_EDGE('',*,*,#2656,.T.);
#4070=ORIENTED_EDGE('',*,*,#2823,.T.);
#4071=ORIENTED_EDGE('',*,*,#2826,.T.);
#4072=ORIENTED_EDGE('',*,*,#2829,.T.);
#4073=ORIENTED_EDGE('',*,*,#2832,.T.);
#4074=ORIENTED_EDGE('',*,*,#2835,.T.);
#4075=ORIENTED_EDGE('',*,*,#2838,.T.);
#4076=ORIENTED_EDGE('',*,*,#2841,.T.);
#4077=ORIENTED_EDGE('',*,*,#2844,.T.);
#4078=ORIENTED_EDGE('',*,*,#2847,.T.);
#4079=ORIENTED_EDGE('',*,*,#2866,.T.);
#4080=ORIENTED_EDGE('',*,*,#2903,.F.);
#4081=ORIENTED_EDGE('',*,*,#2904,.T.);
#4082=ORIENTED_EDGE('',*,*,#2905,.T.);
#4083=ORIENTED_EDGE('',*,*,#2906,.T.);
#4084=ORIENTED_EDGE('',*,*,#2907,.T.);
#4085=ORIENTED_EDGE('',*,*,#2908,.T.);
#4086=ORIENTED_EDGE('',*,*,#2886,.T.);
#4087=ORIENTED_EDGE('',*,*,#2854,.T.);
#4088=ORIENTED_EDGE('',*,*,#2850,.F.);
#4089=ORIENTED_EDGE('',*,*,#2859,.T.);
#4090=ORIENTED_EDGE('',*,*,#2868,.T.);
#4091=ORIENTED_EDGE('',*,*,#2860,.F.);
#4092=ORIENTED_EDGE('',*,*,#2882,.T.);
#4093=ORIENTED_EDGE('',*,*,#2889,.F.);
#4094=ORIENTED_EDGE('',*,*,#2909,.T.);
#4095=ORIENTED_EDGE('',*,*,#2890,.F.);
#4096=ORIENTED_EDGE('',*,*,#2893,.T.);
#4097=ORIENTED_EDGE('',*,*,#2529,.F.);
#4098=ORIENTED_EDGE('',*,*,#2533,.T.);
#4099=ORIENTED_EDGE('',*,*,#2910,.T.);
#4100=ORIENTED_EDGE('',*,*,#2865,.T.);
#4101=ORIENTED_EDGE('',*,*,#2881,.T.);
#4102=ORIENTED_EDGE('',*,*,#2911,.F.);
#4103=ORIENTED_EDGE('',*,*,#2903,.T.);
#4104=ORIENTED_EDGE('',*,*,#2904,.F.);
#4105=ORIENTED_EDGE('',*,*,#2911,.T.);
#4106=ORIENTED_EDGE('',*,*,#2880,.F.);
#4107=ORIENTED_EDGE('',*,*,#2912,.F.);
#4108=ORIENTED_EDGE('',*,*,#2905,.F.);
#4109=ORIENTED_EDGE('',*,*,#2912,.T.);
#4110=ORIENTED_EDGE('',*,*,#2879,.F.);
#4111=ORIENTED_EDGE('',*,*,#2913,.F.);
#4112=ORIENTED_EDGE('',*,*,#2906,.F.);
#4113=ORIENTED_EDGE('',*,*,#2913,.T.);
#4114=ORIENTED_EDGE('',*,*,#2878,.F.);
#4115=ORIENTED_EDGE('',*,*,#2914,.F.);
#4116=ORIENTED_EDGE('',*,*,#2907,.F.);
#4117=ORIENTED_EDGE('',*,*,#2914,.T.);
#4118=ORIENTED_EDGE('',*,*,#2877,.F.);
#4119=ORIENTED_EDGE('',*,*,#2915,.F.);
#4120=ORIENTED_EDGE('',*,*,#2887,.T.);
#4121=ORIENTED_EDGE('',*,*,#2908,.F.);
#4122=ORIENTED_EDGE('',*,*,#2915,.T.);
#4123=ORIENTED_EDGE('',*,*,#2876,.F.);
#4124=ORIENTED_EDGE('',*,*,#2810,.F.);
#4125=ORIENTED_EDGE('',*,*,#2916,.T.);
#4126=ORIENTED_EDGE('',*,*,#2917,.T.);
#4127=ORIENTED_EDGE('',*,*,#2918,.F.);
#4128=ORIENTED_EDGE('',*,*,#2919,.F.);
#4129=ORIENTED_EDGE('',*,*,#2920,.F.);
#4130=ORIENTED_EDGE('',*,*,#2921,.F.);
#4131=ORIENTED_EDGE('',*,*,#2812,.F.);
#4132=ORIENTED_EDGE('',*,*,#2922,.T.);
#4133=ORIENTED_EDGE('',*,*,#2896,.F.);
#4134=ORIENTED_EDGE('',*,*,#2923,.F.);
#4135=ORIENTED_EDGE('',*,*,#2567,.T.);
#4136=ORIENTED_EDGE('',*,*,#2918,.T.);
#4137=ORIENTED_EDGE('',*,*,#2924,.T.);
#4138=ORIENTED_EDGE('',*,*,#2898,.F.);
#4139=ORIENTED_EDGE('',*,*,#2925,.T.);
#4140=ORIENTED_EDGE('',*,*,#2919,.T.);
#4141=ORIENTED_EDGE('',*,*,#2811,.T.);
#4142=ORIENTED_EDGE('',*,*,#2926,.T.);
#4143=ORIENTED_EDGE('',*,*,#2560,.T.);
#4144=ORIENTED_EDGE('',*,*,#2526,.T.);
#4145=ORIENTED_EDGE('',*,*,#2892,.F.);
#4146=ORIENTED_EDGE('',*,*,#2659,.F.);
#4147=ORIENTED_EDGE('',*,*,#2483,.T.);
#4148=ORIENTED_EDGE('',*,*,#2661,.T.);
#4149=ORIENTED_EDGE('',*,*,#2891,.F.);
#4150=ORIENTED_EDGE('',*,*,#2909,.F.);
#4151=ORIENTED_EDGE('',*,*,#2910,.F.);
#4152=ORIENTED_EDGE('',*,*,#2532,.T.);
#4153=ORIENTED_EDGE('',*,*,#2927,.T.);
#4154=ORIENTED_EDGE('',*,*,#2894,.F.);
#4155=ORIENTED_EDGE('',*,*,#2884,.T.);
#4156=ORIENTED_EDGE('',*,*,#2902,.F.);
#4157=ORIENTED_EDGE('',*,*,#2901,.F.);
#4158=ORIENTED_EDGE('',*,*,#2928,.T.);
#4159=ORIENTED_EDGE('',*,*,#2484,.T.);
#4160=ORIENTED_EDGE('',*,*,#2888,.F.);
#4161=ORIENTED_EDGE('',*,*,#2929,.T.);
#4162=ORIENTED_EDGE('',*,*,#2930,.F.);
#4163=ORIENTED_EDGE('',*,*,#2931,.T.);
#4164=ORIENTED_EDGE('',*,*,#2928,.F.);
#4165=ORIENTED_EDGE('',*,*,#2900,.F.);
#4166=ORIENTED_EDGE('',*,*,#2932,.T.);
#4167=ORIENTED_EDGE('',*,*,#2817,.T.);
#4168=ORIENTED_EDGE('',*,*,#2930,.T.);
#4169=ORIENTED_EDGE('',*,*,#2926,.F.);
#4170=ORIENTED_EDGE('',*,*,#2933,.T.);
#4171=ORIENTED_EDGE('',*,*,#2934,.F.);
#4172=ORIENTED_EDGE('',*,*,#2933,.F.);
#4173=ORIENTED_EDGE('',*,*,#2639,.T.);
#4174=ORIENTED_EDGE('',*,*,#2935,.T.);
#4175=ORIENTED_EDGE('',*,*,#2317,.T.);
#4176=ORIENTED_EDGE('',*,*,#2935,.F.);
#4177=ORIENTED_EDGE('',*,*,#2638,.T.);
#4178=ORIENTED_EDGE('',*,*,#2936,.T.);
#4179=ORIENTED_EDGE('',*,*,#2298,.T.);
#4180=ORIENTED_EDGE('',*,*,#2936,.F.);
#4181=ORIENTED_EDGE('',*,*,#2556,.T.);
#4182=ORIENTED_EDGE('',*,*,#2551,.T.);
#4183=ORIENTED_EDGE('',*,*,#2937,.T.);
#4184=ORIENTED_EDGE('',*,*,#2938,.F.);
#4185=ORIENTED_EDGE('',*,*,#2939,.F.);
#4186=ORIENTED_EDGE('',*,*,#2872,.F.);
#4187=ORIENTED_EDGE('',*,*,#2792,.T.);
#4188=ORIENTED_EDGE('',*,*,#2795,.T.);
#4189=ORIENTED_EDGE('',*,*,#2940,.T.);
#4190=ORIENTED_EDGE('',*,*,#2557,.T.);
#4191=ORIENTED_EDGE('',*,*,#2941,.F.);
#4192=ORIENTED_EDGE('',*,*,#2934,.T.);
#4193=ORIENTED_EDGE('',*,*,#2942,.T.);
#4194=ORIENTED_EDGE('',*,*,#2943,.T.);
#4195=ORIENTED_EDGE('',*,*,#2944,.T.);
#4196=ORIENTED_EDGE('',*,*,#2945,.T.);
#4197=ORIENTED_EDGE('',*,*,#2804,.T.);
#4198=ORIENTED_EDGE('',*,*,#2946,.T.);
#4199=ORIENTED_EDGE('',*,*,#2946,.F.);
#4200=ORIENTED_EDGE('',*,*,#2947,.T.);
#4201=ORIENTED_EDGE('',*,*,#2941,.T.);
#4202=ORIENTED_EDGE('',*,*,#2947,.F.);
#4203=ORIENTED_EDGE('',*,*,#2948,.F.);
#4204=ORIENTED_EDGE('',*,*,#2949,.T.);
#4205=ORIENTED_EDGE('',*,*,#2942,.F.);
#4206=ORIENTED_EDGE('',*,*,#2949,.F.);
#4207=ORIENTED_EDGE('',*,*,#2950,.F.);
#4208=ORIENTED_EDGE('',*,*,#2951,.T.);
#4209=ORIENTED_EDGE('',*,*,#2943,.F.);
#4210=ORIENTED_EDGE('',*,*,#2951,.F.);
#4211=ORIENTED_EDGE('',*,*,#2952,.F.);
#4212=ORIENTED_EDGE('',*,*,#2953,.T.);
#4213=ORIENTED_EDGE('',*,*,#2944,.F.);
#4214=ORIENTED_EDGE('',*,*,#2953,.F.);
#4215=ORIENTED_EDGE('',*,*,#2954,.F.);
#4216=ORIENTED_EDGE('',*,*,#2955,.T.);
#4217=ORIENTED_EDGE('',*,*,#2945,.F.);
#4218=ORIENTED_EDGE('',*,*,#2955,.F.);
#4219=ORIENTED_EDGE('',*,*,#2541,.T.);
#4220=ORIENTED_EDGE('',*,*,#2456,.F.);
#4221=ORIENTED_EDGE('',*,*,#2822,.T.);
#4222=ORIENTED_EDGE('',*,*,#2821,.T.);
#4223=ORIENTED_EDGE('',*,*,#2466,.T.);
#4224=ORIENTED_EDGE('',*,*,#2799,.T.);
#4225=ORIENTED_EDGE('',*,*,#2940,.F.);
#4226=ORIENTED_EDGE('',*,*,#2796,.T.);
#4227=ORIENTED_EDGE('',*,*,#2788,.T.);
#4228=ORIENTED_EDGE('',*,*,#2956,.F.);
#4229=ORIENTED_EDGE('',*,*,#2957,.F.);
#4230=ORIENTED_EDGE('',*,*,#2546,.T.);
#4231=ORIENTED_EDGE('',*,*,#2531,.F.);
#4232=ORIENTED_EDGE('',*,*,#2569,.T.);
#4233=ORIENTED_EDGE('',*,*,#2568,.T.);
#4234=ORIENTED_EDGE('',*,*,#2923,.T.);
#4235=ORIENTED_EDGE('',*,*,#2895,.F.);
#4236=ORIENTED_EDGE('',*,*,#2927,.F.);
#4237=ORIENTED_EDGE('',*,*,#2547,.T.);
#4238=ORIENTED_EDGE('',*,*,#2957,.T.);
#4239=ORIENTED_EDGE('',*,*,#2956,.T.);
#4240=ORIENTED_EDGE('',*,*,#2787,.T.);
#4241=ORIENTED_EDGE('',*,*,#2871,.F.);
#4242=ORIENTED_EDGE('',*,*,#2870,.F.);
#4243=ORIENTED_EDGE('',*,*,#2869,.F.);
#4244=ORIENTED_EDGE('',*,*,#2448,.F.);
#4245=ORIENTED_EDGE('',*,*,#2958,.T.);
#4246=ORIENTED_EDGE('',*,*,#2959,.T.);
#4247=ORIENTED_EDGE('',*,*,#2813,.F.);
#4248=ORIENTED_EDGE('',*,*,#2921,.T.);
#4249=ORIENTED_EDGE('',*,*,#2564,.F.);
#4250=ORIENTED_EDGE('',*,*,#2814,.F.);
#4251=ORIENTED_EDGE('',*,*,#2959,.F.);
#4252=ORIENTED_EDGE('',*,*,#2960,.T.);
#4253=ORIENTED_EDGE('',*,*,#2565,.F.);
#4254=ORIENTED_EDGE('',*,*,#2960,.F.);
#4255=ORIENTED_EDGE('',*,*,#2958,.F.);
#4256=ORIENTED_EDGE('',*,*,#2920,.T.);
#4257=ORIENTED_EDGE('',*,*,#2925,.F.);
#4258=ORIENTED_EDGE('',*,*,#2897,.F.);
#4259=ORIENTED_EDGE('',*,*,#2922,.F.);
#4260=ORIENTED_EDGE('',*,*,#2566,.F.);
#4261=ORIENTED_EDGE('',*,*,#2808,.F.);
#4262=ORIENTED_EDGE('',*,*,#2820,.F.);
#4263=ORIENTED_EDGE('',*,*,#2961,.F.);
#4264=ORIENTED_EDGE('',*,*,#2962,.T.);
#4265=ORIENTED_EDGE('',*,*,#2634,.T.);
#4266=ORIENTED_EDGE('',*,*,#2616,.T.);
#4267=ORIENTED_EDGE('',*,*,#2606,.F.);
#4268=ORIENTED_EDGE('',*,*,#2640,.T.);
#4269=ORIENTED_EDGE('',*,*,#2636,.T.);
#4270=ORIENTED_EDGE('',*,*,#2963,.T.);
#4271=ORIENTED_EDGE('',*,*,#2595,.F.);
#4272=ORIENTED_EDGE('',*,*,#2963,.F.);
#4273=ORIENTED_EDGE('',*,*,#2637,.T.);
#4274=ORIENTED_EDGE('',*,*,#2964,.T.);
#4275=ORIENTED_EDGE('',*,*,#2581,.F.);
#4276=ORIENTED_EDGE('',*,*,#2964,.F.);
#4277=ORIENTED_EDGE('',*,*,#2644,.F.);
#4278=ORIENTED_EDGE('',*,*,#2647,.F.);
#4279=ORIENTED_EDGE('',*,*,#2648,.F.);
#4280=ORIENTED_EDGE('',*,*,#2399,.F.);
#4281=ORIENTED_EDGE('',*,*,#2649,.F.);
#4282=ORIENTED_EDGE('',*,*,#2413,.F.);
#4283=ORIENTED_EDGE('',*,*,#2651,.F.);
#4284=ORIENTED_EDGE('',*,*,#2653,.F.);
#4285=ORIENTED_EDGE('',*,*,#2655,.F.);
#4286=ORIENTED_EDGE('',*,*,#2341,.F.);
#4287=ORIENTED_EDGE('',*,*,#2642,.F.);
#4288=ORIENTED_EDGE('',*,*,#2965,.T.);
#4289=ORIENTED_EDGE('',*,*,#2614,.T.);
#4290=ORIENTED_EDGE('',*,*,#2620,.F.);
#4291=ORIENTED_EDGE('',*,*,#2604,.T.);
#4292=ORIENTED_EDGE('',*,*,#2615,.T.);
#4293=ORIENTED_EDGE('',*,*,#2965,.F.);
#4294=ORIENTED_EDGE('',*,*,#2641,.T.);
#4295=ORIENTED_EDGE('',*,*,#2627,.T.);
#4296=ORIENTED_EDGE('',*,*,#2645,.F.);
#4297=ORIENTED_EDGE('',*,*,#2329,.F.);
#4298=ORIENTED_EDGE('',*,*,#2654,.T.);
#4299=ORIENTED_EDGE('',*,*,#2938,.T.);
#4300=ORIENTED_EDGE('',*,*,#2966,.T.);
#4301=ORIENTED_EDGE('',*,*,#2967,.T.);
#4302=ORIENTED_EDGE('',*,*,#2873,.T.);
#4303=ORIENTED_EDGE('',*,*,#2939,.T.);
#4304=ORIENTED_EDGE('',*,*,#2954,.T.);
#4305=ORIENTED_EDGE('',*,*,#2952,.T.);
#4306=ORIENTED_EDGE('',*,*,#2950,.T.);
#4307=ORIENTED_EDGE('',*,*,#2948,.T.);
#4308=ORIENTED_EDGE('',*,*,#2782,.T.);
#4309=ORIENTED_EDGE('',*,*,#2801,.T.);
#4310=ORIENTED_EDGE('',*,*,#2786,.T.);
#4311=ORIENTED_EDGE('',*,*,#2777,.T.);
#4312=ORIENTED_EDGE('',*,*,#2874,.T.);
#4313=ORIENTED_EDGE('',*,*,#2967,.F.);
#4314=ORIENTED_EDGE('',*,*,#2966,.F.);
#4315=ORIENTED_EDGE('',*,*,#2937,.F.);
#4316=ORIENTED_EDGE('',*,*,#2553,.T.);
#4317=ORIENTED_EDGE('',*,*,#2783,.T.);
#4318=ORIENTED_EDGE('',*,*,#2809,.F.);
#4319=ORIENTED_EDGE('',*,*,#2962,.F.);
#4320=ORIENTED_EDGE('',*,*,#2968,.T.);
#4321=ORIENTED_EDGE('',*,*,#2916,.F.);
#4322=ORIENTED_EDGE('',*,*,#2968,.F.);
#4323=ORIENTED_EDGE('',*,*,#2961,.T.);
#4324=ORIENTED_EDGE('',*,*,#2819,.F.);
#4325=ORIENTED_EDGE('',*,*,#2818,.F.);
#4326=ORIENTED_EDGE('',*,*,#2932,.F.);
#4327=ORIENTED_EDGE('',*,*,#2929,.F.);
#4328=ORIENTED_EDGE('',*,*,#2899,.F.);
#4329=ORIENTED_EDGE('',*,*,#2924,.F.);
#4330=ORIENTED_EDGE('',*,*,#2917,.F.);
#4331=ORIENTED_EDGE('',*,*,#2816,.F.);
#4332=ORIENTED_EDGE('',*,*,#2815,.F.);
#4333=ORIENTED_EDGE('',*,*,#2481,.T.);
#4334=ORIENTED_EDGE('',*,*,#2511,.T.);
#4335=ORIENTED_EDGE('',*,*,#2510,.T.);
#4336=ORIENTED_EDGE('',*,*,#2744,.T.);
#4337=ORIENTED_EDGE('',*,*,#2504,.T.);
#4338=ORIENTED_EDGE('',*,*,#2708,.T.);
#4339=ORIENTED_EDGE('',*,*,#2776,.T.);
#4340=ORIENTED_EDGE('',*,*,#2731,.T.);
#4341=ORIENTED_EDGE('',*,*,#2493,.T.);
#4342=ORIENTED_EDGE('',*,*,#2756,.T.);
#4343=ORIENTED_EDGE('',*,*,#2775,.T.);
#4344=ORIENTED_EDGE('',*,*,#2773,.T.);
#4345=ORIENTED_EDGE('',*,*,#2485,.T.);
#4346=ORIENTED_EDGE('',*,*,#2931,.F.);
#4347=PLANE('',#4752);
#4348=PLANE('',#4753);
#4349=PLANE('',#4754);
#4350=PLANE('',#4755);
#4351=PLANE('',#4756);
#4352=PLANE('',#4757);
#4353=PLANE('',#4758);
#4354=PLANE('',#4760);
#4355=PLANE('',#4761);
#4356=PLANE('',#4762);
#4357=PLANE('',#4763);
#4358=PLANE('',#4764);
#4359=PLANE('',#4765);
#4360=PLANE('',#4766);
#4361=PLANE('',#4770);
#4362=PLANE('',#4780);
#4363=PLANE('',#4783);
#4364=PLANE('',#4784);
#4365=PLANE('',#4790);
#4366=PLANE('',#4797);
#4367=PLANE('',#4808);
#4368=PLANE('',#4809);
#4369=PLANE('',#4816);
#4370=PLANE('',#4823);
#4371=PLANE('',#4830);
#4372=PLANE('',#4840);
#4373=PLANE('',#4841);
#4374=PLANE('',#4842);
#4375=PLANE('',#4846);
#4376=PLANE('',#4847);
#4377=PLANE('',#4848);
#4378=PLANE('',#4851);
#4379=PLANE('',#4852);
#4380=PLANE('',#4855);
#4381=PLANE('',#4856);
#4382=PLANE('',#4859);
#4383=PLANE('',#4868);
#4384=PLANE('',#4869);
#4385=PLANE('',#4870);
#4386=PLANE('',#4873);
#4387=PLANE('',#4874);
#4388=PLANE('',#4877);
#4389=PLANE('',#4878);
#4390=PLANE('',#4879);
#4391=PLANE('',#4881);
#4392=PLANE('',#4882);
#4393=PLANE('',#4883);
#4394=PLANE('',#4884);
#4395=PLANE('',#4886);
#4396=PLANE('',#4887);
#4397=PLANE('',#4888);
#4398=PLANE('',#4889);
#4399=PLANE('',#4890);
#4400=PLANE('',#4891);
#4401=PLANE('',#4892);
#4402=PLANE('',#4893);
#4403=PLANE('',#4894);
#4404=PLANE('',#4895);
#4405=PLANE('',#4896);
#4406=PLANE('',#4897);
#4407=PLANE('',#4898);
#4408=PLANE('',#4907);
#4409=PLANE('',#4908);
#4410=PLANE('',#4911);
#4411=PLANE('',#4914);
#4412=PLANE('',#4917);
#4413=PLANE('',#4925);
#4414=PLANE('',#4926);
#4415=PLANE('',#4927);
#4416=PLANE('',#4928);
#4417=PLANE('',#4929);
#4418=PLANE('',#4930);
#4419=PLANE('',#4931);
#4420=PLANE('',#4932);
#4421=PLANE('',#4933);
#4422=PLANE('',#4934);
#4423=PLANE('',#4935);
#4424=PLANE('',#4936);
#4425=PLANE('',#4937);
#4426=PLANE('',#4938);
#4427=PLANE('',#4939);
#4428=PLANE('',#4940);
#4429=PLANE('',#4941);
#4430=PLANE('',#4942);
#4431=PLANE('',#4943);
#4432=PLANE('',#4944);
#4433=PLANE('',#4945);
#4434=PLANE('',#4946);
#4435=PLANE('',#4947);
#4436=PLANE('',#4948);
#4437=PLANE('',#4949);
#4438=PLANE('',#4950);
#4439=PLANE('',#4951);
#4440=PLANE('',#4952);
#4441=PLANE('',#4953);
#4442=PLANE('',#4954);
#4443=PLANE('',#4955);
#4444=PLANE('',#4956);
#4445=PLANE('',#4957);
#4446=PLANE('',#4958);
#4447=PLANE('',#4959);
#4448=PLANE('',#4960);
#4449=PLANE('',#4961);
#4450=PLANE('',#4962);
#4451=PLANE('',#4963);
#4452=PLANE('',#4974);
#4453=PLANE('',#4978);
#4454=PLANE('',#4982);
#4455=PLANE('',#4986);
#4456=PLANE('',#4990);
#4457=PLANE('',#4994);
#4458=PLANE('',#4998);
#4459=PLANE('',#4999);
#4460=PLANE('',#5003);
#4461=PLANE('',#5007);
#4462=PLANE('',#5011);
#4463=PLANE('',#5012);
#4464=PLANE('',#5016);
#4465=PLANE('',#5020);
#4466=PLANE('',#5023);
#4467=PLANE('',#5024);
#4468=PLANE('',#5025);
#4469=PLANE('',#5028);
#4470=PLANE('',#5036);
#4471=PLANE('',#5037);
#4472=PLANE('',#5039);
#4473=PLANE('',#5040);
#4474=PLANE('',#5042);
#4475=PLANE('',#5043);
#4476=PLANE('',#5044);
#4477=PLANE('',#5045);
#4478=PLANE('',#5049);
#4479=PLANE('',#5050);
#4480=PLANE('',#5053);
#4481=PLANE('',#5059);
#4482=PLANE('',#5065);
#4483=PLANE('',#5076);
#4484=PLANE('',#5077);
#4485=PLANE('',#5079);
#4486=PLANE('',#5081);
#4487=PLANE('',#5082);
#4488=PLANE('',#5085);
#4489=PLANE('',#5086);
#4490=PLANE('',#5087);
#4491=PLANE('',#5088);
#4492=PLANE('',#5089);
#4493=ADVANCED_FACE('',(#412),#4347,.F.);
#4494=ADVANCED_FACE('',(#413),#4348,.F.);
#4495=ADVANCED_FACE('',(#414),#4349,.F.);
#4496=ADVANCED_FACE('',(#415),#4350,.F.);
#4497=ADVANCED_FACE('',(#416),#4351,.F.);
#4498=ADVANCED_FACE('',(#417),#4352,.F.);
#4499=ADVANCED_FACE('',(#418,#232),#4353,.T.);
#4500=ADVANCED_FACE('',(#419),#4354,.F.);
#4501=ADVANCED_FACE('',(#420),#4355,.F.);
#4502=ADVANCED_FACE('',(#421),#4356,.F.);
#4503=ADVANCED_FACE('',(#422),#4357,.F.);
#4504=ADVANCED_FACE('',(#423),#4358,.F.);
#4505=ADVANCED_FACE('',(#424),#4359,.F.);
#4506=ADVANCED_FACE('',(#425,#233),#4360,.T.);
#4507=ADVANCED_FACE('',(#426),#174,.F.);
#4508=ADVANCED_FACE('',(#427,#234,#235),#4361,.F.);
#4509=ADVANCED_FACE('',(#428),#175,.F.);
#4510=ADVANCED_FACE('',(#429),#176,.F.);
#4511=ADVANCED_FACE('',(#430),#177,.F.);
#4512=ADVANCED_FACE('',(#431),#4362,.T.);
#4513=ADVANCED_FACE('',(#432),#178,.F.);
#4514=ADVANCED_FACE('',(#433),#4363,.T.);
#4515=ADVANCED_FACE('',(#434),#4364,.T.);
#4516=ADVANCED_FACE('',(#435),#179,.F.);
#4517=ADVANCED_FACE('',(#436),#4365,.T.);
#4518=ADVANCED_FACE('',(#437),#180,.F.);
#4519=ADVANCED_FACE('',(#438),#4366,.T.);
#4520=ADVANCED_FACE('',(#439),#181,.F.);
#4521=ADVANCED_FACE('',(#440),#182,.F.);
#4522=ADVANCED_FACE('',(#441),#4367,.T.);
#4523=ADVANCED_FACE('',(#442),#4368,.T.);
#4524=ADVANCED_FACE('',(#443),#183,.F.);
#4525=ADVANCED_FACE('',(#444),#4369,.T.);
#4526=ADVANCED_FACE('',(#445,#236),#184,.F.);
#4527=ADVANCED_FACE('',(#446),#4370,.T.);
#4528=ADVANCED_FACE('',(#447,#237),#185,.F.);
#4529=ADVANCED_FACE('',(#448,#238,#239,#240,#241,#242,#243),#4371,.F.);
#4530=ADVANCED_FACE('',(#449),#186,.F.);
#4531=ADVANCED_FACE('',(#450),#4372,.T.);
#4532=ADVANCED_FACE('',(#451),#4373,.T.);
#4533=ADVANCED_FACE('',(#452),#20,.T.);
#4534=ADVANCED_FACE('',(#453),#21,.T.);
#4535=ADVANCED_FACE('',(#454),#22,.T.);
#4536=ADVANCED_FACE('',(#455),#4374,.T.);
#4537=ADVANCED_FACE('',(#456),#23,.T.);
#4538=ADVANCED_FACE('',(#457),#187,.T.);
#4539=ADVANCED_FACE('',(#458),#4375,.T.);
#4540=ADVANCED_FACE('',(#459),#4376,.T.);
#4541=ADVANCED_FACE('',(#460),#4377,.T.);
#4542=ADVANCED_FACE('',(#461),#188,.F.);
#4543=ADVANCED_FACE('',(#462),#4378,.T.);
#4544=ADVANCED_FACE('',(#463),#4379,.T.);
#4545=ADVANCED_FACE('',(#464),#189,.F.);
#4546=ADVANCED_FACE('',(#465),#4380,.T.);
#4547=ADVANCED_FACE('',(#466),#4381,.T.);
#4548=ADVANCED_FACE('',(#467),#190,.T.);
#4549=ADVANCED_FACE('',(#468),#4382,.T.);
#4550=ADVANCED_FACE('',(#469),#24,.T.);
#4551=ADVANCED_FACE('',(#470),#25,.T.);
#4552=ADVANCED_FACE('',(#471),#191,.F.);
#4553=ADVANCED_FACE('',(#472),#192,.F.);
#4554=ADVANCED_FACE('',(#473),#193,.F.);
#4555=ADVANCED_FACE('',(#474),#194,.F.);
#4556=ADVANCED_FACE('',(#475),#4383,.F.);
#4557=ADVANCED_FACE('',(#476),#4384,.F.);
#4558=ADVANCED_FACE('',(#477),#4385,.F.);
#4559=ADVANCED_FACE('',(#478),#195,.T.);
#4560=ADVANCED_FACE('',(#479),#4386,.F.);
#4561=ADVANCED_FACE('',(#480),#26,.F.);
#4562=ADVANCED_FACE('',(#481),#4387,.T.);
#4563=ADVANCED_FACE('',(#482),#27,.F.);
#4564=ADVANCED_FACE('',(#483),#4388,.F.);
#4565=ADVANCED_FACE('',(#484),#4389,.T.);
#4566=ADVANCED_FACE('',(#485,#244),#4390,.T.);
#4567=ADVANCED_FACE('',(#486),#4391,.F.);
#4568=ADVANCED_FACE('',(#487),#4392,.F.);
#4569=ADVANCED_FACE('',(#488),#4393,.F.);
#4570=ADVANCED_FACE('',(#489,#245),#4394,.T.);
#4571=ADVANCED_FACE('',(#490),#4395,.F.);
#4572=ADVANCED_FACE('',(#491),#4396,.F.);
#4573=ADVANCED_FACE('',(#492),#4397,.F.);
#4574=ADVANCED_FACE('',(#493,#246,#247),#4398,.T.);
#4575=ADVANCED_FACE('',(#494),#4399,.T.);
#4576=ADVANCED_FACE('',(#495),#4400,.T.);
#4577=ADVANCED_FACE('',(#496),#4401,.F.);
#4578=ADVANCED_FACE('',(#497),#4402,.F.);
#4579=ADVANCED_FACE('',(#498),#4403,.F.);
#4580=ADVANCED_FACE('',(#499),#4404,.F.);
#4581=ADVANCED_FACE('',(#500),#4405,.F.);
#4582=ADVANCED_FACE('',(#501),#4406,.F.);
#4583=ADVANCED_FACE('',(#502,#248,#249,#250,#251,#252),#4407,.T.);
#4584=ADVANCED_FACE('',(#503),#4408,.T.);
#4585=ADVANCED_FACE('',(#504),#4409,.T.);
#4586=ADVANCED_FACE('',(#505),#196,.T.);
#4587=ADVANCED_FACE('',(#506),#4410,.T.);
#4588=ADVANCED_FACE('',(#507),#197,.F.);
#4589=ADVANCED_FACE('',(#508),#4411,.T.);
#4590=ADVANCED_FACE('',(#509),#198,.F.);
#4591=ADVANCED_FACE('',(#510),#4412,.T.);
#4592=ADVANCED_FACE('',(#511),#199,.T.);
#4593=ADVANCED_FACE('',(#512),#200,.F.);
#4594=ADVANCED_FACE('',(#513),#201,.T.);
#4595=ADVANCED_FACE('',(#514),#4413,.F.);
#4596=ADVANCED_FACE('',(#515),#28,.F.);
#4597=ADVANCED_FACE('',(#516),#29,.F.);
#4598=ADVANCED_FACE('',(#517),#30,.F.);
#4599=ADVANCED_FACE('',(#518),#31,.F.);
#4600=ADVANCED_FACE('',(#519),#32,.F.);
#4601=ADVANCED_FACE('',(#520),#4414,.F.);
#4602=ADVANCED_FACE('',(#521),#4415,.F.);
#4603=ADVANCED_FACE('',(#522),#4416,.F.);
#4604=ADVANCED_FACE('',(#523),#4417,.F.);
#4605=ADVANCED_FACE('',(#524),#33,.F.);
#4606=ADVANCED_FACE('',(#525),#34,.F.);
#4607=ADVANCED_FACE('',(#526),#35,.F.);
#4608=ADVANCED_FACE('',(#527),#36,.F.);
#4609=ADVANCED_FACE('',(#528),#4418,.F.);
#4610=ADVANCED_FACE('',(#529),#4419,.F.);
#4611=ADVANCED_FACE('',(#530),#4420,.F.);
#4612=ADVANCED_FACE('',(#531),#37,.F.);
#4613=ADVANCED_FACE('',(#532),#38,.F.);
#4614=ADVANCED_FACE('',(#533),#39,.F.);
#4615=ADVANCED_FACE('',(#534),#40,.F.);
#4616=ADVANCED_FACE('',(#535),#41,.F.);
#4617=ADVANCED_FACE('',(#536),#42,.F.);
#4618=ADVANCED_FACE('',(#537),#43,.F.);
#4619=ADVANCED_FACE('',(#538),#4421,.F.);
#4620=ADVANCED_FACE('',(#539),#4422,.F.);
#4621=ADVANCED_FACE('',(#540),#4423,.F.);
#4622=ADVANCED_FACE('',(#541,#253),#4424,.T.);
#4623=ADVANCED_FACE('',(#542),#4425,.F.);
#4624=ADVANCED_FACE('',(#543),#4426,.F.);
#4625=ADVANCED_FACE('',(#544),#4427,.F.);
#4626=ADVANCED_FACE('',(#545),#4428,.F.);
#4627=ADVANCED_FACE('',(#546),#4429,.F.);
#4628=ADVANCED_FACE('',(#547),#4430,.F.);
#4629=ADVANCED_FACE('',(#548),#4431,.F.);
#4630=ADVANCED_FACE('',(#549),#4432,.F.);
#4631=ADVANCED_FACE('',(#550),#4433,.F.);
#4632=ADVANCED_FACE('',(#551),#4434,.F.);
#4633=ADVANCED_FACE('',(#552),#4435,.F.);
#4634=ADVANCED_FACE('',(#553),#4436,.F.);
#4635=ADVANCED_FACE('',(#554),#4437,.F.);
#4636=ADVANCED_FACE('',(#555),#4438,.F.);
#4637=ADVANCED_FACE('',(#556),#4439,.F.);
#4638=ADVANCED_FACE('',(#557),#4440,.F.);
#4639=ADVANCED_FACE('',(#558),#4441,.F.);
#4640=ADVANCED_FACE('',(#559),#4442,.F.);
#4641=ADVANCED_FACE('',(#560),#4443,.F.);
#4642=ADVANCED_FACE('',(#561),#4444,.F.);
#4643=ADVANCED_FACE('',(#562),#4445,.T.);
#4644=ADVANCED_FACE('',(#563),#4446,.T.);
#4645=ADVANCED_FACE('',(#564),#4447,.T.);
#4646=ADVANCED_FACE('',(#565),#44,.F.);
#4647=ADVANCED_FACE('',(#566),#45,.F.);
#4648=ADVANCED_FACE('',(#567),#46,.F.);
#4649=ADVANCED_FACE('',(#568),#4448,.F.);
#4650=ADVANCED_FACE('',(#569),#47,.F.);
#4651=ADVANCED_FACE('',(#570),#48,.F.);
#4652=ADVANCED_FACE('',(#571),#4449,.F.);
#4653=ADVANCED_FACE('',(#572),#4450,.T.);
#4654=ADVANCED_FACE('',(#573),#4451,.T.);
#4655=ADVANCED_FACE('',(#574),#49,.F.);
#4656=ADVANCED_FACE('',(#575),#202,.T.);
#4657=ADVANCED_FACE('',(#576),#50,.F.);
#4658=ADVANCED_FACE('',(#577),#51,.F.);
#4659=ADVANCED_FACE('',(#578),#52,.F.);
#4660=ADVANCED_FACE('',(#579),#203,.F.);
#4661=ADVANCED_FACE('',(#580),#4452,.T.);
#4662=ADVANCED_FACE('',(#581),#204,.F.);
#4663=ADVANCED_FACE('',(#582),#4453,.T.);
#4664=ADVANCED_FACE('',(#583),#205,.F.);
#4665=ADVANCED_FACE('',(#584),#4454,.T.);
#4666=ADVANCED_FACE('',(#585),#206,.F.);
#4667=ADVANCED_FACE('',(#586),#4455,.T.);
#4668=ADVANCED_FACE('',(#587),#207,.F.);
#4669=ADVANCED_FACE('',(#588),#4456,.T.);
#4670=ADVANCED_FACE('',(#589),#208,.F.);
#4671=ADVANCED_FACE('',(#590),#4457,.T.);
#4672=ADVANCED_FACE('',(#591),#209,.F.);
#4673=ADVANCED_FACE('',(#592),#4458,.T.);
#4674=ADVANCED_FACE('',(#593),#4459,.T.);
#4675=ADVANCED_FACE('',(#594),#210,.F.);
#4676=ADVANCED_FACE('',(#595),#4460,.T.);
#4677=ADVANCED_FACE('',(#596),#211,.F.);
#4678=ADVANCED_FACE('',(#597),#4461,.T.);
#4679=ADVANCED_FACE('',(#598),#212,.F.);
#4680=ADVANCED_FACE('',(#599),#4462,.F.);
#4681=ADVANCED_FACE('',(#600),#4463,.F.);
#4682=ADVANCED_FACE('',(#601),#213,.F.);
#4683=ADVANCED_FACE('',(#602),#4464,.F.);
#4684=ADVANCED_FACE('',(#603),#214,.F.);
#4685=ADVANCED_FACE('',(#604,#254),#4465,.F.);
#4686=ADVANCED_FACE('',(#605),#4466,.T.);
#4687=ADVANCED_FACE('',(#606),#4467,.T.);
#4688=ADVANCED_FACE('',(#607),#4468,.T.);
#4689=ADVANCED_FACE('',(#608,#255,#256,#257,#258,#259,#260,#261,#262,#263,
#264,#265),#4469,.T.);
#4690=ADVANCED_FACE('',(#609),#215,.F.);
#4691=ADVANCED_FACE('',(#610),#4470,.T.);
#4692=ADVANCED_FACE('',(#611),#4471,.T.);
#4693=ADVANCED_FACE('',(#612),#216,.F.);
#4694=ADVANCED_FACE('',(#613),#4472,.T.);
#4695=ADVANCED_FACE('',(#614),#4473,.T.);
#4696=ADVANCED_FACE('',(#615),#217,.F.);
#4697=ADVANCED_FACE('',(#616),#4474,.T.);
#4698=ADVANCED_FACE('',(#617),#4475,.F.);
#4699=ADVANCED_FACE('',(#618),#4476,.F.);
#4700=ADVANCED_FACE('',(#619),#53,.T.);
#4701=ADVANCED_FACE('',(#620,#266),#4477,.T.);
#4702=ADVANCED_FACE('',(#621),#4478,.T.);
#4703=ADVANCED_FACE('',(#622),#4479,.T.);
#4704=ADVANCED_FACE('',(#623),#218,.T.);
#4705=ADVANCED_FACE('',(#624),#219,.T.);
#4706=ADVANCED_FACE('',(#625),#4480,.T.);
#4707=ADVANCED_FACE('',(#626),#54,.T.);
#4708=ADVANCED_FACE('',(#627),#220,.F.);
#4709=ADVANCED_FACE('',(#628),#221,.F.);
#4710=ADVANCED_FACE('',(#629),#222,.F.);
#4711=ADVANCED_FACE('',(#630),#55,.T.);
#4712=ADVANCED_FACE('',(#631,#267,#268,#269,#270,#271),#4481,.F.);
#4713=ADVANCED_FACE('',(#632,#272),#4482,.F.);
#4714=ADVANCED_FACE('',(#633),#223,.F.);
#4715=ADVANCED_FACE('',(#634),#224,.F.);
#4716=ADVANCED_FACE('',(#635),#225,.F.);
#4717=ADVANCED_FACE('',(#636),#226,.F.);
#4718=ADVANCED_FACE('',(#637),#227,.F.);
#4719=ADVANCED_FACE('',(#638),#56,.F.);
#4720=ADVANCED_FACE('',(#639),#4483,.F.);
#4721=ADVANCED_FACE('',(#640),#57,.F.);
#4722=ADVANCED_FACE('',(#641),#4484,.F.);
#4723=ADVANCED_FACE('',(#642),#4485,.F.);
#4724=ADVANCED_FACE('',(#643),#228,.T.);
#4725=ADVANCED_FACE('',(#644),#4486,.F.);
#4726=ADVANCED_FACE('',(#645),#4487,.T.);
#4727=ADVANCED_FACE('',(#646),#229,.F.);
#4728=ADVANCED_FACE('',(#647),#230,.F.);
#4729=ADVANCED_FACE('',(#648),#4488,.T.);
#4730=ADVANCED_FACE('',(#649),#4489,.T.);
#4731=ADVANCED_FACE('',(#650),#4490,.T.);
#4732=ADVANCED_FACE('',(#651,#273,#274,#275,#276),#4491,.T.);
#4733=ADVANCED_FACE('',(#652),#58,.T.);
#4734=ADVANCED_FACE('',(#653),#4492,.F.);
#4735=ADVANCED_FACE('',(#654),#231,.T.);
#4736=ADVANCED_FACE('',(#655),#59,.F.);
#4737=CLOSED_SHELL('',(#4493,#4494,#4495,#4496,#4497,#4498,#4499,#4500,
#4501,#4502,#4503,#4504,#4505,#4506,#4507,#4508,#4509,#4510,#4511,#4512,
#4513,#4514,#4515,#4516,#4517,#4518,#4519,#4520,#4521,#4522,#4523,#4524,
#4525,#4526,#4527,#4528,#4529,#4530,#4531,#4532,#4533,#4534,#4535,#4536,
#4537,#4538,#4539,#4540,#4541,#4542,#4543,#4544,#4545,#4546,#4547,#4548,
#4549,#4550,#4551,#4552,#4553,#4554,#4555,#4556,#4557,#4558,#4559,#4560,
#4561,#4562,#4563,#4564,#4565,#4566,#4567,#4568,#4569,#4570,#4571,#4572,
#4573,#4574,#4575,#4576,#4577,#4578,#4579,#4580,#4581,#4582,#4583,#4584,
#4585,#4586,#4587,#4588,#4589,#4590,#4591,#4592,#4593,#4594,#4595,#4596,
#4597,#4598,#4599,#4600,#4601,#4602,#4603,#4604,#4605,#4606,#4607,#4608,
#4609,#4610,#4611,#4612,#4613,#4614,#4615,#4616,#4617,#4618,#4619,#4620,
#4621,#4622,#4623,#4624,#4625,#4626,#4627,#4628,#4629,#4630,#4631,#4632,
#4633,#4634,#4635,#4636,#4637,#4638,#4639,#4640,#4641,#4642,#4643,#4644,
#4645,#4646,#4647,#4648,#4649,#4650,#4651,#4652,#4653,#4654,#4655,#4656,
#4657,#4658,#4659,#4660,#4661,#4662,#4663,#4664,#4665,#4666,#4667,#4668,
#4669,#4670,#4671,#4672,#4673,#4674,#4675,#4676,#4677,#4678,#4679,#4680,
#4681,#4682,#4683,#4684,#4685,#4686,#4687,#4688,#4689,#4690,#4691,#4692,
#4693,#4694,#4695,#4696,#4697,#4698,#4699,#4700,#4701,#4702,#4703,#4704,
#4705,#4706,#4707,#4708,#4709,#4710,#4711,#4712,#4713,#4714,#4715,#4716,
#4717,#4718,#4719,#4720,#4721,#4722,#4723,#4724,#4725,#4726,#4727,#4728,
#4729,#4730,#4731,#4732,#4733,#4734,#4735,#4736));
#4738=DERIVED_UNIT_ELEMENT(#4740,1.);
#4739=DERIVED_UNIT_ELEMENT(#8917,-3.);
#4740=(
MASS_UNIT()
NAMED_UNIT(*)
SI_UNIT(.KILO.,.GRAM.)
);
#4741=DERIVED_UNIT((#4738,#4739));
#4742=MEASURE_REPRESENTATION_ITEM('density measure',
POSITIVE_RATIO_MEASURE(7850.),#4741);
#4743=PROPERTY_DEFINITION_REPRESENTATION(#4748,#4745);
#4744=PROPERTY_DEFINITION_REPRESENTATION(#4749,#4746);
#4745=REPRESENTATION('material name',(#4747),#8914);
#4746=REPRESENTATION('density',(#4742),#8914);
#4747=DESCRIPTIVE_REPRESENTATION_ITEM('Steel','Steel');
#4748=PROPERTY_DEFINITION('material property','material name',#8929);
#4749=PROPERTY_DEFINITION('material property','density of part',#8929);
#4750=AXIS2_PLACEMENT_3D('',#6218,#5093,#5094);
#4751=AXIS2_PLACEMENT_3D('',#6219,#5095,#5096);
#4752=AXIS2_PLACEMENT_3D('',#6220,#5097,#5098);
#4753=AXIS2_PLACEMENT_3D('',#6229,#5103,#5104);
#4754=AXIS2_PLACEMENT_3D('',#6235,#5108,#5109);
#4755=AXIS2_PLACEMENT_3D('',#6241,#5113,#5114);
#4756=AXIS2_PLACEMENT_3D('',#6247,#5118,#5119);
#4757=AXIS2_PLACEMENT_3D('',#6253,#5123,#5124);
#4758=AXIS2_PLACEMENT_3D('',#6256,#5127,#5128);
#4759=AXIS2_PLACEMENT_3D('',#6258,#5129,#5130);
#4760=AXIS2_PLACEMENT_3D('',#6259,#5131,#5132);
#4761=AXIS2_PLACEMENT_3D('',#6268,#5137,#5138);
#4762=AXIS2_PLACEMENT_3D('',#6274,#5142,#5143);
#4763=AXIS2_PLACEMENT_3D('',#6280,#5147,#5148);
#4764=AXIS2_PLACEMENT_3D('',#6286,#5152,#5153);
#4765=AXIS2_PLACEMENT_3D('',#6292,#5157,#5158);
#4766=AXIS2_PLACEMENT_3D('',#6295,#5161,#5162);
#4767=AXIS2_PLACEMENT_3D('',#6297,#5163,#5164);
#4768=AXIS2_PLACEMENT_3D('',#6298,#5165,#5166);
#4769=AXIS2_PLACEMENT_3D('',#6301,#5167,#5168);
#4770=AXIS2_PLACEMENT_3D('',#6312,#5171,#5172);
#4771=AXIS2_PLACEMENT_3D('',#6318,#5175,#5176);
#4772=AXIS2_PLACEMENT_3D('',#6326,#5180,#5181);
#4773=AXIS2_PLACEMENT_3D('',#6329,#5183,#5184);
#4774=AXIS2_PLACEMENT_3D('',#6330,#5185,#5186);
#4775=AXIS2_PLACEMENT_3D('',#6339,#5187,#5188);
#4776=AXIS2_PLACEMENT_3D('',#6341,#5190,#5191);
#4777=AXIS2_PLACEMENT_3D('',#6343,#5192,#5193);
#4778=AXIS2_PLACEMENT_3D('',#6362,#5195,#5196);
#4779=AXIS2_PLACEMENT_3D('',#6364,#5197,#5198);
#4780=AXIS2_PLACEMENT_3D('',#6383,#5200,#5201);
#4781=AXIS2_PLACEMENT_3D('',#6389,#5205,#5206);
#4782=AXIS2_PLACEMENT_3D('',#6393,#5208,#5209);
#4783=AXIS2_PLACEMENT_3D('',#6395,#5211,#5212);
#4784=AXIS2_PLACEMENT_3D('',#6399,#5215,#5216);
#4785=AXIS2_PLACEMENT_3D('',#6404,#5218,#5219);
#4786=AXIS2_PLACEMENT_3D('',#6406,#5221,#5222);
#4787=AXIS2_PLACEMENT_3D('',#6408,#5223,#5224);
#4788=AXIS2_PLACEMENT_3D('',#6412,#5226,#5227);
#4789=AXIS2_PLACEMENT_3D('',#6416,#5230,#5231);
#4790=AXIS2_PLACEMENT_3D('',#6417,#5232,#5233);
#4791=AXIS2_PLACEMENT_3D('',#6420,#5234,#5235);
#4792=AXIS2_PLACEMENT_3D('',#6422,#5236,#5237);
#4793=AXIS2_PLACEMENT_3D('',#6423,#5238,#5239);
#4794=AXIS2_PLACEMENT_3D('',#6424,#5240,#5241);
#4795=AXIS2_PLACEMENT_3D('',#6426,#5242,#5243);
#4796=AXIS2_PLACEMENT_3D('',#6431,#5246,#5247);
#4797=AXIS2_PLACEMENT_3D('',#6433,#5249,#5250);
#4798=AXIS2_PLACEMENT_3D('',#6437,#5252,#5253);
#4799=AXIS2_PLACEMENT_3D('',#6438,#5254,#5255);
#4800=AXIS2_PLACEMENT_3D('',#6440,#5256,#5257);
#4801=AXIS2_PLACEMENT_3D('',#6444,#5259,#5260);
#4802=AXIS2_PLACEMENT_3D('',#6448,#5263,#5264);
#4803=AXIS2_PLACEMENT_3D('',#6449,#5265,#5266);
#4804=AXIS2_PLACEMENT_3D('',#6451,#5267,#5268);
#4805=AXIS2_PLACEMENT_3D('',#6455,#5270,#5271);
#4806=AXIS2_PLACEMENT_3D('',#6459,#5273,#5274);
#4807=AXIS2_PLACEMENT_3D('',#6462,#5276,#5277);
#4808=AXIS2_PLACEMENT_3D('',#6463,#5278,#5279);
#4809=AXIS2_PLACEMENT_3D('',#6465,#5281,#5282);
#4810=AXIS2_PLACEMENT_3D('',#6468,#5283,#5284);
#4811=AXIS2_PLACEMENT_3D('',#6469,#5285,#5286);
#4812=AXIS2_PLACEMENT_3D('',#6470,#5287,#5288);
#4813=AXIS2_PLACEMENT_3D('',#6472,#5289,#5290);
#4814=AXIS2_PLACEMENT_3D('',#6476,#5292,#5293);
#4815=AXIS2_PLACEMENT_3D('',#6480,#5296,#5297);
#4816=AXIS2_PLACEMENT_3D('',#6481,#5298,#5299);
#4817=AXIS2_PLACEMENT_3D('',#6489,#5304,#5305);
#4818=AXIS2_PLACEMENT_3D('',#6491,#5306,#5307);
#4819=AXIS2_PLACEMENT_3D('',#6494,#5309,#5310);
#4820=AXIS2_PLACEMENT_3D('',#6495,#5311,#5312);
#4821=AXIS2_PLACEMENT_3D('',#6498,#5313,#5314);
#4822=AXIS2_PLACEMENT_3D('',#6502,#5316,#5317);
#4823=AXIS2_PLACEMENT_3D('',#6504,#5319,#5320);
#4824=AXIS2_PLACEMENT_3D('',#6518,#5328,#5329);
#4825=AXIS2_PLACEMENT_3D('',#6520,#5330,#5331);
#4826=AXIS2_PLACEMENT_3D('',#6523,#5333,#5334);
#4827=AXIS2_PLACEMENT_3D('',#6524,#5335,#5336);
#4828=AXIS2_PLACEMENT_3D('',#6529,#5338,#5339);
#4829=AXIS2_PLACEMENT_3D('',#6532,#5341,#5342);
#4830=AXIS2_PLACEMENT_3D('',#6533,#5343,#5344);
#4831=AXIS2_PLACEMENT_3D('',#6538,#5346,#5347);
#4832=AXIS2_PLACEMENT_3D('',#6546,#5351,#5352);
#4833=AXIS2_PLACEMENT_3D('',#6550,#5354,#5355);
#4834=AXIS2_PLACEMENT_3D('',#6618,#5360,#5361);
#4835=AXIS2_PLACEMENT_3D('',#6622,#5363,#5364);
#4836=AXIS2_PLACEMENT_3D('',#6628,#5367,#5368);
#4837=AXIS2_PLACEMENT_3D('',#6631,#5370,#5371);
#4838=AXIS2_PLACEMENT_3D('',#6632,#5372,#5373);
#4839=AXIS2_PLACEMENT_3D('',#6636,#5375,#5376);
#4840=AXIS2_PLACEMENT_3D('',#6638,#5378,#5379);
#4841=AXIS2_PLACEMENT_3D('',#6648,#5386,#5387);
#4842=AXIS2_PLACEMENT_3D('',#6730,#5393,#5394);
#4843=AXIS2_PLACEMENT_3D('',#6814,#5399,#5400);
#4844=AXIS2_PLACEMENT_3D('',#6818,#5402,#5403);
#4845=AXIS2_PLACEMENT_3D('',#6872,#5404,#5405);
#4846=AXIS2_PLACEMENT_3D('',#6874,#5407,#5408);
#4847=AXIS2_PLACEMENT_3D('',#6878,#5411,#5412);
#4848=AXIS2_PLACEMENT_3D('',#6966,#5436,#5437);
#4849=AXIS2_PLACEMENT_3D('',#6972,#5441,#5442);
#4850=AXIS2_PLACEMENT_3D('',#6975,#5444,#5445);
#4851=AXIS2_PLACEMENT_3D('',#6976,#5446,#5447);
#4852=AXIS2_PLACEMENT_3D('',#6980,#5450,#5451);
#4853=AXIS2_PLACEMENT_3D('',#6984,#5454,#5455);
#4854=AXIS2_PLACEMENT_3D('',#6987,#5457,#5458);
#4855=AXIS2_PLACEMENT_3D('',#6988,#5459,#5460);
#4856=AXIS2_PLACEMENT_3D('',#6990,#5462,#5463);
#4857=AXIS2_PLACEMENT_3D('',#6998,#5468,#5469);
#4858=AXIS2_PLACEMENT_3D('',#7003,#5472,#5473);
#4859=AXIS2_PLACEMENT_3D('',#7004,#5474,#5475);
#4860=AXIS2_PLACEMENT_3D('',#7073,#5481,#5482);
#4861=AXIS2_PLACEMENT_3D('',#7074,#5483,#5484);
#4862=AXIS2_PLACEMENT_3D('',#7075,#5485,#5486);
#4863=AXIS2_PLACEMENT_3D('',#7085,#5487,#5488);
#4864=AXIS2_PLACEMENT_3D('',#7086,#5489,#5490);
#4865=AXIS2_PLACEMENT_3D('',#7095,#5491,#5492);
#4866=AXIS2_PLACEMENT_3D('',#7096,#5493,#5494);
#4867=AXIS2_PLACEMENT_3D('',#7123,#5495,#5496);
#4868=AXIS2_PLACEMENT_3D('',#7124,#5497,#5498);
#4869=AXIS2_PLACEMENT_3D('',#7144,#5499,#5500);
#4870=AXIS2_PLACEMENT_3D('',#7146,#5502,#5503);
#4871=AXIS2_PLACEMENT_3D('',#7161,#5505,#5506);
#4872=AXIS2_PLACEMENT_3D('',#7178,#5507,#5508);
#4873=AXIS2_PLACEMENT_3D('',#7195,#5509,#5510);
#4874=AXIS2_PLACEMENT_3D('',#7270,#5512,#5513);
#4875=AXIS2_PLACEMENT_3D('',#7303,#5516,#5517);
#4876=AXIS2_PLACEMENT_3D('',#7305,#5518,#5519);
#4877=AXIS2_PLACEMENT_3D('',#7329,#5522,#5523);
#4878=AXIS2_PLACEMENT_3D('',#7337,#5528,#5529);
#4879=AXIS2_PLACEMENT_3D('',#7339,#5531,#5532);
#4880=AXIS2_PLACEMENT_3D('',#7353,#5539,#5540);
#4881=AXIS2_PLACEMENT_3D('',#7354,#5541,#5542);
#4882=AXIS2_PLACEMENT_3D('',#7360,#5546,#5547);
#4883=AXIS2_PLACEMENT_3D('',#7364,#5550,#5551);
#4884=AXIS2_PLACEMENT_3D('',#7368,#5554,#5555);
#4885=AXIS2_PLACEMENT_3D('',#7382,#5562,#5563);
#4886=AXIS2_PLACEMENT_3D('',#7383,#5564,#5565);
#4887=AXIS2_PLACEMENT_3D('',#7389,#5569,#5570);
#4888=AXIS2_PLACEMENT_3D('',#7393,#5573,#5574);
#4889=AXIS2_PLACEMENT_3D('',#7397,#5577,#5578);
#4890=AXIS2_PLACEMENT_3D('',#7416,#5589,#5590);
#4891=AXIS2_PLACEMENT_3D('',#7427,#5597,#5598);
#4892=AXIS2_PLACEMENT_3D('',#7431,#5601,#5602);
#4893=AXIS2_PLACEMENT_3D('',#7433,#5604,#5605);
#4894=AXIS2_PLACEMENT_3D('',#7435,#5607,#5608);
#4895=AXIS2_PLACEMENT_3D('',#7436,#5609,#5610);
#4896=AXIS2_PLACEMENT_3D('',#7438,#5612,#5613);
#4897=AXIS2_PLACEMENT_3D('',#7440,#5615,#5616);
#4898=AXIS2_PLACEMENT_3D('',#7441,#5617,#5618);
#4899=AXIS2_PLACEMENT_3D('',#7446,#5620,#5621);
#4900=AXIS2_PLACEMENT_3D('',#7450,#5623,#5624);
#4901=AXIS2_PLACEMENT_3D('',#7453,#5626,#5627);
#4902=AXIS2_PLACEMENT_3D('',#7455,#5629,#5630);
#4903=AXIS2_PLACEMENT_3D('',#7461,#5634,#5635);
#4904=AXIS2_PLACEMENT_3D('',#7463,#5636,#5637);
#4905=AXIS2_PLACEMENT_3D('',#7465,#5638,#5639);
#4906=AXIS2_PLACEMENT_3D('',#7467,#5640,#5641);
#4907=AXIS2_PLACEMENT_3D('',#7468,#5642,#5643);
#4908=AXIS2_PLACEMENT_3D('',#7469,#5644,#5645);
#4909=AXIS2_PLACEMENT_3D('',#7474,#5649,#5650);
#4910=AXIS2_PLACEMENT_3D('',#7477,#5652,#5653);
#4911=AXIS2_PLACEMENT_3D('',#7479,#5655,#5656);
#4912=AXIS2_PLACEMENT_3D('',#7483,#5659,#5660);
#4913=AXIS2_PLACEMENT_3D('',#7484,#5661,#5662);
#4914=AXIS2_PLACEMENT_3D('',#7485,#5663,#5664);
#4915=AXIS2_PLACEMENT_3D('',#7487,#5666,#5667);
#4916=AXIS2_PLACEMENT_3D('',#7490,#5669,#5670);
#4917=AXIS2_PLACEMENT_3D('',#7491,#5671,#5672);
#4918=AXIS2_PLACEMENT_3D('',#7495,#5675,#5676);
#4919=AXIS2_PLACEMENT_3D('',#7497,#5678,#5679);
#4920=AXIS2_PLACEMENT_3D('',#7498,#5680,#5681);
#4921=AXIS2_PLACEMENT_3D('',#7500,#5682,#5683);
#4922=AXIS2_PLACEMENT_3D('',#7503,#5685,#5686);
#4923=AXIS2_PLACEMENT_3D('',#7504,#5687,#5688);
#4924=AXIS2_PLACEMENT_3D('',#7508,#5690,#5691);
#4925=AXIS2_PLACEMENT_3D('',#7510,#5693,#5694);
#4926=AXIS2_PLACEMENT_3D('',#7634,#5704,#5705);
#4927=AXIS2_PLACEMENT_3D('',#7640,#5709,#5710);
#4928=AXIS2_PLACEMENT_3D('',#7643,#5713,#5714);
#4929=AXIS2_PLACEMENT_3D('',#7652,#5719,#5720);
#4930=AXIS2_PLACEMENT_3D('',#7750,#5728,#5729);
#4931=AXIS2_PLACEMENT_3D('',#7756,#5733,#5734);
#4932=AXIS2_PLACEMENT_3D('',#7761,#5738,#5739);
#4933=AXIS2_PLACEMENT_3D('',#7884,#5749,#5750);
#4934=AXIS2_PLACEMENT_3D('',#7888,#5753,#5754);
#4935=AXIS2_PLACEMENT_3D('',#7892,#5757,#5758);
#4936=AXIS2_PLACEMENT_3D('',#7895,#5761,#5762);
#4937=AXIS2_PLACEMENT_3D('',#7896,#5763,#5764);
#4938=AXIS2_PLACEMENT_3D('',#7902,#5768,#5769);
#4939=AXIS2_PLACEMENT_3D('',#7906,#5772,#5773);
#4940=AXIS2_PLACEMENT_3D('',#7910,#5776,#5777);
#4941=AXIS2_PLACEMENT_3D('',#7914,#5780,#5781);
#4942=AXIS2_PLACEMENT_3D('',#7918,#5784,#5785);
#4943=AXIS2_PLACEMENT_3D('',#7921,#5788,#5789);
#4944=AXIS2_PLACEMENT_3D('',#7922,#5790,#5791);
#4945=AXIS2_PLACEMENT_3D('',#7931,#5796,#5797);
#4946=AXIS2_PLACEMENT_3D('',#7937,#5801,#5802);
#4947=AXIS2_PLACEMENT_3D('',#7943,#5806,#5807);
#4948=AXIS2_PLACEMENT_3D('',#7948,#5811,#5812);
#4949=AXIS2_PLACEMENT_3D('',#7952,#5815,#5816);
#4950=AXIS2_PLACEMENT_3D('',#7956,#5819,#5820);
#4951=AXIS2_PLACEMENT_3D('',#7960,#5823,#5824);
#4952=AXIS2_PLACEMENT_3D('',#7964,#5827,#5828);
#4953=AXIS2_PLACEMENT_3D('',#7968,#5831,#5832);
#4954=AXIS2_PLACEMENT_3D('',#7972,#5835,#5836);
#4955=AXIS2_PLACEMENT_3D('',#7976,#5839,#5840);
#4956=AXIS2_PLACEMENT_3D('',#7979,#5843,#5844);
#4957=AXIS2_PLACEMENT_3D('',#7980,#5845,#5846);
#4958=AXIS2_PLACEMENT_3D('',#7982,#5848,#5849);
#4959=AXIS2_PLACEMENT_3D('',#7984,#5851,#5852);
#4960=AXIS2_PLACEMENT_3D('',#8113,#5855,#5856);
#4961=AXIS2_PLACEMENT_3D('',#8209,#5860,#5861);
#4962=AXIS2_PLACEMENT_3D('',#8217,#5863,#5864);
#4963=AXIS2_PLACEMENT_3D('',#8222,#5865,#5866);
#4964=AXIS2_PLACEMENT_3D('',#8272,#5869,#5870);
#4965=AXIS2_PLACEMENT_3D('',#8274,#5871,#5872);
#4966=AXIS2_PLACEMENT_3D('',#8277,#5874,#5875);
#4967=AXIS2_PLACEMENT_3D('',#8279,#5876,#5877);
#4968=AXIS2_PLACEMENT_3D('',#8283,#5879,#5880);
#4969=AXIS2_PLACEMENT_3D('',#8287,#5882,#5883);
#4970=AXIS2_PLACEMENT_3D('',#8291,#5885,#5886);
#4971=AXIS2_PLACEMENT_3D('',#8379,#5892,#5893);
#4972=AXIS2_PLACEMENT_3D('',#8381,#5894,#5895);
#4973=AXIS2_PLACEMENT_3D('',#8384,#5897,#5898);
#4974=AXIS2_PLACEMENT_3D('',#8385,#5899,#5900);
#4975=AXIS2_PLACEMENT_3D('',#8386,#5901,#5902);
#4976=AXIS2_PLACEMENT_3D('',#8388,#5903,#5904);
#4977=AXIS2_PLACEMENT_3D('',#8391,#5906,#5907);
#4978=AXIS2_PLACEMENT_3D('',#8392,#5908,#5909);
#4979=AXIS2_PLACEMENT_3D('',#8393,#5910,#5911);
#4980=AXIS2_PLACEMENT_3D('',#8395,#5912,#5913);
#4981=AXIS2_PLACEMENT_3D('',#8398,#5915,#5916);
#4982=AXIS2_PLACEMENT_3D('',#8399,#5917,#5918);
#4983=AXIS2_PLACEMENT_3D('',#8400,#5919,#5920);
#4984=AXIS2_PLACEMENT_3D('',#8402,#5921,#5922);
#4985=AXIS2_PLACEMENT_3D('',#8405,#5924,#5925);
#4986=AXIS2_PLACEMENT_3D('',#8406,#5926,#5927);
#4987=AXIS2_PLACEMENT_3D('',#8407,#5928,#5929);
#4988=AXIS2_PLACEMENT_3D('',#8409,#5930,#5931);
#4989=AXIS2_PLACEMENT_3D('',#8412,#5933,#5934);
#4990=AXIS2_PLACEMENT_3D('',#8413,#5935,#5936);
#4991=AXIS2_PLACEMENT_3D('',#8414,#5937,#5938);
#4992=AXIS2_PLACEMENT_3D('',#8416,#5939,#5940);
#4993=AXIS2_PLACEMENT_3D('',#8419,#5942,#5943);
#4994=AXIS2_PLACEMENT_3D('',#8420,#5944,#5945);
#4995=AXIS2_PLACEMENT_3D('',#8421,#5946,#5947);
#4996=AXIS2_PLACEMENT_3D('',#8423,#5948,#5949);
#4997=AXIS2_PLACEMENT_3D('',#8426,#5951,#5952);
#4998=AXIS2_PLACEMENT_3D('',#8427,#5953,#5954);
#4999=AXIS2_PLACEMENT_3D('',#8428,#5955,#5956);
#5000=AXIS2_PLACEMENT_3D('',#8429,#5957,#5958);
#5001=AXIS2_PLACEMENT_3D('',#8431,#5959,#5960);
#5002=AXIS2_PLACEMENT_3D('',#8434,#5962,#5963);
#5003=AXIS2_PLACEMENT_3D('',#8435,#5964,#5965);
#5004=AXIS2_PLACEMENT_3D('',#8436,#5966,#5967);
#5005=AXIS2_PLACEMENT_3D('',#8438,#5968,#5969);
#5006=AXIS2_PLACEMENT_3D('',#8441,#5971,#5972);
#5007=AXIS2_PLACEMENT_3D('',#8442,#5973,#5974);
#5008=AXIS2_PLACEMENT_3D('',#8443,#5975,#5976);
#5009=AXIS2_PLACEMENT_3D('',#8446,#5977,#5978);
#5010=AXIS2_PLACEMENT_3D('',#8450,#5980,#5981);
#5011=AXIS2_PLACEMENT_3D('',#8452,#5983,#5984);
#5012=AXIS2_PLACEMENT_3D('',#8458,#5988,#5989);
#5013=AXIS2_PLACEMENT_3D('',#8464,#5993,#5994);
#5014=AXIS2_PLACEMENT_3D('',#8467,#5995,#5996);
#5015=AXIS2_PLACEMENT_3D('',#8471,#5998,#5999);
#5016=AXIS2_PLACEMENT_3D('',#8473,#6001,#6002);
#5017=AXIS2_PLACEMENT_3D('',#8479,#6006,#6007);
#5018=AXIS2_PLACEMENT_3D('',#8480,#6008,#6009);
#5019=AXIS2_PLACEMENT_3D('',#8481,#6010,#6011);
#5020=AXIS2_PLACEMENT_3D('',#8482,#6012,#6013);
#5021=AXIS2_PLACEMENT_3D('',#8507,#6019,#6020);
#5022=AXIS2_PLACEMENT_3D('',#8513,#6023,#6024);
#5023=AXIS2_PLACEMENT_3D('',#8515,#6026,#6027);
#5024=AXIS2_PLACEMENT_3D('',#8524,#6032,#6033);
#5025=AXIS2_PLACEMENT_3D('',#8528,#6036,#6037);
#5026=AXIS2_PLACEMENT_3D('',#8529,#6038,#6039);
#5027=AXIS2_PLACEMENT_3D('',#8530,#6040,#6041);
#5028=AXIS2_PLACEMENT_3D('',#8531,#6042,#6043);
#5029=AXIS2_PLACEMENT_3D('',#8533,#6044,#6045);
#5030=AXIS2_PLACEMENT_3D('',#8539,#6049,#6050);
#5031=AXIS2_PLACEMENT_3D('',#8560,#6055,#6056);
#5032=AXIS2_PLACEMENT_3D('',#8561,#6057,#6058);
#5033=AXIS2_PLACEMENT_3D('',#8565,#6060,#6061);
#5034=AXIS2_PLACEMENT_3D('',#8571,#6064,#6065);
#5035=AXIS2_PLACEMENT_3D('',#8573,#6067,#6068);
#5036=AXIS2_PLACEMENT_3D('',#8575,#6070,#6071);
#5037=AXIS2_PLACEMENT_3D('',#8577,#6073,#6074);
#5038=AXIS2_PLACEMENT_3D('',#8579,#6076,#6077);
#5039=AXIS2_PLACEMENT_3D('',#8581,#6079,#6080);
#5040=AXIS2_PLACEMENT_3D('',#8583,#6082,#6083);
#5041=AXIS2_PLACEMENT_3D('',#8585,#6085,#6086);
#5042=AXIS2_PLACEMENT_3D('',#8587,#6088,#6089);
#5043=AXIS2_PLACEMENT_3D('',#8588,#6090,#6091);
#5044=AXIS2_PLACEMENT_3D('',#8594,#6095,#6096);
#5045=AXIS2_PLACEMENT_3D('',#8619,#6101,#6102);
#5046=AXIS2_PLACEMENT_3D('',#8620,#6103,#6104);
#5047=AXIS2_PLACEMENT_3D('',#8621,#6105,#6106);
#5048=AXIS2_PLACEMENT_3D('',#8623,#6107,#6108);
#5049=AXIS2_PLACEMENT_3D('',#8624,#6109,#6110);
#5050=AXIS2_PLACEMENT_3D('',#8625,#6111,#6112);
#5051=AXIS2_PLACEMENT_3D('',#8626,#6113,#6114);
#5052=AXIS2_PLACEMENT_3D('',#8628,#6116,#6117);
#5053=AXIS2_PLACEMENT_3D('',#8630,#6119,#6120);
#5054=AXIS2_PLACEMENT_3D('',#8632,#6121,#6122);
#5055=AXIS2_PLACEMENT_3D('',#8656,#6124,#6125);
#5056=AXIS2_PLACEMENT_3D('',#8659,#6127,#6128);
#5057=AXIS2_PLACEMENT_3D('',#8660,#6129,#6130);
#5058=AXIS2_PLACEMENT_3D('',#8662,#6132,#6133);
#5059=AXIS2_PLACEMENT_3D('',#8732,#6136,#6137);
#5060=AXIS2_PLACEMENT_3D('',#8734,#6138,#6139);
#5061=AXIS2_PLACEMENT_3D('',#8736,#6140,#6141);
#5062=AXIS2_PLACEMENT_3D('',#8738,#6142,#6143);
#5063=AXIS2_PLACEMENT_3D('',#8740,#6144,#6145);
#5064=AXIS2_PLACEMENT_3D('',#8742,#6146,#6147);
#5065=AXIS2_PLACEMENT_3D('',#8743,#6148,#6149);
#5066=AXIS2_PLACEMENT_3D('',#8745,#6150,#6151);
#5067=AXIS2_PLACEMENT_3D('',#8746,#6152,#6153);
#5068=AXIS2_PLACEMENT_3D('',#8748,#6155,#6156);
#5069=AXIS2_PLACEMENT_3D('',#8750,#6157,#6158);
#5070=AXIS2_PLACEMENT_3D('',#8752,#6160,#6161);
#5071=AXIS2_PLACEMENT_3D('',#8754,#6162,#6163);
#5072=AXIS2_PLACEMENT_3D('',#8756,#6165,#6166);
#5073=AXIS2_PLACEMENT_3D('',#8758,#6167,#6168);
#5074=AXIS2_PLACEMENT_3D('',#8760,#6170,#6171);
#5075=AXIS2_PLACEMENT_3D('',#8762,#6172,#6173);
#5076=AXIS2_PLACEMENT_3D('',#8799,#6177,#6178);
#5077=AXIS2_PLACEMENT_3D('',#8816,#6179,#6180);
#5078=AXIS2_PLACEMENT_3D('',#8818,#6181,#6182);
#5079=AXIS2_PLACEMENT_3D('',#8820,#6184,#6185);
#5080=AXIS2_PLACEMENT_3D('',#8822,#6187,#6188);
#5081=AXIS2_PLACEMENT_3D('',#8823,#6189,#6190);
#5082=AXIS2_PLACEMENT_3D('',#8827,#6193,#6194);
#5083=AXIS2_PLACEMENT_3D('',#8828,#6195,#6196);
#5084=AXIS2_PLACEMENT_3D('',#8830,#6198,#6199);
#5085=AXIS2_PLACEMENT_3D('',#8832,#6201,#6202);
#5086=AXIS2_PLACEMENT_3D('',#8834,#6204,#6205);
#5087=AXIS2_PLACEMENT_3D('',#8835,#6206,#6207);
#5088=AXIS2_PLACEMENT_3D('',#8836,#6208,#6209);
#5089=AXIS2_PLACEMENT_3D('',#8890,#6210,#6211);
#5090=AXIS2_PLACEMENT_3D('',#8891,#6212,#6213);
#5091=AXIS2_PLACEMENT_3D('',#8892,#6214,#6215);
#5092=AXIS2_PLACEMENT_3D('',#8909,#6216,#6217);
#5093=DIRECTION('axis',(0.,0.,1.));
#5094=DIRECTION('refdir',(1.,0.,0.));
#5095=DIRECTION('axis',(0.,0.,1.));
#5096=DIRECTION('refdir',(1.,0.,0.));
#5097=DIRECTION('center_axis',(0.,-0.866025403784439,0.5));
#5098=DIRECTION('ref_axis',(0.,-0.5,-0.866025403784439));
#5099=DIRECTION('',(-3.92948830416612E-15,-0.5,-0.866025403784439));
#5100=DIRECTION('',(1.,0.,0.));
#5101=DIRECTION('',(0.,-0.5,-0.866025403784439));
#5102=DIRECTION('',(1.,0.,0.));
#5103=DIRECTION('center_axis',(0.,0.,1.));
#5104=DIRECTION('ref_axis',(0.,-1.,0.));
#5105=DIRECTION('',(-7.23401373525762E-15,-1.,0.));
#5106=DIRECTION('',(1.,0.,0.));
#5107=DIRECTION('',(0.,-1.,0.));
#5108=DIRECTION('center_axis',(0.,0.866025403784439,0.5));
#5109=DIRECTION('ref_axis',(0.,-0.5,0.866025403784439));
#5110=DIRECTION('',(-3.3045254310915E-15,-0.5,0.866025403784439));
#5111=DIRECTION('',(1.,0.,0.));
#5112=DIRECTION('',(0.,-0.5,0.866025403784439));
#5113=DIRECTION('center_axis',(0.,0.866025403784439,-0.5));
#5114=DIRECTION('ref_axis',(0.,0.5,0.866025403784439));
#5115=DIRECTION('',(3.92948830416613E-15,0.5,0.866025403784439));
#5116=DIRECTION('',(1.,0.,0.));
#5117=DIRECTION('',(0.,0.5,0.866025403784439));
#5118=DIRECTION('center_axis',(0.,0.,-1.));
#5119=DIRECTION('ref_axis',(0.,1.,0.));
#5120=DIRECTION('',(7.23401373525762E-15,1.,0.));
#5121=DIRECTION('',(1.,0.,0.));
#5122=DIRECTION('',(0.,1.,0.));
#5123=DIRECTION('center_axis',(0.,-0.866025403784439,-0.499999999999999));
#5124=DIRECTION('ref_axis',(0.,0.499999999999999,-0.866025403784439));
#5125=DIRECTION('',(3.30452543109149E-15,0.499999999999999,-0.866025403784439));
#5126=DIRECTION('',(0.,0.499999999999999,-0.866025403784439));
#5127=DIRECTION('center_axis',(-1.,0.,0.));
#5128=DIRECTION('ref_axis',(0.,-1.,0.));
#5129=DIRECTION('center_axis',(-1.,0.,0.));
#5130=DIRECTION('ref_axis',(7.32747196252603E-15,1.,2.46519032881566E-32));
#5131=DIRECTION('center_axis',(0.,0.866025403784439,-0.5));
#5132=DIRECTION('ref_axis',(0.,0.5,0.866025403784439));
#5133=DIRECTION('',(3.92948830416612E-15,0.5,0.866025403784439));
#5134=DIRECTION('',(1.,0.,0.));
#5135=DIRECTION('',(0.,0.5,0.866025403784439));
#5136=DIRECTION('',(1.,0.,0.));
#5137=DIRECTION('center_axis',(0.,0.,-1.));
#5138=DIRECTION('ref_axis',(0.,1.,0.));
#5139=DIRECTION('',(7.23401373525762E-15,1.,0.));
#5140=DIRECTION('',(1.,0.,0.));
#5141=DIRECTION('',(0.,1.,0.));
#5142=DIRECTION('center_axis',(0.,-0.866025403784439,-0.5));
#5143=DIRECTION('ref_axis',(0.,0.5,-0.866025403784439));
#5144=DIRECTION('',(3.3045254310915E-15,0.5,-0.866025403784439));
#5145=DIRECTION('',(1.,0.,0.));
#5146=DIRECTION('',(0.,0.5,-0.866025403784439));
#5147=DIRECTION('center_axis',(0.,-0.866025403784439,0.5));
#5148=DIRECTION('ref_axis',(0.,-0.5,-0.866025403784439));
#5149=DIRECTION('',(-3.92948830416613E-15,-0.5,-0.866025403784439));
#5150=DIRECTION('',(1.,0.,0.));
#5151=DIRECTION('',(0.,-0.5,-0.866025403784439));
#5152=DIRECTION('center_axis',(0.,0.,1.));
#5153=DIRECTION('ref_axis',(0.,-1.,0.));
#5154=DIRECTION('',(-7.23401373525762E-15,-1.,0.));
#5155=DIRECTION('',(1.,0.,0.));
#5156=DIRECTION('',(0.,-1.,0.));
#5157=DIRECTION('center_axis',(0.,0.866025403784439,0.499999999999999));
#5158=DIRECTION('ref_axis',(0.,-0.499999999999999,0.866025403784439));
#5159=DIRECTION('',(-3.30452543109149E-15,-0.499999999999999,0.866025403784439));
#5160=DIRECTION('',(0.,-0.499999999999999,0.866025403784439));
#5161=DIRECTION('center_axis',(-1.,0.,0.));
#5162=DIRECTION('ref_axis',(0.,-1.,0.));
#5163=DIRECTION('center_axis',(-1.,0.,0.));
#5164=DIRECTION('ref_axis',(7.32747196252603E-15,1.,2.46519032881566E-32));
#5165=DIRECTION('center_axis',(-3.60822483003159E-16,0.,-1.));
#5166=DIRECTION('ref_axis',(0.707106781186543,-0.707106781186552,0.));
#5167=DIRECTION('center_axis',(0.,0.,1.));
#5168=DIRECTION('ref_axis',(0.707106781186543,-0.707106781186552,0.));
#5169=DIRECTION('',(-3.60822483003159E-16,0.,-1.));
#5170=DIRECTION('',(3.60822483003159E-16,0.,1.));
#5171=DIRECTION('center_axis',(1.,-7.23401373525762E-15,-3.60822483003159E-16));
#5172=DIRECTION('ref_axis',(7.23401373525762E-15,1.,2.46519032881556E-32));
#5173=DIRECTION('',(-7.23401373525762E-15,-1.,0.));
#5174=DIRECTION('',(7.38204347187431E-15,1.,-2.8760553836181E-32));
#5175=DIRECTION('center_axis',(1.,-7.23401373525762E-15,-3.60822483003159E-16));
#5176=DIRECTION('ref_axis',(0.,1.,0.));
#5177=DIRECTION('',(7.105427357601E-15,1.,0.));
#5178=DIRECTION('',(3.60822483003159E-16,0.,1.));
#5179=DIRECTION('',(-7.23401373525762E-15,-1.,0.));
#5180=DIRECTION('center_axis',(-1.,7.23401373525762E-15,3.60822483003159E-16));
#5181=DIRECTION('ref_axis',(5.38317414405866E-15,0.707106781186548,-0.707106781186548));
#5182=DIRECTION('',(-7.105427357601E-15,-1.,0.));
#5183=DIRECTION('center_axis',(-1.,7.23401373525762E-15,3.60822483003159E-16));
#5184=DIRECTION('ref_axis',(-5.38317414405866E-15,-0.707106781186548,-0.707106781186548));
#5185=DIRECTION('center_axis',(3.60822483003159E-16,0.,1.));
#5186=DIRECTION('ref_axis',(0.707106781186549,0.707106781186546,0.));
#5187=DIRECTION('center_axis',(0.,0.,1.));
#5188=DIRECTION('ref_axis',(0.707106781186549,0.707106781186546,0.));
#5189=DIRECTION('',(-3.60822483003159E-16,0.,-1.));
#5190=DIRECTION('center_axis',(-7.23401373525762E-15,-1.,0.));
#5191=DIRECTION('ref_axis',(0.707106781186547,-5.1119289352495E-15,0.707106781186548));
#5192=DIRECTION('center_axis',(0.,1.,0.));
#5193=DIRECTION('ref_axis',(0.707106781186547,-5.1119289352495E-15,0.707106781186548));
#5194=DIRECTION('',(7.23401373525762E-15,1.,0.));
#5195=DIRECTION('center_axis',(-7.23401373525762E-15,-1.,0.));
#5196=DIRECTION('ref_axis',(0.707106781186547,-5.1119289352495E-15,0.707106781186548));
#5197=DIRECTION('center_axis',(0.,-1.,0.));
#5198=DIRECTION('ref_axis',(0.707106781186547,-5.1119289352495E-15,0.707106781186548));
#5199=DIRECTION('',(7.23401373525762E-15,1.,0.));
#5200=DIRECTION('center_axis',(0.,0.,-1.));
#5201=DIRECTION('ref_axis',(-1.,0.,0.));
#5202=DIRECTION('',(-1.,0.,0.));
#5203=DIRECTION('',(0.,1.,0.));
#5204=DIRECTION('',(-1.,7.105427357601E-15,-5.47382212626882E-48));
#5205=DIRECTION('center_axis',(-1.,0.,0.));
#5206=DIRECTION('ref_axis',(0.,1.,0.));
#5207=DIRECTION('',(-1.,0.,0.));
#5208=DIRECTION('center_axis',(-1.,7.23401373525762E-15,3.60822483003159E-16));
#5209=DIRECTION('ref_axis',(0.,1.,0.));
#5210=DIRECTION('',(1.,0.,0.));
#5211=DIRECTION('center_axis',(0.,0.,1.));
#5212=DIRECTION('ref_axis',(1.,0.,0.));
#5213=DIRECTION('',(7.23401373525762E-15,1.,0.));
#5214=DIRECTION('',(1.,0.,-2.96059473233375E-16));
#5215=DIRECTION('center_axis',(1.,0.,0.));
#5216=DIRECTION('ref_axis',(0.,1.,0.));
#5217=DIRECTION('',(0.,-1.,-2.99008031288975E-30));
#5218=DIRECTION('center_axis',(-1.,0.,0.));
#5219=DIRECTION('ref_axis',(0.,1.,0.));
#5220=DIRECTION('',(0.,-0.999999739290103,0.000722093987119995));
#5221=DIRECTION('center_axis',(-1.,0.,0.));
#5222=DIRECTION('ref_axis',(0.,1.,0.));
#5223=DIRECTION('center_axis',(-1.,-2.58885628186142E-31,4.38256058456117E-32));
#5224=DIRECTION('ref_axis',(0.,1.,0.));
#5225=DIRECTION('',(-1.,0.,0.));
#5226=DIRECTION('center_axis',(1.,1.3168098395506E-32,8.90466640206837E-32));
#5227=DIRECTION('ref_axis',(0.,1.,0.));
#5228=DIRECTION('',(1.,0.,0.));
#5229=DIRECTION('',(-1.,0.,0.));
#5230=DIRECTION('center_axis',(1.,1.3168098395506E-32,8.90466640206837E-32));
#5231=DIRECTION('ref_axis',(0.,1.,0.));
#5232=DIRECTION('center_axis',(1.,4.97237413401554E-94,5.64156594109068E-156));
#5233=DIRECTION('ref_axis',(-4.97237413401554E-94,1.,0.));
#5234=DIRECTION('center_axis',(1.,4.97237413401554E-94,5.64156594109068E-156));
#5235=DIRECTION('ref_axis',(4.15157849867152E-16,0.000722093987120065,0.999999739290103));
#5236=DIRECTION('center_axis',(-1.,0.,0.));
#5237=DIRECTION('ref_axis',(0.,1.,0.));
#5238=DIRECTION('center_axis',(-1.,0.,0.));
#5239=DIRECTION('ref_axis',(0.,1.,0.));
#5240=DIRECTION('center_axis',(-1.,0.,0.));
#5241=DIRECTION('ref_axis',(0.,1.,0.));
#5242=DIRECTION('center_axis',(-1.,-2.58885628186142E-31,4.38256058456117E-32));
#5243=DIRECTION('ref_axis',(0.,1.,0.));
#5244=DIRECTION('',(-1.,0.,0.));
#5245=DIRECTION('',(-1.,0.,0.));
#5246=DIRECTION('center_axis',(1.,1.3168098395506E-32,8.90466640206837E-32));
#5247=DIRECTION('ref_axis',(0.,1.,0.));
#5248=DIRECTION('',(1.,0.,0.));
#5249=DIRECTION('center_axis',(1.,4.97237413401554E-94,-5.47382212626881E-48));
#5250=DIRECTION('ref_axis',(-4.97237413401554E-94,1.,0.));
#5251=DIRECTION('',(5.47382212626881E-48,-9.86864910777917E-17,1.));
#5252=DIRECTION('center_axis',(-1.,0.,0.));
#5253=DIRECTION('ref_axis',(0.,1.,0.));
#5254=DIRECTION('center_axis',(-1.,0.,0.));
#5255=DIRECTION('ref_axis',(0.,1.,0.));
#5256=DIRECTION('center_axis',(-1.,-2.58885628186142E-31,4.38256058456117E-32));
#5257=DIRECTION('ref_axis',(0.,1.,0.));
#5258=DIRECTION('',(-1.,0.,0.));
#5259=DIRECTION('center_axis',(1.,1.3168098395506E-32,8.90466640206837E-32));
#5260=DIRECTION('ref_axis',(0.,1.,0.));
#5261=DIRECTION('',(1.,0.,0.));
#5262=DIRECTION('',(-1.,0.,0.));
#5263=DIRECTION('center_axis',(1.,1.3168098395506E-32,8.90466640206837E-32));
#5264=DIRECTION('ref_axis',(0.,1.,0.));
#5265=DIRECTION('center_axis',(-1.,0.,0.));
#5266=DIRECTION('ref_axis',(0.,1.,0.));
#5267=DIRECTION('center_axis',(-1.,-2.58885628186142E-31,4.38256058456117E-32));
#5268=DIRECTION('ref_axis',(0.,1.,0.));
#5269=DIRECTION('',(-1.,0.,0.));
#5270=DIRECTION('center_axis',(-1.,0.,0.));
#5271=DIRECTION('ref_axis',(0.,1.,0.));
#5272=DIRECTION('',(-1.,0.,0.));
#5273=DIRECTION('center_axis',(1.,1.3168098395506E-32,8.90466640206837E-32));
#5274=DIRECTION('ref_axis',(0.,1.,0.));
#5275=DIRECTION('',(1.,0.,0.));
#5276=DIRECTION('center_axis',(-1.,0.,0.));
#5277=DIRECTION('ref_axis',(0.,1.,0.));
#5278=DIRECTION('center_axis',(1.,4.97237413401554E-94,-5.47382212626882E-48));
#5279=DIRECTION('ref_axis',(-4.97237413401554E-94,1.,0.));
#5280=DIRECTION('',(-5.47382069918921E-48,-0.000722093987120075,-0.999999739290103));
#5281=DIRECTION('center_axis',(1.,4.97237413401554E-94,5.64156594109068E-156));
#5282=DIRECTION('ref_axis',(-4.97237413401554E-94,1.,0.));
#5283=DIRECTION('center_axis',(1.,4.97237413401554E-94,5.64156594109068E-156));
#5284=DIRECTION('ref_axis',(7.24207019140102E-15,1.,2.13493322946965E-32));
#5285=DIRECTION('center_axis',(-1.,0.,0.));
#5286=DIRECTION('ref_axis',(0.,1.,0.));
#5287=DIRECTION('center_axis',(-1.,0.,0.));
#5288=DIRECTION('ref_axis',(0.,1.,0.));
#5289=DIRECTION('center_axis',(-1.,-2.58885628186142E-31,4.38256058456117E-32));
#5290=DIRECTION('ref_axis',(0.,1.,0.));
#5291=DIRECTION('',(-1.,0.,0.));
#5292=DIRECTION('center_axis',(1.,1.3168098395506E-32,8.90466640206837E-32));
#5293=DIRECTION('ref_axis',(0.,1.,0.));
#5294=DIRECTION('',(1.,0.,0.));
#5295=DIRECTION('',(-1.,0.,0.));
#5296=DIRECTION('center_axis',(1.,1.3168098395506E-32,8.90466640206837E-32));
#5297=DIRECTION('ref_axis',(0.,1.,0.));
#5298=DIRECTION('center_axis',(-4.15157849867152E-16,-0.000722093987119995,
-0.999999739290103));
#5299=DIRECTION('ref_axis',(-7.23375130153325E-15,-0.999999739290103,0.000722093987119995));
#5300=DIRECTION('',(1.310379490179E-32,-0.999999739290103,0.000722093987119995));
#5301=DIRECTION('',(-1.,7.24207019140102E-15,4.09928501400058E-16));
#5302=DIRECTION('',(-7.23375130153325E-15,-0.999999739290103,0.000722093987119995));
#5303=DIRECTION('',(-1.,7.24207019140102E-15,4.09928501400058E-16));
#5304=DIRECTION('center_axis',(-1.,7.24207019140102E-15,4.09928501400058E-16));
#5305=DIRECTION('ref_axis',(4.15157849867152E-16,0.000722093987120065,0.999999739290103));
#5306=DIRECTION('center_axis',(1.,1.3168098395506E-32,8.90466640206837E-32));
#5307=DIRECTION('ref_axis',(4.15157849867152E-16,0.000722093987120065,0.999999739290103));
#5308=DIRECTION('',(-1.,7.24207019140102E-15,4.09928501400058E-16));
#5309=DIRECTION('center_axis',(1.,-7.23401373525762E-15,-3.60822483003159E-16));
#5310=DIRECTION('ref_axis',(4.15157849867152E-16,0.000722093987120065,0.999999739290103));
#5311=DIRECTION('center_axis',(1.,1.3168098395506E-32,8.90466640206837E-32));
#5312=DIRECTION('ref_axis',(4.15157849867152E-16,0.000722093987120065,0.999999739290103));
#5313=DIRECTION('center_axis',(-1.,-7.45977436632405E-35,-1.03305106381693E-31));
#5314=DIRECTION('ref_axis',(-1.03305133315612E-31,0.000722110714821244,
0.999999739278024));
#5315=DIRECTION('',(-1.,7.24207019140102E-15,4.09928501400058E-16));
#5316=DIRECTION('center_axis',(1.,-6.05091869916556E-46,0.));
#5317=DIRECTION('ref_axis',(4.15157849867152E-16,0.000722093987120065,0.999999739290103));
#5318=DIRECTION('',(-1.,7.24207019140102E-15,4.09928501400058E-16));
#5319=DIRECTION('center_axis',(-7.24207019140102E-15,-1.,-9.86864910777917E-17));
#5320=DIRECTION('ref_axis',(3.60822483003158E-16,-9.86864910777943E-17,
1.));
#5321=DIRECTION('',(-8.90466640206837E-32,-9.86864910777917E-17,1.));
#5322=DIRECTION('',(-1.,7.24207019140102E-15,4.09928501400058E-16));
#5323=DIRECTION('',(3.60822483003158E-16,-9.86864910777943E-17,1.));
#5324=DIRECTION('',(-1.,7.24207019140102E-15,4.09928501400058E-16));
#5325=DIRECTION('',(-1.,7.24207019140102E-15,4.09928501400058E-16));
#5326=DIRECTION('',(1.,0.,0.));
#5327=DIRECTION('',(-8.90466640206837E-32,-9.86864910777917E-17,1.));
#5328=DIRECTION('center_axis',(-1.,7.24207019140102E-15,4.09928501400058E-16));
#5329=DIRECTION('ref_axis',(7.24207019140102E-15,1.,2.13493322946965E-32));
#5330=DIRECTION('center_axis',(1.,1.3168098395506E-32,8.90466640206837E-32));
#5331=DIRECTION('ref_axis',(7.24207019140102E-15,1.,2.13493322946965E-32));
#5332=DIRECTION('',(-1.,7.24207019140102E-15,4.09928501400058E-16));
#5333=DIRECTION('center_axis',(1.,-7.23401373525762E-15,-3.60822483003159E-16));
#5334=DIRECTION('ref_axis',(7.24207019140102E-15,1.,2.13493322946965E-32));
#5335=DIRECTION('center_axis',(1.,1.3168098395506E-32,8.90466640206837E-32));
#5336=DIRECTION('ref_axis',(7.24207019140102E-15,1.,2.13493322946965E-32));
#5337=DIRECTION('',(1.,-7.24207019140102E-15,-4.09928501400058E-16));
#5338=DIRECTION('center_axis',(1.,-6.05091869916556E-46,0.));
#5339=DIRECTION('ref_axis',(7.24207019140102E-15,1.,2.13493322946965E-32));
#5340=DIRECTION('',(1.,-7.24207019140102E-15,-4.09928501400058E-16));
#5341=DIRECTION('center_axis',(-1.,-7.88860905221013E-32,2.24207754291971E-46));
#5342=DIRECTION('ref_axis',(-7.88860905221013E-32,1.,-2.84217094304041E-15));
#5343=DIRECTION('center_axis',(-1.,-2.58885628186142E-31,4.38256058456117E-32));
#5344=DIRECTION('ref_axis',(4.38256058456117E-32,0.,1.));
#5345=DIRECTION('',(-2.58917206898559E-31,0.999999739290103,-0.000722093987119995));
#5346=DIRECTION('center_axis',(-1.,-2.58885628186142E-31,4.38256058456117E-32));
#5347=DIRECTION('ref_axis',(4.15157849867152E-16,0.000722093987120053,0.999999739290103));
#5348=DIRECTION('',(4.36386546643775E-32,0.000722093987120075,0.999999739290103));
#5349=DIRECTION('',(4.36386546643775E-32,0.000722093987120075,0.999999739290103));
#5350=DIRECTION('',(4.38256058503065E-32,-1.8134672871789E-11,1.));
#5351=DIRECTION('center_axis',(-1.,-2.58885628186142E-31,4.38256058456117E-32));
#5352=DIRECTION('ref_axis',(0.,1.,0.));
#5353=DIRECTION('',(-4.38256058456117E-32,2.17449527782886E-32,-1.));
#5354=DIRECTION('center_axis',(-1.,-2.58885628186142E-31,4.38256058456117E-32));
#5355=DIRECTION('ref_axis',(7.24207019140102E-15,1.,2.13493322946964E-32));
#5356=DIRECTION('',(-2.58885628186142E-31,1.,2.99008031288975E-30));
#5357=DIRECTION('',(-2.58885628186142E-31,1.,-4.0025330119325E-16));
#5358=DIRECTION('',(-4.38362880866546E-32,4.12625390848502E-5,-0.999999999148701));
#5359=DIRECTION('',(-4.36386546643775E-32,-0.000722093987120075,-0.999999739290103));
#5360=DIRECTION('center_axis',(1.,2.58885628186142E-31,-4.38256058456117E-32));
#5361=DIRECTION('ref_axis',(0.,1.,0.));
#5362=DIRECTION('',(-4.36386546643773E-32,-0.000722093987120732,-0.999999739290103));
#5363=DIRECTION('center_axis',(1.,2.58885628186142E-31,-4.38256058456117E-32));
#5364=DIRECTION('ref_axis',(0.,0.000722141033779709,0.99999973925613));
#5365=DIRECTION('',(2.58917202336217E-31,-0.999999739365591,0.000721989438987557));
#5366=DIRECTION('',(2.58885628186142E-31,-1.,-1.78079327910492E-15));
#5367=DIRECTION('center_axis',(1.,2.58885628186142E-31,-4.38256058456117E-32));
#5368=DIRECTION('ref_axis',(0.,1.,-7.10542735760102E-15));
#5369=DIRECTION('',(4.38256055925031E-32,9.77685260024759E-10,1.));
#5370=DIRECTION('center_axis',(1.,2.58885628186142E-31,-4.38256058456117E-32));
#5371=DIRECTION('ref_axis',(0.,1.,0.));
#5372=DIRECTION('center_axis',(-1.,0.,0.));
#5373=DIRECTION('ref_axis',(0.,1.,0.));
#5374=DIRECTION('',(1.,0.,0.));
#5375=DIRECTION('center_axis',(1.,0.,0.));
#5376=DIRECTION('ref_axis',(0.,1.,0.));
#5377=DIRECTION('',(1.,0.,0.));
#5378=DIRECTION('center_axis',(7.24177229641564E-15,0.999999739290103,-0.000722093987120075));
#5379=DIRECTION('ref_axis',(-3.6604602675414E-16,-0.000722093987120075,
-0.999999739290103));
#5380=DIRECTION('',(8.90561494100103E-32,-0.000722093987120075,-0.999999739290103));
#5381=DIRECTION('',(1.,0.,0.));
#5382=DIRECTION('',(-1.,7.24207019140102E-15,4.09928501400058E-16));
#5383=DIRECTION('',(-1.,7.24207019140102E-15,4.09928501400058E-16));
#5384=DIRECTION('',(-3.6604602675414E-16,-0.000722093987120075,-0.999999739290103));
#5385=DIRECTION('',(8.90561494100103E-32,-0.000722093987120075,-0.999999739290103));
#5386=DIRECTION('center_axis',(0.,0.999999999148701,4.12625390848502E-5));
#5387=DIRECTION('ref_axis',(-1.12457499253276E-11,-4.12625390848502E-5,
0.999999999148701));
#5388=DIRECTION('',(1.,0.,0.));
#5389=DIRECTION('',(-1.12457499253276E-11,-4.12625390848502E-5,0.999999999148701));
#5390=DIRECTION('',(1.,0.,0.));
#5391=DIRECTION('',(1.,0.,0.));
#5392=DIRECTION('',(1.,0.,0.));
#5393=DIRECTION('center_axis',(0.,4.0025330119325E-16,1.));
#5394=DIRECTION('ref_axis',(0.,1.,-4.0025330119325E-16));
#5395=DIRECTION('',(1.,0.,0.));
#5396=DIRECTION('',(0.,1.,-4.0025330119325E-16));
#5397=DIRECTION('',(0.,1.,-4.0025330119325E-16));
#5398=DIRECTION('',(1.,0.,0.));
#5399=DIRECTION('center_axis',(1.,0.,0.));
#5400=DIRECTION('ref_axis',(0.,1.,0.));
#5401=DIRECTION('',(1.,0.,0.));
#5402=DIRECTION('center_axis',(1.,0.,0.));
#5403=DIRECTION('ref_axis',(0.,1.,0.));
#5404=DIRECTION('center_axis',(1.,0.,0.));
#5405=DIRECTION('ref_axis',(0.,1.,0.));
#5406=DIRECTION('',(1.,0.,0.));
#5407=DIRECTION('center_axis',(0.,-1.,-1.8134672871789E-11));
#5408=DIRECTION('ref_axis',(1.13538821458157E-11,1.8134672871789E-11,-1.));
#5409=DIRECTION('',(1.,0.,0.));
#5410=DIRECTION('',(-1.13538821458157E-11,-1.8134672871789E-11,1.));
#5411=DIRECTION('center_axis',(-7.24177229641564E-15,-0.999999739290103,
0.000722093987120075));
#5412=DIRECTION('ref_axis',(3.6604602675414E-16,0.000722093987120075,0.999999739290103));
#5413=DIRECTION('',(1.,0.,0.));
#5414=DIRECTION('',(3.6604602675414E-16,0.000722093987120075,0.999999739290103));
#5415=DIRECTION('',(3.6604602675414E-16,0.000722093987120075,0.999999739290103));
#5416=DIRECTION('',(-1.,7.24207019140102E-15,4.09928501400058E-16));
#5417=DIRECTION('',(0.,0.000722093987120075,0.999999739290103));
#5418=DIRECTION('',(1.,-7.24177040841392E-15,5.22924023135518E-18));
#5419=DIRECTION('',(0.,-0.000722093987120075,-0.999999739290103));
#5420=DIRECTION('',(1.,-7.24177040841392E-15,5.22924023135518E-18));
#5421=DIRECTION('',(0.,0.000722093987120075,0.999999739290103));
#5422=DIRECTION('',(1.,-7.24177040841392E-15,5.22924023135518E-18));
#5423=DIRECTION('',(0.,-0.000722093987120075,-0.999999739290103));
#5424=DIRECTION('',(-1.,7.24207019140102E-15,4.09928501400058E-16));
#5425=DIRECTION('',(0.,0.000722093987120075,0.999999739290103));
#5426=DIRECTION('',(1.,-7.24177040841392E-15,5.22924023135518E-18));
#5427=DIRECTION('',(0.538515072154175,-0.000608447858618989,-0.842615657849999));
#5428=DIRECTION('',(-1.,7.24207019140102E-15,4.09928501400058E-16));
#5429=DIRECTION('',(0.,0.000722093987120075,0.999999739290103));
#5430=DIRECTION('',(1.,-7.24177040841392E-15,5.22924023135518E-18));
#5431=DIRECTION('',(0.,-0.000722093987120075,-0.999999739290103));
#5432=DIRECTION('',(1.,-7.24177040841392E-15,5.22924023135518E-18));
#5433=DIRECTION('',(0.,-0.000722093987120075,-0.999999739290103));
#5434=DIRECTION('',(-1.,7.24207019140102E-15,4.09928501400058E-16));
#5435=DIRECTION('',(-1.,7.24207019140102E-15,4.09928501400058E-16));
#5436=DIRECTION('center_axis',(0.,-1.,9.77685260024759E-10));
#5437=DIRECTION('ref_axis',(-4.38271882133054E-32,9.77685260024759E-10,
1.));
#5438=DIRECTION('',(1.,0.,0.));
#5439=DIRECTION('',(-4.38271882133054E-32,9.77685260024759E-10,1.));
#5440=DIRECTION('',(1.,0.,0.));
#5441=DIRECTION('center_axis',(-1.,0.,0.));
#5442=DIRECTION('ref_axis',(0.,1.,-7.10542735760102E-15));
#5443=DIRECTION('',(-1.,0.,0.));
#5444=DIRECTION('center_axis',(1.,9.86076131526266E-32,-7.00649232162411E-46));
#5445=DIRECTION('ref_axis',(-9.86076131526266E-32,1.,-7.10542735760102E-15));
#5446=DIRECTION('center_axis',(0.,1.78079327910492E-15,-1.));
#5447=DIRECTION('ref_axis',(8.79544510962859E-32,-1.,-1.78079327910492E-15));
#5448=DIRECTION('',(1.,0.,0.));
#5449=DIRECTION('',(8.79544510962859E-32,-1.,-1.78079327910492E-15));
#5450=DIRECTION('center_axis',(0.,-0.000721989438987557,-0.999999739365591));
#5451=DIRECTION('ref_axis',(-2.58917202336217E-31,-0.999999739365591,0.000721989438987557));
#5452=DIRECTION('',(1.,0.,0.));
#5453=DIRECTION('',(-2.58917202336217E-31,-0.999999739365591,0.000721989438987557));
#5454=DIRECTION('center_axis',(-1.,0.,0.));
#5455=DIRECTION('ref_axis',(0.,0.000722141033779709,0.99999973925613));
#5456=DIRECTION('',(1.,0.,0.));
#5457=DIRECTION('center_axis',(1.,9.3251094709108E-35,1.29131382974289E-31));
#5458=DIRECTION('ref_axis',(-1.29131416644515E-31,0.000722141033779709,
0.99999973925613));
#5459=DIRECTION('center_axis',(0.,0.999999739290103,-0.000722093987120732));
#5460=DIRECTION('ref_axis',(-5.8257317597855E-33,-0.000722093987120732,
-0.999999739290103));
#5461=DIRECTION('',(-5.8257317597855E-33,-0.000722093987120732,-0.999999739290103));
#5462=DIRECTION('center_axis',(4.09928501400058E-16,-2.99008031288975E-30,
1.));
#5463=DIRECTION('ref_axis',(7.23401373525762E-15,1.,2.46519032881566E-32));
#5464=DIRECTION('',(-1.,0.,0.));
#5465=DIRECTION('',(9.51826928312914E-31,1.,-1.78137348440663E-15));
#5466=DIRECTION('',(-1.,0.,0.));
#5467=DIRECTION('',(-1.,7.24207019140102E-15,4.09928501400058E-16));
#5468=DIRECTION('center_axis',(-1.,7.24207019140102E-15,4.09928501400058E-16));
#5469=DIRECTION('ref_axis',(7.24207019140102E-15,1.,2.13493322946964E-32));
#5470=DIRECTION('',(1.,0.,0.));
#5471=DIRECTION('',(-1.,0.,0.));
#5472=DIRECTION('center_axis',(-1.,5.64435877283228E-31,2.21017063962782E-31));
#5473=DIRECTION('ref_axis',(2.21017063962773E-31,-1.55431223447522E-14,
1.));
#5474=DIRECTION('center_axis',(7.24207019140102E-15,1.,2.17449527782883E-32));
#5475=DIRECTION('ref_axis',(-3.60822483003159E-16,2.63484670132277E-30,
-1.));
#5476=DIRECTION('',(-1.,7.24207019140102E-15,4.09928501400058E-16));
#5477=DIRECTION('',(-3.60822483003159E-16,2.63484670132277E-30,-1.));
#5478=DIRECTION('',(-3.60822483003159E-16,2.63484670132277E-30,-1.));
#5479=DIRECTION('',(1.,0.,0.));
#5480=DIRECTION('',(1.,0.,0.));
#5481=DIRECTION('center_axis',(-1.,0.,0.));
#5482=DIRECTION('ref_axis',(0.,1.,0.));
#5483=DIRECTION('center_axis',(1.,0.,0.));
#5484=DIRECTION('ref_axis',(0.,1.,0.));
#5485=DIRECTION('center_axis',(-1.,0.,0.));
#5486=DIRECTION('ref_axis',(0.,1.,0.));
#5487=DIRECTION('center_axis',(1.,0.,0.));
#5488=DIRECTION('ref_axis',(0.,1.,0.));
#5489=DIRECTION('center_axis',(-1.,0.,0.));
#5490=DIRECTION('ref_axis',(0.,-0.794357113846026,-0.607451047971943));
#5491=DIRECTION('center_axis',(1.,0.,0.));
#5492=DIRECTION('ref_axis',(0.,1.,0.));
#5493=DIRECTION('center_axis',(-1.,0.,0.));
#5494=DIRECTION('ref_axis',(0.,1.,0.));
#5495=DIRECTION('center_axis',(1.,0.,0.));
#5496=DIRECTION('ref_axis',(0.,1.,0.));
#5497=DIRECTION('center_axis',(1.,1.3168098395506E-32,8.90466640206837E-32));
#5498=DIRECTION('ref_axis',(-1.3168098395506E-32,1.,0.));
#5499=DIRECTION('center_axis',(1.,1.3168098395506E-32,8.90466640206837E-32));
#5500=DIRECTION('ref_axis',(-1.3168098395506E-32,1.,0.));
#5501=DIRECTION('',(1.3168098395506E-32,-1.,-2.99008031288975E-30));
#5502=DIRECTION('center_axis',(1.,1.3168098395506E-32,8.90466640206837E-32));
#5503=DIRECTION('ref_axis',(-1.3168098395506E-32,1.,0.));
#5504=DIRECTION('',(-8.35007723428348E-32,-0.233777914135259,0.972290021990644));
#5505=DIRECTION('center_axis',(-1.,0.,0.));
#5506=DIRECTION('ref_axis',(0.,-0.999999934822523,-0.000361047017096562));
#5507=DIRECTION('center_axis',(-1.,-3.16462064665461E-35,-1.1425769197345E-38));
#5508=DIRECTION('ref_axis',(3.16462085291661E-35,-0.999999934822523,-0.000361047017096562));
#5509=DIRECTION('center_axis',(1.,1.3168098395506E-32,8.90466640206837E-32));
#5510=DIRECTION('ref_axis',(-1.3168098395506E-32,1.,0.));
#5511=DIRECTION('',(0.,0.,1.));
#5512=DIRECTION('center_axis',(4.15157849867152E-16,0.000722093987119995,
0.999999739290103));
#5513=DIRECTION('ref_axis',(7.23375130153325E-15,0.999999739290103,-0.000722093987119995));
#5514=DIRECTION('',(7.23375130153325E-15,0.999999739290103,-0.000722093987119995));
#5515=DIRECTION('',(-1.,7.24207019140102E-15,4.09928501400058E-16));
#5516=DIRECTION('center_axis',(0.,0.,1.));
#5517=DIRECTION('ref_axis',(-1.,0.,0.));
#5518=DIRECTION('center_axis',(0.,0.,1.));
#5519=DIRECTION('ref_axis',(-1.,0.,0.));
#5520=DIRECTION('',(-0.880401062519049,0.114014326872076,-0.460320217221922));
#5521=DIRECTION('',(-0.880401062519049,0.114014326872076,-0.460320217221922));
#5522=DIRECTION('center_axis',(-7.30710551341568E-16,0.972290021990644,
0.233777914135259));
#5523=DIRECTION('ref_axis',(0.,-0.233777914135259,0.972290021990644));
#5524=DIRECTION('',(-1.34032854192048E-15,-0.233777914135259,0.972290021990644));
#5525=DIRECTION('',(1.,7.51535585900109E-16,0.));
#5526=DIRECTION('',(-0.880731084156845,0.110721119013443,-0.460492769980506));
#5527=DIRECTION('',(-0.880731084156845,0.110721119013443,-0.460492769980506));
#5528=DIRECTION('center_axis',(-4.09928501400058E-16,2.99008031288975E-30,
-1.));
#5529=DIRECTION('ref_axis',(-7.23401373525762E-15,-1.,-2.46519032881566E-32));
#5530=DIRECTION('',(-7.23401373525762E-15,-1.,-2.46519032881566E-32));
#5531=DIRECTION('center_axis',(-1.,0.,0.));
#5532=DIRECTION('ref_axis',(0.,-1.,0.));
#5533=DIRECTION('',(0.,0.500000000000002,-0.866025403784438));
#5534=DIRECTION('',(0.,-0.500000000000001,-0.866025403784438));
#5535=DIRECTION('',(0.,-1.,0.));
#5536=DIRECTION('',(0.,-0.5,0.866025403784439));
#5537=DIRECTION('',(0.,0.5,0.866025403784439));
#5538=DIRECTION('',(0.,1.,0.));
#5539=DIRECTION('center_axis',(1.,0.,0.));
#5540=DIRECTION('ref_axis',(7.24862467776584E-15,1.,7.36059905459924E-33));
#5541=DIRECTION('center_axis',(0.,0.866025403784439,0.5));
#5542=DIRECTION('ref_axis',(0.,-0.5,0.866025403784439));
#5543=DIRECTION('',(1.,0.,0.));
#5544=DIRECTION('',(-3.3045254310915E-15,-0.5,0.866025403784439));
#5545=DIRECTION('',(1.,0.,0.));
#5546=DIRECTION('center_axis',(0.,0.,1.));
#5547=DIRECTION('ref_axis',(0.,-1.,0.));
#5548=DIRECTION('',(1.,0.,0.));
#5549=DIRECTION('',(-7.23401373525762E-15,-1.,0.));
#5550=DIRECTION('center_axis',(0.,-0.866025403784438,0.500000000000001));
#5551=DIRECTION('ref_axis',(0.,-0.500000000000001,-0.866025403784438));
#5552=DIRECTION('',(-1.,7.21644966006351E-15,0.));
#5553=DIRECTION('',(-3.92948830416613E-15,-0.500000000000001,-0.866025403784438));
#5554=DIRECTION('center_axis',(-1.,0.,0.));
#5555=DIRECTION('ref_axis',(0.,-1.,0.));
#5556=DIRECTION('',(0.,-0.500000000000002,0.866025403784437));
#5557=DIRECTION('',(0.,0.500000000000001,0.866025403784438));
#5558=DIRECTION('',(0.,1.,0.));
#5559=DIRECTION('',(0.,0.5,-0.866025403784439));
#5560=DIRECTION('',(0.,-0.5,-0.866025403784439));
#5561=DIRECTION('',(0.,-1.,0.));
#5562=DIRECTION('center_axis',(1.,0.,0.));
#5563=DIRECTION('ref_axis',(7.24862467776584E-15,1.,7.36059905459765E-33));
#5564=DIRECTION('center_axis',(0.,-0.866025403784439,-0.5));
#5565=DIRECTION('ref_axis',(0.,0.5,-0.866025403784439));
#5566=DIRECTION('',(1.,0.,0.));
#5567=DIRECTION('',(3.3045254310915E-15,0.5,-0.866025403784439));
#5568=DIRECTION('',(1.,0.,0.));
#5569=DIRECTION('center_axis',(0.,0.,-1.));
#5570=DIRECTION('ref_axis',(0.,1.,0.));
#5571=DIRECTION('',(1.,0.,0.));
#5572=DIRECTION('',(7.23401373525762E-15,1.,0.));
#5573=DIRECTION('center_axis',(0.,0.866025403784438,-0.500000000000001));
#5574=DIRECTION('ref_axis',(0.,0.500000000000001,0.866025403784438));
#5575=DIRECTION('',(-1.,7.21644966006351E-15,0.));
#5576=DIRECTION('',(3.92948830416613E-15,0.500000000000001,0.866025403784438));
#5577=DIRECTION('center_axis',(-1.,7.21644966006351E-15,0.));
#5578=DIRECTION('ref_axis',(0.,0.,1.));
#5579=DIRECTION('',(0.,0.,-1.));
#5580=DIRECTION('',(-7.21644966006351E-15,-1.,0.));
#5581=DIRECTION('',(0.,0.,1.));
#5582=DIRECTION('',(4.97237413401554E-94,-1.,-8.33304077050008E-30));
#5583=DIRECTION('',(3.30452543109151E-15,0.500000000000002,-0.866025403784438));
#5584=DIRECTION('',(7.23401373525762E-15,1.,0.));
#5585=DIRECTION('',(3.92948830416612E-15,0.5,0.866025403784439));
#5586=DIRECTION('',(-3.30452543109151E-15,-0.500000000000002,0.866025403784437));
#5587=DIRECTION('',(-7.23401373525762E-15,-1.,0.));
#5588=DIRECTION('',(-3.92948830416612E-15,-0.5,-0.866025403784439));
#5589=DIRECTION('center_axis',(0.,1.,0.));
#5590=DIRECTION('ref_axis',(1.,0.,0.));
#5591=DIRECTION('',(1.,0.,0.));
#5592=DIRECTION('',(0.,0.,-1.));
#5593=DIRECTION('',(-1.,0.,0.));
#5594=DIRECTION('',(-1.,0.,1.18344892698218E-15));
#5595=DIRECTION('',(-3.60822483003159E-16,0.,-1.));
#5596=DIRECTION('',(-1.,0.,2.96059473233375E-16));
#5597=DIRECTION('center_axis',(0.,0.,-1.));
#5598=DIRECTION('ref_axis',(-1.,0.,0.));
#5599=DIRECTION('',(1.,-7.105427357601E-15,5.47382212626882E-48));
#5600=DIRECTION('',(0.,1.,0.));
#5601=DIRECTION('center_axis',(0.,-0.866025403784439,0.5));
#5602=DIRECTION('ref_axis',(0.,-0.5,-0.866025403784439));
#5603=DIRECTION('',(-1.,7.21644966006351E-15,0.));
#5604=DIRECTION('center_axis',(0.,0.,1.));
#5605=DIRECTION('ref_axis',(0.,-1.,0.));
#5606=DIRECTION('',(-1.,7.21644966006351E-15,0.));
#5607=DIRECTION('center_axis',(0.,0.866025403784437,0.500000000000002));
#5608=DIRECTION('ref_axis',(0.,-0.500000000000002,0.866025403784437));
#5609=DIRECTION('center_axis',(0.,0.866025403784439,-0.5));
#5610=DIRECTION('ref_axis',(0.,0.5,0.866025403784439));
#5611=DIRECTION('',(-1.,7.21644966006351E-15,0.));
#5612=DIRECTION('center_axis',(0.,0.,-1.));
#5613=DIRECTION('ref_axis',(0.,1.,0.));
#5614=DIRECTION('',(-1.,7.21644966006351E-15,0.));
#5615=DIRECTION('center_axis',(0.,-0.866025403784438,-0.500000000000002));
#5616=DIRECTION('ref_axis',(0.,0.500000000000002,-0.866025403784438));
#5617=DIRECTION('center_axis',(1.,-7.23401373525762E-15,-3.60822483003159E-16));
#5618=DIRECTION('ref_axis',(7.23401373525762E-15,1.,2.46519032881556E-32));
#5619=DIRECTION('',(3.60822483003159E-16,-2.56379794196817E-30,1.));
#5620=DIRECTION('center_axis',(-1.,7.23401373525762E-15,3.60822483003159E-16));
#5621=DIRECTION('ref_axis',(-5.38317414405866E-15,-0.707106781186548,-0.707106781186548));
#5622=DIRECTION('',(-7.23401373525762E-15,-1.,-2.46519032881566E-32));
#5623=DIRECTION('center_axis',(-1.,7.23401373525762E-15,3.60822483003159E-16));
#5624=DIRECTION('ref_axis',(5.38317414405866E-15,0.707106781186548,-0.707106781186548));
#5625=DIRECTION('',(-3.60822483003159E-16,2.56379794196817E-30,-1.));
#5626=DIRECTION('center_axis',(1.,-7.23401373525762E-15,-3.60822483003159E-16));
#5627=DIRECTION('ref_axis',(-4.66877632588094E-15,-0.475594865605674,0.879664438186244));
#5628=DIRECTION('',(7.23401373525762E-15,1.,0.));
#5629=DIRECTION('center_axis',(1.,-7.23401373525762E-15,-3.60822483003159E-16));
#5630=DIRECTION('ref_axis',(0.,0.474780730429995,0.880104117711286));
#5631=DIRECTION('',(7.23401373525762E-15,1.,0.));
#5632=DIRECTION('',(-7.23401373525762E-15,-1.,2.28045022264899E-31));
#5633=DIRECTION('',(3.60822483003159E-16,0.,1.));
#5634=DIRECTION('center_axis',(1.,-7.23401373525762E-15,-3.60822483003159E-16));
#5635=DIRECTION('ref_axis',(7.24862467776584E-15,1.,7.36059905459765E-33));
#5636=DIRECTION('center_axis',(1.,-7.23401373525762E-15,-3.60822483003159E-16));
#5637=DIRECTION('ref_axis',(7.24862467776584E-15,1.,7.36059905459924E-33));
#5638=DIRECTION('center_axis',(1.,-7.23401373525762E-15,-3.60822483003159E-16));
#5639=DIRECTION('ref_axis',(7.32747196252603E-15,1.,2.46519032881566E-32));
#5640=DIRECTION('center_axis',(1.,-7.23401373525762E-15,-3.60822483003159E-16));
#5641=DIRECTION('ref_axis',(7.32747196252603E-15,1.,2.46519032881566E-32));
#5642=DIRECTION('center_axis',(0.,0.,1.));
#5643=DIRECTION('ref_axis',(1.,0.,0.));
#5644=DIRECTION('center_axis',(0.,-1.,0.));
#5645=DIRECTION('ref_axis',(-1.,0.,0.));
#5646=DIRECTION('',(1.,0.,-1.18344892698218E-15));
#5647=DIRECTION('',(1.,0.,0.));
#5648=DIRECTION('',(0.,0.,-1.));
#5649=DIRECTION('center_axis',(1.,-7.105427357601E-15,5.47382212626882E-48));
#5650=DIRECTION('ref_axis',(-5.38317414405866E-15,-0.707106781186548,-0.707106781186548));
#5651=DIRECTION('',(1.,-7.21644966006351E-15,0.));
#5652=DIRECTION('center_axis',(1.,0.,0.));
#5653=DIRECTION('ref_axis',(-5.38317414405866E-15,-0.707106781186548,-0.707106781186548));
#5654=DIRECTION('',(1.,-7.105427357601E-15,5.47382212626882E-48));
#5655=DIRECTION('center_axis',(-7.105427357601E-15,-1.,0.));
#5656=DIRECTION('ref_axis',(0.,0.,-1.));
#5657=DIRECTION('',(1.,-7.105427357601E-15,-3.20137301176335E-16));
#5658=DIRECTION('',(0.,0.,-1.));
#5659=DIRECTION('center_axis',(1.,-7.105427357601E-15,-3.20137301176335E-16));
#5660=DIRECTION('ref_axis',(0.,0.474780730429995,0.880104117711286));
#5661=DIRECTION('center_axis',(-1.,0.,0.));
#5662=DIRECTION('ref_axis',(0.,0.474780730429995,0.880104117711286));
#5663=DIRECTION('center_axis',(0.,0.,1.));
#5664=DIRECTION('ref_axis',(1.,0.,0.));
#5665=DIRECTION('',(-6.05091869916556E-46,-1.,0.));
#5666=DIRECTION('center_axis',(-1.,7.105427357601E-15,4.99358086806575E-16));
#5667=DIRECTION('ref_axis',(-4.66877632588094E-15,-0.475594865605674,0.879664438186244));
#5668=DIRECTION('',(-1.,7.105427357601E-15,4.99358086806575E-16));
#5669=DIRECTION('center_axis',(-1.,0.,0.));
#5670=DIRECTION('ref_axis',(-4.66877632588094E-15,-0.475594865605674,0.879664438186244));
#5671=DIRECTION('center_axis',(7.105427357601E-15,1.,0.));
#5672=DIRECTION('ref_axis',(0.,0.,1.));
#5673=DIRECTION('',(1.,-7.105427357601E-15,5.47382212626882E-48));
#5674=DIRECTION('',(0.,0.,1.));
#5675=DIRECTION('center_axis',(-1.,7.105427357601E-15,-5.47382212626882E-48));
#5676=DIRECTION('ref_axis',(5.38317414405866E-15,0.707106781186548,-0.707106781186548));
#5677=DIRECTION('',(1.,-7.21644966006351E-15,0.));
#5678=DIRECTION('center_axis',(1.,0.,0.));
#5679=DIRECTION('ref_axis',(5.38317414405866E-15,0.707106781186548,-0.707106781186548));
#5680=DIRECTION('center_axis',(1.,0.,0.));
#5681=DIRECTION('ref_axis',(0.,-1.,0.));
#5682=DIRECTION('center_axis',(1.,-2.11371603615847E-46,4.32589906864326E-47));
#5683=DIRECTION('ref_axis',(0.,-1.,0.));
#5684=DIRECTION('',(1.,0.,0.));
#5685=DIRECTION('center_axis',(1.,0.,0.));
#5686=DIRECTION('ref_axis',(0.,-1.,0.));
#5687=DIRECTION('center_axis',(-1.,7.24207019140102E-15,4.09928501400058E-16));
#5688=DIRECTION('ref_axis',(4.15157849867152E-16,0.000722093987120053,0.999999739290103));
#5689=DIRECTION('',(-1.,0.,0.));
#5690=DIRECTION('center_axis',(-1.,2.11371603615846E-46,-4.32589906864326E-47));
#5691=DIRECTION('ref_axis',(-2.11402785566241E-46,-0.999999739290103,0.000722093987119047));
#5692=DIRECTION('',(-1.,0.,0.));
#5693=DIRECTION('center_axis',(9.92557902739838E-47,-0.000722093987122936,
-0.999999739290103));
#5694=DIRECTION('ref_axis',(-1.,-3.46887762603663E-32,2.50485632885725E-35));
#5695=DIRECTION('',(-1.,7.24177040841392E-15,-5.22924023135518E-18));
#5696=DIRECTION('',(0.,0.999999739290103,-0.000722093987122936));
#5697=DIRECTION('',(-1.,-3.46887762603663E-32,2.50485632885725E-35));
#5698=DIRECTION('',(0.,0.999999739290103,-0.000722093987122936));
#5699=DIRECTION('',(0.,0.999999739290103,-0.000722093987122936));
#5700=DIRECTION('',(0.,0.999999739290103,-0.000722093987122936));
#5701=DIRECTION('',(0.,0.999999739290103,-0.000722093987122936));
#5702=DIRECTION('',(0.,0.999999739290103,-0.000722093987122936));
#5703=DIRECTION('',(0.,0.999999739290103,-0.000722093987122936));
#5704=DIRECTION('center_axis',(-9.92504447445636E-47,0.000722093987122936,
0.999999739290103));
#5705=DIRECTION('ref_axis',(1.,3.46887762603663E-32,-2.50485632885724E-35));
#5706=DIRECTION('',(1.,-7.24177040841392E-15,5.22924023135518E-18));
#5707=DIRECTION('',(0.,0.999999739290103,-0.000722093987122936));
#5708=DIRECTION('',(1.,3.46887762603663E-32,-2.50485632885724E-35));
#5709=DIRECTION('center_axis',(1.,0.,0.));
#5710=DIRECTION('ref_axis',(0.,-0.000722093987120075,-0.999999739290103));
#5711=DIRECTION('',(0.,-0.000722093987120075,-0.999999739290103));
#5712=DIRECTION('',(0.,-0.000722093987120075,-0.999999739290103));
#5713=DIRECTION('center_axis',(1.,0.,0.));
#5714=DIRECTION('ref_axis',(0.,-0.000722093987120075,-0.999999739290103));
#5715=DIRECTION('',(0.,-0.000722093987120075,-0.999999739290103));
#5716=DIRECTION('',(0.,0.999999739290103,-0.000722093987122936));
#5717=DIRECTION('',(0.,-0.000722093987120075,-0.999999739290103));
#5718=DIRECTION('',(0.,0.999999739290103,-0.000722093987122936));
#5719=DIRECTION('center_axis',(9.92557902739838E-47,-0.000722093987122936,
-0.999999739290103));
#5720=DIRECTION('ref_axis',(-1.,-3.46887762603662E-32,2.50485632885724E-35));
#5721=DIRECTION('',(-1.,7.24177040841392E-15,-5.22924023135518E-18));
#5722=DIRECTION('',(0.,0.999999739290103,-0.000722093987122936));
#5723=DIRECTION('',(-1.,-3.46887762603662E-32,2.50485632885724E-35));
#5724=DIRECTION('',(0.,0.999999739290103,-0.000722093987122936));
#5725=DIRECTION('',(0.,0.999999739290103,-0.000722093987122936));
#5726=DIRECTION('',(0.,0.999999739290103,-0.000722093987122936));
#5727=DIRECTION('',(0.,0.999999739290103,-0.000722093987122936));
#5728=DIRECTION('center_axis',(-0.843775738533904,-0.000387544891711381,
-0.536695773106629));
#5729=DIRECTION('ref_axis',(-0.536695913028565,0.000609285387273132,0.843775518553218));
#5730=DIRECTION('',(-0.536695913028565,0.000609285387277019,0.843775518553218));
#5731=DIRECTION('',(0.,0.999999739290103,-0.000722093987122936));
#5732=DIRECTION('',(-0.536695913028565,0.000609285387273132,0.843775518553218));
#5733=DIRECTION('center_axis',(9.92504447445636E-47,-0.000722093987122936,
-0.999999739290103));
#5734=DIRECTION('ref_axis',(-1.,-3.46887762603663E-32,2.50485632885724E-35));
#5735=DIRECTION('',(-1.,7.24207019140102E-15,4.09928501400058E-16));
#5736=DIRECTION('',(0.,0.999999739290103,-0.000722093987122936));
#5737=DIRECTION('',(-1.,-3.46887762603663E-32,2.50485632885724E-35));
#5738=DIRECTION('center_axis',(0.842615877528298,0.000388858495577604,0.538514931757966));
#5739=DIRECTION('ref_axis',(0.538515072154175,-0.000608447858615089,-0.842615657849999));
#5740=DIRECTION('',(0.,0.999999739290103,-0.000722093987122936));
#5741=DIRECTION('',(0.538515072154175,-0.000608447858615089,-0.842615657849999));
#5742=DIRECTION('',(0.,0.999999739290103,-0.000722093987122936));
#5743=DIRECTION('',(0.,0.999999739290103,-0.000722093987122936));
#5744=DIRECTION('',(0.,0.999999739290103,-0.000722093987122936));
#5745=DIRECTION('',(0.,0.999999739290103,-0.000722093987122936));
#5746=DIRECTION('',(0.,0.999999739290103,-0.000722093987122936));
#5747=DIRECTION('',(0.,0.999999739290103,-0.000722093987122936));
#5748=DIRECTION('',(0.,0.999999739290103,-0.000722093987122936));
#5749=DIRECTION('center_axis',(-9.92557902739838E-47,0.000722093987122936,
0.999999739290103));
#5750=DIRECTION('ref_axis',(1.,3.46887762603663E-32,-2.50485632885724E-35));
#5751=DIRECTION('',(0.,0.999999739290103,-0.000722093987122936));
#5752=DIRECTION('',(1.,3.46887762603663E-32,-2.50485632885724E-35));
#5753=DIRECTION('center_axis',(-1.,0.,0.));
#5754=DIRECTION('ref_axis',(0.,0.000722093987120075,0.999999739290103));
#5755=DIRECTION('',(0.,0.999999739290103,-0.000722093987122936));
#5756=DIRECTION('',(0.,0.000722093987120075,0.999999739290103));
#5757=DIRECTION('center_axis',(9.92504447445636E-47,-0.000722093987122936,
-0.999999739290103));
#5758=DIRECTION('ref_axis',(-1.,-3.46887762603662E-32,2.50485632885724E-35));
#5759=DIRECTION('',(-1.,7.24207019140102E-15,4.09928501400058E-16));
#5760=DIRECTION('',(-1.,-3.46887762603662E-32,2.50485632885724E-35));
#5761=DIRECTION('center_axis',(3.46887853040759E-32,-0.999999739290103,
0.000722093987120075));
#5762=DIRECTION('ref_axis',(1.,3.46887762603663E-32,-2.50485632885724E-35));
#5763=DIRECTION('center_axis',(1.,0.,0.));
#5764=DIRECTION('ref_axis',(0.,-0.000722093987120075,-0.999999739290103));
#5765=DIRECTION('',(0.,0.999999739290103,-0.000722093987122936));
#5766=DIRECTION('',(0.,-0.000722093987120075,-0.999999739290103));
#5767=DIRECTION('',(0.,0.999999739290103,-0.000722093987122936));
#5768=DIRECTION('center_axis',(-9.92504447445636E-47,0.000722093987122936,
0.999999739290103));
#5769=DIRECTION('ref_axis',(1.,3.46887762603663E-32,-2.50485632885724E-35));
#5770=DIRECTION('',(0.,0.999999739290103,-0.000722093987122936));
#5771=DIRECTION('',(1.,3.46887762603663E-32,-2.50485632885724E-35));
#5772=DIRECTION('center_axis',(1.,0.,0.));
#5773=DIRECTION('ref_axis',(0.,-0.000722093987120075,-0.999999739290103));
#5774=DIRECTION('',(0.,0.999999739290103,-0.000722093987122936));
#5775=DIRECTION('',(0.,-0.000722093987120075,-0.999999739290103));
#5776=DIRECTION('center_axis',(-9.92504447445636E-47,0.000722093987122936,
0.999999739290103));
#5777=DIRECTION('ref_axis',(1.,3.46887762603663E-32,-2.50485632885724E-35));
#5778=DIRECTION('',(0.,0.999999739290103,-0.000722093987122936));
#5779=DIRECTION('',(1.,3.46887762603663E-32,-2.50485632885724E-35));
#5780=DIRECTION('center_axis',(-1.,0.,0.));
#5781=DIRECTION('ref_axis',(0.,0.000722093987120075,0.999999739290103));
#5782=DIRECTION('',(0.,0.999999739290103,-0.000722093987122936));
#5783=DIRECTION('',(0.,0.000722093987120075,0.999999739290103));
#5784=DIRECTION('center_axis',(9.92504447445636E-47,-0.000722093987122936,
-0.999999739290103));
#5785=DIRECTION('ref_axis',(-1.,-3.46887762603663E-32,2.50485632885724E-35));
#5786=DIRECTION('',(-1.,7.24207019140102E-15,4.09928501400058E-16));
#5787=DIRECTION('',(-1.,-3.46887762603663E-32,2.50485632885724E-35));
#5788=DIRECTION('center_axis',(0.,0.999999739290103,-0.000722093987122936));
#5789=DIRECTION('ref_axis',(0.,0.000722093987122936,0.999999739290103));
#5790=DIRECTION('center_axis',(1.,0.,0.));
#5791=DIRECTION('ref_axis',(0.,-0.000722093987120075,-0.999999739290103));
#5792=DIRECTION('',(0.,-0.000722093987120075,-0.999999739290103));
#5793=DIRECTION('',(0.,0.999999739290103,-0.000722093987122936));
#5794=DIRECTION('',(0.,-0.000722093987120075,-0.999999739290103));
#5795=DIRECTION('',(0.,0.999999739290103,-0.000722093987122936));
#5796=DIRECTION('center_axis',(9.92557902739838E-47,-0.000722093987122936,
-0.999999739290103));
#5797=DIRECTION('ref_axis',(-1.,-3.46887762603663E-32,2.50485632885724E-35));
#5798=DIRECTION('',(-1.,7.24177040841392E-15,-5.22924023135518E-18));
#5799=DIRECTION('',(0.,0.999999739290103,-0.000722093987122936));
#5800=DIRECTION('',(-1.,-3.46887762603663E-32,2.50485632885724E-35));
#5801=DIRECTION('center_axis',(-1.,0.,0.));
#5802=DIRECTION('ref_axis',(0.,0.000722093987120075,0.999999739290103));
#5803=DIRECTION('',(0.,0.000722093987120075,0.999999739290103));
#5804=DIRECTION('',(0.,0.999999739290103,-0.000722093987122936));
#5805=DIRECTION('',(0.,0.000722093987120075,0.999999739290103));
#5806=DIRECTION('center_axis',(9.92504447445636E-47,-0.000722093987122936,
-0.999999739290103));
#5807=DIRECTION('ref_axis',(-1.,-3.46887762603663E-32,2.50485632885724E-35));
#5808=DIRECTION('',(-1.,7.24207019140102E-15,4.09928501400058E-16));
#5809=DIRECTION('',(0.,0.999999739290103,-0.000722093987122936));
#5810=DIRECTION('',(-1.,-3.46887762603663E-32,2.50485632885724E-35));
#5811=DIRECTION('center_axis',(1.,0.,0.));
#5812=DIRECTION('ref_axis',(0.,-0.000722093987120075,-0.999999739290103));
#5813=DIRECTION('',(0.,0.999999739290103,-0.000722093987122936));
#5814=DIRECTION('',(0.,-0.000722093987120075,-0.999999739290103));
#5815=DIRECTION('center_axis',(-9.92504447445636E-47,0.000722093987122936,
0.999999739290103));
#5816=DIRECTION('ref_axis',(1.,3.46887762603663E-32,-2.50485632885724E-35));
#5817=DIRECTION('',(0.,0.999999739290103,-0.000722093987122936));
#5818=DIRECTION('',(1.,3.46887762603663E-32,-2.50485632885724E-35));
#5819=DIRECTION('center_axis',(-1.,0.,0.));
#5820=DIRECTION('ref_axis',(0.,0.000722093987120075,0.999999739290103));
#5821=DIRECTION('',(0.,0.999999739290103,-0.000722093987122936));
#5822=DIRECTION('',(0.,0.000722093987120075,0.999999739290103));
#5823=DIRECTION('center_axis',(-9.92557902739838E-47,0.000722093987122936,
0.999999739290103));
#5824=DIRECTION('ref_axis',(1.,3.46887762603663E-32,-2.50485632885724E-35));
#5825=DIRECTION('',(0.,0.999999739290103,-0.000722093987122936));
#5826=DIRECTION('',(1.,3.46887762603663E-32,-2.50485632885724E-35));
#5827=DIRECTION('center_axis',(1.,0.,0.));
#5828=DIRECTION('ref_axis',(0.,-0.000722093987120075,-0.999999739290103));
#5829=DIRECTION('',(0.,0.999999739290103,-0.000722093987122936));
#5830=DIRECTION('',(0.,-0.000722093987120075,-0.999999739290103));
#5831=DIRECTION('center_axis',(-9.92504447445636E-47,0.000722093987122936,
0.999999739290103));
#5832=DIRECTION('ref_axis',(1.,3.46887762603662E-32,-2.50485632885724E-35));
#5833=DIRECTION('',(0.,0.999999739290103,-0.000722093987122936));
#5834=DIRECTION('',(1.,3.46887762603662E-32,-2.50485632885724E-35));
#5835=DIRECTION('center_axis',(-1.,0.,0.));
#5836=DIRECTION('ref_axis',(0.,0.000722093987120075,0.999999739290103));
#5837=DIRECTION('',(0.,0.999999739290103,-0.000722093987122936));
#5838=DIRECTION('',(0.,0.000722093987120075,0.999999739290103));
#5839=DIRECTION('center_axis',(9.92504447445636E-47,-0.000722093987122936,
-0.999999739290103));
#5840=DIRECTION('ref_axis',(-1.,-3.46887762603662E-32,2.50485632885724E-35));
#5841=DIRECTION('',(-1.,7.24207019140102E-15,4.09928501400058E-16));
#5842=DIRECTION('',(-1.,-3.46887762603662E-32,2.50485632885724E-35));
#5843=DIRECTION('center_axis',(0.,0.999999739290103,-0.000722093987122936));
#5844=DIRECTION('ref_axis',(0.,0.000722093987122936,0.999999739290103));
#5845=DIRECTION('center_axis',(-7.24177229641564E-15,-0.999999739290103,
0.000722093987120075));
#5846=DIRECTION('ref_axis',(3.6604602675414E-16,0.000722093987120075,0.999999739290103));
#5847=DIRECTION('',(-1.,7.24207019140102E-15,4.09928501400058E-16));
#5848=DIRECTION('center_axis',(-7.24177229641564E-15,-0.999999739290103,
0.000722093987120075));
#5849=DIRECTION('ref_axis',(3.6604602675414E-16,0.000722093987120075,0.999999739290103));
#5850=DIRECTION('',(-1.,7.24207019140102E-15,4.09928501400058E-16));
#5851=DIRECTION('center_axis',(-7.24177229641564E-15,-0.999999739290103,
0.000722093987120075));
#5852=DIRECTION('ref_axis',(3.6604602675414E-16,0.000722093987120075,0.999999739290103));
#5853=DIRECTION('',(0.,0.,1.));
#5854=DIRECTION('',(0.,0.,1.));
#5855=DIRECTION('center_axis',(0.,0.,1.));
#5856=DIRECTION('ref_axis',(1.,0.,0.));
#5857=DIRECTION('',(-1.81311072906253E-12,-1.,0.));
#5858=DIRECTION('',(0.,0.,1.));
#5859=DIRECTION('',(0.,0.,1.));
#5860=DIRECTION('center_axis',(0.,0.,1.));
#5861=DIRECTION('ref_axis',(1.,0.,0.));
#5862=DIRECTION('',(-1.81311072906253E-12,-1.,0.));
#5863=DIRECTION('center_axis',(-1.,-1.56951698121202E-47,-5.47948917765162E-48));
#5864=DIRECTION('ref_axis',(1.56951698121202E-47,-1.,0.));
#5865=DIRECTION('center_axis',(-1.,-1.56951698121202E-47,-5.47948917765162E-48));
#5866=DIRECTION('ref_axis',(1.56951698121202E-47,-1.,0.));
#5867=DIRECTION('',(-0.403637558976146,-0.91345488166435,-0.0517387683207281));
#5868=DIRECTION('',(-0.403637558976146,-0.91345488166435,-0.0517387683207281));
#5869=DIRECTION('center_axis',(0.,0.,-1.));
#5870=DIRECTION('ref_axis',(-1.,0.,0.));
#5871=DIRECTION('center_axis',(0.,0.,-1.));
#5872=DIRECTION('ref_axis',(-1.,0.,0.));
#5873=DIRECTION('',(0.,0.,1.));
#5874=DIRECTION('center_axis',(0.,0.,1.));
#5875=DIRECTION('ref_axis',(-1.,0.,0.));
#5876=DIRECTION('center_axis',(0.,0.,1.));
#5877=DIRECTION('ref_axis',(-1.,0.,0.));
#5878=DIRECTION('',(0.,0.,-1.));
#5879=DIRECTION('center_axis',(0.,0.,-1.));
#5880=DIRECTION('ref_axis',(-1.,0.,0.));
#5881=DIRECTION('',(0.,0.,1.));
#5882=DIRECTION('center_axis',(0.,0.,1.));
#5883=DIRECTION('ref_axis',(-1.,0.,0.));
#5884=DIRECTION('',(0.,0.,-1.));
#5885=DIRECTION('center_axis',(0.,0.,-1.));
#5886=DIRECTION('ref_axis',(-1.,0.,0.));
#5887=DIRECTION('',(0.,0.,1.));
#5888=DIRECTION('',(-0.883238056613059,-0.0814126444295512,-0.461803547709817));
#5889=DIRECTION('',(-0.883238056613059,-0.0814126444295512,-0.461803547709817));
#5890=DIRECTION('',(-0.400297734978408,0.914867476682455,-0.0527183410193684));
#5891=DIRECTION('',(-0.400297734978408,0.914867476682455,-0.0527183410193684));
#5892=DIRECTION('center_axis',(1.,0.,0.));
#5893=DIRECTION('ref_axis',(0.,-1.,0.));
#5894=DIRECTION('center_axis',(1.,-2.11371603615847E-46,4.32589906864326E-47));
#5895=DIRECTION('ref_axis',(0.,-1.,0.));
#5896=DIRECTION('',(1.,0.,0.));
#5897=DIRECTION('center_axis',(1.,0.,0.));
#5898=DIRECTION('ref_axis',(0.,-1.,0.));
#5899=DIRECTION('center_axis',(-1.,0.,0.));
#5900=DIRECTION('ref_axis',(0.,-1.,0.));
#5901=DIRECTION('center_axis',(1.,0.,0.));
#5902=DIRECTION('ref_axis',(0.,-1.,0.));
#5903=DIRECTION('center_axis',(1.,-2.11371603615847E-46,4.32589906864326E-47));
#5904=DIRECTION('ref_axis',(0.,-1.,0.));
#5905=DIRECTION('',(1.,0.,0.));
#5906=DIRECTION('center_axis',(1.,0.,0.));
#5907=DIRECTION('ref_axis',(0.,-1.,0.));
#5908=DIRECTION('center_axis',(-1.,0.,0.));
#5909=DIRECTION('ref_axis',(0.,-1.,0.));
#5910=DIRECTION('center_axis',(1.,0.,0.));
#5911=DIRECTION('ref_axis',(0.,-1.,0.));
#5912=DIRECTION('center_axis',(1.,-2.11371603615847E-46,4.32589906864326E-47));
#5913=DIRECTION('ref_axis',(0.,-1.,0.));
#5914=DIRECTION('',(1.,0.,0.));
#5915=DIRECTION('center_axis',(1.,0.,0.));
#5916=DIRECTION('ref_axis',(0.,-1.,0.));
#5917=DIRECTION('center_axis',(-1.,0.,0.));
#5918=DIRECTION('ref_axis',(0.,-1.,0.));
#5919=DIRECTION('center_axis',(1.,0.,0.));
#5920=DIRECTION('ref_axis',(0.,-1.,0.));
#5921=DIRECTION('center_axis',(1.,-2.11371603615847E-46,4.32589906864326E-47));
#5922=DIRECTION('ref_axis',(0.,-1.,0.));
#5923=DIRECTION('',(1.,0.,0.));
#5924=DIRECTION('center_axis',(1.,0.,0.));
#5925=DIRECTION('ref_axis',(0.,-1.,0.));
#5926=DIRECTION('center_axis',(-1.,0.,0.));
#5927=DIRECTION('ref_axis',(0.,-1.,0.));
#5928=DIRECTION('center_axis',(1.,0.,0.));
#5929=DIRECTION('ref_axis',(0.,-1.,0.));
#5930=DIRECTION('center_axis',(1.,-2.11371603615847E-46,4.32589906864326E-47));
#5931=DIRECTION('ref_axis',(0.,-1.,0.));
#5932=DIRECTION('',(1.,0.,0.));
#5933=DIRECTION('center_axis',(1.,0.,0.));
#5934=DIRECTION('ref_axis',(0.,-1.,0.));
#5935=DIRECTION('center_axis',(-1.,0.,0.));
#5936=DIRECTION('ref_axis',(0.,-1.,0.));
#5937=DIRECTION('center_axis',(1.,0.,0.));
#5938=DIRECTION('ref_axis',(0.,-1.,0.));
#5939=DIRECTION('center_axis',(1.,-2.11371603615847E-46,4.32589906864326E-47));
#5940=DIRECTION('ref_axis',(0.,-1.,0.));
#5941=DIRECTION('',(1.,0.,0.));
#5942=DIRECTION('center_axis',(1.,0.,0.));
#5943=DIRECTION('ref_axis',(0.,-1.,0.));
#5944=DIRECTION('center_axis',(-1.,0.,0.));
#5945=DIRECTION('ref_axis',(0.,-1.,0.));
#5946=DIRECTION('center_axis',(1.,0.,0.));
#5947=DIRECTION('ref_axis',(0.,-1.,0.));
#5948=DIRECTION('center_axis',(1.,-2.11371603615847E-46,4.32589906864326E-47));
#5949=DIRECTION('ref_axis',(0.,-1.,0.));
#5950=DIRECTION('',(1.,0.,0.));
#5951=DIRECTION('center_axis',(1.,0.,0.));
#5952=DIRECTION('ref_axis',(0.,-1.,0.));
#5953=DIRECTION('center_axis',(-1.,0.,0.));
#5954=DIRECTION('ref_axis',(0.,-1.,0.));
#5955=DIRECTION('center_axis',(-1.,9.44024593473469E-64,2.49073480015355E-59));
#5956=DIRECTION('ref_axis',(-9.44024593473469E-64,-1.,0.));
#5957=DIRECTION('center_axis',(1.,0.,0.));
#5958=DIRECTION('ref_axis',(0.,-1.,0.));
#5959=DIRECTION('center_axis',(1.,-2.11371603615847E-46,4.32589906864326E-47));
#5960=DIRECTION('ref_axis',(0.,-1.,0.));
#5961=DIRECTION('',(1.,0.,0.));
#5962=DIRECTION('center_axis',(1.,0.,0.));
#5963=DIRECTION('ref_axis',(0.,-1.,0.));
#5964=DIRECTION('center_axis',(-1.,0.,0.));
#5965=DIRECTION('ref_axis',(0.,-1.,0.));
#5966=DIRECTION('center_axis',(1.,0.,0.));
#5967=DIRECTION('ref_axis',(0.,-1.,0.));
#5968=DIRECTION('center_axis',(1.,-2.11371603615847E-46,4.32589906864326E-47));
#5969=DIRECTION('ref_axis',(0.,-1.,0.));
#5970=DIRECTION('',(1.,0.,0.));
#5971=DIRECTION('center_axis',(1.,0.,0.));
#5972=DIRECTION('ref_axis',(0.,-1.,0.));
#5973=DIRECTION('center_axis',(-1.,0.,0.));
#5974=DIRECTION('ref_axis',(0.,-1.,0.));
#5975=DIRECTION('center_axis',(1.,0.,0.));
#5976=DIRECTION('ref_axis',(0.,-1.,0.));
#5977=DIRECTION('center_axis',(-1.,0.,0.));
#5978=DIRECTION('ref_axis',(0.,-1.,0.));
#5979=DIRECTION('',(-1.,0.,0.));
#5980=DIRECTION('center_axis',(-1.,0.,0.));
#5981=DIRECTION('ref_axis',(0.,-1.,0.));
#5982=DIRECTION('',(1.,0.,0.));
#5983=DIRECTION('center_axis',(0.,0.00428693846084846,0.999990811037098));
#5984=DIRECTION('ref_axis',(1.0873399264483E-64,-0.999990811037098,0.00428693846084846));
#5985=DIRECTION('',(-2.11555109960974E-46,-0.999990811037098,0.00428693846084846));
#5986=DIRECTION('',(-1.,0.,0.));
#5987=DIRECTION('',(2.11555109960974E-46,0.999990811037098,-0.00428693846084846));
#5988=DIRECTION('center_axis',(0.,6.76268140902552E-8,-0.999999999999998));
#5989=DIRECTION('ref_axis',(1.28421187568592E-62,0.999999999999998,6.76268140902552E-8));
#5990=DIRECTION('',(-2.11371600690378E-46,-0.999999999999998,-6.76268140902552E-8));
#5991=DIRECTION('',(1.,0.,0.));
#5992=DIRECTION('',(2.11371600690378E-46,0.999999999999998,6.76268140902552E-8));
#5993=DIRECTION('center_axis',(1.,0.,0.));
#5994=DIRECTION('ref_axis',(0.,0.99053026166611,0.137294576453946));
#5995=DIRECTION('center_axis',(-1.,0.,0.));
#5996=DIRECTION('ref_axis',(0.,-1.,0.));
#5997=DIRECTION('',(1.,0.,0.));
#5998=DIRECTION('center_axis',(-1.,0.,0.));
#5999=DIRECTION('ref_axis',(0.,-1.,0.));
#6000=DIRECTION('',(1.,0.,0.));
#6001=DIRECTION('center_axis',(0.,0.00428693846084846,0.999990811037098));
#6002=DIRECTION('ref_axis',(1.0873399264483E-64,-0.999990811037098,0.00428693846084846));
#6003=DIRECTION('',(2.11555109960974E-46,0.999990811037098,-0.00428693846084846));
#6004=DIRECTION('',(1.,0.,0.));
#6005=DIRECTION('',(-2.11555109960974E-46,-0.999990811037098,0.00428693846084846));
#6006=DIRECTION('center_axis',(1.,0.,0.));
#6007=DIRECTION('ref_axis',(0.,0.988001234763518,-0.154445977952696));
#6008=DIRECTION('center_axis',(-1.,2.11371603615847E-46,-4.32589906864326E-47));
#6009=DIRECTION('ref_axis',(0.,0.988001234763518,-0.154445977952696));
#6010=DIRECTION('center_axis',(1.,-2.11371603615847E-46,4.32589906864326E-47));
#6011=DIRECTION('ref_axis',(0.,0.988001234763518,-0.154445977952696));
#6012=DIRECTION('center_axis',(-1.,2.11371603615847E-46,-4.32589906864326E-47));
#6013=DIRECTION('ref_axis',(-2.11371603615847E-46,-1.,0.));
#6014=DIRECTION('',(0.,0.,-1.));
#6015=DIRECTION('',(-1.81311072906253E-12,-1.,0.));
#6016=DIRECTION('',(0.,0.,-1.));
#6017=DIRECTION('',(0.,0.,-1.));
#6018=DIRECTION('',(-1.86994546985635E-63,0.000722149880027293,0.999999739249742));
#6019=DIRECTION('center_axis',(-1.,6.94125814168058E-63,-5.01214086499992E-66));
#6020=DIRECTION('ref_axis',(-6.94125995126267E-63,-0.999999739300631,0.00072207940636025));
#6021=DIRECTION('',(-4.7106807023208E-63,0.999999739365591,-0.000721989439036026));
#6022=DIRECTION('',(1.03863313099423E-47,1.,-1.78079327910496E-15));
#6023=DIRECTION('center_axis',(-1.,-1.04384433819686E-61,5.1802280689104E-48));
#6024=DIRECTION('ref_axis',(5.1802280689104E-48,-2.01505478969466E-14,1.));
#6025=DIRECTION('',(0.,-6.76268143083152E-8,0.999999999999998));
#6026=DIRECTION('center_axis',(0.,-1.,0.));
#6027=DIRECTION('ref_axis',(-1.,0.,0.));
#6028=DIRECTION('',(1.,0.,0.));
#6029=DIRECTION('',(0.,0.,-1.));
#6030=DIRECTION('',(-1.,3.41393580072236E-14,0.));
#6031=DIRECTION('',(-3.60822483003159E-16,0.,-1.));
#6032=DIRECTION('center_axis',(0.,1.,0.));
#6033=DIRECTION('ref_axis',(1.,0.,0.));
#6034=DIRECTION('',(0.,0.,-1.));
#6035=DIRECTION('',(-1.,0.,0.));
#6036=DIRECTION('center_axis',(-1.,7.23401373525762E-15,3.60822483003159E-16));
#6037=DIRECTION('ref_axis',(3.60822483003159E-16,0.,1.));
#6038=DIRECTION('center_axis',(1.,-7.23401373525762E-15,-3.60822483003159E-16));
#6039=DIRECTION('ref_axis',(-3.41393580072236E-14,-1.,0.));
#6040=DIRECTION('center_axis',(-1.,7.23401373525762E-15,3.60822483003159E-16));
#6041=DIRECTION('ref_axis',(0.,-1.,0.));
#6042=DIRECTION('center_axis',(-1.,2.11371603615847E-46,-4.32589906864326E-47));
#6043=DIRECTION('ref_axis',(-2.11371603615847E-46,-1.,0.));
#6044=DIRECTION('center_axis',(1.,0.,0.));
#6045=DIRECTION('ref_axis',(0.,-1.,0.));
#6046=DIRECTION('',(-2.03301270363809E-30,0.00072214988002741,0.999999739249742));
#6047=DIRECTION('',(-3.08977828086974E-31,0.999999739365591,-0.000721989438989338));
#6048=DIRECTION('',(0.,-6.76268149796604E-8,0.999999999999998));
#6049=DIRECTION('center_axis',(-1.,1.81311072906253E-12,1.50079822634143E-12));
#6050=DIRECTION('ref_axis',(-3.41393580072236E-14,-1.,0.));
#6051=DIRECTION('',(2.36167855814265E-15,0.240419961304814,-0.970668966335172));
#6052=DIRECTION('',(0.,0.,-1.));
#6053=DIRECTION('',(-1.81311072906253E-12,-1.,0.));
#6054=DIRECTION('',(0.,0.,1.));
#6055=DIRECTION('center_axis',(-1.,1.81311072906253E-12,1.50079822634143E-12));
#6056=DIRECTION('ref_axis',(-3.41393580072236E-14,-1.,0.));
#6057=DIRECTION('center_axis',(-1.,1.81311072906253E-12,1.50079822634143E-12));
#6058=DIRECTION('ref_axis',(-3.41393580072236E-14,-1.,0.));
#6059=DIRECTION('',(0.,6.76268143083152E-8,-0.999999999999998));
#6060=DIRECTION('center_axis',(1.,1.04384433819686E-61,-5.1802280689104E-48));
#6061=DIRECTION('ref_axis',(5.1802280689104E-48,-2.01505478969466E-14,1.));
#6062=DIRECTION('',(-1.03863313099423E-47,-1.,1.78079327910496E-15));
#6063=DIRECTION('',(4.7106807023208E-63,-0.999999739365591,0.000721989439036026));
#6064=DIRECTION('center_axis',(1.,-6.94125814168058E-63,5.01214086499992E-66));
#6065=DIRECTION('ref_axis',(-6.94125995126267E-63,-0.999999739300631,0.00072207940636025));
#6066=DIRECTION('',(1.86994546985635E-63,-0.000722149880027293,-0.999999739249742));
#6067=DIRECTION('center_axis',(-1.,0.,0.));
#6068=DIRECTION('ref_axis',(0.,-1.,0.));
#6069=DIRECTION('',(-1.,0.,0.));
#6070=DIRECTION('center_axis',(0.,0.999999999999998,6.76268149796604E-8));
#6071=DIRECTION('ref_axis',(-2.13128070573619E-30,6.76268149796604E-8,-0.999999999999998));
#6072=DIRECTION('',(-1.,0.,0.));
#6073=DIRECTION('center_axis',(0.,-0.999999999999998,-6.76268143083152E-8));
#6074=DIRECTION('ref_axis',(-1.20854801635246E-63,6.76268143083152E-8,-0.999999999999998));
#6075=DIRECTION('',(1.,0.,0.));
#6076=DIRECTION('center_axis',(1.,0.,0.));
#6077=DIRECTION('ref_axis',(0.,-2.01505478969466E-14,1.));
#6078=DIRECTION('',(1.,0.,0.));
#6079=DIRECTION('center_axis',(0.,-1.78079327910496E-15,-1.));
#6080=DIRECTION('ref_axis',(1.03863313099423E-47,1.,-1.78079327910496E-15));
#6081=DIRECTION('',(1.,0.,0.));
#6082=DIRECTION('center_axis',(0.,-0.000721989439036026,-0.999999739365591));
#6083=DIRECTION('ref_axis',(-4.7106807023208E-63,0.999999739365591,-0.000721989439036026));
#6084=DIRECTION('',(1.,0.,0.));
#6085=DIRECTION('center_axis',(1.,0.,0.));
#6086=DIRECTION('ref_axis',(0.,-0.999999739300631,0.00072207940636025));
#6087=DIRECTION('',(1.,0.,0.));
#6088=DIRECTION('center_axis',(0.,0.999999739249741,-0.000722149880027293));
#6089=DIRECTION('ref_axis',(-1.86994546985635E-63,0.000722149880027293,
0.999999739249742));
#6090=DIRECTION('center_axis',(-0.795778858986801,0.60558732449554,0.));
#6091=DIRECTION('ref_axis',(-0.605587324495539,-0.7957788589868,0.));
#6092=DIRECTION('',(0.60558732449554,0.795778858986801,0.));
#6093=DIRECTION('',(0.,0.,1.));
#6094=DIRECTION('',(0.605587324495539,0.7957788589868,0.));
#6095=DIRECTION('center_axis',(-0.88445576116652,-0.466624052679833,0.));
#6096=DIRECTION('ref_axis',(0.466624052679833,-0.88445576116652,0.));
#6097=DIRECTION('',(-0.466624052679833,0.88445576116652,0.));
#6098=DIRECTION('',(0.,0.,1.));
#6099=DIRECTION('',(0.466624052679833,-0.88445576116652,0.));
#6100=DIRECTION('',(-1.,1.81299419921288E-12,1.50102152929321E-12));
#6101=DIRECTION('center_axis',(0.,0.,1.));
#6102=DIRECTION('ref_axis',(1.,0.,0.));
#6103=DIRECTION('center_axis',(0.,0.,1.));
#6104=DIRECTION('ref_axis',(1.,0.,0.));
#6105=DIRECTION('center_axis',(0.,0.,1.));
#6106=DIRECTION('ref_axis',(1.,0.,0.));
#6107=DIRECTION('center_axis',(0.,0.,-1.));
#6108=DIRECTION('ref_axis',(-1.,0.,0.));
#6109=DIRECTION('center_axis',(0.,0.000721989438989338,0.999999739365591));
#6110=DIRECTION('ref_axis',(-3.08977828086974E-31,0.999999739365591,-0.000721989438989338));
#6111=DIRECTION('center_axis',(0.,-0.999999739249741,0.00072214988002741));
#6112=DIRECTION('ref_axis',(-2.03301270363809E-30,0.00072214988002741,0.999999739249742));
#6113=DIRECTION('center_axis',(-1.,3.41393580072236E-14,0.));
#6114=DIRECTION('ref_axis',(3.41393579985784E-14,0.999999999746769,-2.25047037722733E-5));
#6115=DIRECTION('',(-1.,3.41393580072236E-14,0.));
#6116=DIRECTION('center_axis',(-1.,3.41393580072236E-14,0.));
#6117=DIRECTION('ref_axis',(-3.41393580072236E-14,-1.,0.));
#6118=DIRECTION('',(1.,-3.41393580072236E-14,0.));
#6119=DIRECTION('center_axis',(-7.65373881379516E-15,-0.984839293422828,
0.173469208018095));
#6120=DIRECTION('ref_axis',(1.61023079265906E-15,0.173469208018095,0.984839293422828));
#6121=DIRECTION('center_axis',(-7.65373881379516E-15,-0.984839293422828,
0.173469208018095));
#6122=DIRECTION('ref_axis',(0.,0.173469208018095,0.984839293422828));
#6123=DIRECTION('',(-1.,7.7715611723761E-15,0.));
#6124=DIRECTION('center_axis',(0.,0.,1.));
#6125=DIRECTION('ref_axis',(-1.,0.,0.));
#6126=DIRECTION('',(0.,0.,-1.));
#6127=DIRECTION('center_axis',(0.,0.,1.));
#6128=DIRECTION('ref_axis',(-1.,0.,0.));
#6129=DIRECTION('center_axis',(1.,-7.32747196252603E-15,0.));
#6130=DIRECTION('ref_axis',(7.32747196252603E-15,1.,2.46519032881566E-32));
#6131=DIRECTION('',(-1.,7.32747196252603E-15,0.));
#6132=DIRECTION('center_axis',(1.,-7.32747196252603E-15,0.));
#6133=DIRECTION('ref_axis',(7.32747196252603E-15,1.,2.46519032881566E-32));
#6134=DIRECTION('',(-1.,7.32747196252603E-15,0.));
#6135=DIRECTION('',(0.,0.,-1.));
#6136=DIRECTION('center_axis',(0.,0.,1.));
#6137=DIRECTION('ref_axis',(-1.,0.,0.));
#6138=DIRECTION('center_axis',(0.,0.,1.));
#6139=DIRECTION('ref_axis',(-1.,0.,0.));
#6140=DIRECTION('center_axis',(0.,0.,1.));
#6141=DIRECTION('ref_axis',(-1.,0.,0.));
#6142=DIRECTION('center_axis',(0.,0.,1.));
#6143=DIRECTION('ref_axis',(-1.,0.,0.));
#6144=DIRECTION('center_axis',(0.,0.,1.));
#6145=DIRECTION('ref_axis',(-1.,0.,0.));
#6146=DIRECTION('center_axis',(0.,0.,1.));
#6147=DIRECTION('ref_axis',(-1.,0.,0.));
#6148=DIRECTION('center_axis',(0.,0.,1.));
#6149=DIRECTION('ref_axis',(-1.,0.,0.));
#6150=DIRECTION('center_axis',(0.,0.,1.));
#6151=DIRECTION('ref_axis',(-1.,0.,0.));
#6152=DIRECTION('center_axis',(0.,0.,-1.));
#6153=DIRECTION('ref_axis',(-1.,0.,0.));
#6154=DIRECTION('',(0.,0.,1.));
#6155=DIRECTION('center_axis',(0.,0.,1.));
#6156=DIRECTION('ref_axis',(-1.,0.,0.));
#6157=DIRECTION('center_axis',(0.,0.,-1.));
#6158=DIRECTION('ref_axis',(-1.,0.,0.));
#6159=DIRECTION('',(0.,0.,-1.));
#6160=DIRECTION('center_axis',(0.,0.,1.));
#6161=DIRECTION('ref_axis',(-1.,0.,0.));
#6162=DIRECTION('center_axis',(0.,0.,-1.));
#6163=DIRECTION('ref_axis',(-1.,0.,0.));
#6164=DIRECTION('',(0.,0.,-1.));
#6165=DIRECTION('center_axis',(0.,0.,1.));
#6166=DIRECTION('ref_axis',(-1.,0.,0.));
#6167=DIRECTION('center_axis',(0.,0.,-1.));
#6168=DIRECTION('ref_axis',(-1.,0.,0.));
#6169=DIRECTION('',(0.,0.,-1.));
#6170=DIRECTION('center_axis',(0.,0.,1.));
#6171=DIRECTION('ref_axis',(-1.,0.,0.));
#6172=DIRECTION('center_axis',(0.,0.,-1.));
#6173=DIRECTION('ref_axis',(-1.,0.,0.));
#6174=DIRECTION('',(0.,0.,-1.));
#6175=DIRECTION('',(-0.883473768207292,-0.0780880361676852,-0.461926790191998));
#6176=DIRECTION('',(-0.883473768207292,-0.0780880361676852,-0.461926790191998));
#6177=DIRECTION('center_axis',(-7.13137310434769E-15,-0.970668966335172,
-0.240419961304815));
#6178=DIRECTION('ref_axis',(0.,0.240419961304815,-0.970668966335172));
#6179=DIRECTION('center_axis',(0.,0.,-1.));
#6180=DIRECTION('ref_axis',(1.,0.,0.));
#6181=DIRECTION('center_axis',(0.,0.,-1.));
#6182=DIRECTION('ref_axis',(1.,0.,0.));
#6183=DIRECTION('',(-0.0638956997288327,0.997956581999519,0.));
#6184=DIRECTION('center_axis',(0.997956581999519,0.0638956997288327,0.));
#6185=DIRECTION('ref_axis',(-0.0638956997288327,0.997956581999519,0.));
#6186=DIRECTION('',(0.,0.,1.));
#6187=DIRECTION('center_axis',(0.,0.,1.));
#6188=DIRECTION('ref_axis',(1.,0.,0.));
#6189=DIRECTION('center_axis',(0.86827470871298,-0.496083692746889,0.));
#6190=DIRECTION('ref_axis',(0.496083692746889,0.86827470871298,0.));
#6191=DIRECTION('',(0.,0.,1.));
#6192=DIRECTION('',(-0.496083692746889,-0.86827470871298,0.));
#6193=DIRECTION('center_axis',(-1.18344892698218E-15,8.33304077050008E-30,
-1.));
#6194=DIRECTION('ref_axis',(6.92683065428254E-15,1.,1.35490465302146E-31));
#6195=DIRECTION('center_axis',(1.,-7.24862467776584E-15,-1.18344892698218E-15));
#6196=DIRECTION('ref_axis',(7.24862467776584E-15,1.,7.36059905459765E-33));
#6197=DIRECTION('',(-1.,7.24862467776584E-15,1.18344892698218E-15));
#6198=DIRECTION('center_axis',(1.,-7.24862467776584E-15,-1.18344892698218E-15));
#6199=DIRECTION('ref_axis',(7.24862467776584E-15,1.,7.36059905459924E-33));
#6200=DIRECTION('',(-1.,7.24862467776584E-15,1.18344892698218E-15));
#6201=DIRECTION('center_axis',(-1.,0.,0.));
#6202=DIRECTION('ref_axis',(0.,0.,1.));
#6203=DIRECTION('',(0.,-1.,0.));
#6204=DIRECTION('center_axis',(0.,0.,-1.));
#6205=DIRECTION('ref_axis',(0.,-1.,0.));
#6206=DIRECTION('center_axis',(1.80636130166871E-46,2.46519032881566E-32,
-1.));
#6207=DIRECTION('ref_axis',(7.23401373525762E-15,1.,2.46519032881566E-32));
#6208=DIRECTION('center_axis',(0.,0.,1.));
#6209=DIRECTION('ref_axis',(1.,0.,0.));
#6210=DIRECTION('center_axis',(0.,0.,-1.));
#6211=DIRECTION('ref_axis',(1.,0.,0.));
#6212=DIRECTION('center_axis',(0.,0.,-1.));
#6213=DIRECTION('ref_axis',(1.,0.,0.));
#6214=DIRECTION('center_axis',(0.,0.,1.));
#6215=DIRECTION('ref_axis',(1.,0.,0.));
#6216=DIRECTION('',(0.,0.,1.));
#6217=DIRECTION('',(1.,0.,0.));
#6218=CARTESIAN_POINT('',(0.,0.,0.));
#6219=CARTESIAN_POINT('',(0.,0.,0.));
#6220=CARTESIAN_POINT('Origin',(46.550137981376,6.9497267071562,33.9968421569084));
#6221=CARTESIAN_POINT('',(46.550137981376,6.9497267071562,33.9968421569084));
#6222=CARTESIAN_POINT('',(46.550137981376,5.4247267071562,31.3554646753658));
#6223=CARTESIAN_POINT('',(46.550137981376,5.35859974472781,31.2409294166897));
#6224=CARTESIAN_POINT('',(48.550137981376,6.9497267071562,33.9968421569084));
#6225=CARTESIAN_POINT('',(46.550137981376,6.9497267071562,33.9968421569084));
#6226=CARTESIAN_POINT('',(48.550137981376,5.4247267071562,31.3554646753658));
#6227=CARTESIAN_POINT('',(48.550137981376,5.4247267071562,31.3554646753658));
#6228=CARTESIAN_POINT('',(46.550137981376,5.4247267071562,31.3554646753658));
#6229=CARTESIAN_POINT('Origin',(46.550137981376,9.9997267071562,33.9968421569084));
#6230=CARTESIAN_POINT('',(46.550137981376,9.9997267071562,33.9968421569084));
#6231=CARTESIAN_POINT('',(46.550137981376,4.98722670715609,33.9968421569084));
#6232=CARTESIAN_POINT('',(48.550137981376,9.9997267071562,33.9968421569084));
#6233=CARTESIAN_POINT('',(46.550137981376,9.9997267071562,33.9968421569084));
#6234=CARTESIAN_POINT('',(48.550137981376,6.9497267071562,33.9968421569084));
#6235=CARTESIAN_POINT('Origin',(46.550137981376,11.5247267071562,31.3554646753658));
#6236=CARTESIAN_POINT('',(46.550137981376,11.5247267071562,31.3554646753658));
#6237=CARTESIAN_POINT('',(46.5501379813761,10.2283536695845,33.6008486420024));
#6238=CARTESIAN_POINT('',(48.550137981376,11.5247267071562,31.3554646753658));
#6239=CARTESIAN_POINT('',(46.550137981376,11.5247267071562,31.3554646753658));
#6240=CARTESIAN_POINT('',(48.550137981376,9.9997267071562,33.9968421569084));
#6241=CARTESIAN_POINT('Origin',(46.550137981376,9.9997267071562,28.7140871938233));
#6242=CARTESIAN_POINT('',(46.550137981376,9.9997267071562,28.7140871938233));
#6243=CARTESIAN_POINT('',(46.5501379813761,9.17109974472781,27.2788631943759));
#6244=CARTESIAN_POINT('',(48.550137981376,9.9997267071562,28.7140871938233));
#6245=CARTESIAN_POINT('',(46.550137981376,9.9997267071562,28.7140871938233));
#6246=CARTESIAN_POINT('',(48.550137981376,11.5247267071562,31.3554646753658));
#6247=CARTESIAN_POINT('Origin',(46.550137981376,6.94972670715619,28.7140871938233));
#6248=CARTESIAN_POINT('',(46.550137981376,6.94972670715619,28.7140871938233));
#6249=CARTESIAN_POINT('',(46.550137981376,3.46222670715608,28.7140871938233));
#6250=CARTESIAN_POINT('',(48.550137981376,6.94972670715619,28.7140871938233));
#6251=CARTESIAN_POINT('',(46.550137981376,6.94972670715619,28.7140871938233));
#6252=CARTESIAN_POINT('',(48.550137981376,9.9997267071562,28.7140871938233));
#6253=CARTESIAN_POINT('Origin',(46.550137981376,5.4247267071562,31.3554646753658));
#6254=CARTESIAN_POINT('',(46.550137981376,4.89085366958453,32.2801599012311));
#6255=CARTESIAN_POINT('',(48.550137981376,6.94972670715619,28.7140871938233));
#6256=CARTESIAN_POINT('Origin',(48.550137981376,8.4747267071562,31.3554646753658));
#6257=CARTESIAN_POINT('',(48.550137981376,7.07472670715584,31.3554646753658));
#6258=CARTESIAN_POINT('Origin',(48.550137981376,8.47472670715585,31.3554646753658));
#6259=CARTESIAN_POINT('Origin',(46.550137981376,-7.00027329284357,28.7140871938233));
#6260=CARTESIAN_POINT('',(46.550137981376,-7.00027329284357,28.7140871938233));
#6261=CARTESIAN_POINT('',(46.550137981376,-5.47527329284357,31.3554646753658));
#6262=CARTESIAN_POINT('',(46.550137981376,-5.70390025527199,30.9594711604597));
#6263=CARTESIAN_POINT('',(48.550137981376,-7.00027329284357,28.7140871938233));
#6264=CARTESIAN_POINT('',(46.550137981376,-7.00027329284357,28.7140871938233));
#6265=CARTESIAN_POINT('',(48.550137981376,-5.47527329284357,31.3554646753658));
#6266=CARTESIAN_POINT('',(48.550137981376,-5.47527329284357,31.3554646753658));
#6267=CARTESIAN_POINT('',(46.550137981376,-5.47527329284357,31.3554646753658));
#6268=CARTESIAN_POINT('Origin',(46.550137981376,-10.0502732928436,28.7140871938233));
#6269=CARTESIAN_POINT('',(46.550137981376,-10.0502732928436,28.7140871938233));
#6270=CARTESIAN_POINT('',(46.550137981376,-5.0377732928438,28.7140871938233));
#6271=CARTESIAN_POINT('',(48.550137981376,-10.0502732928436,28.7140871938233));
#6272=CARTESIAN_POINT('',(46.550137981376,-10.0502732928436,28.7140871938233));
#6273=CARTESIAN_POINT('',(48.550137981376,-7.00027329284357,28.7140871938233));
#6274=CARTESIAN_POINT('Origin',(46.550137981376,-11.5752732928436,31.3554646753658));
#6275=CARTESIAN_POINT('',(46.550137981376,-11.5752732928436,31.3554646753658));
#6276=CARTESIAN_POINT('',(46.5501379813759,-9.98414633041527,28.5995519351473));
#6277=CARTESIAN_POINT('',(48.550137981376,-11.5752732928436,31.3554646753658));
#6278=CARTESIAN_POINT('',(46.550137981376,-11.5752732928436,31.3554646753658));
#6279=CARTESIAN_POINT('',(48.550137981376,-10.0502732928436,28.7140871938233));
#6280=CARTESIAN_POINT('Origin',(46.550137981376,-10.0502732928436,33.9968421569084));
#6281=CARTESIAN_POINT('',(46.550137981376,-10.0502732928436,33.9968421569084));
#6282=CARTESIAN_POINT('',(46.5501379813759,-9.51640025527199,34.9215373827735));
#6283=CARTESIAN_POINT('',(48.550137981376,-10.0502732928436,33.9968421569084));
#6284=CARTESIAN_POINT('',(46.550137981376,-10.0502732928436,33.9968421569084));
#6285=CARTESIAN_POINT('',(48.550137981376,-11.5752732928436,31.3554646753658));
#6286=CARTESIAN_POINT('Origin',(46.550137981376,-7.00027329284357,33.9968421569084));
#6287=CARTESIAN_POINT('',(46.550137981376,-7.00027329284357,33.9968421569084));
#6288=CARTESIAN_POINT('',(46.550137981376,-3.5127732928438,33.9968421569084));
#6289=CARTESIAN_POINT('',(48.550137981376,-7.00027329284357,33.9968421569084));
#6290=CARTESIAN_POINT('',(46.550137981376,-7.00027329284357,33.9968421569084));
#6291=CARTESIAN_POINT('',(48.550137981376,-10.0502732928436,33.9968421569084));
#6292=CARTESIAN_POINT('Origin',(46.550137981376,-5.47527329284357,31.3554646753658));
#6293=CARTESIAN_POINT('',(46.550137981376,-4.64664633041527,29.9202406759185));
#6294=CARTESIAN_POINT('',(48.550137981376,-7.00027329284357,33.9968421569084));
#6295=CARTESIAN_POINT('Origin',(48.550137981376,-8.52527329284358,31.3554646753658));
#6296=CARTESIAN_POINT('',(48.550137981376,-9.92527329284392,31.3554646753658));
#6297=CARTESIAN_POINT('Origin',(48.550137981376,-8.52527329284392,31.3554646753658));
#6298=CARTESIAN_POINT('Origin',(45.5501379813759,-14.5252732928435,71.8021244012246));
#6299=CARTESIAN_POINT('',(45.5501379813759,-15.5252732928435,35.9769113079135));
#6300=CARTESIAN_POINT('',(46.5501379813759,-14.5252732928435,35.9769113079136));
#6301=CARTESIAN_POINT('Origin',(45.5501379813759,-14.5252732928435,35.9769113079136));
#6302=CARTESIAN_POINT('',(46.5501379813759,-14.5252732928435,28.6294891585263));
#6303=CARTESIAN_POINT('',(46.5501379813759,-14.5252732928435,71.8021244012246));
#6304=CARTESIAN_POINT('',(45.5501379813759,-15.5252732928436,31.3862989089443));
#6305=CARTESIAN_POINT('Ctrl Pts',(46.5501379813759,-14.5252732928435,28.6294891585263));
#6306=CARTESIAN_POINT('Ctrl Pts',(46.5501379813759,-14.7481391317235,29.0916335982858));
#6307=CARTESIAN_POINT('Ctrl Pts',(46.4718188863301,-14.9901478816316,29.5896498196435));
#6308=CARTESIAN_POINT('Ctrl Pts',(46.1349260374651,-15.3759028969366,30.5407673332029));
#6309=CARTESIAN_POINT('Ctrl Pts',(45.8790803230932,-15.5252732928435,30.9925431456013));
#6310=CARTESIAN_POINT('Ctrl Pts',(45.5501379813759,-15.5252732928435,31.3862989089443));
#6311=CARTESIAN_POINT('',(45.5501379813759,-15.5252732928435,71.8021244012246));
#6312=CARTESIAN_POINT('Origin',(46.550137981376,-0.0252732928440252,30.6747596439229));
#6313=CARTESIAN_POINT('',(46.5501379813759,-15.6733626322031,28.6294891585263));
#6314=CARTESIAN_POINT('',(46.5501379813759,-8.27527329284379,28.6294891585263));
#6315=CARTESIAN_POINT('',(46.550137981376,-2.5,35.9769113079136));
#6316=CARTESIAN_POINT('',(46.5501379813761,14.9747267071558,35.9769113079136));
#6317=CARTESIAN_POINT('',(46.550137981376,2.5,35.9769113079136));
#6318=CARTESIAN_POINT('Origin',(46.550137981376,0.,35.9769113079136));
#6319=CARTESIAN_POINT('',(46.5501379813761,14.4747267071561,35.9769113079136));
#6320=CARTESIAN_POINT('',(46.5501379813761,14.9747267071558,35.9769113079136));
#6321=CARTESIAN_POINT('',(46.5501379813761,14.4747267071561,28.6294891585263));
#6322=CARTESIAN_POINT('',(46.5501379813761,14.4747267071561,71.8021244012246));
#6323=CARTESIAN_POINT('',(46.5501379813761,15.622816046515,28.6294891585263));
#6324=CARTESIAN_POINT('',(46.5501379813761,8.22472670715601,28.6294891585263));
#6325=CARTESIAN_POINT('',(46.5501379813761,10.4747267071558,26.3726079799323));
#6326=CARTESIAN_POINT('Origin',(46.5501379813761,10.4747267071558,33.3726079799323));
#6327=CARTESIAN_POINT('',(46.5501379813759,-10.5252732928438,26.3726079799323));
#6328=CARTESIAN_POINT('',(46.5501379813759,-15.0252732928438,26.3726079799323));
#6329=CARTESIAN_POINT('Origin',(46.5501379813759,-10.5252732928438,33.3726079799323));
#6330=CARTESIAN_POINT('Origin',(45.5501379813761,14.4747267071561,71.8021244012246));
#6331=CARTESIAN_POINT('',(45.5501379813761,15.4747267071562,31.3862989089443));
#6332=CARTESIAN_POINT('Ctrl Pts',(45.5501379813761,15.4747267071561,31.3862989089443));
#6333=CARTESIAN_POINT('Ctrl Pts',(45.8790803230934,15.4747267071561,30.9925431456014));
#6334=CARTESIAN_POINT('Ctrl Pts',(46.1349260374654,15.3253563112492,30.5407673332029));
#6335=CARTESIAN_POINT('Ctrl Pts',(46.4718188863303,14.9396012959442,29.5896498196435));
#6336=CARTESIAN_POINT('Ctrl Pts',(46.5501379813761,14.6975925460361,29.0916335982858));
#6337=CARTESIAN_POINT('Ctrl Pts',(46.5501379813761,14.4747267071561,28.6294891585263));
#6338=CARTESIAN_POINT('',(45.5501379813761,15.4747267071561,35.9769113079135));
#6339=CARTESIAN_POINT('Origin',(45.5501379813761,14.4747267071561,35.9769113079135));
#6340=CARTESIAN_POINT('',(45.5501379813761,15.4747267071561,71.8021244012246));
#6341=CARTESIAN_POINT('Origin',(42.2501379813759,-8.27527329284376,28.6294891585263));
#6342=CARTESIAN_POINT('',(42.2501379813759,-15.5252732928435,32.9294891585263));
#6343=CARTESIAN_POINT('Origin',(42.2501379813759,-15.5252732928436,28.6294891585263));
#6344=CARTESIAN_POINT('',(42.2501379813759,-17.5112339075421,32.9294891585263));
#6345=CARTESIAN_POINT('Ctrl Pts',(46.5501379813759,-15.6733626322031,28.6294891585263));
#6346=CARTESIAN_POINT('Ctrl Pts',(46.5501379813759,-15.6865069844539,28.6437557839774));
#6347=CARTESIAN_POINT('Ctrl Pts',(46.5500669796083,-15.6995834906807,28.6580677799252));
#6348=CARTESIAN_POINT('Ctrl Pts',(46.5469709695942,-15.980520641367,28.9681217114055));
#6349=CARTESIAN_POINT('Ctrl Pts',(46.5111643549516,-16.2445371156117,29.3146115066507));
#6350=CARTESIAN_POINT('Ctrl Pts',(46.3325103287923,-16.6897529694117,30.0294801844289));
#6351=CARTESIAN_POINT('Ctrl Pts',(46.1879654991575,-16.8713406744093,30.397191799593));
#6352=CARTESIAN_POINT('Ctrl Pts',(45.8368176749848,-17.1283218772416,31.0262514456475));
#6353=CARTESIAN_POINT('Ctrl Pts',(45.6110042931373,-17.2297665927373,31.3396815006659));
#6354=CARTESIAN_POINT('Ctrl Pts',(45.07153182932,-17.3741608254407,31.897562394104));
#6355=CARTESIAN_POINT('Ctrl Pts',(44.7578284574191,-17.4187424487631,32.1415466799632));
#6356=CARTESIAN_POINT('Ctrl Pts',(44.1320606643275,-17.4747885590729,32.5127882946924));
#6357=CARTESIAN_POINT('Ctrl Pts',(43.7679026070415,-17.4909012291254,32.6719228697888));
#6358=CARTESIAN_POINT('Ctrl Pts',(43.0088843795177,-17.5087209117727,32.8802754225498));
#6359=CARTESIAN_POINT('Ctrl Pts',(42.6140421812928,-17.5112339075421,32.9294891585263));
#6360=CARTESIAN_POINT('Ctrl Pts',(42.2501379813759,-17.5112339075421,32.9294891585263));
#6361=CARTESIAN_POINT('',(42.2501379813759,-8.27527329284376,32.9294891585263));
#6362=CARTESIAN_POINT('Origin',(42.2501379813761,8.22472670715604,28.6294891585263));
#6363=CARTESIAN_POINT('',(42.2501379813761,15.4747267071561,32.9294891585263));
#6364=CARTESIAN_POINT('Origin',(42.2501379813761,15.4747267071562,28.6294891585263));
#6365=CARTESIAN_POINT('',(42.2501379813761,17.4606873218541,32.9294891585263));
#6366=CARTESIAN_POINT('',(42.2501379813761,8.22472670715604,32.9294891585263));
#6367=CARTESIAN_POINT('Ctrl Pts',(42.2501379813761,17.4606873218541,32.9294891585263));
#6368=CARTESIAN_POINT('Ctrl Pts',(42.6140421812931,17.4606873218541,32.9294891585263));
#6369=CARTESIAN_POINT('Ctrl Pts',(43.0088843795179,17.4581743260847,32.8802754225498));
#6370=CARTESIAN_POINT('Ctrl Pts',(43.7679026070417,17.4403546434374,32.6719228697888));
#6371=CARTESIAN_POINT('Ctrl Pts',(44.1320606643278,17.4242419733849,32.5127882946924));
#6372=CARTESIAN_POINT('Ctrl Pts',(44.7578284574194,17.368195863075,32.1415466799632));
#6373=CARTESIAN_POINT('Ctrl Pts',(45.0715318293203,17.3236142397526,31.897562394104));
#6374=CARTESIAN_POINT('Ctrl Pts',(45.6110042931375,17.1792200070492,31.3396815006659));
#6375=CARTESIAN_POINT('Ctrl Pts',(45.836817674985,17.0777752915535,31.0262514456475));
#6376=CARTESIAN_POINT('Ctrl Pts',(46.1879654991578,16.8207940887212,30.397191799593));
#6377=CARTESIAN_POINT('Ctrl Pts',(46.3325103287926,16.6392063837236,30.0294801844289));
#6378=CARTESIAN_POINT('Ctrl Pts',(46.5111643549519,16.1939905299236,29.3146115066507));
#6379=CARTESIAN_POINT('Ctrl Pts',(46.5469709695944,15.9299740556789,28.9681217114055));
#6380=CARTESIAN_POINT('Ctrl Pts',(46.5500669796085,15.6490369049927,28.6580677799252));
#6381=CARTESIAN_POINT('Ctrl Pts',(46.5501379813761,15.6359603987658,28.6437557839774));
#6382=CARTESIAN_POINT('Ctrl Pts',(46.5501379813761,15.622816046515,28.6294891585263));
#6383=CARTESIAN_POINT('Origin',(39.200137981376,16.4747267071561,32.9294891585263));
#6384=CARTESIAN_POINT('',(21.850137981376,15.4747267071561,32.9294891585263));
#6385=CARTESIAN_POINT('',(21.850137981376,15.4747267071561,32.9294891585263));
#6386=CARTESIAN_POINT('',(21.850137981376,17.4606873218542,32.9294891585263));
#6387=CARTESIAN_POINT('',(21.850137981376,17.4747267071561,32.9294891585263));
#6388=CARTESIAN_POINT('',(56.5501379813761,17.460687321854,32.9294891585263));
#6389=CARTESIAN_POINT('Origin',(53.5501379813759,0.,35.9769113079136));
#6390=CARTESIAN_POINT('',(53.5501379813759,-2.5,35.9769113079136));
#6391=CARTESIAN_POINT('',(53.5501379813759,-2.5,35.9769113079135));
#6392=CARTESIAN_POINT('',(53.5501379813759,2.5,35.9769113079136));
#6393=CARTESIAN_POINT('Origin',(53.550137981376,0.,35.9769113079136));
#6394=CARTESIAN_POINT('',(53.5501379813759,2.5,35.9769113079135));
#6395=CARTESIAN_POINT('Origin',(56.5501379813761,14.9747267071557,35.9769113079135));
#6396=CARTESIAN_POINT('',(53.550137981376,15.4747267071561,35.9769113079135));
#6397=CARTESIAN_POINT('',(53.5501379813761,7.47472670715582,35.9769113079135));
#6398=CARTESIAN_POINT('',(60.050137981376,15.4747267071561,35.9769113079136));
#6399=CARTESIAN_POINT('Origin',(62.560137981376,0.0012638995292813,118.855464675365));
#6400=CARTESIAN_POINT('',(62.560137981376,1.41547746190238,119.355464675366));
#6401=CARTESIAN_POINT('',(62.560137981376,-4.52497147657588E-13,119.355464675366));
#6402=CARTESIAN_POINT('',(62.560137981376,4.98799530334254,119.355464675366));
#6403=CARTESIAN_POINT('',(62.560137981376,-1.41258861666285,119.356484697378));
#6404=CARTESIAN_POINT('Origin',(62.560137981376,0.0012638995292813,118.855464675365));
#6405=CARTESIAN_POINT('',(62.560137981376,0.000812472884589411,119.355464088684));
#6406=CARTESIAN_POINT('Origin',(82.560137981376,0.0012638995292813,118.855464675365));
#6407=CARTESIAN_POINT('',(70.660137981376,-1.49873610047073,118.855464675365));
#6408=CARTESIAN_POINT('Origin',(70.660137981376,0.0012638995292813,118.855464675365));
#6409=CARTESIAN_POINT('',(65.560137981376,-1.49873610047073,118.855464675365));
#6410=CARTESIAN_POINT('',(82.560137981376,-1.49873610047073,118.855464675365));
#6411=CARTESIAN_POINT('',(65.560137981376,-1.41258861666285,119.356484697378));
#6412=CARTESIAN_POINT('Origin',(65.560137981376,0.0012638995292813,118.855464675365));
#6413=CARTESIAN_POINT('',(82.560137981376,-1.41258861666285,119.356484697378));
#6414=CARTESIAN_POINT('',(65.560137981376,1.41547746190238,119.355464675366));
#6415=CARTESIAN_POINT('',(82.560137981376,1.41547746190238,119.355464675366));
#6416=CARTESIAN_POINT('Origin',(65.560137981376,0.0012638995292813,118.855464675365));
#6417=CARTESIAN_POINT('Origin',(62.560137981376,-27.304378620606,111.699294964277));
#6418=CARTESIAN_POINT('',(62.560137981376,-26.6183669639525,113.033231996874));
#6419=CARTESIAN_POINT('',(62.560137981376,-28.6393049772947,111.015210450333));
#6420=CARTESIAN_POINT('Origin',(62.5601379813761,-9.99277645632479,94.3626738832914));
#6421=CARTESIAN_POINT('',(62.560137981376,-28.804378620606,111.699294964277));
#6422=CARTESIAN_POINT('Origin',(62.560137981376,-27.304378620606,111.699294964277));
#6423=CARTESIAN_POINT('Origin',(62.560137981376,-27.304378620606,111.699294964277));
#6424=CARTESIAN_POINT('Origin',(82.560137981376,-27.304378620606,111.699294964277));
#6425=CARTESIAN_POINT('',(70.660137981376,-28.804378620606,111.699294964277));
#6426=CARTESIAN_POINT('Origin',(70.660137981376,-27.304378620606,111.699294964277));
#6427=CARTESIAN_POINT('',(82.560137981376,-28.804378620606,111.699294964277));
#6428=CARTESIAN_POINT('',(65.560137981376,-26.6183669639525,113.033231996874));
#6429=CARTESIAN_POINT('',(82.560137981376,-26.6183669639526,113.033231996874));
#6430=CARTESIAN_POINT('',(65.560137981376,-28.6393049772947,111.015210450333));
#6431=CARTESIAN_POINT('Origin',(65.560137981376,-27.304378620606,111.699294964277));
#6432=CARTESIAN_POINT('',(82.560137981376,-28.6393049772948,111.015210450333));
#6433=CARTESIAN_POINT('Origin',(62.560137981376,34.5064714666436,74.4374402272978));
#6434=CARTESIAN_POINT('',(62.560137981376,34.9747267071558,73.0124009191618));
#6435=CARTESIAN_POINT('',(62.560137981376,34.9747267071558,75.8624795354338));
#6436=CARTESIAN_POINT('',(62.560137981376,34.9747267071558,61.8964524513316));
#6437=CARTESIAN_POINT('Origin',(62.560137981376,34.5064714666436,74.4374402272978));
#6438=CARTESIAN_POINT('Origin',(82.560137981376,34.5064714666436,74.4374402272978));
#6439=CARTESIAN_POINT('',(70.660137981376,33.0064714666436,74.4374402272978));
#6440=CARTESIAN_POINT('Origin',(70.660137981376,34.5064714666436,74.4374402272978));
#6441=CARTESIAN_POINT('',(65.560137981376,33.0064714666436,74.4374402272978));
#6442=CARTESIAN_POINT('',(82.560137981376,33.0064714666436,74.4374402272978));
#6443=CARTESIAN_POINT('',(65.560137981376,34.9747267071558,75.8624795354338));
#6444=CARTESIAN_POINT('Origin',(65.560137981376,34.5064714666436,74.4374402272978));
#6445=CARTESIAN_POINT('',(82.560137981376,34.9747267071557,75.8624795354339));
#6446=CARTESIAN_POINT('',(65.560137981376,34.9747267071558,73.0124009191618));
#6447=CARTESIAN_POINT('',(82.560137981376,34.9747267071557,73.0124009191617));
#6448=CARTESIAN_POINT('Origin',(65.560137981376,34.5064714666436,74.4374402272978));
#6449=CARTESIAN_POINT('Origin',(82.560137981376,-34.5071715874503,74.4378087152229));
#6450=CARTESIAN_POINT('',(70.660137981376,-36.0071715874503,74.4378087152229));
#6451=CARTESIAN_POINT('Origin',(70.660137981376,-34.5071715874503,74.4378087152229));
#6452=CARTESIAN_POINT('',(62.560137981376,-36.0071715874503,74.4378087152229));
#6453=CARTESIAN_POINT('',(82.560137981376,-36.0071715874503,74.4378087152229));
#6454=CARTESIAN_POINT('',(62.560137981376,-35.0061491470531,75.8523833491722));
#6455=CARTESIAN_POINT('Origin',(62.560137981376,-34.5071715874503,74.4378087152229));
#6456=CARTESIAN_POINT('',(65.560137981376,-35.0061491470532,75.8523833491722));
#6457=CARTESIAN_POINT('',(82.560137981376,-35.0061491470533,75.8523833491722));
#6458=CARTESIAN_POINT('',(65.560137981376,-35.0081915378421,73.023956173651));
#6459=CARTESIAN_POINT('Origin',(65.560137981376,-34.5071715874503,74.4378087152229));
#6460=CARTESIAN_POINT('',(62.560137981376,-35.0081915378421,73.023956173651));
#6461=CARTESIAN_POINT('',(82.560137981376,-35.0081915378422,73.023956173651));
#6462=CARTESIAN_POINT('Origin',(62.560137981376,-34.5071715874503,74.4378087152229));
#6463=CARTESIAN_POINT('Origin',(62.560137981376,-34.5071715874503,74.4378087152229));
#6464=CARTESIAN_POINT('',(62.560137981376,-34.9999701405125,84.4094479971905));
#6465=CARTESIAN_POINT('Origin',(62.560137981376,27.3040764043676,111.699003390678));
#6466=CARTESIAN_POINT('',(62.560137981376,28.630191100585,110.997989972492));
#6467=CARTESIAN_POINT('',(62.560137981376,26.6019778621729,113.024543898187));
#6468=CARTESIAN_POINT('Origin',(62.5601379813759,9.97472670715586,94.3554646753655));
#6469=CARTESIAN_POINT('Origin',(62.560137981376,27.3040764043676,111.699003390678));
#6470=CARTESIAN_POINT('Origin',(82.560137981376,27.3040764043676,111.699003390678));
#6471=CARTESIAN_POINT('',(70.660137981376,25.8040764043676,111.699003390678));
#6472=CARTESIAN_POINT('Origin',(70.660137981376,27.3040764043676,111.699003390678));
#6473=CARTESIAN_POINT('',(65.560137981376,25.8040764043676,111.699003390678));
#6474=CARTESIAN_POINT('',(82.560137981376,25.8040764043676,111.699003390678));
#6475=CARTESIAN_POINT('',(65.5601379813761,26.6019778621729,113.024543898187));
#6476=CARTESIAN_POINT('Origin',(65.560137981376,27.3040764043676,111.699003390678));
#6477=CARTESIAN_POINT('',(82.560137981376,26.6019778621728,113.024543898187));
#6478=CARTESIAN_POINT('',(65.5601379813761,28.630191100585,110.997989972492));
#6479=CARTESIAN_POINT('',(82.560137981376,28.630191100585,110.997989972492));
#6480=CARTESIAN_POINT('Origin',(65.560137981376,27.3040764043676,111.699003390678));
#6481=CARTESIAN_POINT('Origin',(70.560137981376,-5.11812814352197E-13,119.355464675366));
#6482=CARTESIAN_POINT('',(65.560137981376,-9.97472410664681,119.362667365544));
#6483=CARTESIAN_POINT('',(65.560137981376,0.00631702049674438,119.355460113882));
#6484=CARTESIAN_POINT('',(8.59613798137595,-9.9747241066464,119.362667365544));
#6485=CARTESIAN_POINT('',(70.560137981376,-9.97472410664685,119.362667365544));
#6486=CARTESIAN_POINT('',(8.59613798137602,-6.16860718488231E-14,119.355464675366));
#6487=CARTESIAN_POINT('',(8.59613798137602,0.651464374398628,119.354994256735));
#6488=CARTESIAN_POINT('',(70.560137981376,-5.10433709188796E-13,119.355464675366));
#6489=CARTESIAN_POINT('Origin',(70.5601379813759,-9.99277645632485,94.3626738832914));
#6490=CARTESIAN_POINT('',(65.560137981376,-34.9927699385774,94.3807262329693));
#6491=CARTESIAN_POINT('Origin',(65.560137981376,-9.99277645632481,94.3626738832914));
#6492=CARTESIAN_POINT('',(8.59613798137575,-34.992769938577,94.3807262329693));
#6493=CARTESIAN_POINT('',(70.5601379813758,-34.9927699385774,94.3807262329693));
#6494=CARTESIAN_POINT('Origin',(8.59613798137594,-9.9927764563244,94.3626738832914));
#6495=CARTESIAN_POINT('Origin',(65.560137981376,-9.99277645632481,94.3626738832914));
#6496=CARTESIAN_POINT('',(53.550137981376,-23.7219393569428,115.255497676362));
#6497=CARTESIAN_POINT('',(53.550137981376,-16.7594892851451,118.429489158526));
#6498=CARTESIAN_POINT('Origin',(53.550137981376,-9.99277645632478,94.3626738832914));
#6499=CARTESIAN_POINT('',(21.850137981376,-16.7594892851446,118.429489158526));
#6500=CARTESIAN_POINT('',(70.5601379813759,-16.7594892851452,118.429489158526));
#6501=CARTESIAN_POINT('',(21.850137981376,-23.7219393569425,115.255497676362));
#6502=CARTESIAN_POINT('Origin',(21.8501379813758,-9.9927764563245,94.3626738832914));
#6503=CARTESIAN_POINT('',(70.5601379813759,-23.7219393569429,115.255497676362));
#6504=CARTESIAN_POINT('Origin',(70.5601379813762,34.9747267071558,49.3554646753655));
#6505=CARTESIAN_POINT('',(65.560137981376,34.9747267071558,94.3554646753655));
#6506=CARTESIAN_POINT('',(65.560137981376,34.9747267071558,58.1107878210146));
#6507=CARTESIAN_POINT('',(8.59613798137626,34.9747267071562,94.3554646753655));
#6508=CARTESIAN_POINT('',(70.5601379813763,34.9747267071558,94.3554646753655));
#6509=CARTESIAN_POINT('',(8.59613798137624,34.9747267071562,49.3554646753655));
#6510=CARTESIAN_POINT('',(8.59613798137625,34.9747267071562,57.1057954181559));
#6511=CARTESIAN_POINT('',(65.560137981376,34.9747264171362,49.3554658815685));
#6512=CARTESIAN_POINT('',(70.5601379813762,34.9747267071558,49.3554646753655));
#6513=CARTESIAN_POINT('',(70.5601379813762,34.9747267071558,49.3554646753655));
#6514=CARTESIAN_POINT('',(70.5601379813762,34.9747267071558,49.3554646753655));
#6515=CARTESIAN_POINT('',(65.560137981376,34.9747267071558,49.3695455081144));
#6516=CARTESIAN_POINT('',(70.560137981376,34.9747267071558,49.3695455081144));
#6517=CARTESIAN_POINT('',(65.560137981376,34.9747267071558,58.1107878210146));
#6518=CARTESIAN_POINT('Origin',(70.5601379813761,9.9747267071558,94.3554646753655));
#6519=CARTESIAN_POINT('',(65.560137981376,9.97472670715583,119.355464675366));
#6520=CARTESIAN_POINT('Origin',(65.5601379813761,9.97472670715584,94.3554646753655));
#6521=CARTESIAN_POINT('',(8.59613798137609,9.97472670715624,119.355464675366));
#6522=CARTESIAN_POINT('',(70.5601379813761,9.97472670715579,119.355464675366));
#6523=CARTESIAN_POINT('Origin',(8.59613798137608,9.97472670715625,94.3554646753655));
#6524=CARTESIAN_POINT('Origin',(65.5601379813761,9.97472670715584,94.3554646753655));
#6525=CARTESIAN_POINT('',(21.850137981376,23.6652028976321,115.273659188229));
#6526=CARTESIAN_POINT('',(53.550137981376,23.6652028976318,115.273659188229));
#6527=CARTESIAN_POINT('',(70.5601379813762,23.6652028976317,115.273659188229));
#6528=CARTESIAN_POINT('',(21.850137981376,16.7157463024529,118.429489158526));
#6529=CARTESIAN_POINT('Origin',(21.850137981376,9.97472670715615,94.3554646753655));
#6530=CARTESIAN_POINT('',(53.550137981376,16.7157463024529,118.429489158526));
#6531=CARTESIAN_POINT('',(70.5601379813761,16.7157463024529,118.429489158526));
#6532=CARTESIAN_POINT('Origin',(53.550137981376,9.9747267071559,94.3554646753655));
#6533=CARTESIAN_POINT('Origin',(70.660137981376,1.26357577326712,59.8561261609465));
#6534=CARTESIAN_POINT('',(70.660137981376,-9.97183573069837,123.362666322704));
#6535=CARTESIAN_POINT('',(70.660137981376,0.0028883759479692,123.355464675365));
#6536=CARTESIAN_POINT('',(70.660137981376,-4.3312040684792,123.358593255436));
#6537=CARTESIAN_POINT('',(70.660137981376,-38.9927688957378,94.3836146089178));
#6538=CARTESIAN_POINT('Origin',(70.660137981376,-9.99277645632485,94.3626738832914));
#6539=CARTESIAN_POINT('',(70.660137981376,-39.0252554993938,49.3977071717765));
#6540=CARTESIAN_POINT('',(70.660137981376,-39.0214715578712,54.6344196809868));
#6541=CARTESIAN_POINT('',(70.6601379813757,-39.0252631251582,49.3836263408632));
#6542=CARTESIAN_POINT('',(70.660137981376,-39.0214715578712,54.6344196809868));
#6543=CARTESIAN_POINT('',(70.660137981376,-39.0252631251577,49.3554646753653));
#6544=CARTESIAN_POINT('',(70.660137981376,-39.0252631252532,54.6198762505395));
#6545=CARTESIAN_POINT('',(70.6601379813763,38.9747267071558,49.3554646753655));
#6546=CARTESIAN_POINT('Origin',(70.660137981376,-0.0252682090007106,49.3695455081144));
#6547=CARTESIAN_POINT('',(70.660137981376,38.9747267071558,94.3554646753655));
#6548=CARTESIAN_POINT('',(70.660137981376,38.9747267071558,77.105795418156));
#6549=CARTESIAN_POINT('',(70.660137981376,9.97472670715585,123.355464675365));
#6550=CARTESIAN_POINT('Origin',(70.6601379813761,9.9747267071558,94.3554646753655));
#6551=CARTESIAN_POINT('',(70.660137981376,0.633232074607546,123.355464675365));
#6552=CARTESIAN_POINT('',(70.660137981376,15.0500074152532,17.7825876417157));
#6553=CARTESIAN_POINT('',(70.6601379813763,34.9747267071558,49.3554646753655));
#6554=CARTESIAN_POINT('Ctrl Pts',(70.660137981376,15.0500074152532,17.7825876417157));
#6555=CARTESIAN_POINT('Ctrl Pts',(70.660137981376,16.7029016680741,18.5714523543105));
#6556=CARTESIAN_POINT('Ctrl Pts',(70.660137981376,18.2937464292474,19.490322932268));
#6557=CARTESIAN_POINT('Ctrl Pts',(70.660137981376,19.8029892018326,20.5279080641237));
#6558=CARTESIAN_POINT('Ctrl Pts',(70.660137981376,22.7795030968254,22.5742233543513));
#6559=CARTESIAN_POINT('Ctrl Pts',(70.660137981376,25.4362813711676,25.0846453310166));
#6560=CARTESIAN_POINT('Ctrl Pts',(70.660137981376,27.6477949540062,27.9405600543627));
#6561=CARTESIAN_POINT('Ctrl Pts',(70.660137981376,29.152472833824,29.8836779914225));
#6562=CARTESIAN_POINT('Ctrl Pts',(70.660137981376,30.4516882925247,31.9857965555917));
#6563=CARTESIAN_POINT('Ctrl Pts',(70.660137981376,31.5168063733047,34.2005846523025));
#6564=CARTESIAN_POINT('Ctrl Pts',(70.660137981376,32.9486947805817,37.1780286160112));
#6565=CARTESIAN_POINT('Ctrl Pts',(70.660137981376,33.9560474239641,40.3592454453191));
#6566=CARTESIAN_POINT('Ctrl Pts',(70.660137981376,34.4989518917851,43.6181918558543));
#6567=CARTESIAN_POINT('Ctrl Pts',(70.660137981376,34.8146451370531,45.5132349609992));
#6568=CARTESIAN_POINT('Ctrl Pts',(70.660137981376,34.9739538067131,47.4343061712098));
#6569=CARTESIAN_POINT('Ctrl Pts',(70.660137981376,34.9747267071563,49.3554646753655));
#6570=CARTESIAN_POINT('',(70.660137981376,10.3227792357531,15.9342683822703));
#6571=CARTESIAN_POINT('Ctrl Pts',(70.660137981376,10.3227792357531,15.9342683822703));
#6572=CARTESIAN_POINT('Ctrl Pts',(70.660137981376,11.9404678442593,16.4349347415965));
#6573=CARTESIAN_POINT('Ctrl Pts',(70.660137981376,13.5217522294888,17.0532085021658));
#6574=CARTESIAN_POINT('Ctrl Pts',(70.660137981376,15.0500074152532,17.7825876417157));
#6575=CARTESIAN_POINT('',(70.660137981376,8.3663792338868,15.3904328711554));
#6576=CARTESIAN_POINT('Ctrl Pts',(70.660137981376,8.36637923388681,15.3904328711554));
#6577=CARTESIAN_POINT('Ctrl Pts',(70.660137981376,8.6949898319255,15.4715881477572));
#6578=CARTESIAN_POINT('Ctrl Pts',(70.660137981376,9.0224058677969,15.5575061241172));
#6579=CARTESIAN_POINT('Ctrl Pts',(70.660137981376,9.6746421331352,15.738813240448));
#6580=CARTESIAN_POINT('Ctrl Pts',(70.660137981376,9.999428048531,15.8341928418733));
#6581=CARTESIAN_POINT('Ctrl Pts',(70.660137981376,10.3227792357531,15.9342683822703));
#6582=CARTESIAN_POINT('',(70.660137981376,-8.41691565188821,15.3904328711553));
#6583=CARTESIAN_POINT('',(70.660137981376,-8.95189247905184,15.3904328711553));
#6584=CARTESIAN_POINT('',(70.660137981376,-10.4250024484836,15.9503089795969));
#6585=CARTESIAN_POINT('Ctrl Pts',(70.660137981376,-10.4250024484836,15.9503089795969));
#6586=CARTESIAN_POINT('Ctrl Pts',(70.660137981376,-10.0931935267973,15.84705334116));
#6587=CARTESIAN_POINT('Ctrl Pts',(70.660137981376,-9.759865215978,15.7487450655313));
#6588=CARTESIAN_POINT('Ctrl Pts',(70.660137981376,-9.09039159327734,15.5620886484793));
#6589=CARTESIAN_POINT('Ctrl Pts',(70.660137981376,-8.75428340456881,15.4737508573942));
#6590=CARTESIAN_POINT('Ctrl Pts',(70.660137981376,-8.41691565188821,15.3904328711553));
#6591=CARTESIAN_POINT('',(70.660137981376,-15.3814642021186,17.9182007511439));
#6592=CARTESIAN_POINT('Ctrl Pts',(70.660137981376,-15.3814642021187,17.9182007511439));
#6593=CARTESIAN_POINT('Ctrl Pts',(70.660137981376,-13.7825457911656,17.1375249267768));
#6594=CARTESIAN_POINT('Ctrl Pts',(70.660137981376,-12.1239745968473,16.4790122253515));
#6595=CARTESIAN_POINT('Ctrl Pts',(70.660137981376,-10.4250024484836,15.9503089795969));
#6596=CARTESIAN_POINT('',(70.660137981376,-35.0252631251577,49.3554646753654));
#6597=CARTESIAN_POINT('Ctrl Pts',(70.660137981376,-35.0252631251577,49.3554646753653));
#6598=CARTESIAN_POINT('Ctrl Pts',(70.660137981376,-35.0240526231825,46.3465827624196));
#6599=CARTESIAN_POINT('Ctrl Pts',(70.660137981376,-34.6327041962549,43.3380789683468));
#6600=CARTESIAN_POINT('Ctrl Pts',(70.660137981376,-33.8641044664948,40.4290196209323));
#6601=CARTESIAN_POINT('Ctrl Pts',(70.660137981376,-33.076496617697,37.44801678431));
#6602=CARTESIAN_POINT('Ctrl Pts',(70.660137981376,-31.8927625517981,34.5719324996565));
#6603=CARTESIAN_POINT('Ctrl Pts',(70.660137981376,-30.3538127429863,31.9001657580797));
#6604=CARTESIAN_POINT('Ctrl Pts',(70.660137981376,-29.3067363182976,30.0823391133419));
#6605=CARTESIAN_POINT('Ctrl Pts',(70.660137981376,-28.0958043404906,28.3589361299682));
#6606=CARTESIAN_POINT('Ctrl Pts',(70.660137981376,-26.7404987809046,26.7576836234557));
#6607=CARTESIAN_POINT('Ctrl Pts',(70.660137981376,-24.9184976768877,24.6050444536092));
#6608=CARTESIAN_POINT('Ctrl Pts',(70.660137981376,-22.8351598712356,22.6738112388238));
#6609=CARTESIAN_POINT('Ctrl Pts',(70.660137981376,-20.5508255917476,21.0199187640383));
#6610=CARTESIAN_POINT('Ctrl Pts',(70.660137981376,-18.9211299860241,19.8399945634956));
#6611=CARTESIAN_POINT('Ctrl Pts',(70.660137981376,-17.1894529246229,18.8009556664156));
#6612=CARTESIAN_POINT('Ctrl Pts',(70.660137981376,-15.3814642021187,17.9182007511439));
#6613=CARTESIAN_POINT('',(70.6601379813757,-35.0252641679978,49.3807379649147));
#6614=CARTESIAN_POINT('',(70.660137981376,-35.0254797362424,54.6050467244007));
#6615=CARTESIAN_POINT('',(70.660137981376,-35.0252565422334,49.3948187958281));
#6616=CARTESIAN_POINT('',(70.660137981376,-35.0052254860006,77.1315254390656));
#6617=CARTESIAN_POINT('',(70.660137981376,-30.0122375668359,67.4189635263705));
#6618=CARTESIAN_POINT('Origin',(70.660137981376,-0.0252682090007106,49.3695455081144));
#6619=CARTESIAN_POINT('',(70.660137981376,-29.9927712421269,94.3771157630337));
#6620=CARTESIAN_POINT('',(70.660137981376,-30.0052267895501,77.12791496913));
#6621=CARTESIAN_POINT('',(70.660137981376,-9.97833363564925,114.362668668414));
#6622=CARTESIAN_POINT('Origin',(70.660137981376,-9.99277645632485,94.3626738832914));
#6623=CARTESIAN_POINT('',(70.660137981376,-0.000360576939812951,114.355464675365));
#6624=CARTESIAN_POINT('',(70.660137981376,0.651281237030288,114.354994196735));
#6625=CARTESIAN_POINT('',(70.660137981376,9.97472670715584,114.355464675366));
#6626=CARTESIAN_POINT('',(70.660137981376,5.61915124021143,114.355464675366));
#6627=CARTESIAN_POINT('',(70.660137981376,29.9747267071558,94.3554646753654));
#6628=CARTESIAN_POINT('Origin',(70.660137981376,9.97472670715582,94.3554646753655));
#6629=CARTESIAN_POINT('',(70.660137981376,29.9747266807992,67.3973054543051));
#6630=CARTESIAN_POINT('',(70.660137981376,29.9747266771127,63.6267157935905));
#6631=CARTESIAN_POINT('Origin',(70.660137981376,-0.0252682090007106,49.3695455081144));
#6632=CARTESIAN_POINT('Origin',(70.560137981376,-0.0252682090007106,49.3695455081144));
#6633=CARTESIAN_POINT('',(65.560137981376,-35.0252540003131,49.3948187939925));
#6634=CARTESIAN_POINT('',(70.560137981376,-35.0252540003132,49.3948187939925));
#6635=CARTESIAN_POINT('',(65.560137981376,-30.0122375668359,67.4189635263705));
#6636=CARTESIAN_POINT('Origin',(65.560137981376,-0.0252682090007106,49.3695455081144));
#6637=CARTESIAN_POINT('',(70.560137981376,-30.0122375668359,67.4189635263705));
#6638=CARTESIAN_POINT('Origin',(70.5601379813758,-34.9927699385774,94.3807262329693));
#6639=CARTESIAN_POINT('',(65.560137981376,-35.0026948887357,80.6360506812284));
#6640=CARTESIAN_POINT('',(70.5601379813757,-35.0252641679978,49.3807379649147));
#6641=CARTESIAN_POINT('',(70.5601379813757,-35.0252641679978,49.3807379649147));
#6642=CARTESIAN_POINT('',(65.560137981376,-35.025263877492,49.3807379648218));
#6643=CARTESIAN_POINT('',(70.5601379813757,-35.0252641679978,49.3807379649147));
#6644=CARTESIAN_POINT('',(8.59613798137573,-35.0252641679974,49.3807379649147));
#6645=CARTESIAN_POINT('',(70.5601379813757,-35.0252641679978,49.3807379649147));
#6646=CARTESIAN_POINT('',(8.59613798137575,-35.003420251503,79.6315241355162));
#6647=CARTESIAN_POINT('',(65.560137981376,-35.0026948887357,80.6360506812284));
#6648=CARTESIAN_POINT('Origin',(70.560137981376,-35.0252631251577,49.3554646753654));
#6649=CARTESIAN_POINT('',(70.560137981376,-35.0252631251577,49.3554646753654));
#6650=CARTESIAN_POINT('',(70.560137981376,-35.0252631251577,49.3554646753654));
#6651=CARTESIAN_POINT('',(70.560137981376,-35.0252631251577,49.3554646753654));
#6652=CARTESIAN_POINT('Ctrl Pts',(70.560137981376,-15.3814642021187,17.9182007511439));
#6653=CARTESIAN_POINT('Ctrl Pts',(82.560137981376,-15.3814642021187,17.9182007511439));
#6654=CARTESIAN_POINT('Ctrl Pts',(70.560137981376,-17.1894529246229,18.8009556664156));
#6655=CARTESIAN_POINT('Ctrl Pts',(82.560137981376,-17.1894529246229,18.8009556664156));
#6656=CARTESIAN_POINT('Ctrl Pts',(70.560137981376,-18.9211299860241,19.8399945634956));
#6657=CARTESIAN_POINT('Ctrl Pts',(82.560137981376,-18.9211299860241,19.8399945634956));
#6658=CARTESIAN_POINT('Ctrl Pts',(70.560137981376,-20.5508255917476,21.0199187640383));
#6659=CARTESIAN_POINT('Ctrl Pts',(82.560137981376,-20.5508255917476,21.0199187640383));
#6660=CARTESIAN_POINT('Ctrl Pts',(70.560137981376,-22.8351598712356,22.6738112388238));
#6661=CARTESIAN_POINT('Ctrl Pts',(82.560137981376,-22.8351598712356,22.6738112388238));
#6662=CARTESIAN_POINT('Ctrl Pts',(70.560137981376,-24.9184976768877,24.6050444536092));
#6663=CARTESIAN_POINT('Ctrl Pts',(82.560137981376,-24.9184976768877,24.6050444536092));
#6664=CARTESIAN_POINT('Ctrl Pts',(70.560137981376,-26.7404987809046,26.7576836234557));
#6665=CARTESIAN_POINT('Ctrl Pts',(82.560137981376,-26.7404987809046,26.7576836234557));
#6666=CARTESIAN_POINT('Ctrl Pts',(70.560137981376,-28.0958043404906,28.3589361299682));
#6667=CARTESIAN_POINT('Ctrl Pts',(82.560137981376,-28.0958043404906,28.3589361299682));
#6668=CARTESIAN_POINT('Ctrl Pts',(70.560137981376,-29.3067363182976,30.0823391133419));
#6669=CARTESIAN_POINT('Ctrl Pts',(82.560137981376,-29.3067363182976,30.0823391133419));
#6670=CARTESIAN_POINT('Ctrl Pts',(70.560137981376,-30.3538127429863,31.9001657580797));
#6671=CARTESIAN_POINT('Ctrl Pts',(82.560137981376,-30.3538127429863,31.9001657580797));
#6672=CARTESIAN_POINT('Ctrl Pts',(70.560137981376,-31.8927625517981,34.5719324996565));
#6673=CARTESIAN_POINT('Ctrl Pts',(82.560137981376,-31.8927625517981,34.5719324996565));
#6674=CARTESIAN_POINT('Ctrl Pts',(70.560137981376,-33.076496617697,37.44801678431));
#6675=CARTESIAN_POINT('Ctrl Pts',(82.560137981376,-33.076496617697,37.44801678431));
#6676=CARTESIAN_POINT('Ctrl Pts',(70.560137981376,-33.8641044664948,40.4290196209323));
#6677=CARTESIAN_POINT('Ctrl Pts',(82.560137981376,-33.8641044664948,40.4290196209323));
#6678=CARTESIAN_POINT('Ctrl Pts',(70.560137981376,-34.6327041962549,43.3380789683468));
#6679=CARTESIAN_POINT('Ctrl Pts',(82.560137981376,-34.6327041962549,43.3380789683468));
#6680=CARTESIAN_POINT('Ctrl Pts',(70.560137981376,-35.0240526231825,46.3465827624196));
#6681=CARTESIAN_POINT('Ctrl Pts',(82.560137981376,-35.0240526231825,46.3465827624196));
#6682=CARTESIAN_POINT('Ctrl Pts',(70.560137981376,-35.0252631251577,49.3554646753653));
#6683=CARTESIAN_POINT('Ctrl Pts',(82.560137981376,-35.0252631251577,49.3554646753653));
#6684=CARTESIAN_POINT('',(70.560137981376,-15.3814642021187,17.9182007511439));
#6685=CARTESIAN_POINT('',(70.560137981376,-15.3814642021187,17.9182007511439));
#6686=CARTESIAN_POINT('Ctrl Pts',(70.560137981376,-15.3814642021187,17.9182007511439));
#6687=CARTESIAN_POINT('Ctrl Pts',(70.560137981376,-17.1894529246229,18.8009556664156));
#6688=CARTESIAN_POINT('Ctrl Pts',(70.560137981376,-18.9211299860241,19.8399945634956));
#6689=CARTESIAN_POINT('Ctrl Pts',(70.560137981376,-20.5508255917476,21.0199187640383));
#6690=CARTESIAN_POINT('Ctrl Pts',(70.560137981376,-22.8351598712356,22.6738112388238));
#6691=CARTESIAN_POINT('Ctrl Pts',(70.560137981376,-24.9184976768877,24.6050444536092));
#6692=CARTESIAN_POINT('Ctrl Pts',(70.560137981376,-26.7404987809046,26.7576836234557));
#6693=CARTESIAN_POINT('Ctrl Pts',(70.560137981376,-28.0958043404906,28.3589361299682));
#6694=CARTESIAN_POINT('Ctrl Pts',(70.560137981376,-29.3067363182976,30.0823391133419));
#6695=CARTESIAN_POINT('Ctrl Pts',(70.560137981376,-30.3538127429863,31.9001657580797));
#6696=CARTESIAN_POINT('Ctrl Pts',(70.560137981376,-31.8927625517981,34.5719324996565));
#6697=CARTESIAN_POINT('Ctrl Pts',(70.560137981376,-33.076496617697,37.44801678431));
#6698=CARTESIAN_POINT('Ctrl Pts',(70.560137981376,-33.8641044664948,40.4290196209323));
#6699=CARTESIAN_POINT('Ctrl Pts',(70.560137981376,-34.6327041962549,43.3380789683468));
#6700=CARTESIAN_POINT('Ctrl Pts',(70.560137981376,-35.0240526231825,46.3465827624196));
#6701=CARTESIAN_POINT('Ctrl Pts',(70.560137981376,-35.0252631251577,49.3554646753653));
#6702=CARTESIAN_POINT('Ctrl Pts',(70.560137981376,-10.4250024484836,15.9503089795969));
#6703=CARTESIAN_POINT('Ctrl Pts',(82.560137981376,-10.4250024484836,15.9503089795969));
#6704=CARTESIAN_POINT('Ctrl Pts',(70.560137981376,-12.1239745968473,16.4790122253515));
#6705=CARTESIAN_POINT('Ctrl Pts',(82.560137981376,-12.1239745968473,16.4790122253515));
#6706=CARTESIAN_POINT('Ctrl Pts',(70.560137981376,-13.7825457911656,17.1375249267768));
#6707=CARTESIAN_POINT('Ctrl Pts',(82.560137981376,-13.7825457911656,17.1375249267768));
#6708=CARTESIAN_POINT('Ctrl Pts',(70.560137981376,-15.3814642021187,17.9182007511439));
#6709=CARTESIAN_POINT('Ctrl Pts',(82.560137981376,-15.3814642021187,17.9182007511439));
#6710=CARTESIAN_POINT('',(70.560137981376,-10.4250024484836,15.9503089795969));
#6711=CARTESIAN_POINT('',(70.560137981376,-10.4250024484836,15.9503089795969));
#6712=CARTESIAN_POINT('Ctrl Pts',(70.560137981376,-10.4250024484836,15.9503089795969));
#6713=CARTESIAN_POINT('Ctrl Pts',(70.560137981376,-12.1239745968473,16.4790122253515));
#6714=CARTESIAN_POINT('Ctrl Pts',(70.560137981376,-13.7825457911656,17.1375249267768));
#6715=CARTESIAN_POINT('Ctrl Pts',(70.560137981376,-15.3814642021187,17.9182007511439));
#6716=CARTESIAN_POINT('Ctrl Pts',(70.560137981376,-8.41691565188821,15.3904328711553));
#6717=CARTESIAN_POINT('Ctrl Pts',(82.560137981376,-8.41691565188821,15.3904328711553));
#6718=CARTESIAN_POINT('Ctrl Pts',(70.560137981376,-9.0916386867055,15.5570657638467));
#6719=CARTESIAN_POINT('Ctrl Pts',(82.560137981376,-9.0916386867055,15.5570657638467));
#6720=CARTESIAN_POINT('Ctrl Pts',(70.560137981376,-9.76139687017686,15.7438015194896));
#6721=CARTESIAN_POINT('Ctrl Pts',(82.560137981376,-9.76139687017686,15.7438015194896));
#6722=CARTESIAN_POINT('Ctrl Pts',(70.560137981376,-10.4250024484836,15.9503089795969));
#6723=CARTESIAN_POINT('Ctrl Pts',(82.560137981376,-10.4250024484836,15.9503089795969));
#6724=CARTESIAN_POINT('',(70.560137981376,-8.41691565188821,15.3904328711553));
#6725=CARTESIAN_POINT('',(70.560137981376,-8.41691565188821,15.3904328711553));
#6726=CARTESIAN_POINT('Ctrl Pts',(70.560137981376,-8.41691565188821,15.3904328711553));
#6727=CARTESIAN_POINT('Ctrl Pts',(70.560137981376,-9.0916386867055,15.5570657638467));
#6728=CARTESIAN_POINT('Ctrl Pts',(70.560137981376,-9.76139687017686,15.7438015194896));
#6729=CARTESIAN_POINT('Ctrl Pts',(70.560137981376,-10.4250024484836,15.9503089795969));
#6730=CARTESIAN_POINT('Origin',(70.560137981376,-19.1673607313708,15.3904328711554));
#6731=CARTESIAN_POINT('',(70.560137981376,8.3663792338868,15.3904328711554));
#6732=CARTESIAN_POINT('',(70.560137981376,8.3663792338868,15.3904328711554));
#6733=CARTESIAN_POINT('',(66.3174309105347,0.721290476475096,15.3904328711553));
#6734=CARTESIAN_POINT('Ctrl Pts',(66.3174309105347,0.721290476475095,15.3904328711553));
#6735=CARTESIAN_POINT('Ctrl Pts',(66.915780353049,0.810719361655129,15.3904328711553));
#6736=CARTESIAN_POINT('Ctrl Pts',(67.4380825621755,0.923781063400045,15.3904328711553));
#6737=CARTESIAN_POINT('Ctrl Pts',(68.2186984882812,1.20094205627733,15.3904328711553));
#6738=CARTESIAN_POINT('Ctrl Pts',(68.5036392630783,1.34299860162544,15.3904328711506));
#6739=CARTESIAN_POINT('Ctrl Pts',(69.038119026383,1.72788835069388,15.3904328711506));
#6740=CARTESIAN_POINT('Ctrl Pts',(69.2645519683825,1.9789352743926,15.3904328711553));
#6741=CARTESIAN_POINT('Ctrl Pts',(69.6386003796716,2.59055846146298,15.3904328711553));
#6742=CARTESIAN_POINT('Ctrl Pts',(69.7936112303498,2.96751653265834,15.3904328711553));
#6743=CARTESIAN_POINT('Ctrl Pts',(70.076013195364,3.98267401864969,15.3904328711553));
#6744=CARTESIAN_POINT('Ctrl Pts',(70.1879485187392,4.61862518703426,15.3904328711568));
#6745=CARTESIAN_POINT('Ctrl Pts',(70.3241375643487,5.66951794373788,15.3904328711568));
#6746=CARTESIAN_POINT('Ctrl Pts',(70.3615669089927,6.00770220778389,15.3904328711555));
#6747=CARTESIAN_POINT('Ctrl Pts',(70.4277652850191,6.67341329119058,15.3904328711555));
#6748=CARTESIAN_POINT('Ctrl Pts',(70.4577598186887,7.01431867310302,15.3904328711554));
#6749=CARTESIAN_POINT('Ctrl Pts',(70.5120256066703,7.68693251627489,15.3904328711554));
#6750=CARTESIAN_POINT('Ctrl Pts',(70.5370866629287,8.02888599304179,15.3904328711553));
#6751=CARTESIAN_POINT('Ctrl Pts',(70.560137981376,8.36637923388681,15.3904328711553));
#6752=CARTESIAN_POINT('',(62.560137981376,18.6109358572427,15.3904328711553));
#6753=CARTESIAN_POINT('Ctrl Pts',(62.560137981376,18.6109358572427,15.3904328711553));
#6754=CARTESIAN_POINT('Ctrl Pts',(63.8045182191111,15.6825406501348,15.3904328711553));
#6755=CARTESIAN_POINT('Ctrl Pts',(65.0231516527228,11.9891855003981,15.3904328711553));
#6756=CARTESIAN_POINT('Ctrl Pts',(66.0010538283837,5.46036254058755,15.3904328711553));
#6757=CARTESIAN_POINT('Ctrl Pts',(66.1269133208288,3.81460467275091,15.3904328711545));
#6758=CARTESIAN_POINT('Ctrl Pts',(66.2523736586071,1.81264337601508,15.3904328711545));
#6759=CARTESIAN_POINT('Ctrl Pts',(66.2793501793724,1.24030009929673,15.3904328711553));
#6760=CARTESIAN_POINT('Ctrl Pts',(66.3174309105347,0.721290476475092,15.3904328711553));
#6761=CARTESIAN_POINT('',(62.560137981376,18.4391673652166,15.3904328711553));
#6762=CARTESIAN_POINT('',(62.560137981376,-19.1673607313708,15.3904328711554));
#6763=CARTESIAN_POINT('',(65.9987069832985,7.7715611723761E-15,15.3904328711553));
#6764=CARTESIAN_POINT('Ctrl Pts',(62.5595374539051,18.4390179344065,15.3904328711553));
#6765=CARTESIAN_POINT('Ctrl Pts',(64.9814370173059,12.6249008798285,15.3904328711553));
#6766=CARTESIAN_POINT('Ctrl Pts',(66.1658235302332,6.29672062247448,15.3904328711553));
#6767=CARTESIAN_POINT('Ctrl Pts',(65.9987069832985,7.23055475069439E-15,
15.3904328711553));
#6768=CARTESIAN_POINT('',(62.560137981376,-16.0619554058189,15.3904328711554));
#6769=CARTESIAN_POINT('Ctrl Pts',(65.9987069832985,8.88178419700125E-15,
15.3904328711553));
#6770=CARTESIAN_POINT('Ctrl Pts',(65.8526161014075,-5.50450260989283,15.3904328711553));
#6771=CARTESIAN_POINT('Ctrl Pts',(64.6721928431992,-10.9776826219245,15.3904328711553));
#6772=CARTESIAN_POINT('Ctrl Pts',(62.5567429196471,-16.0609230403517,15.3904328711553));
#6773=CARTESIAN_POINT('',(62.560137981376,-16.2697504789298,15.3904328711554));
#6774=CARTESIAN_POINT('',(62.560137981376,-19.1673607313708,15.3904328711554));
#6775=CARTESIAN_POINT('',(66.3089204023679,-0.708982697472486,15.3904328711553));
#6776=CARTESIAN_POINT('Ctrl Pts',(66.308920402368,-0.70898269747249,15.3904328711553));
#6777=CARTESIAN_POINT('Ctrl Pts',(66.2736340867781,-0.972844310481062,15.3904328711553));
#6778=CARTESIAN_POINT('Ctrl Pts',(66.2337461213828,-1.3145597409934,15.3904328711553));
#6779=CARTESIAN_POINT('Ctrl Pts',(66.1703385315184,-1.86343461088047,15.3904328711553));
#6780=CARTESIAN_POINT('Ctrl Pts',(66.124504185142,-2.26821410795388,15.3904328711553));
#6781=CARTESIAN_POINT('Ctrl Pts',(66.0383116320027,-2.98690086133028,15.3904328711553));
#6782=CARTESIAN_POINT('Ctrl Pts',(65.9995512789979,-3.29700608931806,15.3904328711553));
#6783=CARTESIAN_POINT('Ctrl Pts',(65.5663348845273,-6.57019204599486,15.3904328711553));
#6784=CARTESIAN_POINT('Ctrl Pts',(64.7647753808002,-11.1037908205407,15.3904328711554));
#6785=CARTESIAN_POINT('Ctrl Pts',(62.560137981376,-16.2697504789298,15.3904328711554));
#6786=CARTESIAN_POINT('Ctrl Pts',(70.560137981376,-8.41691565188821,15.3904328711554));
#6787=CARTESIAN_POINT('Ctrl Pts',(70.5142125765259,-7.74038056290639,15.3904328711554));
#6788=CARTESIAN_POINT('Ctrl Pts',(70.4583847882725,-7.01508446271834,15.3904328711553));
#6789=CARTESIAN_POINT('Ctrl Pts',(70.3298479467407,-5.71636466406666,15.3904328711553));
#6790=CARTESIAN_POINT('Ctrl Pts',(70.2482250818118,-5.02333787008664,15.3904328711553));
#6791=CARTESIAN_POINT('Ctrl Pts',(70.0233557724768,-3.7519860364378,15.3904328711553));
#6792=CARTESIAN_POINT('Ctrl Pts',(69.8782652076596,-3.17099918904513,15.3904328711553));
#6793=CARTESIAN_POINT('Ctrl Pts',(69.5238195762517,-2.35754117522916,15.3904328711553));
#6794=CARTESIAN_POINT('Ctrl Pts',(69.3524276966857,-2.08217007815786,15.3904328711553));
#6795=CARTESIAN_POINT('Ctrl Pts',(68.916043360115,-1.60387496420303,15.3904328711553));
#6796=CARTESIAN_POINT('Ctrl Pts',(68.6463479673682,-1.40727591146147,15.3904328711553));
#6797=CARTESIAN_POINT('Ctrl Pts',(67.8299548200945,-1.00995324975412,15.3904328711553));
#6798=CARTESIAN_POINT('Ctrl Pts',(67.1924624161739,-0.838984084418026,15.3904328711553));
#6799=CARTESIAN_POINT('Ctrl Pts',(66.3089204023679,-0.708982697472491,15.3904328711553));
#6800=CARTESIAN_POINT('Ctrl Pts',(70.560137981376,10.3227792357531,15.9342683822703));
#6801=CARTESIAN_POINT('Ctrl Pts',(82.560137981376,10.3227792357531,15.9342683822703));
#6802=CARTESIAN_POINT('Ctrl Pts',(70.560137981376,9.6760882013323,15.7341208111556));
#6803=CARTESIAN_POINT('Ctrl Pts',(82.560137981376,9.6760882013323,15.7341208111556));
#6804=CARTESIAN_POINT('Ctrl Pts',(70.560137981376,9.0235889054917,15.5527405782191));
#6805=CARTESIAN_POINT('Ctrl Pts',(82.560137981376,9.0235889054917,15.5527405782191));
#6806=CARTESIAN_POINT('Ctrl Pts',(70.560137981376,8.36637923388681,15.3904328711554));
#6807=CARTESIAN_POINT('Ctrl Pts',(82.560137981376,8.36637923388681,15.3904328711554));
#6808=CARTESIAN_POINT('',(70.560137981376,10.3227792357531,15.9342683822703));
#6809=CARTESIAN_POINT('',(70.560137981376,10.3227792357531,15.9342683822703));
#6810=CARTESIAN_POINT('Ctrl Pts',(70.560137981376,10.3227792357531,15.9342683822703));
#6811=CARTESIAN_POINT('Ctrl Pts',(70.560137981376,9.6760882013323,15.7341208111556));
#6812=CARTESIAN_POINT('Ctrl Pts',(70.560137981376,9.0235889054917,15.5527405782191));
#6813=CARTESIAN_POINT('Ctrl Pts',(70.560137981376,8.36637923388681,15.3904328711554));
#6814=CARTESIAN_POINT('Origin',(70.560137981376,-0.0252682090007106,49.3695455081144));
#6815=CARTESIAN_POINT('',(70.560137981376,-39.0252631251577,49.3554646753653));
#6816=CARTESIAN_POINT('',(70.560137981376,-39.0252631251577,49.3554646753653));
#6817=CARTESIAN_POINT('',(70.560137981376,-19.5765229122355,15.6242015143222));
#6818=CARTESIAN_POINT('Origin',(70.560137981376,-0.0252682090007106,49.3695455081144));
#6819=CARTESIAN_POINT('',(66.3427366021873,-19.1673607313708,15.3904328711554));
#6820=CARTESIAN_POINT('Ctrl Pts',(66.3427365225829,-19.1673607174657,15.3904328562659));
#6821=CARTESIAN_POINT('Ctrl Pts',(66.9214644045257,-19.2239054549748,15.4222872589839));
#6822=CARTESIAN_POINT('Ctrl Pts',(67.500207600955,-19.2802866554585,15.4542354789087));
#6823=CARTESIAN_POINT('Ctrl Pts',(68.0789507721074,-19.3365043227797,15.4862758689666));
#6824=CARTESIAN_POINT('Ctrl Pts',(68.9043139948344,-19.4166780464404,15.5319696428439));
#6825=CARTESIAN_POINT('Ctrl Pts',(69.7285591255647,-19.4964117979774,15.577788302263));
#6826=CARTESIAN_POINT('Ctrl Pts',(70.5562430167803,-19.5761476875151,15.6239841237944));
#6827=CARTESIAN_POINT('Ctrl Pts',(70.5575485676667,-19.576273459277,15.6240569909801));
#6828=CARTESIAN_POINT('Ctrl Pts',(70.5588324303938,-19.5763971408508,15.6241286481115));
#6829=CARTESIAN_POINT('Ctrl Pts',(70.560137981376,-19.576522910981,15.6242015162188));
#6830=CARTESIAN_POINT('',(65.5995677043103,-19.094658401646,15.3495784386011));
#6831=CARTESIAN_POINT('Ctrl Pts',(65.5995677043103,-19.0946584016461,15.3495784386011));
#6832=CARTESIAN_POINT('Ctrl Pts',(65.8472884652831,-19.1189226146325,15.3631793848987));
#6833=CARTESIAN_POINT('Ctrl Pts',(66.0950118394116,-19.1431567249964,15.3767975730714));
#6834=CARTESIAN_POINT('Ctrl Pts',(66.3427366021872,-19.1673607313708,15.3904328711553));
#6835=CARTESIAN_POINT('',(70.0144771573471,1.18860597969833,10.3884435331299));
#6836=CARTESIAN_POINT('Ctrl Pts',(70.0144771573471,1.18860597969785,10.3884435331299));
#6837=CARTESIAN_POINT('Ctrl Pts',(70.0144771573471,0.328744124154834,10.3616673759818));
#6838=CARTESIAN_POINT('Ctrl Pts',(69.9916716272188,-0.5397885810398,10.3631885887546));
#6839=CARTESIAN_POINT('Ctrl Pts',(69.8346580143444,-3.48257685930248,10.4678529881432));
#6840=CARTESIAN_POINT('Ctrl Pts',(69.5882858255656,-5.57158824127764,10.7101780795593));
#6841=CARTESIAN_POINT('Ctrl Pts',(68.8420549021616,-9.64378152379341,11.5172992007397));
#6842=CARTESIAN_POINT('Ctrl Pts',(68.3418086005298,-11.6308055224899,12.0825726896888));
#6843=CARTESIAN_POINT('Ctrl Pts',(67.1553054739355,-15.3874271898058,13.4667474326561));
#6844=CARTESIAN_POINT('Ctrl Pts',(66.4694733655875,-17.1572374532525,14.2854357233343));
#6845=CARTESIAN_POINT('Ctrl Pts',(65.6967301025602,-18.8810194433008,15.2304863540485));
#6846=CARTESIAN_POINT('Ctrl Pts',(65.6483399401899,-18.9879300587902,15.2897534419933));
#6847=CARTESIAN_POINT('Ctrl Pts',(65.5995677043103,-19.094658401646,15.3495784386011));
#6848=CARTESIAN_POINT('',(66.6306193575244,19.0441219836446,15.3495784386011));
#6849=CARTESIAN_POINT('Ctrl Pts',(66.6306193575244,19.0441219836446,15.3495784386011));
#6850=CARTESIAN_POINT('Ctrl Pts',(66.8956701093848,18.3699440397508,14.971677947248));
#6851=CARTESIAN_POINT('Ctrl Pts',(67.1493622963981,17.6804818576479,14.6115915275664));
#6852=CARTESIAN_POINT('Ctrl Pts',(68.049500019953,15.0480553052152,13.3363112806443));
#6853=CARTESIAN_POINT('Ctrl Pts',(68.6067586414047,13.0161339189867,12.5512293190131));
#6854=CARTESIAN_POINT('Ctrl Pts',(69.4525735592061,8.86997702935056,11.3361235126858));
#6855=CARTESIAN_POINT('Ctrl Pts',(69.740783885564,6.75558726632543,10.9063852515632));
#6856=CARTESIAN_POINT('Ctrl Pts',(69.9711748230401,3.53843296057887,10.5158530305773));
#6857=CARTESIAN_POINT('Ctrl Pts',(70.0144771573471,2.37172975607545,10.4252860886611));
#6858=CARTESIAN_POINT('Ctrl Pts',(70.0144771573471,1.18860597969785,10.3884435331299));
#6859=CARTESIAN_POINT('',(69.3300437889735,19.1168243133693,15.3904328711553));
#6860=CARTESIAN_POINT('Ctrl Pts',(69.3300437889744,19.1168243133694,15.3904328711553));
#6861=CARTESIAN_POINT('Ctrl Pts',(68.4302358110549,19.0926200261883,15.3767974148794));
#6862=CARTESIAN_POINT('Ctrl Pts',(67.530426252697,19.0683859159023,15.3631792275403));
#6863=CARTESIAN_POINT('Ctrl Pts',(66.6306193575244,19.0441219836446,15.3495784386011));
#6864=CARTESIAN_POINT('',(70.560137981376,19.1498945575013,15.4090841654253));
#6865=CARTESIAN_POINT('Ctrl Pts',(70.560137981376,19.1498945575013,15.4090841654253));
#6866=CARTESIAN_POINT('Ctrl Pts',(70.55913223234,19.1498675337748,15.4090689069649));
#6867=CARTESIAN_POINT('Ctrl Pts',(70.5581264833047,19.1498405100115,15.4090536485263));
#6868=CARTESIAN_POINT('Ctrl Pts',(70.1478915272387,19.1388177723839,15.4028298929804));
#6869=CARTESIAN_POINT('Ctrl Pts',(69.7389437139781,19.1278234725855,15.3966292343633));
#6870=CARTESIAN_POINT('Ctrl Pts',(69.3300437889734,19.1168243133693,15.3904328711553));
#6871=CARTESIAN_POINT('',(70.5601379813763,38.9747267071558,49.3554646753655));
#6872=CARTESIAN_POINT('Origin',(70.560137981376,-0.0252682090007106,49.3695455081144));
#6873=CARTESIAN_POINT('',(70.5601379813763,38.9747267071558,49.3554646753655));
#6874=CARTESIAN_POINT('Origin',(70.5601379813757,-39.0252631251582,49.3836263408632));
#6875=CARTESIAN_POINT('',(70.5601379813757,-39.0252631251582,49.3836263408632));
#6876=CARTESIAN_POINT('',(70.5601379813757,-39.0252631251582,49.3836263408632));
#6877=CARTESIAN_POINT('',(70.560137981376,-39.0252631251577,49.3554646753653));
#6878=CARTESIAN_POINT('Origin',(70.5601379813757,-39.0252631251582,49.3836263408632));
#6879=CARTESIAN_POINT('',(8.59613798137572,-38.9927688957378,94.3836146089178));
#6880=CARTESIAN_POINT('',(70.5601379813757,-38.9927688957378,94.3836146089178));
#6881=CARTESIAN_POINT('',(8.59613798137602,-39.0252419084007,49.4243961754818));
#6882=CARTESIAN_POINT('',(8.59613798137571,-39.0196663233736,57.1344183774374));
#6883=CARTESIAN_POINT('',(8.59613798137571,-39.0252631251578,49.3836263408632));
#6884=CARTESIAN_POINT('',(8.59613798137571,-39.0196663233736,57.1344183774374));
#6885=CARTESIAN_POINT('',(33.0279141443996,-39.0252631237403,49.3836283042734));
#6886=CARTESIAN_POINT('',(70.5601379813757,-39.0252631251582,49.3836263408632));
#6887=CARTESIAN_POINT('',(33.0279141443996,-39.0216526538047,54.3836270007239));
#6888=CARTESIAN_POINT('',(33.0279141443995,-39.0252631244491,49.3836273225683));
#6889=CARTESIAN_POINT('',(33.6895805376796,-39.0216526538047,54.3836270007239));
#6890=CARTESIAN_POINT('',(51.7940260628876,-39.0216526538047,54.3836270007239));
#6891=CARTESIAN_POINT('',(33.6895805376796,-39.0231352614877,52.3304215690655));
#6892=CARTESIAN_POINT('',(33.6895805376796,-39.0234578894813,51.8836266707935));
#6893=CARTESIAN_POINT('',(36.2884884852199,-39.0231352614877,52.3304215690655));
#6894=CARTESIAN_POINT('',(52.1248592595276,-39.0231352614878,52.3304215690655));
#6895=CARTESIAN_POINT('',(36.2884884852199,-39.0216526538047,54.3836270007239));
#6896=CARTESIAN_POINT('',(36.2884884852199,-39.0241991933228,50.8570239549643));
#6897=CARTESIAN_POINT('',(36.9501524943141,-39.0216526538047,54.3836270007239));
#6898=CARTESIAN_POINT('',(53.4243132332978,-39.0216526538047,54.3836270007239));
#6899=CARTESIAN_POINT('',(36.9501524943141,-39.0252631237403,49.3836283042734));
#6900=CARTESIAN_POINT('',(36.9501524943141,-39.0234578894813,51.8836266707935));
#6901=CARTESIAN_POINT('',(38.06201992214,-39.0252631237403,49.3836283042734));
#6902=CARTESIAN_POINT('',(70.5601379813757,-39.0252631251582,49.3836263408632));
#6903=CARTESIAN_POINT('',(38.06201992214,-39.0216526538047,54.3836270007239));
#6904=CARTESIAN_POINT('',(38.06201992214,-39.0252631244491,49.3836273225683));
#6905=CARTESIAN_POINT('',(40.2789383906154,-39.0216526538047,54.3836270007239));
#6906=CARTESIAN_POINT('',(54.3110789517579,-39.0216526538048,54.3836270007239));
#6907=CARTESIAN_POINT('',(41.295309640768,-39.0217499348859,54.2489062335398));
#6908=CARTESIAN_POINT('Ctrl Pts',(40.2789383906154,-39.0216526538047,54.3836270007239));
#6909=CARTESIAN_POINT('Ctrl Pts',(40.476461995179,-39.0216537518912,54.38210630359));
#6910=CARTESIAN_POINT('Ctrl Pts',(40.8214004845989,-39.0216556694965,54.3794506869441));
#6911=CARTESIAN_POINT('Ctrl Pts',(41.1534171153198,-39.021721711008,54.2879923789237));
#6912=CARTESIAN_POINT('Ctrl Pts',(41.295309640768,-39.0217499348859,54.2489062335398));
#6913=CARTESIAN_POINT('',(41.8512445467738,-39.0220934951808,53.7731230094977));
#6914=CARTESIAN_POINT('Ctrl Pts',(41.295309640768,-39.0217499348859,54.2489062335398));
#6915=CARTESIAN_POINT('Ctrl Pts',(41.406062049725,-39.0217893075003,54.1943806387852));
#6916=CARTESIAN_POINT('Ctrl Pts',(41.6317527443941,-39.0218695408133,54.0832686596119));
#6917=CARTESIAN_POINT('Ctrl Pts',(41.7771815252859,-39.0220179263579,53.8777753186033));
#6918=CARTESIAN_POINT('Ctrl Pts',(41.8512445467738,-39.0220934951808,53.7731230094977));
#6919=CARTESIAN_POINT('',(42.0592933672694,-39.0226377758236,53.0193700207364));
#6920=CARTESIAN_POINT('Ctrl Pts',(41.8512445467738,-39.0220934951808,53.7731230094977));
#6921=CARTESIAN_POINT('Ctrl Pts',(41.9119247790674,-39.0221781629101,53.6558699804962));
#6922=CARTESIAN_POINT('Ctrl Pts',(42.0343359018314,-39.0223489643624,53.4193337250297));
#6923=CARTESIAN_POINT('Ctrl Pts',(42.0509267455609,-39.0225409560465,53.1534519458126));
#6924=CARTESIAN_POINT('Ctrl Pts',(42.0592933672694,-39.0226377758236,53.0193700207364));
#6925=CARTESIAN_POINT('',(41.7148166674403,-39.02328549229,52.1223728028103));
#6926=CARTESIAN_POINT('Ctrl Pts',(42.0592933672694,-39.0226377758236,53.0193700207364));
#6927=CARTESIAN_POINT('Ctrl Pts',(42.045897962756,-39.0227600719617,52.8500068790803));
#6928=CARTESIAN_POINT('Ctrl Pts',(42.019536281915,-39.0230007464227,52.516706224957));
#6929=CARTESIAN_POINT('Ctrl Pts',(41.8152815531901,-39.023191612672,52.2523830165328));
#6930=CARTESIAN_POINT('Ctrl Pts',(41.7148166674403,-39.02328549229,52.1223728028103));
#6931=CARTESIAN_POINT('',(40.6506973284511,-39.0236204342241,51.6585248097265));
#6932=CARTESIAN_POINT('Ctrl Pts',(41.7148166674403,-39.02328549229,52.1223728028103));
#6933=CARTESIAN_POINT('Ctrl Pts',(41.5743080792519,-39.0233661537571,52.0106678896906));
#6934=CARTESIAN_POINT('Ctrl Pts',(41.2622541512881,-39.0235452938935,51.762583716607));
#6935=CARTESIAN_POINT('Ctrl Pts',(40.8676325679439,-39.0235937799787,51.6954372323216));
#6936=CARTESIAN_POINT('Ctrl Pts',(40.6506973284511,-39.0236204342241,51.6585248097265));
#6937=CARTESIAN_POINT('',(41.0497432726649,-39.0238002181188,51.4095491208527));
#6938=CARTESIAN_POINT('Ctrl Pts',(40.6506973284511,-39.0236204342241,51.6585248097265));
#6939=CARTESIAN_POINT('Ctrl Pts',(40.729519808435,-39.0236485579393,51.6195773757293));
#6940=CARTESIAN_POINT('Ctrl Pts',(40.8708809977437,-39.0236989953505,51.5497285763579));
#6941=CARTESIAN_POINT('Ctrl Pts',(40.9948839230751,-39.0237691717999,51.4525439544937));
#6942=CARTESIAN_POINT('Ctrl Pts',(41.0497432726649,-39.0238002181188,51.4095491208527));
#6943=CARTESIAN_POINT('',(41.5988546389369,-39.0242804653398,50.7444735152834));
#6944=CARTESIAN_POINT('Ctrl Pts',(41.0497432726649,-39.0238002181188,51.4095491208527));
#6945=CARTESIAN_POINT('Ctrl Pts',(41.1469752530864,-39.0238703626087,51.3124087584601));
#6946=CARTESIAN_POINT('Ctrl Pts',(41.3512319370176,-39.0240177161938,51.1083445379003));
#6947=CARTESIAN_POINT('Ctrl Pts',(41.5137170517748,-39.0241901269817,50.8695795764954));
#6948=CARTESIAN_POINT('Ctrl Pts',(41.5988546389369,-39.0242804653398,50.7444735152834));
#6949=CARTESIAN_POINT('',(42.4685698527125,-39.0252631237403,49.3836283042734));
#6950=CARTESIAN_POINT('',(46.1069687616046,-39.0293740133688,43.6906179343444));
#6951=CARTESIAN_POINT('',(43.0688434618739,-39.0252631237403,49.3836283042734));
#6952=CARTESIAN_POINT('',(70.5601379813757,-39.0252631251582,49.3836263408632));
#6953=CARTESIAN_POINT('',(43.0688434618739,-39.0216526538047,54.3836270007239));
#6954=CARTESIAN_POINT('',(43.0688434618739,-39.0252631244492,49.3836273225683));
#6955=CARTESIAN_POINT('',(43.7305074709682,-39.0216526538047,54.3836270007239));
#6956=CARTESIAN_POINT('',(56.8144907216248,-39.0216526538048,54.3836270007239));
#6957=CARTESIAN_POINT('',(43.7305074709682,-39.0248370589104,49.9736688341903));
#6958=CARTESIAN_POINT('',(43.7305074709682,-39.0234578894814,51.8836266707935));
#6959=CARTESIAN_POINT('',(46.1929899233607,-39.0248370589104,49.9736688341903));
#6960=CARTESIAN_POINT('',(57.1453227261719,-39.0248370589105,49.9736688341903));
#6961=CARTESIAN_POINT('',(46.1929899233607,-39.0252631237403,49.3836283042734));
#6962=CARTESIAN_POINT('',(46.1929899233607,-39.0250500920342,49.6786475875267));
#6963=CARTESIAN_POINT('',(70.5599165906768,-39.0252631251582,49.3836263408632));
#6964=CARTESIAN_POINT('',(70.5601379813757,-39.0252631251582,49.3836263408632));
#6965=CARTESIAN_POINT('',(70.5601379813757,-39.0252631251582,49.3836263408632));
#6966=CARTESIAN_POINT('Origin',(70.560137981376,29.9747266807992,67.3973054543051));
#6967=CARTESIAN_POINT('',(65.560137981376,29.9747267071558,94.3554646753654));
#6968=CARTESIAN_POINT('',(70.560137981376,29.9747267071558,94.3554646753654));
#6969=CARTESIAN_POINT('',(65.560137981376,29.9747266807992,67.3973054543051));
#6970=CARTESIAN_POINT('',(65.560137981376,29.9747266631615,49.3570893870824));
#6971=CARTESIAN_POINT('',(70.560137981376,29.9747266807992,67.3973054543051));
#6972=CARTESIAN_POINT('Origin',(70.560137981376,9.97472670715582,94.3554646753655));
#6973=CARTESIAN_POINT('',(65.560137981376,9.97472670715584,114.355464675366));
#6974=CARTESIAN_POINT('',(70.560137981376,9.97472670715584,114.355464675366));
#6975=CARTESIAN_POINT('Origin',(65.560137981376,9.97472670715582,94.3554646753655));
#6976=CARTESIAN_POINT('Origin',(70.560137981376,9.97472670715584,114.355464675366));
#6977=CARTESIAN_POINT('',(65.560137981376,-0.000360576939815171,114.355464675365));
#6978=CARTESIAN_POINT('',(70.560137981376,-0.000360576939815171,114.355464675365));
#6979=CARTESIAN_POINT('',(65.560137981376,9.97472670715584,114.355464675366));
#6980=CARTESIAN_POINT('Origin',(70.560137981376,-0.000360576939815171,114.355464675365));
#6981=CARTESIAN_POINT('',(65.560137981376,-9.97833363564926,114.362668668414));
#6982=CARTESIAN_POINT('',(70.560137981376,-9.97833363564926,114.362668668414));
#6983=CARTESIAN_POINT('',(65.560137981376,-0.000360576939815171,114.355464675365));
#6984=CARTESIAN_POINT('Origin',(70.560137981376,-9.99277645632485,94.3626738832914));
#6985=CARTESIAN_POINT('',(65.560137981376,-29.9927712421269,94.3771157630337));
#6986=CARTESIAN_POINT('',(70.560137981376,-29.9927712421269,94.3771157630337));
#6987=CARTESIAN_POINT('Origin',(65.560137981376,-9.99277645632485,94.3626738832914));
#6988=CARTESIAN_POINT('Origin',(70.560137981376,-29.9927712421269,94.3771157630337));
#6989=CARTESIAN_POINT('',(65.560137981376,-29.9927712421269,94.3771157630337));
#6990=CARTESIAN_POINT('Origin',(70.560137981376,0.0028883759479692,123.355464675365));
#6991=CARTESIAN_POINT('',(4.59613798137602,9.97472670715585,123.355464675365));
#6992=CARTESIAN_POINT('',(8.59613798137602,9.97472670715585,123.355464675365));
#6993=CARTESIAN_POINT('',(4.59613798137602,0.0028883759484799,123.355464675366));
#6994=CARTESIAN_POINT('',(4.59613798137602,0.0028883759484799,123.355464675366));
#6995=CARTESIAN_POINT('',(8.59613798137602,0.00288837594841822,123.355464675366));
#6996=CARTESIAN_POINT('',(8.59613798137602,0.0028883759484799,123.355464675366));
#6997=CARTESIAN_POINT('',(70.560137981376,0.00288837594796947,123.355464675365));
#6998=CARTESIAN_POINT('Origin',(70.5601379813761,9.9747267071558,94.3554646753655));
#6999=CARTESIAN_POINT('',(8.59613798137629,38.9747267071558,94.3554646753655));
#7000=CARTESIAN_POINT('',(70.560137981376,38.9747267071558,94.3554646753655));
#7001=CARTESIAN_POINT('',(4.59613798137602,38.9747267071563,94.3554646753655));
#7002=CARTESIAN_POINT('',(8.59613798137602,38.9747267071563,94.3554646753655));
#7003=CARTESIAN_POINT('Origin',(4.59613798137602,9.9747267071563,94.3554646753655));
#7004=CARTESIAN_POINT('Origin',(70.5601379813763,38.9747267071558,94.3554646753655));
#7005=CARTESIAN_POINT('',(8.59613798137628,38.9747267071562,49.3554646753655));
#7006=CARTESIAN_POINT('',(70.5601379813763,38.9747267071558,49.3554646753655));
#7007=CARTESIAN_POINT('',(8.59613798137625,38.9747297487718,49.3789927387484));
#7008=CARTESIAN_POINT('',(8.59613798137629,38.9747267071562,79.6057954181559));
#7009=CARTESIAN_POINT('',(8.59613798137629,38.9747267071562,79.6057954181559));
#7010=CARTESIAN_POINT('Ctrl Pts',(70.560137981376,15.0500074152532,17.7825876417157));
#7011=CARTESIAN_POINT('Ctrl Pts',(82.560137981376,15.0500074152532,17.7825876417157));
#7012=CARTESIAN_POINT('Ctrl Pts',(70.560137981376,13.5217522294888,17.0532085021658));
#7013=CARTESIAN_POINT('Ctrl Pts',(82.560137981376,13.5217522294888,17.0532085021658));
#7014=CARTESIAN_POINT('Ctrl Pts',(70.560137981376,11.9404678442593,16.4349347415965));
#7015=CARTESIAN_POINT('Ctrl Pts',(82.560137981376,11.9404678442593,16.4349347415965));
#7016=CARTESIAN_POINT('Ctrl Pts',(70.560137981376,10.3227792357531,15.9342683822703));
#7017=CARTESIAN_POINT('Ctrl Pts',(82.560137981376,10.3227792357531,15.9342683822703));
#7018=CARTESIAN_POINT('',(70.560137981376,15.0500074152532,17.7825876417157));
#7019=CARTESIAN_POINT('',(70.560137981376,15.0500074152532,17.7825876417157));
#7020=CARTESIAN_POINT('Ctrl Pts',(70.560137981376,15.0500074152532,17.7825876417157));
#7021=CARTESIAN_POINT('Ctrl Pts',(70.560137981376,13.5217522294888,17.0532085021658));
#7022=CARTESIAN_POINT('Ctrl Pts',(70.560137981376,11.9404678442593,16.4349347415965));
#7023=CARTESIAN_POINT('Ctrl Pts',(70.560137981376,10.3227792357531,15.9342683822703));
#7024=CARTESIAN_POINT('Ctrl Pts',(70.560137981376,34.9747267071563,49.3554646753655));
#7025=CARTESIAN_POINT('Ctrl Pts',(82.560137981376,34.9747267071563,49.3554646753655));
#7026=CARTESIAN_POINT('Ctrl Pts',(70.560137981376,34.9739538067131,47.4343061712098));
#7027=CARTESIAN_POINT('Ctrl Pts',(82.560137981376,34.9739538067131,47.4343061712098));
#7028=CARTESIAN_POINT('Ctrl Pts',(70.560137981376,34.8146451370531,45.5132349609992));
#7029=CARTESIAN_POINT('Ctrl Pts',(82.560137981376,34.8146451370531,45.5132349609992));
#7030=CARTESIAN_POINT('Ctrl Pts',(70.560137981376,34.4989518917851,43.6181918558543));
#7031=CARTESIAN_POINT('Ctrl Pts',(82.560137981376,34.4989518917851,43.6181918558543));
#7032=CARTESIAN_POINT('Ctrl Pts',(70.560137981376,33.9560474239641,40.3592454453191));
#7033=CARTESIAN_POINT('Ctrl Pts',(82.560137981376,33.9560474239641,40.3592454453191));
#7034=CARTESIAN_POINT('Ctrl Pts',(70.560137981376,32.9486947805817,37.1780286160112));
#7035=CARTESIAN_POINT('Ctrl Pts',(82.560137981376,32.9486947805817,37.1780286160112));
#7036=CARTESIAN_POINT('Ctrl Pts',(70.560137981376,31.5168063733047,34.2005846523025));
#7037=CARTESIAN_POINT('Ctrl Pts',(82.560137981376,31.5168063733047,34.2005846523025));
#7038=CARTESIAN_POINT('Ctrl Pts',(70.560137981376,30.4516882925247,31.9857965555917));
#7039=CARTESIAN_POINT('Ctrl Pts',(82.560137981376,30.4516882925247,31.9857965555917));
#7040=CARTESIAN_POINT('Ctrl Pts',(70.560137981376,29.152472833824,29.8836779914225));
#7041=CARTESIAN_POINT('Ctrl Pts',(82.560137981376,29.152472833824,29.8836779914225));
#7042=CARTESIAN_POINT('Ctrl Pts',(70.560137981376,27.6477949540062,27.9405600543627));
#7043=CARTESIAN_POINT('Ctrl Pts',(82.560137981376,27.6477949540062,27.9405600543627));
#7044=CARTESIAN_POINT('Ctrl Pts',(70.560137981376,25.4362813711676,25.0846453310166));
#7045=CARTESIAN_POINT('Ctrl Pts',(82.560137981376,25.4362813711676,25.0846453310166));
#7046=CARTESIAN_POINT('Ctrl Pts',(70.560137981376,22.7795030968254,22.5742233543513));
#7047=CARTESIAN_POINT('Ctrl Pts',(82.560137981376,22.7795030968254,22.5742233543513));
#7048=CARTESIAN_POINT('Ctrl Pts',(70.560137981376,19.8029892018326,20.5279080641237));
#7049=CARTESIAN_POINT('Ctrl Pts',(82.560137981376,19.8029892018326,20.5279080641237));
#7050=CARTESIAN_POINT('Ctrl Pts',(70.560137981376,18.2937464292474,19.490322932268));
#7051=CARTESIAN_POINT('Ctrl Pts',(82.560137981376,18.2937464292474,19.490322932268));
#7052=CARTESIAN_POINT('Ctrl Pts',(70.560137981376,16.7029016680741,18.5714523543105));
#7053=CARTESIAN_POINT('Ctrl Pts',(82.560137981376,16.7029016680741,18.5714523543105));
#7054=CARTESIAN_POINT('Ctrl Pts',(70.560137981376,15.0500074152532,17.7825876417157));
#7055=CARTESIAN_POINT('Ctrl Pts',(82.560137981376,15.0500074152532,17.7825876417157));
#7056=CARTESIAN_POINT('',(70.5601379813762,34.9747267071558,49.3554646753655));
#7057=CARTESIAN_POINT('Ctrl Pts',(70.560137981376,34.9747267071563,49.3554646753655));
#7058=CARTESIAN_POINT('Ctrl Pts',(70.560137981376,34.9739538067131,47.4343061712098));
#7059=CARTESIAN_POINT('Ctrl Pts',(70.560137981376,34.8146451370531,45.5132349609992));
#7060=CARTESIAN_POINT('Ctrl Pts',(70.560137981376,34.4989518917851,43.6181918558543));
#7061=CARTESIAN_POINT('Ctrl Pts',(70.560137981376,33.9560474239641,40.3592454453191));
#7062=CARTESIAN_POINT('Ctrl Pts',(70.560137981376,32.9486947805817,37.1780286160112));
#7063=CARTESIAN_POINT('Ctrl Pts',(70.560137981376,31.5168063733047,34.2005846523025));
#7064=CARTESIAN_POINT('Ctrl Pts',(70.560137981376,30.4516882925247,31.9857965555917));
#7065=CARTESIAN_POINT('Ctrl Pts',(70.560137981376,29.152472833824,29.8836779914225));
#7066=CARTESIAN_POINT('Ctrl Pts',(70.560137981376,27.6477949540062,27.9405600543627));
#7067=CARTESIAN_POINT('Ctrl Pts',(70.560137981376,25.4362813711676,25.0846453310166));
#7068=CARTESIAN_POINT('Ctrl Pts',(70.560137981376,22.7795030968254,22.5742233543513));
#7069=CARTESIAN_POINT('Ctrl Pts',(70.560137981376,19.8029892018326,20.5279080641237));
#7070=CARTESIAN_POINT('Ctrl Pts',(70.560137981376,18.2937464292474,19.490322932268));
#7071=CARTESIAN_POINT('Ctrl Pts',(70.560137981376,16.7029016680741,18.5714523543105));
#7072=CARTESIAN_POINT('Ctrl Pts',(70.560137981376,15.0500074152532,17.7825876417157));
#7073=CARTESIAN_POINT('Origin',(70.560137981376,-0.0252682090007106,49.3695455081144));
#7074=CARTESIAN_POINT('Origin',(65.560137981376,-0.0252682090007106,49.3695455081144));
#7075=CARTESIAN_POINT('Origin',(70.560137981376,-0.0252682090007106,49.3695455081144));
#7076=CARTESIAN_POINT('',(65.560137981376,8.37390217548,15.392291956393));
#7077=CARTESIAN_POINT('Ctrl Pts',(70.560137981376,15.0500074152532,17.7825876417157));
#7078=CARTESIAN_POINT('Ctrl Pts',(70.5450278618107,15.0340598224518,17.7749764511084));
#7079=CARTESIAN_POINT('Ctrl Pts',(70.5299631516459,15.0180713220411,17.7673609240388));
#7080=CARTESIAN_POINT('Ctrl Pts',(70.106678204612,14.5703063067317,17.5544922722189));
#7081=CARTESIAN_POINT('Ctrl Pts',(69.1309789560916,13.5282630650308,17.0641227714988));
#7082=CARTESIAN_POINT('Ctrl Pts',(67.1315729170639,10.9238227878902,16.10286636795));
#7083=CARTESIAN_POINT('Ctrl Pts',(66.29695275578,9.68235498222061,15.7157412324546));
#7084=CARTESIAN_POINT('Ctrl Pts',(65.560137981376,8.37390217548,15.392291956393));
#7085=CARTESIAN_POINT('Origin',(65.560137981376,-0.0252682090007106,49.3695455081144));
#7086=CARTESIAN_POINT('Origin',(70.560137981376,-0.0252682090007106,49.3695455081144));
#7087=CARTESIAN_POINT('',(65.560137981376,-9.18469131556638,15.5893029035917));
#7088=CARTESIAN_POINT('Ctrl Pts',(65.560137981376,-9.18469131556638,15.5893029035917));
#7089=CARTESIAN_POINT('Ctrl Pts',(67.2514657304057,-11.927572717618,16.3330279142924));
#7090=CARTESIAN_POINT('Ctrl Pts',(69.2441758593744,-14.0744095188953,17.2825887404046));
#7091=CARTESIAN_POINT('Ctrl Pts',(70.5099574949653,-15.3316183460018,17.8939125730854));
#7092=CARTESIAN_POINT('Ctrl Pts',(70.5345695102423,-15.3560775422316,17.9058067097315));
#7093=CARTESIAN_POINT('Ctrl Pts',(70.5591823609524,-15.3805175315329,17.9177385369152));
#7094=CARTESIAN_POINT('Ctrl Pts',(70.560137981376,-15.3814642021187,17.9182007511439));
#7095=CARTESIAN_POINT('Origin',(65.560137981376,-0.0252682090007106,49.3695455081144));
#7096=CARTESIAN_POINT('Origin',(70.560137981376,-0.0252682090007106,49.3695455081144));
#7097=CARTESIAN_POINT('',(65.9987069832985,7.7715611723761E-15,14.3695571712147));
#7098=CARTESIAN_POINT('',(65.560137981376,-5.17559816203539,14.7505633821134));
#7099=CARTESIAN_POINT('Ctrl Pts',(65.9987069832985,7.105427357601E-15,14.3695571712147));
#7100=CARTESIAN_POINT('Ctrl Pts',(65.9767509473695,-0.827273102261558,14.3689599221686));
#7101=CARTESIAN_POINT('Ctrl Pts',(65.9314575811284,-1.6528594741054,14.3976888880819));
#7102=CARTESIAN_POINT('Ctrl Pts',(65.8633351141033,-2.47549761562285,14.4554366253093));
#7103=CARTESIAN_POINT('Ctrl Pts',(65.7961789410264,-3.2864669158262,14.5123652305904));
#7104=CARTESIAN_POINT('Ctrl Pts',(65.7069992510274,-4.09261667595806,14.5973565721585));
#7105=CARTESIAN_POINT('Ctrl Pts',(65.5966070484617,-4.89279134694713,14.7097765564328));
#7106=CARTESIAN_POINT('Ctrl Pts',(65.5836286119846,-4.98686516644372,14.7229933923211));
#7107=CARTESIAN_POINT('Ctrl Pts',(65.5703569738887,-5.08085645791249,14.7365893443475));
#7108=CARTESIAN_POINT('Ctrl Pts',(65.5567934485892,-5.17476339094072,14.7505633821134));
#7109=CARTESIAN_POINT('',(65.560137981376,7.55281012143305,15.1997847409783));
#7110=CARTESIAN_POINT('Ctrl Pts',(65.5555672357775,7.5519154822006,15.1997847409783));
#7111=CARTESIAN_POINT('Ctrl Pts',(65.6582041115636,6.83939494303809,15.0417444001773));
#7112=CARTESIAN_POINT('Ctrl Pts',(65.744321549774,6.12069523708391,14.9057066117927));
#7113=CARTESIAN_POINT('Ctrl Pts',(65.8132023808031,5.39664684634951,14.7921439852283));
#7114=CARTESIAN_POINT('Ctrl Pts',(65.8598655536758,4.90614179987519,14.7152112247477));
#7115=CARTESIAN_POINT('Ctrl Pts',(65.8986181610627,4.41318313167661,14.6485931167835));
#7116=CARTESIAN_POINT('Ctrl Pts',(65.9292364071881,3.91804260744195,14.5924365979473));
#7117=CARTESIAN_POINT('Ctrl Pts',(65.9871891520956,2.98086441712835,14.4861462376933));
#7118=CARTESIAN_POINT('Ctrl Pts',(66.0157658692284,2.03964311596151,14.4177624616992));
#7119=CARTESIAN_POINT('Ctrl Pts',(66.0141688866869,1.09628351452292,14.3875192680396));
#7120=CARTESIAN_POINT('Ctrl Pts',(66.0135507438223,0.731138003420448,14.375813057185));
#7121=CARTESIAN_POINT('Ctrl Pts',(66.0084120278251,0.365672670562014,14.3698211682588));
#7122=CARTESIAN_POINT('Ctrl Pts',(65.9987069832985,7.23055475069439E-15,
14.3695571712147));
#7123=CARTESIAN_POINT('Origin',(65.560137981376,-0.0252682090007106,49.3695455081144));
#7124=CARTESIAN_POINT('Origin',(65.560137981376,-0.0252682090007195,66.8661109666636));
#7125=CARTESIAN_POINT('',(65.560137981376,-35.4672006165568,46.7412003541432));
#7126=CARTESIAN_POINT('Ctrl Pts',(65.560137981376,-35.4672006165568,46.7412003541432));
#7127=CARTESIAN_POINT('Ctrl Pts',(65.560137981376,-35.6835326061227,43.3512435567261));
#7128=CARTESIAN_POINT('Ctrl Pts',(65.5601379814281,-35.4032982694613,39.9391628679043));
#7129=CARTESIAN_POINT('Ctrl Pts',(65.5601379814281,-33.6355036981768,32.5112399392277));
#7130=CARTESIAN_POINT('Ctrl Pts',(65.560137981376,-31.916300873939,28.7838437393816));
#7131=CARTESIAN_POINT('Ctrl Pts',(65.560137981376,-27.9618530104265,23.3602011066114));
#7132=CARTESIAN_POINT('Ctrl Pts',(65.560137981376,-26.051678355871,21.5425203032804));
#7133=CARTESIAN_POINT('Ctrl Pts',(65.560137981376,-21.4502012051056,18.3961152589153));
#7134=CARTESIAN_POINT('Ctrl Pts',(65.5601379813839,-18.6103852341752,17.2576638365935));
#7135=CARTESIAN_POINT('Ctrl Pts',(65.5601379813839,-13.4311270593283,16.076760533665));
#7136=CARTESIAN_POINT('Ctrl Pts',(65.560137981376,-11.3665701048042,15.781150342615));
#7137=CARTESIAN_POINT('Ctrl Pts',(65.560137981376,-9.18469131556638,15.5893029035917));
#7138=CARTESIAN_POINT('Ctrl Pts',(65.560137981376,-35.0252641679978,49.3807379649147));
#7139=CARTESIAN_POINT('Ctrl Pts',(65.560137981376,-35.0989426032443,48.9406840126135));
#7140=CARTESIAN_POINT('Ctrl Pts',(65.560137981512,-35.172620832163,48.5006300257666));
#7141=CARTESIAN_POINT('Ctrl Pts',(65.560137981512,-35.3199329815585,47.6207841554886));
#7142=CARTESIAN_POINT('Ctrl Pts',(65.560137981376,-35.3935669022814,47.1809922720985));
#7143=CARTESIAN_POINT('Ctrl Pts',(65.560137981376,-35.4672006165568,46.7412003541432));
#7144=CARTESIAN_POINT('Origin',(65.560137981376,-0.0252682090007195,66.8661109666636));
#7145=CARTESIAN_POINT('',(65.560137981376,4.97472924907754,119.355464675366));
#7146=CARTESIAN_POINT('Origin',(65.560137981376,-0.0252682090007195,66.8661109666636));
#7147=CARTESIAN_POINT('',(65.560137981376,35.6033017682911,46.7412003541434));
#7148=CARTESIAN_POINT('Ctrl Pts',(65.560137981376,8.37390217548,15.392291956393));
#7149=CARTESIAN_POINT('Ctrl Pts',(65.560137981376,10.9737634587388,15.5420375244925));
#7150=CARTESIAN_POINT('Ctrl Pts',(65.560137981376,13.6780796120654,15.8400550841318));
#7151=CARTESIAN_POINT('Ctrl Pts',(65.560137981376,18.8161048095679,17.0190705346402));
#7152=CARTESIAN_POINT('Ctrl Pts',(65.560137981376,21.0795849621439,17.871387731785));
#7153=CARTESIAN_POINT('Ctrl Pts',(65.560137981376,24.8115051865918,20.0520870996985));
#7154=CARTESIAN_POINT('Ctrl Pts',(65.5601379813874,26.9713521881441,21.6337676945766));
#7155=CARTESIAN_POINT('Ctrl Pts',(65.5601379813874,31.1546131550917,26.871692152638));
#7156=CARTESIAN_POINT('Ctrl Pts',(65.560137981376,32.8170533086339,29.9864428389598));
#7157=CARTESIAN_POINT('Ctrl Pts',(65.560137981376,35.3152610860205,37.5105309143597));
#7158=CARTESIAN_POINT('Ctrl Pts',(65.560137981376,35.9351238026243,42.0484530371046));
#7159=CARTESIAN_POINT('Ctrl Pts',(65.560137981376,35.6033017682911,46.7412003541434));
#7160=CARTESIAN_POINT('',(65.560137981376,32.0282304993612,61.6100391644464));
#7161=CARTESIAN_POINT('Origin',(70.560137981376,-0.0252682090007106,49.3695455081144));
#7162=CARTESIAN_POINT('',(65.560137981376,-5.17559816203535,10.7111194782694));
#7163=CARTESIAN_POINT('',(65.9987069832985,7.7715611723761E-15,10.3695562357089));
#7164=CARTESIAN_POINT('Ctrl Pts',(65.5567934485892,-5.1747633909409,10.7111194782694));
#7165=CARTESIAN_POINT('Ctrl Pts',(65.5710469756553,-5.07607923751795,10.6979693214323));
#7166=CARTESIAN_POINT('Ctrl Pts',(65.5849816496546,-4.9772778596312,10.6851876308875));
#7167=CARTESIAN_POINT('Ctrl Pts',(65.5985961105,-4.87835636177467,10.6727766581531));
#7168=CARTESIAN_POINT('Ctrl Pts',(65.7082730638172,-4.08145308182357,10.5727949039979));
#7169=CARTESIAN_POINT('Ctrl Pts',(65.7967860832661,-3.27955196341952,10.4971985715807));
#7170=CARTESIAN_POINT('Ctrl Pts',(65.8634912918031,-2.47361114542999,10.44649003691));
#7171=CARTESIAN_POINT('Ctrl Pts',(65.8762875908277,-2.31900463224562,10.4367624371171));
#7172=CARTESIAN_POINT('Ctrl Pts',(65.888281240605,-2.16424955491803,10.4279507113375));
#7173=CARTESIAN_POINT('Ctrl Pts',(65.8994675248804,-2.00935281906921,10.4200584060941));
#7174=CARTESIAN_POINT('Ctrl Pts',(65.9477428619121,-1.34088311598174,10.3859985086162));
#7175=CARTESIAN_POINT('Ctrl Pts',(65.9809008722671,-0.670909665104424,10.3691215513422));
#7176=CARTESIAN_POINT('Ctrl Pts',(65.9987069832985,7.105427357601E-15,10.3695562357089));
#7177=CARTESIAN_POINT('',(65.560137981376,7.55281012143299,11.1128790230698));
#7178=CARTESIAN_POINT('Origin',(65.560137981376,-0.0252682090007106,49.3695455081144));
#7179=CARTESIAN_POINT('Ctrl Pts',(65.9987069832985,7.23055475069439E-15,
10.3695562357089));
#7180=CARTESIAN_POINT('Ctrl Pts',(66.0108308719657,0.456811376226549,10.3698522051578));
#7181=CARTESIAN_POINT('Ctrl Pts',(66.0158376730237,0.913629923496748,10.3781739642003));
#7182=CARTESIAN_POINT('Ctrl Pts',(66.0137847515416,1.3702716197882,10.3945263385341));
#7183=CARTESIAN_POINT('Ctrl Pts',(66.0114117781072,1.89810408868854,10.4134280599211));
#7184=CARTESIAN_POINT('Ctrl Pts',(65.9996084052421,2.42526102794236,10.4430436898426));
#7185=CARTESIAN_POINT('Ctrl Pts',(65.9785047233725,2.95146037626386,10.4833323592903));
#7186=CARTESIAN_POINT('Ctrl Pts',(65.9475960151607,3.7221383185736,10.5423396328025));
#7187=CARTESIAN_POINT('Ctrl Pts',(65.8968018444692,4.48919242640274,10.6241166308694));
#7188=CARTESIAN_POINT('Ctrl Pts',(65.8267487626411,5.25176340271863,10.7282855766478));
#7189=CARTESIAN_POINT('Ctrl Pts',(65.7892448464329,5.66001664800371,10.7840539070627));
#7190=CARTESIAN_POINT('Ctrl Pts',(65.7462204676952,6.0669856709642,10.8462401030915));
#7191=CARTESIAN_POINT('Ctrl Pts',(65.6977678785108,6.47254332366405,10.9147861973832));
#7192=CARTESIAN_POINT('Ctrl Pts',(65.6545374418802,6.83439053761595,10.9759444891369));
#7193=CARTESIAN_POINT('Ctrl Pts',(65.6071094946165,7.19410141414441,11.0420149346213));
#7194=CARTESIAN_POINT('Ctrl Pts',(65.5555672357775,7.55191548220056,11.1128790230698));
#7195=CARTESIAN_POINT('Origin',(65.560137981376,-0.0252682090007195,66.8661109666636));
#7196=CARTESIAN_POINT('Ctrl Pts',(65.560137981376,-5.17559816203539,14.7505633821134));
#7197=CARTESIAN_POINT('Ctrl Pts',(65.560137981376,-5.17559816203539,14.1269679918252));
#7198=CARTESIAN_POINT('Ctrl Pts',(65.560137981376,-5.17559816203537,13.503372601537));
#7199=CARTESIAN_POINT('Ctrl Pts',(65.560137981376,-5.17559816203537,12.1568913002556));
#7200=CARTESIAN_POINT('Ctrl Pts',(65.560137981376,-5.17559816203535,11.4340053892625));
#7201=CARTESIAN_POINT('Ctrl Pts',(65.560137981376,-5.17559816203535,10.7111194782694));
#7202=CARTESIAN_POINT('Ctrl Pts',(65.560137981376,7.55281012143299,11.1128790230698));
#7203=CARTESIAN_POINT('Ctrl Pts',(65.560137981376,7.55281012143299,11.7019175331906));
#7204=CARTESIAN_POINT('Ctrl Pts',(65.560137981376,7.55281012143305,12.2909560433113));
#7205=CARTESIAN_POINT('Ctrl Pts',(65.560137981376,7.55281012143305,13.6532579492809));
#7206=CARTESIAN_POINT('Ctrl Pts',(65.560137981376,7.55281012143305,14.4265213451296));
#7207=CARTESIAN_POINT('Ctrl Pts',(65.560137981376,7.55281012143305,15.1997847409783));
#7208=CARTESIAN_POINT('Ctrl Pts',(9.59613798137683,-42.0796806732966,5.34957843860111));
#7209=CARTESIAN_POINT('Ctrl Pts',(9.59613798137683,-42.0796806732966,20.3495784386011));
#7210=CARTESIAN_POINT('Ctrl Pts',(13.7946096276575,-43.2069705762621,5.34957843860111));
#7211=CARTESIAN_POINT('Ctrl Pts',(13.7946096276575,-43.2069705762621,20.3495784386011));
#7212=CARTESIAN_POINT('Ctrl Pts',(18.1582576629421,-43.7188113548572,5.34957843860111));
#7213=CARTESIAN_POINT('Ctrl Pts',(18.1582576629421,-43.7188113548572,20.3495784386011));
#7214=CARTESIAN_POINT('Ctrl Pts',(22.5038559406296,-43.5936142329779,5.34957843860111));
#7215=CARTESIAN_POINT('Ctrl Pts',(22.5038559406296,-43.5936142329779,20.3495784386011));
#7216=CARTESIAN_POINT('Ctrl Pts',(28.418551636875,-43.4232112572211,5.34957843860111));
#7217=CARTESIAN_POINT('Ctrl Pts',(28.418551636875,-43.4232112572211,20.3495784386011));
#7218=CARTESIAN_POINT('Ctrl Pts',(34.2966414047694,-42.0659947314114,5.34957843860111));
#7219=CARTESIAN_POINT('Ctrl Pts',(34.2966414047694,-42.0659947314114,20.3495784386011));
#7220=CARTESIAN_POINT('Ctrl Pts',(39.6873141829776,-39.6260542912334,5.34957843860111));
#7221=CARTESIAN_POINT('Ctrl Pts',(39.6873141829776,-39.6260542912334,20.3495784386011));
#7222=CARTESIAN_POINT('Ctrl Pts',(43.3550402822651,-37.9659584921851,5.34957843860111));
#7223=CARTESIAN_POINT('Ctrl Pts',(43.3550402822651,-37.9659584921851,20.3495784386011));
#7224=CARTESIAN_POINT('Ctrl Pts',(46.7973274821441,-35.8086467015184,5.34957843860111));
#7225=CARTESIAN_POINT('Ctrl Pts',(46.7973274821441,-35.8086467015184,20.3495784386011));
#7226=CARTESIAN_POINT('Ctrl Pts',(49.8904351396262,-33.2316682730797,5.34957843860111));
#7227=CARTESIAN_POINT('Ctrl Pts',(49.8904351396262,-33.2316682730797,20.3495784386011));
#7228=CARTESIAN_POINT('Ctrl Pts',(54.0486454612134,-29.7673147858284,5.34957843860111));
#7229=CARTESIAN_POINT('Ctrl Pts',(54.0486454612134,-29.7673147858284,20.3495784386011));
#7230=CARTESIAN_POINT('Ctrl Pts',(57.5711087241595,-25.5422999808825,5.34957843860111));
#7231=CARTESIAN_POINT('Ctrl Pts',(57.5711087241595,-25.5422999808825,20.3495784386011));
#7232=CARTESIAN_POINT('Ctrl Pts',(60.2309582599011,-20.8287388419558,5.34957843860111));
#7233=CARTESIAN_POINT('Ctrl Pts',(60.2309582599011,-20.8287388419558,20.3495784386011));
#7234=CARTESIAN_POINT('Ctrl Pts',(63.8067192802572,-14.4920765754787,5.34957843860111));
#7235=CARTESIAN_POINT('Ctrl Pts',(63.8067192802572,-14.4920765754787,20.3495784386011));
#7236=CARTESIAN_POINT('Ctrl Pts',(65.8056695864099,-7.27338243993086,5.34957843860111));
#7237=CARTESIAN_POINT('Ctrl Pts',(65.8056695864099,-7.27338243993086,20.3495784386011));
#7238=CARTESIAN_POINT('Ctrl Pts',(65.9987069832985,7.7715611723761E-15,
5.34957843860111));
#7239=CARTESIAN_POINT('Ctrl Pts',(65.9987069832985,7.7715611723761E-15,
20.3495784386011));
#7240=CARTESIAN_POINT('',(62.560137981376,-16.0619554058189,13.8192365716012));
#7241=CARTESIAN_POINT('Ctrl Pts',(62.5567429196471,-16.0609230403517,13.8192365716012));
#7242=CARTESIAN_POINT('Ctrl Pts',(62.7987502252499,-15.4794007345298,13.5569835128058));
#7243=CARTESIAN_POINT('Ctrl Pts',(63.0303459639811,-14.8883903036965,13.3075850548967));
#7244=CARTESIAN_POINT('Ctrl Pts',(63.2508252028186,-14.2881961791593,13.0717560858635));
#7245=CARTESIAN_POINT('Ctrl Pts',(63.4683455805475,-13.696056740687,12.8390919733875));
#7246=CARTESIAN_POINT('Ctrl Pts',(63.6750458194901,-13.0949784014677,12.6196355849125));
#7247=CARTESIAN_POINT('Ctrl Pts',(63.8702236398317,-12.4852970206924,12.4140734112747));
#7248=CARTESIAN_POINT('Ctrl Pts',(64.0393475377568,-11.9570008678374,12.2359513479647));
#7249=CARTESIAN_POINT('Ctrl Pts',(64.1998195376525,-11.4222458003587,12.0682616560967));
#7250=CARTESIAN_POINT('Ctrl Pts',(64.3511669967387,-10.8812778409062,11.9114509763672));
#7251=CARTESIAN_POINT('Ctrl Pts',(64.5395087142281,-10.2080796570376,11.7163106488106));
#7252=CARTESIAN_POINT('Ctrl Pts',(64.7132055080933,-9.5271018429335,11.5385550368232));
#7253=CARTESIAN_POINT('Ctrl Pts',(64.8715852474737,-8.83889026831753,11.3788345610492));
#7254=CARTESIAN_POINT('Ctrl Pts',(65.0274099699779,-8.16178107456461,11.2216907312066));
#7255=CARTESIAN_POINT('Ctrl Pts',(65.1684078377557,-7.47766956427375,11.0820048376076));
#7256=CARTESIAN_POINT('Ctrl Pts',(65.2939082509649,-6.78711536891349,10.960396327791));
#7257=CARTESIAN_POINT('Ctrl Pts',(65.3909012888419,-6.2534203195188,10.8664111488009));
#7258=CARTESIAN_POINT('Ctrl Pts',(65.4786371377022,-5.7158778350227,10.7832235488178));
#7259=CARTESIAN_POINT('Ctrl Pts',(65.5567934485892,-5.1747633909409,10.7111194782694));
#7260=CARTESIAN_POINT('',(62.560137981376,-16.061955405819,15.3495784386011));
#7261=CARTESIAN_POINT('Ctrl Pts',(62.560137981376,-16.0619554058189,15.3495784386011));
#7262=CARTESIAN_POINT('Ctrl Pts',(62.560137981376,-16.0619554058189,14.8394644829345));
#7263=CARTESIAN_POINT('Ctrl Pts',(62.560137981376,-16.0619554058189,14.3293505272678));
#7264=CARTESIAN_POINT('Ctrl Pts',(62.560137981376,-16.0619554058189,13.8192365716012));
#7265=CARTESIAN_POINT('Ctrl Pts',(62.560137981376,-16.0619554058189,15.3904328711554));
#7266=CARTESIAN_POINT('Ctrl Pts',(62.560137981376,-16.0619554058189,15.3768147269706));
#7267=CARTESIAN_POINT('Ctrl Pts',(62.560137981376,-16.061955405819,15.3631965827859));
#7268=CARTESIAN_POINT('Ctrl Pts',(62.560137981376,-16.061955405819,15.3495784386011));
#7269=CARTESIAN_POINT('',(65.9987069832985,7.7715611723761E-15,5.34957843860111));
#7270=CARTESIAN_POINT('Origin',(70.560137981376,-9.97183573069837,123.362666322704));
#7271=CARTESIAN_POINT('',(8.59613798137595,-9.97183573069792,123.362666322704));
#7272=CARTESIAN_POINT('',(8.59613798137599,-4.33300930297606,123.358594558985));
#7273=CARTESIAN_POINT('',(70.560137981376,-9.97183573069837,123.362666322704));
#7274=CARTESIAN_POINT('Ctrl Pts',(70.560137981376,19.149695431765,15.408971733435));
#7275=CARTESIAN_POINT('Ctrl Pts',(69.2502984400921,19.1145042823915,15.3891739684904));
#7276=CARTESIAN_POINT('Ctrl Pts',(67.9404588988083,19.0793131330181,15.3693762035457));
#7277=CARTESIAN_POINT('Ctrl Pts',(66.6306193575244,19.0441219836446,15.3495784386011));
#7278=CARTESIAN_POINT('Ctrl Pts',(70.560137981376,20.8581283586106,16.3735944006579));
#7279=CARTESIAN_POINT('Ctrl Pts',(68.817334872266,21.351461344126,16.0320716932663));
#7280=CARTESIAN_POINT('Ctrl Pts',(67.0779671579141,21.8458839575251,15.6911011459928));
#7281=CARTESIAN_POINT('Ctrl Pts',(65.3351640488041,22.3392169430405,15.3495784386011));
#7282=CARTESIAN_POINT('Ctrl Pts',(70.560137981376,25.765746293373,19.6535706174132));
#7283=CARTESIAN_POINT('Ctrl Pts',(67.1663868063362,27.7788995276687,18.2190094446885));
#7284=CARTESIAN_POINT('Ctrl Pts',(63.7704622430466,29.7922442905358,16.7841396113258));
#7285=CARTESIAN_POINT('Ctrl Pts',(60.3767110680068,31.8053975248315,15.3495784386011));
#7286=CARTESIAN_POINT('Ctrl Pts',(70.560137981376,32.5650921007663,26.879348758265));
#7287=CARTESIAN_POINT('Ctrl Pts',(62.7902221304939,36.4794085747245,23.0360671639279));
#7288=CARTESIAN_POINT('Ctrl Pts',(55.0215616665436,40.391833835216,19.1928600329381));
#7289=CARTESIAN_POINT('Ctrl Pts',(47.2516458156616,44.3061503091742,15.3495784386011));
#7290=CARTESIAN_POINT('Ctrl Pts',(70.560137981376,37.7770731295562,37.5847697715695));
#7291=CARTESIAN_POINT('Ctrl Pts',(55.9200241340866,42.2722580068454,30.173070132686));
#7292=CARTESIAN_POINT('Ctrl Pts',(41.2793206940591,46.766941068175,22.7612780774846));
#7293=CARTESIAN_POINT('Ctrl Pts',(26.6392068467696,51.2621259454642,15.3495784386011));
#7294=CARTESIAN_POINT('Ctrl Pts',(70.560137981376,38.9733099962099,45.4315689306328));
#7295=CARTESIAN_POINT('Ctrl Pts',(51.1145589949806,42.5417083933588,35.4041993055857));
#7296=CARTESIAN_POINT('Ctrl Pts',(31.6717051583804,46.1061395494078,25.3769480636481));
#7297=CARTESIAN_POINT('Ctrl Pts',(12.226126171985,49.6745379465566,15.3495784386011));
#7298=CARTESIAN_POINT('Ctrl Pts',(70.560137981376,38.9747267071563,49.3554646753655));
#7299=CARTESIAN_POINT('Ctrl Pts',(48.8804338285923,41.782307230393,38.0201692631107));
#7300=CARTESIAN_POINT('Ctrl Pts',(27.2007296758085,44.5898877536297,26.6848738508559));
#7301=CARTESIAN_POINT('Ctrl Pts',(5.52102552302474,47.3974682768664,15.3495784386011));
#7302=CARTESIAN_POINT('',(38.6616385448612,46.7636739025343,15.3495784386011));
#7303=CARTESIAN_POINT('Origin',(21.2136756884011,1.18860597969882,15.3495784386011));
#7304=CARTESIAN_POINT('',(18.0955476713556,49.8895990479676,15.3495784386011));
#7305=CARTESIAN_POINT('Origin',(21.2136756884011,1.18860597969882,15.3495784386011));
#7306=CARTESIAN_POINT('',(18.0987603266205,49.8389893521754,15.4412612225928));
#7307=CARTESIAN_POINT('Ctrl Pts',(18.097027508946,49.8856946493283,15.3495784386011));
#7308=CARTESIAN_POINT('Ctrl Pts',(18.0981067250083,49.8687943369569,15.3801498611465));
#7309=CARTESIAN_POINT('Ctrl Pts',(18.0991868585378,49.8518753436902,15.410710826596));
#7310=CARTESIAN_POINT('Ctrl Pts',(18.1002684897935,49.834937695127,15.4412613001548));
#7311=CARTESIAN_POINT('',(9.59613794847414,48.5340948471389,15.4167411558052));
#7312=CARTESIAN_POINT('Ctrl Pts',(18.0987603266205,49.8389893521754,15.4412612225928));
#7313=CARTESIAN_POINT('Ctrl Pts',(15.2290153285915,49.6552495302234,15.4296866675519));
#7314=CARTESIAN_POINT('Ctrl Pts',(12.383790653257,49.2181232870298,15.4225005083647));
#7315=CARTESIAN_POINT('Ctrl Pts',(9.59613794660549,48.5340948547538,15.4167411558693));
#7316=CARTESIAN_POINT('',(8.5961379813749,48.2774607354819,15.4147413896253));
#7317=CARTESIAN_POINT('Ctrl Pts',(9.59613794660548,48.5340948547538,15.4167411558693));
#7318=CARTESIAN_POINT('Ctrl Pts',(9.26195831398397,48.4520945504637,15.4160507333155));
#7319=CARTESIAN_POINT('Ctrl Pts',(8.92860601802704,48.3665461042144,15.4153849388787));
#7320=CARTESIAN_POINT('Ctrl Pts',(8.5961379813735,48.2774607354872,15.4147413896112));
#7321=CARTESIAN_POINT('',(8.59613798137633,46.9992328681179,16.957409795324));
#7322=CARTESIAN_POINT('Ctrl Pts',(8.59613798137632,46.9992328681179,16.957409795324));
#7323=CARTESIAN_POINT('Ctrl Pts',(8.59613798137632,47.4317747432953,16.4485194196054));
#7324=CARTESIAN_POINT('Ctrl Pts',(8.59613798137632,47.8577410545152,15.9342476146917));
#7325=CARTESIAN_POINT('Ctrl Pts',(8.59613798137633,48.277460735488,15.4147413896345));
#7326=CARTESIAN_POINT('',(51.084554504541,41.4968676212062,39.1726000716709));
#7327=CARTESIAN_POINT('',(70.560137981376,38.9747267071563,49.3554646753655));
#7328=CARTESIAN_POINT('',(70.560137981376,38.9747267071563,49.3554646753655));
#7329=CARTESIAN_POINT('Origin',(70.560137981376,34.9747267071563,49.3554646753655));
#7330=CARTESIAN_POINT('',(8.59613798134966,41.9489169474225,20.3495784386011));
#7331=CARTESIAN_POINT('',(8.59613798137623,32.291884229041,60.5134946445049));
#7332=CARTESIAN_POINT('',(15.0839453077819,41.9489169474225,20.3495784386011));
#7333=CARTESIAN_POINT('',(45.8869068348885,41.9489169474225,20.3495784386011));
#7334=CARTESIAN_POINT('',(53.7344745781749,37.0899651876165,40.5581183721891));
#7335=CARTESIAN_POINT('',(70.560137981376,34.9747267071563,49.3554646753655));
#7336=CARTESIAN_POINT('',(70.560137981376,34.9747267071563,49.3554646753655));
#7337=CARTESIAN_POINT('Origin',(70.5601379813761,9.97472670715579,119.355464675366));
#7338=CARTESIAN_POINT('',(8.59613798137606,5.61915124021175,119.355464675366));
#7339=CARTESIAN_POINT('Origin',(49.550137981376,8.47472670715618,106.355464675365));
#7340=CARTESIAN_POINT('',(49.550137981376,5.42472670715618,106.355464675365));
#7341=CARTESIAN_POINT('',(49.550137981376,6.94972670715619,103.714087193822));
#7342=CARTESIAN_POINT('',(49.550137981376,5.80597670715618,105.695120304979));
#7343=CARTESIAN_POINT('',(49.550137981376,6.94972670715618,108.996842156907));
#7344=CARTESIAN_POINT('',(49.550137981376,6.56847670715618,108.336497786522));
#7345=CARTESIAN_POINT('',(49.550137981376,9.99972670715618,108.996842156907));
#7346=CARTESIAN_POINT('',(49.550137981376,9.23722670715618,108.996842156907));
#7347=CARTESIAN_POINT('',(49.550137981376,11.5247267071562,106.355464675365));
#7348=CARTESIAN_POINT('',(49.550137981376,11.1434767071562,107.01580904575));
#7349=CARTESIAN_POINT('',(49.550137981376,9.99972670715618,103.714087193822));
#7350=CARTESIAN_POINT('',(49.550137981376,10.3809767071562,104.374431564208));
#7351=CARTESIAN_POINT('',(49.550137981376,7.71222670715618,103.714087193822));
#7352=CARTESIAN_POINT('',(49.550137981376,7.07472670715582,106.355464675365));
#7353=CARTESIAN_POINT('Origin',(49.550137981376,8.47472670715581,106.355464675365));
#7354=CARTESIAN_POINT('Origin',(9.55013798137601,11.5247267071562,106.355464675365));
#7355=CARTESIAN_POINT('',(46.5501379813761,9.99972670715619,108.996842156907));
#7356=CARTESIAN_POINT('',(9.55013798137601,9.99972670715618,108.996842156907));
#7357=CARTESIAN_POINT('',(46.5501379813761,11.5247267071562,106.355464675365));
#7358=CARTESIAN_POINT('',(46.5501379813762,25.7038299905425,81.7965373827729));
#7359=CARTESIAN_POINT('',(9.55013798137601,11.5247267071562,106.355464675365));
#7360=CARTESIAN_POINT('Origin',(9.55013798137601,9.99972670715618,108.996842156907));
#7361=CARTESIAN_POINT('',(46.5501379813761,6.9497267071562,108.996842156907));
#7362=CARTESIAN_POINT('',(9.55013798137601,6.94972670715618,108.996842156907));
#7363=CARTESIAN_POINT('',(46.5501379813761,3.46222670715613,108.996842156907));
#7364=CARTESIAN_POINT('Origin',(9.55013798137601,6.94972670715618,108.996842156907));
#7365=CARTESIAN_POINT('',(46.5501379813761,5.4247267071562,106.355464675365));
#7366=CARTESIAN_POINT('',(48.5501379813761,5.42472670715618,106.355464675365));
#7367=CARTESIAN_POINT('',(46.5501379813759,-11.6418765762302,76.7952406759177));
#7368=CARTESIAN_POINT('Origin',(49.550137981376,-8.52527329284358,106.355464675365));
#7369=CARTESIAN_POINT('',(49.550137981376,-5.47527329284359,106.355464675365));
#7370=CARTESIAN_POINT('',(49.550137981376,-7.00027329284359,108.996842156907));
#7371=CARTESIAN_POINT('',(49.550137981376,-5.85652329284359,107.01580904575));
#7372=CARTESIAN_POINT('',(49.550137981376,-7.00027329284359,103.714087193822));
#7373=CARTESIAN_POINT('',(49.550137981376,-6.61902329284358,104.374431564208));
#7374=CARTESIAN_POINT('',(49.550137981376,-10.0502732928436,103.714087193822));
#7375=CARTESIAN_POINT('',(49.550137981376,-9.28777329284358,103.714087193822));
#7376=CARTESIAN_POINT('',(49.550137981376,-11.5752732928436,106.355464675365));
#7377=CARTESIAN_POINT('',(49.550137981376,-11.1940232928436,105.695120304979));
#7378=CARTESIAN_POINT('',(49.550137981376,-10.0502732928436,108.996842156907));
#7379=CARTESIAN_POINT('',(49.550137981376,-10.4315232928436,108.336497786522));
#7380=CARTESIAN_POINT('',(49.550137981376,-7.76277329284359,108.996842156907));
#7381=CARTESIAN_POINT('',(49.550137981376,-9.92527329284395,106.355464675365));
#7382=CARTESIAN_POINT('Origin',(49.550137981376,-8.52527329284396,106.355464675365));
#7383=CARTESIAN_POINT('Origin',(9.55013798137602,-11.5752732928436,106.355464675365));
#7384=CARTESIAN_POINT('',(46.550137981376,-10.0502732928436,103.714087193822));
#7385=CARTESIAN_POINT('',(9.55013798137602,-10.0502732928436,103.714087193822));
#7386=CARTESIAN_POINT('',(46.5501379813759,-11.5752732928436,106.355464675365));
#7387=CARTESIAN_POINT('',(46.5501379813761,7.01632999054273,74.1538631943753));
#7388=CARTESIAN_POINT('',(9.55013798137602,-11.5752732928436,106.355464675365));
#7389=CARTESIAN_POINT('Origin',(9.55013798137602,-10.0502732928436,103.714087193822));
#7390=CARTESIAN_POINT('',(46.550137981376,-7.00027329284357,103.714087193822));
#7391=CARTESIAN_POINT('',(9.55013798137602,-7.00027329284359,103.714087193822));
#7392=CARTESIAN_POINT('',(46.550137981376,-3.51277329284376,103.714087193822));
#7393=CARTESIAN_POINT('Origin',(9.55013798137602,-7.00027329284359,103.714087193822));
#7394=CARTESIAN_POINT('',(46.550137981376,-5.47527329284357,106.355464675365));
#7395=CARTESIAN_POINT('',(48.550137981376,-5.47527329284359,106.355464675365));
#7396=CARTESIAN_POINT('',(46.5501379813759,-21.17937657623,79.1551599012303));
#7397=CARTESIAN_POINT('Origin',(46.550137981376,-0.0252732928440247,30.6747596439229));
#7398=CARTESIAN_POINT('',(46.5501379813759,-15.5252732928435,112.929489158526));
#7399=CARTESIAN_POINT('',(46.550137981376,-15.5252732928434,102.429489158526));
#7400=CARTESIAN_POINT('',(46.5501379813759,-15.5252732928435,71.8021244012246));
#7401=CARTESIAN_POINT('',(46.5501379813762,15.4747267071561,112.929489158526));
#7402=CARTESIAN_POINT('',(46.5501379813761,8.72472670715607,112.929489158526));
#7403=CARTESIAN_POINT('',(46.550137981376,15.4747267071562,102.429489158526));
#7404=CARTESIAN_POINT('',(46.5501379813761,15.4747267071561,71.8021244012246));
#7405=CARTESIAN_POINT('',(46.550137981376,0.473179238750269,102.429489158526));
#7406=CARTESIAN_POINT('',(46.5501379813761,6.9497267071562,103.714087193822));
#7407=CARTESIAN_POINT('',(46.5501379813762,21.8913299905426,77.8344711604592));
#7408=CARTESIAN_POINT('',(46.5501379813761,9.99972670715619,103.714087193822));
#7409=CARTESIAN_POINT('',(46.5501379813761,4.98722670715612,103.714087193822));
#7410=CARTESIAN_POINT('',(46.550137981376,-6.30437657623017,75.4745519351464));
#7411=CARTESIAN_POINT('',(46.550137981376,-7.00027329284358,108.996842156907));
#7412=CARTESIAN_POINT('',(46.5501379813761,10.8288299905428,78.1159294166892));
#7413=CARTESIAN_POINT('',(46.550137981376,-10.0502732928436,108.996842156907));
#7414=CARTESIAN_POINT('',(46.550137981376,-5.03777329284376,108.996842156907));
#7415=CARTESIAN_POINT('',(46.5501379813758,-26.5168765762299,80.4758486420015));
#7416=CARTESIAN_POINT('Origin',(21.850137981376,-15.5252732928435,112.929489158526));
#7417=CARTESIAN_POINT('',(21.850137981376,-15.5252732928435,32.9294891585263));
#7418=CARTESIAN_POINT('',(21.850137981376,-15.5252732928435,32.9294891585263));
#7419=CARTESIAN_POINT('',(21.850137981376,-15.5252732928435,112.929489158526));
#7420=CARTESIAN_POINT('',(21.850137981376,-15.5252732928435,112.929489158526));
#7421=CARTESIAN_POINT('',(39.200137981376,-15.5252732928435,112.929489158526));
#7422=CARTESIAN_POINT('',(53.550137981376,-15.5252732928434,102.429489158526));
#7423=CARTESIAN_POINT('',(56.550137981376,-15.5252732928435,102.429489158526));
#7424=CARTESIAN_POINT('',(53.5501379813759,-15.5252732928434,35.9769113079136));
#7425=CARTESIAN_POINT('',(53.5501379813759,-15.5252732928435,71.8021244012246));
#7426=CARTESIAN_POINT('',(42.7001379813759,-15.5252732928435,35.9769113079136));
#7427=CARTESIAN_POINT('Origin',(39.200137981376,-16.5252732928435,32.9294891585263));
#7428=CARTESIAN_POINT('',(21.850137981376,-17.511233907542,32.9294891585263));
#7429=CARTESIAN_POINT('',(56.5501379813759,-17.5112339075422,32.9294891585263));
#7430=CARTESIAN_POINT('',(21.850137981376,-17.5252732928435,32.9294891585263));
#7431=CARTESIAN_POINT('Origin',(9.55013798137602,-10.0502732928436,108.996842156907));
#7432=CARTESIAN_POINT('',(48.550137981376,-10.0502732928436,108.996842156907));
#7433=CARTESIAN_POINT('Origin',(9.55013798137602,-7.00027329284359,108.996842156907));
#7434=CARTESIAN_POINT('',(48.550137981376,-7.00027329284359,108.996842156907));
#7435=CARTESIAN_POINT('Origin',(9.55013798137602,-5.47527329284359,106.355464675365));
#7436=CARTESIAN_POINT('Origin',(9.55013798137601,9.99972670715618,103.714087193822));
#7437=CARTESIAN_POINT('',(48.5501379813761,9.99972670715618,103.714087193822));
#7438=CARTESIAN_POINT('Origin',(9.55013798137601,6.94972670715619,103.714087193822));
#7439=CARTESIAN_POINT('',(48.5501379813761,6.94972670715619,103.714087193822));
#7440=CARTESIAN_POINT('Origin',(9.55013798137601,5.42472670715618,106.355464675365));
#7441=CARTESIAN_POINT('Origin',(53.550137981376,-0.0252732928440752,30.6747596439229));
#7442=CARTESIAN_POINT('',(53.5501379813759,-17.5252732928439,33.3726079799323));
#7443=CARTESIAN_POINT('',(53.550137981376,-17.5252732928439,111.912645869471));
#7444=CARTESIAN_POINT('',(53.5501379813759,-17.5252732928439,73.0521244012246));
#7445=CARTESIAN_POINT('',(53.5501379813759,-10.5252732928439,26.3726079799323));
#7446=CARTESIAN_POINT('Origin',(53.5501379813759,-10.5252732928439,33.3726079799323));
#7447=CARTESIAN_POINT('',(53.5501379813761,10.4747267071557,26.3726079799323));
#7448=CARTESIAN_POINT('',(53.550137981376,-7.52527329284397,26.3726079799323));
#7449=CARTESIAN_POINT('',(53.550137981376,17.4747267071562,33.3726079799323));
#7450=CARTESIAN_POINT('Origin',(53.5501379813761,10.4747267071557,33.3726079799323));
#7451=CARTESIAN_POINT('',(53.550137981376,17.4747267071557,111.926748066171));
#7452=CARTESIAN_POINT('',(53.5501379813762,17.4747267071557,66.5521244012246));
#7453=CARTESIAN_POINT('Origin',(53.5501379813762,21.4747267071557,111.926748066171));
#7454=CARTESIAN_POINT('',(53.5501379813761,7.47472670715581,118.429489158526));
#7455=CARTESIAN_POINT('Origin',(53.5501379813759,-21.5252732928439,111.912645869471));
#7456=CARTESIAN_POINT('',(53.550137981376,-0.525273292844069,35.9769113079135));
#7457=CARTESIAN_POINT('',(53.550137981376,15.4747267071561,102.429489158526));
#7458=CARTESIAN_POINT('',(53.550137981376,0.474726707155912,102.429489158526));
#7459=CARTESIAN_POINT('',(53.5501379813761,15.4747267071561,71.8021244012246));
#7460=CARTESIAN_POINT('',(53.550137981376,-9.92527329284403,106.355464675365));
#7461=CARTESIAN_POINT('Origin',(53.550137981376,-8.52527329284397,106.355464675365));
#7462=CARTESIAN_POINT('',(53.550137981376,7.07472670715575,106.355464675365));
#7463=CARTESIAN_POINT('Origin',(53.5501379813762,8.4747267071558,106.355464675365));
#7464=CARTESIAN_POINT('',(53.5501379813761,7.07472670715581,31.3554646753658));
#7465=CARTESIAN_POINT('Origin',(53.5501379813761,8.47472670715581,31.3554646753658));
#7466=CARTESIAN_POINT('',(53.5501379813759,-9.92527329284396,31.3554646753658));
#7467=CARTESIAN_POINT('Origin',(53.550137981376,-8.52527329284396,31.3554646753658));
#7468=CARTESIAN_POINT('Origin',(56.550137981376,-1.02527329284408,35.9769113079135));
#7469=CARTESIAN_POINT('Origin',(56.550137981376,15.4747267071561,112.929489158526));
#7470=CARTESIAN_POINT('',(56.550137981376,15.4747267071561,102.429489158526));
#7471=CARTESIAN_POINT('',(21.850137981376,15.4747267071561,112.929489158526));
#7472=CARTESIAN_POINT('',(56.550137981376,15.4747267071561,112.929489158526));
#7473=CARTESIAN_POINT('',(21.850137981376,15.4747267071561,112.929489158526));
#7474=CARTESIAN_POINT('Origin',(56.5501379813759,-10.5252732928439,33.3726079799323));
#7475=CARTESIAN_POINT('',(21.850137981376,-17.5252732928435,33.3726079799323));
#7476=CARTESIAN_POINT('',(61.5501379813759,-17.5252732928439,33.3726079799323));
#7477=CARTESIAN_POINT('Origin',(21.8501379813759,-10.5252732928437,33.3726079799323));
#7478=CARTESIAN_POINT('',(56.5501379813759,-10.5252732928439,26.3726079799323));
#7479=CARTESIAN_POINT('Origin',(56.5501379813759,-17.5252732928439,115.429489158526));
#7480=CARTESIAN_POINT('',(21.850137981376,-17.5252732928435,111.912645869471));
#7481=CARTESIAN_POINT('',(70.5601379813759,-17.525273292844,111.912645869471));
#7482=CARTESIAN_POINT('',(21.850137981376,-17.5252732928435,112.929489158526));
#7483=CARTESIAN_POINT('Origin',(70.5601379813759,-21.525273292844,111.912645869471));
#7484=CARTESIAN_POINT('Origin',(21.8501379813759,-21.5252732928437,111.912645869471));
#7485=CARTESIAN_POINT('Origin',(56.5501379813761,14.9747267071557,118.429489158526));
#7486=CARTESIAN_POINT('',(21.850137981376,-17.5252732928435,118.429489158526));
#7487=CARTESIAN_POINT('Origin',(70.5601379813762,21.4747267071556,111.926748066171));
#7488=CARTESIAN_POINT('',(21.850137981376,17.4747267071561,111.926748066171));
#7489=CARTESIAN_POINT('',(70.5601379813761,17.4747267071556,111.926748066171));
#7490=CARTESIAN_POINT('Origin',(21.8501379813762,21.4747267071559,111.926748066171));
#7491=CARTESIAN_POINT('Origin',(56.5501379813761,17.4747267071557,102.429489158526));
#7492=CARTESIAN_POINT('',(21.850137981376,17.4747267071561,33.3726079799323));
#7493=CARTESIAN_POINT('',(56.5501379813761,17.4747267071557,33.3726079799323));
#7494=CARTESIAN_POINT('',(21.850137981376,17.4747267071561,115.429489158526));
#7495=CARTESIAN_POINT('Origin',(56.5501379813761,10.4747267071557,33.3726079799323));
#7496=CARTESIAN_POINT('',(61.5501379813761,10.4747267071556,26.3726079799323));
#7497=CARTESIAN_POINT('Origin',(21.8501379813761,10.4747267071559,33.3726079799323));
#7498=CARTESIAN_POINT('Origin',(4.59613798137602,0.0012638995292813,118.855464675365));
#7499=CARTESIAN_POINT('',(4.59613798137602,1.53148158018393,118.855464675365));
#7500=CARTESIAN_POINT('Origin',(4.59613798137602,0.0012638995292813,118.855464675365));
#7501=CARTESIAN_POINT('',(7.59613798137602,1.53148158018393,118.855464675365));
#7502=CARTESIAN_POINT('',(4.59613798137602,1.53148158018393,118.855464675365));
#7503=CARTESIAN_POINT('Origin',(7.59613798137602,0.0012638995292813,118.855464675365));
#7504=CARTESIAN_POINT('Origin',(70.5601379813759,-9.99277645632485,94.3626738832914));
#7505=CARTESIAN_POINT('',(4.59613798137602,-9.97183573069785,123.362666322704));
#7506=CARTESIAN_POINT('',(8.59613798137602,-9.97183573069785,123.362666322704));
#7507=CARTESIAN_POINT('',(4.59613798137602,-38.9927688957377,94.3836146089178));
#7508=CARTESIAN_POINT('Origin',(4.59613798137602,-9.99277645632434,94.3626738832914));
#7509=CARTESIAN_POINT('',(8.59613798137602,-38.9927688957377,94.3836146089178));
#7510=CARTESIAN_POINT('Origin',(40.3062230128078,-39.022051627439,53.8311040086332));
#7511=CARTESIAN_POINT('',(40.3062230128078,-39.022051627439,53.8311040086332));
#7512=CARTESIAN_POINT('',(38.7236863154201,-39.022051627439,53.8311040086332));
#7513=CARTESIAN_POINT('',(55.4331804970917,-39.0220516274391,53.8311040086332));
#7514=CARTESIAN_POINT('',(40.3062230128078,-37.5220520185039,53.8300208676526));
#7515=CARTESIAN_POINT('',(40.3062230128078,-39.022051627439,53.8311040086332));
#7516=CARTESIAN_POINT('',(38.7236863154201,-37.5220520185039,53.8300208676526));
#7517=CARTESIAN_POINT('',(40.3062230128078,-37.5220520185039,53.8300208676526));
#7518=CARTESIAN_POINT('',(38.7236863154201,-39.022051627439,53.8311040086332));
#7519=CARTESIAN_POINT('Ctrl Pts',(41.1196619051723,-39.0222166365091,53.6025893968836));
#7520=CARTESIAN_POINT('Ctrl Pts',(41.1196619051723,-37.522217027574,53.6015062559029));
#7521=CARTESIAN_POINT('Ctrl Pts',(41.0117882880289,-39.0221687127751,53.6689571030742));
#7522=CARTESIAN_POINT('Ctrl Pts',(41.0117882880289,-37.5221691038399,53.6678739620935));
#7523=CARTESIAN_POINT('Ctrl Pts',(40.7640077375622,-39.022058634245,53.8214005568918));
#7524=CARTESIAN_POINT('Ctrl Pts',(40.7640077375622,-37.5220590253098,53.8203174159111));
#7525=CARTESIAN_POINT('Ctrl Pts',(40.471426326406,-39.022054156024,53.8276022701646));
#7526=CARTESIAN_POINT('Ctrl Pts',(40.471426326406,-37.5220545470888,53.8265191291839));
#7527=CARTESIAN_POINT('Ctrl Pts',(40.3062230128078,-39.022051627439,53.8311040086332));
#7528=CARTESIAN_POINT('Ctrl Pts',(40.3062230128078,-37.5220520185039,53.8300208676526));
#7529=CARTESIAN_POINT('',(41.1196619051723,-39.0222166365091,53.6025893968836));
#7530=CARTESIAN_POINT('Ctrl Pts',(41.1196619051723,-39.0222166365091,53.6025893968836));
#7531=CARTESIAN_POINT('Ctrl Pts',(41.0117882880289,-39.0221687127751,53.6689571030742));
#7532=CARTESIAN_POINT('Ctrl Pts',(40.7640077375622,-39.022058634245,53.8214005568918));
#7533=CARTESIAN_POINT('Ctrl Pts',(40.471426326406,-39.022054156024,53.8276022701646));
#7534=CARTESIAN_POINT('Ctrl Pts',(40.3062230128078,-39.022051627439,53.8311040086332));
#7535=CARTESIAN_POINT('',(41.1196619051723,-37.522217027574,53.6015062559029));
#7536=CARTESIAN_POINT('',(41.1196619051723,-39.0222166365091,53.6025893968836));
#7537=CARTESIAN_POINT('Ctrl Pts',(41.1196619051723,-37.522217027574,53.6015062559029));
#7538=CARTESIAN_POINT('Ctrl Pts',(41.0117882880289,-37.5221691038399,53.6678739620935));
#7539=CARTESIAN_POINT('Ctrl Pts',(40.7640077375622,-37.5220590253098,53.8203174159111));
#7540=CARTESIAN_POINT('Ctrl Pts',(40.471426326406,-37.5220545470888,53.8265191291839));
#7541=CARTESIAN_POINT('Ctrl Pts',(40.3062230128078,-37.5220520185039,53.8300208676526));
#7542=CARTESIAN_POINT('Ctrl Pts',(41.3771635073451,-39.0226377758236,53.0193700207364));
#7543=CARTESIAN_POINT('Ctrl Pts',(41.3771635073451,-37.5226381668885,53.0182868797558));
#7544=CARTESIAN_POINT('Ctrl Pts',(41.3668064214804,-39.0225564350655,53.1320156574053));
#7545=CARTESIAN_POINT('Ctrl Pts',(41.3668064214804,-37.5225568261303,53.1309325164246));
#7546=CARTESIAN_POINT('Ctrl Pts',(41.3462675132843,-39.0223951300048,53.3554007312029));
#7547=CARTESIAN_POINT('Ctrl Pts',(41.3462675132843,-37.5223955210697,53.3543175902222));
#7548=CARTESIAN_POINT('Ctrl Pts',(41.1947661752031,-39.0222757949025,53.520663250172));
#7549=CARTESIAN_POINT('Ctrl Pts',(41.1947661752031,-37.5222761859673,53.5195801091913));
#7550=CARTESIAN_POINT('Ctrl Pts',(41.1196619051723,-39.0222166365091,53.6025893968836));
#7551=CARTESIAN_POINT('Ctrl Pts',(41.1196619051723,-37.522217027574,53.6015062559029));
#7552=CARTESIAN_POINT('',(41.3771635073451,-39.0226377758236,53.0193700207364));
#7553=CARTESIAN_POINT('Ctrl Pts',(41.3771635073451,-39.0226377758236,53.0193700207364));
#7554=CARTESIAN_POINT('Ctrl Pts',(41.3668064214804,-39.0225564350655,53.1320156574053));
#7555=CARTESIAN_POINT('Ctrl Pts',(41.3462675132843,-39.0223951300048,53.3554007312029));
#7556=CARTESIAN_POINT('Ctrl Pts',(41.1947661752031,-39.0222757949025,53.520663250172));
#7557=CARTESIAN_POINT('Ctrl Pts',(41.1196619051723,-39.0222166365091,53.6025893968836));
#7558=CARTESIAN_POINT('',(41.3771635073451,-37.5226381668885,53.0182868797558));
#7559=CARTESIAN_POINT('',(41.3771635073451,-39.0226377758236,53.0193700207364));
#7560=CARTESIAN_POINT('Ctrl Pts',(41.3771635073451,-37.5226381668885,53.0182868797558));
#7561=CARTESIAN_POINT('Ctrl Pts',(41.3668064214804,-37.5225568261303,53.1309325164246));
#7562=CARTESIAN_POINT('Ctrl Pts',(41.3462675132843,-37.5223955210697,53.3543175902222));
#7563=CARTESIAN_POINT('Ctrl Pts',(41.1947661752031,-37.5222761859673,53.5195801091913));
#7564=CARTESIAN_POINT('Ctrl Pts',(41.1196619051723,-37.522217027574,53.6015062559029));
#7565=CARTESIAN_POINT('Ctrl Pts',(41.2441497820643,-39.0229616340568,52.5708714117734));
#7566=CARTESIAN_POINT('Ctrl Pts',(41.2441497820643,-37.5229620251217,52.5697882707927));
#7567=CARTESIAN_POINT('Ctrl Pts',(41.2829447064226,-39.0229109970504,52.6409966227377));
#7568=CARTESIAN_POINT('Ctrl Pts',(41.2829447064226,-37.5229113881153,52.639913481757));
#7569=CARTESIAN_POINT('Ctrl Pts',(41.3602525713321,-39.0228100910965,52.7807373343296));
#7570=CARTESIAN_POINT('Ctrl Pts',(41.3602525713321,-37.5228104821614,52.7796541933489));
#7571=CARTESIAN_POINT('Ctrl Pts',(41.3715402527775,-39.0226950744051,52.9400194547599));
#7572=CARTESIAN_POINT('Ctrl Pts',(41.3715402527775,-37.52269546547,52.9389363137792));
#7573=CARTESIAN_POINT('Ctrl Pts',(41.3771635073451,-39.0226377758236,53.0193700207364));
#7574=CARTESIAN_POINT('Ctrl Pts',(41.3771635073451,-37.5226381668885,53.0182868797558));
#7575=CARTESIAN_POINT('',(41.2441497820643,-39.0229616340568,52.5708714117734));
#7576=CARTESIAN_POINT('Ctrl Pts',(41.2441497820643,-39.0229616340568,52.5708714117734));
#7577=CARTESIAN_POINT('Ctrl Pts',(41.2829447064226,-39.0229109970504,52.6409966227377));
#7578=CARTESIAN_POINT('Ctrl Pts',(41.3602525713321,-39.0228100910965,52.7807373343296));
#7579=CARTESIAN_POINT('Ctrl Pts',(41.3715402527775,-39.0226950744051,52.9400194547599));
#7580=CARTESIAN_POINT('Ctrl Pts',(41.3771635073451,-39.0226377758236,53.0193700207364));
#7581=CARTESIAN_POINT('',(41.2441497820643,-37.5229620251217,52.5697882707927));
#7582=CARTESIAN_POINT('',(41.2441497820643,-39.0229616340568,52.5708714117734));
#7583=CARTESIAN_POINT('Ctrl Pts',(41.2441497820643,-37.5229620251217,52.5697882707927));
#7584=CARTESIAN_POINT('Ctrl Pts',(41.2829447064226,-37.5229113881153,52.639913481757));
#7585=CARTESIAN_POINT('Ctrl Pts',(41.3602525713321,-37.5228104821614,52.7796541933489));
#7586=CARTESIAN_POINT('Ctrl Pts',(41.3715402527775,-37.52269546547,52.9389363137792));
#7587=CARTESIAN_POINT('Ctrl Pts',(41.3771635073451,-37.5226381668885,53.0182868797558));
#7588=CARTESIAN_POINT('Ctrl Pts',(40.8553367632655,-39.0231783601779,52.2707358775339));
#7589=CARTESIAN_POINT('Ctrl Pts',(40.8553367632655,-37.5231787512428,52.2696527365532));
#7590=CARTESIAN_POINT('Ctrl Pts',(40.9348187129215,-39.0231531322428,52.3056730588298));
#7591=CARTESIAN_POINT('Ctrl Pts',(40.9348187129215,-37.5231535233076,52.3045899178491));
#7592=CARTESIAN_POINT('Ctrl Pts',(41.0894310958964,-39.0231040575638,52.3736346636716));
#7593=CARTESIAN_POINT('Ctrl Pts',(41.0894310958964,-37.5231044486286,52.3725515226909));
#7594=CARTESIAN_POINT('Ctrl Pts',(41.1935537193807,-39.0230082093533,52.5063711040364));
#7595=CARTESIAN_POINT('Ctrl Pts',(41.1935537193807,-37.5230086004182,52.5052879630558));
#7596=CARTESIAN_POINT('Ctrl Pts',(41.2441497820643,-39.0229616340568,52.5708714117734));
#7597=CARTESIAN_POINT('Ctrl Pts',(41.2441497820643,-37.5229620251217,52.5697882707927));
#7598=CARTESIAN_POINT('',(40.8553367632655,-39.0231783601779,52.2707358775339));
#7599=CARTESIAN_POINT('Ctrl Pts',(40.8553367632655,-39.0231783601779,52.2707358775339));
#7600=CARTESIAN_POINT('Ctrl Pts',(40.9348187129215,-39.0231531322428,52.3056730588298));
#7601=CARTESIAN_POINT('Ctrl Pts',(41.0894310958964,-39.0231040575638,52.3736346636716));
#7602=CARTESIAN_POINT('Ctrl Pts',(41.1935537193807,-39.0230082093533,52.5063711040364));
#7603=CARTESIAN_POINT('Ctrl Pts',(41.2441497820643,-39.0229616340568,52.5708714117734));
#7604=CARTESIAN_POINT('',(40.8553367632655,-37.5231787512428,52.2696527365532));
#7605=CARTESIAN_POINT('',(40.8553367632655,-39.0231783601779,52.2707358775339));
#7606=CARTESIAN_POINT('Ctrl Pts',(40.8553367632655,-37.5231787512428,52.2696527365532));
#7607=CARTESIAN_POINT('Ctrl Pts',(40.9348187129215,-37.5231535233076,52.3045899178491));
#7608=CARTESIAN_POINT('Ctrl Pts',(41.0894310958964,-37.5231044486286,52.3725515226909));
#7609=CARTESIAN_POINT('Ctrl Pts',(41.1935537193807,-37.5230086004182,52.5052879630558));
#7610=CARTESIAN_POINT('Ctrl Pts',(41.2441497820643,-37.5229620251217,52.5697882707927));
#7611=CARTESIAN_POINT('Ctrl Pts',(40.1459222811488,-39.0232460881668,52.1769420329684));
#7612=CARTESIAN_POINT('Ctrl Pts',(40.1459222811488,-37.5232464792316,52.1758588919877));
#7613=CARTESIAN_POINT('Ctrl Pts',(40.2815499668384,-39.0232450214958,52.1784192238611));
#7614=CARTESIAN_POINT('Ctrl Pts',(40.2815499668384,-37.5232454125607,52.1773360828804));
#7615=CARTESIAN_POINT('Ctrl Pts',(40.5221230630246,-39.0232431294608,52.1810394292043));
#7616=CARTESIAN_POINT('Ctrl Pts',(40.5221230630246,-37.5232435205257,52.1799562882236));
#7617=CARTESIAN_POINT('Ctrl Pts',(40.7541287298939,-39.0231980327536,52.243492096353));
#7618=CARTESIAN_POINT('Ctrl Pts',(40.7541287298939,-37.5231984238185,52.2424089553723));
#7619=CARTESIAN_POINT('Ctrl Pts',(40.8553367632655,-39.0231783601779,52.2707358775339));
#7620=CARTESIAN_POINT('Ctrl Pts',(40.8553367632655,-37.5231787512428,52.2696527365532));
#7621=CARTESIAN_POINT('',(40.1459222811488,-39.0232460881668,52.1769420329684));
#7622=CARTESIAN_POINT('Ctrl Pts',(40.1459222811488,-39.0232460881668,52.1769420329684));
#7623=CARTESIAN_POINT('Ctrl Pts',(40.2815499668384,-39.0232450214958,52.1784192238611));
#7624=CARTESIAN_POINT('Ctrl Pts',(40.5221230630246,-39.0232431294608,52.1810394292043));
#7625=CARTESIAN_POINT('Ctrl Pts',(40.7541287298939,-39.0231980327536,52.243492096353));
#7626=CARTESIAN_POINT('Ctrl Pts',(40.8553367632655,-39.0231783601779,52.2707358775339));
#7627=CARTESIAN_POINT('',(40.1459222811488,-37.5232464792316,52.1758588919877));
#7628=CARTESIAN_POINT('',(40.1459222811488,-39.0232460881668,52.1769420329684));
#7629=CARTESIAN_POINT('Ctrl Pts',(40.1459222811488,-37.5232464792316,52.1758588919877));
#7630=CARTESIAN_POINT('Ctrl Pts',(40.2815499668384,-37.5232454125607,52.1773360828804));
#7631=CARTESIAN_POINT('Ctrl Pts',(40.5221230630246,-37.5232435205257,52.1799562882236));
#7632=CARTESIAN_POINT('Ctrl Pts',(40.7541287298939,-37.5231984238185,52.2424089553723));
#7633=CARTESIAN_POINT('Ctrl Pts',(40.8553367632655,-37.5231787512428,52.2696527365532));
#7634=CARTESIAN_POINT('Origin',(38.7236863154201,-39.0232460881668,52.1769420329684));
#7635=CARTESIAN_POINT('',(38.7236863154201,-39.0232460881668,52.1769420329684));
#7636=CARTESIAN_POINT('',(54.6419121483979,-39.0232460881669,52.1769420329684));
#7637=CARTESIAN_POINT('',(38.7236863154201,-37.5232464792316,52.1758588919877));
#7638=CARTESIAN_POINT('',(38.7236863154201,-39.0232460881668,52.1769420329684));
#7639=CARTESIAN_POINT('',(38.7236863154201,-37.5232464792316,52.1758588919877));
#7640=CARTESIAN_POINT('Origin',(38.7236863154201,-39.022051627439,53.8311040086332));
#7641=CARTESIAN_POINT('',(38.7236863154201,-39.0236573762985,51.6073651747482));
#7642=CARTESIAN_POINT('',(38.7236863154201,-37.5220520185039,53.8300208676526));
#7643=CARTESIAN_POINT('Origin',(38.7236863154201,-39.0236598383473,51.6039555795684));
#7644=CARTESIAN_POINT('',(38.7236863154201,-39.0236598383473,51.6039555795684));
#7645=CARTESIAN_POINT('',(38.7236863154201,-39.0252631237403,49.3836283042734));
#7646=CARTESIAN_POINT('',(38.7236863154201,-39.0244614817527,50.4937909602158));
#7647=CARTESIAN_POINT('',(38.7236863154201,-37.5236602294122,51.6028724385877));
#7648=CARTESIAN_POINT('',(38.7236863154201,-39.0236598383473,51.6039555795684));
#7649=CARTESIAN_POINT('',(38.7236863154201,-37.5252635148051,49.3825451632927));
#7650=CARTESIAN_POINT('',(38.7236863154201,-37.5236602294122,51.6028724385877));
#7651=CARTESIAN_POINT('',(38.7236863154201,-39.0252631237403,49.3836283042734));
#7652=CARTESIAN_POINT('Origin',(39.4910794276027,-39.0236598383473,51.6039555795684));
#7653=CARTESIAN_POINT('',(39.4910794276027,-39.0236598383473,51.6039555795684));
#7654=CARTESIAN_POINT('',(55.0256087044892,-39.0236598383474,51.6039555795684));
#7655=CARTESIAN_POINT('',(39.4910794276027,-37.5236602294122,51.6028724385877));
#7656=CARTESIAN_POINT('',(39.4910794276027,-39.0236598383473,51.6039555795684));
#7657=CARTESIAN_POINT('',(39.4910794276027,-37.5236602294122,51.6028724385877));
#7658=CARTESIAN_POINT('Ctrl Pts',(39.8594289797572,-39.0236770785121,51.5800803492817));
#7659=CARTESIAN_POINT('Ctrl Pts',(39.8594289797572,-37.5236774695769,51.578997208301));
#7660=CARTESIAN_POINT('Ctrl Pts',(39.8100434657587,-39.0236720945809,51.5869824006876));
#7661=CARTESIAN_POINT('Ctrl Pts',(39.8100434657587,-37.5236724856458,51.5858992597069));
#7662=CARTESIAN_POINT('Ctrl Pts',(39.6879319869097,-39.0236597712264,51.6040485327579));
#7663=CARTESIAN_POINT('Ctrl Pts',(39.6879319869097,-37.5236601622912,51.6029653917772));
#7664=CARTESIAN_POINT('Ctrl Pts',(39.5645575642332,-39.0236598132934,51.6039902757247));
#7665=CARTESIAN_POINT('Ctrl Pts',(39.5645575642332,-37.5236602043583,51.602907134744));
#7666=CARTESIAN_POINT('Ctrl Pts',(39.4910794276027,-39.0236598383473,51.6039555795684));
#7667=CARTESIAN_POINT('Ctrl Pts',(39.4910794276027,-37.5236602294122,51.6028724385877));
#7668=CARTESIAN_POINT('',(39.8594289797572,-39.0236770785121,51.5800803492817));
#7669=CARTESIAN_POINT('Ctrl Pts',(39.8594289797572,-39.0236770785121,51.5800803492817));
#7670=CARTESIAN_POINT('Ctrl Pts',(39.8100434657587,-39.0236720945809,51.5869824006876));
#7671=CARTESIAN_POINT('Ctrl Pts',(39.6879319869097,-39.0236597712264,51.6040485327579));
#7672=CARTESIAN_POINT('Ctrl Pts',(39.5645575642332,-39.0236598132934,51.6039902757247));
#7673=CARTESIAN_POINT('Ctrl Pts',(39.4910794276027,-39.0236598383473,51.6039555795684));
#7674=CARTESIAN_POINT('',(39.8594289797572,-37.5236774695769,51.578997208301));
#7675=CARTESIAN_POINT('',(39.8594289797572,-39.0236770785121,51.5800803492817));
#7676=CARTESIAN_POINT('Ctrl Pts',(39.8594289797572,-37.5236774695769,51.578997208301));
#7677=CARTESIAN_POINT('Ctrl Pts',(39.8100434657587,-37.5236724856458,51.5858992597069));
#7678=CARTESIAN_POINT('Ctrl Pts',(39.6879319869097,-37.5236601622912,51.6029653917772));
#7679=CARTESIAN_POINT('Ctrl Pts',(39.5645575642332,-37.5236602043583,51.602907134744));
#7680=CARTESIAN_POINT('Ctrl Pts',(39.4910794276027,-37.5236602294122,51.6028724385877));
#7681=CARTESIAN_POINT('Ctrl Pts',(40.1612716692714,-39.0237731269233,51.4470666586789));
#7682=CARTESIAN_POINT('Ctrl Pts',(40.1612716692714,-37.5237735179881,51.4459835176983));
#7683=CARTESIAN_POINT('Ctrl Pts',(40.1123657951131,-39.0237520232843,51.4762922634676));
#7684=CARTESIAN_POINT('Ctrl Pts',(40.1123657951131,-37.5237524143491,51.4752091224869));
#7685=CARTESIAN_POINT('Ctrl Pts',(40.017230874117,-39.0237109710986,51.5331438309016));
#7686=CARTESIAN_POINT('Ctrl Pts',(40.017230874117,-37.5237113621634,51.5320606899209));
#7687=CARTESIAN_POINT('Ctrl Pts',(39.9110335808252,-39.0236881621142,51.5647311019463));
#7688=CARTESIAN_POINT('Ctrl Pts',(39.9110335808252,-37.523688553179,51.5636479609656));
#7689=CARTESIAN_POINT('Ctrl Pts',(39.8594289797572,-39.0236770785121,51.5800803492817));
#7690=CARTESIAN_POINT('Ctrl Pts',(39.8594289797572,-37.5236774695769,51.578997208301));
#7691=CARTESIAN_POINT('',(40.1612716692714,-39.0237731269233,51.4470666586789));
#7692=CARTESIAN_POINT('Ctrl Pts',(40.1612716692714,-39.0237731269233,51.4470666586789));
#7693=CARTESIAN_POINT('Ctrl Pts',(40.1123657951131,-39.0237520232843,51.4762922634676));
#7694=CARTESIAN_POINT('Ctrl Pts',(40.017230874117,-39.0237109710986,51.5331438309016));
#7695=CARTESIAN_POINT('Ctrl Pts',(39.9110335808252,-39.0236881621142,51.5647311019463));
#7696=CARTESIAN_POINT('Ctrl Pts',(39.8594289797572,-39.0236770785121,51.5800803492817));
#7697=CARTESIAN_POINT('',(40.1612716692714,-37.5237735179881,51.4459835176983));
#7698=CARTESIAN_POINT('',(40.1612716692714,-39.0237731269233,51.4470666586789));
#7699=CARTESIAN_POINT('Ctrl Pts',(40.1612716692714,-37.5237735179881,51.4459835176983));
#7700=CARTESIAN_POINT('Ctrl Pts',(40.1123657951131,-37.5237524143491,51.4752091224869));
#7701=CARTESIAN_POINT('Ctrl Pts',(40.017230874117,-37.5237113621634,51.5320606899209));
#7702=CARTESIAN_POINT('Ctrl Pts',(39.9110335808252,-37.523688553179,51.5636479609656));
#7703=CARTESIAN_POINT('Ctrl Pts',(39.8594289797572,-37.5236774695769,51.578997208301));
#7704=CARTESIAN_POINT('Ctrl Pts',(40.4972177523402,-39.024014482343,51.1128229714055));
#7705=CARTESIAN_POINT('Ctrl Pts',(40.4972177523402,-37.5240148734079,51.1117398304249));
#7706=CARTESIAN_POINT('Ctrl Pts',(40.4407777003158,-39.0239635466892,51.1833617674805));
#7707=CARTESIAN_POINT('Ctrl Pts',(40.4407777003158,-37.5239639377541,51.1822786264998));
#7708=CARTESIAN_POINT('Ctrl Pts',(40.3413316657717,-39.023873799274,51.3076494550278));
#7709=CARTESIAN_POINT('Ctrl Pts',(40.3413316657717,-37.5238741903388,51.3065663140471));
#7710=CARTESIAN_POINT('Ctrl Pts',(40.2156314264836,-39.0238035197071,51.4049768803329));
#7711=CARTESIAN_POINT('Ctrl Pts',(40.2156314264836,-37.5238039107719,51.4038937393522));
#7712=CARTESIAN_POINT('Ctrl Pts',(40.1612716692714,-39.0237731269233,51.4470666586789));
#7713=CARTESIAN_POINT('Ctrl Pts',(40.1612716692714,-37.5237735179881,51.4459835176983));
#7714=CARTESIAN_POINT('',(40.4972177523402,-39.024014482343,51.1128229714055));
#7715=CARTESIAN_POINT('Ctrl Pts',(40.4972177523402,-39.024014482343,51.1128229714055));
#7716=CARTESIAN_POINT('Ctrl Pts',(40.4407777003158,-39.0239635466892,51.1833617674805));
#7717=CARTESIAN_POINT('Ctrl Pts',(40.3413316657717,-39.023873799274,51.3076494550278));
#7718=CARTESIAN_POINT('Ctrl Pts',(40.2156314264836,-39.0238035197071,51.4049768803329));
#7719=CARTESIAN_POINT('Ctrl Pts',(40.1612716692714,-39.0237731269233,51.4470666586789));
#7720=CARTESIAN_POINT('',(40.4972177523402,-37.5240148734079,51.1117398304249));
#7721=CARTESIAN_POINT('',(40.4972177523402,-39.024014482343,51.1128229714055));
#7722=CARTESIAN_POINT('Ctrl Pts',(40.4972177523402,-37.5240148734079,51.1117398304249));
#7723=CARTESIAN_POINT('Ctrl Pts',(40.4407777003158,-37.5239639377541,51.1822786264998));
#7724=CARTESIAN_POINT('Ctrl Pts',(40.3413316657717,-37.5238741903388,51.3065663140471));
#7725=CARTESIAN_POINT('Ctrl Pts',(40.2156314264836,-37.5238039107719,51.4038937393522));
#7726=CARTESIAN_POINT('Ctrl Pts',(40.1612716692714,-37.5237735179881,51.4459835176983));
#7727=CARTESIAN_POINT('Ctrl Pts',(40.9747081774501,-39.0245119680071,50.4238745197346));
#7728=CARTESIAN_POINT('Ctrl Pts',(40.9747081774501,-37.524512359072,50.422791378754));
#7729=CARTESIAN_POINT('Ctrl Pts',(40.8882412869741,-39.0244155024543,50.5574658933768));
#7730=CARTESIAN_POINT('Ctrl Pts',(40.8882412869741,-37.5244158935192,50.5563827523962));
#7731=CARTESIAN_POINT('Ctrl Pts',(40.7363274619859,-39.0242460219627,50.7921728019253));
#7732=CARTESIAN_POINT('Ctrl Pts',(40.7363274619859,-37.5242464130276,50.7910896609446));
#7733=CARTESIAN_POINT('Ctrl Pts',(40.5692132567008,-39.0240841985069,51.016275780958));
#7734=CARTESIAN_POINT('Ctrl Pts',(40.5692132567008,-37.5240845895717,51.0151926399773));
#7735=CARTESIAN_POINT('Ctrl Pts',(40.4972177523402,-39.024014482343,51.1128229714055));
#7736=CARTESIAN_POINT('Ctrl Pts',(40.4972177523402,-37.5240148734079,51.1117398304249));
#7737=CARTESIAN_POINT('',(40.9747081774501,-39.0245119680071,50.4238745197346));
#7738=CARTESIAN_POINT('Ctrl Pts',(40.9747081774501,-39.0245119680071,50.4238745197346));
#7739=CARTESIAN_POINT('Ctrl Pts',(40.8882412869741,-39.0244155024543,50.5574658933768));
#7740=CARTESIAN_POINT('Ctrl Pts',(40.7363274619859,-39.0242460219627,50.7921728019253));
#7741=CARTESIAN_POINT('Ctrl Pts',(40.5692132567008,-39.0240841985069,51.016275780958));
#7742=CARTESIAN_POINT('Ctrl Pts',(40.4972177523402,-39.024014482343,51.1128229714055));
#7743=CARTESIAN_POINT('',(40.9747081774501,-37.524512359072,50.422791378754));
#7744=CARTESIAN_POINT('',(40.9747081774501,-39.0245119680071,50.4238745197346));
#7745=CARTESIAN_POINT('Ctrl Pts',(40.9747081774501,-37.524512359072,50.422791378754));
#7746=CARTESIAN_POINT('Ctrl Pts',(40.8882412869741,-37.5244158935192,50.5563827523962));
#7747=CARTESIAN_POINT('Ctrl Pts',(40.7363274619859,-37.5242464130276,50.7910896609446));
#7748=CARTESIAN_POINT('Ctrl Pts',(40.5692132567008,-37.5240845895717,51.0151926399773));
#7749=CARTESIAN_POINT('Ctrl Pts',(40.4972177523402,-37.5240148734079,51.1117398304249));
#7750=CARTESIAN_POINT('Origin',(41.6363721865443,-39.0252631237403,49.3836283042734));
#7751=CARTESIAN_POINT('',(41.6363721865443,-39.0252631237403,49.3836283042734));
#7752=CARTESIAN_POINT('',(45.8020095798654,-39.0299921740848,42.8345513198412));
#7753=CARTESIAN_POINT('',(41.6363721865443,-37.5252635148051,49.3825451632927));
#7754=CARTESIAN_POINT('',(41.6363721865443,-39.0252631237403,49.3836283042734));
#7755=CARTESIAN_POINT('',(41.6363721865443,-37.5252635148051,49.3825451632927));
#7756=CARTESIAN_POINT('Origin',(42.4685698527125,-39.0252631237403,49.3836283042734));
#7757=CARTESIAN_POINT('',(70.5601379813757,-39.0252631251582,49.3836263408632));
#7758=CARTESIAN_POINT('',(42.4685698527125,-37.5252635148051,49.3825451632927));
#7759=CARTESIAN_POINT('',(42.4685698527125,-39.0252631237403,49.3836283042734));
#7760=CARTESIAN_POINT('',(42.4685698527125,-37.5252635148051,49.3825451632927));
#7761=CARTESIAN_POINT('Origin',(41.5988546389369,-39.0242804653398,50.7444735152834));
#7762=CARTESIAN_POINT('',(41.5988546389369,-37.5242808564046,50.7433903743027));
#7763=CARTESIAN_POINT('',(41.5988546389369,-39.0242804653398,50.7444735152834));
#7764=CARTESIAN_POINT('',(41.5988546389369,-37.5242808564046,50.7433903743027));
#7765=CARTESIAN_POINT('Ctrl Pts',(41.0497432726649,-39.0238002181188,51.4095491208527));
#7766=CARTESIAN_POINT('Ctrl Pts',(41.0497432726649,-37.5238006091837,51.408465979872));
#7767=CARTESIAN_POINT('Ctrl Pts',(41.1469752530864,-39.0238703626087,51.3124087584601));
#7768=CARTESIAN_POINT('Ctrl Pts',(41.1469752530864,-37.5238707536735,51.3113256174794));
#7769=CARTESIAN_POINT('Ctrl Pts',(41.3512319370176,-39.0240177161938,51.1083445379003));
#7770=CARTESIAN_POINT('Ctrl Pts',(41.3512319370176,-37.5240181072586,51.1072613969196));
#7771=CARTESIAN_POINT('Ctrl Pts',(41.5137170517748,-39.0241901269817,50.8695795764954));
#7772=CARTESIAN_POINT('Ctrl Pts',(41.5137170517748,-37.5241905180465,50.8684964355147));
#7773=CARTESIAN_POINT('Ctrl Pts',(41.5988546389369,-39.0242804653398,50.7444735152834));
#7774=CARTESIAN_POINT('Ctrl Pts',(41.5988546389369,-37.5242808564046,50.7433903743027));
#7775=CARTESIAN_POINT('',(41.0497432726649,-37.5238006091837,51.408465979872));
#7776=CARTESIAN_POINT('',(41.0497432726649,-39.0238002181188,51.4095491208527));
#7777=CARTESIAN_POINT('Ctrl Pts',(41.0497432726649,-37.5238006091837,51.408465979872));
#7778=CARTESIAN_POINT('Ctrl Pts',(41.1469752530864,-37.5238707536735,51.3113256174794));
#7779=CARTESIAN_POINT('Ctrl Pts',(41.3512319370176,-37.5240181072586,51.1072613969196));
#7780=CARTESIAN_POINT('Ctrl Pts',(41.5137170517748,-37.5241905180465,50.8684964355147));
#7781=CARTESIAN_POINT('Ctrl Pts',(41.5988546389369,-37.5242808564046,50.7433903743027));
#7782=CARTESIAN_POINT('Ctrl Pts',(40.6506973284511,-39.0236204342241,51.6585248097265));
#7783=CARTESIAN_POINT('Ctrl Pts',(40.6506973284511,-37.5236208252889,51.6574416687458));
#7784=CARTESIAN_POINT('Ctrl Pts',(40.729519808435,-39.0236485579393,51.6195773757293));
#7785=CARTESIAN_POINT('Ctrl Pts',(40.729519808435,-37.5236489490042,51.6184942347487));
#7786=CARTESIAN_POINT('Ctrl Pts',(40.8708809977437,-39.0236989953505,51.5497285763579));
#7787=CARTESIAN_POINT('Ctrl Pts',(40.8708809977437,-37.5236993864153,51.5486454353772));
#7788=CARTESIAN_POINT('Ctrl Pts',(40.9948839230751,-39.0237691717999,51.4525439544937));
#7789=CARTESIAN_POINT('Ctrl Pts',(40.9948839230751,-37.5237695628647,51.451460813513));
#7790=CARTESIAN_POINT('Ctrl Pts',(41.0497432726649,-39.0238002181188,51.4095491208527));
#7791=CARTESIAN_POINT('Ctrl Pts',(41.0497432726649,-37.5238006091837,51.408465979872));
#7792=CARTESIAN_POINT('',(40.6506973284511,-37.5236208252889,51.6574416687458));
#7793=CARTESIAN_POINT('',(40.6506973284511,-39.0236204342241,51.6585248097265));
#7794=CARTESIAN_POINT('Ctrl Pts',(40.6506973284511,-37.5236208252889,51.6574416687458));
#7795=CARTESIAN_POINT('Ctrl Pts',(40.729519808435,-37.5236489490042,51.6184942347487));
#7796=CARTESIAN_POINT('Ctrl Pts',(40.8708809977437,-37.5236993864153,51.5486454353772));
#7797=CARTESIAN_POINT('Ctrl Pts',(40.9948839230751,-37.5237695628647,51.451460813513));
#7798=CARTESIAN_POINT('Ctrl Pts',(41.0497432726649,-37.5238006091837,51.408465979872));
#7799=CARTESIAN_POINT('Ctrl Pts',(41.7148166674403,-39.02328549229,52.1223728028103));
#7800=CARTESIAN_POINT('Ctrl Pts',(41.7148166674403,-37.5232858833549,52.1212896618296));
#7801=CARTESIAN_POINT('Ctrl Pts',(41.5743080792519,-39.0233661537571,52.0106678896906));
#7802=CARTESIAN_POINT('Ctrl Pts',(41.5743080792519,-37.523366544822,52.0095847487099));
#7803=CARTESIAN_POINT('Ctrl Pts',(41.2622541512881,-39.0235452938935,51.762583716607));
#7804=CARTESIAN_POINT('Ctrl Pts',(41.2622541512881,-37.5235456849584,51.7615005756263));
#7805=CARTESIAN_POINT('Ctrl Pts',(40.8676325679439,-39.0235937799787,51.6954372323216));
#7806=CARTESIAN_POINT('Ctrl Pts',(40.8676325679439,-37.5235941710436,51.6943540913409));
#7807=CARTESIAN_POINT('Ctrl Pts',(40.6506973284511,-39.0236204342241,51.6585248097265));
#7808=CARTESIAN_POINT('Ctrl Pts',(40.6506973284511,-37.5236208252889,51.6574416687458));
#7809=CARTESIAN_POINT('',(41.7148166674403,-37.5232858833549,52.1212896618296));
#7810=CARTESIAN_POINT('',(41.7148166674403,-39.02328549229,52.1223728028103));
#7811=CARTESIAN_POINT('Ctrl Pts',(41.7148166674403,-37.5232858833549,52.1212896618296));
#7812=CARTESIAN_POINT('Ctrl Pts',(41.5743080792519,-37.523366544822,52.0095847487099));
#7813=CARTESIAN_POINT('Ctrl Pts',(41.2622541512881,-37.5235456849584,51.7615005756263));
#7814=CARTESIAN_POINT('Ctrl Pts',(40.8676325679439,-37.5235941710436,51.6943540913409));
#7815=CARTESIAN_POINT('Ctrl Pts',(40.6506973284511,-37.5236208252889,51.6574416687458));
#7816=CARTESIAN_POINT('Ctrl Pts',(42.0592933672694,-39.0226377758236,53.0193700207364));
#7817=CARTESIAN_POINT('Ctrl Pts',(42.0592933672694,-37.5226381668885,53.0182868797558));
#7818=CARTESIAN_POINT('Ctrl Pts',(42.045897962756,-39.0227600719617,52.8500068790803));
#7819=CARTESIAN_POINT('Ctrl Pts',(42.045897962756,-37.5227604630266,52.8489237380996));
#7820=CARTESIAN_POINT('Ctrl Pts',(42.019536281915,-39.0230007464227,52.516706224957));
#7821=CARTESIAN_POINT('Ctrl Pts',(42.019536281915,-37.5230011374876,52.5156230839763));
#7822=CARTESIAN_POINT('Ctrl Pts',(41.8152815531901,-39.023191612672,52.2523830165328));
#7823=CARTESIAN_POINT('Ctrl Pts',(41.8152815531901,-37.5231920037368,52.2512998755521));
#7824=CARTESIAN_POINT('Ctrl Pts',(41.7148166674403,-39.02328549229,52.1223728028103));
#7825=CARTESIAN_POINT('Ctrl Pts',(41.7148166674403,-37.5232858833549,52.1212896618296));
#7826=CARTESIAN_POINT('',(42.0592933672694,-37.5226381668885,53.0182868797558));
#7827=CARTESIAN_POINT('',(42.0592933672694,-39.0226377758236,53.0193700207364));
#7828=CARTESIAN_POINT('Ctrl Pts',(42.0592933672694,-37.5226381668885,53.0182868797558));
#7829=CARTESIAN_POINT('Ctrl Pts',(42.045897962756,-37.5227604630266,52.8489237380996));
#7830=CARTESIAN_POINT('Ctrl Pts',(42.019536281915,-37.5230011374876,52.5156230839763));
#7831=CARTESIAN_POINT('Ctrl Pts',(41.8152815531901,-37.5231920037368,52.2512998755521));
#7832=CARTESIAN_POINT('Ctrl Pts',(41.7148166674403,-37.5232858833549,52.1212896618296));
#7833=CARTESIAN_POINT('Ctrl Pts',(41.8512445467738,-39.0220934951808,53.7731230094977));
#7834=CARTESIAN_POINT('Ctrl Pts',(41.8512445467738,-37.5220938862456,53.7720398685171));
#7835=CARTESIAN_POINT('Ctrl Pts',(41.9119247790674,-39.0221781629101,53.6558699804962));
#7836=CARTESIAN_POINT('Ctrl Pts',(41.9119247790674,-37.5221785539749,53.6547868395155));
#7837=CARTESIAN_POINT('Ctrl Pts',(42.0343359018314,-39.0223489643624,53.4193337250297));
#7838=CARTESIAN_POINT('Ctrl Pts',(42.0343359018314,-37.5223493554272,53.418250584049));
#7839=CARTESIAN_POINT('Ctrl Pts',(42.0509267455609,-39.0225409560465,53.1534519458126));
#7840=CARTESIAN_POINT('Ctrl Pts',(42.0509267455609,-37.5225413471113,53.1523688048319));
#7841=CARTESIAN_POINT('Ctrl Pts',(42.0592933672694,-39.0226377758236,53.0193700207364));
#7842=CARTESIAN_POINT('Ctrl Pts',(42.0592933672694,-37.5226381668885,53.0182868797558));
#7843=CARTESIAN_POINT('',(41.8512445467738,-37.5220938862456,53.7720398685171));
#7844=CARTESIAN_POINT('',(41.8512445467738,-39.0220934951808,53.7731230094977));
#7845=CARTESIAN_POINT('Ctrl Pts',(41.8512445467738,-37.5220938862456,53.7720398685171));
#7846=CARTESIAN_POINT('Ctrl Pts',(41.9119247790674,-37.5221785539749,53.6547868395155));
#7847=CARTESIAN_POINT('Ctrl Pts',(42.0343359018314,-37.5223493554272,53.418250584049));
#7848=CARTESIAN_POINT('Ctrl Pts',(42.0509267455609,-37.5225413471113,53.1523688048319));
#7849=CARTESIAN_POINT('Ctrl Pts',(42.0592933672694,-37.5226381668885,53.0182868797558));
#7850=CARTESIAN_POINT('Ctrl Pts',(41.295309640768,-39.0217499348859,54.2489062335398));
#7851=CARTESIAN_POINT('Ctrl Pts',(41.295309640768,-37.5217503259508,54.2478230925591));
#7852=CARTESIAN_POINT('Ctrl Pts',(41.406062049725,-39.0217893075003,54.1943806387852));
#7853=CARTESIAN_POINT('Ctrl Pts',(41.406062049725,-37.5217896985652,54.1932974978045));
#7854=CARTESIAN_POINT('Ctrl Pts',(41.6317527443941,-39.0218695408133,54.0832686596119));
#7855=CARTESIAN_POINT('Ctrl Pts',(41.6317527443941,-37.5218699318781,54.0821855186312));
#7856=CARTESIAN_POINT('Ctrl Pts',(41.7771815252859,-39.0220179263579,53.8777753186033));
#7857=CARTESIAN_POINT('Ctrl Pts',(41.7771815252859,-37.5220183174228,53.8766921776226));
#7858=CARTESIAN_POINT('Ctrl Pts',(41.8512445467738,-39.0220934951808,53.7731230094977));
#7859=CARTESIAN_POINT('Ctrl Pts',(41.8512445467738,-37.5220938862456,53.7720398685171));
#7860=CARTESIAN_POINT('',(41.295309640768,-37.5217503259508,54.2478230925591));
#7861=CARTESIAN_POINT('',(41.295309640768,-39.0217499348859,54.2489062335398));
#7862=CARTESIAN_POINT('Ctrl Pts',(41.295309640768,-37.5217503259508,54.2478230925591));
#7863=CARTESIAN_POINT('Ctrl Pts',(41.406062049725,-37.5217896985652,54.1932974978045));
#7864=CARTESIAN_POINT('Ctrl Pts',(41.6317527443941,-37.5218699318781,54.0821855186312));
#7865=CARTESIAN_POINT('Ctrl Pts',(41.7771815252859,-37.5220183174228,53.8766921776226));
#7866=CARTESIAN_POINT('Ctrl Pts',(41.8512445467738,-37.5220938862456,53.7720398685171));
#7867=CARTESIAN_POINT('Ctrl Pts',(40.2789383906154,-39.0216526538047,54.3836270007239));
#7868=CARTESIAN_POINT('Ctrl Pts',(40.2789383906154,-37.5216530448695,54.3825438597432));
#7869=CARTESIAN_POINT('Ctrl Pts',(40.476461995179,-39.0216537518912,54.38210630359));
#7870=CARTESIAN_POINT('Ctrl Pts',(40.476461995179,-37.521654142956,54.3810231626093));
#7871=CARTESIAN_POINT('Ctrl Pts',(40.8214004845989,-39.0216556694965,54.3794506869441));
#7872=CARTESIAN_POINT('Ctrl Pts',(40.8214004845989,-37.5216560605614,54.3783675459635));
#7873=CARTESIAN_POINT('Ctrl Pts',(41.1534171153198,-39.021721711008,54.2879923789237));
#7874=CARTESIAN_POINT('Ctrl Pts',(41.1534171153198,-37.5217221020729,54.286909237943));
#7875=CARTESIAN_POINT('Ctrl Pts',(41.295309640768,-39.0217499348859,54.2489062335398));
#7876=CARTESIAN_POINT('Ctrl Pts',(41.295309640768,-37.5217503259508,54.2478230925591));
#7877=CARTESIAN_POINT('',(40.2789383906154,-37.5216530448695,54.3825438597432));
#7878=CARTESIAN_POINT('',(40.2789383906154,-39.0216526538047,54.3836270007239));
#7879=CARTESIAN_POINT('Ctrl Pts',(40.2789383906154,-37.5216530448695,54.3825438597432));
#7880=CARTESIAN_POINT('Ctrl Pts',(40.476461995179,-37.521654142956,54.3810231626093));
#7881=CARTESIAN_POINT('Ctrl Pts',(40.8214004845989,-37.5216560605614,54.3783675459635));
#7882=CARTESIAN_POINT('Ctrl Pts',(41.1534171153198,-37.5217221020729,54.286909237943));
#7883=CARTESIAN_POINT('Ctrl Pts',(41.295309640768,-37.5217503259508,54.2478230925591));
#7884=CARTESIAN_POINT('Origin',(38.06201992214,-39.0216526538047,54.3836270007239));
#7885=CARTESIAN_POINT('',(38.06201992214,-37.5216530448695,54.3825438597432));
#7886=CARTESIAN_POINT('',(38.06201992214,-39.0216526538047,54.3836270007239));
#7887=CARTESIAN_POINT('',(38.06201992214,-37.5216530448695,54.3825438597432));
#7888=CARTESIAN_POINT('Origin',(38.06201992214,-39.0252631237403,49.3836283042734));
#7889=CARTESIAN_POINT('',(38.06201992214,-37.5252635148051,49.3825451632927));
#7890=CARTESIAN_POINT('',(38.06201992214,-39.0252631237403,49.3836283042734));
#7891=CARTESIAN_POINT('',(38.06201992214,-37.5252635148051,49.3825451632927));
#7892=CARTESIAN_POINT('Origin',(38.7236863154201,-39.0252631237403,49.3836283042734));
#7893=CARTESIAN_POINT('',(70.5601379813757,-39.0252631251582,49.3836263408632));
#7894=CARTESIAN_POINT('',(38.7236863154201,-37.5252635148051,49.3825451632927));
#7895=CARTESIAN_POINT('Origin',(39.6104520338801,-37.5234582798373,51.882544511518));
#7896=CARTESIAN_POINT('Origin',(46.1929899233607,-39.0248370589104,49.9736688341903));
#7897=CARTESIAN_POINT('',(46.1929899233607,-37.5248374499752,49.9725856932096));
#7898=CARTESIAN_POINT('',(46.1929899233607,-39.0248370589104,49.9736688341903));
#7899=CARTESIAN_POINT('',(46.1929899233607,-37.5252635148051,49.3825451632927));
#7900=CARTESIAN_POINT('',(46.1929899233607,-37.5248374499752,49.9725856932096));
#7901=CARTESIAN_POINT('',(46.1929899233607,-39.0252631237403,49.3836283042734));
#7902=CARTESIAN_POINT('Origin',(43.7305074709682,-39.0248370589104,49.9736688341903));
#7903=CARTESIAN_POINT('',(43.7305074709682,-37.5248374499752,49.9725856932096));
#7904=CARTESIAN_POINT('',(43.7305074709682,-39.0248370589104,49.9736688341903));
#7905=CARTESIAN_POINT('',(43.7305074709682,-37.5248374499752,49.9725856932096));
#7906=CARTESIAN_POINT('Origin',(43.7305074709682,-39.0216526538047,54.3836270007239));
#7907=CARTESIAN_POINT('',(43.7305074709682,-37.5216530448695,54.3825438597432));
#7908=CARTESIAN_POINT('',(43.7305074709682,-39.0216526538047,54.3836270007239));
#7909=CARTESIAN_POINT('',(43.7305074709682,-37.5216530448695,54.3825438597432));
#7910=CARTESIAN_POINT('Origin',(43.0688434618739,-39.0216526538047,54.3836270007239));
#7911=CARTESIAN_POINT('',(43.0688434618739,-37.5216530448695,54.3825438597432));
#7912=CARTESIAN_POINT('',(43.0688434618739,-39.0216526538047,54.3836270007239));
#7913=CARTESIAN_POINT('',(43.0688434618739,-37.5216530448695,54.3825438597432));
#7914=CARTESIAN_POINT('Origin',(43.0688434618739,-39.0252631237403,49.3836283042734));
#7915=CARTESIAN_POINT('',(43.0688434618739,-37.5252635148051,49.3825451632927));
#7916=CARTESIAN_POINT('',(43.0688434618739,-39.0252631237403,49.3836283042734));
#7917=CARTESIAN_POINT('',(43.0688434618739,-37.5252635148051,49.3825451632927));
#7918=CARTESIAN_POINT('Origin',(46.1929899233607,-39.0252631237403,49.3836283042734));
#7919=CARTESIAN_POINT('',(70.5601379813757,-39.0252631251582,49.3836263408632));
#7920=CARTESIAN_POINT('',(46.1929899233607,-37.5252635148051,49.3825451632927));
#7921=CARTESIAN_POINT('Origin',(39.6104520338801,-37.5234582798373,51.882544511518));
#7922=CARTESIAN_POINT('Origin',(33.6895805376796,-39.0235613263176,51.7403810391487));
#7923=CARTESIAN_POINT('',(33.6895805376796,-39.0235613263176,51.7403810391487));
#7924=CARTESIAN_POINT('',(33.6895805376796,-39.0252631237403,49.3836283042734));
#7925=CARTESIAN_POINT('',(33.6895805376796,-39.0244122257378,50.5620036900059));
#7926=CARTESIAN_POINT('',(33.6895805376796,-37.5235617173824,51.739297898168));
#7927=CARTESIAN_POINT('',(33.6895805376796,-39.0235613263176,51.7403810391487));
#7928=CARTESIAN_POINT('',(33.6895805376796,-37.5252635148051,49.3825451632927));
#7929=CARTESIAN_POINT('',(33.6895805376796,-37.5235617173824,51.739297898168));
#7930=CARTESIAN_POINT('',(33.6895805376796,-39.0252631237403,49.3836283042734));
#7931=CARTESIAN_POINT('Origin',(36.2884884852199,-39.0235613263176,51.7403810391487));
#7932=CARTESIAN_POINT('',(36.2884884852199,-39.0235613263176,51.7403810391487));
#7933=CARTESIAN_POINT('',(53.4243132332978,-39.0235613263177,51.7403810391487));
#7934=CARTESIAN_POINT('',(36.2884884852199,-37.5235617173824,51.739297898168));
#7935=CARTESIAN_POINT('',(36.2884884852199,-39.0235613263176,51.7403810391487));
#7936=CARTESIAN_POINT('',(36.2884884852199,-37.5235617173824,51.739297898168));
#7937=CARTESIAN_POINT('Origin',(36.2884884852199,-39.0252631237403,49.3836283042734));
#7938=CARTESIAN_POINT('',(36.2884884852199,-39.0252631237403,49.3836283042734));
#7939=CARTESIAN_POINT('',(36.2884884852199,-39.0252631244491,49.3836273225683));
#7940=CARTESIAN_POINT('',(36.2884884852199,-37.5252635148051,49.3825451632927));
#7941=CARTESIAN_POINT('',(36.2884884852199,-39.0252631237403,49.3836283042734));
#7942=CARTESIAN_POINT('',(36.2884884852199,-37.5252635148051,49.3825451632927));
#7943=CARTESIAN_POINT('Origin',(36.9501524943141,-39.0252631237403,49.3836283042734));
#7944=CARTESIAN_POINT('',(70.5601379813757,-39.0252631251582,49.3836263408632));
#7945=CARTESIAN_POINT('',(36.9501524943141,-37.5252635148051,49.3825451632927));
#7946=CARTESIAN_POINT('',(36.9501524943141,-39.0252631237403,49.3836283042734));
#7947=CARTESIAN_POINT('',(36.9501524943141,-37.5252635148051,49.3825451632927));
#7948=CARTESIAN_POINT('Origin',(36.9501524943141,-39.0216526538047,54.3836270007239));
#7949=CARTESIAN_POINT('',(36.9501524943141,-37.5216530448695,54.3825438597432));
#7950=CARTESIAN_POINT('',(36.9501524943141,-39.0216526538047,54.3836270007239));
#7951=CARTESIAN_POINT('',(36.9501524943141,-37.5216530448695,54.3825438597432));
#7952=CARTESIAN_POINT('Origin',(36.2884884852199,-39.0216526538047,54.3836270007239));
#7953=CARTESIAN_POINT('',(36.2884884852199,-37.5216530448695,54.3825438597432));
#7954=CARTESIAN_POINT('',(36.2884884852199,-39.0216526538047,54.3836270007239));
#7955=CARTESIAN_POINT('',(36.2884884852199,-37.5216530448695,54.3825438597432));
#7956=CARTESIAN_POINT('Origin',(36.2884884852199,-39.0231352614877,52.3304215690655));
#7957=CARTESIAN_POINT('',(36.2884884852199,-37.5231356525526,52.3293384280849));
#7958=CARTESIAN_POINT('',(36.2884884852199,-39.0231352614877,52.3304215690655));
#7959=CARTESIAN_POINT('',(36.2884884852199,-37.5231356525526,52.3293384280849));
#7960=CARTESIAN_POINT('Origin',(33.6895805376796,-39.0231352614877,52.3304215690655));
#7961=CARTESIAN_POINT('',(33.6895805376796,-37.5231356525526,52.3293384280849));
#7962=CARTESIAN_POINT('',(33.6895805376796,-39.0231352614877,52.3304215690655));
#7963=CARTESIAN_POINT('',(33.6895805376796,-37.5231356525526,52.3293384280849));
#7964=CARTESIAN_POINT('Origin',(33.6895805376796,-39.0216526538047,54.3836270007239));
#7965=CARTESIAN_POINT('',(33.6895805376796,-37.5216530448695,54.3825438597432));
#7966=CARTESIAN_POINT('',(33.6895805376796,-39.0216526538047,54.3836270007239));
#7967=CARTESIAN_POINT('',(33.6895805376796,-37.5216530448695,54.3825438597432));
#7968=CARTESIAN_POINT('Origin',(33.0279141443996,-39.0216526538047,54.3836270007239));
#7969=CARTESIAN_POINT('',(33.0279141443996,-37.5216530448695,54.3825438597432));
#7970=CARTESIAN_POINT('',(33.0279141443996,-39.0216526538047,54.3836270007239));
#7971=CARTESIAN_POINT('',(33.0279141443996,-37.5216530448695,54.3825438597432));
#7972=CARTESIAN_POINT('Origin',(33.0279141443996,-39.0252631237403,49.3836283042734));
#7973=CARTESIAN_POINT('',(33.0279141443996,-37.5252635148051,49.3825451632927));
#7974=CARTESIAN_POINT('',(33.0279141443996,-39.0252631237403,49.3836283042734));
#7975=CARTESIAN_POINT('',(33.0279141443996,-37.5252635148051,49.3825451632927));
#7976=CARTESIAN_POINT('Origin',(33.6895805376796,-39.0252631237403,49.3836283042734));
#7977=CARTESIAN_POINT('',(70.5601379813757,-39.0252631251582,49.3836263408632));
#7978=CARTESIAN_POINT('',(33.6895805376796,-37.5252635148051,49.3825451632927));
#7979=CARTESIAN_POINT('Origin',(39.6104520338801,-37.5234582798373,51.882544511518));
#7980=CARTESIAN_POINT('Origin',(70.5601379813757,-39.0252631251582,49.3836263408632));
#7981=CARTESIAN_POINT('',(70.5601379813757,-39.0252631251582,49.3836263408632));
#7982=CARTESIAN_POINT('Origin',(70.5601379813757,-39.0252631251582,49.3836263408632));
#7983=CARTESIAN_POINT('',(70.5601379813757,-39.0252631251582,49.3836263408632));
#7984=CARTESIAN_POINT('Origin',(70.5601379813757,-39.0252631251582,49.3836263408632));
#7985=CARTESIAN_POINT('Ctrl Pts',(9.59613798137608,44.4568926326941,5.34957843860111));
#7986=CARTESIAN_POINT('Ctrl Pts',(9.59613798137608,44.4568926326941,20.3495784386011));
#7987=CARTESIAN_POINT('Ctrl Pts',(9.26173579464559,44.3671056243753,5.34957843860111));
#7988=CARTESIAN_POINT('Ctrl Pts',(9.26173579464559,44.3671056243753,20.3495784386011));
#7989=CARTESIAN_POINT('Ctrl Pts',(8.92836844190558,44.2734400222368,5.34957843860111));
#7990=CARTESIAN_POINT('Ctrl Pts',(8.92836844190558,44.2734400222368,20.3495784386011));
#7991=CARTESIAN_POINT('Ctrl Pts',(8.59613798139091,44.1759245105411,5.34957843860111));
#7992=CARTESIAN_POINT('Ctrl Pts',(8.59613798139091,44.1759245105411,20.3495784386011));
#7993=CARTESIAN_POINT('',(9.59613798137609,44.4568926326941,15.3495784386011));
#7994=CARTESIAN_POINT('',(8.59613798138983,44.1759245105447,15.3495784386011));
#7995=CARTESIAN_POINT('Ctrl Pts',(9.59613798137608,44.4568926326941,15.3495784386011));
#7996=CARTESIAN_POINT('Ctrl Pts',(9.26173579464559,44.3671056243753,15.3495784386011));
#7997=CARTESIAN_POINT('Ctrl Pts',(8.92836844190559,44.2734400222368,15.3495784386011));
#7998=CARTESIAN_POINT('Ctrl Pts',(8.59613798139093,44.1759245105411,15.3495784386011));
#7999=CARTESIAN_POINT('',(9.59613798137609,44.4568926326941,20.3495784386011));
#8000=CARTESIAN_POINT('',(9.59613798137609,44.4568926326941,5.34957843860111));
#8001=CARTESIAN_POINT('',(8.59613798138983,44.1759245105447,20.3495784386011));
#8002=CARTESIAN_POINT('Ctrl Pts',(9.59613798137608,44.4568926326941,20.3495784386011));
#8003=CARTESIAN_POINT('Ctrl Pts',(9.26173579464559,44.3671056243753,20.3495784386011));
#8004=CARTESIAN_POINT('Ctrl Pts',(8.92836844190558,44.2734400222368,20.3495784386011));
#8005=CARTESIAN_POINT('Ctrl Pts',(8.59613798139091,44.1759245105411,20.3495784386011));
#8006=CARTESIAN_POINT('',(8.59613798138983,44.1759245105447,5.34957843860111));
#8007=CARTESIAN_POINT('Ctrl Pts',(65.9987069832985,-1.22124532708767E-14,
5.34957843860111));
#8008=CARTESIAN_POINT('Ctrl Pts',(65.9987069832985,-1.22124532708767E-14,
20.3495784386011));
#8009=CARTESIAN_POINT('Ctrl Pts',(66.1829612311657,6.94244551843987,5.34957843860111));
#8010=CARTESIAN_POINT('Ctrl Pts',(66.1829612311657,6.94244551843987,20.3495784386011));
#8011=CARTESIAN_POINT('Ctrl Pts',(64.724307856633,13.9231338462944,5.34957843860111));
#8012=CARTESIAN_POINT('Ctrl Pts',(64.724307856633,13.9231338462944,20.3495784386011));
#8013=CARTESIAN_POINT('Ctrl Pts',(61.7755249075066,20.2109139413124,5.34957843860111));
#8014=CARTESIAN_POINT('Ctrl Pts',(61.7755249075066,20.2109139413124,20.3495784386011));
#8015=CARTESIAN_POINT('Ctrl Pts',(58.7538160710257,26.6541961369697,5.34957843860111));
#8016=CARTESIAN_POINT('Ctrl Pts',(58.7538160710257,26.6541961369697,20.3495784386011));
#8017=CARTESIAN_POINT('Ctrl Pts',(54.1709958544038,32.3586792789525,5.34957843860111));
#8018=CARTESIAN_POINT('Ctrl Pts',(54.1709958544038,32.3586792789525,20.3495784386011));
#8019=CARTESIAN_POINT('Ctrl Pts',(48.5303084305852,36.6979482418212,5.34957843860111));
#8020=CARTESIAN_POINT('Ctrl Pts',(48.5303084305852,36.6979482418212,20.3495784386011));
#8021=CARTESIAN_POINT('Ctrl Pts',(44.6924764319717,39.6503162822778,5.34957843860111));
#8022=CARTESIAN_POINT('Ctrl Pts',(44.6924764319717,39.6503162822778,20.3495784386011));
#8023=CARTESIAN_POINT('Ctrl Pts',(40.3725628359978,41.9745629627274,5.34957843860111));
#8024=CARTESIAN_POINT('Ctrl Pts',(40.3725628359978,41.9745629627274,20.3495784386011));
#8025=CARTESIAN_POINT('Ctrl Pts',(35.7941201747499,43.5504101296688,5.34957843860111));
#8026=CARTESIAN_POINT('Ctrl Pts',(35.7941201747499,43.5504101296688,20.3495784386011));
#8027=CARTESIAN_POINT('Ctrl Pts',(29.6391040424326,45.6688957048375,5.34957843860111));
#8028=CARTESIAN_POINT('Ctrl Pts',(29.6391040424326,45.6688957048375,20.3495784386011));
#8029=CARTESIAN_POINT('Ctrl Pts',(23.0188730949345,46.4238276471633,5.34957843860111));
#8030=CARTESIAN_POINT('Ctrl Pts',(23.0188730949345,46.4238276471633,20.3495784386011));
#8031=CARTESIAN_POINT('Ctrl Pts',(16.5449220582516,45.7454747184341,5.34957843860111));
#8032=CARTESIAN_POINT('Ctrl Pts',(16.5449220582516,45.7454747184341,20.3495784386011));
#8033=CARTESIAN_POINT('Ctrl Pts',(14.1995621144019,45.4997234333502,5.34957843860111));
#8034=CARTESIAN_POINT('Ctrl Pts',(14.1995621144019,45.4997234333502,20.3495784386011));
#8035=CARTESIAN_POINT('Ctrl Pts',(11.8736568910504,45.068406604204,5.34957843860111));
#8036=CARTESIAN_POINT('Ctrl Pts',(11.8736568910504,45.068406604204,20.3495784386011));
#8037=CARTESIAN_POINT('Ctrl Pts',(9.59613798137608,44.4568926326941,5.34957843860111));
#8038=CARTESIAN_POINT('Ctrl Pts',(9.59613798137608,44.4568926326941,20.3495784386011));
#8039=CARTESIAN_POINT('',(62.5601379702693,18.4391674184582,15.3495784386011));
#8040=CARTESIAN_POINT('Ctrl Pts',(62.5601379702693,18.4391674184582,15.3495784386011));
#8041=CARTESIAN_POINT('Ctrl Pts',(62.5601379702693,18.4391674184582,15.3631965827859));
#8042=CARTESIAN_POINT('Ctrl Pts',(62.5601379812589,18.4391673657782,15.3768147269706));
#8043=CARTESIAN_POINT('Ctrl Pts',(62.560137981376,18.4391673652166,15.3904328711553));
#8044=CARTESIAN_POINT('',(62.560137981376,18.4391673652166,15.0174797673805));
#8045=CARTESIAN_POINT('Ctrl Pts',(62.560137981376,18.4391673652166,15.0174797673805));
#8046=CARTESIAN_POINT('Ctrl Pts',(62.560137981376,18.4391673652166,15.128179324454));
#8047=CARTESIAN_POINT('Ctrl Pts',(62.560137981376,18.4391673652166,15.2388788815276));
#8048=CARTESIAN_POINT('Ctrl Pts',(62.560137981376,18.4391673652166,15.3495784386011));
#8049=CARTESIAN_POINT('Ctrl Pts',(65.560137981376,7.55281012143301,11.1128790230698));
#8050=CARTESIAN_POINT('Ctrl Pts',(65.000750935033,11.4506795180405,11.8849891498326));
#8051=CARTESIAN_POINT('Ctrl Pts',(63.9505684259925,15.1065581437217,13.2261828850108));
#8052=CARTESIAN_POINT('Ctrl Pts',(62.560137981376,18.4391673652165,15.0174797673805));
#8053=CARTESIAN_POINT('Ctrl Pts',(65.9987069832985,-1.22124532708767E-14,
5.34957843860111));
#8054=CARTESIAN_POINT('Ctrl Pts',(65.9987069832985,-1.22124532708767E-14,
20.3495784386011));
#8055=CARTESIAN_POINT('Ctrl Pts',(66.1829612311657,6.94244551843987,5.34957843860111));
#8056=CARTESIAN_POINT('Ctrl Pts',(66.1829612311657,6.94244551843987,20.3495784386011));
#8057=CARTESIAN_POINT('Ctrl Pts',(64.724307856633,13.9231338462944,5.34957843860111));
#8058=CARTESIAN_POINT('Ctrl Pts',(64.724307856633,13.9231338462944,20.3495784386011));
#8059=CARTESIAN_POINT('Ctrl Pts',(61.7755249075066,20.2109139413124,5.34957843860111));
#8060=CARTESIAN_POINT('Ctrl Pts',(61.7755249075066,20.2109139413124,20.3495784386011));
#8061=CARTESIAN_POINT('Ctrl Pts',(58.7538160710257,26.6541961369697,5.34957843860111));
#8062=CARTESIAN_POINT('Ctrl Pts',(58.7538160710257,26.6541961369697,20.3495784386011));
#8063=CARTESIAN_POINT('Ctrl Pts',(54.1709958544038,32.3586792789525,5.34957843860111));
#8064=CARTESIAN_POINT('Ctrl Pts',(54.1709958544038,32.3586792789525,20.3495784386011));
#8065=CARTESIAN_POINT('Ctrl Pts',(48.5303084305852,36.6979482418212,5.34957843860111));
#8066=CARTESIAN_POINT('Ctrl Pts',(48.5303084305852,36.6979482418212,20.3495784386011));
#8067=CARTESIAN_POINT('Ctrl Pts',(44.6924764319717,39.6503162822778,5.34957843860111));
#8068=CARTESIAN_POINT('Ctrl Pts',(44.6924764319717,39.6503162822778,20.3495784386011));
#8069=CARTESIAN_POINT('Ctrl Pts',(40.3725628359978,41.9745629627274,5.34957843860111));
#8070=CARTESIAN_POINT('Ctrl Pts',(40.3725628359978,41.9745629627274,20.3495784386011));
#8071=CARTESIAN_POINT('Ctrl Pts',(35.7941201747499,43.5504101296688,5.34957843860111));
#8072=CARTESIAN_POINT('Ctrl Pts',(35.7941201747499,43.5504101296688,20.3495784386011));
#8073=CARTESIAN_POINT('Ctrl Pts',(29.6391040424326,45.6688957048375,5.34957843860111));
#8074=CARTESIAN_POINT('Ctrl Pts',(29.6391040424326,45.6688957048375,20.3495784386011));
#8075=CARTESIAN_POINT('Ctrl Pts',(23.0188730949345,46.4238276471633,5.34957843860111));
#8076=CARTESIAN_POINT('Ctrl Pts',(23.0188730949345,46.4238276471633,20.3495784386011));
#8077=CARTESIAN_POINT('Ctrl Pts',(16.5449220582516,45.7454747184341,5.34957843860111));
#8078=CARTESIAN_POINT('Ctrl Pts',(16.5449220582516,45.7454747184341,20.3495784386011));
#8079=CARTESIAN_POINT('Ctrl Pts',(14.1995621144019,45.4997234333502,5.34957843860111));
#8080=CARTESIAN_POINT('Ctrl Pts',(14.1995621144019,45.4997234333502,20.3495784386011));
#8081=CARTESIAN_POINT('Ctrl Pts',(11.8736568910504,45.068406604204,5.34957843860111));
#8082=CARTESIAN_POINT('Ctrl Pts',(11.8736568910504,45.068406604204,20.3495784386011));
#8083=CARTESIAN_POINT('Ctrl Pts',(9.59613798137608,44.4568926326941,5.34957843860111));
#8084=CARTESIAN_POINT('Ctrl Pts',(9.59613798137608,44.4568926326941,20.3495784386011));
#8085=CARTESIAN_POINT('',(38.7501869955607,42.414600005723,20.3495784386011));
#8086=CARTESIAN_POINT('',(35.8927750603126,43.5163256665596,15.3495784386011));
#8087=CARTESIAN_POINT('Ctrl Pts',(38.7501869955607,42.414600005723,20.3495784386011));
#8088=CARTESIAN_POINT('Ctrl Pts',(37.8428792596334,42.8005461240899,18.670637893805));
#8089=CARTESIAN_POINT('Ctrl Pts',(36.8963150624769,43.1680973229956,17.0032563866551));
#8090=CARTESIAN_POINT('Ctrl Pts',(35.8979231074834,43.5145400794411,15.3580594861688));
#8091=CARTESIAN_POINT('Ctrl Pts',(35.8953492696485,43.5154329401164,15.3538189108107));
#8092=CARTESIAN_POINT('Ctrl Pts',(35.8927750603126,43.5163256665596,15.3495784386011));
#8093=CARTESIAN_POINT('Ctrl Pts',(38.7499130295022,42.4140676922204,20.3495784386011));
#8094=CARTESIAN_POINT('Ctrl Pts',(37.778485798003,42.8276004051974,20.3495784386011));
#8095=CARTESIAN_POINT('Ctrl Pts',(36.7924489645277,43.206796872619,20.3495784386011));
#8096=CARTESIAN_POINT('Ctrl Pts',(35.7941201747499,43.5504101296688,20.3495784386011));
#8097=CARTESIAN_POINT('Ctrl Pts',(29.6391040424326,45.6688957048375,20.3495784386011));
#8098=CARTESIAN_POINT('Ctrl Pts',(23.0188730949345,46.4238276471633,20.3495784386011));
#8099=CARTESIAN_POINT('Ctrl Pts',(16.5449220582516,45.7454747184341,20.3495784386011));
#8100=CARTESIAN_POINT('Ctrl Pts',(14.1995621144019,45.4997234333502,20.3495784386011));
#8101=CARTESIAN_POINT('Ctrl Pts',(11.8736568910504,45.068406604204,20.3495784386011));
#8102=CARTESIAN_POINT('Ctrl Pts',(9.59613798137608,44.4568926326941,20.3495784386011));
#8103=CARTESIAN_POINT('Ctrl Pts',(35.8927745936186,43.51632472846,15.3495784386011));
#8104=CARTESIAN_POINT('Ctrl Pts',(35.8599031906631,43.5277251395257,15.3495784386011));
#8105=CARTESIAN_POINT('Ctrl Pts',(35.8270183567283,43.5390869548026,15.3495784386011));
#8106=CARTESIAN_POINT('Ctrl Pts',(35.7941201747499,43.5504101296688,15.3495784386011));
#8107=CARTESIAN_POINT('Ctrl Pts',(29.6391040424326,45.6688957048375,15.3495784386011));
#8108=CARTESIAN_POINT('Ctrl Pts',(23.0188730949345,46.4238276471633,15.3495784386011));
#8109=CARTESIAN_POINT('Ctrl Pts',(16.5449220582516,45.7454747184341,15.3495784386011));
#8110=CARTESIAN_POINT('Ctrl Pts',(14.1995621144019,45.4997234333502,15.3495784386011));
#8111=CARTESIAN_POINT('Ctrl Pts',(11.8736568910504,45.068406604204,15.3495784386011));
#8112=CARTESIAN_POINT('Ctrl Pts',(9.59613798137608,44.4568926326941,15.3495784386011));
#8113=CARTESIAN_POINT('Origin',(21.2136756884011,1.18860597969882,20.3495784386011));
#8114=CARTESIAN_POINT('',(15.0839453077819,-39.9286650096658,20.3495784386011));
#8115=CARTESIAN_POINT('',(8.5961379812012,-39.9291123444676,20.3495784386011));
#8116=CARTESIAN_POINT('Ctrl Pts',(15.0839453077819,-39.9286650096658,20.3495784386011));
#8117=CARTESIAN_POINT('Ctrl Pts',(14.2174256657843,-39.9287317415917,20.3495784386011));
#8118=CARTESIAN_POINT('Ctrl Pts',(13.3476702464223,-39.9287970550521,20.3495697991896));
#8119=CARTESIAN_POINT('Ctrl Pts',(12.4773348473427,-39.9288581915231,20.3495698578315));
#8120=CARTESIAN_POINT('Ctrl Pts',(11.3166702227269,-39.9289397220907,20.3495699360352));
#8121=CARTESIAN_POINT('Ctrl Pts',(10.1549741279232,-39.9290151066156,20.349577896665));
#8122=CARTESIAN_POINT('Ctrl Pts',(8.99854526117315,-39.9290873511594,20.3495783754794));
#8123=CARTESIAN_POINT('Ctrl Pts',(8.86433527546631,-39.9290957355395,20.3495784310485));
#8124=CARTESIAN_POINT('Ctrl Pts',(8.73019623353593,-39.9291040687801,20.3495784381826));
#8125=CARTESIAN_POINT('Ctrl Pts',(8.59613798120117,-39.929112344473,20.349578438569));
#8126=CARTESIAN_POINT('',(35.8103106115902,-41.1676221476858,20.3495784386011));
#8127=CARTESIAN_POINT('Ctrl Pts',(35.8103106115902,-41.1676221476858,20.3495784386011));
#8128=CARTESIAN_POINT('Ctrl Pts',(34.5310761225701,-41.3877801038582,20.3495784386011));
#8129=CARTESIAN_POINT('Ctrl Pts',(33.2408370854885,-41.5546112719142,20.3495784386011));
#8130=CARTESIAN_POINT('Ctrl Pts',(26.256354919339,-42.1556367926422,20.3495784386011));
#8131=CARTESIAN_POINT('Ctrl Pts',(20.5408977064051,-41.5781744819164,20.3495784386011));
#8132=CARTESIAN_POINT('Ctrl Pts',(15.083945307782,-39.9286650096658,20.3495784386011));
#8133=CARTESIAN_POINT('',(9.59613798137678,-42.0796806732968,20.3495784386011));
#8134=CARTESIAN_POINT('Ctrl Pts',(9.59613798137683,-42.0796806732966,20.3495784386011));
#8135=CARTESIAN_POINT('Ctrl Pts',(13.7946096276575,-43.2069705762621,20.3495784386011));
#8136=CARTESIAN_POINT('Ctrl Pts',(18.1582576629421,-43.7188113548572,20.3495784386011));
#8137=CARTESIAN_POINT('Ctrl Pts',(22.5038559406296,-43.5936142329779,20.3495784386011));
#8138=CARTESIAN_POINT('Ctrl Pts',(27.0278788643214,-43.4632766791662,20.3495784386011));
#8139=CARTESIAN_POINT('Ctrl Pts',(31.5304858940516,-42.638606969741,20.3495784386011));
#8140=CARTESIAN_POINT('Ctrl Pts',(35.8099464497511,-41.1661835150093,20.3495784386011));
#8141=CARTESIAN_POINT('',(8.59613798149109,-41.7987125512067,20.3495784386011));
#8142=CARTESIAN_POINT('Ctrl Pts',(8.59613798150026,-41.7987125511755,20.3495784386011));
#8143=CARTESIAN_POINT('Ctrl Pts',(8.92835442079098,-41.8962239473933,20.3495784386011));
#8144=CARTESIAN_POINT('Ctrl Pts',(9.26175110259805,-41.9898977751638,20.3495784386011));
#8145=CARTESIAN_POINT('Ctrl Pts',(9.59613798137682,-42.0796806732966,20.3495784386011));
#8146=CARTESIAN_POINT('',(8.59613798127764,2.22713791156248,20.3495784386011));
#8147=CARTESIAN_POINT('Ctrl Pts',(8.59613798150026,-41.7987125511755,5.34957843860111));
#8148=CARTESIAN_POINT('Ctrl Pts',(8.59613798150026,-41.7987125511755,20.3495784386011));
#8149=CARTESIAN_POINT('Ctrl Pts',(8.92835442079098,-41.8962239473933,5.34957843860111));
#8150=CARTESIAN_POINT('Ctrl Pts',(8.92835442079098,-41.8962239473933,20.3495784386011));
#8151=CARTESIAN_POINT('Ctrl Pts',(9.26175110259805,-41.9898977751638,5.34957843860111));
#8152=CARTESIAN_POINT('Ctrl Pts',(9.26175110259805,-41.9898977751638,20.3495784386011));
#8153=CARTESIAN_POINT('Ctrl Pts',(9.59613798137682,-42.0796806732966,5.34957843860111));
#8154=CARTESIAN_POINT('Ctrl Pts',(9.59613798137682,-42.0796806732966,20.3495784386011));
#8155=CARTESIAN_POINT('',(8.59613798149109,-41.7987125512067,15.3495784386011));
#8156=CARTESIAN_POINT('',(9.59613798137678,-42.0796806732968,15.3495784386011));
#8157=CARTESIAN_POINT('Ctrl Pts',(8.59613798150026,-41.7987125511755,15.3495784386011));
#8158=CARTESIAN_POINT('Ctrl Pts',(8.92835442079099,-41.8962239473933,15.3495784386011));
#8159=CARTESIAN_POINT('Ctrl Pts',(9.26175110259805,-41.9898977751638,15.3495784386011));
#8160=CARTESIAN_POINT('Ctrl Pts',(9.59613798137682,-42.0796806732966,15.3495784386011));
#8161=CARTESIAN_POINT('',(8.59613798149109,-41.7987125512067,5.34957843860111));
#8162=CARTESIAN_POINT('',(9.59613798137678,-42.0796806732968,5.34957843860111));
#8163=CARTESIAN_POINT('Ctrl Pts',(9.59613798137683,-42.0796806732966,5.34957843860111));
#8164=CARTESIAN_POINT('Ctrl Pts',(9.59613798137683,-42.0796806732966,20.3495784386011));
#8165=CARTESIAN_POINT('Ctrl Pts',(13.7946096276575,-43.2069705762621,5.34957843860111));
#8166=CARTESIAN_POINT('Ctrl Pts',(13.7946096276575,-43.2069705762621,20.3495784386011));
#8167=CARTESIAN_POINT('Ctrl Pts',(18.1582576629421,-43.7188113548572,5.34957843860111));
#8168=CARTESIAN_POINT('Ctrl Pts',(18.1582576629421,-43.7188113548572,20.3495784386011));
#8169=CARTESIAN_POINT('Ctrl Pts',(22.5038559406296,-43.5936142329779,5.34957843860111));
#8170=CARTESIAN_POINT('Ctrl Pts',(22.5038559406296,-43.5936142329779,20.3495784386011));
#8171=CARTESIAN_POINT('Ctrl Pts',(28.418551636875,-43.4232112572211,5.34957843860111));
#8172=CARTESIAN_POINT('Ctrl Pts',(28.418551636875,-43.4232112572211,20.3495784386011));
#8173=CARTESIAN_POINT('Ctrl Pts',(34.2966414047694,-42.0659947314114,5.34957843860111));
#8174=CARTESIAN_POINT('Ctrl Pts',(34.2966414047694,-42.0659947314114,20.3495784386011));
#8175=CARTESIAN_POINT('Ctrl Pts',(39.6873141829776,-39.6260542912334,5.34957843860111));
#8176=CARTESIAN_POINT('Ctrl Pts',(39.6873141829776,-39.6260542912334,20.3495784386011));
#8177=CARTESIAN_POINT('Ctrl Pts',(43.3550402822651,-37.9659584921851,5.34957843860111));
#8178=CARTESIAN_POINT('Ctrl Pts',(43.3550402822651,-37.9659584921851,20.3495784386011));
#8179=CARTESIAN_POINT('Ctrl Pts',(46.7973274821441,-35.8086467015184,5.34957843860111));
#8180=CARTESIAN_POINT('Ctrl Pts',(46.7973274821441,-35.8086467015184,20.3495784386011));
#8181=CARTESIAN_POINT('Ctrl Pts',(49.8904351396262,-33.2316682730797,5.34957843860111));
#8182=CARTESIAN_POINT('Ctrl Pts',(49.8904351396262,-33.2316682730797,20.3495784386011));
#8183=CARTESIAN_POINT('Ctrl Pts',(54.0486454612134,-29.7673147858284,5.34957843860111));
#8184=CARTESIAN_POINT('Ctrl Pts',(54.0486454612134,-29.7673147858284,20.3495784386011));
#8185=CARTESIAN_POINT('Ctrl Pts',(57.5711087241595,-25.5422999808825,5.34957843860111));
#8186=CARTESIAN_POINT('Ctrl Pts',(57.5711087241595,-25.5422999808825,20.3495784386011));
#8187=CARTESIAN_POINT('Ctrl Pts',(60.2309582599011,-20.8287388419558,5.34957843860111));
#8188=CARTESIAN_POINT('Ctrl Pts',(60.2309582599011,-20.8287388419558,20.3495784386011));
#8189=CARTESIAN_POINT('Ctrl Pts',(63.8067192802572,-14.4920765754787,5.34957843860111));
#8190=CARTESIAN_POINT('Ctrl Pts',(63.8067192802572,-14.4920765754787,20.3495784386011));
#8191=CARTESIAN_POINT('Ctrl Pts',(65.8056695864099,-7.27338243993086,5.34957843860111));
#8192=CARTESIAN_POINT('Ctrl Pts',(65.8056695864099,-7.27338243993086,20.3495784386011));
#8193=CARTESIAN_POINT('Ctrl Pts',(65.9987069832985,7.7715611723761E-15,
5.34957843860111));
#8194=CARTESIAN_POINT('Ctrl Pts',(65.9987069832985,7.7715611723761E-15,
20.3495784386011));
#8195=CARTESIAN_POINT('',(32.6668778343953,-42.1234705447869,15.3495784386011));
#8196=CARTESIAN_POINT('Ctrl Pts',(9.59613798137683,-42.0796806732966,15.3495784386011));
#8197=CARTESIAN_POINT('Ctrl Pts',(13.7946096276575,-43.2069705762621,15.3495784386011));
#8198=CARTESIAN_POINT('Ctrl Pts',(18.1582576629421,-43.7188113548572,15.3495784386011));
#8199=CARTESIAN_POINT('Ctrl Pts',(22.5038559406296,-43.5936142329779,15.3495784386011));
#8200=CARTESIAN_POINT('Ctrl Pts',(25.9329054567777,-43.4948229727716,15.3495784386011));
#8201=CARTESIAN_POINT('Ctrl Pts',(29.3496513184307,-42.9971306457797,15.3495784386011));
#8202=CARTESIAN_POINT('Ctrl Pts',(32.6662482082452,-42.120820221661,15.3495784386011));
#8203=CARTESIAN_POINT('Ctrl Pts',(32.6668778343953,-42.1234705447869,15.3495784386011));
#8204=CARTESIAN_POINT('Ctrl Pts',(32.6697793623622,-42.122703281035,15.3539535498631));
#8205=CARTESIAN_POINT('Ctrl Pts',(32.6726804187507,-42.1219358300524,15.3583286188572));
#8206=CARTESIAN_POINT('Ctrl Pts',(33.763088428915,-41.8333600074913,17.003018943402));
#8207=CARTESIAN_POINT('Ctrl Pts',(34.8060629114213,-41.5137019970939,18.6706012704055));
#8208=CARTESIAN_POINT('Ctrl Pts',(35.8103106115902,-41.1676221476858,20.3495784386011));
#8209=CARTESIAN_POINT('Origin',(21.2136756884011,1.18860597969882,20.3495784386011));
#8210=CARTESIAN_POINT('Ctrl Pts',(15.0839453077819,41.9489169474225,20.3495784386011));
#8211=CARTESIAN_POINT('Ctrl Pts',(19.1300105597505,43.1554439560996,20.3495784386011));
#8212=CARTESIAN_POINT('Ctrl Pts',(23.3267360158171,43.76960913555,20.3495784386011));
#8213=CARTESIAN_POINT('Ctrl Pts',(31.3280697392903,43.7991588257255,20.3495784386011));
#8214=CARTESIAN_POINT('Ctrl Pts',(35.0871604253475,43.3343255003061,20.3495784386011));
#8215=CARTESIAN_POINT('Ctrl Pts',(38.7501869955607,42.414600005723,20.3495784386011));
#8216=CARTESIAN_POINT('',(8.59613798127764,2.22713791156248,20.3495784386011));
#8217=CARTESIAN_POINT('Origin',(62.560137981376,-0.0252682090007217,12.8799904605956));
#8218=CARTESIAN_POINT('Ctrl Pts',(62.5598662627835,-16.2696921268946,15.3904348166838));
#8219=CARTESIAN_POINT('Ctrl Pts',(62.5598164449954,-16.2004187674624,15.3766201049016));
#8220=CARTESIAN_POINT('Ctrl Pts',(62.5597671710154,-16.1311183337893,15.363002383872));
#8221=CARTESIAN_POINT('Ctrl Pts',(62.5597177887602,-16.0617976132804,15.3495784386011));
#8222=CARTESIAN_POINT('Origin',(62.560137981376,-0.0252682090007217,12.8799904605956));
#8223=CARTESIAN_POINT('Ctrl Pts',(62.5590010046414,18.4386399842708,15.3495784504542));
#8224=CARTESIAN_POINT('Ctrl Pts',(62.5589101210801,18.495877539955,15.3630365753062));
#8225=CARTESIAN_POINT('Ctrl Pts',(62.5588199938305,18.5530831867363,15.3766539630562));
#8226=CARTESIAN_POINT('Ctrl Pts',(62.5587308738448,18.6102534977675,15.3904328134148));
#8227=CARTESIAN_POINT('Ctrl Pts',(70.560137981376,34.9747267071563,49.3554646753655));
#8228=CARTESIAN_POINT('Ctrl Pts',(48.8804338285923,37.7001909798004,38.0201692631107));
#8229=CARTESIAN_POINT('Ctrl Pts',(27.2007296758085,40.4256552524446,26.6848738508559));
#8230=CARTESIAN_POINT('Ctrl Pts',(5.52102552302472,43.1511195250887,15.3495784386011));
#8231=CARTESIAN_POINT('Ctrl Pts',(70.560137981376,34.9738749849156,47.2383829212451));
#8232=CARTESIAN_POINT('Ctrl Pts',(50.1834069736164,38.1872889347637,36.608882612975));
#8233=CARTESIAN_POINT('Ctrl Pts',(29.8046588003091,41.3987632042039,25.9790787468713));
#8234=CARTESIAN_POINT('Ctrl Pts',(9.42792779254949,44.612177154052,15.3495784386011));
#8235=CARTESIAN_POINT('Ctrl Pts',(70.560137981376,34.5868025428292,43.0045774606172));
#8236=CARTESIAN_POINT('Ctrl Pts',(52.9226810762601,38.5357272926767,33.7861154077503));
#8237=CARTESIAN_POINT('Ctrl Pts',(35.2882679833341,42.4859903571749,24.568040491468));
#8238=CARTESIAN_POINT('Ctrl Pts',(17.6508110782182,46.4349151070224,15.3495784386011));
#8239=CARTESIAN_POINT('Ctrl Pts',(70.560137981376,32.870417676533,36.8619429861214));
#8240=CARTESIAN_POINT('Ctrl Pts',(57.1303292971417,37.136288327934,29.6912467273038));
#8241=CARTESIAN_POINT('Ctrl Pts',(43.6982807191229,41.4015224315985,22.5202746974187));
#8242=CARTESIAN_POINT('Ctrl Pts',(30.2684720348886,45.6673930829995,15.3495784386011));
#8243=CARTESIAN_POINT('Ctrl Pts',(70.560137981376,30.0720714899778,31.1319447059954));
#8244=CARTESIAN_POINT('Ctrl Pts',(61.0960135711527,33.8617238308412,25.8710642154304));
#8245=CARTESIAN_POINT('Ctrl Pts',(51.6340999472736,37.6521587881239,20.6104589291661));
#8246=CARTESIAN_POINT('Ctrl Pts',(42.1699755370502,41.4418111289873,15.3495784386011));
#8247=CARTESIAN_POINT('Ctrl Pts',(70.560137981376,25.0269781874611,24.2858113551658));
#8248=CARTESIAN_POINT('Ctrl Pts',(65.6763691460103,27.2414605788409,21.3070625722074));
#8249=CARTESIAN_POINT('Ctrl Pts',(60.7926739453631,29.4563606193438,18.3283272215595));
#8250=CARTESIAN_POINT('Ctrl Pts',(55.9089051099974,31.6708430107236,15.3495784386011));
#8251=CARTESIAN_POINT('Ctrl Pts',(70.560137981376,18.2440871034979,18.9868161931274));
#8252=CARTESIAN_POINT('Ctrl Pts',(68.6114625653391,17.7435827577848,17.7746627328112));
#8253=CARTESIAN_POINT('Ctrl Pts',(66.6566774984933,17.2398668043192,16.5617318989173));
#8254=CARTESIAN_POINT('Ctrl Pts',(64.7080020824564,16.7393624586061,15.3495784386011));
#8255=CARTESIAN_POINT('Ctrl Pts',(70.560137981376,12.3452142480052,16.5602016856476));
#8256=CARTESIAN_POINT('Ctrl Pts',(69.0731186953365,9.61820945514251,16.1562258620592));
#8257=CARTESIAN_POINT('Ctrl Pts',(67.59639093185,6.89669639671549,15.7535542621895));
#8258=CARTESIAN_POINT('Ctrl Pts',(66.1093716458105,4.16969160385281,15.3495784386011));
#8259=CARTESIAN_POINT('Ctrl Pts',(70.560137981376,10.322779235753,15.9342683822703));
#8260=CARTESIAN_POINT('Ctrl Pts',(69.0396609820168,6.88185282383536,15.7393717343805));
#8261=CARTESIAN_POINT('Ctrl Pts',(67.5191839826577,3.44092641191767,15.5444750864908));
#8262=CARTESIAN_POINT('Ctrl Pts',(65.9987069832985,-1.22124532708767E-14,
15.3495784386011));
#8263=CARTESIAN_POINT('Ctrl Pts',(62.5590009840751,18.4386399831089,15.3495784386011));
#8264=CARTESIAN_POINT('Ctrl Pts',(60.1568251350677,24.1687256072036,15.3495784386011));
#8265=CARTESIAN_POINT('Ctrl Pts',(54.1567909905753,32.9169263470953,15.3495784386011));
#8266=CARTESIAN_POINT('Ctrl Pts',(43.806174627364,40.2781652232635,15.3495784386011));
#8267=CARTESIAN_POINT('Ctrl Pts',(37.9548972018008,42.7995633355544,15.3495784386011));
#8268=CARTESIAN_POINT('Ctrl Pts',(35.8920607107128,43.515810078187,15.3495784386011));
#8269=CARTESIAN_POINT('',(68.2216136271867,5.03056487234323,15.6345133989117));
#8270=CARTESIAN_POINT('',(70.560137981376,10.3227792357531,15.9342683822703));
#8271=CARTESIAN_POINT('',(70.560137981376,10.3227792357531,15.9342683822703));
#8272=CARTESIAN_POINT('Origin',(21.2136756884011,1.18860597969882,11.3495784386011));
#8273=CARTESIAN_POINT('',(70.0144771573471,1.18860597969882,-3.65042156139888));
#8274=CARTESIAN_POINT('Origin',(21.2136756884011,1.18860597969882,-3.65042156139888));
#8275=CARTESIAN_POINT('',(70.0144771573471,1.18860597969882,11.3495784386011));
#8276=CARTESIAN_POINT('',(34.6399196963033,-45.7289194862905,15.3495784386011));
#8277=CARTESIAN_POINT('Origin',(21.2136756884011,1.18860597969882,15.3495784386011));
#8278=CARTESIAN_POINT('',(11.8785521537089,-46.7110150271893,15.3495784386011));
#8279=CARTESIAN_POINT('Origin',(21.2136756884011,1.18860597969882,15.3495784386011));
#8280=CARTESIAN_POINT('',(11.878552153709,-46.7110150271893,1.34957843860112));
#8281=CARTESIAN_POINT('',(11.8785521537089,-46.7110150271893,11.3495784386011));
#8282=CARTESIAN_POINT('',(-0.53132114885754,-42.4997601668979,1.34957843860112));
#8283=CARTESIAN_POINT('Origin',(21.2136756884011,1.18860597969882,1.34957843860112));
#8284=CARTESIAN_POINT('',(-0.531321148857535,-42.4997601668979,5.34957843860111));
#8285=CARTESIAN_POINT('',(-0.531321148857535,-42.4997601668979,11.3495784386011));
#8286=CARTESIAN_POINT('',(-4.9763132559992,42.3663026503927,5.34957843860111));
#8287=CARTESIAN_POINT('Origin',(21.2136756884011,1.18860597969882,5.34957843860111));
#8288=CARTESIAN_POINT('',(-4.9763132559992,42.3663026503927,1.34957843860112));
#8289=CARTESIAN_POINT('',(-4.9763132559992,42.3663026503927,11.3495784386011));
#8290=CARTESIAN_POINT('',(18.0955143312149,49.8896870124853,1.34957843860112));
#8291=CARTESIAN_POINT('Origin',(21.2136756884011,1.18860597969882,1.34957843860112));
#8292=CARTESIAN_POINT('',(18.0955143312149,49.8896870124853,11.3495784386011));
#8293=CARTESIAN_POINT('Ctrl Pts',(70.560137981376,-39.0252631251577,49.3554646753653));
#8294=CARTESIAN_POINT('Ctrl Pts',(48.8804338285922,-41.0235941892614,38.0201692631106));
#8295=CARTESIAN_POINT('Ctrl Pts',(27.2007296758085,-43.0219252533651,26.6848738508559));
#8296=CARTESIAN_POINT('Ctrl Pts',(5.5210255230247,-45.0202563174688,15.3495784386011));
#8297=CARTESIAN_POINT('Ctrl Pts',(70.560137981376,-39.0245621381498,47.4139254046335));
#8298=CARTESIAN_POINT('Ctrl Pts',(49.9585934968977,-41.3883204047872,36.7258030769594));
#8299=CARTESIAN_POINT('Ctrl Pts',(29.3561759781754,-43.7546390728739,26.0377007662752));
#8300=CARTESIAN_POINT('Ctrl Pts',(8.75463149369716,-46.1183973395113,15.3495784386011));
#8301=CARTESIAN_POINT('Ctrl Pts',(70.560137981376,-38.5883767474589,41.5891924848033));
#8302=CARTESIAN_POINT('Ctrl Pts',(53.3069579426702,-41.8590723565438,32.8426248425941));
#8303=CARTESIAN_POINT('Ctrl Pts',(36.0548478042498,-45.1284659898206,24.0961460808103));
#8304=CARTESIAN_POINT('Ctrl Pts',(18.8016677655439,-48.3991615989056,15.3495784386011));
#8305=CARTESIAN_POINT('Ctrl Pts',(70.560137981376,-35.6967557026185,32.2083471415608));
#8306=CARTESIAN_POINT('Ctrl Pts',(59.1010673303685,-39.3943189664377,26.5888264994725));
#8307=CARTESIAN_POINT('Ctrl Pts',(47.6406916311635,-43.0921234145828,20.9690990806895));
#8308=CARTESIAN_POINT('Ctrl Pts',(36.1816209801559,-46.789686678402,15.3495784386011));
#8309=CARTESIAN_POINT('Ctrl Pts',(70.560137981376,-29.0666539850994,22.4711629863378));
#8310=CARTESIAN_POINT('Ctrl Pts',(65.186277980273,-31.5508984122073,20.0973066208962));
#8311=CARTESIAN_POINT('Ctrl Pts',(59.8124538800791,-34.0343187925665,17.7234348040427));
#8312=CARTESIAN_POINT('Ctrl Pts',(54.4385938789761,-36.5185632196744,15.3495784386011));
#8313=CARTESIAN_POINT('Ctrl Pts',(70.560137981376,-22.9324064329804,17.5679555943645));
#8314=CARTESIAN_POINT('Ctrl Pts',(67.9619116397146,-23.7241193366327,16.8287879075034));
#8315=CARTESIAN_POINT('Ctrl Pts',(65.3590275605971,-24.5150216366899,16.0887461254622));
#8316=CARTESIAN_POINT('Ctrl Pts',(62.7608012189357,-25.3067345403423,15.3495784386011));
#8317=CARTESIAN_POINT('Ctrl Pts',(70.560137981376,-19.5722677145739,15.6217365116885));
#8318=CARTESIAN_POINT('Ctrl Pts',(68.9066145556874,-19.4130646102646,15.5310171539927));
#8319=CARTESIAN_POINT('Ctrl Pts',(67.2530911299989,-19.2538615059553,15.4402977962969));
#8320=CARTESIAN_POINT('Ctrl Pts',(65.5995677043103,-19.094658401646,15.3495784386011));
#8321=CARTESIAN_POINT('',(55.133252256806,-40.4472394006886,41.2894732879025));
#8322=CARTESIAN_POINT('',(70.560137981376,-39.0252631251577,49.3554646753653));
#8323=CARTESIAN_POINT('',(8.59613798137565,-44.7368072118985,16.9574097953236));
#8324=CARTESIAN_POINT('',(70.560137981376,-39.0252631251577,49.3554646753653));
#8325=CARTESIAN_POINT('',(8.59613798138369,-45.9002487761245,15.4213193297667));
#8326=CARTESIAN_POINT('Ctrl Pts',(8.59613798137565,-45.9002487760902,15.4213193297194));
#8327=CARTESIAN_POINT('Ctrl Pts',(8.59613798137565,-45.5201366369264,15.9390870535843));
#8328=CARTESIAN_POINT('Ctrl Pts',(8.59613798137566,-45.1322537866809,16.4512486243724));
#8329=CARTESIAN_POINT('Ctrl Pts',(8.59613798137566,-44.7368072118985,16.9574097953236));
#8330=CARTESIAN_POINT('',(9.596137979467,-46.1568829029512,15.4238971491875));
#8331=CARTESIAN_POINT('Ctrl Pts',(8.59613485656726,-45.9006716293016,15.4213193265247));
#8332=CARTESIAN_POINT('Ctrl Pts',(8.92853785902432,-45.9898345212747,15.4221406804908));
#8333=CARTESIAN_POINT('Ctrl Pts',(9.26188833285235,-46.0754876277953,15.4230008477041));
#8334=CARTESIAN_POINT('Ctrl Pts',(9.59611715862083,-46.157613812953,15.4238971307894));
#8335=CARTESIAN_POINT('',(11.9051621310444,-46.6644406877027,15.4306854813653));
#8336=CARTESIAN_POINT('Ctrl Pts',(9.59613797755797,-46.1568829029512,15.4238971491875));
#8337=CARTESIAN_POINT('Ctrl Pts',(10.3614023228964,-46.3446618783203,15.4259459997523));
#8338=CARTESIAN_POINT('Ctrl Pts',(11.1313012997643,-46.5139070322482,15.4281868710128));
#8339=CARTESIAN_POINT('Ctrl Pts',(11.9051621310444,-46.6644406877027,15.4306854813654));
#8340=CARTESIAN_POINT('Ctrl Pts',(11.9050538493853,-46.6660163973333,15.4306854144162));
#8341=CARTESIAN_POINT('Ctrl Pts',(11.896177353261,-46.6815646982788,15.4036553427777));
#8342=CARTESIAN_POINT('Ctrl Pts',(11.8873053682799,-46.6971051594829,15.3766196690447));
#8343=CARTESIAN_POINT('Ctrl Pts',(11.8784377767799,-46.7126377105299,15.3495784386011));
#8344=CARTESIAN_POINT('Ctrl Pts',(70.560137981376,10.3227792357531,15.9342683822703));
#8345=CARTESIAN_POINT('Ctrl Pts',(69.1459022910956,7.12228298266041,15.7529898785653));
#8346=CARTESIAN_POINT('Ctrl Pts',(67.7316666008151,3.92178672956775,15.5717113748603));
#8347=CARTESIAN_POINT('Ctrl Pts',(66.3174309105347,0.721290476475095,15.3904328711553));
#8348=CARTESIAN_POINT('Ctrl Pts',(70.560137981376,9.6760882013323,15.7341208111556));
#8349=CARTESIAN_POINT('Ctrl Pts',(69.5594254006836,6.67609330113513,15.6148968354044));
#8350=CARTESIAN_POINT('Ctrl Pts',(68.5587128199913,3.67609870032313,15.4956718014418));
#8351=CARTESIAN_POINT('Ctrl Pts',(67.5580002392989,0.676103800125961,15.3764478256906));
#8352=CARTESIAN_POINT('Ctrl Pts',(70.560137981376,9.0235889054917,15.5527405782191));
#8353=CARTESIAN_POINT('Ctrl Pts',(69.9729485102717,6.22589626684399,15.4897521134597));
#8354=CARTESIAN_POINT('Ctrl Pts',(69.3857590391674,3.42820391787906,15.426762587792));
#8355=CARTESIAN_POINT('Ctrl Pts',(68.7985695680631,0.630511279231351,15.3637741230326));
#8356=CARTESIAN_POINT('Ctrl Pts',(70.560137981376,8.36637923388681,15.3904328711554));
#8357=CARTESIAN_POINT('Ctrl Pts',(70.3864716198598,5.77244936495519,15.3777662766922));
#8358=CARTESIAN_POINT('Ctrl Pts',(70.2128052583435,3.17851949602358,15.365099682229));
#8359=CARTESIAN_POINT('Ctrl Pts',(70.0391388968272,0.584589627091964,15.3524330877659));
#8360=CARTESIAN_POINT('Ctrl Pts',(70.560137981376,-8.41691565188821,15.3904328711553));
#8361=CARTESIAN_POINT('Ctrl Pts',(70.3861232599652,-5.80208273392773,15.3777408685851));
#8362=CARTESIAN_POINT('Ctrl Pts',(70.2121085385543,-3.18724981596726,15.3650488660148));
#8363=CARTESIAN_POINT('Ctrl Pts',(70.0380938171435,-0.572416898006785,15.3523568634446));
#8364=CARTESIAN_POINT('Ctrl Pts',(70.560137981376,-9.0916386867055,15.5570657638467));
#8365=CARTESIAN_POINT('Ctrl Pts',(69.9717706583235,-6.26719348536437,15.4926073092527));
#8366=CARTESIAN_POINT('Ctrl Pts',(69.3834033352709,-3.44274860725383,15.4281476739139));
#8367=CARTESIAN_POINT('Ctrl Pts',(68.7950360122183,-0.618303405912705,15.36368921932));
#8368=CARTESIAN_POINT('Ctrl Pts',(70.560137981376,-9.76139687017688,15.7438015194896));
#8369=CARTESIAN_POINT('Ctrl Pts',(69.5574180566817,-6.72888189021988,15.6213309818855));
#8370=CARTESIAN_POINT('Ctrl Pts',(68.5546981319874,-3.69636724457918,15.4988592666273));
#8371=CARTESIAN_POINT('Ctrl Pts',(67.5519782072931,-0.663852264622171,15.3763887290231));
#8372=CARTESIAN_POINT('Ctrl Pts',(70.560137981376,-10.4250024484836,15.9503089795969));
#8373=CARTESIAN_POINT('Ctrl Pts',(69.14306545504,-7.18632919814657,15.7636836101164));
#8374=CARTESIAN_POINT('Ctrl Pts',(67.725992928704,-3.94765594780953,15.5770582406359));
#8375=CARTESIAN_POINT('Ctrl Pts',(66.308920402368,-0.70898269747249,15.3904328711553));
#8376=CARTESIAN_POINT('',(68.330272604294,-5.32871752700482,15.6566405595579));
#8377=CARTESIAN_POINT('',(70.560137981376,-10.4250024484836,15.9503089795969));
#8378=CARTESIAN_POINT('',(70.560137981376,-10.4250024484836,15.9503089795969));
#8379=CARTESIAN_POINT('Origin',(4.59613798137602,0.,9.50807242915439));
#8380=CARTESIAN_POINT('',(4.59613798137602,1.5,9.50807242915439));
#8381=CARTESIAN_POINT('Origin',(4.59613798137602,0.,9.50807242915439));
#8382=CARTESIAN_POINT('',(7.59613798137602,1.5,9.50807242915439));
#8383=CARTESIAN_POINT('',(4.59613798137602,1.5,9.50807242915439));
#8384=CARTESIAN_POINT('Origin',(7.59613798137602,0.,9.50807242915439));
#8385=CARTESIAN_POINT('Origin',(7.59613798137602,0.,9.50807242915439));
#8386=CARTESIAN_POINT('Origin',(4.59613798137602,34.5064714666436,74.4374402272978));
#8387=CARTESIAN_POINT('',(4.59613798137602,36.0064714666436,74.4374402272978));
#8388=CARTESIAN_POINT('Origin',(4.59613798137602,34.5064714666436,74.4374402272978));
#8389=CARTESIAN_POINT('',(7.59613798137602,36.0064714666436,74.4374402272978));
#8390=CARTESIAN_POINT('',(4.59613798137602,36.0064714666436,74.4374402272978));
#8391=CARTESIAN_POINT('Origin',(7.59613798137602,34.5064714666436,74.4374402272978));
#8392=CARTESIAN_POINT('Origin',(7.59613798137602,34.5064714666436,74.4374402272978));
#8393=CARTESIAN_POINT('Origin',(4.59613798137602,27.3040764043676,111.699003390678));
#8394=CARTESIAN_POINT('',(4.59613798137602,28.8040764043677,111.699003390678));
#8395=CARTESIAN_POINT('Origin',(4.59613798137602,27.3040764043676,111.699003390678));
#8396=CARTESIAN_POINT('',(7.59613798137602,28.8040764043677,111.699003390678));
#8397=CARTESIAN_POINT('',(4.59613798137602,28.8040764043677,111.699003390678));
#8398=CARTESIAN_POINT('Origin',(7.59613798137602,27.3040764043676,111.699003390678));
#8399=CARTESIAN_POINT('Origin',(7.59613798137602,27.3040764043676,111.699003390678));
#8400=CARTESIAN_POINT('Origin',(4.59613798137602,-34.5071715874503,74.4378087152229));
#8401=CARTESIAN_POINT('',(4.59613798137602,-33.0071715874503,74.4378087152229));
#8402=CARTESIAN_POINT('Origin',(4.59613798137602,-34.5071715874503,74.4378087152229));
#8403=CARTESIAN_POINT('',(7.59613798137602,-33.0071715874503,74.4378087152229));
#8404=CARTESIAN_POINT('',(4.59613798137602,-33.0071715874503,74.4378087152229));
#8405=CARTESIAN_POINT('Origin',(7.59613798137602,-34.5071715874503,74.4378087152229));
#8406=CARTESIAN_POINT('Origin',(7.59613798137602,-34.5071715874503,74.4378087152229));
#8407=CARTESIAN_POINT('Origin',(4.59613798137602,27.2999665675423,10.440604109072));
#8408=CARTESIAN_POINT('',(4.59613798137602,28.7999665675423,10.440604109072));
#8409=CARTESIAN_POINT('Origin',(4.59613798137602,27.2999665675423,10.440604109072));
#8410=CARTESIAN_POINT('',(7.59613798137602,28.7999665675423,10.440604109072));
#8411=CARTESIAN_POINT('',(4.59613798137602,28.7999665675423,10.440604109072));
#8412=CARTESIAN_POINT('Origin',(7.59613798137602,27.2999665675423,10.440604109072));
#8413=CARTESIAN_POINT('Origin',(7.59613798137602,27.2999665675423,10.440604109072));
#8414=CARTESIAN_POINT('Origin',(4.59613798137602,-37.4253032205919,21.9855356357278));
#8415=CARTESIAN_POINT('',(4.59613798137602,-35.9253032205919,21.9855356357278));
#8416=CARTESIAN_POINT('Origin',(4.59613798137602,-37.4253032205919,21.9855356357278));
#8417=CARTESIAN_POINT('',(7.59613798137602,-35.9253032205919,21.9855356357278));
#8418=CARTESIAN_POINT('',(4.59613798137602,-35.9253032205919,21.9855356357278));
#8419=CARTESIAN_POINT('Origin',(7.59613798137602,-37.4253032205919,21.9855356357278));
#8420=CARTESIAN_POINT('Origin',(7.59613798137602,-37.4253032205919,21.9855356357278));
#8421=CARTESIAN_POINT('Origin',(4.59613798137602,-27.304378620606,111.699294964277));
#8422=CARTESIAN_POINT('',(4.59613798137602,-25.8043786206059,111.699294964277));
#8423=CARTESIAN_POINT('Origin',(4.59613798137602,-27.304378620606,111.699294964277));
#8424=CARTESIAN_POINT('',(7.59613798137602,-25.8043786206059,111.699294964277));
#8425=CARTESIAN_POINT('',(4.59613798137602,-25.8043786206059,111.699294964277));
#8426=CARTESIAN_POINT('Origin',(7.59613798137602,-27.304378620606,111.699294964277));
#8427=CARTESIAN_POINT('Origin',(7.59613798137602,-27.304378620606,111.699294964277));
#8428=CARTESIAN_POINT('Origin',(7.59613798137602,0.0012638995292813,118.85546499498));
#8429=CARTESIAN_POINT('Origin',(4.59613798137602,-27.301350091644,10.4408956445568));
#8430=CARTESIAN_POINT('',(4.59613798137602,-25.801350091644,10.4408956445568));
#8431=CARTESIAN_POINT('Origin',(4.59613798137602,-27.301350091644,10.4408956445568));
#8432=CARTESIAN_POINT('',(7.59613798137602,-25.801350091644,10.4408956445568));
#8433=CARTESIAN_POINT('',(4.59613798137602,-25.801350091644,10.4408956445568));
#8434=CARTESIAN_POINT('Origin',(7.59613798137602,-27.301350091644,10.4408956445568));
#8435=CARTESIAN_POINT('Origin',(7.59613798137602,-27.301350091644,10.4408956445568));
#8436=CARTESIAN_POINT('Origin',(4.59613798137602,37.4240429776367,21.9851359889471));
#8437=CARTESIAN_POINT('',(4.59613798137602,38.9240429776367,21.9851359889471));
#8438=CARTESIAN_POINT('Origin',(4.59613798137602,37.4240429776367,21.9851359889471));
#8439=CARTESIAN_POINT('',(7.59613798137602,38.9240429776367,21.9851359889471));
#8440=CARTESIAN_POINT('',(4.59613798137602,38.9240429776367,21.9851359889471));
#8441=CARTESIAN_POINT('Origin',(7.59613798137602,37.4240429776367,21.9851359889471));
#8442=CARTESIAN_POINT('Origin',(7.59613798137602,37.4240429776367,21.9851359889471));
#8443=CARTESIAN_POINT('Origin',(4.59613798137602,-0.036728467024485,49.0753021876132));
#8444=CARTESIAN_POINT('',(4.59613798137602,-32.6863520311137,44.2792536971089));
#8445=CARTESIAN_POINT('',(4.59613798137602,-30.03418911464,62.8285692429263));
#8446=CARTESIAN_POINT('Origin',(4.59613798137602,-0.036728467024485,49.0753021876132));
#8447=CARTESIAN_POINT('',(8.59613798137602,-30.03418911464,62.8285692429263));
#8448=CARTESIAN_POINT('',(4.59613798137602,-30.03418911464,62.8285692429263));
#8449=CARTESIAN_POINT('',(8.59613798137602,-32.6863520311137,44.2792536971089));
#8450=CARTESIAN_POINT('Origin',(8.59613798137602,-0.036728467024485,49.0753021876132));
#8451=CARTESIAN_POINT('',(4.59613798137602,-32.6863520311137,44.2792536971089));
#8452=CARTESIAN_POINT('Origin',(4.59613798137602,-30.0071715874503,62.8284534193856));
#8453=CARTESIAN_POINT('',(4.59613798137602,-30.0071715874503,62.8284534193856));
#8454=CARTESIAN_POINT('',(4.59613798137602,-15.0669551485116,62.764405042382));
#8455=CARTESIAN_POINT('',(8.59613798137602,-30.0071715874503,62.8284534193856));
#8456=CARTESIAN_POINT('',(4.59613798137602,-30.0071715874503,62.8284534193856));
#8457=CARTESIAN_POINT('',(8.59613798137602,-15.0669551485116,62.764405042382));
#8458=CARTESIAN_POINT('Origin',(4.59613798137602,-33.0289501989093,44.2792536739401));
#8459=CARTESIAN_POINT('',(8.59613798137602,-32.6634309472192,44.279253698659));
#8460=CARTESIAN_POINT('',(8.59613798137602,-16.5271056263979,44.2792547899073));
#8461=CARTESIAN_POINT('',(4.59613798137602,-32.6634309472192,44.279253698659));
#8462=CARTESIAN_POINT('',(4.59613798137602,-32.6634309472192,44.279253698659));
#8463=CARTESIAN_POINT('',(4.59613798137602,-16.5271056263979,44.2792547899073));
#8464=CARTESIAN_POINT('Origin',(4.59613798137602,-0.036728467024485,49.0753021876132));
#8465=CARTESIAN_POINT('',(4.59613798137602,30.0775473388964,62.5708715600008));
#8466=CARTESIAN_POINT('',(4.59613798137602,32.6128957457475,44.2792581130897));
#8467=CARTESIAN_POINT('Origin',(4.59613798137602,-0.036728467024485,49.0753021876132));
#8468=CARTESIAN_POINT('',(8.59613798137602,32.6128957457475,44.2792581130897));
#8469=CARTESIAN_POINT('',(4.59613798137602,32.6128957457475,44.2792581130897));
#8470=CARTESIAN_POINT('',(8.59613798137602,30.0775473388964,62.5708715600008));
#8471=CARTESIAN_POINT('Origin',(8.59613798137602,-0.036728467024485,49.0753021876132));
#8472=CARTESIAN_POINT('',(4.59613798137602,30.0775473388964,62.5708715600008));
#8473=CARTESIAN_POINT('Origin',(4.59613798137602,32.9747288574869,62.5584514069924));
#8474=CARTESIAN_POINT('',(8.59613798137602,29.9747288566172,62.5713123405573));
#8475=CARTESIAN_POINT('',(8.59613798137602,16.423995073957,62.6294040361853));
#8476=CARTESIAN_POINT('',(4.59613798137602,29.9747288566172,62.5713123405573));
#8477=CARTESIAN_POINT('',(4.59613798137602,29.9747288566172,62.5713123405573));
#8478=CARTESIAN_POINT('',(4.59613798137602,16.423995073957,62.6294040361853));
#8479=CARTESIAN_POINT('Origin',(4.59613798137602,-0.0252679457715166,49.3813095403062));
#8480=CARTESIAN_POINT('Origin',(8.59613798137602,-0.0252679457715166,49.3813095403062));
#8481=CARTESIAN_POINT('Origin',(4.59613798137602,-0.0252679457715166,49.3813095403062));
#8482=CARTESIAN_POINT('Origin',(8.59613798137602,-0.0252639004057853,86.3708333110201));
#8483=CARTESIAN_POINT('',(8.59613798137602,-35.1848152088288,48.4361838777829));
#8484=CARTESIAN_POINT('Ctrl Pts',(8.59613798137574,-35.0252641679974,49.3807379649147));
#8485=CARTESIAN_POINT('Ctrl Pts',(8.59613798137574,-35.0784478489804,49.0658866026567));
#8486=CARTESIAN_POINT('Ctrl Pts',(8.59613798138146,-35.1316315292576,48.7510352402789));
#8487=CARTESIAN_POINT('Ctrl Pts',(8.59613798139222,-35.184815208829,48.4361838777816));
#8488=CARTESIAN_POINT('',(8.59613798137625,-37.0813144830698,37.2087644476968));
#8489=CARTESIAN_POINT('Ctrl Pts',(8.59613798139222,-35.184815208829,48.4361838777816));
#8490=CARTESIAN_POINT('Ctrl Pts',(8.59613798152015,-35.8169817333336,44.6937107512601));
#8491=CARTESIAN_POINT('Ctrl Pts',(8.59613798236144,-36.4491481581053,40.9512376078781));
#8492=CARTESIAN_POINT('Ctrl Pts',(8.59613798279811,-37.0813144830724,37.2087644476812));
#8493=CARTESIAN_POINT('Ctrl Pts',(8.59613798279811,-37.0813144830724,37.2087644476812));
#8494=CARTESIAN_POINT('Ctrl Pts',(8.59613798345382,-38.0305806619631,31.5890358160339));
#8495=CARTESIAN_POINT('Ctrl Pts',(8.59613798214634,-38.9798466158139,25.9693071464583));
#8496=CARTESIAN_POINT('Ctrl Pts',(8.59613798156622,-39.9291123444615,20.3495784386372));
#8497=CARTESIAN_POINT('',(8.59613798149109,-41.7987125512067,5.34957843860111));
#8498=CARTESIAN_POINT('',(8.59613798149109,-41.7987125512067,15.3495784386011));
#8499=CARTESIAN_POINT('',(8.59613798138983,44.1759245105447,5.34957843860111));
#8500=CARTESIAN_POINT('',(8.59613798127764,2.22713791156248,5.34957843860111));
#8501=CARTESIAN_POINT('',(8.59613798138983,44.1759245105447,15.3495784386011));
#8502=CARTESIAN_POINT('',(8.59613798137602,-30.0071715874503,74.4361838777829));
#8503=CARTESIAN_POINT('',(8.59613798137602,-30.0071715874503,74.4361838777829));
#8504=CARTESIAN_POINT('',(8.59613798137602,-29.9927712423374,94.3771154714186));
#8505=CARTESIAN_POINT('',(8.59613798137602,-29.9927712423374,94.3771154714186));
#8506=CARTESIAN_POINT('',(8.59613798137602,-9.97833426293769,114.362668668867));
#8507=CARTESIAN_POINT('Origin',(8.59613798137602,-9.99277645632434,94.3626738832914));
#8508=CARTESIAN_POINT('',(8.59613798137602,-0.000360576939546497,114.355464675366));
#8509=CARTESIAN_POINT('',(8.59613798137602,-0.000360576939545387,114.355464675366));
#8510=CARTESIAN_POINT('',(8.59613798137602,9.9747267071559,114.355464675365));
#8511=CARTESIAN_POINT('',(8.59613798137602,9.9747267071559,114.355464675365));
#8512=CARTESIAN_POINT('',(8.59613798137602,29.9747267071563,94.3554644724851));
#8513=CARTESIAN_POINT('Origin',(8.59613798137602,9.9747267071563,94.3554646753655));
#8514=CARTESIAN_POINT('',(8.59613798137602,29.9747274675602,83.1113464376107));
#8515=CARTESIAN_POINT('Origin',(8.59613798137602,-39.0000005811453,74.4361838777829));
#8516=CARTESIAN_POINT('',(4.59613798137602,-39.0000005811453,50.784891224788));
#8517=CARTESIAN_POINT('',(8.59613798137602,-39.0000005811453,50.784891224788));
#8518=CARTESIAN_POINT('',(8.59613798137602,-39.0000005811453,50.784891224788));
#8519=CARTESIAN_POINT('',(4.5961379812891,-39.0000005811453,50.7717669370478));
#8520=CARTESIAN_POINT('',(4.59613798137602,-39.0000005811453,74.4361838777829));
#8521=CARTESIAN_POINT('',(8.59613798137568,-39.0000005811453,50.7717669370517));
#8522=CARTESIAN_POINT('',(8.59613798137492,-39.0000005811453,50.7717669370517));
#8523=CARTESIAN_POINT('',(8.59613798137572,-39.0000005811453,69.6461550193646));
#8524=CARTESIAN_POINT('Origin',(4.59613798137602,-30.0071715874503,74.4361838777829));
#8525=CARTESIAN_POINT('',(4.59613798137602,-30.0071715874503,74.4361838777829));
#8526=CARTESIAN_POINT('',(4.59613798137602,-30.0071715874503,74.4361838777829));
#8527=CARTESIAN_POINT('',(6.59613798137602,-30.0071715874503,74.4361838777829));
#8528=CARTESIAN_POINT('Origin',(8.59613798137601,1.26357577326726,64.8561261609462));
#8529=CARTESIAN_POINT('Origin',(8.59613798137596,-0.0252687304205068,49.3681013201401));
#8530=CARTESIAN_POINT('Origin',(8.59613798137601,-0.0252679457838578,49.3813095403064));
#8531=CARTESIAN_POINT('Origin',(4.59613798137602,-0.0252639004057853,86.3708333110201));
#8532=CARTESIAN_POINT('',(4.59613798137602,-39.0252419084007,49.4243961754818));
#8533=CARTESIAN_POINT('Origin',(4.59613798137602,-0.0252679457838578,49.3813095403064));
#8534=CARTESIAN_POINT('',(4.59613798137602,-39.0252656403396,49.3836263418644));
#8535=CARTESIAN_POINT('',(4.59613798137602,-9.97183573069785,123.362666322704));
#8536=CARTESIAN_POINT('',(4.59613798137602,38.9747297487718,49.3789927387484));
#8537=CARTESIAN_POINT('',(4.59613798137602,38.9747274675602,83.1113468433716));
#8538=CARTESIAN_POINT('',(4.59613798137625,38.9747292190513,49.3554545338681));
#8539=CARTESIAN_POINT('Origin',(4.59613798135766,-0.0252687304203703,49.3681013201401));
#8540=CARTESIAN_POINT('',(4.59613798137633,46.9992328681252,16.95740979533));
#8541=CARTESIAN_POINT('',(4.59613798137625,38.9747267071636,49.3554646753715));
#8542=CARTESIAN_POINT('',(4.59613798136976,47.0189446272968,16.9342096059105));
#8543=CARTESIAN_POINT('Ctrl Pts',(4.59613798137632,46.9992328681252,16.95740979533));
#8544=CARTESIAN_POINT('Ctrl Pts',(4.59613798137632,47.0058049721869,16.9496776410643));
#8545=CARTESIAN_POINT('Ctrl Pts',(4.59613798137632,47.0123755582005,16.9419442444308));
#8546=CARTESIAN_POINT('Ctrl Pts',(4.59613798137632,47.0189446273197,16.9342096059453));
#8547=CARTESIAN_POINT('',(4.59613798135885,47.0189446273134,5.34957843860111));
#8548=CARTESIAN_POINT('',(4.59613798135285,47.0189446273112,1.34957843860112));
#8549=CARTESIAN_POINT('',(4.59613798119266,-44.6417326678555,5.34957843860111));
#8550=CARTESIAN_POINT('',(4.59613798127764,2.22713791156973,5.34957843860111));
#8551=CARTESIAN_POINT('',(4.59613798137534,-44.6417326679207,17.4971779015437));
#8552=CARTESIAN_POINT('',(4.59613798118666,-44.6417326678533,1.34957843860112));
#8553=CARTESIAN_POINT('',(4.59613798137571,-39.0252631251578,49.3836263408632));
#8554=CARTESIAN_POINT('Ctrl Pts',(4.59613798137566,-44.6417326679198,17.4971779015437));
#8555=CARTESIAN_POINT('Ctrl Pts',(4.59613798137567,-43.7217863949312,22.7200023558444));
#8556=CARTESIAN_POINT('Ctrl Pts',(4.59613797968814,-42.8018398965005,27.9428267704357));
#8557=CARTESIAN_POINT('Ctrl Pts',(4.59613797968816,-40.9296833981847,38.5716429196829));
#8558=CARTESIAN_POINT('Ctrl Pts',(4.5961379813757,-39.9774733822235,43.9776346515071));
#8559=CARTESIAN_POINT('Ctrl Pts',(4.59613798137571,-39.0252631251577,49.3836263408632));
#8560=CARTESIAN_POINT('Origin',(4.59613798135766,-0.0252687304203703,49.3681013201401));
#8561=CARTESIAN_POINT('Origin',(4.59613798135766,-0.0252687304203703,49.3681013201401));
#8562=CARTESIAN_POINT('',(4.59613798137602,29.9747267071563,94.3554644724851));
#8563=CARTESIAN_POINT('',(4.59613798137602,29.9747274675602,83.1113464376107));
#8564=CARTESIAN_POINT('',(4.59613798137602,9.9747267071559,114.355464675365));
#8565=CARTESIAN_POINT('Origin',(4.59613798137602,9.9747267071563,94.3554646753655));
#8566=CARTESIAN_POINT('',(4.59613798137602,-0.000360576939545387,114.355464675366));
#8567=CARTESIAN_POINT('',(4.59613798137602,9.9747267071559,114.355464675365));
#8568=CARTESIAN_POINT('',(4.59613798137602,-9.97833426293769,114.362668668867));
#8569=CARTESIAN_POINT('',(4.59613798137602,-0.000360576939545387,114.355464675366));
#8570=CARTESIAN_POINT('',(4.59613798137602,-29.9927712423374,94.3771154714186));
#8571=CARTESIAN_POINT('Origin',(4.59613798137602,-9.99277645632434,94.3626738832914));
#8572=CARTESIAN_POINT('',(4.59613798137602,-29.9927712423374,94.3771154714186));
#8573=CARTESIAN_POINT('Origin',(8.59613798137602,-0.0252679457838578,49.3813095403064));
#8574=CARTESIAN_POINT('',(8.59613798137602,-39.0252419084007,49.4243961754818));
#8575=CARTESIAN_POINT('Origin',(8.59613798137602,38.9747267071563,94.3554646753655));
#8576=CARTESIAN_POINT('',(8.59613798137602,38.9747297487718,49.378992738578));
#8577=CARTESIAN_POINT('Origin',(4.59613798137602,29.9747267071563,94.3554644724851));
#8578=CARTESIAN_POINT('',(4.59613798137602,29.9747267071563,94.3554644724851));
#8579=CARTESIAN_POINT('Origin',(4.59613798137602,9.9747267071563,94.3554646753655));
#8580=CARTESIAN_POINT('',(4.59613798137602,9.9747267071559,114.355464675365));
#8581=CARTESIAN_POINT('Origin',(4.59613798137602,-0.000360576939545387,
114.355464675366));
#8582=CARTESIAN_POINT('',(4.59613798137602,-0.000360576939545387,114.355464675366));
#8583=CARTESIAN_POINT('Origin',(4.59613798137602,-9.97833426293769,114.362668668867));
#8584=CARTESIAN_POINT('',(4.59613798137602,-9.97833426293769,114.362668668867));
#8585=CARTESIAN_POINT('Origin',(4.59613798137602,-9.99277645632434,94.3626738832914));
#8586=CARTESIAN_POINT('',(4.59613798137602,-29.9927712423374,94.3771154714186));
#8587=CARTESIAN_POINT('Origin',(4.59613798137602,-30.0242093049933,50.8431409767375));
#8588=CARTESIAN_POINT('Origin',(-0.500000007450581,-42.4586022675119,1.34957843860112));
#8589=CARTESIAN_POINT('',(-0.500000007450581,-42.4586022675119,1.34957843860112));
#8590=CARTESIAN_POINT('',(-7.00000010430813,-51.0000007599592,1.34957843860112));
#8591=CARTESIAN_POINT('',(-0.500000007450581,-42.4586022675119,5.34957843860111));
#8592=CARTESIAN_POINT('',(-0.500000007450581,-42.4586022675119,1.34957843860112));
#8593=CARTESIAN_POINT('',(13.9986847721597,-23.4064418869448,5.34957843860111));
#8594=CARTESIAN_POINT('Origin',(-13.4457088813171,58.4194951752766,1.34957843860112));
#8595=CARTESIAN_POINT('',(-4.95252997564916,42.321222978215,5.34957843860111));
#8596=CARTESIAN_POINT('',(2.13745617129391,28.8826120488354,5.34957843860111));
#8597=CARTESIAN_POINT('',(-4.95252997564916,42.321222978215,1.34957843860112));
#8598=CARTESIAN_POINT('',(-4.95252997564916,42.321222978215,1.34957843860112));
#8599=CARTESIAN_POINT('',(-13.4457088813171,58.4194951752766,1.34957843860112));
#8600=CARTESIAN_POINT('Ctrl Pts',(8.59613798137632,46.9992328681179,16.957409795324));
#8601=CARTESIAN_POINT('Ctrl Pts',(4.59613798137632,46.9992328681252,16.95740979533));
#8602=CARTESIAN_POINT('Ctrl Pts',(8.59613798137632,47.449852066433,16.4272512458366));
#8603=CARTESIAN_POINT('Ctrl Pts',(4.59613798137632,47.4498520664403,16.4272512458426));
#8604=CARTESIAN_POINT('Ctrl Pts',(8.59613798137632,47.8933345872762,15.8912520529076));
#8605=CARTESIAN_POINT('Ctrl Pts',(4.59613798137632,47.8933345872835,15.8912520529136));
#8606=CARTESIAN_POINT('Ctrl Pts',(8.59613798137633,48.3300523535989,15.3495784386011));
#8607=CARTESIAN_POINT('Ctrl Pts',(4.59613798137633,48.3300523536061,15.3495784386071));
#8608=CARTESIAN_POINT('Ctrl Pts',(8.59613798137633,48.2774607354994,15.4147413896204));
#8609=CARTESIAN_POINT('Ctrl Pts',(7.9313580064001,48.0993318249678,15.6352196804416));
#8610=CARTESIAN_POINT('Ctrl Pts',(7.27464047030789,47.9082756665755,15.8693652460595));
#8611=CARTESIAN_POINT('Ctrl Pts',(6.62626170192363,47.704945622081,16.115384666725));
#8612=CARTESIAN_POINT('Ctrl Pts',(6.28515841176138,47.5979764390235,16.2448121525169));
#8613=CARTESIAN_POINT('Ctrl Pts',(5.94635909822605,47.487608826701,16.3775272256694));
#8614=CARTESIAN_POINT('Ctrl Pts',(5.60990863865396,47.3739386556949,16.5132668661399));
#8615=CARTESIAN_POINT('Ctrl Pts',(5.26959161508412,47.2589621616379,16.6505664569448));
#8616=CARTESIAN_POINT('Ctrl Pts',(4.93165169532753,47.1405979247175,16.7909710041161));
#8617=CARTESIAN_POINT('Ctrl Pts',(4.59613798137632,47.0189446273607,16.9342096058971));
#8618=CARTESIAN_POINT('',(8.59613798137633,46.9992328681179,16.957409795324));
#8619=CARTESIAN_POINT('Origin',(21.2136756884011,1.18860597969882,5.34957843860111));
#8620=CARTESIAN_POINT('Origin',(21.2136756884011,1.18860597969882,5.34957843860111));
#8621=CARTESIAN_POINT('Origin',(21.2136756884011,1.18860597969882,5.34957843860111));
#8622=CARTESIAN_POINT('',(-2.28632431159892,1.18860597969882,5.34957843860111));
#8623=CARTESIAN_POINT('Origin',(-3.78632431159892,1.18860597969882,5.34957843860111));
#8624=CARTESIAN_POINT('Origin',(8.59613798137602,-9.97183573069785,123.362666322704));
#8625=CARTESIAN_POINT('Origin',(8.59613798137602,-39.0252361984044,49.4243961713583));
#8626=CARTESIAN_POINT('Origin',(8.59613798137625,-0.0252687304205068,49.3681013201401));
#8627=CARTESIAN_POINT('',(8.59613798137758,38.9747292190512,49.3554545338681));
#8628=CARTESIAN_POINT('Origin',(8.59613798137625,-0.0252687304205068,49.3681013201401));
#8629=CARTESIAN_POINT('',(8.59613798137492,-39.0252656392761,49.3836290131444));
#8630=CARTESIAN_POINT('Origin',(8.59613798137566,-44.7368072118985,16.9574097953236));
#8631=CARTESIAN_POINT('',(4.86072723312054,-44.7368072118985,16.9574097953236));
#8632=CARTESIAN_POINT('Origin',(21.2136756884011,1.18860597969882,277.69043552659));
#8633=CARTESIAN_POINT('',(8.59613798137565,-44.7368072118985,16.9574097953236));
#8634=CARTESIAN_POINT('Ctrl Pts',(8.59613798137565,-44.7368072118985,16.9574097953236));
#8635=CARTESIAN_POINT('Ctrl Pts',(8.59613798137568,-42.8329601479833,27.7661488138113));
#8636=CARTESIAN_POINT('Ctrl Pts',(8.5961379813757,-40.9291121184904,38.5748876622225));
#8637=CARTESIAN_POINT('Ctrl Pts',(8.59613798137572,-39.0252631251578,49.3836263408632));
#8638=CARTESIAN_POINT('Ctrl Pts',(8.59613798137565,-45.952840394201,15.3495784386011));
#8639=CARTESIAN_POINT('Ctrl Pts',(4.59613798137565,-45.952840394201,15.3495784386011));
#8640=CARTESIAN_POINT('Ctrl Pts',(8.59613798137565,-45.5559321680965,15.891788467024));
#8641=CARTESIAN_POINT('Ctrl Pts',(4.59613798137565,-45.5559321680964,15.891788467024));
#8642=CARTESIAN_POINT('Ctrl Pts',(8.59613798137566,-45.1505087754869,16.4278827208623));
#8643=CARTESIAN_POINT('Ctrl Pts',(4.59613798137565,-45.1505087754869,16.4278827208623));
#8644=CARTESIAN_POINT('Ctrl Pts',(8.59613798137566,-44.7368072118985,16.9574097953236));
#8645=CARTESIAN_POINT('Ctrl Pts',(4.59613798137566,-44.7368072118985,16.9574097953236));
#8646=CARTESIAN_POINT('Ctrl Pts',(4.86072723312049,-44.7368072118985,16.9574097953236));
#8647=CARTESIAN_POINT('Ctrl Pts',(5.40011367291323,-44.9288699073523,16.711574618017));
#8648=CARTESIAN_POINT('Ctrl Pts',(5.9459582856878,-45.1125227617565,16.4727995560849));
#8649=CARTESIAN_POINT('Ctrl Pts',(6.49793181672271,-45.2872950860089,16.2424987960962));
#8650=CARTESIAN_POINT('Ctrl Pts',(6.83277704865421,-45.3933177051367,16.1027908082008));
#8651=CARTESIAN_POINT('Ctrl Pts',(7.16997283358032,-45.4961028737257,15.9661622791075));
#8652=CARTESIAN_POINT('Ctrl Pts',(7.50944843264273,-45.5955436262169,15.8329389371699));
#8653=CARTESIAN_POINT('Ctrl Pts',(7.86908699866294,-45.7008906076454,15.6918028679291));
#8654=CARTESIAN_POINT('Ctrl Pts',(8.2313430139427,-45.8025013515637,15.5544654629156));
#8655=CARTESIAN_POINT('Ctrl Pts',(8.59613798137565,-45.9002487760258,15.4213193298071));
#8656=CARTESIAN_POINT('Origin',(-3.78632431159892,1.18860597969882,11.3495784386011));
#8657=CARTESIAN_POINT('',(-2.28632431159892,1.18860597969882,1.34957843860112));
#8658=CARTESIAN_POINT('',(-2.28632431159892,1.18860597969882,11.3495784386011));
#8659=CARTESIAN_POINT('Origin',(-3.78632431159892,1.18860597969882,1.34957843860112));
#8660=CARTESIAN_POINT('Origin',(56.5501379813759,-8.52527329284398,31.3554646753658));
#8661=CARTESIAN_POINT('',(56.5501379813759,-9.92527329284398,31.3554646753658));
#8662=CARTESIAN_POINT('Origin',(56.5501379813761,8.47472670715579,31.3554646753658));
#8663=CARTESIAN_POINT('',(56.5501379813761,7.07472670715578,31.3554646753658));
#8664=CARTESIAN_POINT('Ctrl Pts',(8.59613798150026,-41.7987125511755,15.3495784386011));
#8665=CARTESIAN_POINT('Ctrl Pts',(8.59613798150026,-41.7987125511755,5.34957843860111));
#8666=CARTESIAN_POINT('Ctrl Pts',(13.0995746130558,-43.1205507921088,15.3495784386011));
#8667=CARTESIAN_POINT('Ctrl Pts',(13.0995746130558,-43.1205507921088,5.34957843860111));
#8668=CARTESIAN_POINT('Ctrl Pts',(17.812152897464,-43.7287826678359,15.3495784386011));
#8669=CARTESIAN_POINT('Ctrl Pts',(17.812152897464,-43.7287826678359,5.34957843860111));
#8670=CARTESIAN_POINT('Ctrl Pts',(22.5038559406296,-43.5936142329779,15.3495784386011));
#8671=CARTESIAN_POINT('Ctrl Pts',(22.5038559406296,-43.5936142329779,5.34957843860111));
#8672=CARTESIAN_POINT('Ctrl Pts',(28.418551636875,-43.4232112572211,15.3495784386011));
#8673=CARTESIAN_POINT('Ctrl Pts',(28.418551636875,-43.4232112572211,5.34957843860111));
#8674=CARTESIAN_POINT('Ctrl Pts',(34.2966414047694,-42.0659947314114,15.3495784386011));
#8675=CARTESIAN_POINT('Ctrl Pts',(34.2966414047694,-42.0659947314114,5.34957843860111));
#8676=CARTESIAN_POINT('Ctrl Pts',(39.6873141829776,-39.6260542912334,15.3495784386011));
#8677=CARTESIAN_POINT('Ctrl Pts',(39.6873141829776,-39.6260542912334,5.34957843860111));
#8678=CARTESIAN_POINT('Ctrl Pts',(43.3550402822651,-37.9659584921851,15.3495784386011));
#8679=CARTESIAN_POINT('Ctrl Pts',(43.3550402822651,-37.9659584921851,5.34957843860111));
#8680=CARTESIAN_POINT('Ctrl Pts',(46.7973274821441,-35.8086467015184,15.3495784386011));
#8681=CARTESIAN_POINT('Ctrl Pts',(46.7973274821441,-35.8086467015184,5.34957843860111));
#8682=CARTESIAN_POINT('Ctrl Pts',(49.8904351396262,-33.2316682730797,15.3495784386011));
#8683=CARTESIAN_POINT('Ctrl Pts',(49.8904351396262,-33.2316682730797,5.34957843860111));
#8684=CARTESIAN_POINT('Ctrl Pts',(54.0486454612134,-29.7673147858284,15.3495784386011));
#8685=CARTESIAN_POINT('Ctrl Pts',(54.0486454612134,-29.7673147858284,5.34957843860111));
#8686=CARTESIAN_POINT('Ctrl Pts',(57.5711087241595,-25.5422999808825,15.3495784386011));
#8687=CARTESIAN_POINT('Ctrl Pts',(57.5711087241595,-25.5422999808825,5.34957843860111));
#8688=CARTESIAN_POINT('Ctrl Pts',(60.2309582599011,-20.8287388419558,15.3495784386011));
#8689=CARTESIAN_POINT('Ctrl Pts',(60.2309582599011,-20.8287388419558,5.34957843860111));
#8690=CARTESIAN_POINT('Ctrl Pts',(63.8067192802572,-14.4920765754787,15.3495784386011));
#8691=CARTESIAN_POINT('Ctrl Pts',(63.8067192802572,-14.4920765754787,5.34957843860111));
#8692=CARTESIAN_POINT('Ctrl Pts',(65.8056695864099,-7.27338243993086,15.3495784386011));
#8693=CARTESIAN_POINT('Ctrl Pts',(65.8056695864099,-7.27338243993086,5.34957843860111));
#8694=CARTESIAN_POINT('Ctrl Pts',(65.9987069832985,7.7715611723761E-15,
15.3495784386011));
#8695=CARTESIAN_POINT('Ctrl Pts',(65.9987069832985,7.7715611723761E-15,
5.34957843860111));
#8696=CARTESIAN_POINT('',(65.9987069832985,7.7715611723761E-15,5.34957843860111));
#8697=CARTESIAN_POINT('',(65.9987069832985,7.7715611723761E-15,15.3495784386011));
#8698=CARTESIAN_POINT('',(9.59613798137678,-42.0796806732968,5.34957843860111));
#8699=CARTESIAN_POINT('Ctrl Pts',(9.59610937109044,-42.0795845598775,5.34957843860111));
#8700=CARTESIAN_POINT('Ctrl Pts',(13.7947504559033,-43.2062432175338,5.34957843860111));
#8701=CARTESIAN_POINT('Ctrl Pts',(18.1582576629421,-43.7188113548572,5.34957843860111));
#8702=CARTESIAN_POINT('Ctrl Pts',(22.5038559406296,-43.5936142329779,5.34957843860111));
#8703=CARTESIAN_POINT('Ctrl Pts',(28.418551636875,-43.4232112572211,5.34957843860111));
#8704=CARTESIAN_POINT('Ctrl Pts',(34.2966414047694,-42.0659947314114,5.34957843860111));
#8705=CARTESIAN_POINT('Ctrl Pts',(39.6873141829776,-39.6260542912334,5.34957843860111));
#8706=CARTESIAN_POINT('Ctrl Pts',(43.3550402822651,-37.9659584921851,5.34957843860111));
#8707=CARTESIAN_POINT('Ctrl Pts',(46.7973274821441,-35.8086467015184,5.34957843860111));
#8708=CARTESIAN_POINT('Ctrl Pts',(49.8904351396262,-33.2316682730797,5.34957843860111));
#8709=CARTESIAN_POINT('Ctrl Pts',(54.0486454612134,-29.7673147858284,5.34957843860111));
#8710=CARTESIAN_POINT('Ctrl Pts',(57.5711087241595,-25.5422999808825,5.34957843860111));
#8711=CARTESIAN_POINT('Ctrl Pts',(60.2309582599011,-20.8287388419558,5.34957843860111));
#8712=CARTESIAN_POINT('Ctrl Pts',(63.8067192802572,-14.4920765754787,5.34957843860111));
#8713=CARTESIAN_POINT('Ctrl Pts',(65.8056695864099,-7.27338243993086,5.34957843860111));
#8714=CARTESIAN_POINT('Ctrl Pts',(65.9987069832985,8.88178419700125E-15,
5.34957843860111));
#8715=CARTESIAN_POINT('Ctrl Pts',(8.59613798150026,-41.7987125511755,5.34957843860111));
#8716=CARTESIAN_POINT('Ctrl Pts',(8.92835442079098,-41.8962239473933,5.34957843860111));
#8717=CARTESIAN_POINT('Ctrl Pts',(9.26170899739572,-41.9898519372179,5.34957843860111));
#8718=CARTESIAN_POINT('Ctrl Pts',(9.59610937109043,-42.0795845598775,5.34957843860111));
#8719=CARTESIAN_POINT('Ctrl Pts',(32.6662482082453,-42.120820221661,15.3495784386011));
#8720=CARTESIAN_POINT('Ctrl Pts',(35.0703798345949,-41.4856011476778,15.3495784386011));
#8721=CARTESIAN_POINT('Ctrl Pts',(37.4218882189988,-40.6514373280384,15.3495784386011));
#8722=CARTESIAN_POINT('Ctrl Pts',(39.6873141829776,-39.6260542912334,15.3495784386011));
#8723=CARTESIAN_POINT('Ctrl Pts',(43.3550402822651,-37.9659584921851,15.3495784386011));
#8724=CARTESIAN_POINT('Ctrl Pts',(46.7973274821441,-35.8086467015184,15.3495784386011));
#8725=CARTESIAN_POINT('Ctrl Pts',(49.8904351396262,-33.2316682730797,15.3495784386011));
#8726=CARTESIAN_POINT('Ctrl Pts',(54.0486454612134,-29.7673147858284,15.3495784386011));
#8727=CARTESIAN_POINT('Ctrl Pts',(57.5711087241595,-25.5422999808825,15.3495784386011));
#8728=CARTESIAN_POINT('Ctrl Pts',(60.2309582599011,-20.8287388419558,15.3495784386011));
#8729=CARTESIAN_POINT('Ctrl Pts',(61.1005800071667,-19.2876684850063,15.3495784386011));
#8730=CARTESIAN_POINT('Ctrl Pts',(61.8769400443607,-17.6944296593204,15.3495784386011));
#8731=CARTESIAN_POINT('Ctrl Pts',(62.5567429196471,-16.0609230403518,15.3495784386011));
#8732=CARTESIAN_POINT('Origin',(21.2136756884011,1.18860597969882,1.34957843860112));
#8733=CARTESIAN_POINT('',(64.9636756884011,1.18860597969882,1.34957843860112));
#8734=CARTESIAN_POINT('Origin',(21.2136756884011,1.18860597969882,1.34957843860112));
#8735=CARTESIAN_POINT('',(22.7136756884011,-23.8113940203012,1.34957843860112));
#8736=CARTESIAN_POINT('Origin',(21.2136756884011,-23.8113940203012,1.34957843860112));
#8737=CARTESIAN_POINT('',(47.7136756884011,1.18860597969882,1.34957843860112));
#8738=CARTESIAN_POINT('Origin',(46.2136756884011,1.18860597969882,1.34957843860112));
#8739=CARTESIAN_POINT('',(22.7636756884011,1.18860597969882,1.34957843860112));
#8740=CARTESIAN_POINT('Origin',(21.2136756884011,1.18860597969882,1.34957843860112));
#8741=CARTESIAN_POINT('',(22.7136756884011,26.1886059796988,1.34957843860112));
#8742=CARTESIAN_POINT('Origin',(21.2136756884011,26.1886059796988,1.34957843860112));
#8743=CARTESIAN_POINT('Origin',(21.2136756884011,1.18860597969882,-3.65042156139888));
#8744=CARTESIAN_POINT('',(64.9636756884011,1.18860597969882,-3.65042156139888));
#8745=CARTESIAN_POINT('Origin',(21.2136756884011,1.18860597969882,-3.65042156139888));
#8746=CARTESIAN_POINT('Origin',(21.2136756884011,1.18860597969882,11.3495784386011));
#8747=CARTESIAN_POINT('',(64.9636756884011,1.18860597969882,11.3495784386011));
#8748=CARTESIAN_POINT('Origin',(21.2136756884011,-23.8113940203012,11.3495784386011));
#8749=CARTESIAN_POINT('',(22.7136756884011,-23.8113940203012,5.34957843860111));
#8750=CARTESIAN_POINT('Origin',(21.2136756884011,-23.8113940203012,5.34957843860111));
#8751=CARTESIAN_POINT('',(22.7136756884011,-23.8113940203012,11.3495784386011));
#8752=CARTESIAN_POINT('Origin',(46.2136756884011,1.18860597969882,11.3495784386011));
#8753=CARTESIAN_POINT('',(47.7136756884011,1.18860597969882,5.34957843860111));
#8754=CARTESIAN_POINT('Origin',(46.2136756884011,1.18860597969882,5.34957843860111));
#8755=CARTESIAN_POINT('',(47.7136756884011,1.18860597969882,11.3495784386011));
#8756=CARTESIAN_POINT('Origin',(21.2136756884011,1.18860597969882,11.3495784386011));
#8757=CARTESIAN_POINT('',(22.7636756884011,1.18860597969882,5.34957843860111));
#8758=CARTESIAN_POINT('Origin',(21.2136756884011,1.18860597969882,5.34957843860111));
#8759=CARTESIAN_POINT('',(22.7636756884011,1.18860597969882,11.3495784386011));
#8760=CARTESIAN_POINT('Origin',(21.2136756884011,26.1886059796988,11.3495784386011));
#8761=CARTESIAN_POINT('',(22.7136756884011,26.1886059796988,5.34957843860111));
#8762=CARTESIAN_POINT('Origin',(21.2136756884011,26.1886059796988,5.34957843860111));
#8763=CARTESIAN_POINT('',(22.7136756884011,26.1886059796988,11.3495784386011));
#8764=CARTESIAN_POINT('Ctrl Pts',(70.560137981376,-10.4250024484836,15.9503089795969));
#8765=CARTESIAN_POINT('Ctrl Pts',(69.0396609820168,-6.95000163232239,15.7500654659316));
#8766=CARTESIAN_POINT('Ctrl Pts',(67.5191839826577,-3.47500081616119,15.5498219522664));
#8767=CARTESIAN_POINT('Ctrl Pts',(65.9987069832985,7.7715611723761E-15,
15.3495784386011));
#8768=CARTESIAN_POINT('Ctrl Pts',(70.560137981376,-12.4440065112316,16.5786029761728));
#8769=CARTESIAN_POINT('Ctrl Pts',(69.0066864722854,-9.64959281644941,16.1693327525763));
#8770=CARTESIAN_POINT('Ctrl Pts',(67.4444974963119,-6.85093129683766,15.7588486621976));
#8771=CARTESIAN_POINT('Ctrl Pts',(65.8910459872213,-4.05651760205544,15.3495784386011));
#8772=CARTESIAN_POINT('Ctrl Pts',(70.560137981376,-16.367016360899,18.2031110925509));
#8773=CARTESIAN_POINT('Ctrl Pts',(68.5582279510651,-14.9553635897527,17.2516999903662));
#8774=CARTESIAN_POINT('Ctrl Pts',(66.5613198119316,-13.5465821326292,16.3009895407858));
#8775=CARTESIAN_POINT('Ctrl Pts',(64.5594097816206,-12.134929361483,15.3495784386011));
#8776=CARTESIAN_POINT('Ctrl Pts',(70.560137981376,-23.5033680320845,22.8082170345361));
#8777=CARTESIAN_POINT('Ctrl Pts',(66.2724013299907,-24.6745279618945,20.3222270546237));
#8778=CARTESIAN_POINT('Ctrl Pts',(61.9801027615595,-25.8423117048486,17.8355684185135));
#8779=CARTESIAN_POINT('Ctrl Pts',(57.6923661101742,-27.0134716346587,15.3495784386011));
#8780=CARTESIAN_POINT('Ctrl Pts',(70.560137981376,-30.634963884959,30.848793277508));
#8781=CARTESIAN_POINT('Ctrl Pts',(61.0390774441102,-34.1034619241921,25.6822670455882));
#8782=CARTESIAN_POINT('Ctrl Pts',(51.5195387022934,-37.5766494269009,20.5161046705209));
#8783=CARTESIAN_POINT('Ctrl Pts',(41.9984781650276,-41.045147466134,15.3495784386011));
#8784=CARTESIAN_POINT('Ctrl Pts',(70.560137981376,-34.4486471358007,40.897188714764));
#8785=CARTESIAN_POINT('Ctrl Pts',(54.1415832222828,-37.9419343334666,32.3813719786689));
#8786=CARTESIAN_POINT('Ctrl Pts',(37.7235663466934,-41.4296356588357,23.8653951746962));
#8787=CARTESIAN_POINT('Ctrl Pts',(21.3050115876002,-44.9229228565017,15.3495784386011));
#8788=CARTESIAN_POINT('Ctrl Pts',(70.560137981376,-35.0244124396999,47.2409599986477));
#8789=CARTESIAN_POINT('Ctrl Pts',(50.147851441409,-37.4120349965483,36.6104489041658));
#8790=CARTESIAN_POINT('Ctrl Pts',(29.7341729734709,-39.8076865302479,25.980089533083));
#8791=CARTESIAN_POINT('Ctrl Pts',(9.32188643350393,-42.1953090870963,15.3495784386011));
#8792=CARTESIAN_POINT('Ctrl Pts',(70.560137981376,-35.0252631251577,49.3554646753653));
#8793=CARTESIAN_POINT('Ctrl Pts',(48.8804338285922,-36.9414779386688,38.0201692631106));
#8794=CARTESIAN_POINT('Ctrl Pts',(27.2007296758085,-38.8576927521799,26.6848738508559));
#8795=CARTESIAN_POINT('Ctrl Pts',(5.52102552302471,-40.773907565691,15.3495784386011));
#8796=CARTESIAN_POINT('',(57.5136259856535,-36.1784116817373,42.5340585100026));
#8797=CARTESIAN_POINT('',(70.560137981376,-35.0252631251577,49.3554646753654));
#8798=CARTESIAN_POINT('',(70.560137981376,-35.0252631251577,49.3554646753654));
#8799=CARTESIAN_POINT('Origin',(5.52102552302474,47.3974682768664,15.3495784386011));
#8800=CARTESIAN_POINT('Ctrl Pts',(8.55885237569476,-40.5054016499763,16.9379149095983));
#8801=CARTESIAN_POINT('Ctrl Pts',(8.57128091092175,-38.6786891559833,27.7521892613704));
#8802=CARTESIAN_POINT('Ctrl Pts',(8.58370944614874,-36.8519766619903,38.5664636131426));
#8803=CARTESIAN_POINT('Ctrl Pts',(8.59613798137573,-35.0252641679974,49.3807379649147));
#8804=CARTESIAN_POINT('Ctrl Pts',(27.5592809109218,-38.8260013055031,26.8723433911133));
#8805=CARTESIAN_POINT('Ctrl Pts',(27.5679006945548,-37.5590889263346,34.3751415823804));
#8806=CARTESIAN_POINT('Ctrl Pts',(27.5765204781879,-36.2921765471661,41.8779397736476));
#8807=CARTESIAN_POINT('Ctrl Pts',(27.5851402618209,-35.0252641679975,49.3807379649147));
#8808=CARTESIAN_POINT('Ctrl Pts',(46.5597094461489,-37.14660096103,36.8067718726282));
#8809=CARTESIAN_POINT('Ctrl Pts',(46.564520478188,-36.4394886966859,40.9980939033904));
#8810=CARTESIAN_POINT('Ctrl Pts',(46.569331510227,-35.7323764323418,45.1894159341525));
#8811=CARTESIAN_POINT('Ctrl Pts',(46.574142542266,-35.0252641679976,49.3807379649147));
#8812=CARTESIAN_POINT('Ctrl Pts',(65.560137981376,-35.4672006165568,46.7412003541432));
#8813=CARTESIAN_POINT('Ctrl Pts',(65.5611402618211,-35.3198884670371,47.6210462244004));
#8814=CARTESIAN_POINT('Ctrl Pts',(65.5621425422661,-35.1725763175175,48.5008920946575));
#8815=CARTESIAN_POINT('Ctrl Pts',(65.5631448227111,-35.0252641679978,49.3807379649147));
#8816=CARTESIAN_POINT('Origin',(2.3265257226517,54.143894730263,1.34957843860112));
#8817=CARTESIAN_POINT('',(18.0987603266205,49.8389893521754,1.34957843860112));
#8818=CARTESIAN_POINT('Origin',(21.2136756884011,1.18860597969882,1.34957843860112));
#8819=CARTESIAN_POINT('',(18.0987603266205,49.8389893521754,1.34957843860112));
#8820=CARTESIAN_POINT('Origin',(18.0987603266205,49.8389893521754,1.34957843860112));
#8821=CARTESIAN_POINT('',(18.0987603266205,49.8389893521754,1.34957843860112));
#8822=CARTESIAN_POINT('Origin',(21.2136756884011,1.18860597969882,1.34957843860112));
#8823=CARTESIAN_POINT('Origin',(6.00000008940697,-57.0000008493662,1.34957843860112));
#8824=CARTESIAN_POINT('',(11.9051621310444,-46.6644406877027,1.34957843860112));
#8825=CARTESIAN_POINT('',(11.9051621310444,-46.6644406877027,1.34957843860112));
#8826=CARTESIAN_POINT('',(11.9051621310444,-46.6644406877027,1.34957843860112));
#8827=CARTESIAN_POINT('Origin',(56.550137981376,0.974726707155877,102.429489158526));
#8828=CARTESIAN_POINT('Origin',(56.550137981376,-8.52527329284399,106.355464675365));
#8829=CARTESIAN_POINT('',(56.5501379813759,-9.925273292844,106.355464675365));
#8830=CARTESIAN_POINT('Origin',(56.5501379813761,8.47472670715577,106.355464675365));
#8831=CARTESIAN_POINT('',(56.5501379813761,7.07472670715577,106.355464675365));
#8832=CARTESIAN_POINT('Origin',(21.850137981376,-0.0252732928437038,114.179489158526));
#8833=CARTESIAN_POINT('',(21.850137981376,17.4747267071561,112.929489158526));
#8834=CARTESIAN_POINT('Origin',(56.550137981376,17.4747267071561,112.929489158526));
#8835=CARTESIAN_POINT('Origin',(56.5501379813759,-15.0252732928439,26.3726079799323));
#8836=CARTESIAN_POINT('Origin',(21.2136756884011,1.18860597969882,5.34957843860111));
#8837=CARTESIAN_POINT('',(9.59613798137609,44.4568926326941,5.34957843860111));
#8838=CARTESIAN_POINT('Ctrl Pts',(65.9987069832985,7.23055475069439E-15,
5.34957843860111));
#8839=CARTESIAN_POINT('Ctrl Pts',(66.1829612311657,6.94244551843989,5.34957843860111));
#8840=CARTESIAN_POINT('Ctrl Pts',(64.724307856633,13.9231338462944,5.34957843860111));
#8841=CARTESIAN_POINT('Ctrl Pts',(61.7755249075066,20.2109139413124,5.34957843860111));
#8842=CARTESIAN_POINT('Ctrl Pts',(58.7538160710257,26.6541961369697,5.34957843860111));
#8843=CARTESIAN_POINT('Ctrl Pts',(54.1709958544038,32.3586792789525,5.34957843860111));
#8844=CARTESIAN_POINT('Ctrl Pts',(48.5303084305852,36.6979482418212,5.34957843860111));
#8845=CARTESIAN_POINT('Ctrl Pts',(44.6924764319717,39.6503162822778,5.34957843860111));
#8846=CARTESIAN_POINT('Ctrl Pts',(40.3725628359978,41.9745629627274,5.34957843860111));
#8847=CARTESIAN_POINT('Ctrl Pts',(35.7941201747499,43.5504101296688,5.34957843860111));
#8848=CARTESIAN_POINT('Ctrl Pts',(29.6391040424326,45.6688957048375,5.34957843860111));
#8849=CARTESIAN_POINT('Ctrl Pts',(23.0188730949345,46.4238276471633,5.34957843860111));
#8850=CARTESIAN_POINT('Ctrl Pts',(16.5449220582516,45.7454747184341,5.34957843860111));
#8851=CARTESIAN_POINT('Ctrl Pts',(14.1995621144019,45.4997234333502,5.34957843860111));
#8852=CARTESIAN_POINT('Ctrl Pts',(11.8736821970776,45.068287064318,5.34957843860111));
#8853=CARTESIAN_POINT('Ctrl Pts',(9.59613815650713,44.4568666978451,5.34957843860111));
#8854=CARTESIAN_POINT('Ctrl Pts',(9.59613815650713,44.4568666978451,5.34957843860111));
#8855=CARTESIAN_POINT('Ctrl Pts',(9.26173227987241,44.3670934333108,5.34957843860111));
#8856=CARTESIAN_POINT('Ctrl Pts',(8.92836844190558,44.2734400222368,5.34957843860111));
#8857=CARTESIAN_POINT('Ctrl Pts',(8.59613798139091,44.1759245105411,5.34957843860111));
#8858=CARTESIAN_POINT('Ctrl Pts',(65.9987069832985,-1.22124532708767E-14,
15.3495784386011));
#8859=CARTESIAN_POINT('Ctrl Pts',(65.9987069832985,-1.22124532708767E-14,
5.34957843860111));
#8860=CARTESIAN_POINT('Ctrl Pts',(66.1829612311657,6.94244551843987,15.3495784386011));
#8861=CARTESIAN_POINT('Ctrl Pts',(66.1829612311657,6.94244551843987,5.34957843860111));
#8862=CARTESIAN_POINT('Ctrl Pts',(64.724307856633,13.9231338462944,15.3495784386011));
#8863=CARTESIAN_POINT('Ctrl Pts',(64.724307856633,13.9231338462944,5.34957843860111));
#8864=CARTESIAN_POINT('Ctrl Pts',(61.7755249075066,20.2109139413124,15.3495784386011));
#8865=CARTESIAN_POINT('Ctrl Pts',(61.7755249075066,20.2109139413124,5.34957843860111));
#8866=CARTESIAN_POINT('Ctrl Pts',(58.7538160710257,26.6541961369697,15.3495784386011));
#8867=CARTESIAN_POINT('Ctrl Pts',(58.7538160710257,26.6541961369697,5.34957843860111));
#8868=CARTESIAN_POINT('Ctrl Pts',(54.1709958544038,32.3586792789525,15.3495784386011));
#8869=CARTESIAN_POINT('Ctrl Pts',(54.1709958544038,32.3586792789525,5.34957843860111));
#8870=CARTESIAN_POINT('Ctrl Pts',(48.5303084305852,36.6979482418212,15.3495784386011));
#8871=CARTESIAN_POINT('Ctrl Pts',(48.5303084305852,36.6979482418212,5.34957843860111));
#8872=CARTESIAN_POINT('Ctrl Pts',(44.6924764319717,39.6503162822778,15.3495784386011));
#8873=CARTESIAN_POINT('Ctrl Pts',(44.6924764319717,39.6503162822778,5.34957843860111));
#8874=CARTESIAN_POINT('Ctrl Pts',(40.3725628359978,41.9745629627274,15.3495784386011));
#8875=CARTESIAN_POINT('Ctrl Pts',(40.3725628359978,41.9745629627274,5.34957843860111));
#8876=CARTESIAN_POINT('Ctrl Pts',(35.7941201747499,43.5504101296688,15.3495784386011));
#8877=CARTESIAN_POINT('Ctrl Pts',(35.7941201747499,43.5504101296688,5.34957843860111));
#8878=CARTESIAN_POINT('Ctrl Pts',(29.6391040424326,45.6688957048375,15.3495784386011));
#8879=CARTESIAN_POINT('Ctrl Pts',(29.6391040424326,45.6688957048375,5.34957843860111));
#8880=CARTESIAN_POINT('Ctrl Pts',(23.0188730949345,46.4238276471633,15.3495784386011));
#8881=CARTESIAN_POINT('Ctrl Pts',(23.0188730949345,46.4238276471633,5.34957843860111));
#8882=CARTESIAN_POINT('Ctrl Pts',(16.5449220582516,45.7454747184341,15.3495784386011));
#8883=CARTESIAN_POINT('Ctrl Pts',(16.5449220582516,45.7454747184341,5.34957843860111));
#8884=CARTESIAN_POINT('Ctrl Pts',(13.8551990048084,45.463640410384,15.3495784386011));
#8885=CARTESIAN_POINT('Ctrl Pts',(13.8551990048084,45.463640410384,5.34957843860111));
#8886=CARTESIAN_POINT('Ctrl Pts',(11.1910963372879,44.9375906488967,15.3495784386011));
#8887=CARTESIAN_POINT('Ctrl Pts',(11.1910963372879,44.9375906488967,5.34957843860111));
#8888=CARTESIAN_POINT('Ctrl Pts',(8.59613798139091,44.1759245105411,15.3495784386011));
#8889=CARTESIAN_POINT('Ctrl Pts',(8.59613798139091,44.1759245105411,5.34957843860111));
#8890=CARTESIAN_POINT('Origin',(2.45258101336812,-49.7293015584391,1.34957843860112));
#8891=CARTESIAN_POINT('Origin',(21.2136756884011,1.18860597969882,1.34957843860112));
#8892=CARTESIAN_POINT('Origin',(21.2136756884011,1.18860597969882,1.34957843860112));
#8893=CARTESIAN_POINT('Ctrl Pts',(70.560137981376,-39.0252631251577,49.3554646753653));
#8894=CARTESIAN_POINT('Ctrl Pts',(70.5601379813759,-39.0252631251579,49.364851897198));
#8895=CARTESIAN_POINT('Ctrl Pts',(70.5601379813758,-39.0252631251581,49.3742391190305));
#8896=CARTESIAN_POINT('Ctrl Pts',(70.5601379813757,-39.0252631251582,49.3836263408632));
#8897=CARTESIAN_POINT('Ctrl Pts',(49.8930427794823,-40.9302567567904,38.549614753443));
#8898=CARTESIAN_POINT('Ctrl Pts',(49.8971856245579,-40.2952588795796,42.1609519492497));
#8899=CARTESIAN_POINT('Ctrl Pts',(49.9013284696334,-39.6602610023688,45.7722891450564));
#8900=CARTESIAN_POINT('Ctrl Pts',(49.905471314709,-39.0252631251581,49.3836263408632));
#8901=CARTESIAN_POINT('Ctrl Pts',(29.2259475775885,-42.835250388423,27.7437648315206));
#8902=CARTESIAN_POINT('Ctrl Pts',(29.2342332677398,-41.5652546340013,34.9570520013015));
#8903=CARTESIAN_POINT('Ctrl Pts',(29.2425189578911,-40.2952588795796,42.1703391710823));
#8904=CARTESIAN_POINT('Ctrl Pts',(29.2508046480424,-39.0252631251579,49.3836263408632));
#8905=CARTESIAN_POINT('Ctrl Pts',(8.55885237569476,-44.7402440200556,16.9379149095983));
#8906=CARTESIAN_POINT('Ctrl Pts',(8.57128091092174,-42.835250388423,27.7531520533532));
#8907=CARTESIAN_POINT('Ctrl Pts',(8.58370944614872,-40.9302567567904,38.5683891971082));
#8908=CARTESIAN_POINT('Ctrl Pts',(8.5961379813757,-39.0252631251578,49.3836263408632));
#8909=CARTESIAN_POINT('',(0.,0.,0.));
#8910=UNCERTAINTY_MEASURE_WITH_UNIT(LENGTH_MEASURE(0.01),#8916,
'DISTANCE_ACCURACY_VALUE',
'Maximum model space distance between geometric entities at asserted c
onnectivities');
#8911=UNCERTAINTY_MEASURE_WITH_UNIT(LENGTH_MEASURE(0.01),#8916,
'DISTANCE_ACCURACY_VALUE',
'Maximum model space distance between geometric entities at asserted c
onnectivities');
#8912=UNCERTAINTY_MEASURE_WITH_UNIT(LENGTH_MEASURE(0.01),#8916,
'DISTANCE_ACCURACY_VALUE',
'Maximum model space distance between geometric entities at asserted c
onnectivities');
#8913=(
GEOMETRIC_REPRESENTATION_CONTEXT(3)
GLOBAL_UNCERTAINTY_ASSIGNED_CONTEXT((#8910))
GLOBAL_UNIT_ASSIGNED_CONTEXT((#8916,#8918,#8919))
REPRESENTATION_CONTEXT('','3D')
);
#8914=(
GEOMETRIC_REPRESENTATION_CONTEXT(3)
GLOBAL_UNCERTAINTY_ASSIGNED_CONTEXT((#8911))
GLOBAL_UNIT_ASSIGNED_CONTEXT((#8916,#8918,#8919))
REPRESENTATION_CONTEXT('','3D')
);
#8915=(
GEOMETRIC_REPRESENTATION_CONTEXT(3)
GLOBAL_UNCERTAINTY_ASSIGNED_CONTEXT((#8912))
GLOBAL_UNIT_ASSIGNED_CONTEXT((#8916,#8918,#8919))
REPRESENTATION_CONTEXT('','3D')
);
#8916=(
LENGTH_UNIT()
NAMED_UNIT(*)
SI_UNIT(.MILLI.,.METRE.)
);
#8917=(
LENGTH_UNIT()
NAMED_UNIT(*)
SI_UNIT($,.METRE.)
);
#8918=(
NAMED_UNIT(*)
PLANE_ANGLE_UNIT()
SI_UNIT($,.RADIAN.)
);
#8919=(
NAMED_UNIT(*)
SI_UNIT($,.STERADIAN.)
SOLID_ANGLE_UNIT()
);
#8920=SHAPE_DEFINITION_REPRESENTATION(#8922,#8925);
#8921=SHAPE_DEFINITION_REPRESENTATION(#8923,#8926);
#8922=PRODUCT_DEFINITION_SHAPE('',$,#8928);
#8923=PRODUCT_DEFINITION_SHAPE('',$,#8929);
#8924=PRODUCT_DEFINITION_SHAPE($,$,#14);
#8925=SHAPE_REPRESENTATION('',(#4750,#5092),#8913);
#8926=SHAPE_REPRESENTATION('',(#4751),#8914);
#8927=PRODUCT_DEFINITION_CONTEXT('part definition',#8935,'design');
#8928=PRODUCT_DEFINITION('DSSERVO 80 kg','c_base v40',#8930,#8927);
#8929=PRODUCT_DEFINITION('joint1','joint1',#8931,#8927);
#8930=PRODUCT_DEFINITION_FORMATION('',$,#8937);
#8931=PRODUCT_DEFINITION_FORMATION('',$,#8938);
#8932=PRODUCT_RELATED_PRODUCT_CATEGORY('c_base v40','c_base v40',(#8937));
#8933=PRODUCT_RELATED_PRODUCT_CATEGORY('joint1','joint1',(#8938));
#8934=APPLICATION_PROTOCOL_DEFINITION('international standard',
'automotive_design',2009,#8935);
#8935=APPLICATION_CONTEXT(
'Core Data for Automotive Mechanical Design Process');
#8936=PRODUCT_CONTEXT('part definition',#8935,'mechanical');
#8937=PRODUCT('DSSERVO 80 kg','c_base v40','STEP AP203',(#8936));
#8938=PRODUCT('joint1','joint1',$,(#8936));
#8939=PRESENTATION_STYLE_ASSIGNMENT((#8940));
#8940=SURFACE_STYLE_USAGE(.BOTH.,#8941);
#8941=SURFACE_SIDE_STYLE('',(#8942));
#8942=SURFACE_STYLE_FILL_AREA(#8943);
#8943=FILL_AREA_STYLE('Steel - Satin',(#8944));
#8944=FILL_AREA_STYLE_COLOUR('Steel - Satin',#8945);
#8945=COLOUR_RGB('Steel - Satin',0.627450980392157,0.627450980392157,0.627450980392157);
ENDSEC;
END-ISO-10303-21;
