ISO-10303-21;
HEADER;
/* Generated by software containing ST-Developer
 * from STEP Tools, Inc. (www.steptools.com) 
 */

FILE_DESCRIPTION(
/* description */ ('STEP AP203'),
/* implementation_level */ '2;1');

FILE_NAME(
/* name */ 'Joint2.step',
/* time_stamp */ '2025-12-11T15:22:50+05:30',
/* author */ (''),
/* organization */ (''),
/* preprocessor_version */ 'ST-DEVELOPER v20.1',
/* originating_system */ 'Autodesk Translation Framework v14.21.0.0',
/* authorisation */ '');

FILE_SCHEMA (('AUTOMOTIVE_DESIGN { 1 0 10303 214 3 1 1 }'));
ENDSEC;

DATA;
#10=MECHANICAL_DESIGN_GEOMETRIC_PRESENTATION_REPRESENTATION('',(#17),#11831);
#11=ITEM_DEFINED_TRANSFORMATION($,$,#6257,#6522);
#12=(
REPRESENTATION_RELATIONSHIP($,$,#11842,#11841)
REPRESENTATION_RELATIONSHIP_WITH_TRANSFORMATION(#11)
SHAPE_REPRESENTATION_RELATIONSHIP()
);
#13=CONTEXT_DEPENDENT_SHAPE_REPRESENTATION(#12,#11840);
#14=NEXT_ASSEMBLY_USAGE_OCCURRENCE('joint3:1','joint3:1','joint3:1',#11844,
#11845,'joint3:1');
#15=SHAPE_REPRESENTATION_RELATIONSHIP('SRR','None',#11842,#16);
#16=ADVANCED_BREP_SHAPE_REPRESENTATION('',(#18),#11830);
#17=STYLED_ITEM('',(#11855),#18);
#18=MANIFOLD_SOLID_BREP('Body1',#6243);
#19=B_SPLINE_SURFACE_WITH_KNOTS('',3,1,((#8529,#8530),(#8531,#8532),(#8533,
#8534),(#8535,#8536),(#8537,#8538)),.UNSPECIFIED.,.F.,.F.,.F.,(4,1,4),(2,
2),(0.,0.0149489727513404,0.0343372419719751),(0.,0.15),.UNSPECIFIED.);
#20=B_SPLINE_SURFACE_WITH_KNOTS('',3,1,((#8552,#8553),(#8554,#8555),(#8556,
#8557),(#8558,#8559),(#8560,#8561)),.UNSPECIFIED.,.F.,.F.,.F.,(4,1,4),(2,
2),(0.,0.0131803299944026,0.0261374999001175),(0.,0.15),.UNSPECIFIED.);
#21=B_SPLINE_SURFACE_WITH_KNOTS('',3,1,((#8575,#8576),(#8577,#8578),(#8579,
#8580),(#8581,#8582),(#8583,#8584)),.UNSPECIFIED.,.F.,.F.,.F.,(4,1,4),(2,
2),(0.,0.00949146764392458,0.0189139522796726),(0.,0.15),.UNSPECIFIED.);
#22=B_SPLINE_SURFACE_WITH_KNOTS('',3,1,((#8598,#8599),(#8600,#8601),(#8602,
#8603),(#8604,#8605),(#8606,#8607)),.UNSPECIFIED.,.F.,.F.,.F.,(4,1,4),(2,
2),(0.,0.0102401796904598,0.0199197143219097),(0.,0.15),.UNSPECIFIED.);
#23=B_SPLINE_SURFACE_WITH_KNOTS('',3,1,((#8621,#8622),(#8623,#8624),(#8625,
#8626),(#8627,#8628),(#8629,#8630)),.UNSPECIFIED.,.F.,.F.,.F.,(4,1,4),(2,
2),(0.,0.0161936342153691,0.0287237785462882),(0.,0.15),.UNSPECIFIED.);
#24=B_SPLINE_SURFACE_WITH_KNOTS('',3,1,((#8668,#8669),(#8670,#8671),(#8672,
#8673),(#8674,#8675),(#8676,#8677)),.UNSPECIFIED.,.F.,.F.,.F.,(4,1,4),(2,
2),(0.,0.00597759808631275,0.0147802692264311),(0.,0.15),.UNSPECIFIED.);
#25=B_SPLINE_SURFACE_WITH_KNOTS('',3,1,((#8691,#8692),(#8693,#8694),(#8695,
#8696),(#8697,#8698),(#8699,#8700)),.UNSPECIFIED.,.F.,.F.,.F.,(4,1,4),(2,
2),(0.,0.0068063148274867,0.0132400112007936),(0.,0.15),.UNSPECIFIED.);
#26=B_SPLINE_SURFACE_WITH_KNOTS('',3,1,((#8714,#8715),(#8716,#8717),(#8718,
#8719),(#8720,#8721),(#8722,#8723)),.UNSPECIFIED.,.F.,.F.,.F.,(4,1,4),(2,
2),(0.,0.0107917037471239,0.0190145760809887),(0.,0.15),.UNSPECIFIED.);
#27=B_SPLINE_SURFACE_WITH_KNOTS('',3,1,((#8737,#8738),(#8739,#8740),(#8741,
#8742),(#8743,#8744),(#8745,#8746)),.UNSPECIFIED.,.F.,.F.,.F.,(4,1,4),(2,
2),(0.,0.019089094563658,0.0335376341026866),(0.,0.15),.UNSPECIFIED.);
#28=B_SPLINE_SURFACE_WITH_KNOTS('',3,1,((#8778,#8779),(#8780,#8781),(#8782,
#8783),(#8784,#8785),(#8786,#8787)),.UNSPECIFIED.,.F.,.F.,.F.,(4,1,4),(2,
2),(0.,0.0164547939460784,0.0345668571566477),(0.,0.15),.UNSPECIFIED.);
#29=B_SPLINE_SURFACE_WITH_KNOTS('',3,1,((#8801,#8802),(#8803,#8804),(#8805,
#8806),(#8807,#8808),(#8809,#8810)),.UNSPECIFIED.,.F.,.F.,.F.,(4,1,4),(2,
2),(0.,0.0105150648463892,0.0188578709812415),(0.,0.15),.UNSPECIFIED.);
#30=B_SPLINE_SURFACE_WITH_KNOTS('',3,1,((#8824,#8825),(#8826,#8827),(#8828,
#8829),(#8830,#8831),(#8832,#8833)),.UNSPECIFIED.,.F.,.F.,.F.,(4,1,4),(2,
2),(0.,0.0212090292596212,0.0471027918462794),(0.,0.15),.UNSPECIFIED.);
#31=B_SPLINE_SURFACE_WITH_KNOTS('',3,1,((#8847,#8848),(#8849,#8850),(#8851,
#8852),(#8853,#8854),(#8855,#8856)),.UNSPECIFIED.,.F.,.F.,.F.,(4,1,4),(2,
2),(0.,0.0199114175175014,0.0391849826267819),(0.,0.15),.UNSPECIFIED.);
#32=B_SPLINE_SURFACE_WITH_KNOTS('',3,1,((#8870,#8871),(#8872,#8873),(#8874,
#8875),(#8876,#8877),(#8878,#8879)),.UNSPECIFIED.,.F.,.F.,.F.,(4,1,4),(2,
2),(0.,0.0156566406575242,0.0315843711670774),(0.,0.15),.UNSPECIFIED.);
#33=B_SPLINE_SURFACE_WITH_KNOTS('',3,1,((#8893,#8894),(#8895,#8896),(#8897,
#8898),(#8899,#8900),(#8901,#8902)),.UNSPECIFIED.,.F.,.F.,.F.,(4,1,4),(2,
2),(0.,0.0145675045354631,0.0296857960349452),(0.,0.15),.UNSPECIFIED.);
#34=B_SPLINE_SURFACE_WITH_KNOTS('',3,1,((#8916,#8917),(#8918,#8919),(#8920,
#8921),(#8922,#8923),(#8924,#8925)),.UNSPECIFIED.,.F.,.F.,.F.,(4,1,4),(2,
2),(0.,0.0235718747237304,0.041163858617704),(0.,0.15),.UNSPECIFIED.);
#35=B_SPLINE_SURFACE_WITH_KNOTS('',3,1,((#8955,#8956),(#8957,#8958),(#8959,
#8960),(#8961,#8962),(#8963,#8964)),.UNSPECIFIED.,.F.,.F.,.F.,(4,1,4),(2,
2),(0.,0.0353247143987178,0.0660796482924458),(0.,0.15),.UNSPECIFIED.);
#36=B_SPLINE_SURFACE_WITH_KNOTS('',3,1,((#8981,#8982),(#8983,#8984),(#8985,
#8986),(#8987,#8988),(#8989,#8990)),.UNSPECIFIED.,.F.,.F.,.F.,(4,1,4),(2,
2),(0.,0.0229512969666458,0.0479877143135631),(0.,0.15),.UNSPECIFIED.);
#37=B_SPLINE_SURFACE_WITH_KNOTS('',3,1,((#9004,#9005),(#9006,#9007),(#9008,
#9009),(#9010,#9011),(#9012,#9013)),.UNSPECIFIED.,.F.,.F.,.F.,(4,1,4),(2,
2),(0.,0.0216832336565629,0.0433374679852134),(0.,0.15),.UNSPECIFIED.);
#38=B_SPLINE_SURFACE_WITH_KNOTS('',3,1,((#9027,#9028),(#9029,#9030),(#9031,
#9032),(#9033,#9034),(#9035,#9036)),.UNSPECIFIED.,.F.,.F.,.F.,(4,1,4),(2,
2),(0.,0.0334847228326216,0.0593186286950036),(0.,0.15),.UNSPECIFIED.);
#39=B_SPLINE_SURFACE_WITH_KNOTS('',3,1,((#9068,#9069),(#9070,#9071),(#9072,
#9073),(#9074,#9075),(#9076,#9077)),.UNSPECIFIED.,.F.,.F.,.F.,(4,1,4),(2,
2),(0.,0.0155765736161479,0.0378800930883019),(0.,0.15),.UNSPECIFIED.);
#40=B_SPLINE_SURFACE_WITH_KNOTS('',3,1,((#9091,#9092),(#9093,#9094),(#9095,
#9096),(#9097,#9098),(#9099,#9100)),.UNSPECIFIED.,.F.,.F.,.F.,(4,1,4),(2,
2),(0.,0.012214727613225,0.0242350573651002),(0.,0.15),.UNSPECIFIED.);
#41=B_SPLINE_SURFACE_WITH_KNOTS('',3,1,((#9114,#9115),(#9116,#9117),(#9118,
#9119),(#9120,#9121),(#9122,#9123)),.UNSPECIFIED.,.F.,.F.,.F.,(4,1,4),(2,
2),(0.,0.0140205545403376,0.0269553760826942),(0.,0.15),.UNSPECIFIED.);
#42=B_SPLINE_SURFACE_WITH_KNOTS('',3,1,((#9137,#9138),(#9139,#9140),(#9141,
#9142),(#9143,#9144),(#9145,#9146)),.UNSPECIFIED.,.F.,.F.,.F.,(4,1,4),(2,
2),(0.,0.0166473356415588,0.0349831139326509),(0.,0.15),.UNSPECIFIED.);
#43=B_SPLINE_SURFACE_WITH_KNOTS('',3,1,((#9160,#9161),(#9162,#9163),(#9164,
#9165),(#9166,#9167),(#9168,#9169)),.UNSPECIFIED.,.F.,.F.,.F.,(4,1,4),(2,
2),(0.,0.0292230807656839,0.0494256695187859),(0.,0.15),.UNSPECIFIED.);
#44=B_SPLINE_SURFACE_WITH_KNOTS('',3,1,((#9189,#9190),(#9191,#9192),(#9193,
#9194),(#9195,#9196),(#9197,#9198)),.UNSPECIFIED.,.F.,.F.,.F.,(4,1,4),(2,
2),(0.,0.0322271627709731,0.0717895926442056),(0.,0.15),.UNSPECIFIED.);
#45=B_SPLINE_SURFACE_WITH_KNOTS('',3,1,((#9235,#9236),(#9237,#9238),(#9239,
#9240),(#9241,#9242),(#9243,#9244)),.UNSPECIFIED.,.F.,.F.,.F.,(4,1,4),(2,
2),(0.,0.013148582194938,0.0253323122890332),(0.,0.15),.UNSPECIFIED.);
#46=B_SPLINE_SURFACE_WITH_KNOTS('',3,1,((#9261,#9262),(#9263,#9264),(#9265,
#9266),(#9267,#9268),(#9269,#9270)),.UNSPECIFIED.,.F.,.F.,.F.,(4,1,4),(2,
2),(0.,0.0358634353697943,0.0569099908648945),(0.,0.15),.UNSPECIFIED.);
#47=B_SPLINE_SURFACE_WITH_KNOTS('',3,1,((#9284,#9285),(#9286,#9287),(#9288,
#9289),(#9290,#9291),(#9292,#9293)),.UNSPECIFIED.,.F.,.F.,.F.,(4,1,4),(2,
2),(0.,0.0322141359067706,0.0775788393101819),(0.,0.15),.UNSPECIFIED.);
#48=B_SPLINE_SURFACE_WITH_KNOTS('',3,1,((#9307,#9308),(#9309,#9310),(#9311,
#9312),(#9313,#9314),(#9315,#9316)),.UNSPECIFIED.,.F.,.F.,.F.,(4,1,4),(2,
2),(0.,0.0203659913038894,0.0441852269120916),(0.,0.15),.UNSPECIFIED.);
#49=B_SPLINE_SURFACE_WITH_KNOTS('',3,1,((#9330,#9331),(#9332,#9333),(#9334,
#9335),(#9336,#9337),(#9338,#9339)),.UNSPECIFIED.,.F.,.F.,.F.,(4,1,4),(2,
2),(0.,0.0179494416014538,0.0363465085727034),(0.,0.15),.UNSPECIFIED.);
#50=B_SPLINE_SURFACE_WITH_KNOTS('',3,1,((#9353,#9354),(#9355,#9356),(#9357,
#9358),(#9359,#9360),(#9361,#9362)),.UNSPECIFIED.,.F.,.F.,.F.,(4,1,4),(2,
2),(0.,0.0327875447989058,0.0659279776002642),(0.,0.15),.UNSPECIFIED.);
#51=B_SPLINE_SURFACE_WITH_KNOTS('',3,1,((#9376,#9377),(#9378,#9379),(#9380,
#9381),(#9382,#9383),(#9384,#9385)),.UNSPECIFIED.,.F.,.F.,.F.,(4,1,4),(2,
2),(0.,0.0391371748026689,0.073820203083045),(0.,0.15),.UNSPECIFIED.);
#52=B_SPLINE_SURFACE_WITH_KNOTS('',3,1,((#9399,#9400),(#9401,#9402),(#9403,
#9404),(#9405,#9406),(#9407,#9408)),.UNSPECIFIED.,.F.,.F.,.F.,(4,1,4),(2,
2),(0.,0.0340706061646748,0.0728903658398008),(0.,0.15),.UNSPECIFIED.);
#53=B_SPLINE_SURFACE_WITH_KNOTS('',3,1,((#9422,#9423),(#9424,#9425),(#9426,
#9427),(#9428,#9429),(#9430,#9431)),.UNSPECIFIED.,.F.,.F.,.F.,(4,1,4),(2,
2),(0.,0.0384525572913994,0.0722503320773657),(0.,0.15),.UNSPECIFIED.);
#54=B_SPLINE_SURFACE_WITH_KNOTS('',3,1,((#9451,#9452),(#9453,#9454),(#9455,
#9456),(#9457,#9458),(#9459,#9460)),.UNSPECIFIED.,.F.,.F.,.F.,(4,1,4),(2,
2),(0.,0.0225107452456252,0.0480201194782351),(0.,0.15),.UNSPECIFIED.);
#55=B_SPLINE_SURFACE_WITH_KNOTS('',3,1,((#9474,#9475),(#9476,#9477),(#9478,
#9479),(#9480,#9481),(#9482,#9483)),.UNSPECIFIED.,.F.,.F.,.F.,(4,1,4),(2,
2),(0.,0.0242729684235734,0.0464110751938936),(0.,0.15),.UNSPECIFIED.);
#56=B_SPLINE_SURFACE_WITH_KNOTS('',3,1,((#9497,#9498),(#9499,#9500),(#9501,
#9502),(#9503,#9504),(#9505,#9506)),.UNSPECIFIED.,.F.,.F.,.F.,(4,1,4),(2,
2),(0.,0.0212713324474203,0.0443710603206335),(0.,0.15),.UNSPECIFIED.);
#57=B_SPLINE_SURFACE_WITH_KNOTS('',3,1,((#9520,#9521),(#9522,#9523),(#9524,
#9525),(#9526,#9527),(#9528,#9529)),.UNSPECIFIED.,.F.,.F.,.F.,(4,1,4),(2,
2),(0.,0.0205584232358742,0.0410175995615892),(0.,0.15),.UNSPECIFIED.);
#58=B_SPLINE_SURFACE_WITH_KNOTS('',3,1,((#9543,#9544),(#9545,#9546),(#9547,
#9548),(#9549,#9550),(#9551,#9552)),.UNSPECIFIED.,.F.,.F.,.F.,(4,1,4),(2,
2),(0.,0.0261852657230852,0.0481229033107265),(0.,0.15),.UNSPECIFIED.);
#59=B_SPLINE_SURFACE_WITH_KNOTS('',3,1,((#9566,#9567),(#9568,#9569),(#9570,
#9571),(#9572,#9573),(#9574,#9575)),.UNSPECIFIED.,.F.,.F.,.F.,(4,1,4),(2,
2),(0.,0.0545062219020703,0.0918261024215686),(0.,0.15),.UNSPECIFIED.);
#60=B_SPLINE_SURFACE_WITH_KNOTS('',3,1,((#9589,#9590),(#9591,#9592),(#9593,
#9594),(#9595,#9596),(#9597,#9598)),.UNSPECIFIED.,.F.,.F.,.F.,(4,1,4),(2,
2),(0.,0.0293978213467088,0.0662919440721644),(0.,0.15),.UNSPECIFIED.);
#61=B_SPLINE_SURFACE_WITH_KNOTS('',3,1,((#9612,#9613),(#9614,#9615),(#9616,
#9617),(#9618,#9619),(#9620,#9621)),.UNSPECIFIED.,.F.,.F.,.F.,(4,1,4),(2,
2),(0.,0.0223881426300975,0.0468706277923708),(0.,0.15),.UNSPECIFIED.);
#62=B_SPLINE_SURFACE_WITH_KNOTS('',3,1,((#9635,#9636),(#9637,#9638),(#9639,
#9640),(#9641,#9642),(#9643,#9644)),.UNSPECIFIED.,.F.,.F.,.F.,(4,1,4),(2,
2),(0.,0.0130746592161136,0.0260689875237514),(0.,0.15),.UNSPECIFIED.);
#63=B_SPLINE_SURFACE_WITH_KNOTS('',3,1,((#9747,#9748),(#9749,#9750),(#9751,
#9752),(#9753,#9754),(#9755,#9756)),.UNSPECIFIED.,.F.,.F.,.F.,(4,1,4),(2,
2),(0.,0.0234410523409826,0.0473792112315307),(0.,0.15),.UNSPECIFIED.);
#64=B_SPLINE_SURFACE_WITH_KNOTS('',3,1,((#9773,#9774),(#9775,#9776),(#9777,
#9778),(#9779,#9780),(#9781,#9782)),.UNSPECIFIED.,.F.,.F.,.F.,(4,1,4),(2,
2),(0.,0.0266555985109245,0.0510875186944599),(0.,0.15),.UNSPECIFIED.);
#65=B_SPLINE_SURFACE_WITH_KNOTS('',3,1,((#9796,#9797),(#9798,#9799),(#9800,
#9801),(#9802,#9803),(#9804,#9805)),.UNSPECIFIED.,.F.,.F.,.F.,(4,1,4),(2,
2),(0.,0.0617987147982648,0.10080178034709),(0.,0.15),.UNSPECIFIED.);
#66=B_SPLINE_SURFACE_WITH_KNOTS('',3,1,((#9819,#9820),(#9821,#9822),(#9823,
#9824),(#9825,#9826),(#9827,#9828)),.UNSPECIFIED.,.F.,.F.,.F.,(4,1,4),(2,
2),(0.,0.0390513001172061,0.100594880532314),(0.,0.15),.UNSPECIFIED.);
#67=B_SPLINE_SURFACE_WITH_KNOTS('',3,1,((#9842,#9843),(#9844,#9845),(#9846,
#9847),(#9848,#9849),(#9850,#9851)),.UNSPECIFIED.,.F.,.F.,.F.,(4,1,4),(2,
2),(0.,0.0241477167990545,0.0508345841733921),(0.,0.15),.UNSPECIFIED.);
#68=B_SPLINE_SURFACE_WITH_KNOTS('',3,1,((#9865,#9866),(#9867,#9868),(#9869,
#9870),(#9871,#9872),(#9873,#9874)),.UNSPECIFIED.,.F.,.F.,.F.,(4,1,4),(2,
2),(0.,0.0266339206872005,0.0507751493019608),(0.,0.15),.UNSPECIFIED.);
#69=B_SPLINE_SURFACE_WITH_KNOTS('',3,1,((#9888,#9889),(#9890,#9891),(#9892,
#9893),(#9894,#9895),(#9896,#9897)),.UNSPECIFIED.,.F.,.F.,.F.,(4,1,4),(2,
2),(0.,0.0616711766841987,0.100698350290406),(0.,0.15),.UNSPECIFIED.);
#70=B_SPLINE_SURFACE_WITH_KNOTS('',3,1,((#9911,#9912),(#9913,#9914),(#9915,
#9916),(#9917,#9918),(#9919,#9920)),.UNSPECIFIED.,.F.,.F.,.F.,(4,1,4),(2,
2),(0.,0.0415625569883843,0.10400533985751),(0.,0.15),.UNSPECIFIED.);
#71=B_SPLINE_SURFACE_WITH_KNOTS('',3,1,((#9931,#9932),(#9933,#9934),(#9935,
#9936),(#9937,#9938),(#9939,#9940)),.UNSPECIFIED.,.F.,.F.,.F.,(4,1,4),(2,
2),(0.,0.0395008134240155,0.0770451888270303),(0.,0.15),.UNSPECIFIED.);
#72=B_SPLINE_SURFACE_WITH_KNOTS('',3,1,((#9957,#9958),(#9959,#9960),(#9961,
#9962),(#9963,#9964),(#9965,#9966)),.UNSPECIFIED.,.F.,.F.,.F.,(4,1,4),(2,
2),(0.,0.0278030012819406,0.0582339824230226),(0.,0.15),.UNSPECIFIED.);
#73=B_SPLINE_SURFACE_WITH_KNOTS('',3,1,((#9980,#9981),(#9982,#9983),(#9984,
#9985),(#9986,#9987),(#9988,#9989)),.UNSPECIFIED.,.F.,.F.,.F.,(4,1,4),(2,
2),(0.,0.0317768789984938,0.060318943314147),(0.,0.15),.UNSPECIFIED.);
#74=B_SPLINE_SURFACE_WITH_KNOTS('',3,1,((#10003,#10004),(#10005,#10006),
(#10007,#10008),(#10009,#10010),(#10011,#10012)),.UNSPECIFIED.,.F.,.F.,
 .F.,(4,1,4),(2,2),(0.,0.0477833557867198,0.0861804374627378),(0.,0.15),
 .UNSPECIFIED.);
#75=B_SPLINE_SURFACE_WITH_KNOTS('',3,1,((#10026,#10027),(#10028,#10029),
(#10030,#10031),(#10032,#10033),(#10034,#10035)),.UNSPECIFIED.,.F.,.F.,
 .F.,(4,1,4),(2,2),(0.,0.0312875054487359,0.0713554746036252),(0.,0.15),
 .UNSPECIFIED.);
#76=B_SPLINE_SURFACE_WITH_KNOTS('',3,1,((#10049,#10050),(#10051,#10052),
(#10053,#10054),(#10055,#10056),(#10057,#10058)),.UNSPECIFIED.,.F.,.F.,
 .F.,(4,1,4),(2,2),(0.,0.0229054231504937,0.0484992629370078),(0.,0.15),
 .UNSPECIFIED.);
#77=B_SPLINE_SURFACE_WITH_KNOTS('',3,1,((#10072,#10073),(#10074,#10075),
(#10076,#10077),(#10078,#10079),(#10080,#10081)),.UNSPECIFIED.,.F.,.F.,
 .F.,(4,1,4),(2,2),(0.,0.0204286424561034,0.0414616710437229),(0.,0.15),
 .UNSPECIFIED.);
#78=B_SPLINE_SURFACE_WITH_KNOTS('',3,1,((#10095,#10096),(#10097,#10098),
(#10099,#10100),(#10101,#10102),(#10103,#10104)),.UNSPECIFIED.,.F.,.F.,
 .F.,(4,1,4),(2,2),(0.,0.022793621033185,0.0437959720938012),(0.,0.15),
 .UNSPECIFIED.);
#79=B_SPLINE_SURFACE_WITH_KNOTS('',3,1,((#10118,#10119),(#10120,#10121),
(#10122,#10123),(#10124,#10125),(#10126,#10127)),.UNSPECIFIED.,.F.,.F.,
 .F.,(4,1,4),(2,2),(0.,0.0277215057953386,0.057996860296842),(0.,0.15),
 .UNSPECIFIED.);
#80=B_SPLINE_SURFACE_WITH_KNOTS('',3,1,((#10141,#10142),(#10143,#10144),
(#10145,#10146),(#10147,#10148),(#10149,#10150)),.UNSPECIFIED.,.F.,.F.,
 .F.,(4,1,4),(2,2),(0.,0.0317864786302547,0.0602880615287005),(0.,0.15),
 .UNSPECIFIED.);
#81=B_SPLINE_SURFACE_WITH_KNOTS('',3,1,((#10164,#10165),(#10166,#10167),
(#10168,#10169),(#10170,#10171),(#10172,#10173)),.UNSPECIFIED.,.F.,.F.,
 .F.,(4,1,4),(2,2),(0.,0.0480912355261221,0.0866046362142906),(0.,0.15),
 .UNSPECIFIED.);
#82=B_SPLINE_SURFACE_WITH_KNOTS('',3,1,((#10187,#10188),(#10189,#10190),
(#10191,#10192),(#10193,#10194),(#10195,#10196)),.UNSPECIFIED.,.F.,.F.,
 .F.,(4,1,4),(2,2),(0.,0.0540132346906571,0.127139457174042),(0.,0.15),
 .UNSPECIFIED.);
#83=B_SPLINE_SURFACE_WITH_KNOTS('',3,1,((#10217,#10218),(#10219,#10220),
(#10221,#10222),(#10223,#10224),(#10225,#10226)),.UNSPECIFIED.,.F.,.F.,
 .F.,(4,1,4),(2,2),(0.,0.0239022607803831,0.0429908859410454),(0.,0.15),
 .UNSPECIFIED.);
#84=B_SPLINE_SURFACE_WITH_KNOTS('',3,1,((#10240,#10241),(#10242,#10243),
(#10244,#10245),(#10246,#10247),(#10248,#10249)),.UNSPECIFIED.,.F.,.F.,
 .F.,(4,1,4),(2,2),(0.,0.0255980677670334,0.0515520212039),(0.,0.15),
 .UNSPECIFIED.);
#85=B_SPLINE_SURFACE_WITH_KNOTS('',3,1,((#10263,#10264),(#10265,#10266),
(#10267,#10268),(#10269,#10270),(#10271,#10272)),.UNSPECIFIED.,.F.,.F.,
 .F.,(4,1,4),(2,2),(0.,0.0289351767943908,0.0579743681209434),(0.,0.15),
 .UNSPECIFIED.);
#86=B_SPLINE_SURFACE_WITH_KNOTS('',3,1,((#10286,#10287),(#10288,#10289),
(#10290,#10291),(#10292,#10293),(#10294,#10295)),.UNSPECIFIED.,.F.,.F.,
 .F.,(4,1,4),(2,2),(0.,0.0290076666652258,0.0575630447834934),(0.,0.15),
 .UNSPECIFIED.);
#87=B_SPLINE_SURFACE_WITH_KNOTS('',3,1,((#10309,#10310),(#10311,#10312),
(#10313,#10314),(#10315,#10316),(#10317,#10318)),.UNSPECIFIED.,.F.,.F.,
 .F.,(4,1,4),(2,2),(0.,0.0369964676599383,0.0690057826208591),(0.,0.15),
 .UNSPECIFIED.);
#88=B_SPLINE_SURFACE_WITH_KNOTS('',3,1,((#10332,#10333),(#10334,#10335),
(#10336,#10337),(#10338,#10339),(#10340,#10341)),.UNSPECIFIED.,.F.,.F.,
 .F.,(4,1,4),(2,2),(0.,0.0302540476433222,0.061745488926351),(0.,0.15),
 .UNSPECIFIED.);
#89=B_SPLINE_SURFACE_WITH_KNOTS('',3,1,((#10355,#10356),(#10357,#10358),
(#10359,#10360),(#10361,#10362),(#10363,#10364)),.UNSPECIFIED.,.F.,.F.,
 .F.,(4,1,4),(2,2),(0.,0.0178297927433465,0.0353239032828213),(0.,0.15),
 .UNSPECIFIED.);
#90=B_SPLINE_SURFACE_WITH_KNOTS('',3,1,((#10378,#10379),(#10380,#10381),
(#10382,#10383),(#10384,#10385),(#10386,#10387)),.UNSPECIFIED.,.F.,.F.,
 .F.,(4,1,4),(2,2),(0.,0.0203359708411878,0.038978197926088),(0.,0.15),
 .UNSPECIFIED.);
#91=B_SPLINE_SURFACE_WITH_KNOTS('',3,1,((#10401,#10402),(#10403,#10404),
(#10405,#10406),(#10407,#10408),(#10409,#10410)),.UNSPECIFIED.,.F.,.F.,
 .F.,(4,1,4),(2,2),(0.,0.0254598167069392,0.048024419855902),(0.,0.15),
 .UNSPECIFIED.);
#92=B_SPLINE_SURFACE_WITH_KNOTS('',3,1,((#10424,#10425),(#10426,#10427),
(#10428,#10429),(#10430,#10431),(#10432,#10433)),.UNSPECIFIED.,.F.,.F.,
 .F.,(4,1,4),(2,2),(0.,0.0205146323420881,0.0422955529355737),(0.,0.15),
 .UNSPECIFIED.);
#93=B_SPLINE_SURFACE_WITH_KNOTS('',3,1,((#10447,#10448),(#10449,#10450),
(#10451,#10452),(#10453,#10454),(#10455,#10456)),.UNSPECIFIED.,.F.,.F.,
 .F.,(4,1,4),(2,2),(0.,0.0169502613426865,0.0358104650038429),(0.,0.15),
 .UNSPECIFIED.);
#94=B_SPLINE_SURFACE_WITH_KNOTS('',3,1,((#10470,#10471),(#10472,#10473),
(#10474,#10475),(#10476,#10477),(#10478,#10479)),.UNSPECIFIED.,.F.,.F.,
 .F.,(4,1,4),(2,2),(0.,0.021819658739596,0.0398940292644159),(0.,0.15),
 .UNSPECIFIED.);
#95=B_SPLINE_SURFACE_WITH_KNOTS('',3,1,((#10499,#10500),(#10501,#10502),
(#10503,#10504),(#10505,#10506),(#10507,#10508)),.UNSPECIFIED.,.F.,.F.,
 .F.,(4,1,4),(2,2),(0.,0.0253653318774632,0.0544078097163027),(0.,0.15),
 .UNSPECIFIED.);
#96=B_SPLINE_SURFACE_WITH_KNOTS('',3,1,((#10522,#10523),(#10524,#10525),
(#10526,#10527),(#10528,#10529),(#10530,#10531)),.UNSPECIFIED.,.F.,.F.,
 .F.,(4,1,4),(2,2),(0.,0.0266318501631017,0.051060874044974),(0.,0.15),
 .UNSPECIFIED.);
#97=B_SPLINE_SURFACE_WITH_KNOTS('',3,1,((#10545,#10546),(#10547,#10548),
(#10549,#10550),(#10551,#10552),(#10553,#10554)),.UNSPECIFIED.,.F.,.F.,
 .F.,(4,1,4),(2,2),(0.,0.0310889743055149,0.0600450087511131),(0.,0.15),
 .UNSPECIFIED.);
#98=B_SPLINE_SURFACE_WITH_KNOTS('',3,1,((#10568,#10569),(#10570,#10571),
(#10572,#10573),(#10574,#10575),(#10576,#10577)),.UNSPECIFIED.,.F.,.F.,
 .F.,(4,1,4),(2,2),(0.,0.0394835438491124,0.0819405931123355),(0.,0.15),
 .UNSPECIFIED.);
#99=B_SPLINE_SURFACE_WITH_KNOTS('',3,1,((#10591,#10592),(#10593,#10594),
(#10595,#10596),(#10597,#10598),(#10599,#10600)),.UNSPECIFIED.,.F.,.F.,
 .F.,(4,1,4),(2,2),(0.,0.0399076300003367,0.0781823838224867),(0.,0.15),
 .UNSPECIFIED.);
#100=B_SPLINE_SURFACE_WITH_KNOTS('',3,1,((#10614,#10615),(#10616,#10617),
(#10618,#10619),(#10620,#10621),(#10622,#10623)),.UNSPECIFIED.,.F.,.F.,
 .F.,(4,1,4),(2,2),(0.,0.0425814723295273,0.0843248348461635),(0.,0.15),
 .UNSPECIFIED.);
#101=B_SPLINE_SURFACE_WITH_KNOTS('',3,1,((#10637,#10638),(#10639,#10640),
(#10641,#10642),(#10643,#10644),(#10645,#10646)),.UNSPECIFIED.,.F.,.F.,
 .F.,(4,1,4),(2,2),(0.,0.0403473938401237,0.0827027915662937),(0.,0.15),
 .UNSPECIFIED.);
#102=B_SPLINE_SURFACE_WITH_KNOTS('',3,1,((#10660,#10661),(#10662,#10663),
(#10664,#10665),(#10666,#10667),(#10668,#10669)),.UNSPECIFIED.,.F.,.F.,
 .F.,(4,1,4),(2,2),(0.,0.0392476458067805,0.0782320893412234),(0.,0.15),
 .UNSPECIFIED.);
#103=B_SPLINE_SURFACE_WITH_KNOTS('',3,1,((#10683,#10684),(#10685,#10686),
(#10687,#10688),(#10689,#10690),(#10691,#10692)),.UNSPECIFIED.,.F.,.F.,
 .F.,(4,1,4),(2,2),(0.,0.0424456418356634,0.0831417884214882),(0.,0.15),
 .UNSPECIFIED.);
#104=B_SPLINE_SURFACE_WITH_KNOTS('',3,1,((#10706,#10707),(#10708,#10709),
(#10710,#10711),(#10712,#10713),(#10714,#10715)),.UNSPECIFIED.,.F.,.F.,
 .F.,(4,1,4),(2,2),(0.,0.0327266177322119,0.0651931752962042),(0.,0.15),
 .UNSPECIFIED.);
#105=B_SPLINE_SURFACE_WITH_KNOTS('',3,1,((#10729,#10730),(#10731,#10732),
(#10733,#10734),(#10735,#10736),(#10737,#10738)),.UNSPECIFIED.,.F.,.F.,
 .F.,(4,1,4),(2,2),(0.,0.0360724059046939,0.0700419402171759),(0.,0.15),
 .UNSPECIFIED.);
#106=B_SPLINE_SURFACE_WITH_KNOTS('',3,1,((#10774,#10775),(#10776,#10777),
(#10778,#10779),(#10780,#10781),(#10782,#10783)),.UNSPECIFIED.,.F.,.F.,
 .F.,(4,1,4),(2,2),(0.,0.0366199573802088,0.0709474688123673),(0.,0.15),
 .UNSPECIFIED.);
#107=B_SPLINE_SURFACE_WITH_KNOTS('',3,1,((#10800,#10801),(#10802,#10803),
(#10804,#10805),(#10806,#10807),(#10808,#10809)),.UNSPECIFIED.,.F.,.F.,
 .F.,(4,1,4),(2,2),(0.,0.0383648181184355,0.0789504302029347),(0.,0.15),
 .UNSPECIFIED.);
#108=B_SPLINE_SURFACE_WITH_KNOTS('',3,1,((#10823,#10824),(#10825,#10826),
(#10827,#10828),(#10829,#10830),(#10831,#10832)),.UNSPECIFIED.,.F.,.F.,
 .F.,(4,1,4),(2,2),(0.,0.0369976620186972,0.0741529228524729),(0.,0.15),
 .UNSPECIFIED.);
#109=B_SPLINE_SURFACE_WITH_KNOTS('',3,1,((#10846,#10847),(#10848,#10849),
(#10850,#10851),(#10852,#10853),(#10854,#10855)),.UNSPECIFIED.,.F.,.F.,
 .F.,(4,1,4),(2,2),(0.,0.0244126509237838,0.051294765947431),(0.,0.15),
 .UNSPECIFIED.);
#110=B_SPLINE_SURFACE_WITH_KNOTS('',3,1,((#10869,#10870),(#10871,#10872),
(#10873,#10874),(#10875,#10876),(#10877,#10878)),.UNSPECIFIED.,.F.,.F.,
 .F.,(4,1,4),(2,2),(0.,0.0254507791925225,0.0493373430622187),(0.,0.15),
 .UNSPECIFIED.);
#111=B_SPLINE_SURFACE_WITH_KNOTS('',3,1,((#10892,#10893),(#10894,#10895),
(#10896,#10897),(#10898,#10899),(#10900,#10901)),.UNSPECIFIED.,.F.,.F.,
 .F.,(4,1,4),(2,2),(0.,0.0193061687297542,0.0403909510183107),(0.,0.15),
 .UNSPECIFIED.);
#112=B_SPLINE_SURFACE_WITH_KNOTS('',3,1,((#10915,#10916),(#10917,#10918),
(#10919,#10920),(#10921,#10922),(#10923,#10924)),.UNSPECIFIED.,.F.,.F.,
 .F.,(4,1,4),(2,2),(0.,0.0187533347591991,0.037315869048244),(0.,0.15),
 .UNSPECIFIED.);
#113=B_SPLINE_SURFACE_WITH_KNOTS('',3,1,((#10938,#10939),(#10940,#10941),
(#10942,#10943),(#10944,#10945),(#10946,#10947)),.UNSPECIFIED.,.F.,.F.,
 .F.,(4,1,4),(2,2),(0.,0.0204925143758051,0.0405809456630196),(0.,0.15),
 .UNSPECIFIED.);
#114=B_SPLINE_SURFACE_WITH_KNOTS('',3,1,((#10961,#10962),(#10963,#10964),
(#10965,#10966),(#10967,#10968),(#10969,#10970)),.UNSPECIFIED.,.F.,.F.,
 .F.,(4,1,4),(2,2),(0.,0.0220867726511647,0.0431695522471021),(0.,0.15),
 .UNSPECIFIED.);
#115=B_SPLINE_SURFACE_WITH_KNOTS('',3,1,((#10984,#10985),(#10986,#10987),
(#10988,#10989),(#10990,#10991),(#10992,#10993)),.UNSPECIFIED.,.F.,.F.,
 .F.,(4,1,4),(2,2),(0.,0.0237312851904249,0.0467701357279639),(0.,0.15),
 .UNSPECIFIED.);
#116=B_SPLINE_SURFACE_WITH_KNOTS('',3,1,((#11007,#11008),(#11009,#11010),
(#11011,#11012),(#11013,#11014),(#11015,#11016)),.UNSPECIFIED.,.F.,.F.,
 .F.,(4,1,4),(2,2),(0.,0.0308966362009207,0.0639815818867345),(0.,0.15),
 .UNSPECIFIED.);
#117=B_SPLINE_SURFACE_WITH_KNOTS('',3,1,((#11030,#11031),(#11032,#11033),
(#11034,#11035),(#11036,#11037),(#11038,#11039)),.UNSPECIFIED.,.F.,.F.,
 .F.,(4,1,4),(2,2),(0.,0.0346778534771994,0.0661056910653943),(0.,0.15),
 .UNSPECIFIED.);
#118=B_SPLINE_SURFACE_WITH_KNOTS('',3,1,((#11059,#11060),(#11061,#11062),
(#11063,#11064),(#11065,#11066),(#11067,#11068)),.UNSPECIFIED.,.F.,.F.,
 .F.,(4,1,4),(2,2),(0.,0.0205786447626412,0.045132277174335),(0.,0.15),
 .UNSPECIFIED.);
#119=B_SPLINE_SURFACE_WITH_KNOTS('',3,1,((#11082,#11083),(#11084,#11085),
(#11086,#11087),(#11088,#11089),(#11090,#11091)),.UNSPECIFIED.,.F.,.F.,
 .F.,(4,1,4),(2,2),(0.,0.0199837662326197,0.0390182388485057),(0.,0.15),
 .UNSPECIFIED.);
#120=B_SPLINE_SURFACE_WITH_KNOTS('',3,1,((#11105,#11106),(#11107,#11108),
(#11109,#11110),(#11111,#11112),(#11113,#11114)),.UNSPECIFIED.,.F.,.F.,
 .F.,(4,1,4),(2,2),(0.,0.018606501915648,0.0385817177018185),(0.,0.15),
 .UNSPECIFIED.);
#121=B_SPLINE_SURFACE_WITH_KNOTS('',3,1,((#11128,#11129),(#11130,#11131),
(#11132,#11133),(#11134,#11135),(#11136,#11137)),.UNSPECIFIED.,.F.,.F.,
 .F.,(4,1,4),(2,2),(0.,0.018834325257295,0.0370543685900721),(0.,0.15),
 .UNSPECIFIED.);
#122=B_SPLINE_SURFACE_WITH_KNOTS('',3,1,((#11151,#11152),(#11153,#11154),
(#11155,#11156),(#11157,#11158),(#11159,#11160)),.UNSPECIFIED.,.F.,.F.,
 .F.,(4,1,4),(2,2),(0.,0.0210440289689631,0.0437907390468504),(0.,0.15),
 .UNSPECIFIED.);
#123=B_SPLINE_SURFACE_WITH_KNOTS('',3,1,((#11174,#11175),(#11176,#11177),
(#11178,#11179),(#11180,#11181),(#11182,#11183)),.UNSPECIFIED.,.F.,.F.,
 .F.,(4,1,4),(2,2),(0.,0.0225665207465976,0.0445877773633387),(0.,0.15),
 .UNSPECIFIED.);
#124=B_SPLINE_SURFACE_WITH_KNOTS('',3,1,((#11197,#11198),(#11199,#11200),
(#11201,#11202),(#11203,#11204),(#11205,#11206)),.UNSPECIFIED.,.F.,.F.,
 .F.,(4,1,4),(2,2),(0.,0.00333950937309373,0.00595064886328792),(0.,0.15),
 .UNSPECIFIED.);
#125=B_SPLINE_SURFACE_WITH_KNOTS('',3,1,((#11226,#11227),(#11228,#11229),
(#11230,#11231),(#11232,#11233),(#11234,#11235)),.UNSPECIFIED.,.F.,.F.,
 .F.,(4,1,4),(2,2),(0.,0.0117601270807159,0.0263599837384005),(0.,0.15),
 .UNSPECIFIED.);
#126=B_SPLINE_SURFACE_WITH_KNOTS('',3,1,((#11249,#11250),(#11251,#11252),
(#11253,#11254),(#11255,#11256),(#11257,#11258)),.UNSPECIFIED.,.F.,.F.,
 .F.,(4,1,4),(2,2),(0.,0.0225187421718724,0.046208251694134),(0.,0.15),
 .UNSPECIFIED.);
#127=B_SPLINE_SURFACE_WITH_KNOTS('',3,1,((#11272,#11273),(#11274,#11275),
(#11276,#11277),(#11278,#11279),(#11280,#11281)),.UNSPECIFIED.,.F.,.F.,
 .F.,(4,1,4),(2,2),(0.,0.0235177016628627,0.0459719892106071),(0.,0.15),
 .UNSPECIFIED.);
#128=B_SPLINE_SURFACE_WITH_KNOTS('',3,1,((#11295,#11296),(#11297,#11298),
(#11299,#11300),(#11301,#11302),(#11303,#11304)),.UNSPECIFIED.,.F.,.F.,
 .F.,(4,1,4),(2,2),(0.,0.0242208648741273,0.0490815067921317),(0.,0.15),
 .UNSPECIFIED.);
#129=B_SPLINE_SURFACE_WITH_KNOTS('',3,1,((#11318,#11319),(#11320,#11321),
(#11322,#11323),(#11324,#11325),(#11326,#11327)),.UNSPECIFIED.,.F.,.F.,
 .F.,(4,1,4),(2,2),(0.,0.0243874341015971,0.0484599743634771),(0.,0.15),
 .UNSPECIFIED.);
#130=B_SPLINE_SURFACE_WITH_KNOTS('',3,1,((#11341,#11342),(#11343,#11344),
(#11345,#11346),(#11347,#11348),(#11349,#11350)),.UNSPECIFIED.,.F.,.F.,
 .F.,(4,1,4),(2,2),(0.,0.0198296276997506,0.0403558255183718),(0.,0.15),
 .UNSPECIFIED.);
#131=B_SPLINE_SURFACE_WITH_KNOTS('',3,1,((#11364,#11365),(#11366,#11367),
(#11368,#11369),(#11370,#11371),(#11372,#11373)),.UNSPECIFIED.,.F.,.F.,
 .F.,(4,1,4),(2,2),(0.,0.0282658028001088,0.0506331890080169),(0.,0.15),
 .UNSPECIFIED.);
#132=B_SPLINE_SURFACE_WITH_KNOTS('',3,1,((#11393,#11394),(#11395,#11396),
(#11397,#11398),(#11399,#11400),(#11401,#11402)),.UNSPECIFIED.,.F.,.F.,
 .F.,(4,1,4),(2,2),(0.,0.0339039947415624,0.0691201646337942),(0.,0.15),
 .UNSPECIFIED.);
#133=ELLIPSE('',#6389,0.707106781186506,0.5);
#134=ELLIPSE('',#6391,0.707106781186542,0.5);
#135=FACE_BOUND('',#1894,.T.);
#136=FACE_BOUND('',#1895,.T.);
#137=FACE_BOUND('',#1898,.T.);
#138=FACE_BOUND('',#1899,.T.);
#139=FACE_BOUND('',#1909,.T.);
#140=FACE_BOUND('',#1917,.T.);
#141=FACE_BOUND('',#1926,.T.);
#142=FACE_BOUND('',#1927,.T.);
#143=FACE_BOUND('',#1934,.T.);
#144=FACE_BOUND('',#1935,.T.);
#145=FACE_BOUND('',#1941,.T.);
#146=FACE_BOUND('',#1949,.T.);
#147=FACE_BOUND('',#1959,.T.);
#148=FACE_BOUND('',#1960,.T.);
#149=FACE_BOUND('',#1961,.T.);
#150=FACE_BOUND('',#1962,.T.);
#151=FACE_BOUND('',#1963,.T.);
#152=FACE_BOUND('',#1964,.T.);
#153=FACE_BOUND('',#1967,.T.);
#154=FACE_BOUND('',#1968,.T.);
#155=FACE_BOUND('',#1972,.T.);
#156=FACE_BOUND('',#1973,.T.);
#157=FACE_BOUND('',#1975,.T.);
#158=FACE_BOUND('',#1976,.T.);
#159=FACE_BOUND('',#1977,.T.);
#160=FACE_BOUND('',#1978,.T.);
#161=FACE_BOUND('',#1979,.T.);
#162=FACE_BOUND('',#2002,.T.);
#163=FACE_BOUND('',#2004,.T.);
#164=FACE_BOUND('',#2010,.T.);
#165=FACE_BOUND('',#2011,.T.);
#166=FACE_BOUND('',#2040,.T.);
#167=FACE_BOUND('',#2118,.T.);
#168=FACE_BOUND('',#2201,.T.);
#169=FACE_BOUND('',#2202,.T.);
#170=FACE_BOUND('',#2203,.T.);
#171=FACE_BOUND('',#2204,.T.);
#172=FACE_BOUND('',#2205,.T.);
#173=FACE_BOUND('',#2206,.T.);
#174=FACE_BOUND('',#2207,.T.);
#175=FACE_BOUND('',#2208,.T.);
#176=FACE_BOUND('',#2209,.T.);
#177=FACE_BOUND('',#2210,.T.);
#178=FACE_BOUND('',#2214,.T.);
#179=FACE_BOUND('',#2217,.T.);
#180=FACE_BOUND('',#2237,.T.);
#181=FACE_BOUND('',#2246,.T.);
#182=FACE_BOUND('',#2248,.T.);
#183=FACE_BOUND('',#2249,.T.);
#184=FACE_BOUND('',#2250,.T.);
#185=FACE_BOUND('',#2251,.T.);
#186=FACE_BOUND('',#2252,.T.);
#187=FACE_BOUND('',#2253,.T.);
#188=FACE_BOUND('',#2258,.T.);
#189=CYLINDRICAL_SURFACE('',#6263,5.00000000000002);
#190=CYLINDRICAL_SURFACE('',#6267,5.);
#191=CYLINDRICAL_SURFACE('',#6271,5.00000000000002);
#192=CYLINDRICAL_SURFACE('',#6275,4.99999999999996);
#193=CYLINDRICAL_SURFACE('',#6291,1.5);
#194=CYLINDRICAL_SURFACE('',#6293,1.5);
#195=CYLINDRICAL_SURFACE('',#6295,1.5);
#196=CYLINDRICAL_SURFACE('',#6297,1.5);
#197=CYLINDRICAL_SURFACE('',#6325,1.5);
#198=CYLINDRICAL_SURFACE('',#6327,1.5);
#199=CYLINDRICAL_SURFACE('',#6329,1.5);
#200=CYLINDRICAL_SURFACE('',#6331,1.5);
#201=CYLINDRICAL_SURFACE('',#6372,2.5);
#202=CYLINDRICAL_SURFACE('',#6388,0.5);
#203=CYLINDRICAL_SURFACE('',#6390,0.5);
#204=CYLINDRICAL_SURFACE('',#6392,10.752915102627);
#205=CYLINDRICAL_SURFACE('',#6400,1.5);
#206=CYLINDRICAL_SURFACE('',#6401,1.5);
#207=CYLINDRICAL_SURFACE('',#6402,43.25);
#208=CYLINDRICAL_SURFACE('',#6482,1.5);
#209=CYLINDRICAL_SURFACE('',#6485,1.5);
#210=CYLINDRICAL_SURFACE('',#6492,0.5);
#211=CYLINDRICAL_SURFACE('',#6506,10.752915102627);
#212=CYLINDRICAL_SURFACE('',#6507,38.25);
#213=CYLINDRICAL_SURFACE('',#6508,38.25);
#214=CYLINDRICAL_SURFACE('',#6509,2.29999999999999);
#215=CYLINDRICAL_SURFACE('',#6510,2.29999999999999);
#216=CYLINDRICAL_SURFACE('',#6511,2.29999999999999);
#217=CYLINDRICAL_SURFACE('',#6512,2.3);
#218=CYLINDRICAL_SURFACE('',#6513,2.3);
#219=CYLINDRICAL_SURFACE('',#6514,2.3);
#220=CYLINDRICAL_SURFACE('',#6518,38.25);
#221=LINE('',#7904,#803);
#222=LINE('',#7906,#804);
#223=LINE('',#7908,#805);
#224=LINE('',#7909,#806);
#225=LINE('',#7915,#807);
#226=LINE('',#7918,#808);
#227=LINE('',#7920,#809);
#228=LINE('',#7921,#810);
#229=LINE('',#7927,#811);
#230=LINE('',#7930,#812);
#231=LINE('',#7932,#813);
#232=LINE('',#7933,#814);
#233=LINE('',#7939,#815);
#234=LINE('',#7942,#816);
#235=LINE('',#7944,#817);
#236=LINE('',#7945,#818);
#237=LINE('',#7952,#819);
#238=LINE('',#7954,#820);
#239=LINE('',#7956,#821);
#240=LINE('',#7957,#822);
#241=LINE('',#7961,#823);
#242=LINE('',#7963,#824);
#243=LINE('',#7965,#825);
#244=LINE('',#7966,#826);
#245=LINE('',#7969,#827);
#246=LINE('',#7971,#828);
#247=LINE('',#7972,#829);
#248=LINE('',#7979,#830);
#249=LINE('',#7981,#831);
#250=LINE('',#7982,#832);
#251=LINE('',#7985,#833);
#252=LINE('',#7987,#834);
#253=LINE('',#7988,#835);
#254=LINE('',#7995,#836);
#255=LINE('',#7997,#837);
#256=LINE('',#7998,#838);
#257=LINE('',#8001,#839);
#258=LINE('',#8003,#840);
#259=LINE('',#8004,#841);
#260=LINE('',#8007,#842);
#261=LINE('',#8009,#843);
#262=LINE('',#8010,#844);
#263=LINE('',#8012,#845);
#264=LINE('',#8013,#846);
#265=LINE('',#8017,#847);
#266=LINE('',#8020,#848);
#267=LINE('',#8025,#849);
#268=LINE('',#8028,#850);
#269=LINE('',#8033,#851);
#270=LINE('',#8035,#852);
#271=LINE('',#8037,#853);
#272=LINE('',#8039,#854);
#273=LINE('',#8041,#855);
#274=LINE('',#8042,#856);
#275=LINE('',#8046,#857);
#276=LINE('',#8047,#858);
#277=LINE('',#8048,#859);
#278=LINE('',#8051,#860);
#279=LINE('',#8052,#861);
#280=LINE('',#8055,#862);
#281=LINE('',#8056,#863);
#282=LINE('',#8059,#864);
#283=LINE('',#8060,#865);
#284=LINE('',#8063,#866);
#285=LINE('',#8064,#867);
#286=LINE('',#8066,#868);
#287=LINE('',#8070,#869);
#288=LINE('',#8072,#870);
#289=LINE('',#8074,#871);
#290=LINE('',#8076,#872);
#291=LINE('',#8078,#873);
#292=LINE('',#8079,#874);
#293=LINE('',#8083,#875);
#294=LINE('',#8084,#876);
#295=LINE('',#8085,#877);
#296=LINE('',#8088,#878);
#297=LINE('',#8089,#879);
#298=LINE('',#8092,#880);
#299=LINE('',#8093,#881);
#300=LINE('',#8096,#882);
#301=LINE('',#8097,#883);
#302=LINE('',#8100,#884);
#303=LINE('',#8101,#885);
#304=LINE('',#8103,#886);
#305=LINE('',#8107,#887);
#306=LINE('',#8109,#888);
#307=LINE('',#8111,#889);
#308=LINE('',#8112,#890);
#309=LINE('',#8115,#891);
#310=LINE('',#8117,#892);
#311=LINE('',#8118,#893);
#312=LINE('',#8126,#894);
#313=LINE('',#8128,#895);
#314=LINE('',#8130,#896);
#315=LINE('',#8131,#897);
#316=LINE('',#8134,#898);
#317=LINE('',#8136,#899);
#318=LINE('',#8137,#900);
#319=LINE('',#8141,#901);
#320=LINE('',#8142,#902);
#321=LINE('',#8143,#903);
#322=LINE('',#8147,#904);
#323=LINE('',#8148,#905);
#324=LINE('',#8149,#906);
#325=LINE('',#8151,#907);
#326=LINE('',#8152,#908);
#327=LINE('',#8154,#909);
#328=LINE('',#8155,#910);
#329=LINE('',#8163,#911);
#330=LINE('',#8166,#912);
#331=LINE('',#8171,#913);
#332=LINE('',#8174,#914);
#333=LINE('',#8179,#915);
#334=LINE('',#8181,#916);
#335=LINE('',#8183,#917);
#336=LINE('',#8185,#918);
#337=LINE('',#8187,#919);
#338=LINE('',#8188,#920);
#339=LINE('',#8192,#921);
#340=LINE('',#8193,#922);
#341=LINE('',#8194,#923);
#342=LINE('',#8197,#924);
#343=LINE('',#8198,#925);
#344=LINE('',#8201,#926);
#345=LINE('',#8202,#927);
#346=LINE('',#8205,#928);
#347=LINE('',#8206,#929);
#348=LINE('',#8209,#930);
#349=LINE('',#8210,#931);
#350=LINE('',#8212,#932);
#351=LINE('',#8216,#933);
#352=LINE('',#8218,#934);
#353=LINE('',#8220,#935);
#354=LINE('',#8222,#936);
#355=LINE('',#8224,#937);
#356=LINE('',#8225,#938);
#357=LINE('',#8229,#939);
#358=LINE('',#8230,#940);
#359=LINE('',#8231,#941);
#360=LINE('',#8234,#942);
#361=LINE('',#8235,#943);
#362=LINE('',#8238,#944);
#363=LINE('',#8239,#945);
#364=LINE('',#8242,#946);
#365=LINE('',#8243,#947);
#366=LINE('',#8246,#948);
#367=LINE('',#8247,#949);
#368=LINE('',#8249,#950);
#369=LINE('',#8254,#951);
#370=LINE('',#8256,#952);
#371=LINE('',#8260,#953);
#372=LINE('',#8261,#954);
#373=LINE('',#8267,#955);
#374=LINE('',#8269,#956);
#375=LINE('',#8271,#957);
#376=LINE('',#8272,#958);
#377=LINE('',#8277,#959);
#378=LINE('',#8278,#960);
#379=LINE('',#8281,#961);
#380=LINE('',#8283,#962);
#381=LINE('',#8285,#963);
#382=LINE('',#8287,#964);
#383=LINE('',#8289,#965);
#384=LINE('',#8290,#966);
#385=LINE('',#8293,#967);
#386=LINE('',#8295,#968);
#387=LINE('',#8297,#969);
#388=LINE('',#8299,#970);
#389=LINE('',#8301,#971);
#390=LINE('',#8302,#972);
#391=LINE('',#8306,#973);
#392=LINE('',#8308,#974);
#393=LINE('',#8314,#975);
#394=LINE('',#8316,#976);
#395=LINE('',#8318,#977);
#396=LINE('',#8323,#978);
#397=LINE('',#8327,#979);
#398=LINE('',#8328,#980);
#399=LINE('',#8329,#981);
#400=LINE('',#8335,#982);
#401=LINE('',#8336,#983);
#402=LINE('',#8338,#984);
#403=LINE('',#8339,#985);
#404=LINE('',#8342,#986);
#405=LINE('',#8344,#987);
#406=LINE('',#8346,#988);
#407=LINE('',#8348,#989);
#408=LINE('',#8350,#990);
#409=LINE('',#8351,#991);
#410=LINE('',#8354,#992);
#411=LINE('',#8356,#993);
#412=LINE('',#8358,#994);
#413=LINE('',#8360,#995);
#414=LINE('',#8362,#996);
#415=LINE('',#8363,#997);
#416=LINE('',#8371,#998);
#417=LINE('',#8373,#999);
#418=LINE('',#8375,#1000);
#419=LINE('',#8378,#1001);
#420=LINE('',#8380,#1002);
#421=LINE('',#8384,#1003);
#422=LINE('',#8385,#1004);
#423=LINE('',#8395,#1005);
#424=LINE('',#8396,#1006);
#425=LINE('',#8398,#1007);
#426=LINE('',#8402,#1008);
#427=LINE('',#8403,#1009);
#428=LINE('',#8404,#1010);
#429=LINE('',#8407,#1011);
#430=LINE('',#8408,#1012);
#431=LINE('',#8411,#1013);
#432=LINE('',#8412,#1014);
#433=LINE('',#8415,#1015);
#434=LINE('',#8416,#1016);
#435=LINE('',#8419,#1017);
#436=LINE('',#8420,#1018);
#437=LINE('',#8422,#1019);
#438=LINE('',#8426,#1020);
#439=LINE('',#8427,#1021);
#440=LINE('',#8428,#1022);
#441=LINE('',#8431,#1023);
#442=LINE('',#8432,#1024);
#443=LINE('',#8435,#1025);
#444=LINE('',#8436,#1026);
#445=LINE('',#8439,#1027);
#446=LINE('',#8440,#1028);
#447=LINE('',#8443,#1029);
#448=LINE('',#8444,#1030);
#449=LINE('',#8446,#1031);
#450=LINE('',#8478,#1032);
#451=LINE('',#8481,#1033);
#452=LINE('',#8484,#1034);
#453=LINE('',#8485,#1035);
#454=LINE('',#8487,#1036);
#455=LINE('',#8489,#1037);
#456=LINE('',#8491,#1038);
#457=LINE('',#8499,#1039);
#458=LINE('',#8501,#1040);
#459=LINE('',#8504,#1041);
#460=LINE('',#8507,#1042);
#461=LINE('',#8510,#1043);
#462=LINE('',#8511,#1044);
#463=LINE('',#8514,#1045);
#464=LINE('',#8515,#1046);
#465=LINE('',#8523,#1047);
#466=LINE('',#8525,#1048);
#467=LINE('',#8527,#1049);
#468=LINE('',#8528,#1050);
#469=LINE('',#8546,#1051);
#470=LINE('',#8569,#1052);
#471=LINE('',#8592,#1053);
#472=LINE('',#8615,#1054);
#473=LINE('',#8638,#1055);
#474=LINE('',#8646,#1056);
#475=LINE('',#8648,#1057);
#476=LINE('',#8649,#1058);
#477=LINE('',#8651,#1059);
#478=LINE('',#8652,#1060);
#479=LINE('',#8656,#1061);
#480=LINE('',#8658,#1062);
#481=LINE('',#8660,#1063);
#482=LINE('',#8661,#1064);
#483=LINE('',#8664,#1065);
#484=LINE('',#8666,#1066);
#485=LINE('',#8667,#1067);
#486=LINE('',#8685,#1068);
#487=LINE('',#8708,#1069);
#488=LINE('',#8731,#1070);
#489=LINE('',#8754,#1071);
#490=LINE('',#8762,#1072);
#491=LINE('',#8764,#1073);
#492=LINE('',#8765,#1074);
#493=LINE('',#8768,#1075);
#494=LINE('',#8770,#1076);
#495=LINE('',#8771,#1077);
#496=LINE('',#8774,#1078);
#497=LINE('',#8776,#1079);
#498=LINE('',#8777,#1080);
#499=LINE('',#8795,#1081);
#500=LINE('',#8818,#1082);
#501=LINE('',#8841,#1083);
#502=LINE('',#8864,#1084);
#503=LINE('',#8887,#1085);
#504=LINE('',#8910,#1086);
#505=LINE('',#8933,#1087);
#506=LINE('',#8941,#1088);
#507=LINE('',#8943,#1089);
#508=LINE('',#8944,#1090);
#509=LINE('',#8947,#1091);
#510=LINE('',#8949,#1092);
#511=LINE('',#8950,#1093);
#512=LINE('',#8952,#1094);
#513=LINE('',#8953,#1095);
#514=LINE('',#8973,#1096);
#515=LINE('',#8980,#1097);
#516=LINE('',#8998,#1098);
#517=LINE('',#9021,#1099);
#518=LINE('',#9044,#1100);
#519=LINE('',#9052,#1101);
#520=LINE('',#9054,#1102);
#521=LINE('',#9055,#1103);
#522=LINE('',#9058,#1104);
#523=LINE('',#9060,#1105);
#524=LINE('',#9061,#1106);
#525=LINE('',#9064,#1107);
#526=LINE('',#9066,#1108);
#527=LINE('',#9067,#1109);
#528=LINE('',#9085,#1110);
#529=LINE('',#9108,#1111);
#530=LINE('',#9131,#1112);
#531=LINE('',#9154,#1113);
#532=LINE('',#9177,#1114);
#533=LINE('',#9185,#1115);
#534=LINE('',#9187,#1116);
#535=LINE('',#9188,#1117);
#536=LINE('',#9213,#1118);
#537=LINE('',#9215,#1119);
#538=LINE('',#9217,#1120);
#539=LINE('',#9218,#1121);
#540=LINE('',#9221,#1122);
#541=LINE('',#9223,#1123);
#542=LINE('',#9224,#1124);
#543=LINE('',#9227,#1125);
#544=LINE('',#9229,#1126);
#545=LINE('',#9230,#1127);
#546=LINE('',#9232,#1128);
#547=LINE('',#9233,#1129);
#548=LINE('',#9253,#1130);
#549=LINE('',#9260,#1131);
#550=LINE('',#9278,#1132);
#551=LINE('',#9301,#1133);
#552=LINE('',#9324,#1134);
#553=LINE('',#9347,#1135);
#554=LINE('',#9370,#1136);
#555=LINE('',#9393,#1137);
#556=LINE('',#9416,#1138);
#557=LINE('',#9439,#1139);
#558=LINE('',#9447,#1140);
#559=LINE('',#9449,#1141);
#560=LINE('',#9450,#1142);
#561=LINE('',#9468,#1143);
#562=LINE('',#9491,#1144);
#563=LINE('',#9514,#1145);
#564=LINE('',#9537,#1146);
#565=LINE('',#9560,#1147);
#566=LINE('',#9583,#1148);
#567=LINE('',#9606,#1149);
#568=LINE('',#9629,#1150);
#569=LINE('',#9652,#1151);
#570=LINE('',#9660,#1152);
#571=LINE('',#9662,#1153);
#572=LINE('',#9663,#1154);
#573=LINE('',#9666,#1155);
#574=LINE('',#9668,#1156);
#575=LINE('',#9669,#1157);
#576=LINE('',#9671,#1158);
#577=LINE('',#9672,#1159);
#578=LINE('',#9677,#1160);
#579=LINE('',#9679,#1161);
#580=LINE('',#9681,#1162);
#581=LINE('',#9682,#1163);
#582=LINE('',#9685,#1164);
#583=LINE('',#9687,#1165);
#584=LINE('',#9688,#1166);
#585=LINE('',#9691,#1167);
#586=LINE('',#9693,#1168);
#587=LINE('',#9694,#1169);
#588=LINE('',#9697,#1170);
#589=LINE('',#9699,#1171);
#590=LINE('',#9700,#1172);
#591=LINE('',#9703,#1173);
#592=LINE('',#9705,#1174);
#593=LINE('',#9706,#1175);
#594=LINE('',#9709,#1176);
#595=LINE('',#9711,#1177);
#596=LINE('',#9712,#1178);
#597=LINE('',#9715,#1179);
#598=LINE('',#9717,#1180);
#599=LINE('',#9718,#1181);
#600=LINE('',#9721,#1182);
#601=LINE('',#9723,#1183);
#602=LINE('',#9724,#1184);
#603=LINE('',#9727,#1185);
#604=LINE('',#9729,#1186);
#605=LINE('',#9730,#1187);
#606=LINE('',#9733,#1188);
#607=LINE('',#9735,#1189);
#608=LINE('',#9736,#1190);
#609=LINE('',#9739,#1191);
#610=LINE('',#9741,#1192);
#611=LINE('',#9742,#1193);
#612=LINE('',#9744,#1194);
#613=LINE('',#9745,#1195);
#614=LINE('',#9765,#1196);
#615=LINE('',#9772,#1197);
#616=LINE('',#9790,#1198);
#617=LINE('',#9813,#1199);
#618=LINE('',#9836,#1200);
#619=LINE('',#9859,#1201);
#620=LINE('',#9882,#1202);
#621=LINE('',#9905,#1203);
#622=LINE('',#9949,#1204);
#623=LINE('',#9956,#1205);
#624=LINE('',#9974,#1206);
#625=LINE('',#9997,#1207);
#626=LINE('',#10020,#1208);
#627=LINE('',#10043,#1209);
#628=LINE('',#10066,#1210);
#629=LINE('',#10089,#1211);
#630=LINE('',#10112,#1212);
#631=LINE('',#10135,#1213);
#632=LINE('',#10158,#1214);
#633=LINE('',#10181,#1215);
#634=LINE('',#10211,#1216);
#635=LINE('',#10213,#1217);
#636=LINE('',#10215,#1218);
#637=LINE('',#10216,#1219);
#638=LINE('',#10234,#1220);
#639=LINE('',#10257,#1221);
#640=LINE('',#10280,#1222);
#641=LINE('',#10303,#1223);
#642=LINE('',#10326,#1224);
#643=LINE('',#10349,#1225);
#644=LINE('',#10372,#1226);
#645=LINE('',#10395,#1227);
#646=LINE('',#10418,#1228);
#647=LINE('',#10441,#1229);
#648=LINE('',#10464,#1230);
#649=LINE('',#10487,#1231);
#650=LINE('',#10495,#1232);
#651=LINE('',#10497,#1233);
#652=LINE('',#10498,#1234);
#653=LINE('',#10516,#1235);
#654=LINE('',#10539,#1236);
#655=LINE('',#10562,#1237);
#656=LINE('',#10585,#1238);
#657=LINE('',#10608,#1239);
#658=LINE('',#10631,#1240);
#659=LINE('',#10654,#1241);
#660=LINE('',#10677,#1242);
#661=LINE('',#10700,#1243);
#662=LINE('',#10723,#1244);
#663=LINE('',#10746,#1245);
#664=LINE('',#10754,#1246);
#665=LINE('',#10756,#1247);
#666=LINE('',#10757,#1248);
#667=LINE('',#10760,#1249);
#668=LINE('',#10762,#1250);
#669=LINE('',#10763,#1251);
#670=LINE('',#10766,#1252);
#671=LINE('',#10768,#1253);
#672=LINE('',#10769,#1254);
#673=LINE('',#10771,#1255);
#674=LINE('',#10772,#1256);
#675=LINE('',#10792,#1257);
#676=LINE('',#10799,#1258);
#677=LINE('',#10817,#1259);
#678=LINE('',#10840,#1260);
#679=LINE('',#10863,#1261);
#680=LINE('',#10886,#1262);
#681=LINE('',#10909,#1263);
#682=LINE('',#10932,#1264);
#683=LINE('',#10955,#1265);
#684=LINE('',#10978,#1266);
#685=LINE('',#11001,#1267);
#686=LINE('',#11024,#1268);
#687=LINE('',#11047,#1269);
#688=LINE('',#11055,#1270);
#689=LINE('',#11057,#1271);
#690=LINE('',#11058,#1272);
#691=LINE('',#11076,#1273);
#692=LINE('',#11099,#1274);
#693=LINE('',#11122,#1275);
#694=LINE('',#11145,#1276);
#695=LINE('',#11168,#1277);
#696=LINE('',#11191,#1278);
#697=LINE('',#11214,#1279);
#698=LINE('',#11222,#1280);
#699=LINE('',#11224,#1281);
#700=LINE('',#11225,#1282);
#701=LINE('',#11243,#1283);
#702=LINE('',#11266,#1284);
#703=LINE('',#11289,#1285);
#704=LINE('',#11312,#1286);
#705=LINE('',#11335,#1287);
#706=LINE('',#11358,#1288);
#707=LINE('',#11381,#1289);
#708=LINE('',#11389,#1290);
#709=LINE('',#11391,#1291);
#710=LINE('',#11392,#1292);
#711=LINE('',#11417,#1293);
#712=LINE('',#11419,#1294);
#713=LINE('',#11421,#1295);
#714=LINE('',#11422,#1296);
#715=LINE('',#11425,#1297);
#716=LINE('',#11427,#1298);
#717=LINE('',#11428,#1299);
#718=LINE('',#11431,#1300);
#719=LINE('',#11433,#1301);
#720=LINE('',#11434,#1302);
#721=LINE('',#11437,#1303);
#722=LINE('',#11439,#1304);
#723=LINE('',#11440,#1305);
#724=LINE('',#11443,#1306);
#725=LINE('',#11445,#1307);
#726=LINE('',#11446,#1308);
#727=LINE('',#11448,#1309);
#728=LINE('',#11449,#1310);
#729=LINE('',#11454,#1311);
#730=LINE('',#11456,#1312);
#731=LINE('',#11458,#1313);
#732=LINE('',#11459,#1314);
#733=LINE('',#11462,#1315);
#734=LINE('',#11464,#1316);
#735=LINE('',#11465,#1317);
#736=LINE('',#11468,#1318);
#737=LINE('',#11470,#1319);
#738=LINE('',#11471,#1320);
#739=LINE('',#11474,#1321);
#740=LINE('',#11476,#1322);
#741=LINE('',#11477,#1323);
#742=LINE('',#11480,#1324);
#743=LINE('',#11482,#1325);
#744=LINE('',#11483,#1326);
#745=LINE('',#11486,#1327);
#746=LINE('',#11488,#1328);
#747=LINE('',#11489,#1329);
#748=LINE('',#11492,#1330);
#749=LINE('',#11494,#1331);
#750=LINE('',#11495,#1332);
#751=LINE('',#11498,#1333);
#752=LINE('',#11500,#1334);
#753=LINE('',#11501,#1335);
#754=LINE('',#11504,#1336);
#755=LINE('',#11506,#1337);
#756=LINE('',#11507,#1338);
#757=LINE('',#11510,#1339);
#758=LINE('',#11512,#1340);
#759=LINE('',#11513,#1341);
#760=LINE('',#11516,#1342);
#761=LINE('',#11518,#1343);
#762=LINE('',#11519,#1344);
#763=LINE('',#11521,#1345);
#764=LINE('',#11522,#1346);
#765=LINE('',#11526,#1347);
#766=LINE('',#11527,#1348);
#767=LINE('',#11532,#1349);
#768=LINE('',#11536,#1350);
#769=LINE('',#11538,#1351);
#770=LINE('',#11540,#1352);
#771=LINE('',#11542,#1353);
#772=LINE('',#11544,#1354);
#773=LINE('',#11545,#1355);
#774=LINE('',#11549,#1356);
#775=LINE('',#11553,#1357);
#776=LINE('',#11555,#1358);
#777=LINE('',#11557,#1359);
#778=LINE('',#11559,#1360);
#779=LINE('',#11561,#1361);
#780=LINE('',#11562,#1362);
#781=LINE('',#11564,#1363);
#782=LINE('',#11565,#1364);
#783=LINE('',#11600,#1365);
#784=LINE('',#11601,#1366);
#785=LINE('',#11603,#1367);
#786=LINE('',#11605,#1368);
#787=LINE('',#11607,#1369);
#788=LINE('',#11609,#1370);
#789=LINE('',#11612,#1371);
#790=LINE('',#11613,#1372);
#791=LINE('',#11615,#1373);
#792=LINE('',#11617,#1374);
#793=LINE('',#11619,#1375);
#794=LINE('',#11621,#1376);
#795=LINE('',#11625,#1377);
#796=LINE('',#11642,#1378);
#797=LINE('',#11693,#1379);
#798=LINE('',#11707,#1380);
#799=LINE('',#11756,#1381);
#800=LINE('',#11798,#1382);
#801=LINE('',#11800,#1383);
#802=LINE('',#11805,#1384);
#803=VECTOR('',#6537,10.);
#804=VECTOR('',#6538,10.);
#805=VECTOR('',#6539,10.);
#806=VECTOR('',#6540,10.);
#807=VECTOR('',#6547,10.);
#808=VECTOR('',#6550,10.);
#809=VECTOR('',#6551,10.);
#810=VECTOR('',#6552,10.);
#811=VECTOR('',#6559,10.);
#812=VECTOR('',#6562,10.);
#813=VECTOR('',#6563,10.);
#814=VECTOR('',#6564,10.);
#815=VECTOR('',#6571,10.);
#816=VECTOR('',#6574,10.);
#817=VECTOR('',#6575,10.);
#818=VECTOR('',#6576,10.);
#819=VECTOR('',#6585,10.);
#820=VECTOR('',#6586,10.);
#821=VECTOR('',#6587,10.);
#822=VECTOR('',#6588,10.);
#823=VECTOR('',#6591,10.);
#824=VECTOR('',#6592,10.);
#825=VECTOR('',#6593,10.);
#826=VECTOR('',#6594,10.);
#827=VECTOR('',#6597,10.);
#828=VECTOR('',#6598,10.);
#829=VECTOR('',#6599,10.);
#830=VECTOR('',#6606,10.);
#831=VECTOR('',#6607,10.);
#832=VECTOR('',#6608,10.);
#833=VECTOR('',#6611,10.);
#834=VECTOR('',#6612,10.);
#835=VECTOR('',#6613,10.);
#836=VECTOR('',#6620,10.);
#837=VECTOR('',#6621,10.);
#838=VECTOR('',#6622,10.);
#839=VECTOR('',#6625,10.);
#840=VECTOR('',#6626,10.);
#841=VECTOR('',#6627,10.);
#842=VECTOR('',#6630,10.);
#843=VECTOR('',#6631,10.);
#844=VECTOR('',#6632,10.);
#845=VECTOR('',#6635,10.);
#846=VECTOR('',#6636,10.);
#847=VECTOR('',#6641,1.5);
#848=VECTOR('',#6644,1.5);
#849=VECTOR('',#6651,1.5);
#850=VECTOR('',#6654,1.5);
#851=VECTOR('',#6659,10.);
#852=VECTOR('',#6660,10.);
#853=VECTOR('',#6661,10.);
#854=VECTOR('',#6662,10.);
#855=VECTOR('',#6663,10.);
#856=VECTOR('',#6664,10.);
#857=VECTOR('',#6667,10.);
#858=VECTOR('',#6668,10.);
#859=VECTOR('',#6669,10.);
#860=VECTOR('',#6672,10.);
#861=VECTOR('',#6673,10.);
#862=VECTOR('',#6676,10.);
#863=VECTOR('',#6677,10.);
#864=VECTOR('',#6680,10.);
#865=VECTOR('',#6681,10.);
#866=VECTOR('',#6684,10.);
#867=VECTOR('',#6685,10.);
#868=VECTOR('',#6688,10.);
#869=VECTOR('',#6691,10.);
#870=VECTOR('',#6692,10.);
#871=VECTOR('',#6693,10.);
#872=VECTOR('',#6694,10.);
#873=VECTOR('',#6695,10.);
#874=VECTOR('',#6696,10.);
#875=VECTOR('',#6699,10.);
#876=VECTOR('',#6700,10.);
#877=VECTOR('',#6701,10.);
#878=VECTOR('',#6704,10.);
#879=VECTOR('',#6705,10.);
#880=VECTOR('',#6708,10.);
#881=VECTOR('',#6709,10.);
#882=VECTOR('',#6712,10.);
#883=VECTOR('',#6713,10.);
#884=VECTOR('',#6716,10.);
#885=VECTOR('',#6717,10.);
#886=VECTOR('',#6720,10.);
#887=VECTOR('',#6723,10.);
#888=VECTOR('',#6724,10.);
#889=VECTOR('',#6725,10.);
#890=VECTOR('',#6726,10.);
#891=VECTOR('',#6729,10.);
#892=VECTOR('',#6730,10.);
#893=VECTOR('',#6731,10.);
#894=VECTOR('',#6738,10.);
#895=VECTOR('',#6739,10.);
#896=VECTOR('',#6740,10.);
#897=VECTOR('',#6741,10.);
#898=VECTOR('',#6744,10.);
#899=VECTOR('',#6745,10.);
#900=VECTOR('',#6746,10.);
#901=VECTOR('',#6749,10.);
#902=VECTOR('',#6750,10.);
#903=VECTOR('',#6751,10.);
#904=VECTOR('',#6754,10.);
#905=VECTOR('',#6755,10.);
#906=VECTOR('',#6756,10.);
#907=VECTOR('',#6759,10.);
#908=VECTOR('',#6760,10.);
#909=VECTOR('',#6763,10.);
#910=VECTOR('',#6764,10.);
#911=VECTOR('',#6773,1.5);
#912=VECTOR('',#6776,1.5);
#913=VECTOR('',#6783,1.5);
#914=VECTOR('',#6786,1.5);
#915=VECTOR('',#6791,10.);
#916=VECTOR('',#6792,10.);
#917=VECTOR('',#6793,10.);
#918=VECTOR('',#6794,10.);
#919=VECTOR('',#6795,10.);
#920=VECTOR('',#6796,10.);
#921=VECTOR('',#6799,10.);
#922=VECTOR('',#6800,10.);
#923=VECTOR('',#6801,10.);
#924=VECTOR('',#6804,10.);
#925=VECTOR('',#6805,10.);
#926=VECTOR('',#6808,10.);
#927=VECTOR('',#6809,10.);
#928=VECTOR('',#6812,10.);
#929=VECTOR('',#6813,10.);
#930=VECTOR('',#6816,10.);
#931=VECTOR('',#6817,10.);
#932=VECTOR('',#6820,10.);
#933=VECTOR('',#6823,10.);
#934=VECTOR('',#6824,10.);
#935=VECTOR('',#6825,10.);
#936=VECTOR('',#6826,10.);
#937=VECTOR('',#6827,10.);
#938=VECTOR('',#6828,10.);
#939=VECTOR('',#6831,10.);
#940=VECTOR('',#6832,10.);
#941=VECTOR('',#6833,10.);
#942=VECTOR('',#6836,10.);
#943=VECTOR('',#6837,10.);
#944=VECTOR('',#6840,10.);
#945=VECTOR('',#6841,10.);
#946=VECTOR('',#6844,10.);
#947=VECTOR('',#6845,10.);
#948=VECTOR('',#6848,10.);
#949=VECTOR('',#6849,10.);
#950=VECTOR('',#6852,10.);
#951=VECTOR('',#6859,10.);
#952=VECTOR('',#6860,10.);
#953=VECTOR('',#6863,10.);
#954=VECTOR('',#6864,10.);
#955=VECTOR('',#6869,10.);
#956=VECTOR('',#6870,10.);
#957=VECTOR('',#6871,10.);
#958=VECTOR('',#6872,10.);
#959=VECTOR('',#6877,10.);
#960=VECTOR('',#6878,10.);
#961=VECTOR('',#6879,10.);
#962=VECTOR('',#6880,10.);
#963=VECTOR('',#6881,10.);
#964=VECTOR('',#6882,10.);
#965=VECTOR('',#6883,10.);
#966=VECTOR('',#6884,10.);
#967=VECTOR('',#6885,10.);
#968=VECTOR('',#6886,10.);
#969=VECTOR('',#6887,10.);
#970=VECTOR('',#6888,10.);
#971=VECTOR('',#6889,10.);
#972=VECTOR('',#6890,10.);
#973=VECTOR('',#6893,10.);
#974=VECTOR('',#6894,10.);
#975=VECTOR('',#6899,10.);
#976=VECTOR('',#6900,10.);
#977=VECTOR('',#6901,10.);
#978=VECTOR('',#6906,10.);
#979=VECTOR('',#6909,10.);
#980=VECTOR('',#6910,10.);
#981=VECTOR('',#6911,10.);
#982=VECTOR('',#6916,10.);
#983=VECTOR('',#6917,10.);
#984=VECTOR('',#6918,10.);
#985=VECTOR('',#6919,10.);
#986=VECTOR('',#6920,10.);
#987=VECTOR('',#6921,10.);
#988=VECTOR('',#6922,10.);
#989=VECTOR('',#6923,10.);
#990=VECTOR('',#6924,10.);
#991=VECTOR('',#6925,10.);
#992=VECTOR('',#6926,10.);
#993=VECTOR('',#6927,10.);
#994=VECTOR('',#6928,10.);
#995=VECTOR('',#6929,10.);
#996=VECTOR('',#6930,10.);
#997=VECTOR('',#6931,10.);
#998=VECTOR('',#6938,10.);
#999=VECTOR('',#6939,10.);
#1000=VECTOR('',#6940,10.);
#1001=VECTOR('',#6943,10.);
#1002=VECTOR('',#6944,10.);
#1003=VECTOR('',#6947,10.);
#1004=VECTOR('',#6948,10.);
#1005=VECTOR('',#6959,10.);
#1006=VECTOR('',#6960,10.);
#1007=VECTOR('',#6963,10.);
#1008=VECTOR('',#6966,10.);
#1009=VECTOR('',#6967,10.);
#1010=VECTOR('',#6968,10.);
#1011=VECTOR('',#6971,10.);
#1012=VECTOR('',#6972,10.);
#1013=VECTOR('',#6975,10.);
#1014=VECTOR('',#6976,10.);
#1015=VECTOR('',#6979,10.);
#1016=VECTOR('',#6980,10.);
#1017=VECTOR('',#6983,10.);
#1018=VECTOR('',#6984,10.);
#1019=VECTOR('',#6987,10.);
#1020=VECTOR('',#6990,10.);
#1021=VECTOR('',#6991,10.);
#1022=VECTOR('',#6992,10.);
#1023=VECTOR('',#6995,10.);
#1024=VECTOR('',#6996,10.);
#1025=VECTOR('',#6999,10.);
#1026=VECTOR('',#7000,10.);
#1027=VECTOR('',#7003,10.);
#1028=VECTOR('',#7004,10.);
#1029=VECTOR('',#7007,10.);
#1030=VECTOR('',#7008,10.);
#1031=VECTOR('',#7011,10.);
#1032=VECTOR('',#7020,10.);
#1033=VECTOR('',#7023,10.);
#1034=VECTOR('',#7028,10.);
#1035=VECTOR('',#7029,10.);
#1036=VECTOR('',#7032,10.);
#1037=VECTOR('',#7035,10.);
#1038=VECTOR('',#7038,10.);
#1039=VECTOR('',#7049,1.5);
#1040=VECTOR('',#7052,1.5);
#1041=VECTOR('',#7055,10.);
#1042=VECTOR('',#7058,10.);
#1043=VECTOR('',#7061,10.);
#1044=VECTOR('',#7062,10.);
#1045=VECTOR('',#7065,10.);
#1046=VECTOR('',#7066,10.);
#1047=VECTOR('',#7073,10.);
#1048=VECTOR('',#7074,10.);
#1049=VECTOR('',#7075,10.);
#1050=VECTOR('',#7076,10.);
#1051=VECTOR('',#7077,10.);
#1052=VECTOR('',#7078,10.);
#1053=VECTOR('',#7079,10.);
#1054=VECTOR('',#7080,10.);
#1055=VECTOR('',#7081,10.);
#1056=VECTOR('',#7084,10.);
#1057=VECTOR('',#7085,10.);
#1058=VECTOR('',#7086,10.);
#1059=VECTOR('',#7089,10.);
#1060=VECTOR('',#7090,10.);
#1061=VECTOR('',#7093,10.);
#1062=VECTOR('',#7094,10.);
#1063=VECTOR('',#7095,10.);
#1064=VECTOR('',#7096,10.);
#1065=VECTOR('',#7099,10.);
#1066=VECTOR('',#7100,10.);
#1067=VECTOR('',#7101,10.);
#1068=VECTOR('',#7102,10.);
#1069=VECTOR('',#7103,10.);
#1070=VECTOR('',#7104,10.);
#1071=VECTOR('',#7105,10.);
#1072=VECTOR('',#7108,10.);
#1073=VECTOR('',#7109,10.);
#1074=VECTOR('',#7110,10.);
#1075=VECTOR('',#7113,10.);
#1076=VECTOR('',#7114,10.);
#1077=VECTOR('',#7115,10.);
#1078=VECTOR('',#7118,10.);
#1079=VECTOR('',#7119,10.);
#1080=VECTOR('',#7120,10.);
#1081=VECTOR('',#7121,10.);
#1082=VECTOR('',#7122,10.);
#1083=VECTOR('',#7123,10.);
#1084=VECTOR('',#7124,10.);
#1085=VECTOR('',#7125,10.);
#1086=VECTOR('',#7126,10.);
#1087=VECTOR('',#7127,10.);
#1088=VECTOR('',#7130,10.);
#1089=VECTOR('',#7131,10.);
#1090=VECTOR('',#7132,10.);
#1091=VECTOR('',#7135,10.);
#1092=VECTOR('',#7136,10.);
#1093=VECTOR('',#7137,10.);
#1094=VECTOR('',#7140,10.);
#1095=VECTOR('',#7141,10.);
#1096=VECTOR('',#7144,10.);
#1097=VECTOR('',#7145,10.);
#1098=VECTOR('',#7146,10.);
#1099=VECTOR('',#7147,10.);
#1100=VECTOR('',#7148,10.);
#1101=VECTOR('',#7151,10.);
#1102=VECTOR('',#7152,10.);
#1103=VECTOR('',#7153,10.);
#1104=VECTOR('',#7156,10.);
#1105=VECTOR('',#7157,10.);
#1106=VECTOR('',#7158,10.);
#1107=VECTOR('',#7161,10.);
#1108=VECTOR('',#7162,10.);
#1109=VECTOR('',#7163,10.);
#1110=VECTOR('',#7164,10.);
#1111=VECTOR('',#7165,10.);
#1112=VECTOR('',#7166,10.);
#1113=VECTOR('',#7167,10.);
#1114=VECTOR('',#7168,10.);
#1115=VECTOR('',#7171,10.);
#1116=VECTOR('',#7172,10.);
#1117=VECTOR('',#7173,10.);
#1118=VECTOR('',#7178,10.);
#1119=VECTOR('',#7179,10.);
#1120=VECTOR('',#7180,10.);
#1121=VECTOR('',#7181,10.);
#1122=VECTOR('',#7184,10.);
#1123=VECTOR('',#7185,10.);
#1124=VECTOR('',#7186,10.);
#1125=VECTOR('',#7189,10.);
#1126=VECTOR('',#7190,10.);
#1127=VECTOR('',#7191,10.);
#1128=VECTOR('',#7194,10.);
#1129=VECTOR('',#7195,10.);
#1130=VECTOR('',#7198,10.);
#1131=VECTOR('',#7199,10.);
#1132=VECTOR('',#7200,10.);
#1133=VECTOR('',#7201,10.);
#1134=VECTOR('',#7202,10.);
#1135=VECTOR('',#7203,10.);
#1136=VECTOR('',#7204,10.);
#1137=VECTOR('',#7205,10.);
#1138=VECTOR('',#7206,10.);
#1139=VECTOR('',#7207,10.);
#1140=VECTOR('',#7210,10.);
#1141=VECTOR('',#7211,10.);
#1142=VECTOR('',#7212,10.);
#1143=VECTOR('',#7213,10.);
#1144=VECTOR('',#7214,10.);
#1145=VECTOR('',#7215,10.);
#1146=VECTOR('',#7216,10.);
#1147=VECTOR('',#7217,10.);
#1148=VECTOR('',#7218,10.);
#1149=VECTOR('',#7219,10.);
#1150=VECTOR('',#7220,10.);
#1151=VECTOR('',#7221,10.);
#1152=VECTOR('',#7224,10.);
#1153=VECTOR('',#7225,10.);
#1154=VECTOR('',#7226,10.);
#1155=VECTOR('',#7229,10.);
#1156=VECTOR('',#7230,10.);
#1157=VECTOR('',#7231,10.);
#1158=VECTOR('',#7234,10.);
#1159=VECTOR('',#7235,10.);
#1160=VECTOR('',#7240,10.);
#1161=VECTOR('',#7241,10.);
#1162=VECTOR('',#7242,10.);
#1163=VECTOR('',#7243,10.);
#1164=VECTOR('',#7246,10.);
#1165=VECTOR('',#7247,10.);
#1166=VECTOR('',#7248,10.);
#1167=VECTOR('',#7251,10.);
#1168=VECTOR('',#7252,10.);
#1169=VECTOR('',#7253,10.);
#1170=VECTOR('',#7256,10.);
#1171=VECTOR('',#7257,10.);
#1172=VECTOR('',#7258,10.);
#1173=VECTOR('',#7261,10.);
#1174=VECTOR('',#7262,10.);
#1175=VECTOR('',#7263,10.);
#1176=VECTOR('',#7266,10.);
#1177=VECTOR('',#7267,10.);
#1178=VECTOR('',#7268,10.);
#1179=VECTOR('',#7271,10.);
#1180=VECTOR('',#7272,10.);
#1181=VECTOR('',#7273,10.);
#1182=VECTOR('',#7276,10.);
#1183=VECTOR('',#7277,10.);
#1184=VECTOR('',#7278,10.);
#1185=VECTOR('',#7281,10.);
#1186=VECTOR('',#7282,10.);
#1187=VECTOR('',#7283,10.);
#1188=VECTOR('',#7286,10.);
#1189=VECTOR('',#7287,10.);
#1190=VECTOR('',#7288,10.);
#1191=VECTOR('',#7291,10.);
#1192=VECTOR('',#7292,10.);
#1193=VECTOR('',#7293,10.);
#1194=VECTOR('',#7296,10.);
#1195=VECTOR('',#7297,10.);
#1196=VECTOR('',#7300,10.);
#1197=VECTOR('',#7301,10.);
#1198=VECTOR('',#7302,10.);
#1199=VECTOR('',#7303,10.);
#1200=VECTOR('',#7304,10.);
#1201=VECTOR('',#7305,10.);
#1202=VECTOR('',#7306,10.);
#1203=VECTOR('',#7307,10.);
#1204=VECTOR('',#7308,10.);
#1205=VECTOR('',#7309,10.);
#1206=VECTOR('',#7310,10.);
#1207=VECTOR('',#7311,10.);
#1208=VECTOR('',#7312,10.);
#1209=VECTOR('',#7313,10.);
#1210=VECTOR('',#7314,10.);
#1211=VECTOR('',#7315,10.);
#1212=VECTOR('',#7316,10.);
#1213=VECTOR('',#7317,10.);
#1214=VECTOR('',#7318,10.);
#1215=VECTOR('',#7319,10.);
#1216=VECTOR('',#7324,10.);
#1217=VECTOR('',#7325,10.);
#1218=VECTOR('',#7326,10.);
#1219=VECTOR('',#7327,10.);
#1220=VECTOR('',#7328,10.);
#1221=VECTOR('',#7329,10.);
#1222=VECTOR('',#7330,10.);
#1223=VECTOR('',#7331,10.);
#1224=VECTOR('',#7332,10.);
#1225=VECTOR('',#7333,10.);
#1226=VECTOR('',#7334,10.);
#1227=VECTOR('',#7335,10.);
#1228=VECTOR('',#7336,10.);
#1229=VECTOR('',#7337,10.);
#1230=VECTOR('',#7338,10.);
#1231=VECTOR('',#7339,10.);
#1232=VECTOR('',#7342,10.);
#1233=VECTOR('',#7343,10.);
#1234=VECTOR('',#7344,10.);
#1235=VECTOR('',#7345,10.);
#1236=VECTOR('',#7346,10.);
#1237=VECTOR('',#7347,10.);
#1238=VECTOR('',#7348,10.);
#1239=VECTOR('',#7349,10.);
#1240=VECTOR('',#7350,10.);
#1241=VECTOR('',#7351,10.);
#1242=VECTOR('',#7352,10.);
#1243=VECTOR('',#7353,10.);
#1244=VECTOR('',#7354,10.);
#1245=VECTOR('',#7355,10.);
#1246=VECTOR('',#7358,10.);
#1247=VECTOR('',#7359,10.);
#1248=VECTOR('',#7360,10.);
#1249=VECTOR('',#7363,10.);
#1250=VECTOR('',#7364,10.);
#1251=VECTOR('',#7365,10.);
#1252=VECTOR('',#7368,10.);
#1253=VECTOR('',#7369,10.);
#1254=VECTOR('',#7370,10.);
#1255=VECTOR('',#7373,10.);
#1256=VECTOR('',#7374,10.);
#1257=VECTOR('',#7377,10.);
#1258=VECTOR('',#7378,10.);
#1259=VECTOR('',#7379,10.);
#1260=VECTOR('',#7380,10.);
#1261=VECTOR('',#7381,10.);
#1262=VECTOR('',#7382,10.);
#1263=VECTOR('',#7383,10.);
#1264=VECTOR('',#7384,10.);
#1265=VECTOR('',#7385,10.);
#1266=VECTOR('',#7386,10.);
#1267=VECTOR('',#7387,10.);
#1268=VECTOR('',#7388,10.);
#1269=VECTOR('',#7389,10.);
#1270=VECTOR('',#7392,10.);
#1271=VECTOR('',#7393,10.);
#1272=VECTOR('',#7394,10.);
#1273=VECTOR('',#7395,10.);
#1274=VECTOR('',#7396,10.);
#1275=VECTOR('',#7397,10.);
#1276=VECTOR('',#7398,10.);
#1277=VECTOR('',#7399,10.);
#1278=VECTOR('',#7400,10.);
#1279=VECTOR('',#7401,10.);
#1280=VECTOR('',#7404,10.);
#1281=VECTOR('',#7405,10.);
#1282=VECTOR('',#7406,10.);
#1283=VECTOR('',#7407,10.);
#1284=VECTOR('',#7408,10.);
#1285=VECTOR('',#7409,10.);
#1286=VECTOR('',#7410,10.);
#1287=VECTOR('',#7411,10.);
#1288=VECTOR('',#7412,10.);
#1289=VECTOR('',#7413,10.);
#1290=VECTOR('',#7416,10.);
#1291=VECTOR('',#7417,10.);
#1292=VECTOR('',#7418,10.);
#1293=VECTOR('',#7423,10.);
#1294=VECTOR('',#7424,10.);
#1295=VECTOR('',#7425,10.);
#1296=VECTOR('',#7426,10.);
#1297=VECTOR('',#7429,10.);
#1298=VECTOR('',#7430,10.);
#1299=VECTOR('',#7431,10.);
#1300=VECTOR('',#7434,10.);
#1301=VECTOR('',#7435,10.);
#1302=VECTOR('',#7436,10.);
#1303=VECTOR('',#7439,10.);
#1304=VECTOR('',#7440,10.);
#1305=VECTOR('',#7441,10.);
#1306=VECTOR('',#7444,10.);
#1307=VECTOR('',#7445,10.);
#1308=VECTOR('',#7446,10.);
#1309=VECTOR('',#7449,10.);
#1310=VECTOR('',#7450,10.);
#1311=VECTOR('',#7455,10.);
#1312=VECTOR('',#7456,10.);
#1313=VECTOR('',#7457,10.);
#1314=VECTOR('',#7458,10.);
#1315=VECTOR('',#7461,10.);
#1316=VECTOR('',#7462,10.);
#1317=VECTOR('',#7463,10.);
#1318=VECTOR('',#7466,10.);
#1319=VECTOR('',#7467,10.);
#1320=VECTOR('',#7468,10.);
#1321=VECTOR('',#7471,10.);
#1322=VECTOR('',#7472,10.);
#1323=VECTOR('',#7473,10.);
#1324=VECTOR('',#7476,10.);
#1325=VECTOR('',#7477,10.);
#1326=VECTOR('',#7478,10.);
#1327=VECTOR('',#7481,10.);
#1328=VECTOR('',#7482,10.);
#1329=VECTOR('',#7483,10.);
#1330=VECTOR('',#7486,10.);
#1331=VECTOR('',#7487,10.);
#1332=VECTOR('',#7488,10.);
#1333=VECTOR('',#7491,10.);
#1334=VECTOR('',#7492,10.);
#1335=VECTOR('',#7493,10.);
#1336=VECTOR('',#7496,10.);
#1337=VECTOR('',#7497,10.);
#1338=VECTOR('',#7498,10.);
#1339=VECTOR('',#7501,10.);
#1340=VECTOR('',#7502,10.);
#1341=VECTOR('',#7503,10.);
#1342=VECTOR('',#7506,10.);
#1343=VECTOR('',#7507,10.);
#1344=VECTOR('',#7508,10.);
#1345=VECTOR('',#7511,10.);
#1346=VECTOR('',#7512,10.);
#1347=VECTOR('',#7517,10.);
#1348=VECTOR('',#7518,10.);
#1349=VECTOR('',#7525,1.5);
#1350=VECTOR('',#7528,10.);
#1351=VECTOR('',#7529,10.);
#1352=VECTOR('',#7530,10.);
#1353=VECTOR('',#7531,10.);
#1354=VECTOR('',#7532,10.);
#1355=VECTOR('',#7533,10.);
#1356=VECTOR('',#7538,1.5);
#1357=VECTOR('',#7541,10.);
#1358=VECTOR('',#7542,10.);
#1359=VECTOR('',#7543,10.);
#1360=VECTOR('',#7544,10.);
#1361=VECTOR('',#7545,10.);
#1362=VECTOR('',#7546,10.);
#1363=VECTOR('',#7549,10.);
#1364=VECTOR('',#7550,10.);
#1365=VECTOR('',#7561,10.);
#1366=VECTOR('',#7562,10.);
#1367=VECTOR('',#7565,10.);
#1368=VECTOR('',#7568,10.);
#1369=VECTOR('',#7571,10.);
#1370=VECTOR('',#7574,10.);
#1371=VECTOR('',#7579,10.);
#1372=VECTOR('',#7580,10.);
#1373=VECTOR('',#7583,10.);
#1374=VECTOR('',#7586,10.);
#1375=VECTOR('',#7589,10.);
#1376=VECTOR('',#7592,10.);
#1377=VECTOR('',#7599,10.);
#1378=VECTOR('',#7602,38.25);
#1379=VECTOR('',#7605,38.25);
#1380=VECTOR('',#7608,2.29999999999999);
#1381=VECTOR('',#7615,2.3);
#1382=VECTOR('',#7622,10.);
#1383=VECTOR('',#7625,10.);
#1384=VECTOR('',#7630,38.25);
#1385=PLANE('',#6262);
#1386=PLANE('',#6266);
#1387=PLANE('',#6270);
#1388=PLANE('',#6274);
#1389=PLANE('',#6278);
#1390=PLANE('',#6279);
#1391=PLANE('',#6280);
#1392=PLANE('',#6283);
#1393=PLANE('',#6284);
#1394=PLANE('',#6287);
#1395=PLANE('',#6288);
#1396=PLANE('',#6289);
#1397=PLANE('',#6290);
#1398=PLANE('',#6299);
#1399=PLANE('',#6300);
#1400=PLANE('',#6301);
#1401=PLANE('',#6302);
#1402=PLANE('',#6303);
#1403=PLANE('',#6304);
#1404=PLANE('',#6305);
#1405=PLANE('',#6306);
#1406=PLANE('',#6307);
#1407=PLANE('',#6308);
#1408=PLANE('',#6309);
#1409=PLANE('',#6310);
#1410=PLANE('',#6311);
#1411=PLANE('',#6312);
#1412=PLANE('',#6313);
#1413=PLANE('',#6314);
#1414=PLANE('',#6317);
#1415=PLANE('',#6318);
#1416=PLANE('',#6319);
#1417=PLANE('',#6320);
#1418=PLANE('',#6321);
#1419=PLANE('',#6322);
#1420=PLANE('',#6333);
#1421=PLANE('',#6334);
#1422=PLANE('',#6335);
#1423=PLANE('',#6336);
#1424=PLANE('',#6337);
#1425=PLANE('',#6338);
#1426=PLANE('',#6339);
#1427=PLANE('',#6340);
#1428=PLANE('',#6341);
#1429=PLANE('',#6342);
#1430=PLANE('',#6343);
#1431=PLANE('',#6344);
#1432=PLANE('',#6345);
#1433=PLANE('',#6346);
#1434=PLANE('',#6347);
#1435=PLANE('',#6348);
#1436=PLANE('',#6349);
#1437=PLANE('',#6352);
#1438=PLANE('',#6353);
#1439=PLANE('',#6355);
#1440=PLANE('',#6360);
#1441=PLANE('',#6361);
#1442=PLANE('',#6363);
#1443=PLANE('',#6373);
#1444=PLANE('',#6374);
#1445=PLANE('',#6375);
#1446=PLANE('',#6376);
#1447=PLANE('',#6377);
#1448=PLANE('',#6378);
#1449=PLANE('',#6379);
#1450=PLANE('',#6380);
#1451=PLANE('',#6381);
#1452=PLANE('',#6382);
#1453=PLANE('',#6383);
#1454=PLANE('',#6384);
#1455=PLANE('',#6385);
#1456=PLANE('',#6393);
#1457=PLANE('',#6394);
#1458=PLANE('',#6395);
#1459=PLANE('',#6396);
#1460=PLANE('',#6398);
#1461=PLANE('',#6404);
#1462=PLANE('',#6405);
#1463=PLANE('',#6408);
#1464=PLANE('',#6409);
#1465=PLANE('',#6410);
#1466=PLANE('',#6411);
#1467=PLANE('',#6412);
#1468=PLANE('',#6413);
#1469=PLANE('',#6414);
#1470=PLANE('',#6415);
#1471=PLANE('',#6416);
#1472=PLANE('',#6417);
#1473=PLANE('',#6418);
#1474=PLANE('',#6419);
#1475=PLANE('',#6420);
#1476=PLANE('',#6421);
#1477=PLANE('',#6422);
#1478=PLANE('',#6423);
#1479=PLANE('',#6424);
#1480=PLANE('',#6425);
#1481=PLANE('',#6426);
#1482=PLANE('',#6427);
#1483=PLANE('',#6428);
#1484=PLANE('',#6429);
#1485=PLANE('',#6430);
#1486=PLANE('',#6431);
#1487=PLANE('',#6432);
#1488=PLANE('',#6433);
#1489=PLANE('',#6434);
#1490=PLANE('',#6435);
#1491=PLANE('',#6436);
#1492=PLANE('',#6437);
#1493=PLANE('',#6438);
#1494=PLANE('',#6439);
#1495=PLANE('',#6440);
#1496=PLANE('',#6441);
#1497=PLANE('',#6442);
#1498=PLANE('',#6443);
#1499=PLANE('',#6444);
#1500=PLANE('',#6445);
#1501=PLANE('',#6446);
#1502=PLANE('',#6447);
#1503=PLANE('',#6448);
#1504=PLANE('',#6449);
#1505=PLANE('',#6450);
#1506=PLANE('',#6451);
#1507=PLANE('',#6452);
#1508=PLANE('',#6453);
#1509=PLANE('',#6454);
#1510=PLANE('',#6455);
#1511=PLANE('',#6456);
#1512=PLANE('',#6457);
#1513=PLANE('',#6458);
#1514=PLANE('',#6459);
#1515=PLANE('',#6460);
#1516=PLANE('',#6461);
#1517=PLANE('',#6462);
#1518=PLANE('',#6463);
#1519=PLANE('',#6464);
#1520=PLANE('',#6465);
#1521=PLANE('',#6466);
#1522=PLANE('',#6467);
#1523=PLANE('',#6468);
#1524=PLANE('',#6469);
#1525=PLANE('',#6470);
#1526=PLANE('',#6471);
#1527=PLANE('',#6472);
#1528=PLANE('',#6473);
#1529=PLANE('',#6474);
#1530=PLANE('',#6475);
#1531=PLANE('',#6476);
#1532=PLANE('',#6477);
#1533=PLANE('',#6478);
#1534=PLANE('',#6479);
#1535=PLANE('',#6480);
#1536=PLANE('',#6481);
#1537=PLANE('',#6484);
#1538=PLANE('',#6487);
#1539=PLANE('',#6488);
#1540=PLANE('',#6489);
#1541=PLANE('',#6493);
#1542=PLANE('',#6494);
#1543=PLANE('',#6495);
#1544=PLANE('',#6496);
#1545=PLANE('',#6497);
#1546=PLANE('',#6498);
#1547=PLANE('',#6499);
#1548=PLANE('',#6500);
#1549=PLANE('',#6501);
#1550=PLANE('',#6502);
#1551=PLANE('',#6503);
#1552=PLANE('',#6504);
#1553=PLANE('',#6505);
#1554=PLANE('',#6515);
#1555=PLANE('',#6516);
#1556=PLANE('',#6521);
#1557=FACE_OUTER_BOUND('',#1881,.T.);
#1558=FACE_OUTER_BOUND('',#1882,.T.);
#1559=FACE_OUTER_BOUND('',#1883,.T.);
#1560=FACE_OUTER_BOUND('',#1884,.T.);
#1561=FACE_OUTER_BOUND('',#1885,.T.);
#1562=FACE_OUTER_BOUND('',#1886,.T.);
#1563=FACE_OUTER_BOUND('',#1887,.T.);
#1564=FACE_OUTER_BOUND('',#1888,.T.);
#1565=FACE_OUTER_BOUND('',#1889,.T.);
#1566=FACE_OUTER_BOUND('',#1890,.T.);
#1567=FACE_OUTER_BOUND('',#1891,.T.);
#1568=FACE_OUTER_BOUND('',#1892,.T.);
#1569=FACE_OUTER_BOUND('',#1893,.T.);
#1570=FACE_OUTER_BOUND('',#1896,.T.);
#1571=FACE_OUTER_BOUND('',#1897,.T.);
#1572=FACE_OUTER_BOUND('',#1900,.T.);
#1573=FACE_OUTER_BOUND('',#1901,.T.);
#1574=FACE_OUTER_BOUND('',#1902,.T.);
#1575=FACE_OUTER_BOUND('',#1903,.T.);
#1576=FACE_OUTER_BOUND('',#1904,.T.);
#1577=FACE_OUTER_BOUND('',#1905,.T.);
#1578=FACE_OUTER_BOUND('',#1906,.T.);
#1579=FACE_OUTER_BOUND('',#1907,.T.);
#1580=FACE_OUTER_BOUND('',#1908,.T.);
#1581=FACE_OUTER_BOUND('',#1910,.T.);
#1582=FACE_OUTER_BOUND('',#1911,.T.);
#1583=FACE_OUTER_BOUND('',#1912,.T.);
#1584=FACE_OUTER_BOUND('',#1913,.T.);
#1585=FACE_OUTER_BOUND('',#1914,.T.);
#1586=FACE_OUTER_BOUND('',#1915,.T.);
#1587=FACE_OUTER_BOUND('',#1916,.T.);
#1588=FACE_OUTER_BOUND('',#1918,.T.);
#1589=FACE_OUTER_BOUND('',#1919,.T.);
#1590=FACE_OUTER_BOUND('',#1920,.T.);
#1591=FACE_OUTER_BOUND('',#1921,.T.);
#1592=FACE_OUTER_BOUND('',#1922,.T.);
#1593=FACE_OUTER_BOUND('',#1923,.T.);
#1594=FACE_OUTER_BOUND('',#1924,.T.);
#1595=FACE_OUTER_BOUND('',#1925,.T.);
#1596=FACE_OUTER_BOUND('',#1928,.T.);
#1597=FACE_OUTER_BOUND('',#1929,.T.);
#1598=FACE_OUTER_BOUND('',#1930,.T.);
#1599=FACE_OUTER_BOUND('',#1931,.T.);
#1600=FACE_OUTER_BOUND('',#1932,.T.);
#1601=FACE_OUTER_BOUND('',#1933,.T.);
#1602=FACE_OUTER_BOUND('',#1936,.T.);
#1603=FACE_OUTER_BOUND('',#1937,.T.);
#1604=FACE_OUTER_BOUND('',#1938,.T.);
#1605=FACE_OUTER_BOUND('',#1939,.T.);
#1606=FACE_OUTER_BOUND('',#1940,.T.);
#1607=FACE_OUTER_BOUND('',#1942,.T.);
#1608=FACE_OUTER_BOUND('',#1943,.T.);
#1609=FACE_OUTER_BOUND('',#1944,.T.);
#1610=FACE_OUTER_BOUND('',#1945,.T.);
#1611=FACE_OUTER_BOUND('',#1946,.T.);
#1612=FACE_OUTER_BOUND('',#1947,.T.);
#1613=FACE_OUTER_BOUND('',#1948,.T.);
#1614=FACE_OUTER_BOUND('',#1950,.T.);
#1615=FACE_OUTER_BOUND('',#1951,.T.);
#1616=FACE_OUTER_BOUND('',#1952,.T.);
#1617=FACE_OUTER_BOUND('',#1953,.T.);
#1618=FACE_OUTER_BOUND('',#1954,.T.);
#1619=FACE_OUTER_BOUND('',#1955,.T.);
#1620=FACE_OUTER_BOUND('',#1956,.T.);
#1621=FACE_OUTER_BOUND('',#1957,.T.);
#1622=FACE_OUTER_BOUND('',#1958,.T.);
#1623=FACE_OUTER_BOUND('',#1965,.T.);
#1624=FACE_OUTER_BOUND('',#1966,.T.);
#1625=FACE_OUTER_BOUND('',#1969,.T.);
#1626=FACE_OUTER_BOUND('',#1970,.T.);
#1627=FACE_OUTER_BOUND('',#1971,.T.);
#1628=FACE_OUTER_BOUND('',#1974,.T.);
#1629=FACE_OUTER_BOUND('',#1980,.T.);
#1630=FACE_OUTER_BOUND('',#1981,.T.);
#1631=FACE_OUTER_BOUND('',#1982,.T.);
#1632=FACE_OUTER_BOUND('',#1983,.T.);
#1633=FACE_OUTER_BOUND('',#1984,.T.);
#1634=FACE_OUTER_BOUND('',#1985,.T.);
#1635=FACE_OUTER_BOUND('',#1986,.T.);
#1636=FACE_OUTER_BOUND('',#1987,.T.);
#1637=FACE_OUTER_BOUND('',#1988,.T.);
#1638=FACE_OUTER_BOUND('',#1989,.T.);
#1639=FACE_OUTER_BOUND('',#1990,.T.);
#1640=FACE_OUTER_BOUND('',#1991,.T.);
#1641=FACE_OUTER_BOUND('',#1992,.T.);
#1642=FACE_OUTER_BOUND('',#1993,.T.);
#1643=FACE_OUTER_BOUND('',#1994,.T.);
#1644=FACE_OUTER_BOUND('',#1995,.T.);
#1645=FACE_OUTER_BOUND('',#1996,.T.);
#1646=FACE_OUTER_BOUND('',#1997,.T.);
#1647=FACE_OUTER_BOUND('',#1998,.T.);
#1648=FACE_OUTER_BOUND('',#1999,.T.);
#1649=FACE_OUTER_BOUND('',#2000,.T.);
#1650=FACE_OUTER_BOUND('',#2001,.T.);
#1651=FACE_OUTER_BOUND('',#2003,.T.);
#1652=FACE_OUTER_BOUND('',#2005,.T.);
#1653=FACE_OUTER_BOUND('',#2006,.T.);
#1654=FACE_OUTER_BOUND('',#2007,.T.);
#1655=FACE_OUTER_BOUND('',#2008,.T.);
#1656=FACE_OUTER_BOUND('',#2009,.T.);
#1657=FACE_OUTER_BOUND('',#2012,.T.);
#1658=FACE_OUTER_BOUND('',#2013,.T.);
#1659=FACE_OUTER_BOUND('',#2014,.T.);
#1660=FACE_OUTER_BOUND('',#2015,.T.);
#1661=FACE_OUTER_BOUND('',#2016,.T.);
#1662=FACE_OUTER_BOUND('',#2017,.T.);
#1663=FACE_OUTER_BOUND('',#2018,.T.);
#1664=FACE_OUTER_BOUND('',#2019,.T.);
#1665=FACE_OUTER_BOUND('',#2020,.T.);
#1666=FACE_OUTER_BOUND('',#2021,.T.);
#1667=FACE_OUTER_BOUND('',#2022,.T.);
#1668=FACE_OUTER_BOUND('',#2023,.T.);
#1669=FACE_OUTER_BOUND('',#2024,.T.);
#1670=FACE_OUTER_BOUND('',#2025,.T.);
#1671=FACE_OUTER_BOUND('',#2026,.T.);
#1672=FACE_OUTER_BOUND('',#2027,.T.);
#1673=FACE_OUTER_BOUND('',#2028,.T.);
#1674=FACE_OUTER_BOUND('',#2029,.T.);
#1675=FACE_OUTER_BOUND('',#2030,.T.);
#1676=FACE_OUTER_BOUND('',#2031,.T.);
#1677=FACE_OUTER_BOUND('',#2032,.T.);
#1678=FACE_OUTER_BOUND('',#2033,.T.);
#1679=FACE_OUTER_BOUND('',#2034,.T.);
#1680=FACE_OUTER_BOUND('',#2035,.T.);
#1681=FACE_OUTER_BOUND('',#2036,.T.);
#1682=FACE_OUTER_BOUND('',#2037,.T.);
#1683=FACE_OUTER_BOUND('',#2038,.T.);
#1684=FACE_OUTER_BOUND('',#2039,.T.);
#1685=FACE_OUTER_BOUND('',#2041,.T.);
#1686=FACE_OUTER_BOUND('',#2042,.T.);
#1687=FACE_OUTER_BOUND('',#2043,.T.);
#1688=FACE_OUTER_BOUND('',#2044,.T.);
#1689=FACE_OUTER_BOUND('',#2045,.T.);
#1690=FACE_OUTER_BOUND('',#2046,.T.);
#1691=FACE_OUTER_BOUND('',#2047,.T.);
#1692=FACE_OUTER_BOUND('',#2048,.T.);
#1693=FACE_OUTER_BOUND('',#2049,.T.);
#1694=FACE_OUTER_BOUND('',#2050,.T.);
#1695=FACE_OUTER_BOUND('',#2051,.T.);
#1696=FACE_OUTER_BOUND('',#2052,.T.);
#1697=FACE_OUTER_BOUND('',#2053,.T.);
#1698=FACE_OUTER_BOUND('',#2054,.T.);
#1699=FACE_OUTER_BOUND('',#2055,.T.);
#1700=FACE_OUTER_BOUND('',#2056,.T.);
#1701=FACE_OUTER_BOUND('',#2057,.T.);
#1702=FACE_OUTER_BOUND('',#2058,.T.);
#1703=FACE_OUTER_BOUND('',#2059,.T.);
#1704=FACE_OUTER_BOUND('',#2060,.T.);
#1705=FACE_OUTER_BOUND('',#2061,.T.);
#1706=FACE_OUTER_BOUND('',#2062,.T.);
#1707=FACE_OUTER_BOUND('',#2063,.T.);
#1708=FACE_OUTER_BOUND('',#2064,.T.);
#1709=FACE_OUTER_BOUND('',#2065,.T.);
#1710=FACE_OUTER_BOUND('',#2066,.T.);
#1711=FACE_OUTER_BOUND('',#2067,.T.);
#1712=FACE_OUTER_BOUND('',#2068,.T.);
#1713=FACE_OUTER_BOUND('',#2069,.T.);
#1714=FACE_OUTER_BOUND('',#2070,.T.);
#1715=FACE_OUTER_BOUND('',#2071,.T.);
#1716=FACE_OUTER_BOUND('',#2072,.T.);
#1717=FACE_OUTER_BOUND('',#2073,.T.);
#1718=FACE_OUTER_BOUND('',#2074,.T.);
#1719=FACE_OUTER_BOUND('',#2075,.T.);
#1720=FACE_OUTER_BOUND('',#2076,.T.);
#1721=FACE_OUTER_BOUND('',#2077,.T.);
#1722=FACE_OUTER_BOUND('',#2078,.T.);
#1723=FACE_OUTER_BOUND('',#2079,.T.);
#1724=FACE_OUTER_BOUND('',#2080,.T.);
#1725=FACE_OUTER_BOUND('',#2081,.T.);
#1726=FACE_OUTER_BOUND('',#2082,.T.);
#1727=FACE_OUTER_BOUND('',#2083,.T.);
#1728=FACE_OUTER_BOUND('',#2084,.T.);
#1729=FACE_OUTER_BOUND('',#2085,.T.);
#1730=FACE_OUTER_BOUND('',#2086,.T.);
#1731=FACE_OUTER_BOUND('',#2087,.T.);
#1732=FACE_OUTER_BOUND('',#2088,.T.);
#1733=FACE_OUTER_BOUND('',#2089,.T.);
#1734=FACE_OUTER_BOUND('',#2090,.T.);
#1735=FACE_OUTER_BOUND('',#2091,.T.);
#1736=FACE_OUTER_BOUND('',#2092,.T.);
#1737=FACE_OUTER_BOUND('',#2093,.T.);
#1738=FACE_OUTER_BOUND('',#2094,.T.);
#1739=FACE_OUTER_BOUND('',#2095,.T.);
#1740=FACE_OUTER_BOUND('',#2096,.T.);
#1741=FACE_OUTER_BOUND('',#2097,.T.);
#1742=FACE_OUTER_BOUND('',#2098,.T.);
#1743=FACE_OUTER_BOUND('',#2099,.T.);
#1744=FACE_OUTER_BOUND('',#2100,.T.);
#1745=FACE_OUTER_BOUND('',#2101,.T.);
#1746=FACE_OUTER_BOUND('',#2102,.T.);
#1747=FACE_OUTER_BOUND('',#2103,.T.);
#1748=FACE_OUTER_BOUND('',#2104,.T.);
#1749=FACE_OUTER_BOUND('',#2105,.T.);
#1750=FACE_OUTER_BOUND('',#2106,.T.);
#1751=FACE_OUTER_BOUND('',#2107,.T.);
#1752=FACE_OUTER_BOUND('',#2108,.T.);
#1753=FACE_OUTER_BOUND('',#2109,.T.);
#1754=FACE_OUTER_BOUND('',#2110,.T.);
#1755=FACE_OUTER_BOUND('',#2111,.T.);
#1756=FACE_OUTER_BOUND('',#2112,.T.);
#1757=FACE_OUTER_BOUND('',#2113,.T.);
#1758=FACE_OUTER_BOUND('',#2114,.T.);
#1759=FACE_OUTER_BOUND('',#2115,.T.);
#1760=FACE_OUTER_BOUND('',#2116,.T.);
#1761=FACE_OUTER_BOUND('',#2117,.T.);
#1762=FACE_OUTER_BOUND('',#2119,.T.);
#1763=FACE_OUTER_BOUND('',#2120,.T.);
#1764=FACE_OUTER_BOUND('',#2121,.T.);
#1765=FACE_OUTER_BOUND('',#2122,.T.);
#1766=FACE_OUTER_BOUND('',#2123,.T.);
#1767=FACE_OUTER_BOUND('',#2124,.T.);
#1768=FACE_OUTER_BOUND('',#2125,.T.);
#1769=FACE_OUTER_BOUND('',#2126,.T.);
#1770=FACE_OUTER_BOUND('',#2127,.T.);
#1771=FACE_OUTER_BOUND('',#2128,.T.);
#1772=FACE_OUTER_BOUND('',#2129,.T.);
#1773=FACE_OUTER_BOUND('',#2130,.T.);
#1774=FACE_OUTER_BOUND('',#2131,.T.);
#1775=FACE_OUTER_BOUND('',#2132,.T.);
#1776=FACE_OUTER_BOUND('',#2133,.T.);
#1777=FACE_OUTER_BOUND('',#2134,.T.);
#1778=FACE_OUTER_BOUND('',#2135,.T.);
#1779=FACE_OUTER_BOUND('',#2136,.T.);
#1780=FACE_OUTER_BOUND('',#2137,.T.);
#1781=FACE_OUTER_BOUND('',#2138,.T.);
#1782=FACE_OUTER_BOUND('',#2139,.T.);
#1783=FACE_OUTER_BOUND('',#2140,.T.);
#1784=FACE_OUTER_BOUND('',#2141,.T.);
#1785=FACE_OUTER_BOUND('',#2142,.T.);
#1786=FACE_OUTER_BOUND('',#2143,.T.);
#1787=FACE_OUTER_BOUND('',#2144,.T.);
#1788=FACE_OUTER_BOUND('',#2145,.T.);
#1789=FACE_OUTER_BOUND('',#2146,.T.);
#1790=FACE_OUTER_BOUND('',#2147,.T.);
#1791=FACE_OUTER_BOUND('',#2148,.T.);
#1792=FACE_OUTER_BOUND('',#2149,.T.);
#1793=FACE_OUTER_BOUND('',#2150,.T.);
#1794=FACE_OUTER_BOUND('',#2151,.T.);
#1795=FACE_OUTER_BOUND('',#2152,.T.);
#1796=FACE_OUTER_BOUND('',#2153,.T.);
#1797=FACE_OUTER_BOUND('',#2154,.T.);
#1798=FACE_OUTER_BOUND('',#2155,.T.);
#1799=FACE_OUTER_BOUND('',#2156,.T.);
#1800=FACE_OUTER_BOUND('',#2157,.T.);
#1801=FACE_OUTER_BOUND('',#2158,.T.);
#1802=FACE_OUTER_BOUND('',#2159,.T.);
#1803=FACE_OUTER_BOUND('',#2160,.T.);
#1804=FACE_OUTER_BOUND('',#2161,.T.);
#1805=FACE_OUTER_BOUND('',#2162,.T.);
#1806=FACE_OUTER_BOUND('',#2163,.T.);
#1807=FACE_OUTER_BOUND('',#2164,.T.);
#1808=FACE_OUTER_BOUND('',#2165,.T.);
#1809=FACE_OUTER_BOUND('',#2166,.T.);
#1810=FACE_OUTER_BOUND('',#2167,.T.);
#1811=FACE_OUTER_BOUND('',#2168,.T.);
#1812=FACE_OUTER_BOUND('',#2169,.T.);
#1813=FACE_OUTER_BOUND('',#2170,.T.);
#1814=FACE_OUTER_BOUND('',#2171,.T.);
#1815=FACE_OUTER_BOUND('',#2172,.T.);
#1816=FACE_OUTER_BOUND('',#2173,.T.);
#1817=FACE_OUTER_BOUND('',#2174,.T.);
#1818=FACE_OUTER_BOUND('',#2175,.T.);
#1819=FACE_OUTER_BOUND('',#2176,.T.);
#1820=FACE_OUTER_BOUND('',#2177,.T.);
#1821=FACE_OUTER_BOUND('',#2178,.T.);
#1822=FACE_OUTER_BOUND('',#2179,.T.);
#1823=FACE_OUTER_BOUND('',#2180,.T.);
#1824=FACE_OUTER_BOUND('',#2181,.T.);
#1825=FACE_OUTER_BOUND('',#2182,.T.);
#1826=FACE_OUTER_BOUND('',#2183,.T.);
#1827=FACE_OUTER_BOUND('',#2184,.T.);
#1828=FACE_OUTER_BOUND('',#2185,.T.);
#1829=FACE_OUTER_BOUND('',#2186,.T.);
#1830=FACE_OUTER_BOUND('',#2187,.T.);
#1831=FACE_OUTER_BOUND('',#2188,.T.);
#1832=FACE_OUTER_BOUND('',#2189,.T.);
#1833=FACE_OUTER_BOUND('',#2190,.T.);
#1834=FACE_OUTER_BOUND('',#2191,.T.);
#1835=FACE_OUTER_BOUND('',#2192,.T.);
#1836=FACE_OUTER_BOUND('',#2193,.T.);
#1837=FACE_OUTER_BOUND('',#2194,.T.);
#1838=FACE_OUTER_BOUND('',#2195,.T.);
#1839=FACE_OUTER_BOUND('',#2196,.T.);
#1840=FACE_OUTER_BOUND('',#2197,.T.);
#1841=FACE_OUTER_BOUND('',#2198,.T.);
#1842=FACE_OUTER_BOUND('',#2199,.T.);
#1843=FACE_OUTER_BOUND('',#2200,.T.);
#1844=FACE_OUTER_BOUND('',#2211,.T.);
#1845=FACE_OUTER_BOUND('',#2212,.T.);
#1846=FACE_OUTER_BOUND('',#2213,.T.);
#1847=FACE_OUTER_BOUND('',#2215,.T.);
#1848=FACE_OUTER_BOUND('',#2216,.T.);
#1849=FACE_OUTER_BOUND('',#2218,.T.);
#1850=FACE_OUTER_BOUND('',#2219,.T.);
#1851=FACE_OUTER_BOUND('',#2220,.T.);
#1852=FACE_OUTER_BOUND('',#2221,.T.);
#1853=FACE_OUTER_BOUND('',#2222,.T.);
#1854=FACE_OUTER_BOUND('',#2223,.T.);
#1855=FACE_OUTER_BOUND('',#2224,.T.);
#1856=FACE_OUTER_BOUND('',#2225,.T.);
#1857=FACE_OUTER_BOUND('',#2226,.T.);
#1858=FACE_OUTER_BOUND('',#2227,.T.);
#1859=FACE_OUTER_BOUND('',#2228,.T.);
#1860=FACE_OUTER_BOUND('',#2229,.T.);
#1861=FACE_OUTER_BOUND('',#2230,.T.);
#1862=FACE_OUTER_BOUND('',#2231,.T.);
#1863=FACE_OUTER_BOUND('',#2232,.T.);
#1864=FACE_OUTER_BOUND('',#2233,.T.);
#1865=FACE_OUTER_BOUND('',#2234,.T.);
#1866=FACE_OUTER_BOUND('',#2235,.T.);
#1867=FACE_OUTER_BOUND('',#2236,.T.);
#1868=FACE_OUTER_BOUND('',#2238,.T.);
#1869=FACE_OUTER_BOUND('',#2239,.T.);
#1870=FACE_OUTER_BOUND('',#2240,.T.);
#1871=FACE_OUTER_BOUND('',#2241,.T.);
#1872=FACE_OUTER_BOUND('',#2242,.T.);
#1873=FACE_OUTER_BOUND('',#2243,.T.);
#1874=FACE_OUTER_BOUND('',#2244,.T.);
#1875=FACE_OUTER_BOUND('',#2245,.T.);
#1876=FACE_OUTER_BOUND('',#2247,.T.);
#1877=FACE_OUTER_BOUND('',#2254,.T.);
#1878=FACE_OUTER_BOUND('',#2255,.T.);
#1879=FACE_OUTER_BOUND('',#2256,.T.);
#1880=FACE_OUTER_BOUND('',#2257,.T.);
#1881=EDGE_LOOP('',(#4097,#4098,#4099,#4100,#4101,#4102,#4103,#4104,#4105,
#4106,#4107,#4108));
#1882=EDGE_LOOP('',(#4109,#4110,#4111,#4112,#4113,#4114,#4115,#4116,#4117,
#4118,#4119,#4120));
#1883=EDGE_LOOP('',(#4121,#4122,#4123,#4124));
#1884=EDGE_LOOP('',(#4125,#4126,#4127,#4128));
#1885=EDGE_LOOP('',(#4129,#4130,#4131,#4132));
#1886=EDGE_LOOP('',(#4133,#4134,#4135,#4136));
#1887=EDGE_LOOP('',(#4137,#4138,#4139,#4140));
#1888=EDGE_LOOP('',(#4141,#4142,#4143,#4144));
#1889=EDGE_LOOP('',(#4145,#4146,#4147,#4148));
#1890=EDGE_LOOP('',(#4149,#4150,#4151,#4152));
#1891=EDGE_LOOP('',(#4153,#4154,#4155,#4156));
#1892=EDGE_LOOP('',(#4157,#4158,#4159,#4160));
#1893=EDGE_LOOP('',(#4161,#4162,#4163,#4164));
#1894=EDGE_LOOP('',(#4165));
#1895=EDGE_LOOP('',(#4166));
#1896=EDGE_LOOP('',(#4167,#4168,#4169,#4170));
#1897=EDGE_LOOP('',(#4171,#4172,#4173,#4174));
#1898=EDGE_LOOP('',(#4175));
#1899=EDGE_LOOP('',(#4176));
#1900=EDGE_LOOP('',(#4177,#4178,#4179,#4180));
#1901=EDGE_LOOP('',(#4181,#4182,#4183,#4184));
#1902=EDGE_LOOP('',(#4185,#4186,#4187,#4188));
#1903=EDGE_LOOP('',(#4189,#4190,#4191,#4192));
#1904=EDGE_LOOP('',(#4193,#4194,#4195,#4196));
#1905=EDGE_LOOP('',(#4197,#4198,#4199,#4200));
#1906=EDGE_LOOP('',(#4201,#4202,#4203,#4204));
#1907=EDGE_LOOP('',(#4205,#4206,#4207,#4208));
#1908=EDGE_LOOP('',(#4209,#4210,#4211,#4212,#4213,#4214));
#1909=EDGE_LOOP('',(#4215));
#1910=EDGE_LOOP('',(#4216,#4217,#4218,#4219));
#1911=EDGE_LOOP('',(#4220,#4221,#4222,#4223));
#1912=EDGE_LOOP('',(#4224,#4225,#4226,#4227));
#1913=EDGE_LOOP('',(#4228,#4229,#4230,#4231));
#1914=EDGE_LOOP('',(#4232,#4233,#4234,#4235));
#1915=EDGE_LOOP('',(#4236,#4237,#4238,#4239));
#1916=EDGE_LOOP('',(#4240,#4241,#4242,#4243,#4244,#4245));
#1917=EDGE_LOOP('',(#4246));
#1918=EDGE_LOOP('',(#4247,#4248,#4249,#4250));
#1919=EDGE_LOOP('',(#4251,#4252,#4253,#4254));
#1920=EDGE_LOOP('',(#4255,#4256,#4257,#4258));
#1921=EDGE_LOOP('',(#4259,#4260,#4261,#4262));
#1922=EDGE_LOOP('',(#4263,#4264,#4265,#4266));
#1923=EDGE_LOOP('',(#4267,#4268,#4269,#4270));
#1924=EDGE_LOOP('',(#4271,#4272,#4273,#4274));
#1925=EDGE_LOOP('',(#4275,#4276,#4277,#4278));
#1926=EDGE_LOOP('',(#4279));
#1927=EDGE_LOOP('',(#4280));
#1928=EDGE_LOOP('',(#4281,#4282,#4283,#4284));
#1929=EDGE_LOOP('',(#4285,#4286,#4287,#4288));
#1930=EDGE_LOOP('',(#4289,#4290,#4291,#4292));
#1931=EDGE_LOOP('',(#4293,#4294,#4295,#4296));
#1932=EDGE_LOOP('',(#4297,#4298,#4299,#4300));
#1933=EDGE_LOOP('',(#4301,#4302,#4303,#4304));
#1934=EDGE_LOOP('',(#4305));
#1935=EDGE_LOOP('',(#4306));
#1936=EDGE_LOOP('',(#4307,#4308,#4309,#4310));
#1937=EDGE_LOOP('',(#4311,#4312,#4313,#4314));
#1938=EDGE_LOOP('',(#4315,#4316,#4317,#4318));
#1939=EDGE_LOOP('',(#4319,#4320,#4321,#4322));
#1940=EDGE_LOOP('',(#4323,#4324,#4325,#4326,#4327,#4328));
#1941=EDGE_LOOP('',(#4329));
#1942=EDGE_LOOP('',(#4330,#4331,#4332,#4333));
#1943=EDGE_LOOP('',(#4334,#4335,#4336,#4337));
#1944=EDGE_LOOP('',(#4338,#4339,#4340,#4341));
#1945=EDGE_LOOP('',(#4342,#4343,#4344,#4345));
#1946=EDGE_LOOP('',(#4346,#4347,#4348,#4349));
#1947=EDGE_LOOP('',(#4350,#4351,#4352,#4353));
#1948=EDGE_LOOP('',(#4354,#4355,#4356,#4357,#4358,#4359));
#1949=EDGE_LOOP('',(#4360));
#1950=EDGE_LOOP('',(#4361,#4362,#4363,#4364));
#1951=EDGE_LOOP('',(#4365,#4366,#4367,#4368));
#1952=EDGE_LOOP('',(#4369,#4370,#4371,#4372));
#1953=EDGE_LOOP('',(#4373,#4374,#4375,#4376));
#1954=EDGE_LOOP('',(#4377,#4378,#4379,#4380));
#1955=EDGE_LOOP('',(#4381,#4382,#4383,#4384));
#1956=EDGE_LOOP('',(#4385,#4386,#4387,#4388,#4389,#4390,#4391,#4392));
#1957=EDGE_LOOP('',(#4393,#4394,#4395,#4396,#4397,#4398,#4399,#4400));
#1958=EDGE_LOOP('',(#4401,#4402,#4403,#4404,#4405,#4406));
#1959=EDGE_LOOP('',(#4407,#4408,#4409,#4410,#4411,#4412,#4413,#4414));
#1960=EDGE_LOOP('',(#4415));
#1961=EDGE_LOOP('',(#4416));
#1962=EDGE_LOOP('',(#4417));
#1963=EDGE_LOOP('',(#4418));
#1964=EDGE_LOOP('',(#4419));
#1965=EDGE_LOOP('',(#4420,#4421,#4422,#4423));
#1966=EDGE_LOOP('',(#4424,#4425,#4426,#4427));
#1967=EDGE_LOOP('',(#4428,#4429,#4430,#4431,#4432,#4433));
#1968=EDGE_LOOP('',(#4434,#4435,#4436,#4437,#4438,#4439));
#1969=EDGE_LOOP('',(#4440,#4441,#4442,#4443,#4444,#4445,#4446,#4447,#4448,
#4449));
#1970=EDGE_LOOP('',(#4450,#4451,#4452,#4453));
#1971=EDGE_LOOP('',(#4454,#4455,#4456,#4457,#4458,#4459));
#1972=EDGE_LOOP('',(#4460,#4461,#4462,#4463,#4464,#4465));
#1973=EDGE_LOOP('',(#4466,#4467,#4468,#4469,#4470,#4471));
#1974=EDGE_LOOP('',(#4472,#4473,#4474,#4475,#4476,#4477));
#1975=EDGE_LOOP('',(#4478,#4479,#4480,#4481,#4482,#4483));
#1976=EDGE_LOOP('',(#4484));
#1977=EDGE_LOOP('',(#4485));
#1978=EDGE_LOOP('',(#4486));
#1979=EDGE_LOOP('',(#4487));
#1980=EDGE_LOOP('',(#4488,#4489,#4490,#4491));
#1981=EDGE_LOOP('',(#4492,#4493,#4494,#4495));
#1982=EDGE_LOOP('',(#4496,#4497,#4498,#4499));
#1983=EDGE_LOOP('',(#4500,#4501,#4502,#4503));
#1984=EDGE_LOOP('',(#4504,#4505,#4506,#4507));
#1985=EDGE_LOOP('',(#4508,#4509,#4510,#4511));
#1986=EDGE_LOOP('',(#4512,#4513,#4514,#4515));
#1987=EDGE_LOOP('',(#4516,#4517,#4518,#4519));
#1988=EDGE_LOOP('',(#4520,#4521,#4522,#4523));
#1989=EDGE_LOOP('',(#4524,#4525,#4526,#4527));
#1990=EDGE_LOOP('',(#4528,#4529,#4530,#4531));
#1991=EDGE_LOOP('',(#4532,#4533,#4534,#4535));
#1992=EDGE_LOOP('',(#4536,#4537,#4538,#4539));
#1993=EDGE_LOOP('',(#4540,#4541,#4542,#4543));
#1994=EDGE_LOOP('',(#4544,#4545,#4546,#4547));
#1995=EDGE_LOOP('',(#4548,#4549,#4550,#4551));
#1996=EDGE_LOOP('',(#4552,#4553,#4554,#4555));
#1997=EDGE_LOOP('',(#4556,#4557,#4558,#4559));
#1998=EDGE_LOOP('',(#4560,#4561,#4562,#4563));
#1999=EDGE_LOOP('',(#4564,#4565,#4566,#4567));
#2000=EDGE_LOOP('',(#4568,#4569,#4570,#4571,#4572,#4573,#4574,#4575));
#2001=EDGE_LOOP('',(#4576,#4577,#4578,#4579,#4580,#4581));
#2002=EDGE_LOOP('',(#4582));
#2003=EDGE_LOOP('',(#4583,#4584,#4585,#4586,#4587,#4588));
#2004=EDGE_LOOP('',(#4589));
#2005=EDGE_LOOP('',(#4590,#4591,#4592,#4593));
#2006=EDGE_LOOP('',(#4594,#4595,#4596,#4597));
#2007=EDGE_LOOP('',(#4598,#4599,#4600,#4601));
#2008=EDGE_LOOP('',(#4602,#4603,#4604,#4605));
#2009=EDGE_LOOP('',(#4606,#4607,#4608,#4609));
#2010=EDGE_LOOP('',(#4610));
#2011=EDGE_LOOP('',(#4611));
#2012=EDGE_LOOP('',(#4612,#4613,#4614,#4615));
#2013=EDGE_LOOP('',(#4616,#4617,#4618,#4619));
#2014=EDGE_LOOP('',(#4620,#4621,#4622,#4623));
#2015=EDGE_LOOP('',(#4624,#4625,#4626,#4627));
#2016=EDGE_LOOP('',(#4628,#4629,#4630,#4631));
#2017=EDGE_LOOP('',(#4632,#4633,#4634,#4635));
#2018=EDGE_LOOP('',(#4636,#4637,#4638,#4639));
#2019=EDGE_LOOP('',(#4640,#4641,#4642,#4643));
#2020=EDGE_LOOP('',(#4644,#4645,#4646,#4647));
#2021=EDGE_LOOP('',(#4648,#4649,#4650,#4651));
#2022=EDGE_LOOP('',(#4652,#4653,#4654,#4655));
#2023=EDGE_LOOP('',(#4656,#4657,#4658,#4659));
#2024=EDGE_LOOP('',(#4660,#4661,#4662,#4663));
#2025=EDGE_LOOP('',(#4664,#4665,#4666,#4667));
#2026=EDGE_LOOP('',(#4668,#4669,#4670,#4671));
#2027=EDGE_LOOP('',(#4672,#4673,#4674,#4675));
#2028=EDGE_LOOP('',(#4676,#4677,#4678,#4679));
#2029=EDGE_LOOP('',(#4680,#4681,#4682,#4683));
#2030=EDGE_LOOP('',(#4684,#4685,#4686,#4687));
#2031=EDGE_LOOP('',(#4688,#4689,#4690,#4691));
#2032=EDGE_LOOP('',(#4692,#4693,#4694,#4695));
#2033=EDGE_LOOP('',(#4696,#4697,#4698,#4699));
#2034=EDGE_LOOP('',(#4700,#4701,#4702,#4703));
#2035=EDGE_LOOP('',(#4704,#4705,#4706,#4707));
#2036=EDGE_LOOP('',(#4708,#4709,#4710,#4711));
#2037=EDGE_LOOP('',(#4712,#4713,#4714,#4715));
#2038=EDGE_LOOP('',(#4716,#4717,#4718,#4719));
#2039=EDGE_LOOP('',(#4720,#4721,#4722,#4723,#4724,#4725,#4726,#4727,#4728,
#4729,#4730,#4731,#4732,#4733,#4734,#4735,#4736,#4737,#4738));
#2040=EDGE_LOOP('',(#4739,#4740,#4741,#4742,#4743,#4744,#4745,#4746));
#2041=EDGE_LOOP('',(#4747,#4748,#4749,#4750));
#2042=EDGE_LOOP('',(#4751,#4752,#4753,#4754));
#2043=EDGE_LOOP('',(#4755,#4756,#4757,#4758));
#2044=EDGE_LOOP('',(#4759,#4760,#4761,#4762));
#2045=EDGE_LOOP('',(#4763,#4764,#4765,#4766));
#2046=EDGE_LOOP('',(#4767,#4768,#4769,#4770));
#2047=EDGE_LOOP('',(#4771,#4772,#4773,#4774));
#2048=EDGE_LOOP('',(#4775,#4776,#4777,#4778));
#2049=EDGE_LOOP('',(#4779,#4780,#4781,#4782));
#2050=EDGE_LOOP('',(#4783,#4784,#4785,#4786));
#2051=EDGE_LOOP('',(#4787,#4788,#4789,#4790));
#2052=EDGE_LOOP('',(#4791,#4792,#4793,#4794));
#2053=EDGE_LOOP('',(#4795,#4796,#4797,#4798));
#2054=EDGE_LOOP('',(#4799,#4800,#4801,#4802));
#2055=EDGE_LOOP('',(#4803,#4804,#4805,#4806,#4807,#4808,#4809,#4810,#4811,
#4812,#4813,#4814,#4815,#4816));
#2056=EDGE_LOOP('',(#4817,#4818,#4819,#4820));
#2057=EDGE_LOOP('',(#4821,#4822,#4823,#4824));
#2058=EDGE_LOOP('',(#4825,#4826,#4827,#4828));
#2059=EDGE_LOOP('',(#4829,#4830,#4831,#4832));
#2060=EDGE_LOOP('',(#4833,#4834,#4835,#4836));
#2061=EDGE_LOOP('',(#4837,#4838,#4839,#4840));
#2062=EDGE_LOOP('',(#4841,#4842,#4843,#4844));
#2063=EDGE_LOOP('',(#4845,#4846,#4847,#4848));
#2064=EDGE_LOOP('',(#4849,#4850,#4851,#4852));
#2065=EDGE_LOOP('',(#4853,#4854,#4855,#4856));
#2066=EDGE_LOOP('',(#4857,#4858,#4859,#4860));
#2067=EDGE_LOOP('',(#4861,#4862,#4863,#4864));
#2068=EDGE_LOOP('',(#4865,#4866,#4867,#4868));
#2069=EDGE_LOOP('',(#4869,#4870,#4871,#4872));
#2070=EDGE_LOOP('',(#4873,#4874,#4875,#4876));
#2071=EDGE_LOOP('',(#4877,#4878,#4879,#4880));
#2072=EDGE_LOOP('',(#4881,#4882,#4883,#4884));
#2073=EDGE_LOOP('',(#4885,#4886,#4887,#4888));
#2074=EDGE_LOOP('',(#4889,#4890,#4891,#4892));
#2075=EDGE_LOOP('',(#4893,#4894,#4895,#4896));
#2076=EDGE_LOOP('',(#4897,#4898,#4899,#4900));
#2077=EDGE_LOOP('',(#4901,#4902,#4903,#4904));
#2078=EDGE_LOOP('',(#4905,#4906,#4907,#4908));
#2079=EDGE_LOOP('',(#4909,#4910,#4911,#4912));
#2080=EDGE_LOOP('',(#4913,#4914,#4915,#4916));
#2081=EDGE_LOOP('',(#4917,#4918,#4919,#4920));
#2082=EDGE_LOOP('',(#4921,#4922,#4923,#4924));
#2083=EDGE_LOOP('',(#4925,#4926,#4927,#4928,#4929,#4930,#4931,#4932,#4933,
#4934,#4935,#4936,#4937,#4938,#4939,#4940,#4941,#4942,#4943,#4944,#4945,
#4946));
#2084=EDGE_LOOP('',(#4947,#4948,#4949,#4950));
#2085=EDGE_LOOP('',(#4951,#4952,#4953,#4954));
#2086=EDGE_LOOP('',(#4955,#4956,#4957,#4958));
#2087=EDGE_LOOP('',(#4959,#4960,#4961,#4962));
#2088=EDGE_LOOP('',(#4963,#4964,#4965,#4966));
#2089=EDGE_LOOP('',(#4967,#4968,#4969,#4970));
#2090=EDGE_LOOP('',(#4971,#4972,#4973,#4974));
#2091=EDGE_LOOP('',(#4975,#4976,#4977,#4978));
#2092=EDGE_LOOP('',(#4979,#4980,#4981,#4982));
#2093=EDGE_LOOP('',(#4983,#4984,#4985,#4986));
#2094=EDGE_LOOP('',(#4987,#4988,#4989,#4990));
#2095=EDGE_LOOP('',(#4991,#4992,#4993,#4994));
#2096=EDGE_LOOP('',(#4995,#4996,#4997,#4998,#4999,#5000,#5001,#5002,#5003,
#5004,#5005,#5006));
#2097=EDGE_LOOP('',(#5007,#5008,#5009,#5010));
#2098=EDGE_LOOP('',(#5011,#5012,#5013,#5014));
#2099=EDGE_LOOP('',(#5015,#5016,#5017,#5018));
#2100=EDGE_LOOP('',(#5019,#5020,#5021,#5022));
#2101=EDGE_LOOP('',(#5023,#5024,#5025,#5026));
#2102=EDGE_LOOP('',(#5027,#5028,#5029,#5030));
#2103=EDGE_LOOP('',(#5031,#5032,#5033,#5034));
#2104=EDGE_LOOP('',(#5035,#5036,#5037,#5038));
#2105=EDGE_LOOP('',(#5039,#5040,#5041,#5042));
#2106=EDGE_LOOP('',(#5043,#5044,#5045,#5046));
#2107=EDGE_LOOP('',(#5047,#5048,#5049,#5050));
#2108=EDGE_LOOP('',(#5051,#5052,#5053,#5054));
#2109=EDGE_LOOP('',(#5055,#5056,#5057,#5058));
#2110=EDGE_LOOP('',(#5059,#5060,#5061,#5062));
#2111=EDGE_LOOP('',(#5063,#5064,#5065,#5066));
#2112=EDGE_LOOP('',(#5067,#5068,#5069,#5070));
#2113=EDGE_LOOP('',(#5071,#5072,#5073,#5074));
#2114=EDGE_LOOP('',(#5075,#5076,#5077,#5078));
#2115=EDGE_LOOP('',(#5079,#5080,#5081,#5082));
#2116=EDGE_LOOP('',(#5083,#5084,#5085,#5086));
#2117=EDGE_LOOP('',(#5087,#5088,#5089,#5090,#5091,#5092,#5093,#5094,#5095,
#5096,#5097,#5098));
#2118=EDGE_LOOP('',(#5099,#5100,#5101,#5102,#5103,#5104,#5105,#5106));
#2119=EDGE_LOOP('',(#5107,#5108,#5109,#5110));
#2120=EDGE_LOOP('',(#5111,#5112,#5113,#5114));
#2121=EDGE_LOOP('',(#5115,#5116,#5117,#5118));
#2122=EDGE_LOOP('',(#5119,#5120,#5121,#5122));
#2123=EDGE_LOOP('',(#5123,#5124,#5125,#5126));
#2124=EDGE_LOOP('',(#5127,#5128,#5129,#5130));
#2125=EDGE_LOOP('',(#5131,#5132,#5133,#5134));
#2126=EDGE_LOOP('',(#5135,#5136,#5137,#5138));
#2127=EDGE_LOOP('',(#5139,#5140,#5141,#5142));
#2128=EDGE_LOOP('',(#5143,#5144,#5145,#5146));
#2129=EDGE_LOOP('',(#5147,#5148,#5149,#5150));
#2130=EDGE_LOOP('',(#5151,#5152,#5153,#5154));
#2131=EDGE_LOOP('',(#5155,#5156,#5157,#5158));
#2132=EDGE_LOOP('',(#5159,#5160,#5161,#5162));
#2133=EDGE_LOOP('',(#5163,#5164,#5165,#5166));
#2134=EDGE_LOOP('',(#5167,#5168,#5169,#5170));
#2135=EDGE_LOOP('',(#5171,#5172,#5173,#5174));
#2136=EDGE_LOOP('',(#5175,#5176,#5177,#5178));
#2137=EDGE_LOOP('',(#5179,#5180,#5181,#5182));
#2138=EDGE_LOOP('',(#5183,#5184,#5185,#5186));
#2139=EDGE_LOOP('',(#5187,#5188,#5189,#5190));
#2140=EDGE_LOOP('',(#5191,#5192,#5193,#5194));
#2141=EDGE_LOOP('',(#5195,#5196,#5197,#5198));
#2142=EDGE_LOOP('',(#5199,#5200,#5201,#5202));
#2143=EDGE_LOOP('',(#5203,#5204,#5205,#5206));
#2144=EDGE_LOOP('',(#5207,#5208,#5209,#5210));
#2145=EDGE_LOOP('',(#5211,#5212,#5213,#5214));
#2146=EDGE_LOOP('',(#5215,#5216,#5217,#5218));
#2147=EDGE_LOOP('',(#5219,#5220,#5221,#5222));
#2148=EDGE_LOOP('',(#5223,#5224,#5225,#5226,#5227,#5228,#5229,#5230,#5231,
#5232,#5233,#5234,#5235,#5236,#5237,#5238,#5239,#5240,#5241,#5242,#5243,
#5244,#5245,#5246,#5247,#5248,#5249,#5250,#5251));
#2149=EDGE_LOOP('',(#5252,#5253,#5254,#5255));
#2150=EDGE_LOOP('',(#5256,#5257,#5258,#5259));
#2151=EDGE_LOOP('',(#5260,#5261,#5262,#5263));
#2152=EDGE_LOOP('',(#5264,#5265,#5266,#5267));
#2153=EDGE_LOOP('',(#5268,#5269,#5270,#5271));
#2154=EDGE_LOOP('',(#5272,#5273,#5274,#5275));
#2155=EDGE_LOOP('',(#5276,#5277,#5278,#5279));
#2156=EDGE_LOOP('',(#5280,#5281,#5282,#5283));
#2157=EDGE_LOOP('',(#5284,#5285,#5286,#5287));
#2158=EDGE_LOOP('',(#5288,#5289,#5290,#5291));
#2159=EDGE_LOOP('',(#5292,#5293,#5294,#5295));
#2160=EDGE_LOOP('',(#5296,#5297,#5298,#5299));
#2161=EDGE_LOOP('',(#5300,#5301,#5302,#5303));
#2162=EDGE_LOOP('',(#5304,#5305,#5306,#5307));
#2163=EDGE_LOOP('',(#5308,#5309,#5310,#5311));
#2164=EDGE_LOOP('',(#5312,#5313,#5314,#5315));
#2165=EDGE_LOOP('',(#5316,#5317,#5318,#5319));
#2166=EDGE_LOOP('',(#5320,#5321,#5322,#5323));
#2167=EDGE_LOOP('',(#5324,#5325,#5326,#5327));
#2168=EDGE_LOOP('',(#5328,#5329,#5330,#5331));
#2169=EDGE_LOOP('',(#5332,#5333,#5334,#5335));
#2170=EDGE_LOOP('',(#5336,#5337,#5338,#5339));
#2171=EDGE_LOOP('',(#5340,#5341,#5342,#5343));
#2172=EDGE_LOOP('',(#5344,#5345,#5346,#5347));
#2173=EDGE_LOOP('',(#5348,#5349,#5350,#5351));
#2174=EDGE_LOOP('',(#5352,#5353,#5354,#5355));
#2175=EDGE_LOOP('',(#5356,#5357,#5358,#5359));
#2176=EDGE_LOOP('',(#5360,#5361,#5362,#5363));
#2177=EDGE_LOOP('',(#5364,#5365,#5366,#5367));
#2178=EDGE_LOOP('',(#5368,#5369,#5370,#5371));
#2179=EDGE_LOOP('',(#5372,#5373,#5374,#5375,#5376,#5377,#5378,#5379,#5380,
#5381,#5382,#5383,#5384,#5385,#5386,#5387,#5388,#5389,#5390,#5391,#5392,
#5393,#5394,#5395,#5396,#5397,#5398,#5399,#5400,#5401));
#2180=EDGE_LOOP('',(#5402,#5403,#5404,#5405));
#2181=EDGE_LOOP('',(#5406,#5407,#5408,#5409));
#2182=EDGE_LOOP('',(#5410,#5411,#5412,#5413));
#2183=EDGE_LOOP('',(#5414,#5415,#5416,#5417));
#2184=EDGE_LOOP('',(#5418,#5419,#5420,#5421));
#2185=EDGE_LOOP('',(#5422,#5423,#5424,#5425));
#2186=EDGE_LOOP('',(#5426,#5427,#5428,#5429,#5430,#5431));
#2187=EDGE_LOOP('',(#5432,#5433,#5434,#5435));
#2188=EDGE_LOOP('',(#5436,#5437,#5438,#5439));
#2189=EDGE_LOOP('',(#5440,#5441,#5442,#5443));
#2190=EDGE_LOOP('',(#5444,#5445,#5446,#5447));
#2191=EDGE_LOOP('',(#5448,#5449,#5450,#5451));
#2192=EDGE_LOOP('',(#5452,#5453,#5454,#5455));
#2193=EDGE_LOOP('',(#5456,#5457,#5458,#5459));
#2194=EDGE_LOOP('',(#5460,#5461,#5462,#5463));
#2195=EDGE_LOOP('',(#5464,#5465,#5466,#5467));
#2196=EDGE_LOOP('',(#5468,#5469,#5470,#5471));
#2197=EDGE_LOOP('',(#5472,#5473,#5474,#5475));
#2198=EDGE_LOOP('',(#5476,#5477,#5478,#5479));
#2199=EDGE_LOOP('',(#5480,#5481,#5482,#5483,#5484,#5485,#5486,#5487,#5488,
#5489,#5490,#5491));
#2200=EDGE_LOOP('',(#5492,#5493,#5494,#5495));
#2201=EDGE_LOOP('',(#5496,#5497,#5498,#5499,#5500,#5501,#5502,#5503,#5504,
#5505,#5506,#5507,#5508,#5509,#5510,#5511,#5512,#5513,#5514));
#2202=EDGE_LOOP('',(#5515,#5516,#5517,#5518,#5519,#5520,#5521,#5522,#5523,
#5524,#5525,#5526,#5527,#5528));
#2203=EDGE_LOOP('',(#5529,#5530,#5531,#5532));
#2204=EDGE_LOOP('',(#5533,#5534,#5535,#5536,#5537,#5538,#5539,#5540,#5541,
#5542,#5543,#5544,#5545,#5546,#5547,#5548,#5549,#5550,#5551,#5552,#5553,
#5554));
#2205=EDGE_LOOP('',(#5555,#5556,#5557,#5558,#5559,#5560,#5561,#5562,#5563,
#5564,#5565,#5566));
#2206=EDGE_LOOP('',(#5567,#5568,#5569,#5570,#5571,#5572,#5573,#5574,#5575,
#5576,#5577,#5578));
#2207=EDGE_LOOP('',(#5579,#5580,#5581,#5582,#5583,#5584,#5585,#5586,#5587,
#5588,#5589,#5590,#5591,#5592,#5593,#5594,#5595,#5596,#5597,#5598,#5599,
#5600,#5601,#5602,#5603,#5604,#5605,#5606,#5607));
#2208=EDGE_LOOP('',(#5608,#5609,#5610,#5611,#5612,#5613,#5614,#5615,#5616,
#5617,#5618,#5619,#5620,#5621,#5622,#5623,#5624,#5625,#5626,#5627,#5628,
#5629,#5630,#5631,#5632,#5633,#5634,#5635,#5636,#5637));
#2209=EDGE_LOOP('',(#5638,#5639,#5640,#5641,#5642,#5643));
#2210=EDGE_LOOP('',(#5644,#5645,#5646,#5647,#5648,#5649,#5650,#5651,#5652,
#5653,#5654,#5655));
#2211=EDGE_LOOP('',(#5656,#5657,#5658,#5659,#5660,#5661,#5662,#5663));
#2212=EDGE_LOOP('',(#5664,#5665,#5666,#5667));
#2213=EDGE_LOOP('',(#5668,#5669,#5670,#5671,#5672,#5673));
#2214=EDGE_LOOP('',(#5674));
#2215=EDGE_LOOP('',(#5675,#5676,#5677,#5678));
#2216=EDGE_LOOP('',(#5679,#5680,#5681,#5682,#5683,#5684));
#2217=EDGE_LOOP('',(#5685));
#2218=EDGE_LOOP('',(#5686,#5687,#5688,#5689,#5690,#5691,#5692,#5693));
#2219=EDGE_LOOP('',(#5694,#5695,#5696,#5697,#5698,#5699,#5700,#5701));
#2220=EDGE_LOOP('',(#5702,#5703,#5704,#5705));
#2221=EDGE_LOOP('',(#5706,#5707,#5708,#5709));
#2222=EDGE_LOOP('',(#5710,#5711,#5712,#5713));
#2223=EDGE_LOOP('',(#5714,#5715,#5716,#5717));
#2224=EDGE_LOOP('',(#5718,#5719,#5720,#5721));
#2225=EDGE_LOOP('',(#5722,#5723,#5724,#5725));
#2226=EDGE_LOOP('',(#5726,#5727,#5728,#5729));
#2227=EDGE_LOOP('',(#5730,#5731,#5732,#5733));
#2228=EDGE_LOOP('',(#5734,#5735,#5736,#5737));
#2229=EDGE_LOOP('',(#5738,#5739,#5740,#5741));
#2230=EDGE_LOOP('',(#5742,#5743,#5744,#5745));
#2231=EDGE_LOOP('',(#5746,#5747,#5748,#5749));
#2232=EDGE_LOOP('',(#5750,#5751,#5752,#5753));
#2233=EDGE_LOOP('',(#5754,#5755,#5756,#5757));
#2234=EDGE_LOOP('',(#5758,#5759,#5760,#5761));
#2235=EDGE_LOOP('',(#5762,#5763,#5764,#5765));
#2236=EDGE_LOOP('',(#5766,#5767,#5768,#5769,#5770,#5771,#5772,#5773,#5774,
#5775,#5776,#5777,#5778,#5779,#5780,#5781));
#2237=EDGE_LOOP('',(#5782,#5783,#5784,#5785,#5786,#5787,#5788,#5789,#5790,
#5791));
#2238=EDGE_LOOP('',(#5792,#5793,#5794,#5795,#5796,#5797,#5798,#5799,#5800,
#5801));
#2239=EDGE_LOOP('',(#5802,#5803,#5804,#5805,#5806));
#2240=EDGE_LOOP('',(#5807,#5808,#5809));
#2241=EDGE_LOOP('',(#5810,#5811,#5812));
#2242=EDGE_LOOP('',(#5813,#5814,#5815,#5816,#5817));
#2243=EDGE_LOOP('',(#5818,#5819,#5820));
#2244=EDGE_LOOP('',(#5821,#5822,#5823));
#2245=EDGE_LOOP('',(#5824,#5825,#5826,#5827));
#2246=EDGE_LOOP('',(#5828,#5829,#5830,#5831,#5832,#5833,#5834,#5835));
#2247=EDGE_LOOP('',(#5836,#5837,#5838,#5839,#5840,#5841));
#2248=EDGE_LOOP('',(#5842,#5843,#5844,#5845,#5846,#5847,#5848,#5849));
#2249=EDGE_LOOP('',(#5850,#5851,#5852,#5853,#5854,#5855));
#2250=EDGE_LOOP('',(#5856,#5857,#5858,#5859,#5860,#5861));
#2251=EDGE_LOOP('',(#5862,#5863,#5864,#5865,#5866,#5867));
#2252=EDGE_LOOP('',(#5868,#5869,#5870,#5871,#5872,#5873));
#2253=EDGE_LOOP('',(#5874));
#2254=EDGE_LOOP('',(#5875,#5876,#5877,#5878,#5879,#5880,#5881,#5882,#5883,
#5884));
#2255=EDGE_LOOP('',(#5885,#5886,#5887,#5888,#5889,#5890,#5891,#5892));
#2256=EDGE_LOOP('',(#5893,#5894,#5895,#5896,#5897,#5898,#5899,#5900));
#2257=EDGE_LOOP('',(#5901,#5902,#5903,#5904));
#2258=EDGE_LOOP('',(#5905,#5906,#5907,#5908,#5909,#5910,#5911,#5912));
#2259=B_SPLINE_CURVE_WITH_KNOTS('',3,(#7646,#7647,#7648,#7649,#7650,#7651,
#7652,#7653,#7654,#7655,#7656,#7657,#7658,#7659,#7660,#7661),
 .UNSPECIFIED.,.F.,.F.,(4,2,2,2,2,2,2,4),(3.51873560000631,4.48358882161746,
5.97792489715275,7.47209265988108,8.96610370520353,10.4600069944313,11.9538710054246,
12.0630247862386),.UNSPECIFIED.);
#2260=B_SPLINE_CURVE_WITH_KNOTS('',3,(#7663,#7664,#7665,#7666,#7667,#7668,
#7669,#7670),.UNSPECIFIED.,.F.,.F.,(4,2,2,4),(0.,1.49456190888188,2.98911444933872,
3.51873560000612),.UNSPECIFIED.);
#2261=B_SPLINE_CURVE_WITH_KNOTS('',3,(#7672,#7673,#7674,#7675,#7676,#7677,
#7678,#7679,#7680,#7681),.UNSPECIFIED.,.F.,.F.,(4,2,2,2,4),(20.5991274369584,
20.9184931716633,22.4129157268449,23.2589841751472,24.1052484876049),
 .UNSPECIFIED.);
#2262=B_SPLINE_CURVE_WITH_KNOTS('',3,(#7683,#7684,#7685,#7686,#7687,#7688),
 .UNSPECIFIED.,.F.,.F.,(4,2,4),(18.4173087241121,19.4241624359564,20.59912743696),
 .UNSPECIFIED.);
#2263=B_SPLINE_CURVE_WITH_KNOTS('',3,(#7690,#7691,#7692,#7693,#7694,#7695),
 .UNSPECIFIED.,.F.,.F.,(4,2,4),(-0.00621332643761063,0.,0.000819154891885277),
 .UNSPECIFIED.);
#2264=B_SPLINE_CURVE_WITH_KNOTS('',3,(#7697,#7698,#7699,#7700,#7701,#7702,
#7703,#7704,#7705,#7706,#7707,#7708,#7709,#7710,#7711,#7712,#7713,#7714,
#7715,#7716,#7717,#7718,#7719,#7720,#7721,#7722),.UNSPECIFIED.,.F.,.F.,
(4,2,2,2,2,2,2,2,2,2,2,2,4),(-0.826504854956772,-0.825560452569607,-0.740213546810604,
-0.650136603898305,-0.562443072052793,-0.476451415610742,-0.412780214359101,
-0.349109013107391,-0.26311735666527,-0.175423824819715,-0.0853468819097252,
0.,0.000944404381361239),.UNSPECIFIED.);
#2265=B_SPLINE_CURVE_WITH_KNOTS('',3,(#7724,#7725,#7726,#7727,#7728,#7729),
 .UNSPECIFIED.,.F.,.F.,(4,2,4),(-0.947826081990025,-0.94710487270441,-0.941632488589227),
 .UNSPECIFIED.);
#2266=B_SPLINE_CURVE_WITH_KNOTS('',3,(#7731,#7732,#7733,#7734,#7735,#7736),
 .UNSPECIFIED.,.F.,.F.,(4,2,4),(3.50985110257627,4.48192178135997,5.69162760430063),
 .UNSPECIFIED.);
#2267=B_SPLINE_CURVE_WITH_KNOTS('',3,(#7738,#7739,#7740,#7741,#7742,#7743,
#7744,#7745),.UNSPECIFIED.,.F.,.F.,(4,2,2,4),(0.,1.49389406553865,2.9878617302399,
3.50985110257611),.UNSPECIFIED.);
#2268=B_SPLINE_CURVE_WITH_KNOTS('',3,(#7747,#7748,#7749,#7750,#7751,#7752,
#7753,#7754,#7755,#7756),.UNSPECIFIED.,.F.,.F.,(4,2,2,2,4),(20.5902671730638,
20.9197395784804,22.4136476068691,23.2595626523009,24.1052531120263),
 .UNSPECIFIED.);
#2269=B_SPLINE_CURVE_WITH_KNOTS('',3,(#7757,#7758,#7759,#7760,#7761,#7762,
#7763,#7764,#7765,#7766,#7767,#7768,#7769,#7770),.UNSPECIFIED.,.F.,.F.,
(4,2,2,2,2,2,4),(12.0453222535608,13.4481597297603,14.942714798852,16.4371959218962,
17.9315417673517,19.4257199894483,20.5902671730654),.UNSPECIFIED.);
#2270=B_SPLINE_CURVE_WITH_KNOTS('',3,(#7776,#7777,#7778,#7779,#7780,#7781,
#7782,#7783,#7784,#7785,#7786,#7787,#7788,#7789,#7790,#7791),
 .UNSPECIFIED.,.F.,.F.,(4,2,2,2,2,2,2,4),(3.51873560000654,4.4835888216175,
5.97792489715282,7.47209265988116,8.96610370520358,10.4600069944313,11.9538710054246,
12.063024786239),.UNSPECIFIED.);
#2271=B_SPLINE_CURVE_WITH_KNOTS('',3,(#7793,#7794,#7795,#7796,#7797,#7798,
#7799,#7800),.UNSPECIFIED.,.F.,.F.,(4,2,2,4),(0.,1.4945619088819,2.98911444933876,
3.51873560000635),.UNSPECIFIED.);
#2272=B_SPLINE_CURVE_WITH_KNOTS('',3,(#7802,#7803,#7804,#7805,#7806,#7807,
#7808,#7809,#7810,#7811),.UNSPECIFIED.,.F.,.F.,(4,2,2,2,4),(20.5991274369587,
20.9184931716634,22.412915726845,23.2589841751473,24.105248487605),
 .UNSPECIFIED.);
#2273=B_SPLINE_CURVE_WITH_KNOTS('',3,(#7813,#7814,#7815,#7816,#7817,#7818),
 .UNSPECIFIED.,.F.,.F.,(4,2,4),(18.4173087241374,19.4241624359565,20.5991274369603),
 .UNSPECIFIED.);
#2274=B_SPLINE_CURVE_WITH_KNOTS('',3,(#7820,#7821,#7822,#7823,#7824,#7825),
 .UNSPECIFIED.,.F.,.F.,(4,2,4),(-0.00621333032103664,0.,0.000819171993164881),
 .UNSPECIFIED.);
#2275=B_SPLINE_CURVE_WITH_KNOTS('',3,(#7827,#7828,#7829,#7830,#7831,#7832,
#7833,#7834,#7835,#7836,#7837,#7838,#7839,#7840,#7841,#7842,#7843,#7844,
#7845,#7846,#7847,#7848,#7849,#7850,#7851,#7852),.UNSPECIFIED.,.F.,.F.,
(4,2,2,2,2,2,2,2,2,2,2,2,4),(-0.826506564856321,-0.825562162780044,-0.740215053139674,
-0.65013792364834,-0.562444210163914,-0.476452375608056,-0.412781042474805,
-0.349109709341329,-0.263117874785245,-0.175424161300674,-0.0853470318183249,
0.,0.000944408586621774),.UNSPECIFIED.);
#2276=B_SPLINE_CURVE_WITH_KNOTS('',3,(#7854,#7855,#7856,#7857,#7858,#7859),
 .UNSPECIFIED.,.F.,.F.,(4,2,4),(-0.947834736485574,-0.947113528639005,-0.941641046432105),
 .UNSPECIFIED.);
#2277=B_SPLINE_CURVE_WITH_KNOTS('',3,(#7861,#7862,#7863,#7864,#7865,#7866),
 .UNSPECIFIED.,.F.,.F.,(4,2,4),(3.50985110257687,4.48192178135993,5.69162760432587),
 .UNSPECIFIED.);
#2278=B_SPLINE_CURVE_WITH_KNOTS('',3,(#7868,#7869,#7870,#7871,#7872,#7873,
#7874,#7875),.UNSPECIFIED.,.F.,.F.,(4,2,2,4),(0.,1.49389406553864,2.98786173023986,
3.50985110257672),.UNSPECIFIED.);
#2279=B_SPLINE_CURVE_WITH_KNOTS('',3,(#7877,#7878,#7879,#7880,#7881,#7882,
#7883,#7884,#7885,#7886),.UNSPECIFIED.,.F.,.F.,(4,2,2,2,4),(20.5902671730641,
20.9197395784801,22.4136476068688,23.2595626523005,24.105253112026),
 .UNSPECIFIED.);
#2280=B_SPLINE_CURVE_WITH_KNOTS('',3,(#7887,#7888,#7889,#7890,#7891,#7892,
#7893,#7894,#7895,#7896,#7897,#7898,#7899,#7900),.UNSPECIFIED.,.F.,.F.,
(4,2,2,2,2,2,4),(12.0453222535611,13.4481597297601,14.9427147988518,16.437195921896,
17.9315417673515,19.4257199894481,20.5902671730657),.UNSPECIFIED.);
#2281=B_SPLINE_CURVE_WITH_KNOTS('',3,(#8451,#8452,#8453,#8454,#8455,#8456,
#8457,#8458,#8459,#8460,#8461,#8462),.UNSPECIFIED.,.F.,.F.,(4,2,2,2,2,4),
(-0.105621374447419,-0.105378056540418,-0.0891867289639341,-0.0683360274004771,
-0.0388058965223341,0.),.UNSPECIFIED.);
#2282=B_SPLINE_CURVE_WITH_KNOTS('',3,(#8463,#8464,#8465,#8466,#8467,#8468,
#8469,#8470,#8471,#8472,#8473,#8474),.UNSPECIFIED.,.F.,.F.,(4,2,2,2,2,4),
(-0.158904921421775,-0.158580536941448,-0.138267984279089,-0.118164308779361,
-0.0984918686456292,-0.0792671706254285),.UNSPECIFIED.);
#2283=B_SPLINE_CURVE_WITH_KNOTS('',3,(#8540,#8541,#8542,#8543,#8544),
 .UNSPECIFIED.,.F.,.F.,(4,1,4),(0.,0.0149489727513404,0.0343372419719751),
 .UNSPECIFIED.);
#2284=B_SPLINE_CURVE_WITH_KNOTS('',3,(#8547,#8548,#8549,#8550,#8551),
 .UNSPECIFIED.,.F.,.F.,(4,1,4),(0.,0.0149489727513404,0.0343372419719751),
 .UNSPECIFIED.);
#2285=B_SPLINE_CURVE_WITH_KNOTS('',3,(#8563,#8564,#8565,#8566,#8567),
 .UNSPECIFIED.,.F.,.F.,(4,1,4),(0.,0.0131803299944026,0.0261374999001175),
 .UNSPECIFIED.);
#2286=B_SPLINE_CURVE_WITH_KNOTS('',3,(#8570,#8571,#8572,#8573,#8574),
 .UNSPECIFIED.,.F.,.F.,(4,1,4),(0.,0.0131803299944026,0.0261374999001175),
 .UNSPECIFIED.);
#2287=B_SPLINE_CURVE_WITH_KNOTS('',3,(#8586,#8587,#8588,#8589,#8590),
 .UNSPECIFIED.,.F.,.F.,(4,1,4),(0.,0.00949146764392458,0.0189139522796726),
 .UNSPECIFIED.);
#2288=B_SPLINE_CURVE_WITH_KNOTS('',3,(#8593,#8594,#8595,#8596,#8597),
 .UNSPECIFIED.,.F.,.F.,(4,1,4),(0.,0.00949146764392458,0.0189139522796726),
 .UNSPECIFIED.);
#2289=B_SPLINE_CURVE_WITH_KNOTS('',3,(#8609,#8610,#8611,#8612,#8613),
 .UNSPECIFIED.,.F.,.F.,(4,1,4),(0.,0.0102401796904598,0.0199197143219097),
 .UNSPECIFIED.);
#2290=B_SPLINE_CURVE_WITH_KNOTS('',3,(#8616,#8617,#8618,#8619,#8620),
 .UNSPECIFIED.,.F.,.F.,(4,1,4),(0.,0.0102401796904598,0.0199197143219097),
 .UNSPECIFIED.);
#2291=B_SPLINE_CURVE_WITH_KNOTS('',3,(#8632,#8633,#8634,#8635,#8636),
 .UNSPECIFIED.,.F.,.F.,(4,1,4),(0.,0.0161936342153691,0.0287237785462882),
 .UNSPECIFIED.);
#2292=B_SPLINE_CURVE_WITH_KNOTS('',3,(#8639,#8640,#8641,#8642,#8643),
 .UNSPECIFIED.,.F.,.F.,(4,1,4),(0.,0.0161936342153691,0.0287237785462882),
 .UNSPECIFIED.);
#2293=B_SPLINE_CURVE_WITH_KNOTS('',3,(#8679,#8680,#8681,#8682,#8683),
 .UNSPECIFIED.,.F.,.F.,(4,1,4),(0.,0.00597759808631275,0.0147802692264311),
 .UNSPECIFIED.);
#2294=B_SPLINE_CURVE_WITH_KNOTS('',3,(#8686,#8687,#8688,#8689,#8690),
 .UNSPECIFIED.,.F.,.F.,(4,1,4),(0.,0.00597759808631275,0.0147802692264311),
 .UNSPECIFIED.);
#2295=B_SPLINE_CURVE_WITH_KNOTS('',3,(#8702,#8703,#8704,#8705,#8706),
 .UNSPECIFIED.,.F.,.F.,(4,1,4),(0.,0.0068063148274867,0.0132400112007936),
 .UNSPECIFIED.);
#2296=B_SPLINE_CURVE_WITH_KNOTS('',3,(#8709,#8710,#8711,#8712,#8713),
 .UNSPECIFIED.,.F.,.F.,(4,1,4),(0.,0.0068063148274867,0.0132400112007936),
 .UNSPECIFIED.);
#2297=B_SPLINE_CURVE_WITH_KNOTS('',3,(#8725,#8726,#8727,#8728,#8729),
 .UNSPECIFIED.,.F.,.F.,(4,1,4),(0.,0.0107917037471239,0.0190145760809887),
 .UNSPECIFIED.);
#2298=B_SPLINE_CURVE_WITH_KNOTS('',3,(#8732,#8733,#8734,#8735,#8736),
 .UNSPECIFIED.,.F.,.F.,(4,1,4),(0.,0.0107917037471239,0.0190145760809887),
 .UNSPECIFIED.);
#2299=B_SPLINE_CURVE_WITH_KNOTS('',3,(#8748,#8749,#8750,#8751,#8752),
 .UNSPECIFIED.,.F.,.F.,(4,1,4),(0.,0.019089094563658,0.0335376341026866),
 .UNSPECIFIED.);
#2300=B_SPLINE_CURVE_WITH_KNOTS('',3,(#8755,#8756,#8757,#8758,#8759),
 .UNSPECIFIED.,.F.,.F.,(4,1,4),(0.,0.019089094563658,0.0335376341026866),
 .UNSPECIFIED.);
#2301=B_SPLINE_CURVE_WITH_KNOTS('',3,(#8789,#8790,#8791,#8792,#8793),
 .UNSPECIFIED.,.F.,.F.,(4,1,4),(0.,0.0164547939460784,0.0345668571566477),
 .UNSPECIFIED.);
#2302=B_SPLINE_CURVE_WITH_KNOTS('',3,(#8796,#8797,#8798,#8799,#8800),
 .UNSPECIFIED.,.F.,.F.,(4,1,4),(0.,0.0164547939460784,0.0345668571566477),
 .UNSPECIFIED.);
#2303=B_SPLINE_CURVE_WITH_KNOTS('',3,(#8812,#8813,#8814,#8815,#8816),
 .UNSPECIFIED.,.F.,.F.,(4,1,4),(0.,0.0105150648463892,0.0188578709812415),
 .UNSPECIFIED.);
#2304=B_SPLINE_CURVE_WITH_KNOTS('',3,(#8819,#8820,#8821,#8822,#8823),
 .UNSPECIFIED.,.F.,.F.,(4,1,4),(0.,0.0105150648463892,0.0188578709812415),
 .UNSPECIFIED.);
#2305=B_SPLINE_CURVE_WITH_KNOTS('',3,(#8835,#8836,#8837,#8838,#8839),
 .UNSPECIFIED.,.F.,.F.,(4,1,4),(0.,0.0212090292596212,0.0471027918462794),
 .UNSPECIFIED.);
#2306=B_SPLINE_CURVE_WITH_KNOTS('',3,(#8842,#8843,#8844,#8845,#8846),
 .UNSPECIFIED.,.F.,.F.,(4,1,4),(0.,0.0212090292596212,0.0471027918462794),
 .UNSPECIFIED.);
#2307=B_SPLINE_CURVE_WITH_KNOTS('',3,(#8858,#8859,#8860,#8861,#8862),
 .UNSPECIFIED.,.F.,.F.,(4,1,4),(0.,0.0199114175175014,0.0391849826267819),
 .UNSPECIFIED.);
#2308=B_SPLINE_CURVE_WITH_KNOTS('',3,(#8865,#8866,#8867,#8868,#8869),
 .UNSPECIFIED.,.F.,.F.,(4,1,4),(0.,0.0199114175175014,0.0391849826267819),
 .UNSPECIFIED.);
#2309=B_SPLINE_CURVE_WITH_KNOTS('',3,(#8881,#8882,#8883,#8884,#8885),
 .UNSPECIFIED.,.F.,.F.,(4,1,4),(0.,0.0156566406575242,0.0315843711670774),
 .UNSPECIFIED.);
#2310=B_SPLINE_CURVE_WITH_KNOTS('',3,(#8888,#8889,#8890,#8891,#8892),
 .UNSPECIFIED.,.F.,.F.,(4,1,4),(0.,0.0156566406575242,0.0315843711670774),
 .UNSPECIFIED.);
#2311=B_SPLINE_CURVE_WITH_KNOTS('',3,(#8904,#8905,#8906,#8907,#8908),
 .UNSPECIFIED.,.F.,.F.,(4,1,4),(0.,0.0145675045354631,0.0296857960349452),
 .UNSPECIFIED.);
#2312=B_SPLINE_CURVE_WITH_KNOTS('',3,(#8911,#8912,#8913,#8914,#8915),
 .UNSPECIFIED.,.F.,.F.,(4,1,4),(0.,0.0145675045354631,0.0296857960349452),
 .UNSPECIFIED.);
#2313=B_SPLINE_CURVE_WITH_KNOTS('',3,(#8927,#8928,#8929,#8930,#8931),
 .UNSPECIFIED.,.F.,.F.,(4,1,4),(0.,0.0235718747237304,0.041163858617704),
 .UNSPECIFIED.);
#2314=B_SPLINE_CURVE_WITH_KNOTS('',3,(#8934,#8935,#8936,#8937,#8938),
 .UNSPECIFIED.,.F.,.F.,(4,1,4),(0.,0.0235718747237304,0.041163858617704),
 .UNSPECIFIED.);
#2315=B_SPLINE_CURVE_WITH_KNOTS('',3,(#8967,#8968,#8969,#8970,#8971),
 .UNSPECIFIED.,.F.,.F.,(4,1,4),(0.,0.0353247143987178,0.0660796482924458),
 .UNSPECIFIED.);
#2316=B_SPLINE_CURVE_WITH_KNOTS('',3,(#8975,#8976,#8977,#8978,#8979),
 .UNSPECIFIED.,.F.,.F.,(4,1,4),(0.,0.0353247143987178,0.0660796482924458),
 .UNSPECIFIED.);
#2317=B_SPLINE_CURVE_WITH_KNOTS('',3,(#8992,#8993,#8994,#8995,#8996),
 .UNSPECIFIED.,.F.,.F.,(4,1,4),(0.,0.0229512969666458,0.0479877143135631),
 .UNSPECIFIED.);
#2318=B_SPLINE_CURVE_WITH_KNOTS('',3,(#8999,#9000,#9001,#9002,#9003),
 .UNSPECIFIED.,.F.,.F.,(4,1,4),(0.,0.0229512969666458,0.0479877143135631),
 .UNSPECIFIED.);
#2319=B_SPLINE_CURVE_WITH_KNOTS('',3,(#9015,#9016,#9017,#9018,#9019),
 .UNSPECIFIED.,.F.,.F.,(4,1,4),(0.,0.0216832336565629,0.0433374679852134),
 .UNSPECIFIED.);
#2320=B_SPLINE_CURVE_WITH_KNOTS('',3,(#9022,#9023,#9024,#9025,#9026),
 .UNSPECIFIED.,.F.,.F.,(4,1,4),(0.,0.0216832336565629,0.0433374679852134),
 .UNSPECIFIED.);
#2321=B_SPLINE_CURVE_WITH_KNOTS('',3,(#9038,#9039,#9040,#9041,#9042),
 .UNSPECIFIED.,.F.,.F.,(4,1,4),(0.,0.0334847228326216,0.0593186286950036),
 .UNSPECIFIED.);
#2322=B_SPLINE_CURVE_WITH_KNOTS('',3,(#9045,#9046,#9047,#9048,#9049),
 .UNSPECIFIED.,.F.,.F.,(4,1,4),(0.,0.0334847228326216,0.0593186286950036),
 .UNSPECIFIED.);
#2323=B_SPLINE_CURVE_WITH_KNOTS('',3,(#9079,#9080,#9081,#9082,#9083),
 .UNSPECIFIED.,.F.,.F.,(4,1,4),(0.,0.0155765736161479,0.0378800930883019),
 .UNSPECIFIED.);
#2324=B_SPLINE_CURVE_WITH_KNOTS('',3,(#9086,#9087,#9088,#9089,#9090),
 .UNSPECIFIED.,.F.,.F.,(4,1,4),(0.,0.0155765736161479,0.0378800930883019),
 .UNSPECIFIED.);
#2325=B_SPLINE_CURVE_WITH_KNOTS('',3,(#9102,#9103,#9104,#9105,#9106),
 .UNSPECIFIED.,.F.,.F.,(4,1,4),(0.,0.012214727613225,0.0242350573651002),
 .UNSPECIFIED.);
#2326=B_SPLINE_CURVE_WITH_KNOTS('',3,(#9109,#9110,#9111,#9112,#9113),
 .UNSPECIFIED.,.F.,.F.,(4,1,4),(0.,0.012214727613225,0.0242350573651002),
 .UNSPECIFIED.);
#2327=B_SPLINE_CURVE_WITH_KNOTS('',3,(#9125,#9126,#9127,#9128,#9129),
 .UNSPECIFIED.,.F.,.F.,(4,1,4),(0.,0.0140205545403376,0.0269553760826942),
 .UNSPECIFIED.);
#2328=B_SPLINE_CURVE_WITH_KNOTS('',3,(#9132,#9133,#9134,#9135,#9136),
 .UNSPECIFIED.,.F.,.F.,(4,1,4),(0.,0.0140205545403376,0.0269553760826942),
 .UNSPECIFIED.);
#2329=B_SPLINE_CURVE_WITH_KNOTS('',3,(#9148,#9149,#9150,#9151,#9152),
 .UNSPECIFIED.,.F.,.F.,(4,1,4),(0.,0.0166473356415588,0.0349831139326509),
 .UNSPECIFIED.);
#2330=B_SPLINE_CURVE_WITH_KNOTS('',3,(#9155,#9156,#9157,#9158,#9159),
 .UNSPECIFIED.,.F.,.F.,(4,1,4),(0.,0.0166473356415588,0.0349831139326509),
 .UNSPECIFIED.);
#2331=B_SPLINE_CURVE_WITH_KNOTS('',3,(#9171,#9172,#9173,#9174,#9175),
 .UNSPECIFIED.,.F.,.F.,(4,1,4),(0.,0.0292230807656839,0.0494256695187859),
 .UNSPECIFIED.);
#2332=B_SPLINE_CURVE_WITH_KNOTS('',3,(#9178,#9179,#9180,#9181,#9182),
 .UNSPECIFIED.,.F.,.F.,(4,1,4),(0.,0.0292230807656839,0.0494256695187859),
 .UNSPECIFIED.);
#2333=B_SPLINE_CURVE_WITH_KNOTS('',3,(#9199,#9200,#9201,#9202,#9203),
 .UNSPECIFIED.,.F.,.F.,(4,1,4),(0.,0.0322271627709731,0.0717895926442056),
 .UNSPECIFIED.);
#2334=B_SPLINE_CURVE_WITH_KNOTS('',3,(#9204,#9205,#9206,#9207,#9208),
 .UNSPECIFIED.,.F.,.F.,(4,1,4),(0.,0.0322271627709731,0.0717895926442056),
 .UNSPECIFIED.);
#2335=B_SPLINE_CURVE_WITH_KNOTS('',3,(#9247,#9248,#9249,#9250,#9251),
 .UNSPECIFIED.,.F.,.F.,(4,1,4),(0.,0.013148582194938,0.0253323122890332),
 .UNSPECIFIED.);
#2336=B_SPLINE_CURVE_WITH_KNOTS('',3,(#9255,#9256,#9257,#9258,#9259),
 .UNSPECIFIED.,.F.,.F.,(4,1,4),(0.,0.013148582194938,0.0253323122890332),
 .UNSPECIFIED.);
#2337=B_SPLINE_CURVE_WITH_KNOTS('',3,(#9272,#9273,#9274,#9275,#9276),
 .UNSPECIFIED.,.F.,.F.,(4,1,4),(0.,0.0358634353697943,0.0569099908648945),
 .UNSPECIFIED.);
#2338=B_SPLINE_CURVE_WITH_KNOTS('',3,(#9279,#9280,#9281,#9282,#9283),
 .UNSPECIFIED.,.F.,.F.,(4,1,4),(0.,0.0358634353697943,0.0569099908648945),
 .UNSPECIFIED.);
#2339=B_SPLINE_CURVE_WITH_KNOTS('',3,(#9295,#9296,#9297,#9298,#9299),
 .UNSPECIFIED.,.F.,.F.,(4,1,4),(0.,0.0322141359067706,0.0775788393101819),
 .UNSPECIFIED.);
#2340=B_SPLINE_CURVE_WITH_KNOTS('',3,(#9302,#9303,#9304,#9305,#9306),
 .UNSPECIFIED.,.F.,.F.,(4,1,4),(0.,0.0322141359067706,0.0775788393101819),
 .UNSPECIFIED.);
#2341=B_SPLINE_CURVE_WITH_KNOTS('',3,(#9318,#9319,#9320,#9321,#9322),
 .UNSPECIFIED.,.F.,.F.,(4,1,4),(0.,0.0203659913038894,0.0441852269120916),
 .UNSPECIFIED.);
#2342=B_SPLINE_CURVE_WITH_KNOTS('',3,(#9325,#9326,#9327,#9328,#9329),
 .UNSPECIFIED.,.F.,.F.,(4,1,4),(0.,0.0203659913038894,0.0441852269120916),
 .UNSPECIFIED.);
#2343=B_SPLINE_CURVE_WITH_KNOTS('',3,(#9341,#9342,#9343,#9344,#9345),
 .UNSPECIFIED.,.F.,.F.,(4,1,4),(0.,0.0179494416014538,0.0363465085727034),
 .UNSPECIFIED.);
#2344=B_SPLINE_CURVE_WITH_KNOTS('',3,(#9348,#9349,#9350,#9351,#9352),
 .UNSPECIFIED.,.F.,.F.,(4,1,4),(0.,0.0179494416014538,0.0363465085727034),
 .UNSPECIFIED.);
#2345=B_SPLINE_CURVE_WITH_KNOTS('',3,(#9364,#9365,#9366,#9367,#9368),
 .UNSPECIFIED.,.F.,.F.,(4,1,4),(0.,0.0327875447989058,0.0659279776002642),
 .UNSPECIFIED.);
#2346=B_SPLINE_CURVE_WITH_KNOTS('',3,(#9371,#9372,#9373,#9374,#9375),
 .UNSPECIFIED.,.F.,.F.,(4,1,4),(0.,0.0327875447989058,0.0659279776002642),
 .UNSPECIFIED.);
#2347=B_SPLINE_CURVE_WITH_KNOTS('',3,(#9387,#9388,#9389,#9390,#9391),
 .UNSPECIFIED.,.F.,.F.,(4,1,4),(0.,0.0391371748026689,0.073820203083045),
 .UNSPECIFIED.);
#2348=B_SPLINE_CURVE_WITH_KNOTS('',3,(#9394,#9395,#9396,#9397,#9398),
 .UNSPECIFIED.,.F.,.F.,(4,1,4),(0.,0.0391371748026689,0.073820203083045),
 .UNSPECIFIED.);
#2349=B_SPLINE_CURVE_WITH_KNOTS('',3,(#9410,#9411,#9412,#9413,#9414),
 .UNSPECIFIED.,.F.,.F.,(4,1,4),(0.,0.0340706061646748,0.0728903658398008),
 .UNSPECIFIED.);
#2350=B_SPLINE_CURVE_WITH_KNOTS('',3,(#9417,#9418,#9419,#9420,#9421),
 .UNSPECIFIED.,.F.,.F.,(4,1,4),(0.,0.0340706061646748,0.0728903658398008),
 .UNSPECIFIED.);
#2351=B_SPLINE_CURVE_WITH_KNOTS('',3,(#9433,#9434,#9435,#9436,#9437),
 .UNSPECIFIED.,.F.,.F.,(4,1,4),(0.,0.0384525572913994,0.0722503320773657),
 .UNSPECIFIED.);
#2352=B_SPLINE_CURVE_WITH_KNOTS('',3,(#9440,#9441,#9442,#9443,#9444),
 .UNSPECIFIED.,.F.,.F.,(4,1,4),(0.,0.0384525572913994,0.0722503320773657),
 .UNSPECIFIED.);
#2353=B_SPLINE_CURVE_WITH_KNOTS('',3,(#9462,#9463,#9464,#9465,#9466),
 .UNSPECIFIED.,.F.,.F.,(4,1,4),(0.,0.0225107452456252,0.0480201194782351),
 .UNSPECIFIED.);
#2354=B_SPLINE_CURVE_WITH_KNOTS('',3,(#9469,#9470,#9471,#9472,#9473),
 .UNSPECIFIED.,.F.,.F.,(4,1,4),(0.,0.0225107452456252,0.0480201194782351),
 .UNSPECIFIED.);
#2355=B_SPLINE_CURVE_WITH_KNOTS('',3,(#9485,#9486,#9487,#9488,#9489),
 .UNSPECIFIED.,.F.,.F.,(4,1,4),(0.,0.0242729684235734,0.0464110751938936),
 .UNSPECIFIED.);
#2356=B_SPLINE_CURVE_WITH_KNOTS('',3,(#9492,#9493,#9494,#9495,#9496),
 .UNSPECIFIED.,.F.,.F.,(4,1,4),(0.,0.0242729684235734,0.0464110751938936),
 .UNSPECIFIED.);
#2357=B_SPLINE_CURVE_WITH_KNOTS('',3,(#9508,#9509,#9510,#9511,#9512),
 .UNSPECIFIED.,.F.,.F.,(4,1,4),(0.,0.0212713324474203,0.0443710603206335),
 .UNSPECIFIED.);
#2358=B_SPLINE_CURVE_WITH_KNOTS('',3,(#9515,#9516,#9517,#9518,#9519),
 .UNSPECIFIED.,.F.,.F.,(4,1,4),(0.,0.0212713324474203,0.0443710603206335),
 .UNSPECIFIED.);
#2359=B_SPLINE_CURVE_WITH_KNOTS('',3,(#9531,#9532,#9533,#9534,#9535),
 .UNSPECIFIED.,.F.,.F.,(4,1,4),(0.,0.0205584232358742,0.0410175995615892),
 .UNSPECIFIED.);
#2360=B_SPLINE_CURVE_WITH_KNOTS('',3,(#9538,#9539,#9540,#9541,#9542),
 .UNSPECIFIED.,.F.,.F.,(4,1,4),(0.,0.0205584232358742,0.0410175995615892),
 .UNSPECIFIED.);
#2361=B_SPLINE_CURVE_WITH_KNOTS('',3,(#9554,#9555,#9556,#9557,#9558),
 .UNSPECIFIED.,.F.,.F.,(4,1,4),(0.,0.0261852657230852,0.0481229033107265),
 .UNSPECIFIED.);
#2362=B_SPLINE_CURVE_WITH_KNOTS('',3,(#9561,#9562,#9563,#9564,#9565),
 .UNSPECIFIED.,.F.,.F.,(4,1,4),(0.,0.0261852657230852,0.0481229033107265),
 .UNSPECIFIED.);
#2363=B_SPLINE_CURVE_WITH_KNOTS('',3,(#9577,#9578,#9579,#9580,#9581),
 .UNSPECIFIED.,.F.,.F.,(4,1,4),(0.,0.0545062219020703,0.0918261024215686),
 .UNSPECIFIED.);
#2364=B_SPLINE_CURVE_WITH_KNOTS('',3,(#9584,#9585,#9586,#9587,#9588),
 .UNSPECIFIED.,.F.,.F.,(4,1,4),(0.,0.0545062219020703,0.0918261024215686),
 .UNSPECIFIED.);
#2365=B_SPLINE_CURVE_WITH_KNOTS('',3,(#9600,#9601,#9602,#9603,#9604),
 .UNSPECIFIED.,.F.,.F.,(4,1,4),(0.,0.0293978213467088,0.0662919440721644),
 .UNSPECIFIED.);
#2366=B_SPLINE_CURVE_WITH_KNOTS('',3,(#9607,#9608,#9609,#9610,#9611),
 .UNSPECIFIED.,.F.,.F.,(4,1,4),(0.,0.0293978213467088,0.0662919440721644),
 .UNSPECIFIED.);
#2367=B_SPLINE_CURVE_WITH_KNOTS('',3,(#9623,#9624,#9625,#9626,#9627),
 .UNSPECIFIED.,.F.,.F.,(4,1,4),(0.,0.0223881426300975,0.0468706277923708),
 .UNSPECIFIED.);
#2368=B_SPLINE_CURVE_WITH_KNOTS('',3,(#9630,#9631,#9632,#9633,#9634),
 .UNSPECIFIED.,.F.,.F.,(4,1,4),(0.,0.0223881426300975,0.0468706277923708),
 .UNSPECIFIED.);
#2369=B_SPLINE_CURVE_WITH_KNOTS('',3,(#9646,#9647,#9648,#9649,#9650),
 .UNSPECIFIED.,.F.,.F.,(4,1,4),(0.,0.0130746592161136,0.0260689875237514),
 .UNSPECIFIED.);
#2370=B_SPLINE_CURVE_WITH_KNOTS('',3,(#9653,#9654,#9655,#9656,#9657),
 .UNSPECIFIED.,.F.,.F.,(4,1,4),(0.,0.0130746592161136,0.0260689875237514),
 .UNSPECIFIED.);
#2371=B_SPLINE_CURVE_WITH_KNOTS('',3,(#9759,#9760,#9761,#9762,#9763),
 .UNSPECIFIED.,.F.,.F.,(4,1,4),(0.,0.0234410523409826,0.0473792112315307),
 .UNSPECIFIED.);
#2372=B_SPLINE_CURVE_WITH_KNOTS('',3,(#9767,#9768,#9769,#9770,#9771),
 .UNSPECIFIED.,.F.,.F.,(4,1,4),(0.,0.0234410523409826,0.0473792112315307),
 .UNSPECIFIED.);
#2373=B_SPLINE_CURVE_WITH_KNOTS('',3,(#9784,#9785,#9786,#9787,#9788),
 .UNSPECIFIED.,.F.,.F.,(4,1,4),(0.,0.0266555985109245,0.0510875186944599),
 .UNSPECIFIED.);
#2374=B_SPLINE_CURVE_WITH_KNOTS('',3,(#9791,#9792,#9793,#9794,#9795),
 .UNSPECIFIED.,.F.,.F.,(4,1,4),(0.,0.0266555985109245,0.0510875186944599),
 .UNSPECIFIED.);
#2375=B_SPLINE_CURVE_WITH_KNOTS('',3,(#9807,#9808,#9809,#9810,#9811),
 .UNSPECIFIED.,.F.,.F.,(4,1,4),(0.,0.0617987147982648,0.10080178034709),
 .UNSPECIFIED.);
#2376=B_SPLINE_CURVE_WITH_KNOTS('',3,(#9814,#9815,#9816,#9817,#9818),
 .UNSPECIFIED.,.F.,.F.,(4,1,4),(0.,0.0617987147982648,0.10080178034709),
 .UNSPECIFIED.);
#2377=B_SPLINE_CURVE_WITH_KNOTS('',3,(#9830,#9831,#9832,#9833,#9834),
 .UNSPECIFIED.,.F.,.F.,(4,1,4),(0.,0.0390513001172061,0.100594880532314),
 .UNSPECIFIED.);
#2378=B_SPLINE_CURVE_WITH_KNOTS('',3,(#9837,#9838,#9839,#9840,#9841),
 .UNSPECIFIED.,.F.,.F.,(4,1,4),(0.,0.0390513001172061,0.100594880532314),
 .UNSPECIFIED.);
#2379=B_SPLINE_CURVE_WITH_KNOTS('',3,(#9853,#9854,#9855,#9856,#9857),
 .UNSPECIFIED.,.F.,.F.,(4,1,4),(0.,0.0241477167990545,0.0508345841733921),
 .UNSPECIFIED.);
#2380=B_SPLINE_CURVE_WITH_KNOTS('',3,(#9860,#9861,#9862,#9863,#9864),
 .UNSPECIFIED.,.F.,.F.,(4,1,4),(0.,0.0241477167990545,0.0508345841733921),
 .UNSPECIFIED.);
#2381=B_SPLINE_CURVE_WITH_KNOTS('',3,(#9876,#9877,#9878,#9879,#9880),
 .UNSPECIFIED.,.F.,.F.,(4,1,4),(0.,0.0266339206872005,0.0507751493019608),
 .UNSPECIFIED.);
#2382=B_SPLINE_CURVE_WITH_KNOTS('',3,(#9883,#9884,#9885,#9886,#9887),
 .UNSPECIFIED.,.F.,.F.,(4,1,4),(0.,0.0266339206872005,0.0507751493019608),
 .UNSPECIFIED.);
#2383=B_SPLINE_CURVE_WITH_KNOTS('',3,(#9899,#9900,#9901,#9902,#9903),
 .UNSPECIFIED.,.F.,.F.,(4,1,4),(0.,0.0616711766841987,0.100698350290406),
 .UNSPECIFIED.);
#2384=B_SPLINE_CURVE_WITH_KNOTS('',3,(#9906,#9907,#9908,#9909,#9910),
 .UNSPECIFIED.,.F.,.F.,(4,1,4),(0.,0.0616711766841987,0.100698350290406),
 .UNSPECIFIED.);
#2385=B_SPLINE_CURVE_WITH_KNOTS('',3,(#9921,#9922,#9923,#9924,#9925),
 .UNSPECIFIED.,.F.,.F.,(4,1,4),(0.,0.0415625569883843,0.10400533985751),
 .UNSPECIFIED.);
#2386=B_SPLINE_CURVE_WITH_KNOTS('',3,(#9926,#9927,#9928,#9929,#9930),
 .UNSPECIFIED.,.F.,.F.,(4,1,4),(0.,0.0415625569883843,0.10400533985751),
 .UNSPECIFIED.);
#2387=B_SPLINE_CURVE_WITH_KNOTS('',3,(#9943,#9944,#9945,#9946,#9947),
 .UNSPECIFIED.,.F.,.F.,(4,1,4),(0.,0.0395008134240155,0.0770451888270303),
 .UNSPECIFIED.);
#2388=B_SPLINE_CURVE_WITH_KNOTS('',3,(#9951,#9952,#9953,#9954,#9955),
 .UNSPECIFIED.,.F.,.F.,(4,1,4),(0.,0.0395008134240155,0.0770451888270303),
 .UNSPECIFIED.);
#2389=B_SPLINE_CURVE_WITH_KNOTS('',3,(#9968,#9969,#9970,#9971,#9972),
 .UNSPECIFIED.,.F.,.F.,(4,1,4),(0.,0.0278030012819406,0.0582339824230226),
 .UNSPECIFIED.);
#2390=B_SPLINE_CURVE_WITH_KNOTS('',3,(#9975,#9976,#9977,#9978,#9979),
 .UNSPECIFIED.,.F.,.F.,(4,1,4),(0.,0.0278030012819406,0.0582339824230226),
 .UNSPECIFIED.);
#2391=B_SPLINE_CURVE_WITH_KNOTS('',3,(#9991,#9992,#9993,#9994,#9995),
 .UNSPECIFIED.,.F.,.F.,(4,1,4),(0.,0.0317768789984938,0.060318943314147),
 .UNSPECIFIED.);
#2392=B_SPLINE_CURVE_WITH_KNOTS('',3,(#9998,#9999,#10000,#10001,#10002),
 .UNSPECIFIED.,.F.,.F.,(4,1,4),(0.,0.0317768789984938,0.060318943314147),
 .UNSPECIFIED.);
#2393=B_SPLINE_CURVE_WITH_KNOTS('',3,(#10014,#10015,#10016,#10017,#10018),
 .UNSPECIFIED.,.F.,.F.,(4,1,4),(0.,0.0477833557867198,0.0861804374627378),
 .UNSPECIFIED.);
#2394=B_SPLINE_CURVE_WITH_KNOTS('',3,(#10021,#10022,#10023,#10024,#10025),
 .UNSPECIFIED.,.F.,.F.,(4,1,4),(0.,0.0477833557867198,0.0861804374627378),
 .UNSPECIFIED.);
#2395=B_SPLINE_CURVE_WITH_KNOTS('',3,(#10037,#10038,#10039,#10040,#10041),
 .UNSPECIFIED.,.F.,.F.,(4,1,4),(0.,0.0312875054487359,0.0713554746036252),
 .UNSPECIFIED.);
#2396=B_SPLINE_CURVE_WITH_KNOTS('',3,(#10044,#10045,#10046,#10047,#10048),
 .UNSPECIFIED.,.F.,.F.,(4,1,4),(0.,0.0312875054487359,0.0713554746036252),
 .UNSPECIFIED.);
#2397=B_SPLINE_CURVE_WITH_KNOTS('',3,(#10060,#10061,#10062,#10063,#10064),
 .UNSPECIFIED.,.F.,.F.,(4,1,4),(0.,0.0229054231504937,0.0484992629370078),
 .UNSPECIFIED.);
#2398=B_SPLINE_CURVE_WITH_KNOTS('',3,(#10067,#10068,#10069,#10070,#10071),
 .UNSPECIFIED.,.F.,.F.,(4,1,4),(0.,0.0229054231504937,0.0484992629370078),
 .UNSPECIFIED.);
#2399=B_SPLINE_CURVE_WITH_KNOTS('',3,(#10083,#10084,#10085,#10086,#10087),
 .UNSPECIFIED.,.F.,.F.,(4,1,4),(0.,0.0204286424561034,0.0414616710437229),
 .UNSPECIFIED.);
#2400=B_SPLINE_CURVE_WITH_KNOTS('',3,(#10090,#10091,#10092,#10093,#10094),
 .UNSPECIFIED.,.F.,.F.,(4,1,4),(0.,0.0204286424561034,0.0414616710437229),
 .UNSPECIFIED.);
#2401=B_SPLINE_CURVE_WITH_KNOTS('',3,(#10106,#10107,#10108,#10109,#10110),
 .UNSPECIFIED.,.F.,.F.,(4,1,4),(0.,0.022793621033185,0.0437959720938012),
 .UNSPECIFIED.);
#2402=B_SPLINE_CURVE_WITH_KNOTS('',3,(#10113,#10114,#10115,#10116,#10117),
 .UNSPECIFIED.,.F.,.F.,(4,1,4),(0.,0.022793621033185,0.0437959720938012),
 .UNSPECIFIED.);
#2403=B_SPLINE_CURVE_WITH_KNOTS('',3,(#10129,#10130,#10131,#10132,#10133),
 .UNSPECIFIED.,.F.,.F.,(4,1,4),(0.,0.0277215057953386,0.057996860296842),
 .UNSPECIFIED.);
#2404=B_SPLINE_CURVE_WITH_KNOTS('',3,(#10136,#10137,#10138,#10139,#10140),
 .UNSPECIFIED.,.F.,.F.,(4,1,4),(0.,0.0277215057953386,0.057996860296842),
 .UNSPECIFIED.);
#2405=B_SPLINE_CURVE_WITH_KNOTS('',3,(#10152,#10153,#10154,#10155,#10156),
 .UNSPECIFIED.,.F.,.F.,(4,1,4),(0.,0.0317864786302547,0.0602880615287005),
 .UNSPECIFIED.);
#2406=B_SPLINE_CURVE_WITH_KNOTS('',3,(#10159,#10160,#10161,#10162,#10163),
 .UNSPECIFIED.,.F.,.F.,(4,1,4),(0.,0.0317864786302547,0.0602880615287005),
 .UNSPECIFIED.);
#2407=B_SPLINE_CURVE_WITH_KNOTS('',3,(#10175,#10176,#10177,#10178,#10179),
 .UNSPECIFIED.,.F.,.F.,(4,1,4),(0.,0.0480912355261221,0.0866046362142906),
 .UNSPECIFIED.);
#2408=B_SPLINE_CURVE_WITH_KNOTS('',3,(#10182,#10183,#10184,#10185,#10186),
 .UNSPECIFIED.,.F.,.F.,(4,1,4),(0.,0.0480912355261221,0.0866046362142906),
 .UNSPECIFIED.);
#2409=B_SPLINE_CURVE_WITH_KNOTS('',3,(#10197,#10198,#10199,#10200,#10201),
 .UNSPECIFIED.,.F.,.F.,(4,1,4),(0.,0.0540132346906571,0.127139457174042),
 .UNSPECIFIED.);
#2410=B_SPLINE_CURVE_WITH_KNOTS('',3,(#10202,#10203,#10204,#10205,#10206),
 .UNSPECIFIED.,.F.,.F.,(4,1,4),(0.,0.0540132346906571,0.127139457174042),
 .UNSPECIFIED.);
#2411=B_SPLINE_CURVE_WITH_KNOTS('',3,(#10228,#10229,#10230,#10231,#10232),
 .UNSPECIFIED.,.F.,.F.,(4,1,4),(0.,0.0239022607803831,0.0429908859410454),
 .UNSPECIFIED.);
#2412=B_SPLINE_CURVE_WITH_KNOTS('',3,(#10235,#10236,#10237,#10238,#10239),
 .UNSPECIFIED.,.F.,.F.,(4,1,4),(0.,0.0239022607803831,0.0429908859410454),
 .UNSPECIFIED.);
#2413=B_SPLINE_CURVE_WITH_KNOTS('',3,(#10251,#10252,#10253,#10254,#10255),
 .UNSPECIFIED.,.F.,.F.,(4,1,4),(0.,0.0255980677670334,0.0515520212039),
 .UNSPECIFIED.);
#2414=B_SPLINE_CURVE_WITH_KNOTS('',3,(#10258,#10259,#10260,#10261,#10262),
 .UNSPECIFIED.,.F.,.F.,(4,1,4),(0.,0.0255980677670334,0.0515520212039),
 .UNSPECIFIED.);
#2415=B_SPLINE_CURVE_WITH_KNOTS('',3,(#10274,#10275,#10276,#10277,#10278),
 .UNSPECIFIED.,.F.,.F.,(4,1,4),(0.,0.0289351767943908,0.0579743681209434),
 .UNSPECIFIED.);
#2416=B_SPLINE_CURVE_WITH_KNOTS('',3,(#10281,#10282,#10283,#10284,#10285),
 .UNSPECIFIED.,.F.,.F.,(4,1,4),(0.,0.0289351767943908,0.0579743681209434),
 .UNSPECIFIED.);
#2417=B_SPLINE_CURVE_WITH_KNOTS('',3,(#10297,#10298,#10299,#10300,#10301),
 .UNSPECIFIED.,.F.,.F.,(4,1,4),(0.,0.0290076666652258,0.0575630447834934),
 .UNSPECIFIED.);
#2418=B_SPLINE_CURVE_WITH_KNOTS('',3,(#10304,#10305,#10306,#10307,#10308),
 .UNSPECIFIED.,.F.,.F.,(4,1,4),(0.,0.0290076666652258,0.0575630447834934),
 .UNSPECIFIED.);
#2419=B_SPLINE_CURVE_WITH_KNOTS('',3,(#10320,#10321,#10322,#10323,#10324),
 .UNSPECIFIED.,.F.,.F.,(4,1,4),(0.,0.0369964676599383,0.0690057826208591),
 .UNSPECIFIED.);
#2420=B_SPLINE_CURVE_WITH_KNOTS('',3,(#10327,#10328,#10329,#10330,#10331),
 .UNSPECIFIED.,.F.,.F.,(4,1,4),(0.,0.0369964676599383,0.0690057826208591),
 .UNSPECIFIED.);
#2421=B_SPLINE_CURVE_WITH_KNOTS('',3,(#10343,#10344,#10345,#10346,#10347),
 .UNSPECIFIED.,.F.,.F.,(4,1,4),(0.,0.0302540476433222,0.061745488926351),
 .UNSPECIFIED.);
#2422=B_SPLINE_CURVE_WITH_KNOTS('',3,(#10350,#10351,#10352,#10353,#10354),
 .UNSPECIFIED.,.F.,.F.,(4,1,4),(0.,0.0302540476433222,0.061745488926351),
 .UNSPECIFIED.);
#2423=B_SPLINE_CURVE_WITH_KNOTS('',3,(#10366,#10367,#10368,#10369,#10370),
 .UNSPECIFIED.,.F.,.F.,(4,1,4),(0.,0.0178297927433465,0.0353239032828213),
 .UNSPECIFIED.);
#2424=B_SPLINE_CURVE_WITH_KNOTS('',3,(#10373,#10374,#10375,#10376,#10377),
 .UNSPECIFIED.,.F.,.F.,(4,1,4),(0.,0.0178297927433465,0.0353239032828213),
 .UNSPECIFIED.);
#2425=B_SPLINE_CURVE_WITH_KNOTS('',3,(#10389,#10390,#10391,#10392,#10393),
 .UNSPECIFIED.,.F.,.F.,(4,1,4),(0.,0.0203359708411878,0.038978197926088),
 .UNSPECIFIED.);
#2426=B_SPLINE_CURVE_WITH_KNOTS('',3,(#10396,#10397,#10398,#10399,#10400),
 .UNSPECIFIED.,.F.,.F.,(4,1,4),(0.,0.0203359708411878,0.038978197926088),
 .UNSPECIFIED.);
#2427=B_SPLINE_CURVE_WITH_KNOTS('',3,(#10412,#10413,#10414,#10415,#10416),
 .UNSPECIFIED.,.F.,.F.,(4,1,4),(0.,0.0254598167069392,0.048024419855902),
 .UNSPECIFIED.);
#2428=B_SPLINE_CURVE_WITH_KNOTS('',3,(#10419,#10420,#10421,#10422,#10423),
 .UNSPECIFIED.,.F.,.F.,(4,1,4),(0.,0.0254598167069392,0.048024419855902),
 .UNSPECIFIED.);
#2429=B_SPLINE_CURVE_WITH_KNOTS('',3,(#10435,#10436,#10437,#10438,#10439),
 .UNSPECIFIED.,.F.,.F.,(4,1,4),(0.,0.0205146323420881,0.0422955529355737),
 .UNSPECIFIED.);
#2430=B_SPLINE_CURVE_WITH_KNOTS('',3,(#10442,#10443,#10444,#10445,#10446),
 .UNSPECIFIED.,.F.,.F.,(4,1,4),(0.,0.0205146323420881,0.0422955529355737),
 .UNSPECIFIED.);
#2431=B_SPLINE_CURVE_WITH_KNOTS('',3,(#10458,#10459,#10460,#10461,#10462),
 .UNSPECIFIED.,.F.,.F.,(4,1,4),(0.,0.0169502613426865,0.0358104650038429),
 .UNSPECIFIED.);
#2432=B_SPLINE_CURVE_WITH_KNOTS('',3,(#10465,#10466,#10467,#10468,#10469),
 .UNSPECIFIED.,.F.,.F.,(4,1,4),(0.,0.0169502613426865,0.0358104650038429),
 .UNSPECIFIED.);
#2433=B_SPLINE_CURVE_WITH_KNOTS('',3,(#10481,#10482,#10483,#10484,#10485),
 .UNSPECIFIED.,.F.,.F.,(4,1,4),(0.,0.021819658739596,0.0398940292644159),
 .UNSPECIFIED.);
#2434=B_SPLINE_CURVE_WITH_KNOTS('',3,(#10488,#10489,#10490,#10491,#10492),
 .UNSPECIFIED.,.F.,.F.,(4,1,4),(0.,0.021819658739596,0.0398940292644159),
 .UNSPECIFIED.);
#2435=B_SPLINE_CURVE_WITH_KNOTS('',3,(#10510,#10511,#10512,#10513,#10514),
 .UNSPECIFIED.,.F.,.F.,(4,1,4),(0.,0.0253653318774632,0.0544078097163027),
 .UNSPECIFIED.);
#2436=B_SPLINE_CURVE_WITH_KNOTS('',3,(#10517,#10518,#10519,#10520,#10521),
 .UNSPECIFIED.,.F.,.F.,(4,1,4),(0.,0.0253653318774632,0.0544078097163027),
 .UNSPECIFIED.);
#2437=B_SPLINE_CURVE_WITH_KNOTS('',3,(#10533,#10534,#10535,#10536,#10537),
 .UNSPECIFIED.,.F.,.F.,(4,1,4),(0.,0.0266318501631017,0.051060874044974),
 .UNSPECIFIED.);
#2438=B_SPLINE_CURVE_WITH_KNOTS('',3,(#10540,#10541,#10542,#10543,#10544),
 .UNSPECIFIED.,.F.,.F.,(4,1,4),(0.,0.0266318501631017,0.051060874044974),
 .UNSPECIFIED.);
#2439=B_SPLINE_CURVE_WITH_KNOTS('',3,(#10556,#10557,#10558,#10559,#10560),
 .UNSPECIFIED.,.F.,.F.,(4,1,4),(0.,0.0310889743055149,0.0600450087511131),
 .UNSPECIFIED.);
#2440=B_SPLINE_CURVE_WITH_KNOTS('',3,(#10563,#10564,#10565,#10566,#10567),
 .UNSPECIFIED.,.F.,.F.,(4,1,4),(0.,0.0310889743055149,0.0600450087511131),
 .UNSPECIFIED.);
#2441=B_SPLINE_CURVE_WITH_KNOTS('',3,(#10579,#10580,#10581,#10582,#10583),
 .UNSPECIFIED.,.F.,.F.,(4,1,4),(0.,0.0394835438491124,0.0819405931123355),
 .UNSPECIFIED.);
#2442=B_SPLINE_CURVE_WITH_KNOTS('',3,(#10586,#10587,#10588,#10589,#10590),
 .UNSPECIFIED.,.F.,.F.,(4,1,4),(0.,0.0394835438491124,0.0819405931123355),
 .UNSPECIFIED.);
#2443=B_SPLINE_CURVE_WITH_KNOTS('',3,(#10602,#10603,#10604,#10605,#10606),
 .UNSPECIFIED.,.F.,.F.,(4,1,4),(0.,0.0399076300003367,0.0781823838224867),
 .UNSPECIFIED.);
#2444=B_SPLINE_CURVE_WITH_KNOTS('',3,(#10609,#10610,#10611,#10612,#10613),
 .UNSPECIFIED.,.F.,.F.,(4,1,4),(0.,0.0399076300003367,0.0781823838224867),
 .UNSPECIFIED.);
#2445=B_SPLINE_CURVE_WITH_KNOTS('',3,(#10625,#10626,#10627,#10628,#10629),
 .UNSPECIFIED.,.F.,.F.,(4,1,4),(0.,0.0425814723295273,0.0843248348461635),
 .UNSPECIFIED.);
#2446=B_SPLINE_CURVE_WITH_KNOTS('',3,(#10632,#10633,#10634,#10635,#10636),
 .UNSPECIFIED.,.F.,.F.,(4,1,4),(0.,0.0425814723295273,0.0843248348461635),
 .UNSPECIFIED.);
#2447=B_SPLINE_CURVE_WITH_KNOTS('',3,(#10648,#10649,#10650,#10651,#10652),
 .UNSPECIFIED.,.F.,.F.,(4,1,4),(0.,0.0403473938401237,0.0827027915662937),
 .UNSPECIFIED.);
#2448=B_SPLINE_CURVE_WITH_KNOTS('',3,(#10655,#10656,#10657,#10658,#10659),
 .UNSPECIFIED.,.F.,.F.,(4,1,4),(0.,0.0403473938401237,0.0827027915662937),
 .UNSPECIFIED.);
#2449=B_SPLINE_CURVE_WITH_KNOTS('',3,(#10671,#10672,#10673,#10674,#10675),
 .UNSPECIFIED.,.F.,.F.,(4,1,4),(0.,0.0392476458067805,0.0782320893412234),
 .UNSPECIFIED.);
#2450=B_SPLINE_CURVE_WITH_KNOTS('',3,(#10678,#10679,#10680,#10681,#10682),
 .UNSPECIFIED.,.F.,.F.,(4,1,4),(0.,0.0392476458067805,0.0782320893412234),
 .UNSPECIFIED.);
#2451=B_SPLINE_CURVE_WITH_KNOTS('',3,(#10694,#10695,#10696,#10697,#10698),
 .UNSPECIFIED.,.F.,.F.,(4,1,4),(0.,0.0424456418356634,0.0831417884214882),
 .UNSPECIFIED.);
#2452=B_SPLINE_CURVE_WITH_KNOTS('',3,(#10701,#10702,#10703,#10704,#10705),
 .UNSPECIFIED.,.F.,.F.,(4,1,4),(0.,0.0424456418356634,0.0831417884214882),
 .UNSPECIFIED.);
#2453=B_SPLINE_CURVE_WITH_KNOTS('',3,(#10717,#10718,#10719,#10720,#10721),
 .UNSPECIFIED.,.F.,.F.,(4,1,4),(0.,0.0327266177322119,0.0651931752962042),
 .UNSPECIFIED.);
#2454=B_SPLINE_CURVE_WITH_KNOTS('',3,(#10724,#10725,#10726,#10727,#10728),
 .UNSPECIFIED.,.F.,.F.,(4,1,4),(0.,0.0327266177322119,0.0651931752962042),
 .UNSPECIFIED.);
#2455=B_SPLINE_CURVE_WITH_KNOTS('',3,(#10740,#10741,#10742,#10743,#10744),
 .UNSPECIFIED.,.F.,.F.,(4,1,4),(0.,0.0360724059046939,0.0700419402171759),
 .UNSPECIFIED.);
#2456=B_SPLINE_CURVE_WITH_KNOTS('',3,(#10747,#10748,#10749,#10750,#10751),
 .UNSPECIFIED.,.F.,.F.,(4,1,4),(0.,0.0360724059046939,0.0700419402171759),
 .UNSPECIFIED.);
#2457=B_SPLINE_CURVE_WITH_KNOTS('',3,(#10786,#10787,#10788,#10789,#10790),
 .UNSPECIFIED.,.F.,.F.,(4,1,4),(0.,0.0366199573802088,0.0709474688123673),
 .UNSPECIFIED.);
#2458=B_SPLINE_CURVE_WITH_KNOTS('',3,(#10794,#10795,#10796,#10797,#10798),
 .UNSPECIFIED.,.F.,.F.,(4,1,4),(0.,0.0366199573802088,0.0709474688123673),
 .UNSPECIFIED.);
#2459=B_SPLINE_CURVE_WITH_KNOTS('',3,(#10811,#10812,#10813,#10814,#10815),
 .UNSPECIFIED.,.F.,.F.,(4,1,4),(0.,0.0383648181184355,0.0789504302029347),
 .UNSPECIFIED.);
#2460=B_SPLINE_CURVE_WITH_KNOTS('',3,(#10818,#10819,#10820,#10821,#10822),
 .UNSPECIFIED.,.F.,.F.,(4,1,4),(0.,0.0383648181184355,0.0789504302029347),
 .UNSPECIFIED.);
#2461=B_SPLINE_CURVE_WITH_KNOTS('',3,(#10834,#10835,#10836,#10837,#10838),
 .UNSPECIFIED.,.F.,.F.,(4,1,4),(0.,0.0369976620186972,0.0741529228524729),
 .UNSPECIFIED.);
#2462=B_SPLINE_CURVE_WITH_KNOTS('',3,(#10841,#10842,#10843,#10844,#10845),
 .UNSPECIFIED.,.F.,.F.,(4,1,4),(0.,0.0369976620186972,0.0741529228524729),
 .UNSPECIFIED.);
#2463=B_SPLINE_CURVE_WITH_KNOTS('',3,(#10857,#10858,#10859,#10860,#10861),
 .UNSPECIFIED.,.F.,.F.,(4,1,4),(0.,0.0244126509237838,0.051294765947431),
 .UNSPECIFIED.);
#2464=B_SPLINE_CURVE_WITH_KNOTS('',3,(#10864,#10865,#10866,#10867,#10868),
 .UNSPECIFIED.,.F.,.F.,(4,1,4),(0.,0.0244126509237838,0.051294765947431),
 .UNSPECIFIED.);
#2465=B_SPLINE_CURVE_WITH_KNOTS('',3,(#10880,#10881,#10882,#10883,#10884),
 .UNSPECIFIED.,.F.,.F.,(4,1,4),(0.,0.0254507791925225,0.0493373430622187),
 .UNSPECIFIED.);
#2466=B_SPLINE_CURVE_WITH_KNOTS('',3,(#10887,#10888,#10889,#10890,#10891),
 .UNSPECIFIED.,.F.,.F.,(4,1,4),(0.,0.0254507791925225,0.0493373430622187),
 .UNSPECIFIED.);
#2467=B_SPLINE_CURVE_WITH_KNOTS('',3,(#10903,#10904,#10905,#10906,#10907),
 .UNSPECIFIED.,.F.,.F.,(4,1,4),(0.,0.0193061687297542,0.0403909510183107),
 .UNSPECIFIED.);
#2468=B_SPLINE_CURVE_WITH_KNOTS('',3,(#10910,#10911,#10912,#10913,#10914),
 .UNSPECIFIED.,.F.,.F.,(4,1,4),(0.,0.0193061687297542,0.0403909510183107),
 .UNSPECIFIED.);
#2469=B_SPLINE_CURVE_WITH_KNOTS('',3,(#10926,#10927,#10928,#10929,#10930),
 .UNSPECIFIED.,.F.,.F.,(4,1,4),(0.,0.0187533347591991,0.037315869048244),
 .UNSPECIFIED.);
#2470=B_SPLINE_CURVE_WITH_KNOTS('',3,(#10933,#10934,#10935,#10936,#10937),
 .UNSPECIFIED.,.F.,.F.,(4,1,4),(0.,0.0187533347591991,0.037315869048244),
 .UNSPECIFIED.);
#2471=B_SPLINE_CURVE_WITH_KNOTS('',3,(#10949,#10950,#10951,#10952,#10953),
 .UNSPECIFIED.,.F.,.F.,(4,1,4),(0.,0.0204925143758051,0.0405809456630196),
 .UNSPECIFIED.);
#2472=B_SPLINE_CURVE_WITH_KNOTS('',3,(#10956,#10957,#10958,#10959,#10960),
 .UNSPECIFIED.,.F.,.F.,(4,1,4),(0.,0.0204925143758051,0.0405809456630196),
 .UNSPECIFIED.);
#2473=B_SPLINE_CURVE_WITH_KNOTS('',3,(#10972,#10973,#10974,#10975,#10976),
 .UNSPECIFIED.,.F.,.F.,(4,1,4),(0.,0.0220867726511647,0.0431695522471021),
 .UNSPECIFIED.);
#2474=B_SPLINE_CURVE_WITH_KNOTS('',3,(#10979,#10980,#10981,#10982,#10983),
 .UNSPECIFIED.,.F.,.F.,(4,1,4),(0.,0.0220867726511647,0.0431695522471021),
 .UNSPECIFIED.);
#2475=B_SPLINE_CURVE_WITH_KNOTS('',3,(#10995,#10996,#10997,#10998,#10999),
 .UNSPECIFIED.,.F.,.F.,(4,1,4),(0.,0.0237312851904249,0.0467701357279639),
 .UNSPECIFIED.);
#2476=B_SPLINE_CURVE_WITH_KNOTS('',3,(#11002,#11003,#11004,#11005,#11006),
 .UNSPECIFIED.,.F.,.F.,(4,1,4),(0.,0.0237312851904249,0.0467701357279639),
 .UNSPECIFIED.);
#2477=B_SPLINE_CURVE_WITH_KNOTS('',3,(#11018,#11019,#11020,#11021,#11022),
 .UNSPECIFIED.,.F.,.F.,(4,1,4),(0.,0.0308966362009207,0.0639815818867345),
 .UNSPECIFIED.);
#2478=B_SPLINE_CURVE_WITH_KNOTS('',3,(#11025,#11026,#11027,#11028,#11029),
 .UNSPECIFIED.,.F.,.F.,(4,1,4),(0.,0.0308966362009207,0.0639815818867345),
 .UNSPECIFIED.);
#2479=B_SPLINE_CURVE_WITH_KNOTS('',3,(#11041,#11042,#11043,#11044,#11045),
 .UNSPECIFIED.,.F.,.F.,(4,1,4),(0.,0.0346778534771994,0.0661056910653943),
 .UNSPECIFIED.);
#2480=B_SPLINE_CURVE_WITH_KNOTS('',3,(#11048,#11049,#11050,#11051,#11052),
 .UNSPECIFIED.,.F.,.F.,(4,1,4),(0.,0.0346778534771994,0.0661056910653943),
 .UNSPECIFIED.);
#2481=B_SPLINE_CURVE_WITH_KNOTS('',3,(#11070,#11071,#11072,#11073,#11074),
 .UNSPECIFIED.,.F.,.F.,(4,1,4),(0.,0.0205786447626412,0.045132277174335),
 .UNSPECIFIED.);
#2482=B_SPLINE_CURVE_WITH_KNOTS('',3,(#11077,#11078,#11079,#11080,#11081),
 .UNSPECIFIED.,.F.,.F.,(4,1,4),(0.,0.0205786447626412,0.045132277174335),
 .UNSPECIFIED.);
#2483=B_SPLINE_CURVE_WITH_KNOTS('',3,(#11093,#11094,#11095,#11096,#11097),
 .UNSPECIFIED.,.F.,.F.,(4,1,4),(0.,0.0199837662326197,0.0390182388485057),
 .UNSPECIFIED.);
#2484=B_SPLINE_CURVE_WITH_KNOTS('',3,(#11100,#11101,#11102,#11103,#11104),
 .UNSPECIFIED.,.F.,.F.,(4,1,4),(0.,0.0199837662326197,0.0390182388485057),
 .UNSPECIFIED.);
#2485=B_SPLINE_CURVE_WITH_KNOTS('',3,(#11116,#11117,#11118,#11119,#11120),
 .UNSPECIFIED.,.F.,.F.,(4,1,4),(0.,0.018606501915648,0.0385817177018185),
 .UNSPECIFIED.);
#2486=B_SPLINE_CURVE_WITH_KNOTS('',3,(#11123,#11124,#11125,#11126,#11127),
 .UNSPECIFIED.,.F.,.F.,(4,1,4),(0.,0.018606501915648,0.0385817177018185),
 .UNSPECIFIED.);
#2487=B_SPLINE_CURVE_WITH_KNOTS('',3,(#11139,#11140,#11141,#11142,#11143),
 .UNSPECIFIED.,.F.,.F.,(4,1,4),(0.,0.018834325257295,0.0370543685900721),
 .UNSPECIFIED.);
#2488=B_SPLINE_CURVE_WITH_KNOTS('',3,(#11146,#11147,#11148,#11149,#11150),
 .UNSPECIFIED.,.F.,.F.,(4,1,4),(0.,0.018834325257295,0.0370543685900721),
 .UNSPECIFIED.);
#2489=B_SPLINE_CURVE_WITH_KNOTS('',3,(#11162,#11163,#11164,#11165,#11166),
 .UNSPECIFIED.,.F.,.F.,(4,1,4),(0.,0.0210440289689631,0.0437907390468504),
 .UNSPECIFIED.);
#2490=B_SPLINE_CURVE_WITH_KNOTS('',3,(#11169,#11170,#11171,#11172,#11173),
 .UNSPECIFIED.,.F.,.F.,(4,1,4),(0.,0.0210440289689631,0.0437907390468504),
 .UNSPECIFIED.);
#2491=B_SPLINE_CURVE_WITH_KNOTS('',3,(#11185,#11186,#11187,#11188,#11189),
 .UNSPECIFIED.,.F.,.F.,(4,1,4),(0.,0.0225665207465976,0.0445877773633387),
 .UNSPECIFIED.);
#2492=B_SPLINE_CURVE_WITH_KNOTS('',3,(#11192,#11193,#11194,#11195,#11196),
 .UNSPECIFIED.,.F.,.F.,(4,1,4),(0.,0.0225665207465976,0.0445877773633387),
 .UNSPECIFIED.);
#2493=B_SPLINE_CURVE_WITH_KNOTS('',3,(#11208,#11209,#11210,#11211,#11212),
 .UNSPECIFIED.,.F.,.F.,(4,1,4),(0.,0.00333950937309373,0.00595064886328792),
 .UNSPECIFIED.);
#2494=B_SPLINE_CURVE_WITH_KNOTS('',3,(#11215,#11216,#11217,#11218,#11219),
 .UNSPECIFIED.,.F.,.F.,(4,1,4),(0.,0.00333950937309373,0.00595064886328792),
 .UNSPECIFIED.);
#2495=B_SPLINE_CURVE_WITH_KNOTS('',3,(#11237,#11238,#11239,#11240,#11241),
 .UNSPECIFIED.,.F.,.F.,(4,1,4),(0.,0.0117601270807159,0.0263599837384005),
 .UNSPECIFIED.);
#2496=B_SPLINE_CURVE_WITH_KNOTS('',3,(#11244,#11245,#11246,#11247,#11248),
 .UNSPECIFIED.,.F.,.F.,(4,1,4),(0.,0.0117601270807159,0.0263599837384005),
 .UNSPECIFIED.);
#2497=B_SPLINE_CURVE_WITH_KNOTS('',3,(#11260,#11261,#11262,#11263,#11264),
 .UNSPECIFIED.,.F.,.F.,(4,1,4),(0.,0.0225187421718724,0.046208251694134),
 .UNSPECIFIED.);
#2498=B_SPLINE_CURVE_WITH_KNOTS('',3,(#11267,#11268,#11269,#11270,#11271),
 .UNSPECIFIED.,.F.,.F.,(4,1,4),(0.,0.0225187421718724,0.046208251694134),
 .UNSPECIFIED.);
#2499=B_SPLINE_CURVE_WITH_KNOTS('',3,(#11283,#11284,#11285,#11286,#11287),
 .UNSPECIFIED.,.F.,.F.,(4,1,4),(0.,0.0235177016628627,0.0459719892106071),
 .UNSPECIFIED.);
#2500=B_SPLINE_CURVE_WITH_KNOTS('',3,(#11290,#11291,#11292,#11293,#11294),
 .UNSPECIFIED.,.F.,.F.,(4,1,4),(0.,0.0235177016628627,0.0459719892106071),
 .UNSPECIFIED.);
#2501=B_SPLINE_CURVE_WITH_KNOTS('',3,(#11306,#11307,#11308,#11309,#11310),
 .UNSPECIFIED.,.F.,.F.,(4,1,4),(0.,0.0242208648741273,0.0490815067921317),
 .UNSPECIFIED.);
#2502=B_SPLINE_CURVE_WITH_KNOTS('',3,(#11313,#11314,#11315,#11316,#11317),
 .UNSPECIFIED.,.F.,.F.,(4,1,4),(0.,0.0242208648741273,0.0490815067921317),
 .UNSPECIFIED.);
#2503=B_SPLINE_CURVE_WITH_KNOTS('',3,(#11329,#11330,#11331,#11332,#11333),
 .UNSPECIFIED.,.F.,.F.,(4,1,4),(0.,0.0243874341015971,0.0484599743634771),
 .UNSPECIFIED.);
#2504=B_SPLINE_CURVE_WITH_KNOTS('',3,(#11336,#11337,#11338,#11339,#11340),
 .UNSPECIFIED.,.F.,.F.,(4,1,4),(0.,0.0243874341015971,0.0484599743634771),
 .UNSPECIFIED.);
#2505=B_SPLINE_CURVE_WITH_KNOTS('',3,(#11352,#11353,#11354,#11355,#11356),
 .UNSPECIFIED.,.F.,.F.,(4,1,4),(0.,0.0198296276997506,0.0403558255183718),
 .UNSPECIFIED.);
#2506=B_SPLINE_CURVE_WITH_KNOTS('',3,(#11359,#11360,#11361,#11362,#11363),
 .UNSPECIFIED.,.F.,.F.,(4,1,4),(0.,0.0198296276997506,0.0403558255183718),
 .UNSPECIFIED.);
#2507=B_SPLINE_CURVE_WITH_KNOTS('',3,(#11375,#11376,#11377,#11378,#11379),
 .UNSPECIFIED.,.F.,.F.,(4,1,4),(0.,0.0282658028001088,0.0506331890080169),
 .UNSPECIFIED.);
#2508=B_SPLINE_CURVE_WITH_KNOTS('',3,(#11382,#11383,#11384,#11385,#11386),
 .UNSPECIFIED.,.F.,.F.,(4,1,4),(0.,0.0282658028001088,0.0506331890080169),
 .UNSPECIFIED.);
#2509=B_SPLINE_CURVE_WITH_KNOTS('',3,(#11403,#11404,#11405,#11406,#11407),
 .UNSPECIFIED.,.F.,.F.,(4,1,4),(0.,0.0339039947415624,0.0691201646337942),
 .UNSPECIFIED.);
#2510=B_SPLINE_CURVE_WITH_KNOTS('',3,(#11408,#11409,#11410,#11411,#11412),
 .UNSPECIFIED.,.F.,.F.,(4,1,4),(0.,0.0339039947415624,0.0691201646337942),
 .UNSPECIFIED.);
#2511=B_SPLINE_CURVE_WITH_KNOTS('',3,(#11570,#11571,#11572,#11573,#11574,
#11575,#11576,#11577,#11578,#11579,#11580,#11581,#11582,#11583,#11584,#11585),
 .UNSPECIFIED.,.F.,.F.,(4,2,2,2,2,2,2,4),(-0.00032442309636576,0.,0.0104420594268444,
0.0208690832354199,0.0406706254559674,0.0600472095332523,0.0792096070853575,
0.0792671706687617),.UNSPECIFIED.);
#2512=B_SPLINE_CURVE_WITH_KNOTS('',3,(#11586,#11587,#11588,#11589,#11590,
#11591,#11592,#11593,#11594,#11595,#11596,#11597),.UNSPECIFIED.,.F.,.F.,
(4,2,2,2,2,4),(-0.421213575233379,-0.392129167866997,-0.363286819355925,
-0.341641944341939,-0.324499195178264,-0.31471839738574),.UNSPECIFIED.);
#2513=B_SPLINE_CURVE_WITH_KNOTS('',3,(#11628,#11629,#11630,#11631,#11632,
#11633),.UNSPECIFIED.,.F.,.F.,(4,2,4),(0.347467794173472,0.351961828730857,
0.356455285136587),.UNSPECIFIED.);
#2514=B_SPLINE_CURVE_WITH_KNOTS('',3,(#11635,#11636,#11637,#11638,#11639,
#11640),.UNSPECIFIED.,.F.,.F.,(4,2,4),(5.70067100396669,5.97607618229059,
6.02264219425273),.UNSPECIFIED.);
#2515=B_SPLINE_CURVE_WITH_KNOTS('',3,(#11644,#11645,#11646,#11647),
 .UNSPECIFIED.,.F.,.F.,(4,4),(18.0857247528086,18.4082541002152),
 .UNSPECIFIED.);
#2516=B_SPLINE_CURVE_WITH_KNOTS('',3,(#11648,#11649,#11650,#11651,#11652,
#11653),.UNSPECIFIED.,.F.,.F.,(4,2,4),(1.04718738341649,1.0516808399309,
1.05617487454401),.UNSPECIFIED.);
#2517=B_SPLINE_CURVE_WITH_KNOTS('',3,(#11654,#11655,#11656,#11657,#11658,
#11659,#11660,#11661,#11662,#11663,#11664,#11665),.UNSPECIFIED.,.F.,.F.,
(4,2,2,2,2,4),(12.0630247862386,13.4477610773569,14.9417224381689,16.4357755226019,
17.9299231130649,18.0857247528086),.UNSPECIFIED.);
#2518=B_SPLINE_CURVE_WITH_KNOTS('',3,(#11666,#11667,#11668,#11669,#11670,
#11671,#11672,#11673,#11674,#11675,#11676,#11677),.UNSPECIFIED.,.F.,.F.,
(4,2,2,2,2,4),(6.02264219425273,7.47032216706657,8.96465965637419,10.4590887764208,
11.9535993013223,12.0453222535611),.UNSPECIFIED.);
#2519=B_SPLINE_CURVE_WITH_KNOTS('',3,(#11680,#11681,#11682,#11683,#11684,
#11685),.UNSPECIFIED.,.F.,.F.,(4,2,4),(0.347467794148978,0.35196182873086,
0.356455285161053),.UNSPECIFIED.);
#2520=B_SPLINE_CURVE_WITH_KNOTS('',3,(#11687,#11688,#11689,#11690,#11691,
#11692),.UNSPECIFIED.,.F.,.F.,(4,2,4),(5.70067100399086,5.97607618229066,
6.02264219425217),.UNSPECIFIED.);
#2521=B_SPLINE_CURVE_WITH_KNOTS('',3,(#11694,#11695,#11696,#11697,#11698,
#11699,#11700,#11701,#11702,#11703,#11704,#11705),.UNSPECIFIED.,.F.,.F.,
(4,2,2,2,2,4),(6.02264219425217,7.47032216706666,8.96465965637431,10.4590887764209,
11.9535993013225,12.0453222535608),.UNSPECIFIED.);
#2522=B_SPLINE_CURVE_WITH_KNOTS('',3,(#11708,#11709,#11710,#11711,#11712,
#11713,#11714,#11715,#11716,#11717,#11718,#11719,#11720,#11721,#11722,#11723,
#11724,#11725,#11726,#11727,#11728,#11729,#11730,#11731,#11732,#11733),
 .UNSPECIFIED.,.F.,.F.,(4,2,2,2,2,2,2,2,2,2,2,2,4),(-1.00742013128491,-1.00660116467349,
-0.820004313874768,-0.701864783326259,-0.620109646367414,-0.548923796611961,
-0.50331898863672,-0.457714180661704,-0.386528330907478,-0.304773193949408,
-0.18663366340227,0.,0.000819257512638048),.UNSPECIFIED.);
#2523=B_SPLINE_CURVE_WITH_KNOTS('',3,(#11736,#11737,#11738,#11739,#11740,
#11741),.UNSPECIFIED.,.F.,.F.,(4,2,4),(-0.824091137032168,-0.823215535961174,
-0.818857789151438),.UNSPECIFIED.);
#2524=B_SPLINE_CURVE_WITH_KNOTS('',3,(#11742,#11743,#11744,#11745,#11746,
#11747),.UNSPECIFIED.,.F.,.F.,(4,2,4),(1.04718783447907,1.05168115897893,
1.05617495865955),.UNSPECIFIED.);
#2525=B_SPLINE_CURVE_WITH_KNOTS('',3,(#11749,#11750,#11751,#11752,#11753,
#11754),.UNSPECIFIED.,.F.,.F.,(4,2,4),(-0.00469908700066169,0.,0.000944205441721364),
 .UNSPECIFIED.);
#2526=B_SPLINE_CURVE_WITH_KNOTS('',3,(#11757,#11758,#11759,#11760,#11761,
#11762,#11763,#11764,#11765,#11766,#11767,#11768,#11769,#11770,#11771,#11772,
#11773,#11774,#11775,#11776,#11777,#11778,#11779,#11780,#11781,#11782),
 .UNSPECIFIED.,.F.,.F.,(4,2,2,2,2,2,2,2,2,2,2,2,4),(-1.00756574227739,-1.00674655697171,
-0.820110034603062,-0.701953422758245,-0.620186465168986,-0.548990322951962,
-0.503378921169832,-0.457767519387765,-0.386571377171102,-0.304804419582083,
-0.186647807737662,0.,0.000819274485307765),.UNSPECIFIED.);
#2527=B_SPLINE_CURVE_WITH_KNOTS('',3,(#11784,#11785,#11786,#11787,#11788,
#11789),.UNSPECIFIED.,.F.,.F.,(4,2,4),(-0.824092867805226,-0.823217267034378,
-0.818859502808907),.UNSPECIFIED.);
#2528=B_SPLINE_CURVE_WITH_KNOTS('',3,(#11791,#11792,#11793,#11794,#11795,
#11796),.UNSPECIFIED.,.F.,.F.,(4,2,4),(-0.00469908785889091,0.,0.00094420981033812),
 .UNSPECIFIED.);
#2529=B_SPLINE_CURVE_WITH_KNOTS('',3,(#11806,#11807,#11808,#11809),
 .UNSPECIFIED.,.F.,.F.,(4,4),(18.0857247528089,18.4082541001906),
 .UNSPECIFIED.);
#2530=B_SPLINE_CURVE_WITH_KNOTS('',3,(#11810,#11811,#11812,#11813,#11814,
#11815,#11816,#11817,#11818,#11819,#11820,#11821),.UNSPECIFIED.,.F.,.F.,
(4,2,2,2,2,4),(12.063024786239,13.447761077357,14.941722438169,16.4357755226019,
17.9299231130649,18.0857247528089),.UNSPECIFIED.);
#2531=CIRCLE('',#6259,2.3);
#2532=CIRCLE('',#6261,2.3);
#2533=CIRCLE('',#6264,5.00000000000002);
#2534=CIRCLE('',#6265,5.00000000000002);
#2535=CIRCLE('',#6268,5.);
#2536=CIRCLE('',#6269,5.);
#2537=CIRCLE('',#6272,5.00000000000002);
#2538=CIRCLE('',#6273,5.00000000000002);
#2539=CIRCLE('',#6276,4.99999999999996);
#2540=CIRCLE('',#6277,4.99999999999996);
#2541=CIRCLE('',#6281,1.5);
#2542=CIRCLE('',#6282,1.5);
#2543=CIRCLE('',#6285,1.5);
#2544=CIRCLE('',#6286,1.5);
#2545=CIRCLE('',#6292,1.5);
#2546=CIRCLE('',#6294,1.5);
#2547=CIRCLE('',#6296,1.5);
#2548=CIRCLE('',#6298,1.5);
#2549=CIRCLE('',#6315,1.5);
#2550=CIRCLE('',#6316,1.5);
#2551=CIRCLE('',#6323,1.5);
#2552=CIRCLE('',#6324,1.5);
#2553=CIRCLE('',#6326,1.5);
#2554=CIRCLE('',#6328,1.5);
#2555=CIRCLE('',#6330,1.5);
#2556=CIRCLE('',#6332,1.5);
#2557=CIRCLE('',#6350,43.25);
#2558=CIRCLE('',#6351,38.25);
#2559=CIRCLE('',#6354,38.25);
#2560=CIRCLE('',#6356,38.25);
#2561=CIRCLE('',#6357,10.752915102627);
#2562=CIRCLE('',#6358,10.752915102627);
#2563=CIRCLE('',#6359,38.25);
#2564=CIRCLE('',#6362,2.5);
#2565=CIRCLE('',#6364,38.25);
#2566=CIRCLE('',#6365,11.252915102627);
#2567=CIRCLE('',#6366,11.252915102627);
#2568=CIRCLE('',#6367,2.5);
#2569=CIRCLE('',#6368,1.5);
#2570=CIRCLE('',#6369,1.5);
#2571=CIRCLE('',#6370,1.5);
#2572=CIRCLE('',#6371,1.5);
#2573=CIRCLE('',#6387,10.7529151026271);
#2574=CIRCLE('',#6397,1.5);
#2575=CIRCLE('',#6399,1.5);
#2576=CIRCLE('',#6403,43.2499999999998);
#2577=CIRCLE('',#6406,2.3);
#2578=CIRCLE('',#6407,2.29999999999999);
#2579=CIRCLE('',#6483,1.5);
#2580=CIRCLE('',#6486,1.5);
#2581=CIRCLE('',#6491,10.752915102627);
#2582=CIRCLE('',#6517,38.25);
#2583=VERTEX_POINT('',#7642);
#2584=VERTEX_POINT('',#7643);
#2585=VERTEX_POINT('',#7645);
#2586=VERTEX_POINT('',#7662);
#2587=VERTEX_POINT('',#7671);
#2588=VERTEX_POINT('',#7682);
#2589=VERTEX_POINT('',#7689);
#2590=VERTEX_POINT('',#7696);
#2591=VERTEX_POINT('',#7723);
#2592=VERTEX_POINT('',#7730);
#2593=VERTEX_POINT('',#7737);
#2594=VERTEX_POINT('',#7746);
#2595=VERTEX_POINT('',#7772);
#2596=VERTEX_POINT('',#7773);
#2597=VERTEX_POINT('',#7775);
#2598=VERTEX_POINT('',#7792);
#2599=VERTEX_POINT('',#7801);
#2600=VERTEX_POINT('',#7812);
#2601=VERTEX_POINT('',#7819);
#2602=VERTEX_POINT('',#7826);
#2603=VERTEX_POINT('',#7853);
#2604=VERTEX_POINT('',#7860);
#2605=VERTEX_POINT('',#7867);
#2606=VERTEX_POINT('',#7876);
#2607=VERTEX_POINT('',#7902);
#2608=VERTEX_POINT('',#7903);
#2609=VERTEX_POINT('',#7905);
#2610=VERTEX_POINT('',#7907);
#2611=VERTEX_POINT('',#7911);
#2612=VERTEX_POINT('',#7913);
#2613=VERTEX_POINT('',#7917);
#2614=VERTEX_POINT('',#7919);
#2615=VERTEX_POINT('',#7923);
#2616=VERTEX_POINT('',#7925);
#2617=VERTEX_POINT('',#7929);
#2618=VERTEX_POINT('',#7931);
#2619=VERTEX_POINT('',#7935);
#2620=VERTEX_POINT('',#7937);
#2621=VERTEX_POINT('',#7941);
#2622=VERTEX_POINT('',#7943);
#2623=VERTEX_POINT('',#7950);
#2624=VERTEX_POINT('',#7951);
#2625=VERTEX_POINT('',#7953);
#2626=VERTEX_POINT('',#7955);
#2627=VERTEX_POINT('',#7959);
#2628=VERTEX_POINT('',#7960);
#2629=VERTEX_POINT('',#7962);
#2630=VERTEX_POINT('',#7964);
#2631=VERTEX_POINT('',#7968);
#2632=VERTEX_POINT('',#7970);
#2633=VERTEX_POINT('',#7973);
#2634=VERTEX_POINT('',#7975);
#2635=VERTEX_POINT('',#7978);
#2636=VERTEX_POINT('',#7980);
#2637=VERTEX_POINT('',#7984);
#2638=VERTEX_POINT('',#7986);
#2639=VERTEX_POINT('',#7989);
#2640=VERTEX_POINT('',#7991);
#2641=VERTEX_POINT('',#7994);
#2642=VERTEX_POINT('',#7996);
#2643=VERTEX_POINT('',#8000);
#2644=VERTEX_POINT('',#8002);
#2645=VERTEX_POINT('',#8006);
#2646=VERTEX_POINT('',#8008);
#2647=VERTEX_POINT('',#8015);
#2648=VERTEX_POINT('',#8019);
#2649=VERTEX_POINT('',#8023);
#2650=VERTEX_POINT('',#8027);
#2651=VERTEX_POINT('',#8031);
#2652=VERTEX_POINT('',#8032);
#2653=VERTEX_POINT('',#8034);
#2654=VERTEX_POINT('',#8036);
#2655=VERTEX_POINT('',#8038);
#2656=VERTEX_POINT('',#8040);
#2657=VERTEX_POINT('',#8044);
#2658=VERTEX_POINT('',#8045);
#2659=VERTEX_POINT('',#8050);
#2660=VERTEX_POINT('',#8054);
#2661=VERTEX_POINT('',#8058);
#2662=VERTEX_POINT('',#8062);
#2663=VERTEX_POINT('',#8068);
#2664=VERTEX_POINT('',#8069);
#2665=VERTEX_POINT('',#8071);
#2666=VERTEX_POINT('',#8073);
#2667=VERTEX_POINT('',#8075);
#2668=VERTEX_POINT('',#8077);
#2669=VERTEX_POINT('',#8081);
#2670=VERTEX_POINT('',#8082);
#2671=VERTEX_POINT('',#8087);
#2672=VERTEX_POINT('',#8091);
#2673=VERTEX_POINT('',#8095);
#2674=VERTEX_POINT('',#8099);
#2675=VERTEX_POINT('',#8105);
#2676=VERTEX_POINT('',#8106);
#2677=VERTEX_POINT('',#8108);
#2678=VERTEX_POINT('',#8110);
#2679=VERTEX_POINT('',#8114);
#2680=VERTEX_POINT('',#8116);
#2681=VERTEX_POINT('',#8119);
#2682=VERTEX_POINT('',#8121);
#2683=VERTEX_POINT('',#8124);
#2684=VERTEX_POINT('',#8125);
#2685=VERTEX_POINT('',#8127);
#2686=VERTEX_POINT('',#8129);
#2687=VERTEX_POINT('',#8133);
#2688=VERTEX_POINT('',#8135);
#2689=VERTEX_POINT('',#8139);
#2690=VERTEX_POINT('',#8140);
#2691=VERTEX_POINT('',#8145);
#2692=VERTEX_POINT('',#8146);
#2693=VERTEX_POINT('',#8156);
#2694=VERTEX_POINT('',#8158);
#2695=VERTEX_POINT('',#8161);
#2696=VERTEX_POINT('',#8165);
#2697=VERTEX_POINT('',#8169);
#2698=VERTEX_POINT('',#8173);
#2699=VERTEX_POINT('',#8177);
#2700=VERTEX_POINT('',#8178);
#2701=VERTEX_POINT('',#8180);
#2702=VERTEX_POINT('',#8182);
#2703=VERTEX_POINT('',#8184);
#2704=VERTEX_POINT('',#8186);
#2705=VERTEX_POINT('',#8190);
#2706=VERTEX_POINT('',#8191);
#2707=VERTEX_POINT('',#8196);
#2708=VERTEX_POINT('',#8200);
#2709=VERTEX_POINT('',#8204);
#2710=VERTEX_POINT('',#8208);
#2711=VERTEX_POINT('',#8214);
#2712=VERTEX_POINT('',#8215);
#2713=VERTEX_POINT('',#8217);
#2714=VERTEX_POINT('',#8219);
#2715=VERTEX_POINT('',#8221);
#2716=VERTEX_POINT('',#8223);
#2717=VERTEX_POINT('',#8227);
#2718=VERTEX_POINT('',#8228);
#2719=VERTEX_POINT('',#8233);
#2720=VERTEX_POINT('',#8237);
#2721=VERTEX_POINT('',#8241);
#2722=VERTEX_POINT('',#8245);
#2723=VERTEX_POINT('',#8253);
#2724=VERTEX_POINT('',#8255);
#2725=VERTEX_POINT('',#8257);
#2726=VERTEX_POINT('',#8259);
#2727=VERTEX_POINT('',#8262);
#2728=VERTEX_POINT('',#8265);
#2729=VERTEX_POINT('',#8266);
#2730=VERTEX_POINT('',#8268);
#2731=VERTEX_POINT('',#8270);
#2732=VERTEX_POINT('',#8274);
#2733=VERTEX_POINT('',#8275);
#2734=VERTEX_POINT('',#8279);
#2735=VERTEX_POINT('',#8280);
#2736=VERTEX_POINT('',#8282);
#2737=VERTEX_POINT('',#8284);
#2738=VERTEX_POINT('',#8286);
#2739=VERTEX_POINT('',#8288);
#2740=VERTEX_POINT('',#8291);
#2741=VERTEX_POINT('',#8292);
#2742=VERTEX_POINT('',#8294);
#2743=VERTEX_POINT('',#8296);
#2744=VERTEX_POINT('',#8298);
#2745=VERTEX_POINT('',#8300);
#2746=VERTEX_POINT('',#8304);
#2747=VERTEX_POINT('',#8305);
#2748=VERTEX_POINT('',#8307);
#2749=VERTEX_POINT('',#8309);
#2750=VERTEX_POINT('',#8311);
#2751=VERTEX_POINT('',#8313);
#2752=VERTEX_POINT('',#8315);
#2753=VERTEX_POINT('',#8317);
#2754=VERTEX_POINT('',#8319);
#2755=VERTEX_POINT('',#8321);
#2756=VERTEX_POINT('',#8325);
#2757=VERTEX_POINT('',#8326);
#2758=VERTEX_POINT('',#8331);
#2759=VERTEX_POINT('',#8332);
#2760=VERTEX_POINT('',#8334);
#2761=VERTEX_POINT('',#8337);
#2762=VERTEX_POINT('',#8340);
#2763=VERTEX_POINT('',#8341);
#2764=VERTEX_POINT('',#8343);
#2765=VERTEX_POINT('',#8345);
#2766=VERTEX_POINT('',#8347);
#2767=VERTEX_POINT('',#8349);
#2768=VERTEX_POINT('',#8352);
#2769=VERTEX_POINT('',#8353);
#2770=VERTEX_POINT('',#8355);
#2771=VERTEX_POINT('',#8357);
#2772=VERTEX_POINT('',#8359);
#2773=VERTEX_POINT('',#8361);
#2774=VERTEX_POINT('',#8365);
#2775=VERTEX_POINT('',#8366);
#2776=VERTEX_POINT('',#8368);
#2777=VERTEX_POINT('',#8370);
#2778=VERTEX_POINT('',#8372);
#2779=VERTEX_POINT('',#8374);
#2780=VERTEX_POINT('',#8377);
#2781=VERTEX_POINT('',#8379);
#2782=VERTEX_POINT('',#8381);
#2783=VERTEX_POINT('',#8383);
#2784=VERTEX_POINT('',#8386);
#2785=VERTEX_POINT('',#8388);
#2786=VERTEX_POINT('',#8390);
#2787=VERTEX_POINT('',#8392);
#2788=VERTEX_POINT('',#8400);
#2789=VERTEX_POINT('',#8401);
#2790=VERTEX_POINT('',#8406);
#2791=VERTEX_POINT('',#8410);
#2792=VERTEX_POINT('',#8414);
#2793=VERTEX_POINT('',#8418);
#2794=VERTEX_POINT('',#8424);
#2795=VERTEX_POINT('',#8425);
#2796=VERTEX_POINT('',#8430);
#2797=VERTEX_POINT('',#8434);
#2798=VERTEX_POINT('',#8438);
#2799=VERTEX_POINT('',#8442);
#2800=VERTEX_POINT('',#8448);
#2801=VERTEX_POINT('',#8449);
#2802=VERTEX_POINT('',#8476);
#2803=VERTEX_POINT('',#8480);
#2804=VERTEX_POINT('',#8493);
#2805=VERTEX_POINT('',#8496);
#2806=VERTEX_POINT('',#8503);
#2807=VERTEX_POINT('',#8505);
#2808=VERTEX_POINT('',#8509);
#2809=VERTEX_POINT('',#8513);
#2810=VERTEX_POINT('',#8516);
#2811=VERTEX_POINT('',#8518);
#2812=VERTEX_POINT('',#8521);
#2813=VERTEX_POINT('',#8522);
#2814=VERTEX_POINT('',#8524);
#2815=VERTEX_POINT('',#8526);
#2816=VERTEX_POINT('',#8539);
#2817=VERTEX_POINT('',#8545);
#2818=VERTEX_POINT('',#8562);
#2819=VERTEX_POINT('',#8568);
#2820=VERTEX_POINT('',#8585);
#2821=VERTEX_POINT('',#8591);
#2822=VERTEX_POINT('',#8608);
#2823=VERTEX_POINT('',#8614);
#2824=VERTEX_POINT('',#8631);
#2825=VERTEX_POINT('',#8637);
#2826=VERTEX_POINT('',#8645);
#2827=VERTEX_POINT('',#8647);
#2828=VERTEX_POINT('',#8654);
#2829=VERTEX_POINT('',#8655);
#2830=VERTEX_POINT('',#8657);
#2831=VERTEX_POINT('',#8659);
#2832=VERTEX_POINT('',#8663);
#2833=VERTEX_POINT('',#8665);
#2834=VERTEX_POINT('',#8678);
#2835=VERTEX_POINT('',#8684);
#2836=VERTEX_POINT('',#8701);
#2837=VERTEX_POINT('',#8707);
#2838=VERTEX_POINT('',#8724);
#2839=VERTEX_POINT('',#8730);
#2840=VERTEX_POINT('',#8747);
#2841=VERTEX_POINT('',#8753);
#2842=VERTEX_POINT('',#8761);
#2843=VERTEX_POINT('',#8763);
#2844=VERTEX_POINT('',#8767);
#2845=VERTEX_POINT('',#8769);
#2846=VERTEX_POINT('',#8773);
#2847=VERTEX_POINT('',#8775);
#2848=VERTEX_POINT('',#8788);
#2849=VERTEX_POINT('',#8794);
#2850=VERTEX_POINT('',#8811);
#2851=VERTEX_POINT('',#8817);
#2852=VERTEX_POINT('',#8834);
#2853=VERTEX_POINT('',#8840);
#2854=VERTEX_POINT('',#8857);
#2855=VERTEX_POINT('',#8863);
#2856=VERTEX_POINT('',#8880);
#2857=VERTEX_POINT('',#8886);
#2858=VERTEX_POINT('',#8903);
#2859=VERTEX_POINT('',#8909);
#2860=VERTEX_POINT('',#8926);
#2861=VERTEX_POINT('',#8932);
#2862=VERTEX_POINT('',#8940);
#2863=VERTEX_POINT('',#8942);
#2864=VERTEX_POINT('',#8946);
#2865=VERTEX_POINT('',#8948);
#2866=VERTEX_POINT('',#8965);
#2867=VERTEX_POINT('',#8966);
#2868=VERTEX_POINT('',#8972);
#2869=VERTEX_POINT('',#8974);
#2870=VERTEX_POINT('',#8991);
#2871=VERTEX_POINT('',#8997);
#2872=VERTEX_POINT('',#9014);
#2873=VERTEX_POINT('',#9020);
#2874=VERTEX_POINT('',#9037);
#2875=VERTEX_POINT('',#9043);
#2876=VERTEX_POINT('',#9051);
#2877=VERTEX_POINT('',#9053);
#2878=VERTEX_POINT('',#9057);
#2879=VERTEX_POINT('',#9059);
#2880=VERTEX_POINT('',#9063);
#2881=VERTEX_POINT('',#9065);
#2882=VERTEX_POINT('',#9078);
#2883=VERTEX_POINT('',#9084);
#2884=VERTEX_POINT('',#9101);
#2885=VERTEX_POINT('',#9107);
#2886=VERTEX_POINT('',#9124);
#2887=VERTEX_POINT('',#9130);
#2888=VERTEX_POINT('',#9147);
#2889=VERTEX_POINT('',#9153);
#2890=VERTEX_POINT('',#9170);
#2891=VERTEX_POINT('',#9176);
#2892=VERTEX_POINT('',#9184);
#2893=VERTEX_POINT('',#9186);
#2894=VERTEX_POINT('',#9211);
#2895=VERTEX_POINT('',#9212);
#2896=VERTEX_POINT('',#9214);
#2897=VERTEX_POINT('',#9216);
#2898=VERTEX_POINT('',#9220);
#2899=VERTEX_POINT('',#9222);
#2900=VERTEX_POINT('',#9226);
#2901=VERTEX_POINT('',#9228);
#2902=VERTEX_POINT('',#9245);
#2903=VERTEX_POINT('',#9246);
#2904=VERTEX_POINT('',#9252);
#2905=VERTEX_POINT('',#9254);
#2906=VERTEX_POINT('',#9271);
#2907=VERTEX_POINT('',#9277);
#2908=VERTEX_POINT('',#9294);
#2909=VERTEX_POINT('',#9300);
#2910=VERTEX_POINT('',#9317);
#2911=VERTEX_POINT('',#9323);
#2912=VERTEX_POINT('',#9340);
#2913=VERTEX_POINT('',#9346);
#2914=VERTEX_POINT('',#9363);
#2915=VERTEX_POINT('',#9369);
#2916=VERTEX_POINT('',#9386);
#2917=VERTEX_POINT('',#9392);
#2918=VERTEX_POINT('',#9409);
#2919=VERTEX_POINT('',#9415);
#2920=VERTEX_POINT('',#9432);
#2921=VERTEX_POINT('',#9438);
#2922=VERTEX_POINT('',#9446);
#2923=VERTEX_POINT('',#9448);
#2924=VERTEX_POINT('',#9461);
#2925=VERTEX_POINT('',#9467);
#2926=VERTEX_POINT('',#9484);
#2927=VERTEX_POINT('',#9490);
#2928=VERTEX_POINT('',#9507);
#2929=VERTEX_POINT('',#9513);
#2930=VERTEX_POINT('',#9530);
#2931=VERTEX_POINT('',#9536);
#2932=VERTEX_POINT('',#9553);
#2933=VERTEX_POINT('',#9559);
#2934=VERTEX_POINT('',#9576);
#2935=VERTEX_POINT('',#9582);
#2936=VERTEX_POINT('',#9599);
#2937=VERTEX_POINT('',#9605);
#2938=VERTEX_POINT('',#9622);
#2939=VERTEX_POINT('',#9628);
#2940=VERTEX_POINT('',#9645);
#2941=VERTEX_POINT('',#9651);
#2942=VERTEX_POINT('',#9659);
#2943=VERTEX_POINT('',#9661);
#2944=VERTEX_POINT('',#9665);
#2945=VERTEX_POINT('',#9667);
#2946=VERTEX_POINT('',#9675);
#2947=VERTEX_POINT('',#9676);
#2948=VERTEX_POINT('',#9678);
#2949=VERTEX_POINT('',#9680);
#2950=VERTEX_POINT('',#9684);
#2951=VERTEX_POINT('',#9686);
#2952=VERTEX_POINT('',#9690);
#2953=VERTEX_POINT('',#9692);
#2954=VERTEX_POINT('',#9696);
#2955=VERTEX_POINT('',#9698);
#2956=VERTEX_POINT('',#9702);
#2957=VERTEX_POINT('',#9704);
#2958=VERTEX_POINT('',#9708);
#2959=VERTEX_POINT('',#9710);
#2960=VERTEX_POINT('',#9714);
#2961=VERTEX_POINT('',#9716);
#2962=VERTEX_POINT('',#9720);
#2963=VERTEX_POINT('',#9722);
#2964=VERTEX_POINT('',#9726);
#2965=VERTEX_POINT('',#9728);
#2966=VERTEX_POINT('',#9732);
#2967=VERTEX_POINT('',#9734);
#2968=VERTEX_POINT('',#9738);
#2969=VERTEX_POINT('',#9740);
#2970=VERTEX_POINT('',#9757);
#2971=VERTEX_POINT('',#9758);
#2972=VERTEX_POINT('',#9764);
#2973=VERTEX_POINT('',#9766);
#2974=VERTEX_POINT('',#9783);
#2975=VERTEX_POINT('',#9789);
#2976=VERTEX_POINT('',#9806);
#2977=VERTEX_POINT('',#9812);
#2978=VERTEX_POINT('',#9829);
#2979=VERTEX_POINT('',#9835);
#2980=VERTEX_POINT('',#9852);
#2981=VERTEX_POINT('',#9858);
#2982=VERTEX_POINT('',#9875);
#2983=VERTEX_POINT('',#9881);
#2984=VERTEX_POINT('',#9898);
#2985=VERTEX_POINT('',#9904);
#2986=VERTEX_POINT('',#9941);
#2987=VERTEX_POINT('',#9942);
#2988=VERTEX_POINT('',#9948);
#2989=VERTEX_POINT('',#9950);
#2990=VERTEX_POINT('',#9967);
#2991=VERTEX_POINT('',#9973);
#2992=VERTEX_POINT('',#9990);
#2993=VERTEX_POINT('',#9996);
#2994=VERTEX_POINT('',#10013);
#2995=VERTEX_POINT('',#10019);
#2996=VERTEX_POINT('',#10036);
#2997=VERTEX_POINT('',#10042);
#2998=VERTEX_POINT('',#10059);
#2999=VERTEX_POINT('',#10065);
#3000=VERTEX_POINT('',#10082);
#3001=VERTEX_POINT('',#10088);
#3002=VERTEX_POINT('',#10105);
#3003=VERTEX_POINT('',#10111);
#3004=VERTEX_POINT('',#10128);
#3005=VERTEX_POINT('',#10134);
#3006=VERTEX_POINT('',#10151);
#3007=VERTEX_POINT('',#10157);
#3008=VERTEX_POINT('',#10174);
#3009=VERTEX_POINT('',#10180);
#3010=VERTEX_POINT('',#10209);
#3011=VERTEX_POINT('',#10210);
#3012=VERTEX_POINT('',#10212);
#3013=VERTEX_POINT('',#10214);
#3014=VERTEX_POINT('',#10227);
#3015=VERTEX_POINT('',#10233);
#3016=VERTEX_POINT('',#10250);
#3017=VERTEX_POINT('',#10256);
#3018=VERTEX_POINT('',#10273);
#3019=VERTEX_POINT('',#10279);
#3020=VERTEX_POINT('',#10296);
#3021=VERTEX_POINT('',#10302);
#3022=VERTEX_POINT('',#10319);
#3023=VERTEX_POINT('',#10325);
#3024=VERTEX_POINT('',#10342);
#3025=VERTEX_POINT('',#10348);
#3026=VERTEX_POINT('',#10365);
#3027=VERTEX_POINT('',#10371);
#3028=VERTEX_POINT('',#10388);
#3029=VERTEX_POINT('',#10394);
#3030=VERTEX_POINT('',#10411);
#3031=VERTEX_POINT('',#10417);
#3032=VERTEX_POINT('',#10434);
#3033=VERTEX_POINT('',#10440);
#3034=VERTEX_POINT('',#10457);
#3035=VERTEX_POINT('',#10463);
#3036=VERTEX_POINT('',#10480);
#3037=VERTEX_POINT('',#10486);
#3038=VERTEX_POINT('',#10494);
#3039=VERTEX_POINT('',#10496);
#3040=VERTEX_POINT('',#10509);
#3041=VERTEX_POINT('',#10515);
#3042=VERTEX_POINT('',#10532);
#3043=VERTEX_POINT('',#10538);
#3044=VERTEX_POINT('',#10555);
#3045=VERTEX_POINT('',#10561);
#3046=VERTEX_POINT('',#10578);
#3047=VERTEX_POINT('',#10584);
#3048=VERTEX_POINT('',#10601);
#3049=VERTEX_POINT('',#10607);
#3050=VERTEX_POINT('',#10624);
#3051=VERTEX_POINT('',#10630);
#3052=VERTEX_POINT('',#10647);
#3053=VERTEX_POINT('',#10653);
#3054=VERTEX_POINT('',#10670);
#3055=VERTEX_POINT('',#10676);
#3056=VERTEX_POINT('',#10693);
#3057=VERTEX_POINT('',#10699);
#3058=VERTEX_POINT('',#10716);
#3059=VERTEX_POINT('',#10722);
#3060=VERTEX_POINT('',#10739);
#3061=VERTEX_POINT('',#10745);
#3062=VERTEX_POINT('',#10753);
#3063=VERTEX_POINT('',#10755);
#3064=VERTEX_POINT('',#10759);
#3065=VERTEX_POINT('',#10761);
#3066=VERTEX_POINT('',#10765);
#3067=VERTEX_POINT('',#10767);
#3068=VERTEX_POINT('',#10784);
#3069=VERTEX_POINT('',#10785);
#3070=VERTEX_POINT('',#10791);
#3071=VERTEX_POINT('',#10793);
#3072=VERTEX_POINT('',#10810);
#3073=VERTEX_POINT('',#10816);
#3074=VERTEX_POINT('',#10833);
#3075=VERTEX_POINT('',#10839);
#3076=VERTEX_POINT('',#10856);
#3077=VERTEX_POINT('',#10862);
#3078=VERTEX_POINT('',#10879);
#3079=VERTEX_POINT('',#10885);
#3080=VERTEX_POINT('',#10902);
#3081=VERTEX_POINT('',#10908);
#3082=VERTEX_POINT('',#10925);
#3083=VERTEX_POINT('',#10931);
#3084=VERTEX_POINT('',#10948);
#3085=VERTEX_POINT('',#10954);
#3086=VERTEX_POINT('',#10971);
#3087=VERTEX_POINT('',#10977);
#3088=VERTEX_POINT('',#10994);
#3089=VERTEX_POINT('',#11000);
#3090=VERTEX_POINT('',#11017);
#3091=VERTEX_POINT('',#11023);
#3092=VERTEX_POINT('',#11040);
#3093=VERTEX_POINT('',#11046);
#3094=VERTEX_POINT('',#11054);
#3095=VERTEX_POINT('',#11056);
#3096=VERTEX_POINT('',#11069);
#3097=VERTEX_POINT('',#11075);
#3098=VERTEX_POINT('',#11092);
#3099=VERTEX_POINT('',#11098);
#3100=VERTEX_POINT('',#11115);
#3101=VERTEX_POINT('',#11121);
#3102=VERTEX_POINT('',#11138);
#3103=VERTEX_POINT('',#11144);
#3104=VERTEX_POINT('',#11161);
#3105=VERTEX_POINT('',#11167);
#3106=VERTEX_POINT('',#11184);
#3107=VERTEX_POINT('',#11190);
#3108=VERTEX_POINT('',#11207);
#3109=VERTEX_POINT('',#11213);
#3110=VERTEX_POINT('',#11221);
#3111=VERTEX_POINT('',#11223);
#3112=VERTEX_POINT('',#11236);
#3113=VERTEX_POINT('',#11242);
#3114=VERTEX_POINT('',#11259);
#3115=VERTEX_POINT('',#11265);
#3116=VERTEX_POINT('',#11282);
#3117=VERTEX_POINT('',#11288);
#3118=VERTEX_POINT('',#11305);
#3119=VERTEX_POINT('',#11311);
#3120=VERTEX_POINT('',#11328);
#3121=VERTEX_POINT('',#11334);
#3122=VERTEX_POINT('',#11351);
#3123=VERTEX_POINT('',#11357);
#3124=VERTEX_POINT('',#11374);
#3125=VERTEX_POINT('',#11380);
#3126=VERTEX_POINT('',#11388);
#3127=VERTEX_POINT('',#11390);
#3128=VERTEX_POINT('',#11415);
#3129=VERTEX_POINT('',#11416);
#3130=VERTEX_POINT('',#11418);
#3131=VERTEX_POINT('',#11420);
#3132=VERTEX_POINT('',#11424);
#3133=VERTEX_POINT('',#11426);
#3134=VERTEX_POINT('',#11430);
#3135=VERTEX_POINT('',#11432);
#3136=VERTEX_POINT('',#11436);
#3137=VERTEX_POINT('',#11438);
#3138=VERTEX_POINT('',#11442);
#3139=VERTEX_POINT('',#11444);
#3140=VERTEX_POINT('',#11452);
#3141=VERTEX_POINT('',#11453);
#3142=VERTEX_POINT('',#11455);
#3143=VERTEX_POINT('',#11457);
#3144=VERTEX_POINT('',#11461);
#3145=VERTEX_POINT('',#11463);
#3146=VERTEX_POINT('',#11467);
#3147=VERTEX_POINT('',#11469);
#3148=VERTEX_POINT('',#11473);
#3149=VERTEX_POINT('',#11475);
#3150=VERTEX_POINT('',#11479);
#3151=VERTEX_POINT('',#11481);
#3152=VERTEX_POINT('',#11485);
#3153=VERTEX_POINT('',#11487);
#3154=VERTEX_POINT('',#11491);
#3155=VERTEX_POINT('',#11493);
#3156=VERTEX_POINT('',#11497);
#3157=VERTEX_POINT('',#11499);
#3158=VERTEX_POINT('',#11503);
#3159=VERTEX_POINT('',#11505);
#3160=VERTEX_POINT('',#11509);
#3161=VERTEX_POINT('',#11511);
#3162=VERTEX_POINT('',#11515);
#3163=VERTEX_POINT('',#11517);
#3164=VERTEX_POINT('',#11525);
#3165=VERTEX_POINT('',#11530);
#3166=VERTEX_POINT('',#11534);
#3167=VERTEX_POINT('',#11535);
#3168=VERTEX_POINT('',#11537);
#3169=VERTEX_POINT('',#11539);
#3170=VERTEX_POINT('',#11541);
#3171=VERTEX_POINT('',#11543);
#3172=VERTEX_POINT('',#11547);
#3173=VERTEX_POINT('',#11551);
#3174=VERTEX_POINT('',#11552);
#3175=VERTEX_POINT('',#11554);
#3176=VERTEX_POINT('',#11556);
#3177=VERTEX_POINT('',#11558);
#3178=VERTEX_POINT('',#11560);
#3179=VERTEX_POINT('',#11568);
#3180=VERTEX_POINT('',#11627);
#3181=VERTEX_POINT('',#11634);
#3182=VERTEX_POINT('',#11641);
#3183=VERTEX_POINT('',#11643);
#3184=VERTEX_POINT('',#11679);
#3185=VERTEX_POINT('',#11686);
#3186=VERTEX_POINT('',#11735);
#3187=VERTEX_POINT('',#11801);
#3188=VERTEX_POINT('',#11804);
#3189=EDGE_CURVE('',#2583,#2584,#2531,.T.);
#3190=EDGE_CURVE('',#2585,#2583,#2259,.T.);
#3191=EDGE_CURVE('',#2586,#2585,#2260,.T.);
#3192=EDGE_CURVE('',#2587,#2586,#2261,.T.);
#3193=EDGE_CURVE('',#2588,#2587,#2262,.T.);
#3194=EDGE_CURVE('',#2588,#2589,#2263,.T.);
#3195=EDGE_CURVE('',#2589,#2590,#2264,.T.);
#3196=EDGE_CURVE('',#2590,#2591,#2265,.T.);
#3197=EDGE_CURVE('',#2592,#2591,#2266,.T.);
#3198=EDGE_CURVE('',#2593,#2592,#2267,.T.);
#3199=EDGE_CURVE('',#2594,#2593,#2268,.T.);
#3200=EDGE_CURVE('',#2584,#2594,#2269,.T.);
#3201=EDGE_CURVE('',#2595,#2596,#2532,.T.);
#3202=EDGE_CURVE('',#2597,#2595,#2270,.T.);
#3203=EDGE_CURVE('',#2598,#2597,#2271,.T.);
#3204=EDGE_CURVE('',#2599,#2598,#2272,.T.);
#3205=EDGE_CURVE('',#2600,#2599,#2273,.T.);
#3206=EDGE_CURVE('',#2600,#2601,#2274,.T.);
#3207=EDGE_CURVE('',#2601,#2602,#2275,.T.);
#3208=EDGE_CURVE('',#2602,#2603,#2276,.T.);
#3209=EDGE_CURVE('',#2604,#2603,#2277,.T.);
#3210=EDGE_CURVE('',#2605,#2604,#2278,.T.);
#3211=EDGE_CURVE('',#2606,#2605,#2279,.T.);
#3212=EDGE_CURVE('',#2596,#2606,#2280,.T.);
#3213=EDGE_CURVE('',#2607,#2608,#221,.T.);
#3214=EDGE_CURVE('',#2609,#2607,#222,.T.);
#3215=EDGE_CURVE('',#2610,#2609,#223,.T.);
#3216=EDGE_CURVE('',#2610,#2608,#224,.T.);
#3217=EDGE_CURVE('',#2608,#2611,#2533,.T.);
#3218=EDGE_CURVE('',#2612,#2610,#2534,.T.);
#3219=EDGE_CURVE('',#2612,#2611,#225,.T.);
#3220=EDGE_CURVE('',#2611,#2613,#226,.T.);
#3221=EDGE_CURVE('',#2614,#2612,#227,.T.);
#3222=EDGE_CURVE('',#2614,#2613,#228,.T.);
#3223=EDGE_CURVE('',#2613,#2615,#2535,.T.);
#3224=EDGE_CURVE('',#2616,#2614,#2536,.T.);
#3225=EDGE_CURVE('',#2616,#2615,#229,.T.);
#3226=EDGE_CURVE('',#2615,#2617,#230,.T.);
#3227=EDGE_CURVE('',#2618,#2616,#231,.T.);
#3228=EDGE_CURVE('',#2618,#2617,#232,.T.);
#3229=EDGE_CURVE('',#2617,#2619,#2537,.T.);
#3230=EDGE_CURVE('',#2620,#2618,#2538,.T.);
#3231=EDGE_CURVE('',#2620,#2619,#233,.T.);
#3232=EDGE_CURVE('',#2619,#2621,#234,.T.);
#3233=EDGE_CURVE('',#2622,#2620,#235,.T.);
#3234=EDGE_CURVE('',#2622,#2621,#236,.T.);
#3235=EDGE_CURVE('',#2621,#2607,#2539,.T.);
#3236=EDGE_CURVE('',#2609,#2622,#2540,.T.);
#3237=EDGE_CURVE('',#2623,#2624,#237,.T.);
#3238=EDGE_CURVE('',#2625,#2624,#238,.T.);
#3239=EDGE_CURVE('',#2626,#2625,#239,.T.);
#3240=EDGE_CURVE('',#2626,#2623,#240,.T.);
#3241=EDGE_CURVE('',#2627,#2628,#241,.T.);
#3242=EDGE_CURVE('',#2629,#2627,#242,.T.);
#3243=EDGE_CURVE('',#2629,#2630,#243,.T.);
#3244=EDGE_CURVE('',#2630,#2628,#244,.T.);
#3245=EDGE_CURVE('',#2631,#2623,#245,.T.);
#3246=EDGE_CURVE('',#2631,#2632,#246,.T.);
#3247=EDGE_CURVE('',#2632,#2624,#247,.T.);
#3248=EDGE_CURVE('',#2633,#2633,#2541,.T.);
#3249=EDGE_CURVE('',#2634,#2634,#2542,.T.);
#3250=EDGE_CURVE('',#2635,#2631,#248,.T.);
#3251=EDGE_CURVE('',#2635,#2636,#249,.T.);
#3252=EDGE_CURVE('',#2636,#2632,#250,.T.);
#3253=EDGE_CURVE('',#2637,#2625,#251,.T.);
#3254=EDGE_CURVE('',#2638,#2637,#252,.T.);
#3255=EDGE_CURVE('',#2626,#2638,#253,.T.);
#3256=EDGE_CURVE('',#2639,#2639,#2543,.T.);
#3257=EDGE_CURVE('',#2640,#2640,#2544,.T.);
#3258=EDGE_CURVE('',#2641,#2635,#254,.T.);
#3259=EDGE_CURVE('',#2641,#2642,#255,.T.);
#3260=EDGE_CURVE('',#2642,#2636,#256,.T.);
#3261=EDGE_CURVE('',#2643,#2641,#257,.T.);
#3262=EDGE_CURVE('',#2643,#2644,#258,.T.);
#3263=EDGE_CURVE('',#2644,#2642,#259,.T.);
#3264=EDGE_CURVE('',#2645,#2643,#260,.T.);
#3265=EDGE_CURVE('',#2645,#2646,#261,.T.);
#3266=EDGE_CURVE('',#2646,#2644,#262,.T.);
#3267=EDGE_CURVE('',#2638,#2645,#263,.T.);
#3268=EDGE_CURVE('',#2637,#2646,#264,.T.);
#3269=EDGE_CURVE('',#2647,#2647,#2545,.T.);
#3270=EDGE_CURVE('',#2647,#2640,#265,.T.);
#3271=EDGE_CURVE('',#2634,#2648,#266,.T.);
#3272=EDGE_CURVE('',#2648,#2648,#2546,.T.);
#3273=EDGE_CURVE('',#2649,#2649,#2547,.T.);
#3274=EDGE_CURVE('',#2649,#2639,#267,.T.);
#3275=EDGE_CURVE('',#2633,#2650,#268,.T.);
#3276=EDGE_CURVE('',#2650,#2650,#2548,.T.);
#3277=EDGE_CURVE('',#2651,#2652,#269,.T.);
#3278=EDGE_CURVE('',#2653,#2651,#270,.T.);
#3279=EDGE_CURVE('',#2654,#2653,#271,.T.);
#3280=EDGE_CURVE('',#2655,#2654,#272,.T.);
#3281=EDGE_CURVE('',#2656,#2655,#273,.T.);
#3282=EDGE_CURVE('',#2652,#2656,#274,.T.);
#3283=EDGE_CURVE('',#2657,#2658,#275,.T.);
#3284=EDGE_CURVE('',#2657,#2651,#276,.T.);
#3285=EDGE_CURVE('',#2658,#2652,#277,.T.);
#3286=EDGE_CURVE('',#2658,#2659,#278,.T.);
#3287=EDGE_CURVE('',#2659,#2656,#279,.T.);
#3288=EDGE_CURVE('',#2659,#2660,#280,.T.);
#3289=EDGE_CURVE('',#2660,#2655,#281,.T.);
#3290=EDGE_CURVE('',#2660,#2661,#282,.T.);
#3291=EDGE_CURVE('',#2661,#2654,#283,.T.);
#3292=EDGE_CURVE('',#2661,#2662,#284,.T.);
#3293=EDGE_CURVE('',#2662,#2653,#285,.T.);
#3294=EDGE_CURVE('',#2662,#2657,#286,.T.);
#3295=EDGE_CURVE('',#2663,#2664,#287,.T.);
#3296=EDGE_CURVE('',#2665,#2663,#288,.T.);
#3297=EDGE_CURVE('',#2666,#2665,#289,.T.);
#3298=EDGE_CURVE('',#2667,#2666,#290,.T.);
#3299=EDGE_CURVE('',#2668,#2667,#291,.T.);
#3300=EDGE_CURVE('',#2664,#2668,#292,.T.);
#3301=EDGE_CURVE('',#2669,#2670,#293,.T.);
#3302=EDGE_CURVE('',#2669,#2663,#294,.T.);
#3303=EDGE_CURVE('',#2670,#2664,#295,.T.);
#3304=EDGE_CURVE('',#2670,#2671,#296,.T.);
#3305=EDGE_CURVE('',#2671,#2668,#297,.T.);
#3306=EDGE_CURVE('',#2671,#2672,#298,.T.);
#3307=EDGE_CURVE('',#2672,#2667,#299,.T.);
#3308=EDGE_CURVE('',#2672,#2673,#300,.T.);
#3309=EDGE_CURVE('',#2673,#2666,#301,.T.);
#3310=EDGE_CURVE('',#2673,#2674,#302,.T.);
#3311=EDGE_CURVE('',#2674,#2665,#303,.T.);
#3312=EDGE_CURVE('',#2674,#2669,#304,.T.);
#3313=EDGE_CURVE('',#2675,#2676,#305,.T.);
#3314=EDGE_CURVE('',#2677,#2676,#306,.T.);
#3315=EDGE_CURVE('',#2677,#2678,#307,.T.);
#3316=EDGE_CURVE('',#2678,#2675,#308,.T.);
#3317=EDGE_CURVE('',#2677,#2679,#309,.T.);
#3318=EDGE_CURVE('',#2680,#2679,#310,.T.);
#3319=EDGE_CURVE('',#2678,#2680,#311,.T.);
#3320=EDGE_CURVE('',#2681,#2681,#2549,.T.);
#3321=EDGE_CURVE('',#2682,#2682,#2550,.T.);
#3322=EDGE_CURVE('',#2683,#2684,#312,.T.);
#3323=EDGE_CURVE('',#2684,#2685,#313,.T.);
#3324=EDGE_CURVE('',#2686,#2685,#314,.T.);
#3325=EDGE_CURVE('',#2683,#2686,#315,.T.);
#3326=EDGE_CURVE('',#2686,#2687,#316,.T.);
#3327=EDGE_CURVE('',#2685,#2688,#317,.T.);
#3328=EDGE_CURVE('',#2687,#2688,#318,.T.);
#3329=EDGE_CURVE('',#2689,#2690,#319,.T.);
#3330=EDGE_CURVE('',#2687,#2689,#320,.T.);
#3331=EDGE_CURVE('',#2688,#2690,#321,.T.);
#3332=EDGE_CURVE('',#2691,#2692,#322,.T.);
#3333=EDGE_CURVE('',#2689,#2692,#323,.T.);
#3334=EDGE_CURVE('',#2690,#2691,#324,.T.);
#3335=EDGE_CURVE('',#2680,#2683,#325,.T.);
#3336=EDGE_CURVE('',#2679,#2684,#326,.T.);
#3337=EDGE_CURVE('',#2692,#2675,#327,.T.);
#3338=EDGE_CURVE('',#2676,#2691,#328,.T.);
#3339=EDGE_CURVE('',#2693,#2693,#2551,.T.);
#3340=EDGE_CURVE('',#2694,#2694,#2552,.T.);
#3341=EDGE_CURVE('',#2695,#2695,#2553,.T.);
#3342=EDGE_CURVE('',#2695,#2694,#329,.T.);
#3343=EDGE_CURVE('',#2681,#2696,#330,.T.);
#3344=EDGE_CURVE('',#2696,#2696,#2554,.T.);
#3345=EDGE_CURVE('',#2697,#2697,#2555,.T.);
#3346=EDGE_CURVE('',#2697,#2693,#331,.T.);
#3347=EDGE_CURVE('',#2682,#2698,#332,.T.);
#3348=EDGE_CURVE('',#2698,#2698,#2556,.T.);
#3349=EDGE_CURVE('',#2699,#2700,#333,.T.);
#3350=EDGE_CURVE('',#2701,#2699,#334,.T.);
#3351=EDGE_CURVE('',#2702,#2701,#335,.T.);
#3352=EDGE_CURVE('',#2703,#2702,#336,.T.);
#3353=EDGE_CURVE('',#2704,#2703,#337,.T.);
#3354=EDGE_CURVE('',#2700,#2704,#338,.T.);
#3355=EDGE_CURVE('',#2705,#2706,#339,.T.);
#3356=EDGE_CURVE('',#2705,#2699,#340,.T.);
#3357=EDGE_CURVE('',#2706,#2700,#341,.T.);
#3358=EDGE_CURVE('',#2706,#2707,#342,.T.);
#3359=EDGE_CURVE('',#2707,#2704,#343,.T.);
#3360=EDGE_CURVE('',#2707,#2708,#344,.T.);
#3361=EDGE_CURVE('',#2708,#2703,#345,.T.);
#3362=EDGE_CURVE('',#2708,#2709,#346,.T.);
#3363=EDGE_CURVE('',#2709,#2702,#347,.T.);
#3364=EDGE_CURVE('',#2709,#2710,#348,.T.);
#3365=EDGE_CURVE('',#2710,#2701,#349,.T.);
#3366=EDGE_CURVE('',#2710,#2705,#350,.T.);
#3367=EDGE_CURVE('',#2711,#2712,#351,.T.);
#3368=EDGE_CURVE('',#2713,#2711,#352,.T.);
#3369=EDGE_CURVE('',#2714,#2713,#353,.T.);
#3370=EDGE_CURVE('',#2715,#2714,#354,.T.);
#3371=EDGE_CURVE('',#2716,#2715,#355,.T.);
#3372=EDGE_CURVE('',#2712,#2716,#356,.T.);
#3373=EDGE_CURVE('',#2717,#2718,#357,.T.);
#3374=EDGE_CURVE('',#2717,#2711,#358,.T.);
#3375=EDGE_CURVE('',#2718,#2712,#359,.T.);
#3376=EDGE_CURVE('',#2718,#2719,#360,.T.);
#3377=EDGE_CURVE('',#2719,#2716,#361,.T.);
#3378=EDGE_CURVE('',#2719,#2720,#362,.T.);
#3379=EDGE_CURVE('',#2720,#2715,#363,.T.);
#3380=EDGE_CURVE('',#2720,#2721,#364,.T.);
#3381=EDGE_CURVE('',#2721,#2714,#365,.T.);
#3382=EDGE_CURVE('',#2721,#2722,#366,.T.);
#3383=EDGE_CURVE('',#2722,#2713,#367,.T.);
#3384=EDGE_CURVE('',#2722,#2717,#368,.T.);
#3385=EDGE_CURVE('',#2629,#2723,#369,.T.);
#3386=EDGE_CURVE('',#2723,#2724,#370,.T.);
#3387=EDGE_CURVE('',#2724,#2725,#2557,.T.);
#3388=EDGE_CURVE('',#2725,#2726,#371,.T.);
#3389=EDGE_CURVE('',#2630,#2726,#372,.T.);
#3390=EDGE_CURVE('',#2727,#2727,#2558,.T.);
#3391=EDGE_CURVE('',#2728,#2729,#373,.T.);
#3392=EDGE_CURVE('',#2730,#2729,#374,.T.);
#3393=EDGE_CURVE('',#2731,#2730,#375,.T.);
#3394=EDGE_CURVE('',#2728,#2731,#376,.T.);
#3395=EDGE_CURVE('',#2732,#2733,#2559,.T.);
#3396=EDGE_CURVE('',#2732,#2729,#377,.T.);
#3397=EDGE_CURVE('',#2728,#2733,#378,.T.);
#3398=EDGE_CURVE('',#2734,#2735,#379,.T.);
#3399=EDGE_CURVE('',#2735,#2736,#380,.T.);
#3400=EDGE_CURVE('',#2736,#2737,#381,.T.);
#3401=EDGE_CURVE('',#2737,#2738,#382,.T.);
#3402=EDGE_CURVE('',#2738,#2739,#383,.T.);
#3403=EDGE_CURVE('',#2739,#2734,#384,.T.);
#3404=EDGE_CURVE('',#2740,#2741,#385,.T.);
#3405=EDGE_CURVE('',#2741,#2742,#386,.T.);
#3406=EDGE_CURVE('',#2742,#2743,#387,.T.);
#3407=EDGE_CURVE('',#2743,#2744,#388,.T.);
#3408=EDGE_CURVE('',#2744,#2745,#389,.T.);
#3409=EDGE_CURVE('',#2745,#2740,#390,.T.);
#3410=EDGE_CURVE('',#2746,#2747,#391,.T.);
#3411=EDGE_CURVE('',#2747,#2748,#392,.T.);
#3412=EDGE_CURVE('',#2749,#2748,#2560,.T.);
#3413=EDGE_CURVE('',#2750,#2749,#2561,.T.);
#3414=EDGE_CURVE('',#2750,#2751,#393,.T.);
#3415=EDGE_CURVE('',#2751,#2752,#394,.T.);
#3416=EDGE_CURVE('',#2752,#2753,#395,.T.);
#3417=EDGE_CURVE('',#2754,#2753,#2562,.T.);
#3418=EDGE_CURVE('',#2755,#2754,#2563,.T.);
#3419=EDGE_CURVE('',#2755,#2746,#396,.T.);
#3420=EDGE_CURVE('',#2756,#2757,#397,.T.);
#3421=EDGE_CURVE('',#2756,#2747,#398,.T.);
#3422=EDGE_CURVE('',#2757,#2746,#399,.T.);
#3423=EDGE_CURVE('',#2758,#2759,#2564,.T.);
#3424=EDGE_CURVE('',#2759,#2760,#400,.T.);
#3425=EDGE_CURVE('',#2760,#2756,#401,.T.);
#3426=EDGE_CURVE('',#2757,#2761,#402,.T.);
#3427=EDGE_CURVE('',#2761,#2758,#403,.T.);
#3428=EDGE_CURVE('',#2762,#2763,#404,.T.);
#3429=EDGE_CURVE('',#2763,#2764,#405,.T.);
#3430=EDGE_CURVE('',#2764,#2765,#406,.T.);
#3431=EDGE_CURVE('',#2765,#2766,#407,.T.);
#3432=EDGE_CURVE('',#2766,#2767,#408,.T.);
#3433=EDGE_CURVE('',#2767,#2762,#409,.T.);
#3434=EDGE_CURVE('',#2768,#2769,#410,.T.);
#3435=EDGE_CURVE('',#2769,#2770,#411,.T.);
#3436=EDGE_CURVE('',#2770,#2771,#412,.T.);
#3437=EDGE_CURVE('',#2771,#2772,#413,.T.);
#3438=EDGE_CURVE('',#2772,#2773,#414,.T.);
#3439=EDGE_CURVE('',#2773,#2768,#415,.T.);
#3440=EDGE_CURVE('',#2774,#2775,#2565,.T.);
#3441=EDGE_CURVE('',#2776,#2774,#2566,.T.);
#3442=EDGE_CURVE('',#2777,#2776,#416,.T.);
#3443=EDGE_CURVE('',#2778,#2777,#417,.T.);
#3444=EDGE_CURVE('',#2779,#2778,#418,.T.);
#3445=EDGE_CURVE('',#2775,#2779,#2567,.T.);
#3446=EDGE_CURVE('',#2730,#2780,#419,.T.);
#3447=EDGE_CURVE('',#2780,#2781,#420,.T.);
#3448=EDGE_CURVE('',#2781,#2782,#2568,.T.);
#3449=EDGE_CURVE('',#2782,#2783,#421,.T.);
#3450=EDGE_CURVE('',#2783,#2731,#422,.T.);
#3451=EDGE_CURVE('',#2784,#2784,#2569,.T.);
#3452=EDGE_CURVE('',#2785,#2785,#2570,.T.);
#3453=EDGE_CURVE('',#2786,#2786,#2571,.T.);
#3454=EDGE_CURVE('',#2787,#2787,#2572,.T.);
#3455=EDGE_CURVE('',#2759,#2781,#423,.T.);
#3456=EDGE_CURVE('',#2782,#2758,#424,.T.);
#3457=EDGE_CURVE('',#2760,#2780,#425,.T.);
#3458=EDGE_CURVE('',#2788,#2789,#426,.T.);
#3459=EDGE_CURVE('',#2740,#2788,#427,.T.);
#3460=EDGE_CURVE('',#2745,#2789,#428,.T.);
#3461=EDGE_CURVE('',#2790,#2788,#429,.T.);
#3462=EDGE_CURVE('',#2741,#2790,#430,.T.);
#3463=EDGE_CURVE('',#2791,#2790,#431,.T.);
#3464=EDGE_CURVE('',#2742,#2791,#432,.T.);
#3465=EDGE_CURVE('',#2792,#2791,#433,.T.);
#3466=EDGE_CURVE('',#2743,#2792,#434,.T.);
#3467=EDGE_CURVE('',#2793,#2792,#435,.T.);
#3468=EDGE_CURVE('',#2744,#2793,#436,.T.);
#3469=EDGE_CURVE('',#2789,#2793,#437,.T.);
#3470=EDGE_CURVE('',#2794,#2795,#438,.T.);
#3471=EDGE_CURVE('',#2768,#2794,#439,.T.);
#3472=EDGE_CURVE('',#2773,#2795,#440,.T.);
#3473=EDGE_CURVE('',#2796,#2794,#441,.T.);
#3474=EDGE_CURVE('',#2769,#2796,#442,.T.);
#3475=EDGE_CURVE('',#2797,#2796,#443,.T.);
#3476=EDGE_CURVE('',#2770,#2797,#444,.T.);
#3477=EDGE_CURVE('',#2798,#2797,#445,.T.);
#3478=EDGE_CURVE('',#2771,#2798,#446,.T.);
#3479=EDGE_CURVE('',#2799,#2798,#447,.T.);
#3480=EDGE_CURVE('',#2772,#2799,#448,.T.);
#3481=EDGE_CURVE('',#2795,#2799,#449,.T.);
#3482=EDGE_CURVE('',#2800,#2801,#2573,.T.);
#3483=EDGE_CURVE('',#2801,#2775,#2281,.T.);
#3484=EDGE_CURVE('',#2779,#2800,#2282,.T.);
#3485=EDGE_CURVE('',#2778,#2802,#133,.T.);
#3486=EDGE_CURVE('',#2802,#2800,#450,.T.);
#3487=EDGE_CURVE('',#2803,#2802,#451,.T.);
#3488=EDGE_CURVE('',#2777,#2803,#134,.T.);
#3489=EDGE_CURVE('',#2750,#2800,#452,.T.);
#3490=EDGE_CURVE('',#2801,#2749,#453,.T.);
#3491=EDGE_CURVE('',#2802,#2751,#454,.T.);
#3492=EDGE_CURVE('',#2803,#2752,#455,.T.);
#3493=EDGE_CURVE('',#2748,#2732,#456,.T.);
#3494=EDGE_CURVE('',#2804,#2804,#2574,.T.);
#3495=EDGE_CURVE('',#2805,#2805,#2575,.T.);
#3496=EDGE_CURVE('',#2805,#2787,#457,.T.);
#3497=EDGE_CURVE('',#2804,#2786,#458,.T.);
#3498=EDGE_CURVE('',#2724,#2806,#459,.T.);
#3499=EDGE_CURVE('',#2807,#2806,#2576,.T.);
#3500=EDGE_CURVE('',#2725,#2807,#460,.T.);
#3501=EDGE_CURVE('',#2806,#2808,#461,.T.);
#3502=EDGE_CURVE('',#2808,#2723,#462,.T.);
#3503=EDGE_CURVE('',#2809,#2807,#463,.T.);
#3504=EDGE_CURVE('',#2726,#2809,#464,.T.);
#3505=EDGE_CURVE('',#2810,#2810,#2577,.T.);
#3506=EDGE_CURVE('',#2811,#2811,#2578,.T.);
#3507=EDGE_CURVE('',#2812,#2813,#465,.T.);
#3508=EDGE_CURVE('',#2812,#2814,#466,.T.);
#3509=EDGE_CURVE('',#2814,#2815,#467,.T.);
#3510=EDGE_CURVE('',#2813,#2815,#468,.T.);
#3511=EDGE_CURVE('',#2816,#2812,#2283,.T.);
#3512=EDGE_CURVE('',#2816,#2817,#469,.T.);
#3513=EDGE_CURVE('',#2817,#2814,#2284,.T.);
#3514=EDGE_CURVE('',#2818,#2816,#2285,.T.);
#3515=EDGE_CURVE('',#2818,#2819,#470,.T.);
#3516=EDGE_CURVE('',#2819,#2817,#2286,.T.);
#3517=EDGE_CURVE('',#2820,#2818,#2287,.T.);
#3518=EDGE_CURVE('',#2820,#2821,#471,.T.);
#3519=EDGE_CURVE('',#2821,#2819,#2288,.T.);
#3520=EDGE_CURVE('',#2822,#2820,#2289,.T.);
#3521=EDGE_CURVE('',#2822,#2823,#472,.T.);
#3522=EDGE_CURVE('',#2823,#2821,#2290,.T.);
#3523=EDGE_CURVE('',#2824,#2822,#2291,.T.);
#3524=EDGE_CURVE('',#2824,#2825,#473,.T.);
#3525=EDGE_CURVE('',#2825,#2823,#2292,.T.);
#3526=EDGE_CURVE('',#2826,#2824,#474,.T.);
#3527=EDGE_CURVE('',#2826,#2827,#475,.T.);
#3528=EDGE_CURVE('',#2827,#2825,#476,.T.);
#3529=EDGE_CURVE('',#2813,#2826,#477,.T.);
#3530=EDGE_CURVE('',#2815,#2827,#478,.T.);
#3531=EDGE_CURVE('',#2828,#2829,#479,.T.);
#3532=EDGE_CURVE('',#2828,#2830,#480,.T.);
#3533=EDGE_CURVE('',#2830,#2831,#481,.T.);
#3534=EDGE_CURVE('',#2829,#2831,#482,.T.);
#3535=EDGE_CURVE('',#2832,#2828,#483,.T.);
#3536=EDGE_CURVE('',#2832,#2833,#484,.T.);
#3537=EDGE_CURVE('',#2833,#2830,#485,.T.);
#3538=EDGE_CURVE('',#2834,#2832,#2293,.T.);
#3539=EDGE_CURVE('',#2834,#2835,#486,.T.);
#3540=EDGE_CURVE('',#2835,#2833,#2294,.T.);
#3541=EDGE_CURVE('',#2836,#2834,#2295,.T.);
#3542=EDGE_CURVE('',#2836,#2837,#487,.T.);
#3543=EDGE_CURVE('',#2837,#2835,#2296,.T.);
#3544=EDGE_CURVE('',#2838,#2836,#2297,.T.);
#3545=EDGE_CURVE('',#2838,#2839,#488,.T.);
#3546=EDGE_CURVE('',#2839,#2837,#2298,.T.);
#3547=EDGE_CURVE('',#2840,#2838,#2299,.T.);
#3548=EDGE_CURVE('',#2840,#2841,#489,.T.);
#3549=EDGE_CURVE('',#2841,#2839,#2300,.T.);
#3550=EDGE_CURVE('',#2842,#2840,#490,.T.);
#3551=EDGE_CURVE('',#2842,#2843,#491,.T.);
#3552=EDGE_CURVE('',#2843,#2841,#492,.T.);
#3553=EDGE_CURVE('',#2844,#2842,#493,.T.);
#3554=EDGE_CURVE('',#2844,#2845,#494,.T.);
#3555=EDGE_CURVE('',#2845,#2843,#495,.T.);
#3556=EDGE_CURVE('',#2846,#2844,#496,.T.);
#3557=EDGE_CURVE('',#2846,#2847,#497,.T.);
#3558=EDGE_CURVE('',#2847,#2845,#498,.T.);
#3559=EDGE_CURVE('',#2848,#2846,#2301,.T.);
#3560=EDGE_CURVE('',#2848,#2849,#499,.T.);
#3561=EDGE_CURVE('',#2849,#2847,#2302,.T.);
#3562=EDGE_CURVE('',#2850,#2848,#2303,.T.);
#3563=EDGE_CURVE('',#2850,#2851,#500,.T.);
#3564=EDGE_CURVE('',#2851,#2849,#2304,.T.);
#3565=EDGE_CURVE('',#2852,#2850,#2305,.T.);
#3566=EDGE_CURVE('',#2852,#2853,#501,.T.);
#3567=EDGE_CURVE('',#2853,#2851,#2306,.T.);
#3568=EDGE_CURVE('',#2854,#2852,#2307,.T.);
#3569=EDGE_CURVE('',#2854,#2855,#502,.T.);
#3570=EDGE_CURVE('',#2855,#2853,#2308,.T.);
#3571=EDGE_CURVE('',#2856,#2854,#2309,.T.);
#3572=EDGE_CURVE('',#2856,#2857,#503,.T.);
#3573=EDGE_CURVE('',#2857,#2855,#2310,.T.);
#3574=EDGE_CURVE('',#2858,#2856,#2311,.T.);
#3575=EDGE_CURVE('',#2858,#2859,#504,.T.);
#3576=EDGE_CURVE('',#2859,#2857,#2312,.T.);
#3577=EDGE_CURVE('',#2860,#2858,#2313,.T.);
#3578=EDGE_CURVE('',#2860,#2861,#505,.T.);
#3579=EDGE_CURVE('',#2861,#2859,#2314,.T.);
#3580=EDGE_CURVE('',#2862,#2860,#506,.T.);
#3581=EDGE_CURVE('',#2862,#2863,#507,.T.);
#3582=EDGE_CURVE('',#2863,#2861,#508,.T.);
#3583=EDGE_CURVE('',#2864,#2862,#509,.T.);
#3584=EDGE_CURVE('',#2864,#2865,#510,.T.);
#3585=EDGE_CURVE('',#2865,#2863,#511,.T.);
#3586=EDGE_CURVE('',#2829,#2864,#512,.T.);
#3587=EDGE_CURVE('',#2831,#2865,#513,.T.);
#3588=EDGE_CURVE('',#2866,#2867,#2315,.T.);
#3589=EDGE_CURVE('',#2866,#2868,#514,.T.);
#3590=EDGE_CURVE('',#2868,#2869,#2316,.T.);
#3591=EDGE_CURVE('',#2867,#2869,#515,.T.);
#3592=EDGE_CURVE('',#2870,#2866,#2317,.T.);
#3593=EDGE_CURVE('',#2870,#2871,#516,.T.);
#3594=EDGE_CURVE('',#2871,#2868,#2318,.T.);
#3595=EDGE_CURVE('',#2872,#2870,#2319,.T.);
#3596=EDGE_CURVE('',#2872,#2873,#517,.T.);
#3597=EDGE_CURVE('',#2873,#2871,#2320,.T.);
#3598=EDGE_CURVE('',#2874,#2872,#2321,.T.);
#3599=EDGE_CURVE('',#2874,#2875,#518,.T.);
#3600=EDGE_CURVE('',#2875,#2873,#2322,.T.);
#3601=EDGE_CURVE('',#2876,#2874,#519,.T.);
#3602=EDGE_CURVE('',#2876,#2877,#520,.T.);
#3603=EDGE_CURVE('',#2877,#2875,#521,.T.);
#3604=EDGE_CURVE('',#2878,#2876,#522,.T.);
#3605=EDGE_CURVE('',#2878,#2879,#523,.T.);
#3606=EDGE_CURVE('',#2879,#2877,#524,.T.);
#3607=EDGE_CURVE('',#2880,#2878,#525,.T.);
#3608=EDGE_CURVE('',#2880,#2881,#526,.T.);
#3609=EDGE_CURVE('',#2881,#2879,#527,.T.);
#3610=EDGE_CURVE('',#2882,#2880,#2323,.T.);
#3611=EDGE_CURVE('',#2882,#2883,#528,.T.);
#3612=EDGE_CURVE('',#2883,#2881,#2324,.T.);
#3613=EDGE_CURVE('',#2884,#2882,#2325,.T.);
#3614=EDGE_CURVE('',#2884,#2885,#529,.T.);
#3615=EDGE_CURVE('',#2885,#2883,#2326,.T.);
#3616=EDGE_CURVE('',#2886,#2884,#2327,.T.);
#3617=EDGE_CURVE('',#2886,#2887,#530,.T.);
#3618=EDGE_CURVE('',#2887,#2885,#2328,.T.);
#3619=EDGE_CURVE('',#2888,#2886,#2329,.T.);
#3620=EDGE_CURVE('',#2888,#2889,#531,.T.);
#3621=EDGE_CURVE('',#2889,#2887,#2330,.T.);
#3622=EDGE_CURVE('',#2890,#2888,#2331,.T.);
#3623=EDGE_CURVE('',#2890,#2891,#532,.T.);
#3624=EDGE_CURVE('',#2891,#2889,#2332,.T.);
#3625=EDGE_CURVE('',#2892,#2890,#533,.T.);
#3626=EDGE_CURVE('',#2892,#2893,#534,.T.);
#3627=EDGE_CURVE('',#2893,#2891,#535,.T.);
#3628=EDGE_CURVE('',#2867,#2892,#2333,.T.);
#3629=EDGE_CURVE('',#2869,#2893,#2334,.T.);
#3630=EDGE_CURVE('',#2894,#2895,#536,.T.);
#3631=EDGE_CURVE('',#2894,#2896,#537,.T.);
#3632=EDGE_CURVE('',#2896,#2897,#538,.T.);
#3633=EDGE_CURVE('',#2895,#2897,#539,.T.);
#3634=EDGE_CURVE('',#2898,#2894,#540,.T.);
#3635=EDGE_CURVE('',#2898,#2899,#541,.T.);
#3636=EDGE_CURVE('',#2899,#2896,#542,.T.);
#3637=EDGE_CURVE('',#2900,#2898,#543,.T.);
#3638=EDGE_CURVE('',#2900,#2901,#544,.T.);
#3639=EDGE_CURVE('',#2901,#2899,#545,.T.);
#3640=EDGE_CURVE('',#2895,#2900,#546,.T.);
#3641=EDGE_CURVE('',#2897,#2901,#547,.T.);
#3642=EDGE_CURVE('',#2902,#2903,#2335,.T.);
#3643=EDGE_CURVE('',#2902,#2904,#548,.T.);
#3644=EDGE_CURVE('',#2904,#2905,#2336,.T.);
#3645=EDGE_CURVE('',#2903,#2905,#549,.T.);
#3646=EDGE_CURVE('',#2906,#2902,#2337,.T.);
#3647=EDGE_CURVE('',#2906,#2907,#550,.T.);
#3648=EDGE_CURVE('',#2907,#2904,#2338,.T.);
#3649=EDGE_CURVE('',#2908,#2906,#2339,.T.);
#3650=EDGE_CURVE('',#2908,#2909,#551,.T.);
#3651=EDGE_CURVE('',#2909,#2907,#2340,.T.);
#3652=EDGE_CURVE('',#2910,#2908,#2341,.T.);
#3653=EDGE_CURVE('',#2910,#2911,#552,.T.);
#3654=EDGE_CURVE('',#2911,#2909,#2342,.T.);
#3655=EDGE_CURVE('',#2912,#2910,#2343,.T.);
#3656=EDGE_CURVE('',#2912,#2913,#553,.T.);
#3657=EDGE_CURVE('',#2913,#2911,#2344,.T.);
#3658=EDGE_CURVE('',#2914,#2912,#2345,.T.);
#3659=EDGE_CURVE('',#2914,#2915,#554,.T.);
#3660=EDGE_CURVE('',#2915,#2913,#2346,.T.);
#3661=EDGE_CURVE('',#2916,#2914,#2347,.T.);
#3662=EDGE_CURVE('',#2916,#2917,#555,.T.);
#3663=EDGE_CURVE('',#2917,#2915,#2348,.T.);
#3664=EDGE_CURVE('',#2918,#2916,#2349,.T.);
#3665=EDGE_CURVE('',#2918,#2919,#556,.T.);
#3666=EDGE_CURVE('',#2919,#2917,#2350,.T.);
#3667=EDGE_CURVE('',#2920,#2918,#2351,.T.);
#3668=EDGE_CURVE('',#2920,#2921,#557,.T.);
#3669=EDGE_CURVE('',#2921,#2919,#2352,.T.);
#3670=EDGE_CURVE('',#2922,#2920,#558,.T.);
#3671=EDGE_CURVE('',#2922,#2923,#559,.T.);
#3672=EDGE_CURVE('',#2923,#2921,#560,.T.);
#3673=EDGE_CURVE('',#2924,#2922,#2353,.T.);
#3674=EDGE_CURVE('',#2924,#2925,#561,.T.);
#3675=EDGE_CURVE('',#2925,#2923,#2354,.T.);
#3676=EDGE_CURVE('',#2926,#2924,#2355,.T.);
#3677=EDGE_CURVE('',#2926,#2927,#562,.T.);
#3678=EDGE_CURVE('',#2927,#2925,#2356,.T.);
#3679=EDGE_CURVE('',#2928,#2926,#2357,.T.);
#3680=EDGE_CURVE('',#2928,#2929,#563,.T.);
#3681=EDGE_CURVE('',#2929,#2927,#2358,.T.);
#3682=EDGE_CURVE('',#2930,#2928,#2359,.T.);
#3683=EDGE_CURVE('',#2930,#2931,#564,.T.);
#3684=EDGE_CURVE('',#2931,#2929,#2360,.T.);
#3685=EDGE_CURVE('',#2932,#2930,#2361,.T.);
#3686=EDGE_CURVE('',#2932,#2933,#565,.T.);
#3687=EDGE_CURVE('',#2933,#2931,#2362,.T.);
#3688=EDGE_CURVE('',#2934,#2932,#2363,.T.);
#3689=EDGE_CURVE('',#2934,#2935,#566,.T.);
#3690=EDGE_CURVE('',#2935,#2933,#2364,.T.);
#3691=EDGE_CURVE('',#2936,#2934,#2365,.T.);
#3692=EDGE_CURVE('',#2936,#2937,#567,.T.);
#3693=EDGE_CURVE('',#2937,#2935,#2366,.T.);
#3694=EDGE_CURVE('',#2938,#2936,#2367,.T.);
#3695=EDGE_CURVE('',#2938,#2939,#568,.T.);
#3696=EDGE_CURVE('',#2939,#2937,#2368,.T.);
#3697=EDGE_CURVE('',#2940,#2938,#2369,.T.);
#3698=EDGE_CURVE('',#2940,#2941,#569,.T.);
#3699=EDGE_CURVE('',#2941,#2939,#2370,.T.);
#3700=EDGE_CURVE('',#2942,#2940,#570,.T.);
#3701=EDGE_CURVE('',#2942,#2943,#571,.T.);
#3702=EDGE_CURVE('',#2943,#2941,#572,.T.);
#3703=EDGE_CURVE('',#2944,#2942,#573,.T.);
#3704=EDGE_CURVE('',#2944,#2945,#574,.T.);
#3705=EDGE_CURVE('',#2945,#2943,#575,.T.);
#3706=EDGE_CURVE('',#2903,#2944,#576,.T.);
#3707=EDGE_CURVE('',#2905,#2945,#577,.T.);
#3708=EDGE_CURVE('',#2946,#2947,#578,.T.);
#3709=EDGE_CURVE('',#2946,#2948,#579,.T.);
#3710=EDGE_CURVE('',#2948,#2949,#580,.T.);
#3711=EDGE_CURVE('',#2947,#2949,#581,.T.);
#3712=EDGE_CURVE('',#2950,#2946,#582,.T.);
#3713=EDGE_CURVE('',#2950,#2951,#583,.T.);
#3714=EDGE_CURVE('',#2951,#2948,#584,.T.);
#3715=EDGE_CURVE('',#2952,#2950,#585,.T.);
#3716=EDGE_CURVE('',#2952,#2953,#586,.T.);
#3717=EDGE_CURVE('',#2953,#2951,#587,.T.);
#3718=EDGE_CURVE('',#2954,#2952,#588,.T.);
#3719=EDGE_CURVE('',#2954,#2955,#589,.T.);
#3720=EDGE_CURVE('',#2955,#2953,#590,.T.);
#3721=EDGE_CURVE('',#2956,#2954,#591,.T.);
#3722=EDGE_CURVE('',#2956,#2957,#592,.T.);
#3723=EDGE_CURVE('',#2957,#2955,#593,.T.);
#3724=EDGE_CURVE('',#2958,#2956,#594,.T.);
#3725=EDGE_CURVE('',#2958,#2959,#595,.T.);
#3726=EDGE_CURVE('',#2959,#2957,#596,.T.);
#3727=EDGE_CURVE('',#2960,#2958,#597,.T.);
#3728=EDGE_CURVE('',#2960,#2961,#598,.T.);
#3729=EDGE_CURVE('',#2961,#2959,#599,.T.);
#3730=EDGE_CURVE('',#2962,#2960,#600,.T.);
#3731=EDGE_CURVE('',#2962,#2963,#601,.T.);
#3732=EDGE_CURVE('',#2963,#2961,#602,.T.);
#3733=EDGE_CURVE('',#2964,#2962,#603,.T.);
#3734=EDGE_CURVE('',#2964,#2965,#604,.T.);
#3735=EDGE_CURVE('',#2965,#2963,#605,.T.);
#3736=EDGE_CURVE('',#2966,#2964,#606,.T.);
#3737=EDGE_CURVE('',#2966,#2967,#607,.T.);
#3738=EDGE_CURVE('',#2967,#2965,#608,.T.);
#3739=EDGE_CURVE('',#2968,#2966,#609,.T.);
#3740=EDGE_CURVE('',#2968,#2969,#610,.T.);
#3741=EDGE_CURVE('',#2969,#2967,#611,.T.);
#3742=EDGE_CURVE('',#2947,#2968,#612,.T.);
#3743=EDGE_CURVE('',#2949,#2969,#613,.T.);
#3744=EDGE_CURVE('',#2970,#2971,#2371,.T.);
#3745=EDGE_CURVE('',#2970,#2972,#614,.T.);
#3746=EDGE_CURVE('',#2972,#2973,#2372,.T.);
#3747=EDGE_CURVE('',#2971,#2973,#615,.T.);
#3748=EDGE_CURVE('',#2974,#2970,#2373,.T.);
#3749=EDGE_CURVE('',#2974,#2975,#616,.T.);
#3750=EDGE_CURVE('',#2975,#2972,#2374,.T.);
#3751=EDGE_CURVE('',#2976,#2974,#2375,.T.);
#3752=EDGE_CURVE('',#2976,#2977,#617,.T.);
#3753=EDGE_CURVE('',#2977,#2975,#2376,.T.);
#3754=EDGE_CURVE('',#2978,#2976,#2377,.T.);
#3755=EDGE_CURVE('',#2978,#2979,#618,.T.);
#3756=EDGE_CURVE('',#2979,#2977,#2378,.T.);
#3757=EDGE_CURVE('',#2980,#2978,#2379,.T.);
#3758=EDGE_CURVE('',#2980,#2981,#619,.T.);
#3759=EDGE_CURVE('',#2981,#2979,#2380,.T.);
#3760=EDGE_CURVE('',#2982,#2980,#2381,.T.);
#3761=EDGE_CURVE('',#2982,#2983,#620,.T.);
#3762=EDGE_CURVE('',#2983,#2981,#2382,.T.);
#3763=EDGE_CURVE('',#2984,#2982,#2383,.T.);
#3764=EDGE_CURVE('',#2984,#2985,#621,.T.);
#3765=EDGE_CURVE('',#2985,#2983,#2384,.T.);
#3766=EDGE_CURVE('',#2971,#2984,#2385,.T.);
#3767=EDGE_CURVE('',#2973,#2985,#2386,.T.);
#3768=EDGE_CURVE('',#2986,#2987,#2387,.T.);
#3769=EDGE_CURVE('',#2986,#2988,#622,.T.);
#3770=EDGE_CURVE('',#2988,#2989,#2388,.T.);
#3771=EDGE_CURVE('',#2987,#2989,#623,.T.);
#3772=EDGE_CURVE('',#2990,#2986,#2389,.T.);
#3773=EDGE_CURVE('',#2990,#2991,#624,.T.);
#3774=EDGE_CURVE('',#2991,#2988,#2390,.T.);
#3775=EDGE_CURVE('',#2992,#2990,#2391,.T.);
#3776=EDGE_CURVE('',#2992,#2993,#625,.T.);
#3777=EDGE_CURVE('',#2993,#2991,#2392,.T.);
#3778=EDGE_CURVE('',#2994,#2992,#2393,.T.);
#3779=EDGE_CURVE('',#2994,#2995,#626,.T.);
#3780=EDGE_CURVE('',#2995,#2993,#2394,.T.);
#3781=EDGE_CURVE('',#2996,#2994,#2395,.T.);
#3782=EDGE_CURVE('',#2996,#2997,#627,.T.);
#3783=EDGE_CURVE('',#2997,#2995,#2396,.T.);
#3784=EDGE_CURVE('',#2998,#2996,#2397,.T.);
#3785=EDGE_CURVE('',#2998,#2999,#628,.T.);
#3786=EDGE_CURVE('',#2999,#2997,#2398,.T.);
#3787=EDGE_CURVE('',#3000,#2998,#2399,.T.);
#3788=EDGE_CURVE('',#3000,#3001,#629,.T.);
#3789=EDGE_CURVE('',#3001,#2999,#2400,.T.);
#3790=EDGE_CURVE('',#3002,#3000,#2401,.T.);
#3791=EDGE_CURVE('',#3002,#3003,#630,.T.);
#3792=EDGE_CURVE('',#3003,#3001,#2402,.T.);
#3793=EDGE_CURVE('',#3004,#3002,#2403,.T.);
#3794=EDGE_CURVE('',#3004,#3005,#631,.T.);
#3795=EDGE_CURVE('',#3005,#3003,#2404,.T.);
#3796=EDGE_CURVE('',#3006,#3004,#2405,.T.);
#3797=EDGE_CURVE('',#3006,#3007,#632,.T.);
#3798=EDGE_CURVE('',#3007,#3005,#2406,.T.);
#3799=EDGE_CURVE('',#3008,#3006,#2407,.T.);
#3800=EDGE_CURVE('',#3008,#3009,#633,.T.);
#3801=EDGE_CURVE('',#3009,#3007,#2408,.T.);
#3802=EDGE_CURVE('',#2987,#3008,#2409,.T.);
#3803=EDGE_CURVE('',#2989,#3009,#2410,.T.);
#3804=EDGE_CURVE('',#3010,#3011,#634,.T.);
#3805=EDGE_CURVE('',#3010,#3012,#635,.T.);
#3806=EDGE_CURVE('',#3012,#3013,#636,.T.);
#3807=EDGE_CURVE('',#3011,#3013,#637,.T.);
#3808=EDGE_CURVE('',#3014,#3010,#2411,.T.);
#3809=EDGE_CURVE('',#3014,#3015,#638,.T.);
#3810=EDGE_CURVE('',#3015,#3012,#2412,.T.);
#3811=EDGE_CURVE('',#3016,#3014,#2413,.T.);
#3812=EDGE_CURVE('',#3016,#3017,#639,.T.);
#3813=EDGE_CURVE('',#3017,#3015,#2414,.T.);
#3814=EDGE_CURVE('',#3018,#3016,#2415,.T.);
#3815=EDGE_CURVE('',#3018,#3019,#640,.T.);
#3816=EDGE_CURVE('',#3019,#3017,#2416,.T.);
#3817=EDGE_CURVE('',#3020,#3018,#2417,.T.);
#3818=EDGE_CURVE('',#3020,#3021,#641,.T.);
#3819=EDGE_CURVE('',#3021,#3019,#2418,.T.);
#3820=EDGE_CURVE('',#3022,#3020,#2419,.T.);
#3821=EDGE_CURVE('',#3022,#3023,#642,.T.);
#3822=EDGE_CURVE('',#3023,#3021,#2420,.T.);
#3823=EDGE_CURVE('',#3024,#3022,#2421,.T.);
#3824=EDGE_CURVE('',#3024,#3025,#643,.T.);
#3825=EDGE_CURVE('',#3025,#3023,#2422,.T.);
#3826=EDGE_CURVE('',#3026,#3024,#2423,.T.);
#3827=EDGE_CURVE('',#3026,#3027,#644,.T.);
#3828=EDGE_CURVE('',#3027,#3025,#2424,.T.);
#3829=EDGE_CURVE('',#3028,#3026,#2425,.T.);
#3830=EDGE_CURVE('',#3028,#3029,#645,.T.);
#3831=EDGE_CURVE('',#3029,#3027,#2426,.T.);
#3832=EDGE_CURVE('',#3030,#3028,#2427,.T.);
#3833=EDGE_CURVE('',#3030,#3031,#646,.T.);
#3834=EDGE_CURVE('',#3031,#3029,#2428,.T.);
#3835=EDGE_CURVE('',#3032,#3030,#2429,.T.);
#3836=EDGE_CURVE('',#3032,#3033,#647,.T.);
#3837=EDGE_CURVE('',#3033,#3031,#2430,.T.);
#3838=EDGE_CURVE('',#3034,#3032,#2431,.T.);
#3839=EDGE_CURVE('',#3034,#3035,#648,.T.);
#3840=EDGE_CURVE('',#3035,#3033,#2432,.T.);
#3841=EDGE_CURVE('',#3036,#3034,#2433,.T.);
#3842=EDGE_CURVE('',#3036,#3037,#649,.T.);
#3843=EDGE_CURVE('',#3037,#3035,#2434,.T.);
#3844=EDGE_CURVE('',#3038,#3036,#650,.T.);
#3845=EDGE_CURVE('',#3038,#3039,#651,.T.);
#3846=EDGE_CURVE('',#3039,#3037,#652,.T.);
#3847=EDGE_CURVE('',#3040,#3038,#2435,.T.);
#3848=EDGE_CURVE('',#3040,#3041,#653,.T.);
#3849=EDGE_CURVE('',#3041,#3039,#2436,.T.);
#3850=EDGE_CURVE('',#3042,#3040,#2437,.T.);
#3851=EDGE_CURVE('',#3042,#3043,#654,.T.);
#3852=EDGE_CURVE('',#3043,#3041,#2438,.T.);
#3853=EDGE_CURVE('',#3044,#3042,#2439,.T.);
#3854=EDGE_CURVE('',#3044,#3045,#655,.T.);
#3855=EDGE_CURVE('',#3045,#3043,#2440,.T.);
#3856=EDGE_CURVE('',#3046,#3044,#2441,.T.);
#3857=EDGE_CURVE('',#3046,#3047,#656,.T.);
#3858=EDGE_CURVE('',#3047,#3045,#2442,.T.);
#3859=EDGE_CURVE('',#3048,#3046,#2443,.T.);
#3860=EDGE_CURVE('',#3048,#3049,#657,.T.);
#3861=EDGE_CURVE('',#3049,#3047,#2444,.T.);
#3862=EDGE_CURVE('',#3050,#3048,#2445,.T.);
#3863=EDGE_CURVE('',#3050,#3051,#658,.T.);
#3864=EDGE_CURVE('',#3051,#3049,#2446,.T.);
#3865=EDGE_CURVE('',#3052,#3050,#2447,.T.);
#3866=EDGE_CURVE('',#3052,#3053,#659,.T.);
#3867=EDGE_CURVE('',#3053,#3051,#2448,.T.);
#3868=EDGE_CURVE('',#3054,#3052,#2449,.T.);
#3869=EDGE_CURVE('',#3054,#3055,#660,.T.);
#3870=EDGE_CURVE('',#3055,#3053,#2450,.T.);
#3871=EDGE_CURVE('',#3056,#3054,#2451,.T.);
#3872=EDGE_CURVE('',#3056,#3057,#661,.T.);
#3873=EDGE_CURVE('',#3057,#3055,#2452,.T.);
#3874=EDGE_CURVE('',#3058,#3056,#2453,.T.);
#3875=EDGE_CURVE('',#3058,#3059,#662,.T.);
#3876=EDGE_CURVE('',#3059,#3057,#2454,.T.);
#3877=EDGE_CURVE('',#3060,#3058,#2455,.T.);
#3878=EDGE_CURVE('',#3060,#3061,#663,.T.);
#3879=EDGE_CURVE('',#3061,#3059,#2456,.T.);
#3880=EDGE_CURVE('',#3062,#3060,#664,.T.);
#3881=EDGE_CURVE('',#3062,#3063,#665,.T.);
#3882=EDGE_CURVE('',#3063,#3061,#666,.T.);
#3883=EDGE_CURVE('',#3064,#3062,#667,.T.);
#3884=EDGE_CURVE('',#3064,#3065,#668,.T.);
#3885=EDGE_CURVE('',#3065,#3063,#669,.T.);
#3886=EDGE_CURVE('',#3066,#3064,#670,.T.);
#3887=EDGE_CURVE('',#3066,#3067,#671,.T.);
#3888=EDGE_CURVE('',#3067,#3065,#672,.T.);
#3889=EDGE_CURVE('',#3011,#3066,#673,.T.);
#3890=EDGE_CURVE('',#3013,#3067,#674,.T.);
#3891=EDGE_CURVE('',#3068,#3069,#2457,.T.);
#3892=EDGE_CURVE('',#3068,#3070,#675,.T.);
#3893=EDGE_CURVE('',#3070,#3071,#2458,.T.);
#3894=EDGE_CURVE('',#3069,#3071,#676,.T.);
#3895=EDGE_CURVE('',#3072,#3068,#2459,.T.);
#3896=EDGE_CURVE('',#3072,#3073,#677,.T.);
#3897=EDGE_CURVE('',#3073,#3070,#2460,.T.);
#3898=EDGE_CURVE('',#3074,#3072,#2461,.T.);
#3899=EDGE_CURVE('',#3074,#3075,#678,.T.);
#3900=EDGE_CURVE('',#3075,#3073,#2462,.T.);
#3901=EDGE_CURVE('',#3076,#3074,#2463,.T.);
#3902=EDGE_CURVE('',#3076,#3077,#679,.T.);
#3903=EDGE_CURVE('',#3077,#3075,#2464,.T.);
#3904=EDGE_CURVE('',#3078,#3076,#2465,.T.);
#3905=EDGE_CURVE('',#3078,#3079,#680,.T.);
#3906=EDGE_CURVE('',#3079,#3077,#2466,.T.);
#3907=EDGE_CURVE('',#3080,#3078,#2467,.T.);
#3908=EDGE_CURVE('',#3080,#3081,#681,.T.);
#3909=EDGE_CURVE('',#3081,#3079,#2468,.T.);
#3910=EDGE_CURVE('',#3082,#3080,#2469,.T.);
#3911=EDGE_CURVE('',#3082,#3083,#682,.T.);
#3912=EDGE_CURVE('',#3083,#3081,#2470,.T.);
#3913=EDGE_CURVE('',#3084,#3082,#2471,.T.);
#3914=EDGE_CURVE('',#3084,#3085,#683,.T.);
#3915=EDGE_CURVE('',#3085,#3083,#2472,.T.);
#3916=EDGE_CURVE('',#3086,#3084,#2473,.T.);
#3917=EDGE_CURVE('',#3086,#3087,#684,.T.);
#3918=EDGE_CURVE('',#3087,#3085,#2474,.T.);
#3919=EDGE_CURVE('',#3088,#3086,#2475,.T.);
#3920=EDGE_CURVE('',#3088,#3089,#685,.T.);
#3921=EDGE_CURVE('',#3089,#3087,#2476,.T.);
#3922=EDGE_CURVE('',#3090,#3088,#2477,.T.);
#3923=EDGE_CURVE('',#3090,#3091,#686,.T.);
#3924=EDGE_CURVE('',#3091,#3089,#2478,.T.);
#3925=EDGE_CURVE('',#3092,#3090,#2479,.T.);
#3926=EDGE_CURVE('',#3092,#3093,#687,.T.);
#3927=EDGE_CURVE('',#3093,#3091,#2480,.T.);
#3928=EDGE_CURVE('',#3094,#3092,#688,.T.);
#3929=EDGE_CURVE('',#3094,#3095,#689,.T.);
#3930=EDGE_CURVE('',#3095,#3093,#690,.T.);
#3931=EDGE_CURVE('',#3096,#3094,#2481,.T.);
#3932=EDGE_CURVE('',#3096,#3097,#691,.T.);
#3933=EDGE_CURVE('',#3097,#3095,#2482,.T.);
#3934=EDGE_CURVE('',#3098,#3096,#2483,.T.);
#3935=EDGE_CURVE('',#3098,#3099,#692,.T.);
#3936=EDGE_CURVE('',#3099,#3097,#2484,.T.);
#3937=EDGE_CURVE('',#3100,#3098,#2485,.T.);
#3938=EDGE_CURVE('',#3100,#3101,#693,.T.);
#3939=EDGE_CURVE('',#3101,#3099,#2486,.T.);
#3940=EDGE_CURVE('',#3102,#3100,#2487,.T.);
#3941=EDGE_CURVE('',#3102,#3103,#694,.T.);
#3942=EDGE_CURVE('',#3103,#3101,#2488,.T.);
#3943=EDGE_CURVE('',#3104,#3102,#2489,.T.);
#3944=EDGE_CURVE('',#3104,#3105,#695,.T.);
#3945=EDGE_CURVE('',#3105,#3103,#2490,.T.);
#3946=EDGE_CURVE('',#3106,#3104,#2491,.T.);
#3947=EDGE_CURVE('',#3106,#3107,#696,.T.);
#3948=EDGE_CURVE('',#3107,#3105,#2492,.T.);
#3949=EDGE_CURVE('',#3108,#3106,#2493,.T.);
#3950=EDGE_CURVE('',#3108,#3109,#697,.T.);
#3951=EDGE_CURVE('',#3109,#3107,#2494,.T.);
#3952=EDGE_CURVE('',#3110,#3108,#698,.T.);
#3953=EDGE_CURVE('',#3110,#3111,#699,.T.);
#3954=EDGE_CURVE('',#3111,#3109,#700,.T.);
#3955=EDGE_CURVE('',#3112,#3110,#2495,.T.);
#3956=EDGE_CURVE('',#3112,#3113,#701,.T.);
#3957=EDGE_CURVE('',#3113,#3111,#2496,.T.);
#3958=EDGE_CURVE('',#3114,#3112,#2497,.T.);
#3959=EDGE_CURVE('',#3114,#3115,#702,.T.);
#3960=EDGE_CURVE('',#3115,#3113,#2498,.T.);
#3961=EDGE_CURVE('',#3116,#3114,#2499,.T.);
#3962=EDGE_CURVE('',#3116,#3117,#703,.T.);
#3963=EDGE_CURVE('',#3117,#3115,#2500,.T.);
#3964=EDGE_CURVE('',#3118,#3116,#2501,.T.);
#3965=EDGE_CURVE('',#3118,#3119,#704,.T.);
#3966=EDGE_CURVE('',#3119,#3117,#2502,.T.);
#3967=EDGE_CURVE('',#3120,#3118,#2503,.T.);
#3968=EDGE_CURVE('',#3120,#3121,#705,.T.);
#3969=EDGE_CURVE('',#3121,#3119,#2504,.T.);
#3970=EDGE_CURVE('',#3122,#3120,#2505,.T.);
#3971=EDGE_CURVE('',#3122,#3123,#706,.T.);
#3972=EDGE_CURVE('',#3123,#3121,#2506,.T.);
#3973=EDGE_CURVE('',#3124,#3122,#2507,.T.);
#3974=EDGE_CURVE('',#3124,#3125,#707,.T.);
#3975=EDGE_CURVE('',#3125,#3123,#2508,.T.);
#3976=EDGE_CURVE('',#3126,#3124,#708,.T.);
#3977=EDGE_CURVE('',#3126,#3127,#709,.T.);
#3978=EDGE_CURVE('',#3127,#3125,#710,.T.);
#3979=EDGE_CURVE('',#3069,#3126,#2509,.T.);
#3980=EDGE_CURVE('',#3071,#3127,#2510,.T.);
#3981=EDGE_CURVE('',#3128,#3129,#711,.T.);
#3982=EDGE_CURVE('',#3128,#3130,#712,.T.);
#3983=EDGE_CURVE('',#3130,#3131,#713,.T.);
#3984=EDGE_CURVE('',#3129,#3131,#714,.T.);
#3985=EDGE_CURVE('',#3132,#3128,#715,.T.);
#3986=EDGE_CURVE('',#3132,#3133,#716,.T.);
#3987=EDGE_CURVE('',#3133,#3130,#717,.T.);
#3988=EDGE_CURVE('',#3134,#3132,#718,.T.);
#3989=EDGE_CURVE('',#3134,#3135,#719,.T.);
#3990=EDGE_CURVE('',#3135,#3133,#720,.T.);
#3991=EDGE_CURVE('',#3136,#3134,#721,.T.);
#3992=EDGE_CURVE('',#3136,#3137,#722,.T.);
#3993=EDGE_CURVE('',#3137,#3135,#723,.T.);
#3994=EDGE_CURVE('',#3138,#3136,#724,.T.);
#3995=EDGE_CURVE('',#3138,#3139,#725,.T.);
#3996=EDGE_CURVE('',#3139,#3137,#726,.T.);
#3997=EDGE_CURVE('',#3129,#3138,#727,.T.);
#3998=EDGE_CURVE('',#3131,#3139,#728,.T.);
#3999=EDGE_CURVE('',#3140,#3141,#729,.T.);
#4000=EDGE_CURVE('',#3140,#3142,#730,.T.);
#4001=EDGE_CURVE('',#3142,#3143,#731,.T.);
#4002=EDGE_CURVE('',#3141,#3143,#732,.T.);
#4003=EDGE_CURVE('',#3144,#3140,#733,.T.);
#4004=EDGE_CURVE('',#3144,#3145,#734,.T.);
#4005=EDGE_CURVE('',#3145,#3142,#735,.T.);
#4006=EDGE_CURVE('',#3146,#3144,#736,.T.);
#4007=EDGE_CURVE('',#3146,#3147,#737,.T.);
#4008=EDGE_CURVE('',#3147,#3145,#738,.T.);
#4009=EDGE_CURVE('',#3148,#3146,#739,.T.);
#4010=EDGE_CURVE('',#3148,#3149,#740,.T.);
#4011=EDGE_CURVE('',#3149,#3147,#741,.T.);
#4012=EDGE_CURVE('',#3150,#3148,#742,.T.);
#4013=EDGE_CURVE('',#3150,#3151,#743,.T.);
#4014=EDGE_CURVE('',#3151,#3149,#744,.T.);
#4015=EDGE_CURVE('',#3152,#3150,#745,.T.);
#4016=EDGE_CURVE('',#3152,#3153,#746,.T.);
#4017=EDGE_CURVE('',#3153,#3151,#747,.T.);
#4018=EDGE_CURVE('',#3154,#3152,#748,.T.);
#4019=EDGE_CURVE('',#3154,#3155,#749,.T.);
#4020=EDGE_CURVE('',#3155,#3153,#750,.T.);
#4021=EDGE_CURVE('',#3156,#3154,#751,.T.);
#4022=EDGE_CURVE('',#3156,#3157,#752,.T.);
#4023=EDGE_CURVE('',#3157,#3155,#753,.T.);
#4024=EDGE_CURVE('',#3158,#3156,#754,.T.);
#4025=EDGE_CURVE('',#3158,#3159,#755,.T.);
#4026=EDGE_CURVE('',#3159,#3157,#756,.T.);
#4027=EDGE_CURVE('',#3160,#3158,#757,.T.);
#4028=EDGE_CURVE('',#3160,#3161,#758,.T.);
#4029=EDGE_CURVE('',#3161,#3159,#759,.T.);
#4030=EDGE_CURVE('',#3162,#3160,#760,.T.);
#4031=EDGE_CURVE('',#3162,#3163,#761,.T.);
#4032=EDGE_CURVE('',#3163,#3161,#762,.T.);
#4033=EDGE_CURVE('',#3141,#3162,#763,.T.);
#4034=EDGE_CURVE('',#3143,#3163,#764,.T.);
#4035=EDGE_CURVE('',#3164,#2803,#765,.T.);
#4036=EDGE_CURVE('',#3164,#2753,#766,.T.);
#4037=EDGE_CURVE('',#3165,#3165,#2579,.T.);
#4038=EDGE_CURVE('',#3165,#2784,#767,.T.);
#4039=EDGE_CURVE('',#3166,#3167,#768,.T.);
#4040=EDGE_CURVE('',#3167,#3168,#769,.T.);
#4041=EDGE_CURVE('',#3168,#3169,#770,.T.);
#4042=EDGE_CURVE('',#3169,#3170,#771,.T.);
#4043=EDGE_CURVE('',#3170,#3171,#772,.T.);
#4044=EDGE_CURVE('',#3171,#3166,#773,.T.);
#4045=EDGE_CURVE('',#3172,#3172,#2580,.T.);
#4046=EDGE_CURVE('',#3172,#2785,#774,.T.);
#4047=EDGE_CURVE('',#3173,#3174,#775,.T.);
#4048=EDGE_CURVE('',#3174,#3175,#776,.T.);
#4049=EDGE_CURVE('',#3175,#3176,#777,.T.);
#4050=EDGE_CURVE('',#3176,#3177,#778,.T.);
#4051=EDGE_CURVE('',#3177,#3178,#779,.T.);
#4052=EDGE_CURVE('',#3178,#3173,#780,.T.);
#4053=EDGE_CURVE('',#2783,#2761,#781,.T.);
#4054=EDGE_CURVE('',#2733,#2755,#782,.T.);
#4055=EDGE_CURVE('',#3179,#3164,#2581,.T.);
#4056=EDGE_CURVE('',#2776,#3164,#2511,.T.);
#4057=EDGE_CURVE('',#2774,#3179,#2512,.T.);
#4058=EDGE_CURVE('',#2739,#3176,#783,.T.);
#4059=EDGE_CURVE('',#2738,#3177,#784,.T.);
#4060=EDGE_CURVE('',#2737,#3178,#785,.T.);
#4061=EDGE_CURVE('',#2736,#3173,#786,.T.);
#4062=EDGE_CURVE('',#2735,#3174,#787,.T.);
#4063=EDGE_CURVE('',#2734,#3175,#788,.T.);
#4064=EDGE_CURVE('',#2767,#3169,#789,.T.);
#4065=EDGE_CURVE('',#2766,#3170,#790,.T.);
#4066=EDGE_CURVE('',#2765,#3171,#791,.T.);
#4067=EDGE_CURVE('',#2764,#3166,#792,.T.);
#4068=EDGE_CURVE('',#2763,#3167,#793,.T.);
#4069=EDGE_CURVE('',#2762,#3168,#794,.T.);
#4070=EDGE_CURVE('',#2754,#3179,#795,.T.);
#4071=EDGE_CURVE('',#2603,#3180,#2513,.T.);
#4072=EDGE_CURVE('',#3180,#3181,#2514,.T.);
#4073=EDGE_CURVE('',#3181,#3182,#796,.T.);
#4074=EDGE_CURVE('',#3182,#3183,#2515,.T.);
#4075=EDGE_CURVE('',#3183,#2588,#2516,.T.);
#4076=EDGE_CURVE('',#2583,#3182,#2517,.T.);
#4077=EDGE_CURVE('',#3181,#2596,#2518,.T.);
#4078=EDGE_CURVE('',#2591,#3184,#2519,.T.);
#4079=EDGE_CURVE('',#3184,#3185,#2520,.T.);
#4080=EDGE_CURVE('',#3185,#2727,#797,.T.);
#4081=EDGE_CURVE('',#3185,#2584,#2521,.T.);
#4082=EDGE_CURVE('',#2811,#2601,#798,.T.);
#4083=EDGE_CURVE('',#2602,#2601,#2522,.T.);
#4084=EDGE_CURVE('',#2601,#3186,#2523,.T.);
#4085=EDGE_CURVE('',#3186,#2600,#2524,.T.);
#4086=EDGE_CURVE('',#3180,#2602,#2525,.T.);
#4087=EDGE_CURVE('',#2810,#2589,#799,.T.);
#4088=EDGE_CURVE('',#2590,#2589,#2526,.T.);
#4089=EDGE_CURVE('',#2589,#3183,#2527,.T.);
#4090=EDGE_CURVE('',#3184,#2590,#2528,.T.);
#4091=EDGE_CURVE('',#2808,#2627,#800,.T.);
#4092=EDGE_CURVE('',#2628,#2809,#801,.T.);
#4093=EDGE_CURVE('',#3187,#3187,#2582,.T.);
#4094=EDGE_CURVE('',#3187,#3188,#802,.T.);
#4095=EDGE_CURVE('',#3188,#3186,#2529,.T.);
#4096=EDGE_CURVE('',#2595,#3188,#2530,.T.);
#4097=ORIENTED_EDGE('',*,*,#3189,.F.);
#4098=ORIENTED_EDGE('',*,*,#3190,.F.);
#4099=ORIENTED_EDGE('',*,*,#3191,.F.);
#4100=ORIENTED_EDGE('',*,*,#3192,.F.);
#4101=ORIENTED_EDGE('',*,*,#3193,.F.);
#4102=ORIENTED_EDGE('',*,*,#3194,.T.);
#4103=ORIENTED_EDGE('',*,*,#3195,.T.);
#4104=ORIENTED_EDGE('',*,*,#3196,.T.);
#4105=ORIENTED_EDGE('',*,*,#3197,.F.);
#4106=ORIENTED_EDGE('',*,*,#3198,.F.);
#4107=ORIENTED_EDGE('',*,*,#3199,.F.);
#4108=ORIENTED_EDGE('',*,*,#3200,.F.);
#4109=ORIENTED_EDGE('',*,*,#3201,.F.);
#4110=ORIENTED_EDGE('',*,*,#3202,.F.);
#4111=ORIENTED_EDGE('',*,*,#3203,.F.);
#4112=ORIENTED_EDGE('',*,*,#3204,.F.);
#4113=ORIENTED_EDGE('',*,*,#3205,.F.);
#4114=ORIENTED_EDGE('',*,*,#3206,.T.);
#4115=ORIENTED_EDGE('',*,*,#3207,.T.);
#4116=ORIENTED_EDGE('',*,*,#3208,.T.);
#4117=ORIENTED_EDGE('',*,*,#3209,.F.);
#4118=ORIENTED_EDGE('',*,*,#3210,.F.);
#4119=ORIENTED_EDGE('',*,*,#3211,.F.);
#4120=ORIENTED_EDGE('',*,*,#3212,.F.);
#4121=ORIENTED_EDGE('',*,*,#3213,.F.);
#4122=ORIENTED_EDGE('',*,*,#3214,.F.);
#4123=ORIENTED_EDGE('',*,*,#3215,.F.);
#4124=ORIENTED_EDGE('',*,*,#3216,.T.);
#4125=ORIENTED_EDGE('',*,*,#3217,.F.);
#4126=ORIENTED_EDGE('',*,*,#3216,.F.);
#4127=ORIENTED_EDGE('',*,*,#3218,.F.);
#4128=ORIENTED_EDGE('',*,*,#3219,.T.);
#4129=ORIENTED_EDGE('',*,*,#3220,.F.);
#4130=ORIENTED_EDGE('',*,*,#3219,.F.);
#4131=ORIENTED_EDGE('',*,*,#3221,.F.);
#4132=ORIENTED_EDGE('',*,*,#3222,.T.);
#4133=ORIENTED_EDGE('',*,*,#3223,.F.);
#4134=ORIENTED_EDGE('',*,*,#3222,.F.);
#4135=ORIENTED_EDGE('',*,*,#3224,.F.);
#4136=ORIENTED_EDGE('',*,*,#3225,.T.);
#4137=ORIENTED_EDGE('',*,*,#3226,.F.);
#4138=ORIENTED_EDGE('',*,*,#3225,.F.);
#4139=ORIENTED_EDGE('',*,*,#3227,.F.);
#4140=ORIENTED_EDGE('',*,*,#3228,.T.);
#4141=ORIENTED_EDGE('',*,*,#3229,.F.);
#4142=ORIENTED_EDGE('',*,*,#3228,.F.);
#4143=ORIENTED_EDGE('',*,*,#3230,.F.);
#4144=ORIENTED_EDGE('',*,*,#3231,.T.);
#4145=ORIENTED_EDGE('',*,*,#3232,.F.);
#4146=ORIENTED_EDGE('',*,*,#3231,.F.);
#4147=ORIENTED_EDGE('',*,*,#3233,.F.);
#4148=ORIENTED_EDGE('',*,*,#3234,.T.);
#4149=ORIENTED_EDGE('',*,*,#3235,.F.);
#4150=ORIENTED_EDGE('',*,*,#3234,.F.);
#4151=ORIENTED_EDGE('',*,*,#3236,.F.);
#4152=ORIENTED_EDGE('',*,*,#3214,.T.);
#4153=ORIENTED_EDGE('',*,*,#3237,.T.);
#4154=ORIENTED_EDGE('',*,*,#3238,.F.);
#4155=ORIENTED_EDGE('',*,*,#3239,.F.);
#4156=ORIENTED_EDGE('',*,*,#3240,.T.);
#4157=ORIENTED_EDGE('',*,*,#3241,.F.);
#4158=ORIENTED_EDGE('',*,*,#3242,.F.);
#4159=ORIENTED_EDGE('',*,*,#3243,.T.);
#4160=ORIENTED_EDGE('',*,*,#3244,.T.);
#4161=ORIENTED_EDGE('',*,*,#3237,.F.);
#4162=ORIENTED_EDGE('',*,*,#3245,.F.);
#4163=ORIENTED_EDGE('',*,*,#3246,.T.);
#4164=ORIENTED_EDGE('',*,*,#3247,.T.);
#4165=ORIENTED_EDGE('',*,*,#3248,.T.);
#4166=ORIENTED_EDGE('',*,*,#3249,.T.);
#4167=ORIENTED_EDGE('',*,*,#3246,.F.);
#4168=ORIENTED_EDGE('',*,*,#3250,.F.);
#4169=ORIENTED_EDGE('',*,*,#3251,.T.);
#4170=ORIENTED_EDGE('',*,*,#3252,.T.);
#4171=ORIENTED_EDGE('',*,*,#3253,.F.);
#4172=ORIENTED_EDGE('',*,*,#3254,.F.);
#4173=ORIENTED_EDGE('',*,*,#3255,.F.);
#4174=ORIENTED_EDGE('',*,*,#3239,.T.);
#4175=ORIENTED_EDGE('',*,*,#3256,.T.);
#4176=ORIENTED_EDGE('',*,*,#3257,.T.);
#4177=ORIENTED_EDGE('',*,*,#3251,.F.);
#4178=ORIENTED_EDGE('',*,*,#3258,.F.);
#4179=ORIENTED_EDGE('',*,*,#3259,.T.);
#4180=ORIENTED_EDGE('',*,*,#3260,.T.);
#4181=ORIENTED_EDGE('',*,*,#3259,.F.);
#4182=ORIENTED_EDGE('',*,*,#3261,.F.);
#4183=ORIENTED_EDGE('',*,*,#3262,.T.);
#4184=ORIENTED_EDGE('',*,*,#3263,.T.);
#4185=ORIENTED_EDGE('',*,*,#3262,.F.);
#4186=ORIENTED_EDGE('',*,*,#3264,.F.);
#4187=ORIENTED_EDGE('',*,*,#3265,.T.);
#4188=ORIENTED_EDGE('',*,*,#3266,.T.);
#4189=ORIENTED_EDGE('',*,*,#3265,.F.);
#4190=ORIENTED_EDGE('',*,*,#3267,.F.);
#4191=ORIENTED_EDGE('',*,*,#3254,.T.);
#4192=ORIENTED_EDGE('',*,*,#3268,.T.);
#4193=ORIENTED_EDGE('',*,*,#3269,.T.);
#4194=ORIENTED_EDGE('',*,*,#3270,.T.);
#4195=ORIENTED_EDGE('',*,*,#3257,.F.);
#4196=ORIENTED_EDGE('',*,*,#3270,.F.);
#4197=ORIENTED_EDGE('',*,*,#3249,.F.);
#4198=ORIENTED_EDGE('',*,*,#3271,.T.);
#4199=ORIENTED_EDGE('',*,*,#3272,.F.);
#4200=ORIENTED_EDGE('',*,*,#3271,.F.);
#4201=ORIENTED_EDGE('',*,*,#3273,.T.);
#4202=ORIENTED_EDGE('',*,*,#3274,.T.);
#4203=ORIENTED_EDGE('',*,*,#3256,.F.);
#4204=ORIENTED_EDGE('',*,*,#3274,.F.);
#4205=ORIENTED_EDGE('',*,*,#3248,.F.);
#4206=ORIENTED_EDGE('',*,*,#3275,.T.);
#4207=ORIENTED_EDGE('',*,*,#3276,.F.);
#4208=ORIENTED_EDGE('',*,*,#3275,.F.);
#4209=ORIENTED_EDGE('',*,*,#3277,.F.);
#4210=ORIENTED_EDGE('',*,*,#3278,.F.);
#4211=ORIENTED_EDGE('',*,*,#3279,.F.);
#4212=ORIENTED_EDGE('',*,*,#3280,.F.);
#4213=ORIENTED_EDGE('',*,*,#3281,.F.);
#4214=ORIENTED_EDGE('',*,*,#3282,.F.);
#4215=ORIENTED_EDGE('',*,*,#3269,.F.);
#4216=ORIENTED_EDGE('',*,*,#3283,.F.);
#4217=ORIENTED_EDGE('',*,*,#3284,.T.);
#4218=ORIENTED_EDGE('',*,*,#3277,.T.);
#4219=ORIENTED_EDGE('',*,*,#3285,.F.);
#4220=ORIENTED_EDGE('',*,*,#3286,.F.);
#4221=ORIENTED_EDGE('',*,*,#3285,.T.);
#4222=ORIENTED_EDGE('',*,*,#3282,.T.);
#4223=ORIENTED_EDGE('',*,*,#3287,.F.);
#4224=ORIENTED_EDGE('',*,*,#3288,.F.);
#4225=ORIENTED_EDGE('',*,*,#3287,.T.);
#4226=ORIENTED_EDGE('',*,*,#3281,.T.);
#4227=ORIENTED_EDGE('',*,*,#3289,.F.);
#4228=ORIENTED_EDGE('',*,*,#3290,.F.);
#4229=ORIENTED_EDGE('',*,*,#3289,.T.);
#4230=ORIENTED_EDGE('',*,*,#3280,.T.);
#4231=ORIENTED_EDGE('',*,*,#3291,.F.);
#4232=ORIENTED_EDGE('',*,*,#3292,.F.);
#4233=ORIENTED_EDGE('',*,*,#3291,.T.);
#4234=ORIENTED_EDGE('',*,*,#3279,.T.);
#4235=ORIENTED_EDGE('',*,*,#3293,.F.);
#4236=ORIENTED_EDGE('',*,*,#3294,.F.);
#4237=ORIENTED_EDGE('',*,*,#3293,.T.);
#4238=ORIENTED_EDGE('',*,*,#3278,.T.);
#4239=ORIENTED_EDGE('',*,*,#3284,.F.);
#4240=ORIENTED_EDGE('',*,*,#3295,.F.);
#4241=ORIENTED_EDGE('',*,*,#3296,.F.);
#4242=ORIENTED_EDGE('',*,*,#3297,.F.);
#4243=ORIENTED_EDGE('',*,*,#3298,.F.);
#4244=ORIENTED_EDGE('',*,*,#3299,.F.);
#4245=ORIENTED_EDGE('',*,*,#3300,.F.);
#4246=ORIENTED_EDGE('',*,*,#3273,.F.);
#4247=ORIENTED_EDGE('',*,*,#3301,.F.);
#4248=ORIENTED_EDGE('',*,*,#3302,.T.);
#4249=ORIENTED_EDGE('',*,*,#3295,.T.);
#4250=ORIENTED_EDGE('',*,*,#3303,.F.);
#4251=ORIENTED_EDGE('',*,*,#3304,.F.);
#4252=ORIENTED_EDGE('',*,*,#3303,.T.);
#4253=ORIENTED_EDGE('',*,*,#3300,.T.);
#4254=ORIENTED_EDGE('',*,*,#3305,.F.);
#4255=ORIENTED_EDGE('',*,*,#3306,.F.);
#4256=ORIENTED_EDGE('',*,*,#3305,.T.);
#4257=ORIENTED_EDGE('',*,*,#3299,.T.);
#4258=ORIENTED_EDGE('',*,*,#3307,.F.);
#4259=ORIENTED_EDGE('',*,*,#3308,.F.);
#4260=ORIENTED_EDGE('',*,*,#3307,.T.);
#4261=ORIENTED_EDGE('',*,*,#3298,.T.);
#4262=ORIENTED_EDGE('',*,*,#3309,.F.);
#4263=ORIENTED_EDGE('',*,*,#3310,.F.);
#4264=ORIENTED_EDGE('',*,*,#3309,.T.);
#4265=ORIENTED_EDGE('',*,*,#3297,.T.);
#4266=ORIENTED_EDGE('',*,*,#3311,.F.);
#4267=ORIENTED_EDGE('',*,*,#3312,.F.);
#4268=ORIENTED_EDGE('',*,*,#3311,.T.);
#4269=ORIENTED_EDGE('',*,*,#3296,.T.);
#4270=ORIENTED_EDGE('',*,*,#3302,.F.);
#4271=ORIENTED_EDGE('',*,*,#3313,.T.);
#4272=ORIENTED_EDGE('',*,*,#3314,.F.);
#4273=ORIENTED_EDGE('',*,*,#3315,.T.);
#4274=ORIENTED_EDGE('',*,*,#3316,.T.);
#4275=ORIENTED_EDGE('',*,*,#3317,.T.);
#4276=ORIENTED_EDGE('',*,*,#3318,.F.);
#4277=ORIENTED_EDGE('',*,*,#3319,.F.);
#4278=ORIENTED_EDGE('',*,*,#3315,.F.);
#4279=ORIENTED_EDGE('',*,*,#3320,.T.);
#4280=ORIENTED_EDGE('',*,*,#3321,.T.);
#4281=ORIENTED_EDGE('',*,*,#3322,.T.);
#4282=ORIENTED_EDGE('',*,*,#3323,.T.);
#4283=ORIENTED_EDGE('',*,*,#3324,.F.);
#4284=ORIENTED_EDGE('',*,*,#3325,.F.);
#4285=ORIENTED_EDGE('',*,*,#3326,.F.);
#4286=ORIENTED_EDGE('',*,*,#3324,.T.);
#4287=ORIENTED_EDGE('',*,*,#3327,.T.);
#4288=ORIENTED_EDGE('',*,*,#3328,.F.);
#4289=ORIENTED_EDGE('',*,*,#3329,.F.);
#4290=ORIENTED_EDGE('',*,*,#3330,.F.);
#4291=ORIENTED_EDGE('',*,*,#3328,.T.);
#4292=ORIENTED_EDGE('',*,*,#3331,.T.);
#4293=ORIENTED_EDGE('',*,*,#3332,.T.);
#4294=ORIENTED_EDGE('',*,*,#3333,.F.);
#4295=ORIENTED_EDGE('',*,*,#3329,.T.);
#4296=ORIENTED_EDGE('',*,*,#3334,.T.);
#4297=ORIENTED_EDGE('',*,*,#3322,.F.);
#4298=ORIENTED_EDGE('',*,*,#3335,.F.);
#4299=ORIENTED_EDGE('',*,*,#3318,.T.);
#4300=ORIENTED_EDGE('',*,*,#3336,.T.);
#4301=ORIENTED_EDGE('',*,*,#3313,.F.);
#4302=ORIENTED_EDGE('',*,*,#3337,.F.);
#4303=ORIENTED_EDGE('',*,*,#3332,.F.);
#4304=ORIENTED_EDGE('',*,*,#3338,.F.);
#4305=ORIENTED_EDGE('',*,*,#3339,.T.);
#4306=ORIENTED_EDGE('',*,*,#3340,.T.);
#4307=ORIENTED_EDGE('',*,*,#3341,.T.);
#4308=ORIENTED_EDGE('',*,*,#3342,.T.);
#4309=ORIENTED_EDGE('',*,*,#3340,.F.);
#4310=ORIENTED_EDGE('',*,*,#3342,.F.);
#4311=ORIENTED_EDGE('',*,*,#3320,.F.);
#4312=ORIENTED_EDGE('',*,*,#3343,.T.);
#4313=ORIENTED_EDGE('',*,*,#3344,.F.);
#4314=ORIENTED_EDGE('',*,*,#3343,.F.);
#4315=ORIENTED_EDGE('',*,*,#3345,.T.);
#4316=ORIENTED_EDGE('',*,*,#3346,.T.);
#4317=ORIENTED_EDGE('',*,*,#3339,.F.);
#4318=ORIENTED_EDGE('',*,*,#3346,.F.);
#4319=ORIENTED_EDGE('',*,*,#3321,.F.);
#4320=ORIENTED_EDGE('',*,*,#3347,.T.);
#4321=ORIENTED_EDGE('',*,*,#3348,.F.);
#4322=ORIENTED_EDGE('',*,*,#3347,.F.);
#4323=ORIENTED_EDGE('',*,*,#3349,.F.);
#4324=ORIENTED_EDGE('',*,*,#3350,.F.);
#4325=ORIENTED_EDGE('',*,*,#3351,.F.);
#4326=ORIENTED_EDGE('',*,*,#3352,.F.);
#4327=ORIENTED_EDGE('',*,*,#3353,.F.);
#4328=ORIENTED_EDGE('',*,*,#3354,.F.);
#4329=ORIENTED_EDGE('',*,*,#3341,.F.);
#4330=ORIENTED_EDGE('',*,*,#3355,.F.);
#4331=ORIENTED_EDGE('',*,*,#3356,.T.);
#4332=ORIENTED_EDGE('',*,*,#3349,.T.);
#4333=ORIENTED_EDGE('',*,*,#3357,.F.);
#4334=ORIENTED_EDGE('',*,*,#3358,.F.);
#4335=ORIENTED_EDGE('',*,*,#3357,.T.);
#4336=ORIENTED_EDGE('',*,*,#3354,.T.);
#4337=ORIENTED_EDGE('',*,*,#3359,.F.);
#4338=ORIENTED_EDGE('',*,*,#3360,.F.);
#4339=ORIENTED_EDGE('',*,*,#3359,.T.);
#4340=ORIENTED_EDGE('',*,*,#3353,.T.);
#4341=ORIENTED_EDGE('',*,*,#3361,.F.);
#4342=ORIENTED_EDGE('',*,*,#3362,.F.);
#4343=ORIENTED_EDGE('',*,*,#3361,.T.);
#4344=ORIENTED_EDGE('',*,*,#3352,.T.);
#4345=ORIENTED_EDGE('',*,*,#3363,.F.);
#4346=ORIENTED_EDGE('',*,*,#3364,.F.);
#4347=ORIENTED_EDGE('',*,*,#3363,.T.);
#4348=ORIENTED_EDGE('',*,*,#3351,.T.);
#4349=ORIENTED_EDGE('',*,*,#3365,.F.);
#4350=ORIENTED_EDGE('',*,*,#3366,.F.);
#4351=ORIENTED_EDGE('',*,*,#3365,.T.);
#4352=ORIENTED_EDGE('',*,*,#3350,.T.);
#4353=ORIENTED_EDGE('',*,*,#3356,.F.);
#4354=ORIENTED_EDGE('',*,*,#3367,.F.);
#4355=ORIENTED_EDGE('',*,*,#3368,.F.);
#4356=ORIENTED_EDGE('',*,*,#3369,.F.);
#4357=ORIENTED_EDGE('',*,*,#3370,.F.);
#4358=ORIENTED_EDGE('',*,*,#3371,.F.);
#4359=ORIENTED_EDGE('',*,*,#3372,.F.);
#4360=ORIENTED_EDGE('',*,*,#3345,.F.);
#4361=ORIENTED_EDGE('',*,*,#3373,.F.);
#4362=ORIENTED_EDGE('',*,*,#3374,.T.);
#4363=ORIENTED_EDGE('',*,*,#3367,.T.);
#4364=ORIENTED_EDGE('',*,*,#3375,.F.);
#4365=ORIENTED_EDGE('',*,*,#3376,.F.);
#4366=ORIENTED_EDGE('',*,*,#3375,.T.);
#4367=ORIENTED_EDGE('',*,*,#3372,.T.);
#4368=ORIENTED_EDGE('',*,*,#3377,.F.);
#4369=ORIENTED_EDGE('',*,*,#3378,.F.);
#4370=ORIENTED_EDGE('',*,*,#3377,.T.);
#4371=ORIENTED_EDGE('',*,*,#3371,.T.);
#4372=ORIENTED_EDGE('',*,*,#3379,.F.);
#4373=ORIENTED_EDGE('',*,*,#3380,.F.);
#4374=ORIENTED_EDGE('',*,*,#3379,.T.);
#4375=ORIENTED_EDGE('',*,*,#3370,.T.);
#4376=ORIENTED_EDGE('',*,*,#3381,.F.);
#4377=ORIENTED_EDGE('',*,*,#3382,.F.);
#4378=ORIENTED_EDGE('',*,*,#3381,.T.);
#4379=ORIENTED_EDGE('',*,*,#3369,.T.);
#4380=ORIENTED_EDGE('',*,*,#3383,.F.);
#4381=ORIENTED_EDGE('',*,*,#3384,.F.);
#4382=ORIENTED_EDGE('',*,*,#3383,.T.);
#4383=ORIENTED_EDGE('',*,*,#3368,.T.);
#4384=ORIENTED_EDGE('',*,*,#3374,.F.);
#4385=ORIENTED_EDGE('',*,*,#3314,.T.);
#4386=ORIENTED_EDGE('',*,*,#3338,.T.);
#4387=ORIENTED_EDGE('',*,*,#3334,.F.);
#4388=ORIENTED_EDGE('',*,*,#3331,.F.);
#4389=ORIENTED_EDGE('',*,*,#3327,.F.);
#4390=ORIENTED_EDGE('',*,*,#3323,.F.);
#4391=ORIENTED_EDGE('',*,*,#3336,.F.);
#4392=ORIENTED_EDGE('',*,*,#3317,.F.);
#4393=ORIENTED_EDGE('',*,*,#3238,.T.);
#4394=ORIENTED_EDGE('',*,*,#3247,.F.);
#4395=ORIENTED_EDGE('',*,*,#3252,.F.);
#4396=ORIENTED_EDGE('',*,*,#3260,.F.);
#4397=ORIENTED_EDGE('',*,*,#3263,.F.);
#4398=ORIENTED_EDGE('',*,*,#3266,.F.);
#4399=ORIENTED_EDGE('',*,*,#3268,.F.);
#4400=ORIENTED_EDGE('',*,*,#3253,.T.);
#4401=ORIENTED_EDGE('',*,*,#3385,.T.);
#4402=ORIENTED_EDGE('',*,*,#3386,.T.);
#4403=ORIENTED_EDGE('',*,*,#3387,.T.);
#4404=ORIENTED_EDGE('',*,*,#3388,.T.);
#4405=ORIENTED_EDGE('',*,*,#3389,.F.);
#4406=ORIENTED_EDGE('',*,*,#3243,.F.);
#4407=ORIENTED_EDGE('',*,*,#3227,.T.);
#4408=ORIENTED_EDGE('',*,*,#3224,.T.);
#4409=ORIENTED_EDGE('',*,*,#3221,.T.);
#4410=ORIENTED_EDGE('',*,*,#3218,.T.);
#4411=ORIENTED_EDGE('',*,*,#3215,.T.);
#4412=ORIENTED_EDGE('',*,*,#3236,.T.);
#4413=ORIENTED_EDGE('',*,*,#3233,.T.);
#4414=ORIENTED_EDGE('',*,*,#3230,.T.);
#4415=ORIENTED_EDGE('',*,*,#3272,.T.);
#4416=ORIENTED_EDGE('',*,*,#3276,.T.);
#4417=ORIENTED_EDGE('',*,*,#3344,.T.);
#4418=ORIENTED_EDGE('',*,*,#3348,.T.);
#4419=ORIENTED_EDGE('',*,*,#3390,.T.);
#4420=ORIENTED_EDGE('',*,*,#3391,.T.);
#4421=ORIENTED_EDGE('',*,*,#3392,.F.);
#4422=ORIENTED_EDGE('',*,*,#3393,.F.);
#4423=ORIENTED_EDGE('',*,*,#3394,.F.);
#4424=ORIENTED_EDGE('',*,*,#3395,.F.);
#4425=ORIENTED_EDGE('',*,*,#3396,.T.);
#4426=ORIENTED_EDGE('',*,*,#3391,.F.);
#4427=ORIENTED_EDGE('',*,*,#3397,.T.);
#4428=ORIENTED_EDGE('',*,*,#3398,.T.);
#4429=ORIENTED_EDGE('',*,*,#3399,.T.);
#4430=ORIENTED_EDGE('',*,*,#3400,.T.);
#4431=ORIENTED_EDGE('',*,*,#3401,.T.);
#4432=ORIENTED_EDGE('',*,*,#3402,.T.);
#4433=ORIENTED_EDGE('',*,*,#3403,.T.);
#4434=ORIENTED_EDGE('',*,*,#3404,.T.);
#4435=ORIENTED_EDGE('',*,*,#3405,.T.);
#4436=ORIENTED_EDGE('',*,*,#3406,.T.);
#4437=ORIENTED_EDGE('',*,*,#3407,.T.);
#4438=ORIENTED_EDGE('',*,*,#3408,.T.);
#4439=ORIENTED_EDGE('',*,*,#3409,.T.);
#4440=ORIENTED_EDGE('',*,*,#3410,.T.);
#4441=ORIENTED_EDGE('',*,*,#3411,.T.);
#4442=ORIENTED_EDGE('',*,*,#3412,.F.);
#4443=ORIENTED_EDGE('',*,*,#3413,.F.);
#4444=ORIENTED_EDGE('',*,*,#3414,.T.);
#4445=ORIENTED_EDGE('',*,*,#3415,.T.);
#4446=ORIENTED_EDGE('',*,*,#3416,.T.);
#4447=ORIENTED_EDGE('',*,*,#3417,.F.);
#4448=ORIENTED_EDGE('',*,*,#3418,.F.);
#4449=ORIENTED_EDGE('',*,*,#3419,.T.);
#4450=ORIENTED_EDGE('',*,*,#3420,.F.);
#4451=ORIENTED_EDGE('',*,*,#3421,.T.);
#4452=ORIENTED_EDGE('',*,*,#3410,.F.);
#4453=ORIENTED_EDGE('',*,*,#3422,.F.);
#4454=ORIENTED_EDGE('',*,*,#3423,.T.);
#4455=ORIENTED_EDGE('',*,*,#3424,.T.);
#4456=ORIENTED_EDGE('',*,*,#3425,.T.);
#4457=ORIENTED_EDGE('',*,*,#3420,.T.);
#4458=ORIENTED_EDGE('',*,*,#3426,.T.);
#4459=ORIENTED_EDGE('',*,*,#3427,.T.);
#4460=ORIENTED_EDGE('',*,*,#3428,.T.);
#4461=ORIENTED_EDGE('',*,*,#3429,.T.);
#4462=ORIENTED_EDGE('',*,*,#3430,.T.);
#4463=ORIENTED_EDGE('',*,*,#3431,.T.);
#4464=ORIENTED_EDGE('',*,*,#3432,.T.);
#4465=ORIENTED_EDGE('',*,*,#3433,.T.);
#4466=ORIENTED_EDGE('',*,*,#3434,.T.);
#4467=ORIENTED_EDGE('',*,*,#3435,.T.);
#4468=ORIENTED_EDGE('',*,*,#3436,.T.);
#4469=ORIENTED_EDGE('',*,*,#3437,.T.);
#4470=ORIENTED_EDGE('',*,*,#3438,.T.);
#4471=ORIENTED_EDGE('',*,*,#3439,.T.);
#4472=ORIENTED_EDGE('',*,*,#3440,.F.);
#4473=ORIENTED_EDGE('',*,*,#3441,.F.);
#4474=ORIENTED_EDGE('',*,*,#3442,.F.);
#4475=ORIENTED_EDGE('',*,*,#3443,.F.);
#4476=ORIENTED_EDGE('',*,*,#3444,.F.);
#4477=ORIENTED_EDGE('',*,*,#3445,.F.);
#4478=ORIENTED_EDGE('',*,*,#3393,.T.);
#4479=ORIENTED_EDGE('',*,*,#3446,.T.);
#4480=ORIENTED_EDGE('',*,*,#3447,.T.);
#4481=ORIENTED_EDGE('',*,*,#3448,.T.);
#4482=ORIENTED_EDGE('',*,*,#3449,.T.);
#4483=ORIENTED_EDGE('',*,*,#3450,.T.);
#4484=ORIENTED_EDGE('',*,*,#3451,.F.);
#4485=ORIENTED_EDGE('',*,*,#3452,.F.);
#4486=ORIENTED_EDGE('',*,*,#3453,.F.);
#4487=ORIENTED_EDGE('',*,*,#3454,.F.);
#4488=ORIENTED_EDGE('',*,*,#3448,.F.);
#4489=ORIENTED_EDGE('',*,*,#3455,.F.);
#4490=ORIENTED_EDGE('',*,*,#3423,.F.);
#4491=ORIENTED_EDGE('',*,*,#3456,.F.);
#4492=ORIENTED_EDGE('',*,*,#3455,.T.);
#4493=ORIENTED_EDGE('',*,*,#3447,.F.);
#4494=ORIENTED_EDGE('',*,*,#3457,.F.);
#4495=ORIENTED_EDGE('',*,*,#3424,.F.);
#4496=ORIENTED_EDGE('',*,*,#3458,.F.);
#4497=ORIENTED_EDGE('',*,*,#3459,.F.);
#4498=ORIENTED_EDGE('',*,*,#3409,.F.);
#4499=ORIENTED_EDGE('',*,*,#3460,.T.);
#4500=ORIENTED_EDGE('',*,*,#3461,.F.);
#4501=ORIENTED_EDGE('',*,*,#3462,.F.);
#4502=ORIENTED_EDGE('',*,*,#3404,.F.);
#4503=ORIENTED_EDGE('',*,*,#3459,.T.);
#4504=ORIENTED_EDGE('',*,*,#3463,.F.);
#4505=ORIENTED_EDGE('',*,*,#3464,.F.);
#4506=ORIENTED_EDGE('',*,*,#3405,.F.);
#4507=ORIENTED_EDGE('',*,*,#3462,.T.);
#4508=ORIENTED_EDGE('',*,*,#3465,.F.);
#4509=ORIENTED_EDGE('',*,*,#3466,.F.);
#4510=ORIENTED_EDGE('',*,*,#3406,.F.);
#4511=ORIENTED_EDGE('',*,*,#3464,.T.);
#4512=ORIENTED_EDGE('',*,*,#3467,.F.);
#4513=ORIENTED_EDGE('',*,*,#3468,.F.);
#4514=ORIENTED_EDGE('',*,*,#3407,.F.);
#4515=ORIENTED_EDGE('',*,*,#3466,.T.);
#4516=ORIENTED_EDGE('',*,*,#3469,.F.);
#4517=ORIENTED_EDGE('',*,*,#3460,.F.);
#4518=ORIENTED_EDGE('',*,*,#3408,.F.);
#4519=ORIENTED_EDGE('',*,*,#3468,.T.);
#4520=ORIENTED_EDGE('',*,*,#3470,.F.);
#4521=ORIENTED_EDGE('',*,*,#3471,.F.);
#4522=ORIENTED_EDGE('',*,*,#3439,.F.);
#4523=ORIENTED_EDGE('',*,*,#3472,.T.);
#4524=ORIENTED_EDGE('',*,*,#3473,.F.);
#4525=ORIENTED_EDGE('',*,*,#3474,.F.);
#4526=ORIENTED_EDGE('',*,*,#3434,.F.);
#4527=ORIENTED_EDGE('',*,*,#3471,.T.);
#4528=ORIENTED_EDGE('',*,*,#3475,.F.);
#4529=ORIENTED_EDGE('',*,*,#3476,.F.);
#4530=ORIENTED_EDGE('',*,*,#3435,.F.);
#4531=ORIENTED_EDGE('',*,*,#3474,.T.);
#4532=ORIENTED_EDGE('',*,*,#3477,.F.);
#4533=ORIENTED_EDGE('',*,*,#3478,.F.);
#4534=ORIENTED_EDGE('',*,*,#3436,.F.);
#4535=ORIENTED_EDGE('',*,*,#3476,.T.);
#4536=ORIENTED_EDGE('',*,*,#3479,.F.);
#4537=ORIENTED_EDGE('',*,*,#3480,.F.);
#4538=ORIENTED_EDGE('',*,*,#3437,.F.);
#4539=ORIENTED_EDGE('',*,*,#3478,.T.);
#4540=ORIENTED_EDGE('',*,*,#3481,.F.);
#4541=ORIENTED_EDGE('',*,*,#3472,.F.);
#4542=ORIENTED_EDGE('',*,*,#3438,.F.);
#4543=ORIENTED_EDGE('',*,*,#3480,.T.);
#4544=ORIENTED_EDGE('',*,*,#3482,.T.);
#4545=ORIENTED_EDGE('',*,*,#3483,.T.);
#4546=ORIENTED_EDGE('',*,*,#3445,.T.);
#4547=ORIENTED_EDGE('',*,*,#3484,.T.);
#4548=ORIENTED_EDGE('',*,*,#3444,.T.);
#4549=ORIENTED_EDGE('',*,*,#3485,.T.);
#4550=ORIENTED_EDGE('',*,*,#3486,.T.);
#4551=ORIENTED_EDGE('',*,*,#3484,.F.);
#4552=ORIENTED_EDGE('',*,*,#3487,.T.);
#4553=ORIENTED_EDGE('',*,*,#3485,.F.);
#4554=ORIENTED_EDGE('',*,*,#3443,.T.);
#4555=ORIENTED_EDGE('',*,*,#3488,.T.);
#4556=ORIENTED_EDGE('',*,*,#3482,.F.);
#4557=ORIENTED_EDGE('',*,*,#3489,.F.);
#4558=ORIENTED_EDGE('',*,*,#3413,.T.);
#4559=ORIENTED_EDGE('',*,*,#3490,.F.);
#4560=ORIENTED_EDGE('',*,*,#3486,.F.);
#4561=ORIENTED_EDGE('',*,*,#3491,.T.);
#4562=ORIENTED_EDGE('',*,*,#3414,.F.);
#4563=ORIENTED_EDGE('',*,*,#3489,.T.);
#4564=ORIENTED_EDGE('',*,*,#3415,.F.);
#4565=ORIENTED_EDGE('',*,*,#3491,.F.);
#4566=ORIENTED_EDGE('',*,*,#3487,.F.);
#4567=ORIENTED_EDGE('',*,*,#3492,.T.);
#4568=ORIENTED_EDGE('',*,*,#3392,.T.);
#4569=ORIENTED_EDGE('',*,*,#3396,.F.);
#4570=ORIENTED_EDGE('',*,*,#3493,.F.);
#4571=ORIENTED_EDGE('',*,*,#3411,.F.);
#4572=ORIENTED_EDGE('',*,*,#3421,.F.);
#4573=ORIENTED_EDGE('',*,*,#3425,.F.);
#4574=ORIENTED_EDGE('',*,*,#3457,.T.);
#4575=ORIENTED_EDGE('',*,*,#3446,.F.);
#4576=ORIENTED_EDGE('',*,*,#3475,.T.);
#4577=ORIENTED_EDGE('',*,*,#3473,.T.);
#4578=ORIENTED_EDGE('',*,*,#3470,.T.);
#4579=ORIENTED_EDGE('',*,*,#3481,.T.);
#4580=ORIENTED_EDGE('',*,*,#3479,.T.);
#4581=ORIENTED_EDGE('',*,*,#3477,.T.);
#4582=ORIENTED_EDGE('',*,*,#3494,.T.);
#4583=ORIENTED_EDGE('',*,*,#3463,.T.);
#4584=ORIENTED_EDGE('',*,*,#3461,.T.);
#4585=ORIENTED_EDGE('',*,*,#3458,.T.);
#4586=ORIENTED_EDGE('',*,*,#3469,.T.);
#4587=ORIENTED_EDGE('',*,*,#3467,.T.);
#4588=ORIENTED_EDGE('',*,*,#3465,.T.);
#4589=ORIENTED_EDGE('',*,*,#3495,.T.);
#4590=ORIENTED_EDGE('',*,*,#3495,.F.);
#4591=ORIENTED_EDGE('',*,*,#3496,.T.);
#4592=ORIENTED_EDGE('',*,*,#3454,.T.);
#4593=ORIENTED_EDGE('',*,*,#3496,.F.);
#4594=ORIENTED_EDGE('',*,*,#3494,.F.);
#4595=ORIENTED_EDGE('',*,*,#3497,.T.);
#4596=ORIENTED_EDGE('',*,*,#3453,.T.);
#4597=ORIENTED_EDGE('',*,*,#3497,.F.);
#4598=ORIENTED_EDGE('',*,*,#3387,.F.);
#4599=ORIENTED_EDGE('',*,*,#3498,.T.);
#4600=ORIENTED_EDGE('',*,*,#3499,.F.);
#4601=ORIENTED_EDGE('',*,*,#3500,.F.);
#4602=ORIENTED_EDGE('',*,*,#3501,.F.);
#4603=ORIENTED_EDGE('',*,*,#3498,.F.);
#4604=ORIENTED_EDGE('',*,*,#3386,.F.);
#4605=ORIENTED_EDGE('',*,*,#3502,.F.);
#4606=ORIENTED_EDGE('',*,*,#3503,.F.);
#4607=ORIENTED_EDGE('',*,*,#3504,.F.);
#4608=ORIENTED_EDGE('',*,*,#3388,.F.);
#4609=ORIENTED_EDGE('',*,*,#3500,.T.);
#4610=ORIENTED_EDGE('',*,*,#3505,.T.);
#4611=ORIENTED_EDGE('',*,*,#3506,.T.);
#4612=ORIENTED_EDGE('',*,*,#3507,.F.);
#4613=ORIENTED_EDGE('',*,*,#3508,.T.);
#4614=ORIENTED_EDGE('',*,*,#3509,.T.);
#4615=ORIENTED_EDGE('',*,*,#3510,.F.);
#4616=ORIENTED_EDGE('',*,*,#3511,.F.);
#4617=ORIENTED_EDGE('',*,*,#3512,.T.);
#4618=ORIENTED_EDGE('',*,*,#3513,.T.);
#4619=ORIENTED_EDGE('',*,*,#3508,.F.);
#4620=ORIENTED_EDGE('',*,*,#3514,.F.);
#4621=ORIENTED_EDGE('',*,*,#3515,.T.);
#4622=ORIENTED_EDGE('',*,*,#3516,.T.);
#4623=ORIENTED_EDGE('',*,*,#3512,.F.);
#4624=ORIENTED_EDGE('',*,*,#3517,.F.);
#4625=ORIENTED_EDGE('',*,*,#3518,.T.);
#4626=ORIENTED_EDGE('',*,*,#3519,.T.);
#4627=ORIENTED_EDGE('',*,*,#3515,.F.);
#4628=ORIENTED_EDGE('',*,*,#3520,.F.);
#4629=ORIENTED_EDGE('',*,*,#3521,.T.);
#4630=ORIENTED_EDGE('',*,*,#3522,.T.);
#4631=ORIENTED_EDGE('',*,*,#3518,.F.);
#4632=ORIENTED_EDGE('',*,*,#3523,.F.);
#4633=ORIENTED_EDGE('',*,*,#3524,.T.);
#4634=ORIENTED_EDGE('',*,*,#3525,.T.);
#4635=ORIENTED_EDGE('',*,*,#3521,.F.);
#4636=ORIENTED_EDGE('',*,*,#3526,.F.);
#4637=ORIENTED_EDGE('',*,*,#3527,.T.);
#4638=ORIENTED_EDGE('',*,*,#3528,.T.);
#4639=ORIENTED_EDGE('',*,*,#3524,.F.);
#4640=ORIENTED_EDGE('',*,*,#3529,.F.);
#4641=ORIENTED_EDGE('',*,*,#3510,.T.);
#4642=ORIENTED_EDGE('',*,*,#3530,.T.);
#4643=ORIENTED_EDGE('',*,*,#3527,.F.);
#4644=ORIENTED_EDGE('',*,*,#3531,.F.);
#4645=ORIENTED_EDGE('',*,*,#3532,.T.);
#4646=ORIENTED_EDGE('',*,*,#3533,.T.);
#4647=ORIENTED_EDGE('',*,*,#3534,.F.);
#4648=ORIENTED_EDGE('',*,*,#3535,.F.);
#4649=ORIENTED_EDGE('',*,*,#3536,.T.);
#4650=ORIENTED_EDGE('',*,*,#3537,.T.);
#4651=ORIENTED_EDGE('',*,*,#3532,.F.);
#4652=ORIENTED_EDGE('',*,*,#3538,.F.);
#4653=ORIENTED_EDGE('',*,*,#3539,.T.);
#4654=ORIENTED_EDGE('',*,*,#3540,.T.);
#4655=ORIENTED_EDGE('',*,*,#3536,.F.);
#4656=ORIENTED_EDGE('',*,*,#3541,.F.);
#4657=ORIENTED_EDGE('',*,*,#3542,.T.);
#4658=ORIENTED_EDGE('',*,*,#3543,.T.);
#4659=ORIENTED_EDGE('',*,*,#3539,.F.);
#4660=ORIENTED_EDGE('',*,*,#3544,.F.);
#4661=ORIENTED_EDGE('',*,*,#3545,.T.);
#4662=ORIENTED_EDGE('',*,*,#3546,.T.);
#4663=ORIENTED_EDGE('',*,*,#3542,.F.);
#4664=ORIENTED_EDGE('',*,*,#3547,.F.);
#4665=ORIENTED_EDGE('',*,*,#3548,.T.);
#4666=ORIENTED_EDGE('',*,*,#3549,.T.);
#4667=ORIENTED_EDGE('',*,*,#3545,.F.);
#4668=ORIENTED_EDGE('',*,*,#3550,.F.);
#4669=ORIENTED_EDGE('',*,*,#3551,.T.);
#4670=ORIENTED_EDGE('',*,*,#3552,.T.);
#4671=ORIENTED_EDGE('',*,*,#3548,.F.);
#4672=ORIENTED_EDGE('',*,*,#3553,.F.);
#4673=ORIENTED_EDGE('',*,*,#3554,.T.);
#4674=ORIENTED_EDGE('',*,*,#3555,.T.);
#4675=ORIENTED_EDGE('',*,*,#3551,.F.);
#4676=ORIENTED_EDGE('',*,*,#3556,.F.);
#4677=ORIENTED_EDGE('',*,*,#3557,.T.);
#4678=ORIENTED_EDGE('',*,*,#3558,.T.);
#4679=ORIENTED_EDGE('',*,*,#3554,.F.);
#4680=ORIENTED_EDGE('',*,*,#3559,.F.);
#4681=ORIENTED_EDGE('',*,*,#3560,.T.);
#4682=ORIENTED_EDGE('',*,*,#3561,.T.);
#4683=ORIENTED_EDGE('',*,*,#3557,.F.);
#4684=ORIENTED_EDGE('',*,*,#3562,.F.);
#4685=ORIENTED_EDGE('',*,*,#3563,.T.);
#4686=ORIENTED_EDGE('',*,*,#3564,.T.);
#4687=ORIENTED_EDGE('',*,*,#3560,.F.);
#4688=ORIENTED_EDGE('',*,*,#3565,.F.);
#4689=ORIENTED_EDGE('',*,*,#3566,.T.);
#4690=ORIENTED_EDGE('',*,*,#3567,.T.);
#4691=ORIENTED_EDGE('',*,*,#3563,.F.);
#4692=ORIENTED_EDGE('',*,*,#3568,.F.);
#4693=ORIENTED_EDGE('',*,*,#3569,.T.);
#4694=ORIENTED_EDGE('',*,*,#3570,.T.);
#4695=ORIENTED_EDGE('',*,*,#3566,.F.);
#4696=ORIENTED_EDGE('',*,*,#3571,.F.);
#4697=ORIENTED_EDGE('',*,*,#3572,.T.);
#4698=ORIENTED_EDGE('',*,*,#3573,.T.);
#4699=ORIENTED_EDGE('',*,*,#3569,.F.);
#4700=ORIENTED_EDGE('',*,*,#3574,.F.);
#4701=ORIENTED_EDGE('',*,*,#3575,.T.);
#4702=ORIENTED_EDGE('',*,*,#3576,.T.);
#4703=ORIENTED_EDGE('',*,*,#3572,.F.);
#4704=ORIENTED_EDGE('',*,*,#3577,.F.);
#4705=ORIENTED_EDGE('',*,*,#3578,.T.);
#4706=ORIENTED_EDGE('',*,*,#3579,.T.);
#4707=ORIENTED_EDGE('',*,*,#3575,.F.);
#4708=ORIENTED_EDGE('',*,*,#3580,.F.);
#4709=ORIENTED_EDGE('',*,*,#3581,.T.);
#4710=ORIENTED_EDGE('',*,*,#3582,.T.);
#4711=ORIENTED_EDGE('',*,*,#3578,.F.);
#4712=ORIENTED_EDGE('',*,*,#3583,.F.);
#4713=ORIENTED_EDGE('',*,*,#3584,.T.);
#4714=ORIENTED_EDGE('',*,*,#3585,.T.);
#4715=ORIENTED_EDGE('',*,*,#3581,.F.);
#4716=ORIENTED_EDGE('',*,*,#3586,.F.);
#4717=ORIENTED_EDGE('',*,*,#3534,.T.);
#4718=ORIENTED_EDGE('',*,*,#3587,.T.);
#4719=ORIENTED_EDGE('',*,*,#3584,.F.);
#4720=ORIENTED_EDGE('',*,*,#3587,.F.);
#4721=ORIENTED_EDGE('',*,*,#3533,.F.);
#4722=ORIENTED_EDGE('',*,*,#3537,.F.);
#4723=ORIENTED_EDGE('',*,*,#3540,.F.);
#4724=ORIENTED_EDGE('',*,*,#3543,.F.);
#4725=ORIENTED_EDGE('',*,*,#3546,.F.);
#4726=ORIENTED_EDGE('',*,*,#3549,.F.);
#4727=ORIENTED_EDGE('',*,*,#3552,.F.);
#4728=ORIENTED_EDGE('',*,*,#3555,.F.);
#4729=ORIENTED_EDGE('',*,*,#3558,.F.);
#4730=ORIENTED_EDGE('',*,*,#3561,.F.);
#4731=ORIENTED_EDGE('',*,*,#3564,.F.);
#4732=ORIENTED_EDGE('',*,*,#3567,.F.);
#4733=ORIENTED_EDGE('',*,*,#3570,.F.);
#4734=ORIENTED_EDGE('',*,*,#3573,.F.);
#4735=ORIENTED_EDGE('',*,*,#3576,.F.);
#4736=ORIENTED_EDGE('',*,*,#3579,.F.);
#4737=ORIENTED_EDGE('',*,*,#3582,.F.);
#4738=ORIENTED_EDGE('',*,*,#3585,.F.);
#4739=ORIENTED_EDGE('',*,*,#3530,.F.);
#4740=ORIENTED_EDGE('',*,*,#3509,.F.);
#4741=ORIENTED_EDGE('',*,*,#3513,.F.);
#4742=ORIENTED_EDGE('',*,*,#3516,.F.);
#4743=ORIENTED_EDGE('',*,*,#3519,.F.);
#4744=ORIENTED_EDGE('',*,*,#3522,.F.);
#4745=ORIENTED_EDGE('',*,*,#3525,.F.);
#4746=ORIENTED_EDGE('',*,*,#3528,.F.);
#4747=ORIENTED_EDGE('',*,*,#3588,.F.);
#4748=ORIENTED_EDGE('',*,*,#3589,.T.);
#4749=ORIENTED_EDGE('',*,*,#3590,.T.);
#4750=ORIENTED_EDGE('',*,*,#3591,.F.);
#4751=ORIENTED_EDGE('',*,*,#3592,.F.);
#4752=ORIENTED_EDGE('',*,*,#3593,.T.);
#4753=ORIENTED_EDGE('',*,*,#3594,.T.);
#4754=ORIENTED_EDGE('',*,*,#3589,.F.);
#4755=ORIENTED_EDGE('',*,*,#3595,.F.);
#4756=ORIENTED_EDGE('',*,*,#3596,.T.);
#4757=ORIENTED_EDGE('',*,*,#3597,.T.);
#4758=ORIENTED_EDGE('',*,*,#3593,.F.);
#4759=ORIENTED_EDGE('',*,*,#3598,.F.);
#4760=ORIENTED_EDGE('',*,*,#3599,.T.);
#4761=ORIENTED_EDGE('',*,*,#3600,.T.);
#4762=ORIENTED_EDGE('',*,*,#3596,.F.);
#4763=ORIENTED_EDGE('',*,*,#3601,.F.);
#4764=ORIENTED_EDGE('',*,*,#3602,.T.);
#4765=ORIENTED_EDGE('',*,*,#3603,.T.);
#4766=ORIENTED_EDGE('',*,*,#3599,.F.);
#4767=ORIENTED_EDGE('',*,*,#3604,.F.);
#4768=ORIENTED_EDGE('',*,*,#3605,.T.);
#4769=ORIENTED_EDGE('',*,*,#3606,.T.);
#4770=ORIENTED_EDGE('',*,*,#3602,.F.);
#4771=ORIENTED_EDGE('',*,*,#3607,.F.);
#4772=ORIENTED_EDGE('',*,*,#3608,.T.);
#4773=ORIENTED_EDGE('',*,*,#3609,.T.);
#4774=ORIENTED_EDGE('',*,*,#3605,.F.);
#4775=ORIENTED_EDGE('',*,*,#3610,.F.);
#4776=ORIENTED_EDGE('',*,*,#3611,.T.);
#4777=ORIENTED_EDGE('',*,*,#3612,.T.);
#4778=ORIENTED_EDGE('',*,*,#3608,.F.);
#4779=ORIENTED_EDGE('',*,*,#3613,.F.);
#4780=ORIENTED_EDGE('',*,*,#3614,.T.);
#4781=ORIENTED_EDGE('',*,*,#3615,.T.);
#4782=ORIENTED_EDGE('',*,*,#3611,.F.);
#4783=ORIENTED_EDGE('',*,*,#3616,.F.);
#4784=ORIENTED_EDGE('',*,*,#3617,.T.);
#4785=ORIENTED_EDGE('',*,*,#3618,.T.);
#4786=ORIENTED_EDGE('',*,*,#3614,.F.);
#4787=ORIENTED_EDGE('',*,*,#3619,.F.);
#4788=ORIENTED_EDGE('',*,*,#3620,.T.);
#4789=ORIENTED_EDGE('',*,*,#3621,.T.);
#4790=ORIENTED_EDGE('',*,*,#3617,.F.);
#4791=ORIENTED_EDGE('',*,*,#3622,.F.);
#4792=ORIENTED_EDGE('',*,*,#3623,.T.);
#4793=ORIENTED_EDGE('',*,*,#3624,.T.);
#4794=ORIENTED_EDGE('',*,*,#3620,.F.);
#4795=ORIENTED_EDGE('',*,*,#3625,.F.);
#4796=ORIENTED_EDGE('',*,*,#3626,.T.);
#4797=ORIENTED_EDGE('',*,*,#3627,.T.);
#4798=ORIENTED_EDGE('',*,*,#3623,.F.);
#4799=ORIENTED_EDGE('',*,*,#3628,.F.);
#4800=ORIENTED_EDGE('',*,*,#3591,.T.);
#4801=ORIENTED_EDGE('',*,*,#3629,.T.);
#4802=ORIENTED_EDGE('',*,*,#3626,.F.);
#4803=ORIENTED_EDGE('',*,*,#3629,.F.);
#4804=ORIENTED_EDGE('',*,*,#3590,.F.);
#4805=ORIENTED_EDGE('',*,*,#3594,.F.);
#4806=ORIENTED_EDGE('',*,*,#3597,.F.);
#4807=ORIENTED_EDGE('',*,*,#3600,.F.);
#4808=ORIENTED_EDGE('',*,*,#3603,.F.);
#4809=ORIENTED_EDGE('',*,*,#3606,.F.);
#4810=ORIENTED_EDGE('',*,*,#3609,.F.);
#4811=ORIENTED_EDGE('',*,*,#3612,.F.);
#4812=ORIENTED_EDGE('',*,*,#3615,.F.);
#4813=ORIENTED_EDGE('',*,*,#3618,.F.);
#4814=ORIENTED_EDGE('',*,*,#3621,.F.);
#4815=ORIENTED_EDGE('',*,*,#3624,.F.);
#4816=ORIENTED_EDGE('',*,*,#3627,.F.);
#4817=ORIENTED_EDGE('',*,*,#3630,.F.);
#4818=ORIENTED_EDGE('',*,*,#3631,.T.);
#4819=ORIENTED_EDGE('',*,*,#3632,.T.);
#4820=ORIENTED_EDGE('',*,*,#3633,.F.);
#4821=ORIENTED_EDGE('',*,*,#3634,.F.);
#4822=ORIENTED_EDGE('',*,*,#3635,.T.);
#4823=ORIENTED_EDGE('',*,*,#3636,.T.);
#4824=ORIENTED_EDGE('',*,*,#3631,.F.);
#4825=ORIENTED_EDGE('',*,*,#3637,.F.);
#4826=ORIENTED_EDGE('',*,*,#3638,.T.);
#4827=ORIENTED_EDGE('',*,*,#3639,.T.);
#4828=ORIENTED_EDGE('',*,*,#3635,.F.);
#4829=ORIENTED_EDGE('',*,*,#3640,.F.);
#4830=ORIENTED_EDGE('',*,*,#3633,.T.);
#4831=ORIENTED_EDGE('',*,*,#3641,.T.);
#4832=ORIENTED_EDGE('',*,*,#3638,.F.);
#4833=ORIENTED_EDGE('',*,*,#3641,.F.);
#4834=ORIENTED_EDGE('',*,*,#3632,.F.);
#4835=ORIENTED_EDGE('',*,*,#3636,.F.);
#4836=ORIENTED_EDGE('',*,*,#3639,.F.);
#4837=ORIENTED_EDGE('',*,*,#3642,.F.);
#4838=ORIENTED_EDGE('',*,*,#3643,.T.);
#4839=ORIENTED_EDGE('',*,*,#3644,.T.);
#4840=ORIENTED_EDGE('',*,*,#3645,.F.);
#4841=ORIENTED_EDGE('',*,*,#3646,.F.);
#4842=ORIENTED_EDGE('',*,*,#3647,.T.);
#4843=ORIENTED_EDGE('',*,*,#3648,.T.);
#4844=ORIENTED_EDGE('',*,*,#3643,.F.);
#4845=ORIENTED_EDGE('',*,*,#3649,.F.);
#4846=ORIENTED_EDGE('',*,*,#3650,.T.);
#4847=ORIENTED_EDGE('',*,*,#3651,.T.);
#4848=ORIENTED_EDGE('',*,*,#3647,.F.);
#4849=ORIENTED_EDGE('',*,*,#3652,.F.);
#4850=ORIENTED_EDGE('',*,*,#3653,.T.);
#4851=ORIENTED_EDGE('',*,*,#3654,.T.);
#4852=ORIENTED_EDGE('',*,*,#3650,.F.);
#4853=ORIENTED_EDGE('',*,*,#3655,.F.);
#4854=ORIENTED_EDGE('',*,*,#3656,.T.);
#4855=ORIENTED_EDGE('',*,*,#3657,.T.);
#4856=ORIENTED_EDGE('',*,*,#3653,.F.);
#4857=ORIENTED_EDGE('',*,*,#3658,.F.);
#4858=ORIENTED_EDGE('',*,*,#3659,.T.);
#4859=ORIENTED_EDGE('',*,*,#3660,.T.);
#4860=ORIENTED_EDGE('',*,*,#3656,.F.);
#4861=ORIENTED_EDGE('',*,*,#3661,.F.);
#4862=ORIENTED_EDGE('',*,*,#3662,.T.);
#4863=ORIENTED_EDGE('',*,*,#3663,.T.);
#4864=ORIENTED_EDGE('',*,*,#3659,.F.);
#4865=ORIENTED_EDGE('',*,*,#3664,.F.);
#4866=ORIENTED_EDGE('',*,*,#3665,.T.);
#4867=ORIENTED_EDGE('',*,*,#3666,.T.);
#4868=ORIENTED_EDGE('',*,*,#3662,.F.);
#4869=ORIENTED_EDGE('',*,*,#3667,.F.);
#4870=ORIENTED_EDGE('',*,*,#3668,.T.);
#4871=ORIENTED_EDGE('',*,*,#3669,.T.);
#4872=ORIENTED_EDGE('',*,*,#3665,.F.);
#4873=ORIENTED_EDGE('',*,*,#3670,.F.);
#4874=ORIENTED_EDGE('',*,*,#3671,.T.);
#4875=ORIENTED_EDGE('',*,*,#3672,.T.);
#4876=ORIENTED_EDGE('',*,*,#3668,.F.);
#4877=ORIENTED_EDGE('',*,*,#3673,.F.);
#4878=ORIENTED_EDGE('',*,*,#3674,.T.);
#4879=ORIENTED_EDGE('',*,*,#3675,.T.);
#4880=ORIENTED_EDGE('',*,*,#3671,.F.);
#4881=ORIENTED_EDGE('',*,*,#3676,.F.);
#4882=ORIENTED_EDGE('',*,*,#3677,.T.);
#4883=ORIENTED_EDGE('',*,*,#3678,.T.);
#4884=ORIENTED_EDGE('',*,*,#3674,.F.);
#4885=ORIENTED_EDGE('',*,*,#3679,.F.);
#4886=ORIENTED_EDGE('',*,*,#3680,.T.);
#4887=ORIENTED_EDGE('',*,*,#3681,.T.);
#4888=ORIENTED_EDGE('',*,*,#3677,.F.);
#4889=ORIENTED_EDGE('',*,*,#3682,.F.);
#4890=ORIENTED_EDGE('',*,*,#3683,.T.);
#4891=ORIENTED_EDGE('',*,*,#3684,.T.);
#4892=ORIENTED_EDGE('',*,*,#3680,.F.);
#4893=ORIENTED_EDGE('',*,*,#3685,.F.);
#4894=ORIENTED_EDGE('',*,*,#3686,.T.);
#4895=ORIENTED_EDGE('',*,*,#3687,.T.);
#4896=ORIENTED_EDGE('',*,*,#3683,.F.);
#4897=ORIENTED_EDGE('',*,*,#3688,.F.);
#4898=ORIENTED_EDGE('',*,*,#3689,.T.);
#4899=ORIENTED_EDGE('',*,*,#3690,.T.);
#4900=ORIENTED_EDGE('',*,*,#3686,.F.);
#4901=ORIENTED_EDGE('',*,*,#3691,.F.);
#4902=ORIENTED_EDGE('',*,*,#3692,.T.);
#4903=ORIENTED_EDGE('',*,*,#3693,.T.);
#4904=ORIENTED_EDGE('',*,*,#3689,.F.);
#4905=ORIENTED_EDGE('',*,*,#3694,.F.);
#4906=ORIENTED_EDGE('',*,*,#3695,.T.);
#4907=ORIENTED_EDGE('',*,*,#3696,.T.);
#4908=ORIENTED_EDGE('',*,*,#3692,.F.);
#4909=ORIENTED_EDGE('',*,*,#3697,.F.);
#4910=ORIENTED_EDGE('',*,*,#3698,.T.);
#4911=ORIENTED_EDGE('',*,*,#3699,.T.);
#4912=ORIENTED_EDGE('',*,*,#3695,.F.);
#4913=ORIENTED_EDGE('',*,*,#3700,.F.);
#4914=ORIENTED_EDGE('',*,*,#3701,.T.);
#4915=ORIENTED_EDGE('',*,*,#3702,.T.);
#4916=ORIENTED_EDGE('',*,*,#3698,.F.);
#4917=ORIENTED_EDGE('',*,*,#3703,.F.);
#4918=ORIENTED_EDGE('',*,*,#3704,.T.);
#4919=ORIENTED_EDGE('',*,*,#3705,.T.);
#4920=ORIENTED_EDGE('',*,*,#3701,.F.);
#4921=ORIENTED_EDGE('',*,*,#3706,.F.);
#4922=ORIENTED_EDGE('',*,*,#3645,.T.);
#4923=ORIENTED_EDGE('',*,*,#3707,.T.);
#4924=ORIENTED_EDGE('',*,*,#3704,.F.);
#4925=ORIENTED_EDGE('',*,*,#3707,.F.);
#4926=ORIENTED_EDGE('',*,*,#3644,.F.);
#4927=ORIENTED_EDGE('',*,*,#3648,.F.);
#4928=ORIENTED_EDGE('',*,*,#3651,.F.);
#4929=ORIENTED_EDGE('',*,*,#3654,.F.);
#4930=ORIENTED_EDGE('',*,*,#3657,.F.);
#4931=ORIENTED_EDGE('',*,*,#3660,.F.);
#4932=ORIENTED_EDGE('',*,*,#3663,.F.);
#4933=ORIENTED_EDGE('',*,*,#3666,.F.);
#4934=ORIENTED_EDGE('',*,*,#3669,.F.);
#4935=ORIENTED_EDGE('',*,*,#3672,.F.);
#4936=ORIENTED_EDGE('',*,*,#3675,.F.);
#4937=ORIENTED_EDGE('',*,*,#3678,.F.);
#4938=ORIENTED_EDGE('',*,*,#3681,.F.);
#4939=ORIENTED_EDGE('',*,*,#3684,.F.);
#4940=ORIENTED_EDGE('',*,*,#3687,.F.);
#4941=ORIENTED_EDGE('',*,*,#3690,.F.);
#4942=ORIENTED_EDGE('',*,*,#3693,.F.);
#4943=ORIENTED_EDGE('',*,*,#3696,.F.);
#4944=ORIENTED_EDGE('',*,*,#3699,.F.);
#4945=ORIENTED_EDGE('',*,*,#3702,.F.);
#4946=ORIENTED_EDGE('',*,*,#3705,.F.);
#4947=ORIENTED_EDGE('',*,*,#3708,.F.);
#4948=ORIENTED_EDGE('',*,*,#3709,.T.);
#4949=ORIENTED_EDGE('',*,*,#3710,.T.);
#4950=ORIENTED_EDGE('',*,*,#3711,.F.);
#4951=ORIENTED_EDGE('',*,*,#3712,.F.);
#4952=ORIENTED_EDGE('',*,*,#3713,.T.);
#4953=ORIENTED_EDGE('',*,*,#3714,.T.);
#4954=ORIENTED_EDGE('',*,*,#3709,.F.);
#4955=ORIENTED_EDGE('',*,*,#3715,.F.);
#4956=ORIENTED_EDGE('',*,*,#3716,.T.);
#4957=ORIENTED_EDGE('',*,*,#3717,.T.);
#4958=ORIENTED_EDGE('',*,*,#3713,.F.);
#4959=ORIENTED_EDGE('',*,*,#3718,.F.);
#4960=ORIENTED_EDGE('',*,*,#3719,.T.);
#4961=ORIENTED_EDGE('',*,*,#3720,.T.);
#4962=ORIENTED_EDGE('',*,*,#3716,.F.);
#4963=ORIENTED_EDGE('',*,*,#3721,.F.);
#4964=ORIENTED_EDGE('',*,*,#3722,.T.);
#4965=ORIENTED_EDGE('',*,*,#3723,.T.);
#4966=ORIENTED_EDGE('',*,*,#3719,.F.);
#4967=ORIENTED_EDGE('',*,*,#3724,.F.);
#4968=ORIENTED_EDGE('',*,*,#3725,.T.);
#4969=ORIENTED_EDGE('',*,*,#3726,.T.);
#4970=ORIENTED_EDGE('',*,*,#3722,.F.);
#4971=ORIENTED_EDGE('',*,*,#3727,.F.);
#4972=ORIENTED_EDGE('',*,*,#3728,.T.);
#4973=ORIENTED_EDGE('',*,*,#3729,.T.);
#4974=ORIENTED_EDGE('',*,*,#3725,.F.);
#4975=ORIENTED_EDGE('',*,*,#3730,.F.);
#4976=ORIENTED_EDGE('',*,*,#3731,.T.);
#4977=ORIENTED_EDGE('',*,*,#3732,.T.);
#4978=ORIENTED_EDGE('',*,*,#3728,.F.);
#4979=ORIENTED_EDGE('',*,*,#3733,.F.);
#4980=ORIENTED_EDGE('',*,*,#3734,.T.);
#4981=ORIENTED_EDGE('',*,*,#3735,.T.);
#4982=ORIENTED_EDGE('',*,*,#3731,.F.);
#4983=ORIENTED_EDGE('',*,*,#3736,.F.);
#4984=ORIENTED_EDGE('',*,*,#3737,.T.);
#4985=ORIENTED_EDGE('',*,*,#3738,.T.);
#4986=ORIENTED_EDGE('',*,*,#3734,.F.);
#4987=ORIENTED_EDGE('',*,*,#3739,.F.);
#4988=ORIENTED_EDGE('',*,*,#3740,.T.);
#4989=ORIENTED_EDGE('',*,*,#3741,.T.);
#4990=ORIENTED_EDGE('',*,*,#3737,.F.);
#4991=ORIENTED_EDGE('',*,*,#3742,.F.);
#4992=ORIENTED_EDGE('',*,*,#3711,.T.);
#4993=ORIENTED_EDGE('',*,*,#3743,.T.);
#4994=ORIENTED_EDGE('',*,*,#3740,.F.);
#4995=ORIENTED_EDGE('',*,*,#3743,.F.);
#4996=ORIENTED_EDGE('',*,*,#3710,.F.);
#4997=ORIENTED_EDGE('',*,*,#3714,.F.);
#4998=ORIENTED_EDGE('',*,*,#3717,.F.);
#4999=ORIENTED_EDGE('',*,*,#3720,.F.);
#5000=ORIENTED_EDGE('',*,*,#3723,.F.);
#5001=ORIENTED_EDGE('',*,*,#3726,.F.);
#5002=ORIENTED_EDGE('',*,*,#3729,.F.);
#5003=ORIENTED_EDGE('',*,*,#3732,.F.);
#5004=ORIENTED_EDGE('',*,*,#3735,.F.);
#5005=ORIENTED_EDGE('',*,*,#3738,.F.);
#5006=ORIENTED_EDGE('',*,*,#3741,.F.);
#5007=ORIENTED_EDGE('',*,*,#3744,.F.);
#5008=ORIENTED_EDGE('',*,*,#3745,.T.);
#5009=ORIENTED_EDGE('',*,*,#3746,.T.);
#5010=ORIENTED_EDGE('',*,*,#3747,.F.);
#5011=ORIENTED_EDGE('',*,*,#3748,.F.);
#5012=ORIENTED_EDGE('',*,*,#3749,.T.);
#5013=ORIENTED_EDGE('',*,*,#3750,.T.);
#5014=ORIENTED_EDGE('',*,*,#3745,.F.);
#5015=ORIENTED_EDGE('',*,*,#3751,.F.);
#5016=ORIENTED_EDGE('',*,*,#3752,.T.);
#5017=ORIENTED_EDGE('',*,*,#3753,.T.);
#5018=ORIENTED_EDGE('',*,*,#3749,.F.);
#5019=ORIENTED_EDGE('',*,*,#3754,.F.);
#5020=ORIENTED_EDGE('',*,*,#3755,.T.);
#5021=ORIENTED_EDGE('',*,*,#3756,.T.);
#5022=ORIENTED_EDGE('',*,*,#3752,.F.);
#5023=ORIENTED_EDGE('',*,*,#3757,.F.);
#5024=ORIENTED_EDGE('',*,*,#3758,.T.);
#5025=ORIENTED_EDGE('',*,*,#3759,.T.);
#5026=ORIENTED_EDGE('',*,*,#3755,.F.);
#5027=ORIENTED_EDGE('',*,*,#3760,.F.);
#5028=ORIENTED_EDGE('',*,*,#3761,.T.);
#5029=ORIENTED_EDGE('',*,*,#3762,.T.);
#5030=ORIENTED_EDGE('',*,*,#3758,.F.);
#5031=ORIENTED_EDGE('',*,*,#3763,.F.);
#5032=ORIENTED_EDGE('',*,*,#3764,.T.);
#5033=ORIENTED_EDGE('',*,*,#3765,.T.);
#5034=ORIENTED_EDGE('',*,*,#3761,.F.);
#5035=ORIENTED_EDGE('',*,*,#3766,.F.);
#5036=ORIENTED_EDGE('',*,*,#3747,.T.);
#5037=ORIENTED_EDGE('',*,*,#3767,.T.);
#5038=ORIENTED_EDGE('',*,*,#3764,.F.);
#5039=ORIENTED_EDGE('',*,*,#3768,.F.);
#5040=ORIENTED_EDGE('',*,*,#3769,.T.);
#5041=ORIENTED_EDGE('',*,*,#3770,.T.);
#5042=ORIENTED_EDGE('',*,*,#3771,.F.);
#5043=ORIENTED_EDGE('',*,*,#3772,.F.);
#5044=ORIENTED_EDGE('',*,*,#3773,.T.);
#5045=ORIENTED_EDGE('',*,*,#3774,.T.);
#5046=ORIENTED_EDGE('',*,*,#3769,.F.);
#5047=ORIENTED_EDGE('',*,*,#3775,.F.);
#5048=ORIENTED_EDGE('',*,*,#3776,.T.);
#5049=ORIENTED_EDGE('',*,*,#3777,.T.);
#5050=ORIENTED_EDGE('',*,*,#3773,.F.);
#5051=ORIENTED_EDGE('',*,*,#3778,.F.);
#5052=ORIENTED_EDGE('',*,*,#3779,.T.);
#5053=ORIENTED_EDGE('',*,*,#3780,.T.);
#5054=ORIENTED_EDGE('',*,*,#3776,.F.);
#5055=ORIENTED_EDGE('',*,*,#3781,.F.);
#5056=ORIENTED_EDGE('',*,*,#3782,.T.);
#5057=ORIENTED_EDGE('',*,*,#3783,.T.);
#5058=ORIENTED_EDGE('',*,*,#3779,.F.);
#5059=ORIENTED_EDGE('',*,*,#3784,.F.);
#5060=ORIENTED_EDGE('',*,*,#3785,.T.);
#5061=ORIENTED_EDGE('',*,*,#3786,.T.);
#5062=ORIENTED_EDGE('',*,*,#3782,.F.);
#5063=ORIENTED_EDGE('',*,*,#3787,.F.);
#5064=ORIENTED_EDGE('',*,*,#3788,.T.);
#5065=ORIENTED_EDGE('',*,*,#3789,.T.);
#5066=ORIENTED_EDGE('',*,*,#3785,.F.);
#5067=ORIENTED_EDGE('',*,*,#3790,.F.);
#5068=ORIENTED_EDGE('',*,*,#3791,.T.);
#5069=ORIENTED_EDGE('',*,*,#3792,.T.);
#5070=ORIENTED_EDGE('',*,*,#3788,.F.);
#5071=ORIENTED_EDGE('',*,*,#3793,.F.);
#5072=ORIENTED_EDGE('',*,*,#3794,.T.);
#5073=ORIENTED_EDGE('',*,*,#3795,.T.);
#5074=ORIENTED_EDGE('',*,*,#3791,.F.);
#5075=ORIENTED_EDGE('',*,*,#3796,.F.);
#5076=ORIENTED_EDGE('',*,*,#3797,.T.);
#5077=ORIENTED_EDGE('',*,*,#3798,.T.);
#5078=ORIENTED_EDGE('',*,*,#3794,.F.);
#5079=ORIENTED_EDGE('',*,*,#3799,.F.);
#5080=ORIENTED_EDGE('',*,*,#3800,.T.);
#5081=ORIENTED_EDGE('',*,*,#3801,.T.);
#5082=ORIENTED_EDGE('',*,*,#3797,.F.);
#5083=ORIENTED_EDGE('',*,*,#3802,.F.);
#5084=ORIENTED_EDGE('',*,*,#3771,.T.);
#5085=ORIENTED_EDGE('',*,*,#3803,.T.);
#5086=ORIENTED_EDGE('',*,*,#3800,.F.);
#5087=ORIENTED_EDGE('',*,*,#3803,.F.);
#5088=ORIENTED_EDGE('',*,*,#3770,.F.);
#5089=ORIENTED_EDGE('',*,*,#3774,.F.);
#5090=ORIENTED_EDGE('',*,*,#3777,.F.);
#5091=ORIENTED_EDGE('',*,*,#3780,.F.);
#5092=ORIENTED_EDGE('',*,*,#3783,.F.);
#5093=ORIENTED_EDGE('',*,*,#3786,.F.);
#5094=ORIENTED_EDGE('',*,*,#3789,.F.);
#5095=ORIENTED_EDGE('',*,*,#3792,.F.);
#5096=ORIENTED_EDGE('',*,*,#3795,.F.);
#5097=ORIENTED_EDGE('',*,*,#3798,.F.);
#5098=ORIENTED_EDGE('',*,*,#3801,.F.);
#5099=ORIENTED_EDGE('',*,*,#3767,.F.);
#5100=ORIENTED_EDGE('',*,*,#3746,.F.);
#5101=ORIENTED_EDGE('',*,*,#3750,.F.);
#5102=ORIENTED_EDGE('',*,*,#3753,.F.);
#5103=ORIENTED_EDGE('',*,*,#3756,.F.);
#5104=ORIENTED_EDGE('',*,*,#3759,.F.);
#5105=ORIENTED_EDGE('',*,*,#3762,.F.);
#5106=ORIENTED_EDGE('',*,*,#3765,.F.);
#5107=ORIENTED_EDGE('',*,*,#3804,.F.);
#5108=ORIENTED_EDGE('',*,*,#3805,.T.);
#5109=ORIENTED_EDGE('',*,*,#3806,.T.);
#5110=ORIENTED_EDGE('',*,*,#3807,.F.);
#5111=ORIENTED_EDGE('',*,*,#3808,.F.);
#5112=ORIENTED_EDGE('',*,*,#3809,.T.);
#5113=ORIENTED_EDGE('',*,*,#3810,.T.);
#5114=ORIENTED_EDGE('',*,*,#3805,.F.);
#5115=ORIENTED_EDGE('',*,*,#3811,.F.);
#5116=ORIENTED_EDGE('',*,*,#3812,.T.);
#5117=ORIENTED_EDGE('',*,*,#3813,.T.);
#5118=ORIENTED_EDGE('',*,*,#3809,.F.);
#5119=ORIENTED_EDGE('',*,*,#3814,.F.);
#5120=ORIENTED_EDGE('',*,*,#3815,.T.);
#5121=ORIENTED_EDGE('',*,*,#3816,.T.);
#5122=ORIENTED_EDGE('',*,*,#3812,.F.);
#5123=ORIENTED_EDGE('',*,*,#3817,.F.);
#5124=ORIENTED_EDGE('',*,*,#3818,.T.);
#5125=ORIENTED_EDGE('',*,*,#3819,.T.);
#5126=ORIENTED_EDGE('',*,*,#3815,.F.);
#5127=ORIENTED_EDGE('',*,*,#3820,.F.);
#5128=ORIENTED_EDGE('',*,*,#3821,.T.);
#5129=ORIENTED_EDGE('',*,*,#3822,.T.);
#5130=ORIENTED_EDGE('',*,*,#3818,.F.);
#5131=ORIENTED_EDGE('',*,*,#3823,.F.);
#5132=ORIENTED_EDGE('',*,*,#3824,.T.);
#5133=ORIENTED_EDGE('',*,*,#3825,.T.);
#5134=ORIENTED_EDGE('',*,*,#3821,.F.);
#5135=ORIENTED_EDGE('',*,*,#3826,.F.);
#5136=ORIENTED_EDGE('',*,*,#3827,.T.);
#5137=ORIENTED_EDGE('',*,*,#3828,.T.);
#5138=ORIENTED_EDGE('',*,*,#3824,.F.);
#5139=ORIENTED_EDGE('',*,*,#3829,.F.);
#5140=ORIENTED_EDGE('',*,*,#3830,.T.);
#5141=ORIENTED_EDGE('',*,*,#3831,.T.);
#5142=ORIENTED_EDGE('',*,*,#3827,.F.);
#5143=ORIENTED_EDGE('',*,*,#3832,.F.);
#5144=ORIENTED_EDGE('',*,*,#3833,.T.);
#5145=ORIENTED_EDGE('',*,*,#3834,.T.);
#5146=ORIENTED_EDGE('',*,*,#3830,.F.);
#5147=ORIENTED_EDGE('',*,*,#3835,.F.);
#5148=ORIENTED_EDGE('',*,*,#3836,.T.);
#5149=ORIENTED_EDGE('',*,*,#3837,.T.);
#5150=ORIENTED_EDGE('',*,*,#3833,.F.);
#5151=ORIENTED_EDGE('',*,*,#3838,.F.);
#5152=ORIENTED_EDGE('',*,*,#3839,.T.);
#5153=ORIENTED_EDGE('',*,*,#3840,.T.);
#5154=ORIENTED_EDGE('',*,*,#3836,.F.);
#5155=ORIENTED_EDGE('',*,*,#3841,.F.);
#5156=ORIENTED_EDGE('',*,*,#3842,.T.);
#5157=ORIENTED_EDGE('',*,*,#3843,.T.);
#5158=ORIENTED_EDGE('',*,*,#3839,.F.);
#5159=ORIENTED_EDGE('',*,*,#3844,.F.);
#5160=ORIENTED_EDGE('',*,*,#3845,.T.);
#5161=ORIENTED_EDGE('',*,*,#3846,.T.);
#5162=ORIENTED_EDGE('',*,*,#3842,.F.);
#5163=ORIENTED_EDGE('',*,*,#3847,.F.);
#5164=ORIENTED_EDGE('',*,*,#3848,.T.);
#5165=ORIENTED_EDGE('',*,*,#3849,.T.);
#5166=ORIENTED_EDGE('',*,*,#3845,.F.);
#5167=ORIENTED_EDGE('',*,*,#3850,.F.);
#5168=ORIENTED_EDGE('',*,*,#3851,.T.);
#5169=ORIENTED_EDGE('',*,*,#3852,.T.);
#5170=ORIENTED_EDGE('',*,*,#3848,.F.);
#5171=ORIENTED_EDGE('',*,*,#3853,.F.);
#5172=ORIENTED_EDGE('',*,*,#3854,.T.);
#5173=ORIENTED_EDGE('',*,*,#3855,.T.);
#5174=ORIENTED_EDGE('',*,*,#3851,.F.);
#5175=ORIENTED_EDGE('',*,*,#3856,.F.);
#5176=ORIENTED_EDGE('',*,*,#3857,.T.);
#5177=ORIENTED_EDGE('',*,*,#3858,.T.);
#5178=ORIENTED_EDGE('',*,*,#3854,.F.);
#5179=ORIENTED_EDGE('',*,*,#3859,.F.);
#5180=ORIENTED_EDGE('',*,*,#3860,.T.);
#5181=ORIENTED_EDGE('',*,*,#3861,.T.);
#5182=ORIENTED_EDGE('',*,*,#3857,.F.);
#5183=ORIENTED_EDGE('',*,*,#3862,.F.);
#5184=ORIENTED_EDGE('',*,*,#3863,.T.);
#5185=ORIENTED_EDGE('',*,*,#3864,.T.);
#5186=ORIENTED_EDGE('',*,*,#3860,.F.);
#5187=ORIENTED_EDGE('',*,*,#3865,.F.);
#5188=ORIENTED_EDGE('',*,*,#3866,.T.);
#5189=ORIENTED_EDGE('',*,*,#3867,.T.);
#5190=ORIENTED_EDGE('',*,*,#3863,.F.);
#5191=ORIENTED_EDGE('',*,*,#3868,.F.);
#5192=ORIENTED_EDGE('',*,*,#3869,.T.);
#5193=ORIENTED_EDGE('',*,*,#3870,.T.);
#5194=ORIENTED_EDGE('',*,*,#3866,.F.);
#5195=ORIENTED_EDGE('',*,*,#3871,.F.);
#5196=ORIENTED_EDGE('',*,*,#3872,.T.);
#5197=ORIENTED_EDGE('',*,*,#3873,.T.);
#5198=ORIENTED_EDGE('',*,*,#3869,.F.);
#5199=ORIENTED_EDGE('',*,*,#3874,.F.);
#5200=ORIENTED_EDGE('',*,*,#3875,.T.);
#5201=ORIENTED_EDGE('',*,*,#3876,.T.);
#5202=ORIENTED_EDGE('',*,*,#3872,.F.);
#5203=ORIENTED_EDGE('',*,*,#3877,.F.);
#5204=ORIENTED_EDGE('',*,*,#3878,.T.);
#5205=ORIENTED_EDGE('',*,*,#3879,.T.);
#5206=ORIENTED_EDGE('',*,*,#3875,.F.);
#5207=ORIENTED_EDGE('',*,*,#3880,.F.);
#5208=ORIENTED_EDGE('',*,*,#3881,.T.);
#5209=ORIENTED_EDGE('',*,*,#3882,.T.);
#5210=ORIENTED_EDGE('',*,*,#3878,.F.);
#5211=ORIENTED_EDGE('',*,*,#3883,.F.);
#5212=ORIENTED_EDGE('',*,*,#3884,.T.);
#5213=ORIENTED_EDGE('',*,*,#3885,.T.);
#5214=ORIENTED_EDGE('',*,*,#3881,.F.);
#5215=ORIENTED_EDGE('',*,*,#3886,.F.);
#5216=ORIENTED_EDGE('',*,*,#3887,.T.);
#5217=ORIENTED_EDGE('',*,*,#3888,.T.);
#5218=ORIENTED_EDGE('',*,*,#3884,.F.);
#5219=ORIENTED_EDGE('',*,*,#3889,.F.);
#5220=ORIENTED_EDGE('',*,*,#3807,.T.);
#5221=ORIENTED_EDGE('',*,*,#3890,.T.);
#5222=ORIENTED_EDGE('',*,*,#3887,.F.);
#5223=ORIENTED_EDGE('',*,*,#3890,.F.);
#5224=ORIENTED_EDGE('',*,*,#3806,.F.);
#5225=ORIENTED_EDGE('',*,*,#3810,.F.);
#5226=ORIENTED_EDGE('',*,*,#3813,.F.);
#5227=ORIENTED_EDGE('',*,*,#3816,.F.);
#5228=ORIENTED_EDGE('',*,*,#3819,.F.);
#5229=ORIENTED_EDGE('',*,*,#3822,.F.);
#5230=ORIENTED_EDGE('',*,*,#3825,.F.);
#5231=ORIENTED_EDGE('',*,*,#3828,.F.);
#5232=ORIENTED_EDGE('',*,*,#3831,.F.);
#5233=ORIENTED_EDGE('',*,*,#3834,.F.);
#5234=ORIENTED_EDGE('',*,*,#3837,.F.);
#5235=ORIENTED_EDGE('',*,*,#3840,.F.);
#5236=ORIENTED_EDGE('',*,*,#3843,.F.);
#5237=ORIENTED_EDGE('',*,*,#3846,.F.);
#5238=ORIENTED_EDGE('',*,*,#3849,.F.);
#5239=ORIENTED_EDGE('',*,*,#3852,.F.);
#5240=ORIENTED_EDGE('',*,*,#3855,.F.);
#5241=ORIENTED_EDGE('',*,*,#3858,.F.);
#5242=ORIENTED_EDGE('',*,*,#3861,.F.);
#5243=ORIENTED_EDGE('',*,*,#3864,.F.);
#5244=ORIENTED_EDGE('',*,*,#3867,.F.);
#5245=ORIENTED_EDGE('',*,*,#3870,.F.);
#5246=ORIENTED_EDGE('',*,*,#3873,.F.);
#5247=ORIENTED_EDGE('',*,*,#3876,.F.);
#5248=ORIENTED_EDGE('',*,*,#3879,.F.);
#5249=ORIENTED_EDGE('',*,*,#3882,.F.);
#5250=ORIENTED_EDGE('',*,*,#3885,.F.);
#5251=ORIENTED_EDGE('',*,*,#3888,.F.);
#5252=ORIENTED_EDGE('',*,*,#3891,.F.);
#5253=ORIENTED_EDGE('',*,*,#3892,.T.);
#5254=ORIENTED_EDGE('',*,*,#3893,.T.);
#5255=ORIENTED_EDGE('',*,*,#3894,.F.);
#5256=ORIENTED_EDGE('',*,*,#3895,.F.);
#5257=ORIENTED_EDGE('',*,*,#3896,.T.);
#5258=ORIENTED_EDGE('',*,*,#3897,.T.);
#5259=ORIENTED_EDGE('',*,*,#3892,.F.);
#5260=ORIENTED_EDGE('',*,*,#3898,.F.);
#5261=ORIENTED_EDGE('',*,*,#3899,.T.);
#5262=ORIENTED_EDGE('',*,*,#3900,.T.);
#5263=ORIENTED_EDGE('',*,*,#3896,.F.);
#5264=ORIENTED_EDGE('',*,*,#3901,.F.);
#5265=ORIENTED_EDGE('',*,*,#3902,.T.);
#5266=ORIENTED_EDGE('',*,*,#3903,.T.);
#5267=ORIENTED_EDGE('',*,*,#3899,.F.);
#5268=ORIENTED_EDGE('',*,*,#3904,.F.);
#5269=ORIENTED_EDGE('',*,*,#3905,.T.);
#5270=ORIENTED_EDGE('',*,*,#3906,.T.);
#5271=ORIENTED_EDGE('',*,*,#3902,.F.);
#5272=ORIENTED_EDGE('',*,*,#3907,.F.);
#5273=ORIENTED_EDGE('',*,*,#3908,.T.);
#5274=ORIENTED_EDGE('',*,*,#3909,.T.);
#5275=ORIENTED_EDGE('',*,*,#3905,.F.);
#5276=ORIENTED_EDGE('',*,*,#3910,.F.);
#5277=ORIENTED_EDGE('',*,*,#3911,.T.);
#5278=ORIENTED_EDGE('',*,*,#3912,.T.);
#5279=ORIENTED_EDGE('',*,*,#3908,.F.);
#5280=ORIENTED_EDGE('',*,*,#3913,.F.);
#5281=ORIENTED_EDGE('',*,*,#3914,.T.);
#5282=ORIENTED_EDGE('',*,*,#3915,.T.);
#5283=ORIENTED_EDGE('',*,*,#3911,.F.);
#5284=ORIENTED_EDGE('',*,*,#3916,.F.);
#5285=ORIENTED_EDGE('',*,*,#3917,.T.);
#5286=ORIENTED_EDGE('',*,*,#3918,.T.);
#5287=ORIENTED_EDGE('',*,*,#3914,.F.);
#5288=ORIENTED_EDGE('',*,*,#3919,.F.);
#5289=ORIENTED_EDGE('',*,*,#3920,.T.);
#5290=ORIENTED_EDGE('',*,*,#3921,.T.);
#5291=ORIENTED_EDGE('',*,*,#3917,.F.);
#5292=ORIENTED_EDGE('',*,*,#3922,.F.);
#5293=ORIENTED_EDGE('',*,*,#3923,.T.);
#5294=ORIENTED_EDGE('',*,*,#3924,.T.);
#5295=ORIENTED_EDGE('',*,*,#3920,.F.);
#5296=ORIENTED_EDGE('',*,*,#3925,.F.);
#5297=ORIENTED_EDGE('',*,*,#3926,.T.);
#5298=ORIENTED_EDGE('',*,*,#3927,.T.);
#5299=ORIENTED_EDGE('',*,*,#3923,.F.);
#5300=ORIENTED_EDGE('',*,*,#3928,.F.);
#5301=ORIENTED_EDGE('',*,*,#3929,.T.);
#5302=ORIENTED_EDGE('',*,*,#3930,.T.);
#5303=ORIENTED_EDGE('',*,*,#3926,.F.);
#5304=ORIENTED_EDGE('',*,*,#3931,.F.);
#5305=ORIENTED_EDGE('',*,*,#3932,.T.);
#5306=ORIENTED_EDGE('',*,*,#3933,.T.);
#5307=ORIENTED_EDGE('',*,*,#3929,.F.);
#5308=ORIENTED_EDGE('',*,*,#3934,.F.);
#5309=ORIENTED_EDGE('',*,*,#3935,.T.);
#5310=ORIENTED_EDGE('',*,*,#3936,.T.);
#5311=ORIENTED_EDGE('',*,*,#3932,.F.);
#5312=ORIENTED_EDGE('',*,*,#3937,.F.);
#5313=ORIENTED_EDGE('',*,*,#3938,.T.);
#5314=ORIENTED_EDGE('',*,*,#3939,.T.);
#5315=ORIENTED_EDGE('',*,*,#3935,.F.);
#5316=ORIENTED_EDGE('',*,*,#3940,.F.);
#5317=ORIENTED_EDGE('',*,*,#3941,.T.);
#5318=ORIENTED_EDGE('',*,*,#3942,.T.);
#5319=ORIENTED_EDGE('',*,*,#3938,.F.);
#5320=ORIENTED_EDGE('',*,*,#3943,.F.);
#5321=ORIENTED_EDGE('',*,*,#3944,.T.);
#5322=ORIENTED_EDGE('',*,*,#3945,.T.);
#5323=ORIENTED_EDGE('',*,*,#3941,.F.);
#5324=ORIENTED_EDGE('',*,*,#3946,.F.);
#5325=ORIENTED_EDGE('',*,*,#3947,.T.);
#5326=ORIENTED_EDGE('',*,*,#3948,.T.);
#5327=ORIENTED_EDGE('',*,*,#3944,.F.);
#5328=ORIENTED_EDGE('',*,*,#3949,.F.);
#5329=ORIENTED_EDGE('',*,*,#3950,.T.);
#5330=ORIENTED_EDGE('',*,*,#3951,.T.);
#5331=ORIENTED_EDGE('',*,*,#3947,.F.);
#5332=ORIENTED_EDGE('',*,*,#3952,.F.);
#5333=ORIENTED_EDGE('',*,*,#3953,.T.);
#5334=ORIENTED_EDGE('',*,*,#3954,.T.);
#5335=ORIENTED_EDGE('',*,*,#3950,.F.);
#5336=ORIENTED_EDGE('',*,*,#3955,.F.);
#5337=ORIENTED_EDGE('',*,*,#3956,.T.);
#5338=ORIENTED_EDGE('',*,*,#3957,.T.);
#5339=ORIENTED_EDGE('',*,*,#3953,.F.);
#5340=ORIENTED_EDGE('',*,*,#3958,.F.);
#5341=ORIENTED_EDGE('',*,*,#3959,.T.);
#5342=ORIENTED_EDGE('',*,*,#3960,.T.);
#5343=ORIENTED_EDGE('',*,*,#3956,.F.);
#5344=ORIENTED_EDGE('',*,*,#3961,.F.);
#5345=ORIENTED_EDGE('',*,*,#3962,.T.);
#5346=ORIENTED_EDGE('',*,*,#3963,.T.);
#5347=ORIENTED_EDGE('',*,*,#3959,.F.);
#5348=ORIENTED_EDGE('',*,*,#3964,.F.);
#5349=ORIENTED_EDGE('',*,*,#3965,.T.);
#5350=ORIENTED_EDGE('',*,*,#3966,.T.);
#5351=ORIENTED_EDGE('',*,*,#3962,.F.);
#5352=ORIENTED_EDGE('',*,*,#3967,.F.);
#5353=ORIENTED_EDGE('',*,*,#3968,.T.);
#5354=ORIENTED_EDGE('',*,*,#3969,.T.);
#5355=ORIENTED_EDGE('',*,*,#3965,.F.);
#5356=ORIENTED_EDGE('',*,*,#3970,.F.);
#5357=ORIENTED_EDGE('',*,*,#3971,.T.);
#5358=ORIENTED_EDGE('',*,*,#3972,.T.);
#5359=ORIENTED_EDGE('',*,*,#3968,.F.);
#5360=ORIENTED_EDGE('',*,*,#3973,.F.);
#5361=ORIENTED_EDGE('',*,*,#3974,.T.);
#5362=ORIENTED_EDGE('',*,*,#3975,.T.);
#5363=ORIENTED_EDGE('',*,*,#3971,.F.);
#5364=ORIENTED_EDGE('',*,*,#3976,.F.);
#5365=ORIENTED_EDGE('',*,*,#3977,.T.);
#5366=ORIENTED_EDGE('',*,*,#3978,.T.);
#5367=ORIENTED_EDGE('',*,*,#3974,.F.);
#5368=ORIENTED_EDGE('',*,*,#3979,.F.);
#5369=ORIENTED_EDGE('',*,*,#3894,.T.);
#5370=ORIENTED_EDGE('',*,*,#3980,.T.);
#5371=ORIENTED_EDGE('',*,*,#3977,.F.);
#5372=ORIENTED_EDGE('',*,*,#3980,.F.);
#5373=ORIENTED_EDGE('',*,*,#3893,.F.);
#5374=ORIENTED_EDGE('',*,*,#3897,.F.);
#5375=ORIENTED_EDGE('',*,*,#3900,.F.);
#5376=ORIENTED_EDGE('',*,*,#3903,.F.);
#5377=ORIENTED_EDGE('',*,*,#3906,.F.);
#5378=ORIENTED_EDGE('',*,*,#3909,.F.);
#5379=ORIENTED_EDGE('',*,*,#3912,.F.);
#5380=ORIENTED_EDGE('',*,*,#3915,.F.);
#5381=ORIENTED_EDGE('',*,*,#3918,.F.);
#5382=ORIENTED_EDGE('',*,*,#3921,.F.);
#5383=ORIENTED_EDGE('',*,*,#3924,.F.);
#5384=ORIENTED_EDGE('',*,*,#3927,.F.);
#5385=ORIENTED_EDGE('',*,*,#3930,.F.);
#5386=ORIENTED_EDGE('',*,*,#3933,.F.);
#5387=ORIENTED_EDGE('',*,*,#3936,.F.);
#5388=ORIENTED_EDGE('',*,*,#3939,.F.);
#5389=ORIENTED_EDGE('',*,*,#3942,.F.);
#5390=ORIENTED_EDGE('',*,*,#3945,.F.);
#5391=ORIENTED_EDGE('',*,*,#3948,.F.);
#5392=ORIENTED_EDGE('',*,*,#3951,.F.);
#5393=ORIENTED_EDGE('',*,*,#3954,.F.);
#5394=ORIENTED_EDGE('',*,*,#3957,.F.);
#5395=ORIENTED_EDGE('',*,*,#3960,.F.);
#5396=ORIENTED_EDGE('',*,*,#3963,.F.);
#5397=ORIENTED_EDGE('',*,*,#3966,.F.);
#5398=ORIENTED_EDGE('',*,*,#3969,.F.);
#5399=ORIENTED_EDGE('',*,*,#3972,.F.);
#5400=ORIENTED_EDGE('',*,*,#3975,.F.);
#5401=ORIENTED_EDGE('',*,*,#3978,.F.);
#5402=ORIENTED_EDGE('',*,*,#3981,.F.);
#5403=ORIENTED_EDGE('',*,*,#3982,.T.);
#5404=ORIENTED_EDGE('',*,*,#3983,.T.);
#5405=ORIENTED_EDGE('',*,*,#3984,.F.);
#5406=ORIENTED_EDGE('',*,*,#3985,.F.);
#5407=ORIENTED_EDGE('',*,*,#3986,.T.);
#5408=ORIENTED_EDGE('',*,*,#3987,.T.);
#5409=ORIENTED_EDGE('',*,*,#3982,.F.);
#5410=ORIENTED_EDGE('',*,*,#3988,.F.);
#5411=ORIENTED_EDGE('',*,*,#3989,.T.);
#5412=ORIENTED_EDGE('',*,*,#3990,.T.);
#5413=ORIENTED_EDGE('',*,*,#3986,.F.);
#5414=ORIENTED_EDGE('',*,*,#3991,.F.);
#5415=ORIENTED_EDGE('',*,*,#3992,.T.);
#5416=ORIENTED_EDGE('',*,*,#3993,.T.);
#5417=ORIENTED_EDGE('',*,*,#3989,.F.);
#5418=ORIENTED_EDGE('',*,*,#3994,.F.);
#5419=ORIENTED_EDGE('',*,*,#3995,.T.);
#5420=ORIENTED_EDGE('',*,*,#3996,.T.);
#5421=ORIENTED_EDGE('',*,*,#3992,.F.);
#5422=ORIENTED_EDGE('',*,*,#3997,.F.);
#5423=ORIENTED_EDGE('',*,*,#3984,.T.);
#5424=ORIENTED_EDGE('',*,*,#3998,.T.);
#5425=ORIENTED_EDGE('',*,*,#3995,.F.);
#5426=ORIENTED_EDGE('',*,*,#3998,.F.);
#5427=ORIENTED_EDGE('',*,*,#3983,.F.);
#5428=ORIENTED_EDGE('',*,*,#3987,.F.);
#5429=ORIENTED_EDGE('',*,*,#3990,.F.);
#5430=ORIENTED_EDGE('',*,*,#3993,.F.);
#5431=ORIENTED_EDGE('',*,*,#3996,.F.);
#5432=ORIENTED_EDGE('',*,*,#3999,.F.);
#5433=ORIENTED_EDGE('',*,*,#4000,.T.);
#5434=ORIENTED_EDGE('',*,*,#4001,.T.);
#5435=ORIENTED_EDGE('',*,*,#4002,.F.);
#5436=ORIENTED_EDGE('',*,*,#4003,.F.);
#5437=ORIENTED_EDGE('',*,*,#4004,.T.);
#5438=ORIENTED_EDGE('',*,*,#4005,.T.);
#5439=ORIENTED_EDGE('',*,*,#4000,.F.);
#5440=ORIENTED_EDGE('',*,*,#4006,.F.);
#5441=ORIENTED_EDGE('',*,*,#4007,.T.);
#5442=ORIENTED_EDGE('',*,*,#4008,.T.);
#5443=ORIENTED_EDGE('',*,*,#4004,.F.);
#5444=ORIENTED_EDGE('',*,*,#4009,.F.);
#5445=ORIENTED_EDGE('',*,*,#4010,.T.);
#5446=ORIENTED_EDGE('',*,*,#4011,.T.);
#5447=ORIENTED_EDGE('',*,*,#4007,.F.);
#5448=ORIENTED_EDGE('',*,*,#4012,.F.);
#5449=ORIENTED_EDGE('',*,*,#4013,.T.);
#5450=ORIENTED_EDGE('',*,*,#4014,.T.);
#5451=ORIENTED_EDGE('',*,*,#4010,.F.);
#5452=ORIENTED_EDGE('',*,*,#4015,.F.);
#5453=ORIENTED_EDGE('',*,*,#4016,.T.);
#5454=ORIENTED_EDGE('',*,*,#4017,.T.);
#5455=ORIENTED_EDGE('',*,*,#4013,.F.);
#5456=ORIENTED_EDGE('',*,*,#4018,.F.);
#5457=ORIENTED_EDGE('',*,*,#4019,.T.);
#5458=ORIENTED_EDGE('',*,*,#4020,.T.);
#5459=ORIENTED_EDGE('',*,*,#4016,.F.);
#5460=ORIENTED_EDGE('',*,*,#4021,.F.);
#5461=ORIENTED_EDGE('',*,*,#4022,.T.);
#5462=ORIENTED_EDGE('',*,*,#4023,.T.);
#5463=ORIENTED_EDGE('',*,*,#4019,.F.);
#5464=ORIENTED_EDGE('',*,*,#4024,.F.);
#5465=ORIENTED_EDGE('',*,*,#4025,.T.);
#5466=ORIENTED_EDGE('',*,*,#4026,.T.);
#5467=ORIENTED_EDGE('',*,*,#4022,.F.);
#5468=ORIENTED_EDGE('',*,*,#4027,.F.);
#5469=ORIENTED_EDGE('',*,*,#4028,.T.);
#5470=ORIENTED_EDGE('',*,*,#4029,.T.);
#5471=ORIENTED_EDGE('',*,*,#4025,.F.);
#5472=ORIENTED_EDGE('',*,*,#4030,.F.);
#5473=ORIENTED_EDGE('',*,*,#4031,.T.);
#5474=ORIENTED_EDGE('',*,*,#4032,.T.);
#5475=ORIENTED_EDGE('',*,*,#4028,.F.);
#5476=ORIENTED_EDGE('',*,*,#4033,.F.);
#5477=ORIENTED_EDGE('',*,*,#4002,.T.);
#5478=ORIENTED_EDGE('',*,*,#4034,.T.);
#5479=ORIENTED_EDGE('',*,*,#4031,.F.);
#5480=ORIENTED_EDGE('',*,*,#4034,.F.);
#5481=ORIENTED_EDGE('',*,*,#4001,.F.);
#5482=ORIENTED_EDGE('',*,*,#4005,.F.);
#5483=ORIENTED_EDGE('',*,*,#4008,.F.);
#5484=ORIENTED_EDGE('',*,*,#4011,.F.);
#5485=ORIENTED_EDGE('',*,*,#4014,.F.);
#5486=ORIENTED_EDGE('',*,*,#4017,.F.);
#5487=ORIENTED_EDGE('',*,*,#4020,.F.);
#5488=ORIENTED_EDGE('',*,*,#4023,.F.);
#5489=ORIENTED_EDGE('',*,*,#4026,.F.);
#5490=ORIENTED_EDGE('',*,*,#4029,.F.);
#5491=ORIENTED_EDGE('',*,*,#4032,.F.);
#5492=ORIENTED_EDGE('',*,*,#4035,.F.);
#5493=ORIENTED_EDGE('',*,*,#4036,.T.);
#5494=ORIENTED_EDGE('',*,*,#3416,.F.);
#5495=ORIENTED_EDGE('',*,*,#3492,.F.);
#5496=ORIENTED_EDGE('',*,*,#3531,.T.);
#5497=ORIENTED_EDGE('',*,*,#3586,.T.);
#5498=ORIENTED_EDGE('',*,*,#3583,.T.);
#5499=ORIENTED_EDGE('',*,*,#3580,.T.);
#5500=ORIENTED_EDGE('',*,*,#3577,.T.);
#5501=ORIENTED_EDGE('',*,*,#3574,.T.);
#5502=ORIENTED_EDGE('',*,*,#3571,.T.);
#5503=ORIENTED_EDGE('',*,*,#3568,.T.);
#5504=ORIENTED_EDGE('',*,*,#3565,.T.);
#5505=ORIENTED_EDGE('',*,*,#3562,.T.);
#5506=ORIENTED_EDGE('',*,*,#3559,.T.);
#5507=ORIENTED_EDGE('',*,*,#3556,.T.);
#5508=ORIENTED_EDGE('',*,*,#3553,.T.);
#5509=ORIENTED_EDGE('',*,*,#3550,.T.);
#5510=ORIENTED_EDGE('',*,*,#3547,.T.);
#5511=ORIENTED_EDGE('',*,*,#3544,.T.);
#5512=ORIENTED_EDGE('',*,*,#3541,.T.);
#5513=ORIENTED_EDGE('',*,*,#3538,.T.);
#5514=ORIENTED_EDGE('',*,*,#3535,.T.);
#5515=ORIENTED_EDGE('',*,*,#3588,.T.);
#5516=ORIENTED_EDGE('',*,*,#3628,.T.);
#5517=ORIENTED_EDGE('',*,*,#3625,.T.);
#5518=ORIENTED_EDGE('',*,*,#3622,.T.);
#5519=ORIENTED_EDGE('',*,*,#3619,.T.);
#5520=ORIENTED_EDGE('',*,*,#3616,.T.);
#5521=ORIENTED_EDGE('',*,*,#3613,.T.);
#5522=ORIENTED_EDGE('',*,*,#3610,.T.);
#5523=ORIENTED_EDGE('',*,*,#3607,.T.);
#5524=ORIENTED_EDGE('',*,*,#3604,.T.);
#5525=ORIENTED_EDGE('',*,*,#3601,.T.);
#5526=ORIENTED_EDGE('',*,*,#3598,.T.);
#5527=ORIENTED_EDGE('',*,*,#3595,.T.);
#5528=ORIENTED_EDGE('',*,*,#3592,.T.);
#5529=ORIENTED_EDGE('',*,*,#3630,.T.);
#5530=ORIENTED_EDGE('',*,*,#3640,.T.);
#5531=ORIENTED_EDGE('',*,*,#3637,.T.);
#5532=ORIENTED_EDGE('',*,*,#3634,.T.);
#5533=ORIENTED_EDGE('',*,*,#3642,.T.);
#5534=ORIENTED_EDGE('',*,*,#3706,.T.);
#5535=ORIENTED_EDGE('',*,*,#3703,.T.);
#5536=ORIENTED_EDGE('',*,*,#3700,.T.);
#5537=ORIENTED_EDGE('',*,*,#3697,.T.);
#5538=ORIENTED_EDGE('',*,*,#3694,.T.);
#5539=ORIENTED_EDGE('',*,*,#3691,.T.);
#5540=ORIENTED_EDGE('',*,*,#3688,.T.);
#5541=ORIENTED_EDGE('',*,*,#3685,.T.);
#5542=ORIENTED_EDGE('',*,*,#3682,.T.);
#5543=ORIENTED_EDGE('',*,*,#3679,.T.);
#5544=ORIENTED_EDGE('',*,*,#3676,.T.);
#5545=ORIENTED_EDGE('',*,*,#3673,.T.);
#5546=ORIENTED_EDGE('',*,*,#3670,.T.);
#5547=ORIENTED_EDGE('',*,*,#3667,.T.);
#5548=ORIENTED_EDGE('',*,*,#3664,.T.);
#5549=ORIENTED_EDGE('',*,*,#3661,.T.);
#5550=ORIENTED_EDGE('',*,*,#3658,.T.);
#5551=ORIENTED_EDGE('',*,*,#3655,.T.);
#5552=ORIENTED_EDGE('',*,*,#3652,.T.);
#5553=ORIENTED_EDGE('',*,*,#3649,.T.);
#5554=ORIENTED_EDGE('',*,*,#3646,.T.);
#5555=ORIENTED_EDGE('',*,*,#3708,.T.);
#5556=ORIENTED_EDGE('',*,*,#3742,.T.);
#5557=ORIENTED_EDGE('',*,*,#3739,.T.);
#5558=ORIENTED_EDGE('',*,*,#3736,.T.);
#5559=ORIENTED_EDGE('',*,*,#3733,.T.);
#5560=ORIENTED_EDGE('',*,*,#3730,.T.);
#5561=ORIENTED_EDGE('',*,*,#3727,.T.);
#5562=ORIENTED_EDGE('',*,*,#3724,.T.);
#5563=ORIENTED_EDGE('',*,*,#3721,.T.);
#5564=ORIENTED_EDGE('',*,*,#3718,.T.);
#5565=ORIENTED_EDGE('',*,*,#3715,.T.);
#5566=ORIENTED_EDGE('',*,*,#3712,.T.);
#5567=ORIENTED_EDGE('',*,*,#3768,.T.);
#5568=ORIENTED_EDGE('',*,*,#3802,.T.);
#5569=ORIENTED_EDGE('',*,*,#3799,.T.);
#5570=ORIENTED_EDGE('',*,*,#3796,.T.);
#5571=ORIENTED_EDGE('',*,*,#3793,.T.);
#5572=ORIENTED_EDGE('',*,*,#3790,.T.);
#5573=ORIENTED_EDGE('',*,*,#3787,.T.);
#5574=ORIENTED_EDGE('',*,*,#3784,.T.);
#5575=ORIENTED_EDGE('',*,*,#3781,.T.);
#5576=ORIENTED_EDGE('',*,*,#3778,.T.);
#5577=ORIENTED_EDGE('',*,*,#3775,.T.);
#5578=ORIENTED_EDGE('',*,*,#3772,.T.);
#5579=ORIENTED_EDGE('',*,*,#3804,.T.);
#5580=ORIENTED_EDGE('',*,*,#3889,.T.);
#5581=ORIENTED_EDGE('',*,*,#3886,.T.);
#5582=ORIENTED_EDGE('',*,*,#3883,.T.);
#5583=ORIENTED_EDGE('',*,*,#3880,.T.);
#5584=ORIENTED_EDGE('',*,*,#3877,.T.);
#5585=ORIENTED_EDGE('',*,*,#3874,.T.);
#5586=ORIENTED_EDGE('',*,*,#3871,.T.);
#5587=ORIENTED_EDGE('',*,*,#3868,.T.);
#5588=ORIENTED_EDGE('',*,*,#3865,.T.);
#5589=ORIENTED_EDGE('',*,*,#3862,.T.);
#5590=ORIENTED_EDGE('',*,*,#3859,.T.);
#5591=ORIENTED_EDGE('',*,*,#3856,.T.);
#5592=ORIENTED_EDGE('',*,*,#3853,.T.);
#5593=ORIENTED_EDGE('',*,*,#3850,.T.);
#5594=ORIENTED_EDGE('',*,*,#3847,.T.);
#5595=ORIENTED_EDGE('',*,*,#3844,.T.);
#5596=ORIENTED_EDGE('',*,*,#3841,.T.);
#5597=ORIENTED_EDGE('',*,*,#3838,.T.);
#5598=ORIENTED_EDGE('',*,*,#3835,.T.);
#5599=ORIENTED_EDGE('',*,*,#3832,.T.);
#5600=ORIENTED_EDGE('',*,*,#3829,.T.);
#5601=ORIENTED_EDGE('',*,*,#3826,.T.);
#5602=ORIENTED_EDGE('',*,*,#3823,.T.);
#5603=ORIENTED_EDGE('',*,*,#3820,.T.);
#5604=ORIENTED_EDGE('',*,*,#3817,.T.);
#5605=ORIENTED_EDGE('',*,*,#3814,.T.);
#5606=ORIENTED_EDGE('',*,*,#3811,.T.);
#5607=ORIENTED_EDGE('',*,*,#3808,.T.);
#5608=ORIENTED_EDGE('',*,*,#3891,.T.);
#5609=ORIENTED_EDGE('',*,*,#3979,.T.);
#5610=ORIENTED_EDGE('',*,*,#3976,.T.);
#5611=ORIENTED_EDGE('',*,*,#3973,.T.);
#5612=ORIENTED_EDGE('',*,*,#3970,.T.);
#5613=ORIENTED_EDGE('',*,*,#3967,.T.);
#5614=ORIENTED_EDGE('',*,*,#3964,.T.);
#5615=ORIENTED_EDGE('',*,*,#3961,.T.);
#5616=ORIENTED_EDGE('',*,*,#3958,.T.);
#5617=ORIENTED_EDGE('',*,*,#3955,.T.);
#5618=ORIENTED_EDGE('',*,*,#3952,.T.);
#5619=ORIENTED_EDGE('',*,*,#3949,.T.);
#5620=ORIENTED_EDGE('',*,*,#3946,.T.);
#5621=ORIENTED_EDGE('',*,*,#3943,.T.);
#5622=ORIENTED_EDGE('',*,*,#3940,.T.);
#5623=ORIENTED_EDGE('',*,*,#3937,.T.);
#5624=ORIENTED_EDGE('',*,*,#3934,.T.);
#5625=ORIENTED_EDGE('',*,*,#3931,.T.);
#5626=ORIENTED_EDGE('',*,*,#3928,.T.);
#5627=ORIENTED_EDGE('',*,*,#3925,.T.);
#5628=ORIENTED_EDGE('',*,*,#3922,.T.);
#5629=ORIENTED_EDGE('',*,*,#3919,.T.);
#5630=ORIENTED_EDGE('',*,*,#3916,.T.);
#5631=ORIENTED_EDGE('',*,*,#3913,.T.);
#5632=ORIENTED_EDGE('',*,*,#3910,.T.);
#5633=ORIENTED_EDGE('',*,*,#3907,.T.);
#5634=ORIENTED_EDGE('',*,*,#3904,.T.);
#5635=ORIENTED_EDGE('',*,*,#3901,.T.);
#5636=ORIENTED_EDGE('',*,*,#3898,.T.);
#5637=ORIENTED_EDGE('',*,*,#3895,.T.);
#5638=ORIENTED_EDGE('',*,*,#3981,.T.);
#5639=ORIENTED_EDGE('',*,*,#3997,.T.);
#5640=ORIENTED_EDGE('',*,*,#3994,.T.);
#5641=ORIENTED_EDGE('',*,*,#3991,.T.);
#5642=ORIENTED_EDGE('',*,*,#3988,.T.);
#5643=ORIENTED_EDGE('',*,*,#3985,.T.);
#5644=ORIENTED_EDGE('',*,*,#3999,.T.);
#5645=ORIENTED_EDGE('',*,*,#4033,.T.);
#5646=ORIENTED_EDGE('',*,*,#4030,.T.);
#5647=ORIENTED_EDGE('',*,*,#4027,.T.);
#5648=ORIENTED_EDGE('',*,*,#4024,.T.);
#5649=ORIENTED_EDGE('',*,*,#4021,.T.);
#5650=ORIENTED_EDGE('',*,*,#4018,.T.);
#5651=ORIENTED_EDGE('',*,*,#4015,.T.);
#5652=ORIENTED_EDGE('',*,*,#4012,.T.);
#5653=ORIENTED_EDGE('',*,*,#4009,.T.);
#5654=ORIENTED_EDGE('',*,*,#4006,.T.);
#5655=ORIENTED_EDGE('',*,*,#4003,.T.);
#5656=ORIENTED_EDGE('',*,*,#3744,.T.);
#5657=ORIENTED_EDGE('',*,*,#3766,.T.);
#5658=ORIENTED_EDGE('',*,*,#3763,.T.);
#5659=ORIENTED_EDGE('',*,*,#3760,.T.);
#5660=ORIENTED_EDGE('',*,*,#3757,.T.);
#5661=ORIENTED_EDGE('',*,*,#3754,.T.);
#5662=ORIENTED_EDGE('',*,*,#3751,.T.);
#5663=ORIENTED_EDGE('',*,*,#3748,.T.);
#5664=ORIENTED_EDGE('',*,*,#4037,.F.);
#5665=ORIENTED_EDGE('',*,*,#4038,.T.);
#5666=ORIENTED_EDGE('',*,*,#3451,.T.);
#5667=ORIENTED_EDGE('',*,*,#4038,.F.);
#5668=ORIENTED_EDGE('',*,*,#4039,.T.);
#5669=ORIENTED_EDGE('',*,*,#4040,.T.);
#5670=ORIENTED_EDGE('',*,*,#4041,.T.);
#5671=ORIENTED_EDGE('',*,*,#4042,.T.);
#5672=ORIENTED_EDGE('',*,*,#4043,.T.);
#5673=ORIENTED_EDGE('',*,*,#4044,.T.);
#5674=ORIENTED_EDGE('',*,*,#4037,.T.);
#5675=ORIENTED_EDGE('',*,*,#4045,.F.);
#5676=ORIENTED_EDGE('',*,*,#4046,.T.);
#5677=ORIENTED_EDGE('',*,*,#3452,.T.);
#5678=ORIENTED_EDGE('',*,*,#4046,.F.);
#5679=ORIENTED_EDGE('',*,*,#4047,.T.);
#5680=ORIENTED_EDGE('',*,*,#4048,.T.);
#5681=ORIENTED_EDGE('',*,*,#4049,.T.);
#5682=ORIENTED_EDGE('',*,*,#4050,.T.);
#5683=ORIENTED_EDGE('',*,*,#4051,.T.);
#5684=ORIENTED_EDGE('',*,*,#4052,.T.);
#5685=ORIENTED_EDGE('',*,*,#4045,.T.);
#5686=ORIENTED_EDGE('',*,*,#3394,.T.);
#5687=ORIENTED_EDGE('',*,*,#3450,.F.);
#5688=ORIENTED_EDGE('',*,*,#4053,.T.);
#5689=ORIENTED_EDGE('',*,*,#3426,.F.);
#5690=ORIENTED_EDGE('',*,*,#3422,.T.);
#5691=ORIENTED_EDGE('',*,*,#3419,.F.);
#5692=ORIENTED_EDGE('',*,*,#4054,.F.);
#5693=ORIENTED_EDGE('',*,*,#3397,.F.);
#5694=ORIENTED_EDGE('',*,*,#3507,.T.);
#5695=ORIENTED_EDGE('',*,*,#3529,.T.);
#5696=ORIENTED_EDGE('',*,*,#3526,.T.);
#5697=ORIENTED_EDGE('',*,*,#3523,.T.);
#5698=ORIENTED_EDGE('',*,*,#3520,.T.);
#5699=ORIENTED_EDGE('',*,*,#3517,.T.);
#5700=ORIENTED_EDGE('',*,*,#3514,.T.);
#5701=ORIENTED_EDGE('',*,*,#3511,.T.);
#5702=ORIENTED_EDGE('',*,*,#4055,.T.);
#5703=ORIENTED_EDGE('',*,*,#4056,.F.);
#5704=ORIENTED_EDGE('',*,*,#3441,.T.);
#5705=ORIENTED_EDGE('',*,*,#4057,.T.);
#5706=ORIENTED_EDGE('',*,*,#4035,.T.);
#5707=ORIENTED_EDGE('',*,*,#3488,.F.);
#5708=ORIENTED_EDGE('',*,*,#3442,.T.);
#5709=ORIENTED_EDGE('',*,*,#4056,.T.);
#5710=ORIENTED_EDGE('',*,*,#4050,.F.);
#5711=ORIENTED_EDGE('',*,*,#4058,.F.);
#5712=ORIENTED_EDGE('',*,*,#3402,.F.);
#5713=ORIENTED_EDGE('',*,*,#4059,.T.);
#5714=ORIENTED_EDGE('',*,*,#4051,.F.);
#5715=ORIENTED_EDGE('',*,*,#4059,.F.);
#5716=ORIENTED_EDGE('',*,*,#3401,.F.);
#5717=ORIENTED_EDGE('',*,*,#4060,.T.);
#5718=ORIENTED_EDGE('',*,*,#4052,.F.);
#5719=ORIENTED_EDGE('',*,*,#4060,.F.);
#5720=ORIENTED_EDGE('',*,*,#3400,.F.);
#5721=ORIENTED_EDGE('',*,*,#4061,.T.);
#5722=ORIENTED_EDGE('',*,*,#4047,.F.);
#5723=ORIENTED_EDGE('',*,*,#4061,.F.);
#5724=ORIENTED_EDGE('',*,*,#3399,.F.);
#5725=ORIENTED_EDGE('',*,*,#4062,.T.);
#5726=ORIENTED_EDGE('',*,*,#4048,.F.);
#5727=ORIENTED_EDGE('',*,*,#4062,.F.);
#5728=ORIENTED_EDGE('',*,*,#3398,.F.);
#5729=ORIENTED_EDGE('',*,*,#4063,.T.);
#5730=ORIENTED_EDGE('',*,*,#4049,.F.);
#5731=ORIENTED_EDGE('',*,*,#4063,.F.);
#5732=ORIENTED_EDGE('',*,*,#3403,.F.);
#5733=ORIENTED_EDGE('',*,*,#4058,.T.);
#5734=ORIENTED_EDGE('',*,*,#4042,.F.);
#5735=ORIENTED_EDGE('',*,*,#4064,.F.);
#5736=ORIENTED_EDGE('',*,*,#3432,.F.);
#5737=ORIENTED_EDGE('',*,*,#4065,.T.);
#5738=ORIENTED_EDGE('',*,*,#4043,.F.);
#5739=ORIENTED_EDGE('',*,*,#4065,.F.);
#5740=ORIENTED_EDGE('',*,*,#3431,.F.);
#5741=ORIENTED_EDGE('',*,*,#4066,.T.);
#5742=ORIENTED_EDGE('',*,*,#4044,.F.);
#5743=ORIENTED_EDGE('',*,*,#4066,.F.);
#5744=ORIENTED_EDGE('',*,*,#3430,.F.);
#5745=ORIENTED_EDGE('',*,*,#4067,.T.);
#5746=ORIENTED_EDGE('',*,*,#4039,.F.);
#5747=ORIENTED_EDGE('',*,*,#4067,.F.);
#5748=ORIENTED_EDGE('',*,*,#3429,.F.);
#5749=ORIENTED_EDGE('',*,*,#4068,.T.);
#5750=ORIENTED_EDGE('',*,*,#4040,.F.);
#5751=ORIENTED_EDGE('',*,*,#4068,.F.);
#5752=ORIENTED_EDGE('',*,*,#3428,.F.);
#5753=ORIENTED_EDGE('',*,*,#4069,.T.);
#5754=ORIENTED_EDGE('',*,*,#4041,.F.);
#5755=ORIENTED_EDGE('',*,*,#4069,.F.);
#5756=ORIENTED_EDGE('',*,*,#3433,.F.);
#5757=ORIENTED_EDGE('',*,*,#4064,.T.);
#5758=ORIENTED_EDGE('',*,*,#3456,.T.);
#5759=ORIENTED_EDGE('',*,*,#3427,.F.);
#5760=ORIENTED_EDGE('',*,*,#4053,.F.);
#5761=ORIENTED_EDGE('',*,*,#3449,.F.);
#5762=ORIENTED_EDGE('',*,*,#3417,.T.);
#5763=ORIENTED_EDGE('',*,*,#4036,.F.);
#5764=ORIENTED_EDGE('',*,*,#4055,.F.);
#5765=ORIENTED_EDGE('',*,*,#4070,.F.);
#5766=ORIENTED_EDGE('',*,*,#3211,.T.);
#5767=ORIENTED_EDGE('',*,*,#3210,.T.);
#5768=ORIENTED_EDGE('',*,*,#3209,.T.);
#5769=ORIENTED_EDGE('',*,*,#4071,.T.);
#5770=ORIENTED_EDGE('',*,*,#4072,.T.);
#5771=ORIENTED_EDGE('',*,*,#4073,.T.);
#5772=ORIENTED_EDGE('',*,*,#4074,.T.);
#5773=ORIENTED_EDGE('',*,*,#4075,.T.);
#5774=ORIENTED_EDGE('',*,*,#3193,.T.);
#5775=ORIENTED_EDGE('',*,*,#3192,.T.);
#5776=ORIENTED_EDGE('',*,*,#3191,.T.);
#5777=ORIENTED_EDGE('',*,*,#3190,.T.);
#5778=ORIENTED_EDGE('',*,*,#4076,.T.);
#5779=ORIENTED_EDGE('',*,*,#4073,.F.);
#5780=ORIENTED_EDGE('',*,*,#4077,.T.);
#5781=ORIENTED_EDGE('',*,*,#3212,.T.);
#5782=ORIENTED_EDGE('',*,*,#3395,.T.);
#5783=ORIENTED_EDGE('',*,*,#4054,.T.);
#5784=ORIENTED_EDGE('',*,*,#3418,.T.);
#5785=ORIENTED_EDGE('',*,*,#4070,.T.);
#5786=ORIENTED_EDGE('',*,*,#4057,.F.);
#5787=ORIENTED_EDGE('',*,*,#3440,.T.);
#5788=ORIENTED_EDGE('',*,*,#3483,.F.);
#5789=ORIENTED_EDGE('',*,*,#3490,.T.);
#5790=ORIENTED_EDGE('',*,*,#3412,.T.);
#5791=ORIENTED_EDGE('',*,*,#3493,.T.);
#5792=ORIENTED_EDGE('',*,*,#3199,.T.);
#5793=ORIENTED_EDGE('',*,*,#3198,.T.);
#5794=ORIENTED_EDGE('',*,*,#3197,.T.);
#5795=ORIENTED_EDGE('',*,*,#4078,.T.);
#5796=ORIENTED_EDGE('',*,*,#4079,.T.);
#5797=ORIENTED_EDGE('',*,*,#4080,.T.);
#5798=ORIENTED_EDGE('',*,*,#3390,.F.);
#5799=ORIENTED_EDGE('',*,*,#4080,.F.);
#5800=ORIENTED_EDGE('',*,*,#4081,.T.);
#5801=ORIENTED_EDGE('',*,*,#3200,.T.);
#5802=ORIENTED_EDGE('',*,*,#3506,.F.);
#5803=ORIENTED_EDGE('',*,*,#4082,.T.);
#5804=ORIENTED_EDGE('',*,*,#4083,.F.);
#5805=ORIENTED_EDGE('',*,*,#3207,.F.);
#5806=ORIENTED_EDGE('',*,*,#4082,.F.);
#5807=ORIENTED_EDGE('',*,*,#4084,.F.);
#5808=ORIENTED_EDGE('',*,*,#3206,.F.);
#5809=ORIENTED_EDGE('',*,*,#4085,.F.);
#5810=ORIENTED_EDGE('',*,*,#3208,.F.);
#5811=ORIENTED_EDGE('',*,*,#4086,.F.);
#5812=ORIENTED_EDGE('',*,*,#4071,.F.);
#5813=ORIENTED_EDGE('',*,*,#3505,.F.);
#5814=ORIENTED_EDGE('',*,*,#4087,.T.);
#5815=ORIENTED_EDGE('',*,*,#4088,.F.);
#5816=ORIENTED_EDGE('',*,*,#3195,.F.);
#5817=ORIENTED_EDGE('',*,*,#4087,.F.);
#5818=ORIENTED_EDGE('',*,*,#4089,.F.);
#5819=ORIENTED_EDGE('',*,*,#3194,.F.);
#5820=ORIENTED_EDGE('',*,*,#4075,.F.);
#5821=ORIENTED_EDGE('',*,*,#3196,.F.);
#5822=ORIENTED_EDGE('',*,*,#4090,.F.);
#5823=ORIENTED_EDGE('',*,*,#4078,.F.);
#5824=ORIENTED_EDGE('',*,*,#3385,.F.);
#5825=ORIENTED_EDGE('',*,*,#3242,.T.);
#5826=ORIENTED_EDGE('',*,*,#4091,.F.);
#5827=ORIENTED_EDGE('',*,*,#3502,.T.);
#5828=ORIENTED_EDGE('',*,*,#3240,.F.);
#5829=ORIENTED_EDGE('',*,*,#3255,.T.);
#5830=ORIENTED_EDGE('',*,*,#3267,.T.);
#5831=ORIENTED_EDGE('',*,*,#3264,.T.);
#5832=ORIENTED_EDGE('',*,*,#3261,.T.);
#5833=ORIENTED_EDGE('',*,*,#3258,.T.);
#5834=ORIENTED_EDGE('',*,*,#3250,.T.);
#5835=ORIENTED_EDGE('',*,*,#3245,.T.);
#5836=ORIENTED_EDGE('',*,*,#3241,.T.);
#5837=ORIENTED_EDGE('',*,*,#4092,.T.);
#5838=ORIENTED_EDGE('',*,*,#3503,.T.);
#5839=ORIENTED_EDGE('',*,*,#3499,.T.);
#5840=ORIENTED_EDGE('',*,*,#3501,.T.);
#5841=ORIENTED_EDGE('',*,*,#4091,.T.);
#5842=ORIENTED_EDGE('',*,*,#3226,.T.);
#5843=ORIENTED_EDGE('',*,*,#3229,.T.);
#5844=ORIENTED_EDGE('',*,*,#3232,.T.);
#5845=ORIENTED_EDGE('',*,*,#3235,.T.);
#5846=ORIENTED_EDGE('',*,*,#3213,.T.);
#5847=ORIENTED_EDGE('',*,*,#3217,.T.);
#5848=ORIENTED_EDGE('',*,*,#3220,.T.);
#5849=ORIENTED_EDGE('',*,*,#3223,.T.);
#5850=ORIENTED_EDGE('',*,*,#3312,.T.);
#5851=ORIENTED_EDGE('',*,*,#3301,.T.);
#5852=ORIENTED_EDGE('',*,*,#3304,.T.);
#5853=ORIENTED_EDGE('',*,*,#3306,.T.);
#5854=ORIENTED_EDGE('',*,*,#3308,.T.);
#5855=ORIENTED_EDGE('',*,*,#3310,.T.);
#5856=ORIENTED_EDGE('',*,*,#3294,.T.);
#5857=ORIENTED_EDGE('',*,*,#3283,.T.);
#5858=ORIENTED_EDGE('',*,*,#3286,.T.);
#5859=ORIENTED_EDGE('',*,*,#3288,.T.);
#5860=ORIENTED_EDGE('',*,*,#3290,.T.);
#5861=ORIENTED_EDGE('',*,*,#3292,.T.);
#5862=ORIENTED_EDGE('',*,*,#3366,.T.);
#5863=ORIENTED_EDGE('',*,*,#3355,.T.);
#5864=ORIENTED_EDGE('',*,*,#3358,.T.);
#5865=ORIENTED_EDGE('',*,*,#3360,.T.);
#5866=ORIENTED_EDGE('',*,*,#3362,.T.);
#5867=ORIENTED_EDGE('',*,*,#3364,.T.);
#5868=ORIENTED_EDGE('',*,*,#3384,.T.);
#5869=ORIENTED_EDGE('',*,*,#3373,.T.);
#5870=ORIENTED_EDGE('',*,*,#3376,.T.);
#5871=ORIENTED_EDGE('',*,*,#3378,.T.);
#5872=ORIENTED_EDGE('',*,*,#3380,.T.);
#5873=ORIENTED_EDGE('',*,*,#3382,.T.);
#5874=ORIENTED_EDGE('',*,*,#4093,.T.);
#5875=ORIENTED_EDGE('',*,*,#4093,.F.);
#5876=ORIENTED_EDGE('',*,*,#4094,.T.);
#5877=ORIENTED_EDGE('',*,*,#4095,.T.);
#5878=ORIENTED_EDGE('',*,*,#4085,.T.);
#5879=ORIENTED_EDGE('',*,*,#3205,.T.);
#5880=ORIENTED_EDGE('',*,*,#3204,.T.);
#5881=ORIENTED_EDGE('',*,*,#3203,.T.);
#5882=ORIENTED_EDGE('',*,*,#3202,.T.);
#5883=ORIENTED_EDGE('',*,*,#4096,.T.);
#5884=ORIENTED_EDGE('',*,*,#4094,.F.);
#5885=ORIENTED_EDGE('',*,*,#3201,.T.);
#5886=ORIENTED_EDGE('',*,*,#4077,.F.);
#5887=ORIENTED_EDGE('',*,*,#4072,.F.);
#5888=ORIENTED_EDGE('',*,*,#4086,.T.);
#5889=ORIENTED_EDGE('',*,*,#4083,.T.);
#5890=ORIENTED_EDGE('',*,*,#4084,.T.);
#5891=ORIENTED_EDGE('',*,*,#4095,.F.);
#5892=ORIENTED_EDGE('',*,*,#4096,.F.);
#5893=ORIENTED_EDGE('',*,*,#3189,.T.);
#5894=ORIENTED_EDGE('',*,*,#4081,.F.);
#5895=ORIENTED_EDGE('',*,*,#4079,.F.);
#5896=ORIENTED_EDGE('',*,*,#4090,.T.);
#5897=ORIENTED_EDGE('',*,*,#4088,.T.);
#5898=ORIENTED_EDGE('',*,*,#4089,.T.);
#5899=ORIENTED_EDGE('',*,*,#4074,.F.);
#5900=ORIENTED_EDGE('',*,*,#4076,.F.);
#5901=ORIENTED_EDGE('',*,*,#4092,.F.);
#5902=ORIENTED_EDGE('',*,*,#3244,.F.);
#5903=ORIENTED_EDGE('',*,*,#3389,.T.);
#5904=ORIENTED_EDGE('',*,*,#3504,.T.);
#5905=ORIENTED_EDGE('',*,*,#3316,.F.);
#5906=ORIENTED_EDGE('',*,*,#3319,.T.);
#5907=ORIENTED_EDGE('',*,*,#3335,.T.);
#5908=ORIENTED_EDGE('',*,*,#3325,.T.);
#5909=ORIENTED_EDGE('',*,*,#3326,.T.);
#5910=ORIENTED_EDGE('',*,*,#3330,.T.);
#5911=ORIENTED_EDGE('',*,*,#3333,.T.);
#5912=ORIENTED_EDGE('',*,*,#3337,.T.);
#5913=TOROIDAL_SURFACE('',#6258,38.2499744644632,2.3);
#5914=TOROIDAL_SURFACE('',#6260,38.2499744644632,2.3);
#5915=TOROIDAL_SURFACE('',#6386,11.252915102627,0.5);
#5916=TOROIDAL_SURFACE('',#6490,11.252915102627,0.5);
#5917=TOROIDAL_SURFACE('',#6519,38.2499744644632,2.3);
#5918=TOROIDAL_SURFACE('',#6520,38.2499744644632,2.3);
#5919=ADVANCED_FACE('',(#1557),#5913,.F.);
#5920=ADVANCED_FACE('',(#1558),#5914,.F.);
#5921=ADVANCED_FACE('',(#1559),#1385,.F.);
#5922=ADVANCED_FACE('',(#1560),#189,.F.);
#5923=ADVANCED_FACE('',(#1561),#1386,.F.);
#5924=ADVANCED_FACE('',(#1562),#190,.F.);
#5925=ADVANCED_FACE('',(#1563),#1387,.F.);
#5926=ADVANCED_FACE('',(#1564),#191,.F.);
#5927=ADVANCED_FACE('',(#1565),#1388,.F.);
#5928=ADVANCED_FACE('',(#1566),#192,.F.);
#5929=ADVANCED_FACE('',(#1567),#1389,.T.);
#5930=ADVANCED_FACE('',(#1568),#1390,.T.);
#5931=ADVANCED_FACE('',(#1569,#135,#136),#1391,.F.);
#5932=ADVANCED_FACE('',(#1570),#1392,.F.);
#5933=ADVANCED_FACE('',(#1571,#137,#138),#1393,.F.);
#5934=ADVANCED_FACE('',(#1572),#1394,.F.);
#5935=ADVANCED_FACE('',(#1573),#1395,.F.);
#5936=ADVANCED_FACE('',(#1574),#1396,.F.);
#5937=ADVANCED_FACE('',(#1575),#1397,.F.);
#5938=ADVANCED_FACE('',(#1576),#193,.F.);
#5939=ADVANCED_FACE('',(#1577),#194,.F.);
#5940=ADVANCED_FACE('',(#1578),#195,.F.);
#5941=ADVANCED_FACE('',(#1579),#196,.F.);
#5942=ADVANCED_FACE('',(#1580,#139),#1398,.T.);
#5943=ADVANCED_FACE('',(#1581),#1399,.F.);
#5944=ADVANCED_FACE('',(#1582),#1400,.F.);
#5945=ADVANCED_FACE('',(#1583),#1401,.F.);
#5946=ADVANCED_FACE('',(#1584),#1402,.F.);
#5947=ADVANCED_FACE('',(#1585),#1403,.F.);
#5948=ADVANCED_FACE('',(#1586),#1404,.F.);
#5949=ADVANCED_FACE('',(#1587,#140),#1405,.T.);
#5950=ADVANCED_FACE('',(#1588),#1406,.F.);
#5951=ADVANCED_FACE('',(#1589),#1407,.F.);
#5952=ADVANCED_FACE('',(#1590),#1408,.F.);
#5953=ADVANCED_FACE('',(#1591),#1409,.F.);
#5954=ADVANCED_FACE('',(#1592),#1410,.F.);
#5955=ADVANCED_FACE('',(#1593),#1411,.F.);
#5956=ADVANCED_FACE('',(#1594),#1412,.T.);
#5957=ADVANCED_FACE('',(#1595,#141,#142),#1413,.F.);
#5958=ADVANCED_FACE('',(#1596),#1414,.F.);
#5959=ADVANCED_FACE('',(#1597),#1415,.F.);
#5960=ADVANCED_FACE('',(#1598),#1416,.F.);
#5961=ADVANCED_FACE('',(#1599),#1417,.F.);
#5962=ADVANCED_FACE('',(#1600),#1418,.F.);
#5963=ADVANCED_FACE('',(#1601,#143,#144),#1419,.F.);
#5964=ADVANCED_FACE('',(#1602),#197,.F.);
#5965=ADVANCED_FACE('',(#1603),#198,.F.);
#5966=ADVANCED_FACE('',(#1604),#199,.F.);
#5967=ADVANCED_FACE('',(#1605),#200,.F.);
#5968=ADVANCED_FACE('',(#1606,#145),#1420,.T.);
#5969=ADVANCED_FACE('',(#1607),#1421,.F.);
#5970=ADVANCED_FACE('',(#1608),#1422,.F.);
#5971=ADVANCED_FACE('',(#1609),#1423,.F.);
#5972=ADVANCED_FACE('',(#1610),#1424,.F.);
#5973=ADVANCED_FACE('',(#1611),#1425,.F.);
#5974=ADVANCED_FACE('',(#1612),#1426,.F.);
#5975=ADVANCED_FACE('',(#1613,#146),#1427,.T.);
#5976=ADVANCED_FACE('',(#1614),#1428,.F.);
#5977=ADVANCED_FACE('',(#1615),#1429,.F.);
#5978=ADVANCED_FACE('',(#1616),#1430,.F.);
#5979=ADVANCED_FACE('',(#1617),#1431,.F.);
#5980=ADVANCED_FACE('',(#1618),#1432,.F.);
#5981=ADVANCED_FACE('',(#1619),#1433,.F.);
#5982=ADVANCED_FACE('',(#1620),#1434,.F.);
#5983=ADVANCED_FACE('',(#1621),#1435,.F.);
#5984=ADVANCED_FACE('',(#1622,#147,#148,#149,#150,#151,#152),#1436,.T.);
#5985=ADVANCED_FACE('',(#1623),#1437,.T.);
#5986=ADVANCED_FACE('',(#1624,#153,#154),#1438,.T.);
#5987=ADVANCED_FACE('',(#1625),#1439,.T.);
#5988=ADVANCED_FACE('',(#1626),#1440,.T.);
#5989=ADVANCED_FACE('',(#1627,#155,#156),#1441,.T.);
#5990=ADVANCED_FACE('',(#1628,#157,#158,#159,#160,#161),#1442,.F.);
#5991=ADVANCED_FACE('',(#1629),#201,.F.);
#5992=ADVANCED_FACE('',(#1630),#1443,.T.);
#5993=ADVANCED_FACE('',(#1631),#1444,.T.);
#5994=ADVANCED_FACE('',(#1632),#1445,.T.);
#5995=ADVANCED_FACE('',(#1633),#1446,.T.);
#5996=ADVANCED_FACE('',(#1634),#1447,.T.);
#5997=ADVANCED_FACE('',(#1635),#1448,.T.);
#5998=ADVANCED_FACE('',(#1636),#1449,.T.);
#5999=ADVANCED_FACE('',(#1637),#1450,.T.);
#6000=ADVANCED_FACE('',(#1638),#1451,.T.);
#6001=ADVANCED_FACE('',(#1639),#1452,.T.);
#6002=ADVANCED_FACE('',(#1640),#1453,.T.);
#6003=ADVANCED_FACE('',(#1641),#1454,.T.);
#6004=ADVANCED_FACE('',(#1642),#1455,.T.);
#6005=ADVANCED_FACE('',(#1643),#5915,.T.);
#6006=ADVANCED_FACE('',(#1644),#202,.T.);
#6007=ADVANCED_FACE('',(#1645),#203,.T.);
#6008=ADVANCED_FACE('',(#1646),#204,.F.);
#6009=ADVANCED_FACE('',(#1647),#1456,.T.);
#6010=ADVANCED_FACE('',(#1648),#1457,.T.);
#6011=ADVANCED_FACE('',(#1649),#1458,.T.);
#6012=ADVANCED_FACE('',(#1650,#162),#1459,.T.);
#6013=ADVANCED_FACE('',(#1651,#163),#1460,.T.);
#6014=ADVANCED_FACE('',(#1652),#205,.F.);
#6015=ADVANCED_FACE('',(#1653),#206,.F.);
#6016=ADVANCED_FACE('',(#1654),#207,.T.);
#6017=ADVANCED_FACE('',(#1655),#1461,.F.);
#6018=ADVANCED_FACE('',(#1656,#164,#165),#1462,.F.);
#6019=ADVANCED_FACE('',(#1657),#1463,.F.);
#6020=ADVANCED_FACE('',(#1658),#19,.F.);
#6021=ADVANCED_FACE('',(#1659),#20,.F.);
#6022=ADVANCED_FACE('',(#1660),#21,.F.);
#6023=ADVANCED_FACE('',(#1661),#22,.F.);
#6024=ADVANCED_FACE('',(#1662),#23,.F.);
#6025=ADVANCED_FACE('',(#1663),#1464,.F.);
#6026=ADVANCED_FACE('',(#1664),#1465,.F.);
#6027=ADVANCED_FACE('',(#1665),#1466,.F.);
#6028=ADVANCED_FACE('',(#1666),#1467,.F.);
#6029=ADVANCED_FACE('',(#1667),#24,.F.);
#6030=ADVANCED_FACE('',(#1668),#25,.F.);
#6031=ADVANCED_FACE('',(#1669),#26,.F.);
#6032=ADVANCED_FACE('',(#1670),#27,.F.);
#6033=ADVANCED_FACE('',(#1671),#1468,.F.);
#6034=ADVANCED_FACE('',(#1672),#1469,.F.);
#6035=ADVANCED_FACE('',(#1673),#1470,.F.);
#6036=ADVANCED_FACE('',(#1674),#28,.F.);
#6037=ADVANCED_FACE('',(#1675),#29,.F.);
#6038=ADVANCED_FACE('',(#1676),#30,.F.);
#6039=ADVANCED_FACE('',(#1677),#31,.F.);
#6040=ADVANCED_FACE('',(#1678),#32,.F.);
#6041=ADVANCED_FACE('',(#1679),#33,.F.);
#6042=ADVANCED_FACE('',(#1680),#34,.F.);
#6043=ADVANCED_FACE('',(#1681),#1471,.F.);
#6044=ADVANCED_FACE('',(#1682),#1472,.F.);
#6045=ADVANCED_FACE('',(#1683),#1473,.F.);
#6046=ADVANCED_FACE('',(#1684,#166),#1474,.T.);
#6047=ADVANCED_FACE('',(#1685),#35,.F.);
#6048=ADVANCED_FACE('',(#1686),#36,.F.);
#6049=ADVANCED_FACE('',(#1687),#37,.F.);
#6050=ADVANCED_FACE('',(#1688),#38,.F.);
#6051=ADVANCED_FACE('',(#1689),#1475,.F.);
#6052=ADVANCED_FACE('',(#1690),#1476,.F.);
#6053=ADVANCED_FACE('',(#1691),#1477,.F.);
#6054=ADVANCED_FACE('',(#1692),#39,.F.);
#6055=ADVANCED_FACE('',(#1693),#40,.F.);
#6056=ADVANCED_FACE('',(#1694),#41,.F.);
#6057=ADVANCED_FACE('',(#1695),#42,.F.);
#6058=ADVANCED_FACE('',(#1696),#43,.F.);
#6059=ADVANCED_FACE('',(#1697),#1478,.F.);
#6060=ADVANCED_FACE('',(#1698),#44,.F.);
#6061=ADVANCED_FACE('',(#1699),#1479,.T.);
#6062=ADVANCED_FACE('',(#1700),#1480,.F.);
#6063=ADVANCED_FACE('',(#1701),#1481,.F.);
#6064=ADVANCED_FACE('',(#1702),#1482,.F.);
#6065=ADVANCED_FACE('',(#1703),#1483,.F.);
#6066=ADVANCED_FACE('',(#1704),#1484,.F.);
#6067=ADVANCED_FACE('',(#1705),#45,.F.);
#6068=ADVANCED_FACE('',(#1706),#46,.F.);
#6069=ADVANCED_FACE('',(#1707),#47,.F.);
#6070=ADVANCED_FACE('',(#1708),#48,.F.);
#6071=ADVANCED_FACE('',(#1709),#49,.F.);
#6072=ADVANCED_FACE('',(#1710),#50,.F.);
#6073=ADVANCED_FACE('',(#1711),#51,.F.);
#6074=ADVANCED_FACE('',(#1712),#52,.F.);
#6075=ADVANCED_FACE('',(#1713),#53,.F.);
#6076=ADVANCED_FACE('',(#1714),#1485,.F.);
#6077=ADVANCED_FACE('',(#1715),#54,.F.);
#6078=ADVANCED_FACE('',(#1716),#55,.F.);
#6079=ADVANCED_FACE('',(#1717),#56,.F.);
#6080=ADVANCED_FACE('',(#1718),#57,.F.);
#6081=ADVANCED_FACE('',(#1719),#58,.F.);
#6082=ADVANCED_FACE('',(#1720),#59,.F.);
#6083=ADVANCED_FACE('',(#1721),#60,.F.);
#6084=ADVANCED_FACE('',(#1722),#61,.F.);
#6085=ADVANCED_FACE('',(#1723),#62,.F.);
#6086=ADVANCED_FACE('',(#1724),#1486,.F.);
#6087=ADVANCED_FACE('',(#1725),#1487,.F.);
#6088=ADVANCED_FACE('',(#1726),#1488,.F.);
#6089=ADVANCED_FACE('',(#1727),#1489,.T.);
#6090=ADVANCED_FACE('',(#1728),#1490,.F.);
#6091=ADVANCED_FACE('',(#1729),#1491,.F.);
#6092=ADVANCED_FACE('',(#1730),#1492,.F.);
#6093=ADVANCED_FACE('',(#1731),#1493,.F.);
#6094=ADVANCED_FACE('',(#1732),#1494,.F.);
#6095=ADVANCED_FACE('',(#1733),#1495,.F.);
#6096=ADVANCED_FACE('',(#1734),#1496,.F.);
#6097=ADVANCED_FACE('',(#1735),#1497,.F.);
#6098=ADVANCED_FACE('',(#1736),#1498,.F.);
#6099=ADVANCED_FACE('',(#1737),#1499,.F.);
#6100=ADVANCED_FACE('',(#1738),#1500,.F.);
#6101=ADVANCED_FACE('',(#1739),#1501,.F.);
#6102=ADVANCED_FACE('',(#1740),#1502,.F.);
#6103=ADVANCED_FACE('',(#1741),#63,.F.);
#6104=ADVANCED_FACE('',(#1742),#64,.F.);
#6105=ADVANCED_FACE('',(#1743),#65,.F.);
#6106=ADVANCED_FACE('',(#1744),#66,.F.);
#6107=ADVANCED_FACE('',(#1745),#67,.F.);
#6108=ADVANCED_FACE('',(#1746),#68,.F.);
#6109=ADVANCED_FACE('',(#1747),#69,.F.);
#6110=ADVANCED_FACE('',(#1748),#70,.F.);
#6111=ADVANCED_FACE('',(#1749),#71,.F.);
#6112=ADVANCED_FACE('',(#1750),#72,.F.);
#6113=ADVANCED_FACE('',(#1751),#73,.F.);
#6114=ADVANCED_FACE('',(#1752),#74,.F.);
#6115=ADVANCED_FACE('',(#1753),#75,.F.);
#6116=ADVANCED_FACE('',(#1754),#76,.F.);
#6117=ADVANCED_FACE('',(#1755),#77,.F.);
#6118=ADVANCED_FACE('',(#1756),#78,.F.);
#6119=ADVANCED_FACE('',(#1757),#79,.F.);
#6120=ADVANCED_FACE('',(#1758),#80,.F.);
#6121=ADVANCED_FACE('',(#1759),#81,.F.);
#6122=ADVANCED_FACE('',(#1760),#82,.F.);
#6123=ADVANCED_FACE('',(#1761,#167),#1503,.T.);
#6124=ADVANCED_FACE('',(#1762),#1504,.F.);
#6125=ADVANCED_FACE('',(#1763),#83,.F.);
#6126=ADVANCED_FACE('',(#1764),#84,.F.);
#6127=ADVANCED_FACE('',(#1765),#85,.F.);
#6128=ADVANCED_FACE('',(#1766),#86,.F.);
#6129=ADVANCED_FACE('',(#1767),#87,.F.);
#6130=ADVANCED_FACE('',(#1768),#88,.F.);
#6131=ADVANCED_FACE('',(#1769),#89,.F.);
#6132=ADVANCED_FACE('',(#1770),#90,.F.);
#6133=ADVANCED_FACE('',(#1771),#91,.F.);
#6134=ADVANCED_FACE('',(#1772),#92,.F.);
#6135=ADVANCED_FACE('',(#1773),#93,.F.);
#6136=ADVANCED_FACE('',(#1774),#94,.F.);
#6137=ADVANCED_FACE('',(#1775),#1505,.F.);
#6138=ADVANCED_FACE('',(#1776),#95,.F.);
#6139=ADVANCED_FACE('',(#1777),#96,.F.);
#6140=ADVANCED_FACE('',(#1778),#97,.F.);
#6141=ADVANCED_FACE('',(#1779),#98,.F.);
#6142=ADVANCED_FACE('',(#1780),#99,.F.);
#6143=ADVANCED_FACE('',(#1781),#100,.F.);
#6144=ADVANCED_FACE('',(#1782),#101,.F.);
#6145=ADVANCED_FACE('',(#1783),#102,.F.);
#6146=ADVANCED_FACE('',(#1784),#103,.F.);
#6147=ADVANCED_FACE('',(#1785),#104,.F.);
#6148=ADVANCED_FACE('',(#1786),#105,.F.);
#6149=ADVANCED_FACE('',(#1787),#1506,.F.);
#6150=ADVANCED_FACE('',(#1788),#1507,.F.);
#6151=ADVANCED_FACE('',(#1789),#1508,.F.);
#6152=ADVANCED_FACE('',(#1790),#1509,.F.);
#6153=ADVANCED_FACE('',(#1791),#1510,.T.);
#6154=ADVANCED_FACE('',(#1792),#106,.F.);
#6155=ADVANCED_FACE('',(#1793),#107,.F.);
#6156=ADVANCED_FACE('',(#1794),#108,.F.);
#6157=ADVANCED_FACE('',(#1795),#109,.F.);
#6158=ADVANCED_FACE('',(#1796),#110,.F.);
#6159=ADVANCED_FACE('',(#1797),#111,.F.);
#6160=ADVANCED_FACE('',(#1798),#112,.F.);
#6161=ADVANCED_FACE('',(#1799),#113,.F.);
#6162=ADVANCED_FACE('',(#1800),#114,.F.);
#6163=ADVANCED_FACE('',(#1801),#115,.F.);
#6164=ADVANCED_FACE('',(#1802),#116,.F.);
#6165=ADVANCED_FACE('',(#1803),#117,.F.);
#6166=ADVANCED_FACE('',(#1804),#1511,.F.);
#6167=ADVANCED_FACE('',(#1805),#118,.F.);
#6168=ADVANCED_FACE('',(#1806),#119,.F.);
#6169=ADVANCED_FACE('',(#1807),#120,.F.);
#6170=ADVANCED_FACE('',(#1808),#121,.F.);
#6171=ADVANCED_FACE('',(#1809),#122,.F.);
#6172=ADVANCED_FACE('',(#1810),#123,.F.);
#6173=ADVANCED_FACE('',(#1811),#124,.F.);
#6174=ADVANCED_FACE('',(#1812),#1512,.F.);
#6175=ADVANCED_FACE('',(#1813),#125,.F.);
#6176=ADVANCED_FACE('',(#1814),#126,.F.);
#6177=ADVANCED_FACE('',(#1815),#127,.F.);
#6178=ADVANCED_FACE('',(#1816),#128,.F.);
#6179=ADVANCED_FACE('',(#1817),#129,.F.);
#6180=ADVANCED_FACE('',(#1818),#130,.F.);
#6181=ADVANCED_FACE('',(#1819),#131,.F.);
#6182=ADVANCED_FACE('',(#1820),#1513,.F.);
#6183=ADVANCED_FACE('',(#1821),#132,.F.);
#6184=ADVANCED_FACE('',(#1822),#1514,.T.);
#6185=ADVANCED_FACE('',(#1823),#1515,.F.);
#6186=ADVANCED_FACE('',(#1824),#1516,.F.);
#6187=ADVANCED_FACE('',(#1825),#1517,.F.);
#6188=ADVANCED_FACE('',(#1826),#1518,.F.);
#6189=ADVANCED_FACE('',(#1827),#1519,.F.);
#6190=ADVANCED_FACE('',(#1828),#1520,.F.);
#6191=ADVANCED_FACE('',(#1829),#1521,.F.);
#6192=ADVANCED_FACE('',(#1830),#1522,.F.);
#6193=ADVANCED_FACE('',(#1831),#1523,.F.);
#6194=ADVANCED_FACE('',(#1832),#1524,.F.);
#6195=ADVANCED_FACE('',(#1833),#1525,.F.);
#6196=ADVANCED_FACE('',(#1834),#1526,.F.);
#6197=ADVANCED_FACE('',(#1835),#1527,.F.);
#6198=ADVANCED_FACE('',(#1836),#1528,.F.);
#6199=ADVANCED_FACE('',(#1837),#1529,.F.);
#6200=ADVANCED_FACE('',(#1838),#1530,.F.);
#6201=ADVANCED_FACE('',(#1839),#1531,.F.);
#6202=ADVANCED_FACE('',(#1840),#1532,.F.);
#6203=ADVANCED_FACE('',(#1841),#1533,.F.);
#6204=ADVANCED_FACE('',(#1842),#1534,.F.);
#6205=ADVANCED_FACE('',(#1843,#168,#169,#170,#171,#172,#173,#174,#175,#176,
#177),#1535,.T.);
#6206=ADVANCED_FACE('',(#1844),#1536,.T.);
#6207=ADVANCED_FACE('',(#1845),#208,.F.);
#6208=ADVANCED_FACE('',(#1846,#178),#1537,.T.);
#6209=ADVANCED_FACE('',(#1847),#209,.F.);
#6210=ADVANCED_FACE('',(#1848,#179),#1538,.T.);
#6211=ADVANCED_FACE('',(#1849),#1539,.T.);
#6212=ADVANCED_FACE('',(#1850),#1540,.T.);
#6213=ADVANCED_FACE('',(#1851),#5916,.T.);
#6214=ADVANCED_FACE('',(#1852),#210,.T.);
#6215=ADVANCED_FACE('',(#1853),#1541,.T.);
#6216=ADVANCED_FACE('',(#1854),#1542,.T.);
#6217=ADVANCED_FACE('',(#1855),#1543,.T.);
#6218=ADVANCED_FACE('',(#1856),#1544,.T.);
#6219=ADVANCED_FACE('',(#1857),#1545,.T.);
#6220=ADVANCED_FACE('',(#1858),#1546,.T.);
#6221=ADVANCED_FACE('',(#1859),#1547,.T.);
#6222=ADVANCED_FACE('',(#1860),#1548,.T.);
#6223=ADVANCED_FACE('',(#1861),#1549,.T.);
#6224=ADVANCED_FACE('',(#1862),#1550,.T.);
#6225=ADVANCED_FACE('',(#1863),#1551,.T.);
#6226=ADVANCED_FACE('',(#1864),#1552,.T.);
#6227=ADVANCED_FACE('',(#1865),#1553,.T.);
#6228=ADVANCED_FACE('',(#1866),#211,.F.);
#6229=ADVANCED_FACE('',(#1867,#180),#212,.F.);
#6230=ADVANCED_FACE('',(#1868),#213,.F.);
#6231=ADVANCED_FACE('',(#1869),#214,.F.);
#6232=ADVANCED_FACE('',(#1870),#215,.F.);
#6233=ADVANCED_FACE('',(#1871),#216,.F.);
#6234=ADVANCED_FACE('',(#1872),#217,.F.);
#6235=ADVANCED_FACE('',(#1873),#218,.F.);
#6236=ADVANCED_FACE('',(#1874),#219,.F.);
#6237=ADVANCED_FACE('',(#1875,#181),#1554,.F.);
#6238=ADVANCED_FACE('',(#1876,#182,#183,#184,#185,#186,#187),#1555,.F.);
#6239=ADVANCED_FACE('',(#1877),#220,.F.);
#6240=ADVANCED_FACE('',(#1878),#5917,.F.);
#6241=ADVANCED_FACE('',(#1879),#5918,.F.);
#6242=ADVANCED_FACE('',(#1880,#188),#1556,.F.);
#6243=CLOSED_SHELL('',(#5919,#5920,#5921,#5922,#5923,#5924,#5925,#5926,
#5927,#5928,#5929,#5930,#5931,#5932,#5933,#5934,#5935,#5936,#5937,#5938,
#5939,#5940,#5941,#5942,#5943,#5944,#5945,#5946,#5947,#5948,#5949,#5950,
#5951,#5952,#5953,#5954,#5955,#5956,#5957,#5958,#5959,#5960,#5961,#5962,
#5963,#5964,#5965,#5966,#5967,#5968,#5969,#5970,#5971,#5972,#5973,#5974,
#5975,#5976,#5977,#5978,#5979,#5980,#5981,#5982,#5983,#5984,#5985,#5986,
#5987,#5988,#5989,#5990,#5991,#5992,#5993,#5994,#5995,#5996,#5997,#5998,
#5999,#6000,#6001,#6002,#6003,#6004,#6005,#6006,#6007,#6008,#6009,#6010,
#6011,#6012,#6013,#6014,#6015,#6016,#6017,#6018,#6019,#6020,#6021,#6022,
#6023,#6024,#6025,#6026,#6027,#6028,#6029,#6030,#6031,#6032,#6033,#6034,
#6035,#6036,#6037,#6038,#6039,#6040,#6041,#6042,#6043,#6044,#6045,#6046,
#6047,#6048,#6049,#6050,#6051,#6052,#6053,#6054,#6055,#6056,#6057,#6058,
#6059,#6060,#6061,#6062,#6063,#6064,#6065,#6066,#6067,#6068,#6069,#6070,
#6071,#6072,#6073,#6074,#6075,#6076,#6077,#6078,#6079,#6080,#6081,#6082,
#6083,#6084,#6085,#6086,#6087,#6088,#6089,#6090,#6091,#6092,#6093,#6094,
#6095,#6096,#6097,#6098,#6099,#6100,#6101,#6102,#6103,#6104,#6105,#6106,
#6107,#6108,#6109,#6110,#6111,#6112,#6113,#6114,#6115,#6116,#6117,#6118,
#6119,#6120,#6121,#6122,#6123,#6124,#6125,#6126,#6127,#6128,#6129,#6130,
#6131,#6132,#6133,#6134,#6135,#6136,#6137,#6138,#6139,#6140,#6141,#6142,
#6143,#6144,#6145,#6146,#6147,#6148,#6149,#6150,#6151,#6152,#6153,#6154,
#6155,#6156,#6157,#6158,#6159,#6160,#6161,#6162,#6163,#6164,#6165,#6166,
#6167,#6168,#6169,#6170,#6171,#6172,#6173,#6174,#6175,#6176,#6177,#6178,
#6179,#6180,#6181,#6182,#6183,#6184,#6185,#6186,#6187,#6188,#6189,#6190,
#6191,#6192,#6193,#6194,#6195,#6196,#6197,#6198,#6199,#6200,#6201,#6202,
#6203,#6204,#6205,#6206,#6207,#6208,#6209,#6210,#6211,#6212,#6213,#6214,
#6215,#6216,#6217,#6218,#6219,#6220,#6221,#6222,#6223,#6224,#6225,#6226,
#6227,#6228,#6229,#6230,#6231,#6232,#6233,#6234,#6235,#6236,#6237,#6238,
#6239,#6240,#6241,#6242));
#6244=DERIVED_UNIT_ELEMENT(#6246,1.);
#6245=DERIVED_UNIT_ELEMENT(#11833,-3.);
#6246=(
MASS_UNIT()
NAMED_UNIT(*)
SI_UNIT(.KILO.,.GRAM.)
);
#6247=DERIVED_UNIT((#6244,#6245));
#6248=MEASURE_REPRESENTATION_ITEM('density measure',
POSITIVE_RATIO_MEASURE(7850.),#6247);
#6249=PROPERTY_DEFINITION_REPRESENTATION(#6254,#6251);
#6250=PROPERTY_DEFINITION_REPRESENTATION(#6255,#6252);
#6251=REPRESENTATION('material name',(#6253),#11830);
#6252=REPRESENTATION('density',(#6248),#11830);
#6253=DESCRIPTIVE_REPRESENTATION_ITEM('Steel','Steel');
#6254=PROPERTY_DEFINITION('material property','material name',#11845);
#6255=PROPERTY_DEFINITION('material property','density of part',#11845);
#6256=AXIS2_PLACEMENT_3D('',#7639,#6523,#6524);
#6257=AXIS2_PLACEMENT_3D('',#7640,#6525,#6526);
#6258=AXIS2_PLACEMENT_3D('',#7641,#6527,#6528);
#6259=AXIS2_PLACEMENT_3D('',#7644,#6529,#6530);
#6260=AXIS2_PLACEMENT_3D('',#7771,#6531,#6532);
#6261=AXIS2_PLACEMENT_3D('',#7774,#6533,#6534);
#6262=AXIS2_PLACEMENT_3D('',#7901,#6535,#6536);
#6263=AXIS2_PLACEMENT_3D('',#7910,#6541,#6542);
#6264=AXIS2_PLACEMENT_3D('',#7912,#6543,#6544);
#6265=AXIS2_PLACEMENT_3D('',#7914,#6545,#6546);
#6266=AXIS2_PLACEMENT_3D('',#7916,#6548,#6549);
#6267=AXIS2_PLACEMENT_3D('',#7922,#6553,#6554);
#6268=AXIS2_PLACEMENT_3D('',#7924,#6555,#6556);
#6269=AXIS2_PLACEMENT_3D('',#7926,#6557,#6558);
#6270=AXIS2_PLACEMENT_3D('',#7928,#6560,#6561);
#6271=AXIS2_PLACEMENT_3D('',#7934,#6565,#6566);
#6272=AXIS2_PLACEMENT_3D('',#7936,#6567,#6568);
#6273=AXIS2_PLACEMENT_3D('',#7938,#6569,#6570);
#6274=AXIS2_PLACEMENT_3D('',#7940,#6572,#6573);
#6275=AXIS2_PLACEMENT_3D('',#7946,#6577,#6578);
#6276=AXIS2_PLACEMENT_3D('',#7947,#6579,#6580);
#6277=AXIS2_PLACEMENT_3D('',#7948,#6581,#6582);
#6278=AXIS2_PLACEMENT_3D('',#7949,#6583,#6584);
#6279=AXIS2_PLACEMENT_3D('',#7958,#6589,#6590);
#6280=AXIS2_PLACEMENT_3D('',#7967,#6595,#6596);
#6281=AXIS2_PLACEMENT_3D('',#7974,#6600,#6601);
#6282=AXIS2_PLACEMENT_3D('',#7976,#6602,#6603);
#6283=AXIS2_PLACEMENT_3D('',#7977,#6604,#6605);
#6284=AXIS2_PLACEMENT_3D('',#7983,#6609,#6610);
#6285=AXIS2_PLACEMENT_3D('',#7990,#6614,#6615);
#6286=AXIS2_PLACEMENT_3D('',#7992,#6616,#6617);
#6287=AXIS2_PLACEMENT_3D('',#7993,#6618,#6619);
#6288=AXIS2_PLACEMENT_3D('',#7999,#6623,#6624);
#6289=AXIS2_PLACEMENT_3D('',#8005,#6628,#6629);
#6290=AXIS2_PLACEMENT_3D('',#8011,#6633,#6634);
#6291=AXIS2_PLACEMENT_3D('',#8014,#6637,#6638);
#6292=AXIS2_PLACEMENT_3D('',#8016,#6639,#6640);
#6293=AXIS2_PLACEMENT_3D('',#8018,#6642,#6643);
#6294=AXIS2_PLACEMENT_3D('',#8021,#6645,#6646);
#6295=AXIS2_PLACEMENT_3D('',#8022,#6647,#6648);
#6296=AXIS2_PLACEMENT_3D('',#8024,#6649,#6650);
#6297=AXIS2_PLACEMENT_3D('',#8026,#6652,#6653);
#6298=AXIS2_PLACEMENT_3D('',#8029,#6655,#6656);
#6299=AXIS2_PLACEMENT_3D('',#8030,#6657,#6658);
#6300=AXIS2_PLACEMENT_3D('',#8043,#6665,#6666);
#6301=AXIS2_PLACEMENT_3D('',#8049,#6670,#6671);
#6302=AXIS2_PLACEMENT_3D('',#8053,#6674,#6675);
#6303=AXIS2_PLACEMENT_3D('',#8057,#6678,#6679);
#6304=AXIS2_PLACEMENT_3D('',#8061,#6682,#6683);
#6305=AXIS2_PLACEMENT_3D('',#8065,#6686,#6687);
#6306=AXIS2_PLACEMENT_3D('',#8067,#6689,#6690);
#6307=AXIS2_PLACEMENT_3D('',#8080,#6697,#6698);
#6308=AXIS2_PLACEMENT_3D('',#8086,#6702,#6703);
#6309=AXIS2_PLACEMENT_3D('',#8090,#6706,#6707);
#6310=AXIS2_PLACEMENT_3D('',#8094,#6710,#6711);
#6311=AXIS2_PLACEMENT_3D('',#8098,#6714,#6715);
#6312=AXIS2_PLACEMENT_3D('',#8102,#6718,#6719);
#6313=AXIS2_PLACEMENT_3D('',#8104,#6721,#6722);
#6314=AXIS2_PLACEMENT_3D('',#8113,#6727,#6728);
#6315=AXIS2_PLACEMENT_3D('',#8120,#6732,#6733);
#6316=AXIS2_PLACEMENT_3D('',#8122,#6734,#6735);
#6317=AXIS2_PLACEMENT_3D('',#8123,#6736,#6737);
#6318=AXIS2_PLACEMENT_3D('',#8132,#6742,#6743);
#6319=AXIS2_PLACEMENT_3D('',#8138,#6747,#6748);
#6320=AXIS2_PLACEMENT_3D('',#8144,#6752,#6753);
#6321=AXIS2_PLACEMENT_3D('',#8150,#6757,#6758);
#6322=AXIS2_PLACEMENT_3D('',#8153,#6761,#6762);
#6323=AXIS2_PLACEMENT_3D('',#8157,#6765,#6766);
#6324=AXIS2_PLACEMENT_3D('',#8159,#6767,#6768);
#6325=AXIS2_PLACEMENT_3D('',#8160,#6769,#6770);
#6326=AXIS2_PLACEMENT_3D('',#8162,#6771,#6772);
#6327=AXIS2_PLACEMENT_3D('',#8164,#6774,#6775);
#6328=AXIS2_PLACEMENT_3D('',#8167,#6777,#6778);
#6329=AXIS2_PLACEMENT_3D('',#8168,#6779,#6780);
#6330=AXIS2_PLACEMENT_3D('',#8170,#6781,#6782);
#6331=AXIS2_PLACEMENT_3D('',#8172,#6784,#6785);
#6332=AXIS2_PLACEMENT_3D('',#8175,#6787,#6788);
#6333=AXIS2_PLACEMENT_3D('',#8176,#6789,#6790);
#6334=AXIS2_PLACEMENT_3D('',#8189,#6797,#6798);
#6335=AXIS2_PLACEMENT_3D('',#8195,#6802,#6803);
#6336=AXIS2_PLACEMENT_3D('',#8199,#6806,#6807);
#6337=AXIS2_PLACEMENT_3D('',#8203,#6810,#6811);
#6338=AXIS2_PLACEMENT_3D('',#8207,#6814,#6815);
#6339=AXIS2_PLACEMENT_3D('',#8211,#6818,#6819);
#6340=AXIS2_PLACEMENT_3D('',#8213,#6821,#6822);
#6341=AXIS2_PLACEMENT_3D('',#8226,#6829,#6830);
#6342=AXIS2_PLACEMENT_3D('',#8232,#6834,#6835);
#6343=AXIS2_PLACEMENT_3D('',#8236,#6838,#6839);
#6344=AXIS2_PLACEMENT_3D('',#8240,#6842,#6843);
#6345=AXIS2_PLACEMENT_3D('',#8244,#6846,#6847);
#6346=AXIS2_PLACEMENT_3D('',#8248,#6850,#6851);
#6347=AXIS2_PLACEMENT_3D('',#8250,#6853,#6854);
#6348=AXIS2_PLACEMENT_3D('',#8251,#6855,#6856);
#6349=AXIS2_PLACEMENT_3D('',#8252,#6857,#6858);
#6350=AXIS2_PLACEMENT_3D('',#8258,#6861,#6862);
#6351=AXIS2_PLACEMENT_3D('',#8263,#6865,#6866);
#6352=AXIS2_PLACEMENT_3D('',#8264,#6867,#6868);
#6353=AXIS2_PLACEMENT_3D('',#8273,#6873,#6874);
#6354=AXIS2_PLACEMENT_3D('',#8276,#6875,#6876);
#6355=AXIS2_PLACEMENT_3D('',#8303,#6891,#6892);
#6356=AXIS2_PLACEMENT_3D('',#8310,#6895,#6896);
#6357=AXIS2_PLACEMENT_3D('',#8312,#6897,#6898);
#6358=AXIS2_PLACEMENT_3D('',#8320,#6902,#6903);
#6359=AXIS2_PLACEMENT_3D('',#8322,#6904,#6905);
#6360=AXIS2_PLACEMENT_3D('',#8324,#6907,#6908);
#6361=AXIS2_PLACEMENT_3D('',#8330,#6912,#6913);
#6362=AXIS2_PLACEMENT_3D('',#8333,#6914,#6915);
#6363=AXIS2_PLACEMENT_3D('',#8364,#6932,#6933);
#6364=AXIS2_PLACEMENT_3D('',#8367,#6934,#6935);
#6365=AXIS2_PLACEMENT_3D('',#8369,#6936,#6937);
#6366=AXIS2_PLACEMENT_3D('',#8376,#6941,#6942);
#6367=AXIS2_PLACEMENT_3D('',#8382,#6945,#6946);
#6368=AXIS2_PLACEMENT_3D('',#8387,#6949,#6950);
#6369=AXIS2_PLACEMENT_3D('',#8389,#6951,#6952);
#6370=AXIS2_PLACEMENT_3D('',#8391,#6953,#6954);
#6371=AXIS2_PLACEMENT_3D('',#8393,#6955,#6956);
#6372=AXIS2_PLACEMENT_3D('',#8394,#6957,#6958);
#6373=AXIS2_PLACEMENT_3D('',#8397,#6961,#6962);
#6374=AXIS2_PLACEMENT_3D('',#8399,#6964,#6965);
#6375=AXIS2_PLACEMENT_3D('',#8405,#6969,#6970);
#6376=AXIS2_PLACEMENT_3D('',#8409,#6973,#6974);
#6377=AXIS2_PLACEMENT_3D('',#8413,#6977,#6978);
#6378=AXIS2_PLACEMENT_3D('',#8417,#6981,#6982);
#6379=AXIS2_PLACEMENT_3D('',#8421,#6985,#6986);
#6380=AXIS2_PLACEMENT_3D('',#8423,#6988,#6989);
#6381=AXIS2_PLACEMENT_3D('',#8429,#6993,#6994);
#6382=AXIS2_PLACEMENT_3D('',#8433,#6997,#6998);
#6383=AXIS2_PLACEMENT_3D('',#8437,#7001,#7002);
#6384=AXIS2_PLACEMENT_3D('',#8441,#7005,#7006);
#6385=AXIS2_PLACEMENT_3D('',#8445,#7009,#7010);
#6386=AXIS2_PLACEMENT_3D('',#8447,#7012,#7013);
#6387=AXIS2_PLACEMENT_3D('',#8450,#7014,#7015);
#6388=AXIS2_PLACEMENT_3D('',#8475,#7016,#7017);
#6389=AXIS2_PLACEMENT_3D('',#8477,#7018,#7019);
#6390=AXIS2_PLACEMENT_3D('',#8479,#7021,#7022);
#6391=AXIS2_PLACEMENT_3D('',#8482,#7024,#7025);
#6392=AXIS2_PLACEMENT_3D('',#8483,#7026,#7027);
#6393=AXIS2_PLACEMENT_3D('',#8486,#7030,#7031);
#6394=AXIS2_PLACEMENT_3D('',#8488,#7033,#7034);
#6395=AXIS2_PLACEMENT_3D('',#8490,#7036,#7037);
#6396=AXIS2_PLACEMENT_3D('',#8492,#7039,#7040);
#6397=AXIS2_PLACEMENT_3D('',#8494,#7041,#7042);
#6398=AXIS2_PLACEMENT_3D('',#8495,#7043,#7044);
#6399=AXIS2_PLACEMENT_3D('',#8497,#7045,#7046);
#6400=AXIS2_PLACEMENT_3D('',#8498,#7047,#7048);
#6401=AXIS2_PLACEMENT_3D('',#8500,#7050,#7051);
#6402=AXIS2_PLACEMENT_3D('',#8502,#7053,#7054);
#6403=AXIS2_PLACEMENT_3D('',#8506,#7056,#7057);
#6404=AXIS2_PLACEMENT_3D('',#8508,#7059,#7060);
#6405=AXIS2_PLACEMENT_3D('',#8512,#7063,#7064);
#6406=AXIS2_PLACEMENT_3D('',#8517,#7067,#7068);
#6407=AXIS2_PLACEMENT_3D('',#8519,#7069,#7070);
#6408=AXIS2_PLACEMENT_3D('',#8520,#7071,#7072);
#6409=AXIS2_PLACEMENT_3D('',#8644,#7082,#7083);
#6410=AXIS2_PLACEMENT_3D('',#8650,#7087,#7088);
#6411=AXIS2_PLACEMENT_3D('',#8653,#7091,#7092);
#6412=AXIS2_PLACEMENT_3D('',#8662,#7097,#7098);
#6413=AXIS2_PLACEMENT_3D('',#8760,#7106,#7107);
#6414=AXIS2_PLACEMENT_3D('',#8766,#7111,#7112);
#6415=AXIS2_PLACEMENT_3D('',#8772,#7116,#7117);
#6416=AXIS2_PLACEMENT_3D('',#8939,#7128,#7129);
#6417=AXIS2_PLACEMENT_3D('',#8945,#7133,#7134);
#6418=AXIS2_PLACEMENT_3D('',#8951,#7138,#7139);
#6419=AXIS2_PLACEMENT_3D('',#8954,#7142,#7143);
#6420=AXIS2_PLACEMENT_3D('',#9050,#7149,#7150);
#6421=AXIS2_PLACEMENT_3D('',#9056,#7154,#7155);
#6422=AXIS2_PLACEMENT_3D('',#9062,#7159,#7160);
#6423=AXIS2_PLACEMENT_3D('',#9183,#7169,#7170);
#6424=AXIS2_PLACEMENT_3D('',#9209,#7174,#7175);
#6425=AXIS2_PLACEMENT_3D('',#9210,#7176,#7177);
#6426=AXIS2_PLACEMENT_3D('',#9219,#7182,#7183);
#6427=AXIS2_PLACEMENT_3D('',#9225,#7187,#7188);
#6428=AXIS2_PLACEMENT_3D('',#9231,#7192,#7193);
#6429=AXIS2_PLACEMENT_3D('',#9234,#7196,#7197);
#6430=AXIS2_PLACEMENT_3D('',#9445,#7208,#7209);
#6431=AXIS2_PLACEMENT_3D('',#9658,#7222,#7223);
#6432=AXIS2_PLACEMENT_3D('',#9664,#7227,#7228);
#6433=AXIS2_PLACEMENT_3D('',#9670,#7232,#7233);
#6434=AXIS2_PLACEMENT_3D('',#9673,#7236,#7237);
#6435=AXIS2_PLACEMENT_3D('',#9674,#7238,#7239);
#6436=AXIS2_PLACEMENT_3D('',#9683,#7244,#7245);
#6437=AXIS2_PLACEMENT_3D('',#9689,#7249,#7250);
#6438=AXIS2_PLACEMENT_3D('',#9695,#7254,#7255);
#6439=AXIS2_PLACEMENT_3D('',#9701,#7259,#7260);
#6440=AXIS2_PLACEMENT_3D('',#9707,#7264,#7265);
#6441=AXIS2_PLACEMENT_3D('',#9713,#7269,#7270);
#6442=AXIS2_PLACEMENT_3D('',#9719,#7274,#7275);
#6443=AXIS2_PLACEMENT_3D('',#9725,#7279,#7280);
#6444=AXIS2_PLACEMENT_3D('',#9731,#7284,#7285);
#6445=AXIS2_PLACEMENT_3D('',#9737,#7289,#7290);
#6446=AXIS2_PLACEMENT_3D('',#9743,#7294,#7295);
#6447=AXIS2_PLACEMENT_3D('',#9746,#7298,#7299);
#6448=AXIS2_PLACEMENT_3D('',#10207,#7320,#7321);
#6449=AXIS2_PLACEMENT_3D('',#10208,#7322,#7323);
#6450=AXIS2_PLACEMENT_3D('',#10493,#7340,#7341);
#6451=AXIS2_PLACEMENT_3D('',#10752,#7356,#7357);
#6452=AXIS2_PLACEMENT_3D('',#10758,#7361,#7362);
#6453=AXIS2_PLACEMENT_3D('',#10764,#7366,#7367);
#6454=AXIS2_PLACEMENT_3D('',#10770,#7371,#7372);
#6455=AXIS2_PLACEMENT_3D('',#10773,#7375,#7376);
#6456=AXIS2_PLACEMENT_3D('',#11053,#7390,#7391);
#6457=AXIS2_PLACEMENT_3D('',#11220,#7402,#7403);
#6458=AXIS2_PLACEMENT_3D('',#11387,#7414,#7415);
#6459=AXIS2_PLACEMENT_3D('',#11413,#7419,#7420);
#6460=AXIS2_PLACEMENT_3D('',#11414,#7421,#7422);
#6461=AXIS2_PLACEMENT_3D('',#11423,#7427,#7428);
#6462=AXIS2_PLACEMENT_3D('',#11429,#7432,#7433);
#6463=AXIS2_PLACEMENT_3D('',#11435,#7437,#7438);
#6464=AXIS2_PLACEMENT_3D('',#11441,#7442,#7443);
#6465=AXIS2_PLACEMENT_3D('',#11447,#7447,#7448);
#6466=AXIS2_PLACEMENT_3D('',#11450,#7451,#7452);
#6467=AXIS2_PLACEMENT_3D('',#11451,#7453,#7454);
#6468=AXIS2_PLACEMENT_3D('',#11460,#7459,#7460);
#6469=AXIS2_PLACEMENT_3D('',#11466,#7464,#7465);
#6470=AXIS2_PLACEMENT_3D('',#11472,#7469,#7470);
#6471=AXIS2_PLACEMENT_3D('',#11478,#7474,#7475);
#6472=AXIS2_PLACEMENT_3D('',#11484,#7479,#7480);
#6473=AXIS2_PLACEMENT_3D('',#11490,#7484,#7485);
#6474=AXIS2_PLACEMENT_3D('',#11496,#7489,#7490);
#6475=AXIS2_PLACEMENT_3D('',#11502,#7494,#7495);
#6476=AXIS2_PLACEMENT_3D('',#11508,#7499,#7500);
#6477=AXIS2_PLACEMENT_3D('',#11514,#7504,#7505);
#6478=AXIS2_PLACEMENT_3D('',#11520,#7509,#7510);
#6479=AXIS2_PLACEMENT_3D('',#11523,#7513,#7514);
#6480=AXIS2_PLACEMENT_3D('',#11524,#7515,#7516);
#6481=AXIS2_PLACEMENT_3D('',#11528,#7519,#7520);
#6482=AXIS2_PLACEMENT_3D('',#11529,#7521,#7522);
#6483=AXIS2_PLACEMENT_3D('',#11531,#7523,#7524);
#6484=AXIS2_PLACEMENT_3D('',#11533,#7526,#7527);
#6485=AXIS2_PLACEMENT_3D('',#11546,#7534,#7535);
#6486=AXIS2_PLACEMENT_3D('',#11548,#7536,#7537);
#6487=AXIS2_PLACEMENT_3D('',#11550,#7539,#7540);
#6488=AXIS2_PLACEMENT_3D('',#11563,#7547,#7548);
#6489=AXIS2_PLACEMENT_3D('',#11566,#7551,#7552);
#6490=AXIS2_PLACEMENT_3D('',#11567,#7553,#7554);
#6491=AXIS2_PLACEMENT_3D('',#11569,#7555,#7556);
#6492=AXIS2_PLACEMENT_3D('',#11598,#7557,#7558);
#6493=AXIS2_PLACEMENT_3D('',#11599,#7559,#7560);
#6494=AXIS2_PLACEMENT_3D('',#11602,#7563,#7564);
#6495=AXIS2_PLACEMENT_3D('',#11604,#7566,#7567);
#6496=AXIS2_PLACEMENT_3D('',#11606,#7569,#7570);
#6497=AXIS2_PLACEMENT_3D('',#11608,#7572,#7573);
#6498=AXIS2_PLACEMENT_3D('',#11610,#7575,#7576);
#6499=AXIS2_PLACEMENT_3D('',#11611,#7577,#7578);
#6500=AXIS2_PLACEMENT_3D('',#11614,#7581,#7582);
#6501=AXIS2_PLACEMENT_3D('',#11616,#7584,#7585);
#6502=AXIS2_PLACEMENT_3D('',#11618,#7587,#7588);
#6503=AXIS2_PLACEMENT_3D('',#11620,#7590,#7591);
#6504=AXIS2_PLACEMENT_3D('',#11622,#7593,#7594);
#6505=AXIS2_PLACEMENT_3D('',#11623,#7595,#7596);
#6506=AXIS2_PLACEMENT_3D('',#11624,#7597,#7598);
#6507=AXIS2_PLACEMENT_3D('',#11626,#7600,#7601);
#6508=AXIS2_PLACEMENT_3D('',#11678,#7603,#7604);
#6509=AXIS2_PLACEMENT_3D('',#11706,#7606,#7607);
#6510=AXIS2_PLACEMENT_3D('',#11734,#7609,#7610);
#6511=AXIS2_PLACEMENT_3D('',#11748,#7611,#7612);
#6512=AXIS2_PLACEMENT_3D('',#11755,#7613,#7614);
#6513=AXIS2_PLACEMENT_3D('',#11783,#7616,#7617);
#6514=AXIS2_PLACEMENT_3D('',#11790,#7618,#7619);
#6515=AXIS2_PLACEMENT_3D('',#11797,#7620,#7621);
#6516=AXIS2_PLACEMENT_3D('',#11799,#7623,#7624);
#6517=AXIS2_PLACEMENT_3D('',#11802,#7626,#7627);
#6518=AXIS2_PLACEMENT_3D('',#11803,#7628,#7629);
#6519=AXIS2_PLACEMENT_3D('',#11822,#7631,#7632);
#6520=AXIS2_PLACEMENT_3D('',#11823,#7633,#7634);
#6521=AXIS2_PLACEMENT_3D('',#11824,#7635,#7636);
#6522=AXIS2_PLACEMENT_3D('',#11825,#7637,#7638);
#6523=DIRECTION('axis',(0.,0.,1.));
#6524=DIRECTION('refdir',(1.,0.,0.));
#6525=DIRECTION('axis',(0.,0.,1.));
#6526=DIRECTION('refdir',(1.,0.,0.));
#6527=DIRECTION('center_axis',(1.,4.20774526332938E-14,1.42330424720005E-27));
#6528=DIRECTION('ref_axis',(0.,0.,-1.));
#6529=DIRECTION('center_axis',(-4.20774526332938E-14,1.,1.09516520223521E-16));
#6530=DIRECTION('ref_axis',(0.,-1.09516520223521E-16,1.));
#6531=DIRECTION('center_axis',(1.,4.20774526332938E-14,1.42330424720005E-27));
#6532=DIRECTION('ref_axis',(0.,0.,-1.));
#6533=DIRECTION('center_axis',(-4.20774526332938E-14,1.,1.09516520223521E-16));
#6534=DIRECTION('ref_axis',(0.,-1.09516520223521E-16,1.));
#6535=DIRECTION('center_axis',(4.7681157268112E-14,1.,-1.0408340855858E-15));
#6536=DIRECTION('ref_axis',(-1.30359264587772E-28,-1.0408340855858E-15,
-1.));
#6537=DIRECTION('',(-3.61111864572509E-30,1.0408340855858E-15,1.));
#6538=DIRECTION('',(-1.,4.7681157268112E-14,0.));
#6539=DIRECTION('',(3.61111864572509E-30,-1.0408340855858E-15,-1.));
#6540=DIRECTION('',(-1.,4.7681157268112E-14,0.));
#6541=DIRECTION('center_axis',(-1.,4.7681157268112E-14,0.));
#6542=DIRECTION('ref_axis',(4.7681157268112E-14,1.,7.84095011141542E-15));
#6543=DIRECTION('center_axis',(1.,3.46944695195361E-15,-8.75811540203058E-47));
#6544=DIRECTION('ref_axis',(4.7681157268112E-14,1.,7.84095011141542E-15));
#6545=DIRECTION('center_axis',(-1.,-3.46944695195361E-15,8.75811540203058E-47));
#6546=DIRECTION('ref_axis',(4.7681157268112E-14,1.,7.84095011141542E-15));
#6547=DIRECTION('',(-1.,4.7681157268112E-14,0.));
#6548=DIRECTION('center_axis',(-3.50705760989013E-29,-7.35522753814444E-16,
1.));
#6549=DIRECTION('ref_axis',(4.76840789076494E-14,1.,7.35522753814444E-16));
#6550=DIRECTION('',(3.46944695195361E-15,-1.,-7.35522753814444E-16));
#6551=DIRECTION('',(-3.46944695195361E-15,1.,7.35522753814444E-16));
#6552=DIRECTION('',(-1.,4.7681157268112E-14,0.));
#6553=DIRECTION('center_axis',(-1.,4.7681157268112E-14,0.));
#6554=DIRECTION('ref_axis',(-3.50705760989013E-29,-7.35522753814444E-16,
1.));
#6555=DIRECTION('center_axis',(1.,3.46944695195361E-15,-8.75811540203058E-47));
#6556=DIRECTION('ref_axis',(-3.50705760989013E-29,-7.35522753814444E-16,
1.));
#6557=DIRECTION('center_axis',(-1.,-3.46944695195361E-15,8.75811540203058E-47));
#6558=DIRECTION('ref_axis',(-3.50705760989013E-29,-7.35522753814444E-16,
1.));
#6559=DIRECTION('',(-1.,4.7681157268112E-14,0.));
#6560=DIRECTION('center_axis',(-4.7681157268112E-14,-1.,1.52655665885681E-16));
#6561=DIRECTION('ref_axis',(8.77607757058376E-29,1.52655665885681E-16,1.));
#6562=DIRECTION('',(5.29630734705525E-31,-1.52655665885681E-16,-1.));
#6563=DIRECTION('',(-5.29630734705525E-31,1.52655665885681E-16,1.));
#6564=DIRECTION('',(-1.,4.7681157268112E-14,0.));
#6565=DIRECTION('center_axis',(-1.,4.7681157268112E-14,0.));
#6566=DIRECTION('ref_axis',(-4.7681157268112E-14,-1.,-4.28823643261493E-15));
#6567=DIRECTION('center_axis',(1.,3.46944695195361E-15,-8.75811540203058E-47));
#6568=DIRECTION('ref_axis',(-4.7681157268112E-14,-1.,-4.28823643261493E-15));
#6569=DIRECTION('center_axis',(-1.,-3.46944695195361E-15,8.75811540203058E-47));
#6570=DIRECTION('ref_axis',(-4.7681157268112E-14,-1.,-4.28823643261493E-15));
#6571=DIRECTION('',(-1.,4.7681157268112E-14,0.));
#6572=DIRECTION('center_axis',(3.50705760989013E-29,7.35522753814444E-16,
-1.));
#6573=DIRECTION('ref_axis',(-4.76840789076494E-14,-1.,-7.35522753814444E-16));
#6574=DIRECTION('',(-3.46944695195361E-15,1.,7.35522753814444E-16));
#6575=DIRECTION('',(3.46944695195361E-15,-1.,-7.35522753814444E-16));
#6576=DIRECTION('',(-1.,4.7681157268112E-14,0.));
#6577=DIRECTION('center_axis',(-1.,4.7681157268112E-14,0.));
#6578=DIRECTION('ref_axis',(-1.34326923548559E-28,-2.81719092498608E-15,
-1.));
#6579=DIRECTION('center_axis',(1.,3.46944695195361E-15,-8.75811540203058E-47));
#6580=DIRECTION('ref_axis',(-1.34326923548559E-28,-2.81719092498608E-15,
-1.));
#6581=DIRECTION('center_axis',(-1.,-3.46944695195361E-15,8.75811540203058E-47));
#6582=DIRECTION('ref_axis',(-1.34326923548559E-28,-2.81719092498608E-15,
-1.));
#6583=DIRECTION('center_axis',(-3.5527136788005E-15,3.46389583683049E-14,
-1.));
#6584=DIRECTION('ref_axis',(-1.,0.,3.5527136788005E-15));
#6585=DIRECTION('',(3.46944695195361E-15,-1.,-2.22044604925034E-16));
#6586=DIRECTION('',(1.,3.46944695195361E-15,-3.55271367880038E-15));
#6587=DIRECTION('',(3.46944695195361E-15,-1.,-2.22044604925034E-16));
#6588=DIRECTION('',(1.,3.46944695195361E-15,-3.4139358007224E-15));
#6589=DIRECTION('center_axis',(-3.46944695195372E-15,3.44724249146112E-14,
-1.));
#6590=DIRECTION('ref_axis',(3.2424692578213E-15,-1.,-3.44724249146113E-14));
#6591=DIRECTION('',(3.2424692578213E-15,-1.,-3.44724249146113E-14));
#6592=DIRECTION('',(-1.,-3.29357003716151E-15,3.46944695195361E-15));
#6593=DIRECTION('',(3.2424692578213E-15,-1.,-3.44724249146113E-14));
#6594=DIRECTION('',(-1.,-3.29357003716151E-15,3.46944695195361E-15));
#6595=DIRECTION('center_axis',(1.,3.46944695195361E-15,-3.4139358007224E-15));
#6596=DIRECTION('ref_axis',(3.4139358007224E-15,-2.22044604925142E-16,1.));
#6597=DIRECTION('',(3.41393580072252E-15,-3.44825974311771E-14,1.));
#6598=DIRECTION('',(3.46944695195361E-15,-1.,-2.22044604925034E-16));
#6599=DIRECTION('',(3.4139358007224E-15,-2.22044604925142E-16,1.));
#6600=DIRECTION('center_axis',(1.,3.46944695195361E-15,-3.4139358007224E-15));
#6601=DIRECTION('ref_axis',(-4.19981509886773E-14,-1.,-2.9333471091037E-28));
#6602=DIRECTION('center_axis',(1.,3.46944695195361E-15,-3.4139358007224E-15));
#6603=DIRECTION('ref_axis',(-4.19981509886773E-14,-1.,-2.93336723310639E-28));
#6604=DIRECTION('center_axis',(3.4139358007224E-15,-2.22044604925022E-16,
1.));
#6605=DIRECTION('ref_axis',(-1.,-3.80251385934116E-15,3.4139358007224E-15));
#6606=DIRECTION('',(-1.,-3.46944695195361E-15,3.4139358007224E-15));
#6607=DIRECTION('',(3.46944695195361E-15,-1.,-2.22044604925034E-16));
#6608=DIRECTION('',(-1.,-3.80251385934116E-15,3.4139358007224E-15));
#6609=DIRECTION('center_axis',(-1.,-3.46944695195361E-15,4.43534098337754E-15));
#6610=DIRECTION('ref_axis',(-4.43534098337754E-15,1.88737914186429E-16,
-1.));
#6611=DIRECTION('',(4.43534098337754E-15,-2.22044604925028E-16,1.));
#6612=DIRECTION('',(3.46944695195361E-15,-1.,-2.22044604925034E-16));
#6613=DIRECTION('',(-4.43534098337766E-15,3.44825974311771E-14,-1.));
#6614=DIRECTION('center_axis',(-1.,-3.46944695195361E-15,4.43534098337754E-15));
#6615=DIRECTION('ref_axis',(-4.19981509886773E-14,-1.,-2.9333471091037E-28));
#6616=DIRECTION('center_axis',(-1.,-3.46944695195361E-15,4.43534098337754E-15));
#6617=DIRECTION('ref_axis',(-4.19981509886773E-14,-1.,-2.93336723310639E-28));
#6618=DIRECTION('center_axis',(1.,3.46944695195361E-15,-4.89423316688927E-15));
#6619=DIRECTION('ref_axis',(4.89423316688927E-15,-2.40548322002448E-16,
1.));
#6620=DIRECTION('',(4.89423316688939E-15,-3.44825974311771E-14,1.));
#6621=DIRECTION('',(3.46944695195361E-15,-1.,-2.22044604925034E-16));
#6622=DIRECTION('',(4.89423316688927E-15,-2.40548322002448E-16,1.));
#6623=DIRECTION('center_axis',(-4.0971499697225E-15,2.2204460492502E-16,
-1.));
#6624=DIRECTION('ref_axis',(1.,3.70003173399122E-15,-4.09714996972249E-15));
#6625=DIRECTION('',(1.,3.46944695195363E-15,-4.09714996972249E-15));
#6626=DIRECTION('',(3.46944695195361E-15,-1.,-2.22044604925034E-16));
#6627=DIRECTION('',(1.,3.70003173399122E-15,-4.09714996972249E-15));
#6628=DIRECTION('center_axis',(-1.,-3.46944695195361E-15,3.4139358007224E-15));
#6629=DIRECTION('ref_axis',(-3.4139358007224E-15,2.03540887847945E-16,-1.));
#6630=DIRECTION('',(-3.41393580072252E-15,3.44825974311771E-14,-1.));
#6631=DIRECTION('',(3.46944695195361E-15,-1.,-2.22044604925034E-16));
#6632=DIRECTION('',(-3.4139358007224E-15,2.03540887847945E-16,-1.));
#6633=DIRECTION('center_axis',(3.4139358007224E-15,-2.22044604925022E-16,
1.));
#6634=DIRECTION('ref_axis',(-1.,-3.58046925441613E-15,3.4139358007224E-15));
#6635=DIRECTION('',(-1.,-3.46944695195361E-15,3.4139358007224E-15));
#6636=DIRECTION('',(-1.,-3.58046925441613E-15,3.4139358007224E-15));
#6637=DIRECTION('center_axis',(1.,-4.19981509886773E-14,-6.02692499082228E-15));
#6638=DIRECTION('ref_axis',(-4.19981509886773E-14,-1.,-2.93336723310639E-28));
#6639=DIRECTION('center_axis',(-1.,4.19664303308297E-14,6.05019348424391E-15));
#6640=DIRECTION('ref_axis',(-4.19981509886773E-14,-1.,-2.93336723310639E-28));
#6641=DIRECTION('',(1.,-4.19981509886773E-14,-6.02692499082228E-15));
#6642=DIRECTION('center_axis',(1.,-4.19981509886773E-14,-6.02692499082228E-15));
#6643=DIRECTION('ref_axis',(-4.19981509886773E-14,-1.,-2.93336723310639E-28));
#6644=DIRECTION('',(1.,-4.19981509886774E-14,-6.02692499082228E-15));
#6645=DIRECTION('center_axis',(-1.,-3.46944695195361E-15,3.19041722629578E-44));
#6646=DIRECTION('ref_axis',(-4.19981509886773E-14,-1.,-2.93336723310639E-28));
#6647=DIRECTION('center_axis',(1.,-4.19981509886773E-14,-6.09036630651514E-15));
#6648=DIRECTION('ref_axis',(-4.19981509886773E-14,-1.,-2.9333471091037E-28));
#6649=DIRECTION('center_axis',(-1.,4.19664303308297E-14,6.05019348424391E-15));
#6650=DIRECTION('ref_axis',(-4.19981509886773E-14,-1.,-2.9333471091037E-28));
#6651=DIRECTION('',(1.,-4.19981509886773E-14,-6.09036630651514E-15));
#6652=DIRECTION('center_axis',(1.,-4.19981509886773E-14,-6.09036630651514E-15));
#6653=DIRECTION('ref_axis',(-4.19981509886773E-14,-1.,-2.9333471091037E-28));
#6654=DIRECTION('',(1.,-4.19981509886773E-14,-6.09036630651514E-15));
#6655=DIRECTION('center_axis',(-1.,-3.46944695195361E-15,3.19041722629578E-44));
#6656=DIRECTION('ref_axis',(-4.19981509886773E-14,-1.,-2.9333471091037E-28));
#6657=DIRECTION('center_axis',(-1.,4.19664303308297E-14,6.05019348424391E-15));
#6658=DIRECTION('ref_axis',(-4.19664303308297E-14,-1.,-2.93527901336146E-28));
#6659=DIRECTION('',(1.57435939102484E-14,0.499999999999997,-0.86602540378444));
#6660=DIRECTION('',(-2.62228364205811E-14,-0.499999999999998,-0.86602540378444));
#6661=DIRECTION('',(-4.19664303308297E-14,-1.,-2.93527901336146E-28));
#6662=DIRECTION('',(-1.57435939102485E-14,-0.499999999999999,0.866025403784439));
#6663=DIRECTION('',(2.62228364205811E-14,0.5,0.866025403784439));
#6664=DIRECTION('',(4.19664303308297E-14,1.,2.93527901336146E-28));
#6665=DIRECTION('center_axis',(-3.88558982114937E-14,-0.86602540378444,
-0.499999999999997));
#6666=DIRECTION('ref_axis',(1.57435939102484E-14,0.499999999999997,-0.86602540378444));
#6667=DIRECTION('',(-1.73472347597679E-15,0.499999999999997,-0.86602540378444));
#6668=DIRECTION('',(1.,-4.14483262526725E-14,-5.9211894646675E-15));
#6669=DIRECTION('',(1.,-4.14483262526725E-14,-5.9211894646675E-15));
#6670=DIRECTION('center_axis',(-5.9211894646675E-15,5.42019086480758E-28,
-1.));
#6671=DIRECTION('ref_axis',(4.19664303308297E-14,1.,2.93527901336146E-28));
#6672=DIRECTION('',(-3.46944695195361E-15,1.,5.62562339220888E-28));
#6673=DIRECTION('',(1.,-4.14483262526725E-14,-5.9211894646675E-15));
#6674=DIRECTION('center_axis',(3.29347087468261E-14,0.866025403784439,-0.5));
#6675=DIRECTION('ref_axis',(2.62228364205811E-14,0.5,0.866025403784439));
#6676=DIRECTION('',(-1.73472347597681E-15,0.5,0.866025403784439));
#6677=DIRECTION('',(1.,-4.14483262526725E-14,-5.9211894646675E-15));
#6678=DIRECTION('center_axis',(3.88558982114936E-14,0.866025403784439,0.5));
#6679=DIRECTION('ref_axis',(-1.57435939102485E-14,-0.499999999999999,0.866025403784439));
#6680=DIRECTION('',(1.7347234759768E-15,-0.499999999999999,0.866025403784439));
#6681=DIRECTION('',(1.,-4.14483262526725E-14,-5.9211894646675E-15));
#6682=DIRECTION('center_axis',(5.9211894646675E-15,-5.42019086480758E-28,
1.));
#6683=DIRECTION('ref_axis',(-4.19664303308297E-14,-1.,-2.93527901336146E-28));
#6684=DIRECTION('',(3.46944695195361E-15,-1.,-5.62562339220888E-28));
#6685=DIRECTION('',(1.,-4.14483262526725E-14,-5.9211894646675E-15));
#6686=DIRECTION('center_axis',(-3.29347087468262E-14,-0.86602540378444,
0.499999999999998));
#6687=DIRECTION('ref_axis',(-2.62228364205811E-14,-0.499999999999998,-0.86602540378444));
#6688=DIRECTION('',(1.7347234759768E-15,-0.499999999999998,-0.86602540378444));
#6689=DIRECTION('center_axis',(-1.,4.19664303308297E-14,6.05019348424391E-15));
#6690=DIRECTION('ref_axis',(-4.19664303308297E-14,-1.,-2.93527901336146E-28));
#6691=DIRECTION('',(1.57435939102484E-14,0.499999999999997,-0.86602540378444));
#6692=DIRECTION('',(-2.62228364205811E-14,-0.499999999999998,-0.86602540378444));
#6693=DIRECTION('',(-4.19664303308297E-14,-1.,-2.93527901336146E-28));
#6694=DIRECTION('',(-1.57435939102485E-14,-0.499999999999999,0.866025403784439));
#6695=DIRECTION('',(2.62228364205811E-14,0.5,0.866025403784439));
#6696=DIRECTION('',(4.19664303308297E-14,1.,2.93527901336146E-28));
#6697=DIRECTION('center_axis',(-3.88558982114937E-14,-0.86602540378444,
-0.499999999999997));
#6698=DIRECTION('ref_axis',(1.57435939102484E-14,0.499999999999997,-0.86602540378444));
#6699=DIRECTION('',(-1.73472347597679E-15,0.499999999999997,-0.86602540378444));
#6700=DIRECTION('',(1.,-4.14483262526725E-14,-5.9211894646675E-15));
#6701=DIRECTION('',(1.,-4.14483262526725E-14,-5.9211894646675E-15));
#6702=DIRECTION('center_axis',(-5.9211894646675E-15,5.42019086480758E-28,
-1.));
#6703=DIRECTION('ref_axis',(4.19664303308297E-14,1.,2.93527901336146E-28));
#6704=DIRECTION('',(-3.46944695195361E-15,1.,5.62562339220888E-28));
#6705=DIRECTION('',(1.,-4.14483262526725E-14,-5.9211894646675E-15));
#6706=DIRECTION('center_axis',(3.29347087468261E-14,0.866025403784439,-0.5));
#6707=DIRECTION('ref_axis',(2.62228364205811E-14,0.5,0.866025403784439));
#6708=DIRECTION('',(-1.73472347597681E-15,0.5,0.866025403784439));
#6709=DIRECTION('',(1.,-4.14483262526725E-14,-5.9211894646675E-15));
#6710=DIRECTION('center_axis',(3.88558982114936E-14,0.866025403784439,0.5));
#6711=DIRECTION('ref_axis',(-1.57435939102485E-14,-0.499999999999999,0.866025403784439));
#6712=DIRECTION('',(1.7347234759768E-15,-0.499999999999999,0.866025403784439));
#6713=DIRECTION('',(1.,-4.14483262526725E-14,-5.9211894646675E-15));
#6714=DIRECTION('center_axis',(5.9211894646675E-15,-5.42019086480758E-28,
1.));
#6715=DIRECTION('ref_axis',(-4.19664303308297E-14,-1.,-2.93527901336146E-28));
#6716=DIRECTION('',(3.46944695195361E-15,-1.,-5.62562339220888E-28));
#6717=DIRECTION('',(1.,-4.14483262526725E-14,-5.9211894646675E-15));
#6718=DIRECTION('center_axis',(-3.29347087468262E-14,-0.86602540378444,
0.499999999999998));
#6719=DIRECTION('ref_axis',(-2.62228364205811E-14,-0.499999999999998,-0.86602540378444));
#6720=DIRECTION('',(1.7347234759768E-15,-0.499999999999998,-0.86602540378444));
#6721=DIRECTION('center_axis',(-3.44169137633799E-15,3.44169137633799E-14,
-1.));
#6722=DIRECTION('ref_axis',(-1.,0.,3.44169137633799E-15));
#6723=DIRECTION('',(-3.46944695195346E-15,1.,4.46309655899313E-14));
#6724=DIRECTION('',(-1.,-3.46944695195361E-15,3.44169137633787E-15));
#6725=DIRECTION('',(-2.27318164291996E-14,-1.,-2.22044604924945E-16));
#6726=DIRECTION('',(-1.,-3.46944695195361E-15,3.4139358007224E-15));
#6727=DIRECTION('center_axis',(1.,5.14711730027607E-15,-3.43614026121485E-15));
#6728=DIRECTION('ref_axis',(3.43614026121503E-15,-3.44724249146112E-14,
1.));
#6729=DIRECTION('',(-3.43614026121503E-15,3.44724249146112E-14,-1.));
#6730=DIRECTION('',(-3.46944695195346E-15,1.,4.46309655899313E-14));
#6731=DIRECTION('',(-3.43614026121503E-15,3.44607900816575E-14,-1.));
#6732=DIRECTION('center_axis',(1.,5.14711730027607E-15,-3.43614026121485E-15));
#6733=DIRECTION('ref_axis',(-4.19347096729845E-14,-1.,-2.93721091761907E-28));
#6734=DIRECTION('center_axis',(1.,5.14711730027607E-15,-3.43614026121485E-15));
#6735=DIRECTION('ref_axis',(-4.19347096729845E-14,-1.,-2.93719079361639E-28));
#6736=DIRECTION('center_axis',(1.,5.14711730027609E-15,-4.15408448380578E-15));
#6737=DIRECTION('ref_axis',(4.15408448380596E-15,-3.44724249146112E-14,
1.));
#6738=DIRECTION('',(-3.46944695195346E-15,1.,4.46309655899313E-14));
#6739=DIRECTION('',(-4.15408448380596E-15,3.44724249146112E-14,-1.));
#6740=DIRECTION('',(-3.46944695195346E-15,1.,4.46309655899313E-14));
#6741=DIRECTION('',(-4.15408448380596E-15,3.44607900816575E-14,-1.));
#6742=DIRECTION('center_axis',(-4.09714996972262E-15,3.44662570089188E-14,
-1.));
#6743=DIRECTION('ref_axis',(1.,5.19029264012262E-15,-4.09714996972244E-15));
#6744=DIRECTION('',(-1.,-3.46944695195363E-15,4.0971499697225E-15));
#6745=DIRECTION('',(-1.,-5.19029264012262E-15,4.09714996972244E-15));
#6746=DIRECTION('',(-3.46944695195346E-15,1.,4.46309655899313E-14));
#6747=DIRECTION('center_axis',(-1.,-5.14711730027607E-15,3.41393580072235E-15));
#6748=DIRECTION('ref_axis',(-3.41393580072253E-15,3.44724249146112E-14,
-1.));
#6749=DIRECTION('',(-3.46944695195346E-15,1.,4.46309655899313E-14));
#6750=DIRECTION('',(3.41393580072253E-15,-3.44607900816575E-14,1.));
#6751=DIRECTION('',(3.41393580072253E-15,-3.44724249146112E-14,1.));
#6752=DIRECTION('center_axis',(3.41393580072253E-15,-3.44662570089188E-14,
1.));
#6753=DIRECTION('ref_axis',(-1.,-5.1902926401226E-15,3.41393580072235E-15));
#6754=DIRECTION('',(5.14711730027595E-15,-1.,-3.44662570089188E-14));
#6755=DIRECTION('',(1.,3.46944695195361E-15,-3.41393580072241E-15));
#6756=DIRECTION('',(1.,5.1902926401226E-15,-3.41393580072235E-15));
#6757=DIRECTION('center_axis',(3.41393580072253E-15,-3.44662570089188E-14,
1.));
#6758=DIRECTION('ref_axis',(-1.,-5.1902926401226E-15,3.41393580072235E-15));
#6759=DIRECTION('',(1.,3.46944695195361E-15,-3.41393580072241E-15));
#6760=DIRECTION('',(1.,5.1902926401226E-15,-3.41393580072235E-15));
#6761=DIRECTION('center_axis',(-1.,-5.14711730027625E-15,8.75410854916935E-15));
#6762=DIRECTION('ref_axis',(-8.75410854916953E-15,3.44724249146111E-14,
-1.));
#6763=DIRECTION('',(8.75410854916953E-15,-3.44607900816575E-14,1.));
#6764=DIRECTION('',(6.66133814775274E-15,4.46309655899313E-14,-1.));
#6765=DIRECTION('center_axis',(-1.,-5.14711730027625E-15,8.75410854916935E-15));
#6766=DIRECTION('ref_axis',(-4.19347096729845E-14,-1.,-2.93719079361639E-28));
#6767=DIRECTION('center_axis',(-1.,-5.14711730027625E-15,8.75410854916935E-15));
#6768=DIRECTION('ref_axis',(-4.19347096729845E-14,-1.,-2.93721091761907E-28));
#6769=DIRECTION('center_axis',(1.,-4.19347096729845E-14,-6.09036630651514E-15));
#6770=DIRECTION('ref_axis',(-4.19347096729845E-14,-1.,-2.93721091761907E-28));
#6771=DIRECTION('center_axis',(-1.,4.19664303308297E-14,6.05019348424391E-15));
#6772=DIRECTION('ref_axis',(-4.19347096729845E-14,-1.,-2.93721091761907E-28));
#6773=DIRECTION('',(1.,-4.19347096729845E-14,-6.09036630651514E-15));
#6774=DIRECTION('center_axis',(1.,-4.19347096729845E-14,-6.09036630651514E-15));
#6775=DIRECTION('ref_axis',(-4.19347096729845E-14,-1.,-2.93721091761907E-28));
#6776=DIRECTION('',(1.,-4.19347096729845E-14,-6.09036630651514E-15));
#6777=DIRECTION('center_axis',(-1.,-3.46944695195361E-15,3.19041722629578E-44));
#6778=DIRECTION('ref_axis',(-4.19347096729845E-14,-1.,-2.93721091761907E-28));
#6779=DIRECTION('center_axis',(1.,-4.19347096729845E-14,-6.02692499082228E-15));
#6780=DIRECTION('ref_axis',(-4.19347096729845E-14,-1.,-2.93719079361639E-28));
#6781=DIRECTION('center_axis',(-1.,4.19664303308297E-14,6.05019348424391E-15));
#6782=DIRECTION('ref_axis',(-4.19347096729845E-14,-1.,-2.93719079361639E-28));
#6783=DIRECTION('',(1.,-4.19347096729845E-14,-6.02692499082228E-15));
#6784=DIRECTION('center_axis',(1.,-4.19347096729845E-14,-6.02692499082228E-15));
#6785=DIRECTION('ref_axis',(-4.19347096729845E-14,-1.,-2.93719079361639E-28));
#6786=DIRECTION('',(1.,-4.19347096729845E-14,-6.02692499082228E-15));
#6787=DIRECTION('center_axis',(-1.,-3.46944695195361E-15,3.19041722629578E-44));
#6788=DIRECTION('ref_axis',(-4.19347096729845E-14,-1.,-2.93719079361639E-28));
#6789=DIRECTION('center_axis',(-1.,4.19664303308297E-14,6.05019348424391E-15));
#6790=DIRECTION('ref_axis',(-4.19664303308297E-14,-1.,-2.93527901336146E-28));
#6791=DIRECTION('',(-1.57435939102483E-14,-0.499999999999996,0.866025403784441));
#6792=DIRECTION('',(2.62228364205811E-14,0.499999999999998,0.86602540378444));
#6793=DIRECTION('',(4.19664303308297E-14,1.,2.93527901336146E-28));
#6794=DIRECTION('',(1.57435939102485E-14,0.5,-0.866025403784438));
#6795=DIRECTION('',(-2.62228364205812E-14,-0.5,-0.866025403784438));
#6796=DIRECTION('',(-4.19664303308297E-14,-1.,-2.93527901336146E-28));
#6797=DIRECTION('center_axis',(3.88558982114937E-14,0.866025403784441,0.499999999999996));
#6798=DIRECTION('ref_axis',(-1.57435939102483E-14,-0.499999999999996,0.866025403784441));
#6799=DIRECTION('',(1.73472347597679E-15,-0.499999999999996,0.866025403784441));
#6800=DIRECTION('',(1.,-4.14483262526725E-14,-5.9211894646675E-15));
#6801=DIRECTION('',(1.,-4.14483262526725E-14,-5.9211894646675E-15));
#6802=DIRECTION('center_axis',(5.9211894646675E-15,-5.42019086480758E-28,
1.));
#6803=DIRECTION('ref_axis',(-4.19664303308297E-14,-1.,-2.93527901336146E-28));
#6804=DIRECTION('',(3.46944695195361E-15,-1.,-5.62562339220888E-28));
#6805=DIRECTION('',(1.,-4.14483262526725E-14,-5.9211894646675E-15));
#6806=DIRECTION('center_axis',(-3.29347087468261E-14,-0.866025403784438,
0.5));
#6807=DIRECTION('ref_axis',(-2.62228364205812E-14,-0.5,-0.866025403784438));
#6808=DIRECTION('',(1.73472347597681E-15,-0.5,-0.866025403784438));
#6809=DIRECTION('',(1.,-4.14483262526725E-14,-5.9211894646675E-15));
#6810=DIRECTION('center_axis',(-3.88558982114936E-14,-0.866025403784438,
-0.5));
#6811=DIRECTION('ref_axis',(1.57435939102485E-14,0.5,-0.866025403784438));
#6812=DIRECTION('',(-1.73472347597681E-15,0.5,-0.866025403784438));
#6813=DIRECTION('',(1.,-4.14483262526725E-14,-5.9211894646675E-15));
#6814=DIRECTION('center_axis',(-5.9211894646675E-15,5.42019086480758E-28,
-1.));
#6815=DIRECTION('ref_axis',(4.19664303308297E-14,1.,2.93527901336146E-28));
#6816=DIRECTION('',(-3.46944695195361E-15,1.,5.62562339220888E-28));
#6817=DIRECTION('',(1.,-4.14483262526725E-14,-5.9211894646675E-15));
#6818=DIRECTION('center_axis',(3.29347087468262E-14,0.86602540378444,-0.499999999999998));
#6819=DIRECTION('ref_axis',(2.62228364205811E-14,0.499999999999998,0.86602540378444));
#6820=DIRECTION('',(-1.7347234759768E-15,0.499999999999998,0.86602540378444));
#6821=DIRECTION('center_axis',(-1.,4.19664303308297E-14,6.05019348424391E-15));
#6822=DIRECTION('ref_axis',(-4.19664303308297E-14,-1.,-2.93527901336146E-28));
#6823=DIRECTION('',(1.57435939102483E-14,0.499999999999996,-0.866025403784441));
#6824=DIRECTION('',(-2.62228364205811E-14,-0.499999999999998,-0.86602540378444));
#6825=DIRECTION('',(-4.19664303308297E-14,-1.,-2.93527901336146E-28));
#6826=DIRECTION('',(-1.57435939102485E-14,-0.5,0.866025403784438));
#6827=DIRECTION('',(2.62228364205812E-14,0.5,0.866025403784438));
#6828=DIRECTION('',(4.19664303308297E-14,1.,2.93527901336146E-28));
#6829=DIRECTION('center_axis',(-3.88558982114937E-14,-0.866025403784441,
-0.499999999999996));
#6830=DIRECTION('ref_axis',(1.57435939102483E-14,0.499999999999996,-0.866025403784441));
#6831=DIRECTION('',(-1.73472347597679E-15,0.499999999999996,-0.866025403784441));
#6832=DIRECTION('',(1.,-4.14483262526725E-14,-5.9211894646675E-15));
#6833=DIRECTION('',(1.,-4.14483262526725E-14,-5.9211894646675E-15));
#6834=DIRECTION('center_axis',(-5.9211894646675E-15,5.42019086480758E-28,
-1.));
#6835=DIRECTION('ref_axis',(4.19664303308297E-14,1.,2.93527901336146E-28));
#6836=DIRECTION('',(-3.46944695195361E-15,1.,5.62562339220888E-28));
#6837=DIRECTION('',(1.,-4.14483262526725E-14,-5.9211894646675E-15));
#6838=DIRECTION('center_axis',(3.29347087468261E-14,0.866025403784438,-0.5));
#6839=DIRECTION('ref_axis',(2.62228364205812E-14,0.5,0.866025403784438));
#6840=DIRECTION('',(-1.73472347597681E-15,0.5,0.866025403784438));
#6841=DIRECTION('',(1.,-4.14483262526725E-14,-5.9211894646675E-15));
#6842=DIRECTION('center_axis',(3.88558982114936E-14,0.866025403784438,0.5));
#6843=DIRECTION('ref_axis',(-1.57435939102485E-14,-0.5,0.866025403784438));
#6844=DIRECTION('',(1.73472347597681E-15,-0.5,0.866025403784438));
#6845=DIRECTION('',(1.,-4.14483262526725E-14,-5.9211894646675E-15));
#6846=DIRECTION('center_axis',(5.9211894646675E-15,-5.42019086480758E-28,
1.));
#6847=DIRECTION('ref_axis',(-4.19664303308297E-14,-1.,-2.93527901336146E-28));
#6848=DIRECTION('',(3.46944695195361E-15,-1.,-5.62562339220888E-28));
#6849=DIRECTION('',(1.,-4.14483262526725E-14,-5.9211894646675E-15));
#6850=DIRECTION('center_axis',(-3.29347087468262E-14,-0.86602540378444,
0.499999999999998));
#6851=DIRECTION('ref_axis',(-2.62228364205811E-14,-0.499999999999998,-0.86602540378444));
#6852=DIRECTION('',(1.7347234759768E-15,-0.499999999999998,-0.86602540378444));
#6853=DIRECTION('center_axis',(-3.46944695195346E-15,1.,4.46309655899313E-14));
#6854=DIRECTION('ref_axis',(-1.,-3.46944695195361E-15,3.46944695195361E-15));
#6855=DIRECTION('center_axis',(3.46944695195361E-15,-1.,-2.22044604925043E-16));
#6856=DIRECTION('ref_axis',(1.,3.46944695195361E-15,-3.46944695195361E-15));
#6857=DIRECTION('center_axis',(1.,3.46944695195361E-15,-8.75811540203058E-47));
#6858=DIRECTION('ref_axis',(-3.46944695195361E-15,1.,1.89326617253043E-29));
#6859=DIRECTION('',(1.19031715026864E-28,-3.44169137633799E-14,1.));
#6860=DIRECTION('',(4.62036840945895E-16,-0.133173052461784,0.991092799942574));
#6861=DIRECTION('center_axis',(1.,3.46944695195361E-15,-8.75811540203058E-47));
#6862=DIRECTION('ref_axis',(-1.34768296310061E-16,0.869949544917658,0.493140739847723));
#6863=DIRECTION('',(4.62036840945708E-16,-0.13317305246173,-0.991092799942581));
#6864=DIRECTION('',(3.48055434446684E-15,-3.49165141244613E-14,1.));
#6865=DIRECTION('center_axis',(-1.,-3.46944695195361E-15,8.75811540203058E-47));
#6866=DIRECTION('ref_axis',(-3.40468394218381E-15,1.,1.89223498180465E-29));
#6867=DIRECTION('center_axis',(-1.84889274661424E-32,1.89326617253043E-29,
-1.));
#6868=DIRECTION('ref_axis',(3.46944695195361E-15,-1.,-1.89326617253043E-29));
#6869=DIRECTION('',(-4.44089209850062E-15,1.,1.89573136285924E-29));
#6870=DIRECTION('',(-1.,2.76101316827354E-30,-1.84889274660761E-32));
#6871=DIRECTION('',(-4.44089209850062E-15,1.,1.89573136285924E-29));
#6872=DIRECTION('',(1.,-2.76101316827354E-30,1.84889274660761E-32));
#6873=DIRECTION('center_axis',(-1.,3.15544362088405E-30,-1.8488927466076E-32));
#6874=DIRECTION('ref_axis',(-3.15544362088405E-30,-1.,-1.89326617253043E-29));
#6875=DIRECTION('center_axis',(1.,-3.15544362088405E-30,1.8488927466076E-32));
#6876=DIRECTION('ref_axis',(-3.40468394218381E-15,1.,1.89223498180465E-29));
#6877=DIRECTION('',(-1.84889274661424E-32,1.89326617253043E-29,-1.));
#6878=DIRECTION('',(5.41237452675263E-32,1.467657853442E-15,1.));
#6879=DIRECTION('',(9.86076131526265E-31,0.5,-0.866025403784439));
#6880=DIRECTION('',(2.76101316827354E-30,1.,1.43254583822603E-15));
#6881=DIRECTION('',(1.57772181044202E-30,0.499999999999999,0.866025403784439));
#6882=DIRECTION('',(-1.18329135783152E-30,-0.500000000000001,0.866025403784438));
#6883=DIRECTION('',(-2.76101316827354E-30,-1.,-1.43254583822603E-15));
#6884=DIRECTION('',(-1.57772181044202E-30,-0.5,-0.866025403784439));
#6885=DIRECTION('',(9.86076131526265E-31,0.5,-0.866025403784439));
#6886=DIRECTION('',(2.76101316827354E-30,1.,1.43254583822603E-15));
#6887=DIRECTION('',(1.57772181044202E-30,0.499999999999999,0.866025403784439));
#6888=DIRECTION('',(-1.18329135783152E-30,-0.500000000000001,0.866025403784438));
#6889=DIRECTION('',(-2.76101316827354E-30,-1.,-1.43254583822603E-15));
#6890=DIRECTION('',(-1.57772181044202E-30,-0.5,-0.866025403784439));
#6891=DIRECTION('center_axis',(-1.,2.36658271566304E-30,3.7594152514443E-31));
#6892=DIRECTION('ref_axis',(-2.36658271566304E-30,-1.,-1.89326617253043E-29));
#6893=DIRECTION('',(2.76101316827354E-30,1.,1.89326617253043E-29));
#6894=DIRECTION('',(1.84889274661424E-32,-1.89326617253043E-29,1.));
#6895=DIRECTION('center_axis',(1.,-2.36658271566304E-30,-3.7594152514443E-31));
#6896=DIRECTION('ref_axis',(-3.40468394218381E-15,1.,1.89223498180465E-29));
#6897=DIRECTION('center_axis',(-1.,3.15544362088405E-30,-4.12919380076582E-31));
#6898=DIRECTION('ref_axis',(-2.93450063612345E-30,-0.917016790616634,0.398848600006529));
#6899=DIRECTION('',(-1.61282817769474E-31,-2.45995289316124E-15,-1.));
#6900=DIRECTION('',(-2.76101316827354E-30,-1.,1.43254583822599E-15));
#6901=DIRECTION('',(4.20242221695414E-31,2.49899976448126E-15,1.));
#6902=DIRECTION('center_axis',(-1.,3.15544362088405E-30,-4.12919380076582E-31));
#6903=DIRECTION('ref_axis',(-8.25328303909719E-31,-0.0455658401899408,0.998961337694199));
#6904=DIRECTION('center_axis',(1.,-2.36658271566304E-30,-3.7594152514443E-31));
#6905=DIRECTION('ref_axis',(-3.40468394218381E-15,1.,1.89223498180465E-29));
#6906=DIRECTION('',(-5.41237452675263E-32,-1.467657853442E-15,-1.));
#6907=DIRECTION('center_axis',(1.84889274661424E-32,-1.89326617253043E-29,
1.));
#6908=DIRECTION('ref_axis',(2.76101316827354E-30,1.,1.89326617253043E-29));
#6909=DIRECTION('',(-3.15544362088405E-30,-1.,-1.89326617253043E-29));
#6910=DIRECTION('',(-1.,2.76101316827354E-30,-1.84889274660761E-32));
#6911=DIRECTION('',(-1.,2.76101316827354E-30,-1.84889274660761E-32));
#6912=DIRECTION('center_axis',(-1.,3.15544362088405E-30,-1.8488927466076E-32));
#6913=DIRECTION('ref_axis',(-3.15544362088405E-30,-1.,-1.89326617253043E-29));
#6914=DIRECTION('center_axis',(1.,-3.15544362088405E-30,1.8488927466076E-32));
#6915=DIRECTION('ref_axis',(2.76101316827354E-30,1.,1.89326617253043E-29));
#6916=DIRECTION('',(-4.44089209850062E-15,1.,1.89573136285924E-29));
#6917=DIRECTION('',(-1.84889274661424E-32,1.89326617253043E-29,-1.));
#6918=DIRECTION('',(5.41237452675263E-32,1.467657853442E-15,1.));
#6919=DIRECTION('',(-4.44089209850062E-15,1.,1.89573136285924E-29));
#6920=DIRECTION('',(1.18329135783152E-30,0.5,-0.866025403784438));
#6921=DIRECTION('',(2.76101316827354E-30,1.,7.16272919113023E-16));
#6922=DIRECTION('',(1.57772181044202E-30,0.499999999999999,0.866025403784439));
#6923=DIRECTION('',(-1.18329135783152E-30,-0.500000000000001,0.866025403784438));
#6924=DIRECTION('',(-2.76101316827354E-30,-1.,-7.16272919113023E-16));
#6925=DIRECTION('',(-1.57772181044202E-30,-0.5,-0.866025403784439));
#6926=DIRECTION('',(1.18329135783152E-30,0.5,-0.866025403784438));
#6927=DIRECTION('',(2.76101316827354E-30,1.,7.16272919113023E-16));
#6928=DIRECTION('',(1.57772181044202E-30,0.499999999999999,0.866025403784439));
#6929=DIRECTION('',(-1.18329135783152E-30,-0.500000000000001,0.866025403784438));
#6930=DIRECTION('',(-2.76101316827354E-30,-1.,-7.16272919113023E-16));
#6931=DIRECTION('',(-1.57772181044202E-30,-0.5,-0.866025403784439));
#6932=DIRECTION('center_axis',(-1.,-3.46944695195361E-15,8.75811540203058E-47));
#6933=DIRECTION('ref_axis',(3.46944695195361E-15,-1.,-1.89326617253043E-29));
#6934=DIRECTION('center_axis',(-1.,-3.46944695195361E-15,8.75811540203058E-47));
#6935=DIRECTION('ref_axis',(-3.40468394218381E-15,1.,1.89223498180465E-29));
#6936=DIRECTION('center_axis',(1.,3.46944695195361E-15,-8.75811540203058E-47));
#6937=DIRECTION('ref_axis',(-2.16757171139628E-15,0.624760009711559,0.780816835285467));
#6938=DIRECTION('',(-9.71252552838514E-30,2.80477395694774E-15,1.));
#6939=DIRECTION('',(3.46944695195361E-15,-1.,2.96059473233373E-15));
#6940=DIRECTION('',(9.66996077975134E-30,-2.79250550343822E-15,-1.));
#6941=DIRECTION('center_axis',(1.,3.46944695195361E-15,-8.75811540203058E-47));
#6942=DIRECTION('ref_axis',(2.16757171139625E-15,-0.624760009711551,0.780816835285473));
#6943=DIRECTION('',(-1.90800535511314E-31,-2.79250550343822E-15,-1.));
#6944=DIRECTION('',(4.44089209850062E-15,-1.,-1.89573136285924E-29));
#6945=DIRECTION('center_axis',(-1.,-3.46944695195361E-15,8.75811540203058E-47));
#6946=DIRECTION('ref_axis',(2.76101316827354E-30,1.,1.89326617253043E-29));
#6947=DIRECTION('',(4.44089209850062E-15,-1.,-1.89573136285924E-29));
#6948=DIRECTION('',(1.84889274661424E-32,-1.89326617253043E-29,1.));
#6949=DIRECTION('center_axis',(1.,3.46944695195361E-15,-8.75811540203058E-47));
#6950=DIRECTION('ref_axis',(3.46944695195361E-15,-1.,-1.89408790264003E-29));
#6951=DIRECTION('center_axis',(1.,3.46944695195361E-15,-8.75811540203058E-47));
#6952=DIRECTION('ref_axis',(3.46944695195361E-15,-1.,-1.89408790264003E-29));
#6953=DIRECTION('center_axis',(1.,3.46944695195361E-15,-8.75811540203058E-47));
#6954=DIRECTION('ref_axis',(3.46944695195361E-15,-1.,-1.89408790264003E-29));
#6955=DIRECTION('center_axis',(1.,3.46944695195361E-15,-8.75811540203058E-47));
#6956=DIRECTION('ref_axis',(3.46944695195361E-15,-1.,-1.89408790264003E-29));
#6957=DIRECTION('center_axis',(-1.,2.76101316827354E-30,-1.84889274660761E-32));
#6958=DIRECTION('ref_axis',(2.76101316827354E-30,1.,1.89326617253043E-29));
#6959=DIRECTION('',(1.,-2.76101316827354E-30,1.84889274660761E-32));
#6960=DIRECTION('',(-1.,2.76101316827354E-30,-1.84889274660761E-32));
#6961=DIRECTION('center_axis',(1.84889274661424E-32,-1.89326617253043E-29,
1.));
#6962=DIRECTION('ref_axis',(1.,-2.76101316827354E-30,1.84889274660761E-32));
#6963=DIRECTION('',(1.,-2.76101316827354E-30,1.84889274660761E-32));
#6964=DIRECTION('center_axis',(2.76101316827354E-30,0.866025403784439,-0.5));
#6965=DIRECTION('ref_axis',(1.57772181044202E-30,0.5,0.866025403784439));
#6966=DIRECTION('',(-1.7347234759768E-15,0.5,0.866025403784439));
#6967=DIRECTION('',(1.,-2.76101316827354E-30,1.84889274660761E-32));
#6968=DIRECTION('',(1.,-2.76101316827354E-30,1.84889274660761E-32));
#6969=DIRECTION('center_axis',(2.76101316827354E-30,0.866025403784439,0.5));
#6970=DIRECTION('ref_axis',(-9.86076131526265E-31,-0.5,0.866025403784439));
#6971=DIRECTION('',(1.73472347597681E-15,-0.5,0.866025403784439));
#6972=DIRECTION('',(1.,-2.76101316827354E-30,1.84889274660761E-32));
#6973=DIRECTION('center_axis',(2.55465288107125E-31,-1.43254583822603E-15,
1.));
#6974=DIRECTION('ref_axis',(-2.76101316827354E-30,-1.,-1.43254583822603E-15));
#6975=DIRECTION('',(3.46944695195361E-15,-1.,-1.43254583822603E-15));
#6976=DIRECTION('',(1.,-2.76101316827354E-30,1.84889274660761E-32));
#6977=DIRECTION('center_axis',(-2.36658271566304E-30,-0.866025403784439,
0.499999999999999));
#6978=DIRECTION('ref_axis',(-1.57772181044202E-30,-0.499999999999999,-0.866025403784439));
#6979=DIRECTION('',(1.7347234759768E-15,-0.499999999999999,-0.866025403784439));
#6980=DIRECTION('',(1.,-2.76101316827354E-30,1.84889274660761E-32));
#6981=DIRECTION('center_axis',(-2.36658271566304E-30,-0.866025403784438,
-0.500000000000001));
#6982=DIRECTION('ref_axis',(1.18329135783152E-30,0.500000000000001,-0.866025403784438));
#6983=DIRECTION('',(-1.73472347597681E-15,0.500000000000001,-0.866025403784438));
#6984=DIRECTION('',(1.,-2.76101316827354E-30,1.84889274660761E-32));
#6985=DIRECTION('center_axis',(-2.55465288107125E-31,1.43254583822603E-15,
-1.));
#6986=DIRECTION('ref_axis',(2.76101316827354E-30,1.,1.43254583822603E-15));
#6987=DIRECTION('',(-3.46944695195361E-15,1.,1.43254583822603E-15));
#6988=DIRECTION('center_axis',(2.76101316827354E-30,0.866025403784439,-0.5));
#6989=DIRECTION('ref_axis',(1.57772181044202E-30,0.5,0.866025403784439));
#6990=DIRECTION('',(-1.7347234759768E-15,0.5,0.866025403784439));
#6991=DIRECTION('',(1.,-2.76101316827354E-30,1.84889274660761E-32));
#6992=DIRECTION('',(1.,-2.76101316827354E-30,1.84889274660761E-32));
#6993=DIRECTION('center_axis',(2.36658271566304E-30,0.866025403784438,0.5));
#6994=DIRECTION('ref_axis',(-1.18329135783152E-30,-0.5,0.866025403784438));
#6995=DIRECTION('',(1.73472347597681E-15,-0.5,0.866025403784438));
#6996=DIRECTION('',(1.,-2.76101316827354E-30,1.84889274660761E-32));
#6997=DIRECTION('center_axis',(1.36977107786634E-31,-7.16272919113023E-16,
1.));
#6998=DIRECTION('ref_axis',(-2.76101316827354E-30,-1.,-7.16272919113023E-16));
#6999=DIRECTION('',(3.46944695195361E-15,-1.,-7.16272919113023E-16));
#7000=DIRECTION('',(1.,-2.76101316827354E-30,1.84889274660761E-32));
#7001=DIRECTION('center_axis',(-2.76101316827354E-30,-0.866025403784439,
0.499999999999999));
#7002=DIRECTION('ref_axis',(-1.57772181044202E-30,-0.499999999999999,-0.866025403784439));
#7003=DIRECTION('',(1.7347234759768E-15,-0.499999999999999,-0.866025403784439));
#7004=DIRECTION('',(1.,-2.76101316827354E-30,1.84889274660761E-32));
#7005=DIRECTION('center_axis',(-2.36658271566304E-30,-0.866025403784438,
-0.500000000000001));
#7006=DIRECTION('ref_axis',(1.18329135783152E-30,0.500000000000001,-0.866025403784438));
#7007=DIRECTION('',(-1.73472347597681E-15,0.500000000000001,-0.866025403784438));
#7008=DIRECTION('',(1.,-2.76101316827354E-30,1.84889274660761E-32));
#7009=DIRECTION('center_axis',(-1.36977107786634E-31,7.16272919113023E-16,
-1.));
#7010=DIRECTION('ref_axis',(2.76101316827354E-30,1.,7.16272919113023E-16));
#7011=DIRECTION('',(-3.46944695195361E-15,1.,7.16272919113023E-16));
#7012=DIRECTION('center_axis',(-1.,-3.46944695195361E-15,8.75811540203058E-47));
#7013=DIRECTION('ref_axis',(0.,0.,1.));
#7014=DIRECTION('center_axis',(-1.,-3.46944695195361E-15,8.75811540203058E-47));
#7015=DIRECTION('ref_axis',(2.16821980780191E-15,-0.624760009711551,0.780816835285473));
#7016=DIRECTION('center_axis',(-9.66996077975134E-30,2.79250550343822E-15,
1.));
#7017=DIRECTION('ref_axis',(0.707106781186544,0.707106781186551,-3.14018491736753E-15));
#7018=DIRECTION('center_axis',(-3.14018491736739E-15,0.707106781186508,
0.707106781186587));
#7019=DIRECTION('ref_axis',(-3.14018491736774E-15,0.707106781186587,-0.707106781186508));
#7020=DIRECTION('',(-9.66996077975134E-30,2.79250550343822E-15,1.));
#7021=DIRECTION('center_axis',(-3.46944695195361E-15,1.,-2.96059473233373E-15));
#7022=DIRECTION('ref_axis',(0.707106781186541,1.18329135783152E-29,-0.707106781186554));
#7023=DIRECTION('',(-3.46944695195361E-15,1.,-2.96059473233373E-15));
#7024=DIRECTION('center_axis',(1.97215226305253E-30,0.707106781186551,-0.707106781186544));
#7025=DIRECTION('ref_axis',(4.90653893338683E-15,-0.707106781186544,-0.707106781186551));
#7026=DIRECTION('center_axis',(1.,-2.76101316827354E-30,1.84889274660761E-32));
#7027=DIRECTION('ref_axis',(-2.20087547709258E-30,-0.917016790616634,0.398848600006529));
#7028=DIRECTION('',(1.,-2.76101316827354E-30,1.84889274660761E-32));
#7029=DIRECTION('',(-1.,2.76101316827354E-30,-1.84889274660761E-32));
#7030=DIRECTION('center_axis',(2.76101316827354E-30,1.,-2.79250550343822E-15));
#7031=DIRECTION('ref_axis',(1.90800535511312E-31,2.79250550343822E-15,1.));
#7032=DIRECTION('',(-1.,2.76101316827354E-30,-1.84889274660761E-32));
#7033=DIRECTION('center_axis',(-2.05432527405883E-33,-2.96059473233373E-15,
-1.));
#7034=DIRECTION('ref_axis',(2.76101316827354E-30,1.,-2.96059473233373E-15));
#7035=DIRECTION('',(-1.,2.76101316827354E-30,-1.84889274660761E-32));
#7036=DIRECTION('center_axis',(-2.76101316827354E-30,-1.,2.79250550343822E-15));
#7037=DIRECTION('ref_axis',(-1.90800535511314E-31,-2.79250550343822E-15,
-1.));
#7038=DIRECTION('',(1.,3.40468394218381E-15,-1.43802769180918E-32));
#7039=DIRECTION('center_axis',(-1.,-3.46944695195361E-15,3.94430452610506E-31));
#7040=DIRECTION('ref_axis',(3.46944695195361E-15,-1.,-1.89326617253043E-29));
#7041=DIRECTION('center_axis',(1.,3.46944695195361E-15,-8.75811540203058E-47));
#7042=DIRECTION('ref_axis',(3.46944695195361E-15,-1.,-1.89408790264003E-29));
#7043=DIRECTION('center_axis',(-1.,-3.46944695195361E-15,8.75811540203058E-47));
#7044=DIRECTION('ref_axis',(3.46944695195361E-15,-1.,-1.89326617253043E-29));
#7045=DIRECTION('center_axis',(1.,3.46944695195361E-15,-8.75811540203058E-47));
#7046=DIRECTION('ref_axis',(3.46944695195361E-15,-1.,-1.89408790264003E-29));
#7047=DIRECTION('center_axis',(-1.,-3.5527136788005E-15,-1.84889274661187E-32));
#7048=DIRECTION('ref_axis',(3.5527136788005E-15,-1.,-1.89408790264003E-29));
#7049=DIRECTION('',(1.,3.5527136788005E-15,1.84889274661187E-32));
#7050=DIRECTION('center_axis',(-1.,-3.5527136788005E-15,-1.84889274661187E-32));
#7051=DIRECTION('ref_axis',(3.5527136788005E-15,-1.,-1.89408790264003E-29));
#7052=DIRECTION('',(1.,3.5527136788005E-15,1.84889274661187E-32));
#7053=DIRECTION('center_axis',(-1.,-3.40468394218381E-15,1.43802769180918E-32));
#7054=DIRECTION('ref_axis',(-3.40468394218381E-15,1.,1.89235419460532E-29));
#7055=DIRECTION('',(-1.,-3.40468394218381E-15,1.43802769180918E-32));
#7056=DIRECTION('center_axis',(-1.,-3.46944695195361E-15,8.75811540203058E-47));
#7057=DIRECTION('ref_axis',(7.295823400888E-31,1.,0.));
#7058=DIRECTION('',(-1.,-3.40468394218381E-15,1.43802769180918E-32));
#7059=DIRECTION('center_axis',(2.70565559543214E-15,-0.991092799942574,
-0.133173052461784));
#7060=DIRECTION('ref_axis',(4.04516394779664E-15,-0.133173052461784,0.991092799942574));
#7061=DIRECTION('',(-4.62036840945895E-16,0.133173052461784,-0.991092799942574));
#7062=DIRECTION('',(1.,3.46944695195368E-15,-5.5032777644124E-15));
#7063=DIRECTION('center_axis',(-3.62972927732377E-15,0.991092799942581,
-0.13317305246173));
#7064=DIRECTION('ref_axis',(-3.14980343575811E-15,-0.13317305246173,-0.991092799942581));
#7065=DIRECTION('',(-4.62036840945708E-16,0.13317305246173,0.991092799942581));
#7066=DIRECTION('',(-1.,-3.46944695195354E-15,1.43561613949502E-15));
#7067=DIRECTION('center_axis',(-3.62972927732377E-15,0.991092799942581,
-0.13317305246173));
#7068=DIRECTION('ref_axis',(1.,4.12242534413247E-14,6.40867265416743E-18));
#7069=DIRECTION('center_axis',(-3.62972927732377E-15,0.991092799942581,
-0.13317305246173));
#7070=DIRECTION('ref_axis',(1.,4.12242534413247E-14,6.40867265416655E-18));
#7071=DIRECTION('center_axis',(-1.,2.76101316827354E-30,-1.84889274660761E-32));
#7072=DIRECTION('ref_axis',(1.84889274661424E-32,-1.89326617253043E-29,
1.));
#7073=DIRECTION('',(1.48235786877505E-31,2.80477395694774E-15,1.));
#7074=DIRECTION('',(2.76101316827354E-30,1.,1.89326617253043E-29));
#7075=DIRECTION('',(1.84889274661424E-32,-1.89326617253043E-29,1.));
#7076=DIRECTION('',(2.76101316827354E-30,1.,1.89326617253043E-29));
#7077=DIRECTION('',(2.76101316827354E-30,1.,1.89326617253043E-29));
#7078=DIRECTION('',(2.76101316827354E-30,1.,1.89326617253043E-29));
#7079=DIRECTION('',(2.76101316827354E-30,1.,1.89326617253043E-29));
#7080=DIRECTION('',(2.76101316827354E-30,1.,1.89326617253043E-29));
#7081=DIRECTION('',(2.76101316827354E-30,1.,1.89326617253043E-29));
#7082=DIRECTION('center_axis',(1.,-2.76101316827354E-30,1.84889274660761E-32));
#7083=DIRECTION('ref_axis',(-1.84889274661424E-32,1.89326617253043E-29,
-1.));
#7084=DIRECTION('',(-1.48235786877505E-31,-2.80477395694774E-15,-1.));
#7085=DIRECTION('',(2.76101316827354E-30,1.,1.89326617253043E-29));
#7086=DIRECTION('',(-1.84889274661424E-32,1.89326617253043E-29,-1.));
#7087=DIRECTION('center_axis',(-1.84889274661424E-32,1.89326617253043E-29,
-1.));
#7088=DIRECTION('ref_axis',(-1.,2.76101316827354E-30,-1.84889274660761E-32));
#7089=DIRECTION('',(-1.,2.76101316827354E-30,-1.84889274660761E-32));
#7090=DIRECTION('',(-1.,2.76101316827354E-30,-1.84889274660761E-32));
#7091=DIRECTION('center_axis',(-1.84889274661424E-32,1.89326617253043E-29,
-1.));
#7092=DIRECTION('ref_axis',(-1.,2.76101316827354E-30,-1.84889274660761E-32));
#7093=DIRECTION('',(-1.,2.76101316827354E-30,-1.84889274660761E-32));
#7094=DIRECTION('',(2.76101316827354E-30,1.,1.89326617253043E-29));
#7095=DIRECTION('',(-1.,2.76101316827354E-30,-1.84889274660761E-32));
#7096=DIRECTION('',(2.76101316827354E-30,1.,1.89326617253043E-29));
#7097=DIRECTION('center_axis',(-1.,2.76101316827354E-30,-1.84889274660761E-32));
#7098=DIRECTION('ref_axis',(1.84889274661424E-32,-1.89326617253043E-29,
1.));
#7099=DIRECTION('',(1.48235786877505E-31,2.80477395694774E-15,1.));
#7100=DIRECTION('',(2.76101316827354E-30,1.,1.89326617253043E-29));
#7101=DIRECTION('',(1.84889274661424E-32,-1.89326617253043E-29,1.));
#7102=DIRECTION('',(2.76101316827354E-30,1.,1.89326617253043E-29));
#7103=DIRECTION('',(2.76101316827354E-30,1.,1.89326617253043E-29));
#7104=DIRECTION('',(2.76101316827354E-30,1.,1.89326617253043E-29));
#7105=DIRECTION('',(2.76101316827354E-30,1.,1.89326617253043E-29));
#7106=DIRECTION('center_axis',(-0.536696929861414,-1.45939267465887E-29,
0.843775091761621));
#7107=DIRECTION('ref_axis',(0.843775091761622,-1.30162049361467E-29,0.536696929861414));
#7108=DIRECTION('',(0.843775091761622,1.5053135716491E-15,0.536696929861414));
#7109=DIRECTION('',(2.76101316827354E-30,1.,1.89326617253043E-29));
#7110=DIRECTION('',(0.843775091761622,-1.30162049361467E-29,0.536696929861414));
#7111=DIRECTION('center_axis',(-1.,2.76101316827354E-30,-1.84889274660761E-32));
#7112=DIRECTION('ref_axis',(1.84889274661424E-32,-1.89326617253043E-29,
1.));
#7113=DIRECTION('',(1.48235786877505E-31,2.80477395694774E-15,1.));
#7114=DIRECTION('',(2.76101316827354E-30,1.,1.89326617253043E-29));
#7115=DIRECTION('',(1.84889274661424E-32,-1.89326617253043E-29,1.));
#7116=DIRECTION('center_axis',(0.53851376197459,1.41994962939782E-29,-0.842616714861493));
#7117=DIRECTION('ref_axis',(-0.842616714861493,1.26217744835362E-29,-0.53851376197459));
#7118=DIRECTION('',(-0.842616714861493,-1.51040937504428E-15,-0.53851376197459));
#7119=DIRECTION('',(2.76101316827354E-30,1.,1.89326617253043E-29));
#7120=DIRECTION('',(-0.842616714861493,1.26217744835362E-29,-0.53851376197459));
#7121=DIRECTION('',(2.76101316827354E-30,1.,1.89326617253043E-29));
#7122=DIRECTION('',(2.76101316827354E-30,1.,1.89326617253043E-29));
#7123=DIRECTION('',(2.76101316827354E-30,1.,1.89326617253043E-29));
#7124=DIRECTION('',(2.76101316827354E-30,1.,1.89326617253043E-29));
#7125=DIRECTION('',(2.76101316827354E-30,1.,1.89326617253043E-29));
#7126=DIRECTION('',(2.76101316827354E-30,1.,1.89326617253043E-29));
#7127=DIRECTION('',(2.76101316827354E-30,1.,1.89326617253043E-29));
#7128=DIRECTION('center_axis',(1.,-2.76101316827354E-30,1.84889274660761E-32));
#7129=DIRECTION('ref_axis',(-1.84889274661424E-32,1.89326617253043E-29,
-1.));
#7130=DIRECTION('',(-1.48235786877505E-31,-2.80477395694774E-15,-1.));
#7131=DIRECTION('',(2.76101316827354E-30,1.,1.89326617253043E-29));
#7132=DIRECTION('',(-1.84889274661424E-32,1.89326617253043E-29,-1.));
#7133=DIRECTION('center_axis',(1.84889274661424E-32,-1.89326617253043E-29,
1.));
#7134=DIRECTION('ref_axis',(1.,-2.76101316827354E-30,1.84889274660761E-32));
#7135=DIRECTION('',(1.,-2.76101316827354E-30,1.84889274660761E-32));
#7136=DIRECTION('',(2.76101316827354E-30,1.,1.89326617253043E-29));
#7137=DIRECTION('',(1.,-2.76101316827354E-30,1.84889274660761E-32));
#7138=DIRECTION('center_axis',(-1.,2.76101316827354E-30,-1.84889274660761E-32));
#7139=DIRECTION('ref_axis',(1.84889274661424E-32,-1.89326617253043E-29,
1.));
#7140=DIRECTION('',(1.48235786877505E-31,2.80477395694774E-15,1.));
#7141=DIRECTION('',(1.84889274661424E-32,-1.89326617253043E-29,1.));
#7142=DIRECTION('center_axis',(-2.76101316827354E-30,-1.,-1.89326617253043E-29));
#7143=DIRECTION('ref_axis',(1.,-2.76101316827354E-30,1.84889274660761E-32));
#7144=DIRECTION('',(2.76101316827354E-30,1.,1.89326617253043E-29));
#7145=DIRECTION('',(2.76101316827354E-30,1.,1.89326617253043E-29));
#7146=DIRECTION('',(2.76101316827354E-30,1.,1.89326617253043E-29));
#7147=DIRECTION('',(2.76101316827354E-30,1.,1.89326617253043E-29));
#7148=DIRECTION('',(2.76101316827354E-30,1.,1.89326617253043E-29));
#7149=DIRECTION('center_axis',(-1.84889274661424E-32,1.89326617253043E-29,
-1.));
#7150=DIRECTION('ref_axis',(-1.,2.76101316827354E-30,-1.84889274660761E-32));
#7151=DIRECTION('',(-1.,2.76101316827354E-30,-1.84889274660761E-32));
#7152=DIRECTION('',(2.76101316827354E-30,1.,1.89326617253043E-29));
#7153=DIRECTION('',(-1.,2.76101316827354E-30,-1.84889274660761E-32));
#7154=DIRECTION('center_axis',(1.,-2.76101316827354E-30,1.84889274660761E-32));
#7155=DIRECTION('ref_axis',(-1.84889274661424E-32,1.89326617253043E-29,
-1.));
#7156=DIRECTION('',(-1.48235786877505E-31,-2.80477395694774E-15,-1.));
#7157=DIRECTION('',(2.76101316827354E-30,1.,1.89326617253043E-29));
#7158=DIRECTION('',(-1.84889274661424E-32,1.89326617253043E-29,-1.));
#7159=DIRECTION('center_axis',(1.84889274661424E-32,-1.89326617253043E-29,
1.));
#7160=DIRECTION('ref_axis',(1.,-2.76101316827354E-30,1.84889274660761E-32));
#7161=DIRECTION('',(1.,-2.76101316827354E-30,1.84889274660761E-32));
#7162=DIRECTION('',(2.76101316827354E-30,1.,1.89326617253043E-29));
#7163=DIRECTION('',(1.,-2.76101316827354E-30,1.84889274660761E-32));
#7164=DIRECTION('',(2.76101316827354E-30,1.,1.89326617253043E-29));
#7165=DIRECTION('',(2.76101316827354E-30,1.,1.89326617253043E-29));
#7166=DIRECTION('',(2.76101316827354E-30,1.,1.89326617253043E-29));
#7167=DIRECTION('',(2.76101316827354E-30,1.,1.89326617253043E-29));
#7168=DIRECTION('',(2.76101316827354E-30,1.,1.89326617253043E-29));
#7169=DIRECTION('center_axis',(0.990726490717185,-5.12759588393658E-30,
0.135871338372783));
#7170=DIRECTION('ref_axis',(0.135871338372783,1.84396236595412E-29,-0.990726490717185));
#7171=DIRECTION('',(0.135871338372783,-2.77876385962179E-15,-0.990726490717185));
#7172=DIRECTION('',(2.76101316827354E-30,1.,1.89326617253043E-29));
#7173=DIRECTION('',(0.135871338372783,1.84396236595412E-29,-0.990726490717185));
#7174=DIRECTION('center_axis',(-2.76101316827354E-30,-1.,-1.89326617253043E-29));
#7175=DIRECTION('ref_axis',(1.,-2.76101316827354E-30,1.84889274660761E-32));
#7176=DIRECTION('center_axis',(-1.84889274661424E-32,1.89326617253043E-29,
-1.));
#7177=DIRECTION('ref_axis',(-1.,2.76101316827354E-30,-1.84889274660761E-32));
#7178=DIRECTION('',(-1.,2.76101316827354E-30,-1.84889274660761E-32));
#7179=DIRECTION('',(2.76101316827354E-30,1.,1.89326617253043E-29));
#7180=DIRECTION('',(-1.,2.76101316827354E-30,-1.84889274660761E-32));
#7181=DIRECTION('',(2.76101316827354E-30,1.,1.89326617253043E-29));
#7182=DIRECTION('center_axis',(1.,-2.76101316827354E-30,1.84889274660761E-32));
#7183=DIRECTION('ref_axis',(-1.84889274661424E-32,1.89326617253043E-29,
-1.));
#7184=DIRECTION('',(-1.48235786877505E-31,-2.80477395694774E-15,-1.));
#7185=DIRECTION('',(2.76101316827354E-30,1.,1.89326617253043E-29));
#7186=DIRECTION('',(-1.84889274661424E-32,1.89326617253043E-29,-1.));
#7187=DIRECTION('center_axis',(1.84889274661424E-32,-1.89326617253043E-29,
1.));
#7188=DIRECTION('ref_axis',(1.,-2.76101316827354E-30,1.84889274660761E-32));
#7189=DIRECTION('',(1.,-2.76101316827354E-30,1.84889274660761E-32));
#7190=DIRECTION('',(2.76101316827354E-30,1.,1.89326617253043E-29));
#7191=DIRECTION('',(1.,-2.76101316827354E-30,1.84889274660761E-32));
#7192=DIRECTION('center_axis',(-1.,2.76101316827354E-30,-1.84889274660761E-32));
#7193=DIRECTION('ref_axis',(1.84889274661424E-32,-1.89326617253043E-29,
1.));
#7194=DIRECTION('',(1.48235786877505E-31,2.80477395694774E-15,1.));
#7195=DIRECTION('',(1.84889274661424E-32,-1.89326617253043E-29,1.));
#7196=DIRECTION('center_axis',(2.76101316827354E-30,1.,1.89326617253043E-29));
#7197=DIRECTION('ref_axis',(1.84889274661424E-32,-1.89326617253043E-29,
1.));
#7198=DIRECTION('',(2.76101316827354E-30,1.,1.89326617253043E-29));
#7199=DIRECTION('',(2.76101316827354E-30,1.,1.89326617253043E-29));
#7200=DIRECTION('',(2.76101316827354E-30,1.,1.89326617253043E-29));
#7201=DIRECTION('',(2.76101316827354E-30,1.,1.89326617253043E-29));
#7202=DIRECTION('',(2.76101316827354E-30,1.,1.89326617253043E-29));
#7203=DIRECTION('',(2.76101316827354E-30,1.,1.89326617253043E-29));
#7204=DIRECTION('',(2.76101316827354E-30,1.,1.89326617253043E-29));
#7205=DIRECTION('',(2.76101316827354E-30,1.,1.89326617253043E-29));
#7206=DIRECTION('',(2.76101316827354E-30,1.,1.89326617253043E-29));
#7207=DIRECTION('',(2.76101316827354E-30,1.,1.89326617253043E-29));
#7208=DIRECTION('center_axis',(-0.994767440607252,7.88860905221012E-31,
0.102165253915889));
#7209=DIRECTION('ref_axis',(0.102165253915889,-1.91791807581858E-29,0.994767440607252));
#7210=DIRECTION('',(0.102165253915889,2.79009781063478E-15,0.994767440607252));
#7211=DIRECTION('',(2.76101316827354E-30,1.,1.89326617253043E-29));
#7212=DIRECTION('',(0.102165253915888,-1.91791807581858E-29,0.994767440607252));
#7213=DIRECTION('',(2.76101316827354E-30,1.,1.89326617253043E-29));
#7214=DIRECTION('',(2.76101316827354E-30,1.,1.89326617253043E-29));
#7215=DIRECTION('',(2.76101316827354E-30,1.,1.89326617253043E-29));
#7216=DIRECTION('',(2.76101316827354E-30,1.,1.89326617253043E-29));
#7217=DIRECTION('',(2.76101316827354E-30,1.,1.89326617253043E-29));
#7218=DIRECTION('',(2.76101316827354E-30,1.,1.89326617253043E-29));
#7219=DIRECTION('',(2.76101316827354E-30,1.,1.89326617253043E-29));
#7220=DIRECTION('',(2.76101316827354E-30,1.,1.89326617253043E-29));
#7221=DIRECTION('',(2.76101316827354E-30,1.,1.89326617253043E-29));
#7222=DIRECTION('center_axis',(-1.,2.76101316827354E-30,-1.84889274660761E-32));
#7223=DIRECTION('ref_axis',(1.84889274661424E-32,-1.89326617253043E-29,
1.));
#7224=DIRECTION('',(1.48235786877505E-31,2.80477395694774E-15,1.));
#7225=DIRECTION('',(2.76101316827354E-30,1.,1.89326617253043E-29));
#7226=DIRECTION('',(1.84889274661424E-32,-1.89326617253043E-29,1.));
#7227=DIRECTION('center_axis',(-1.84889274661424E-32,1.89326617253043E-29,
-1.));
#7228=DIRECTION('ref_axis',(-1.,2.76101316827354E-30,-1.84889274660761E-32));
#7229=DIRECTION('',(-1.,2.76101316827354E-30,-1.84889274660761E-32));
#7230=DIRECTION('',(2.76101316827354E-30,1.,1.89326617253043E-29));
#7231=DIRECTION('',(-1.,2.76101316827354E-30,-1.84889274660761E-32));
#7232=DIRECTION('center_axis',(1.,-2.76101316827354E-30,1.84889274660761E-32));
#7233=DIRECTION('ref_axis',(-1.84889274661424E-32,1.89326617253043E-29,
-1.));
#7234=DIRECTION('',(-1.48235786877505E-31,-2.80477395694774E-15,-1.));
#7235=DIRECTION('',(-1.84889274661424E-32,1.89326617253043E-29,-1.));
#7236=DIRECTION('center_axis',(-2.76101316827354E-30,-1.,-1.89326617253043E-29));
#7237=DIRECTION('ref_axis',(1.,-2.76101316827354E-30,1.84889274660761E-32));
#7238=DIRECTION('center_axis',(-1.84889274661424E-32,1.89326617253043E-29,
-1.));
#7239=DIRECTION('ref_axis',(-1.,2.76101316827354E-30,-1.84889274660761E-32));
#7240=DIRECTION('',(-1.,2.76101316827354E-30,-1.84889274660761E-32));
#7241=DIRECTION('',(2.76101316827354E-30,1.,1.89326617253043E-29));
#7242=DIRECTION('',(-1.,2.76101316827354E-30,-1.84889274660761E-32));
#7243=DIRECTION('',(2.76101316827354E-30,1.,1.89326617253043E-29));
#7244=DIRECTION('center_axis',(-0.715999574982952,1.53827876518097E-29,
-0.698100715244034));
#7245=DIRECTION('ref_axis',(-0.698100715244034,-1.14384831257047E-29,0.715999574982952));
#7246=DIRECTION('',(-0.698100715244034,2.00821696109784E-15,0.715999574982952));
#7247=DIRECTION('',(2.76101316827354E-30,1.,1.89326617253043E-29));
#7248=DIRECTION('',(-0.698100715244034,-1.14384831257047E-29,0.715999574982952));
#7249=DIRECTION('center_axis',(-0.575384247527751,-1.41994962939782E-29,
0.817883223753198));
#7250=DIRECTION('ref_axis',(0.817883223753198,-1.34106353887572E-29,0.575384247527751));
#7251=DIRECTION('',(0.817883223753198,1.61382275270381E-15,0.575384247527751));
#7252=DIRECTION('',(2.76101316827354E-30,1.,1.89326617253043E-29));
#7253=DIRECTION('',(0.817883223753198,-1.34106353887572E-29,0.575384247527751));
#7254=DIRECTION('center_axis',(-1.,2.76101316827354E-30,-1.84889274660761E-32));
#7255=DIRECTION('ref_axis',(1.84889274661424E-32,-1.89326617253043E-29,
1.));
#7256=DIRECTION('',(1.48235786877505E-31,2.80477395694774E-15,1.));
#7257=DIRECTION('',(2.76101316827354E-30,1.,1.89326617253043E-29));
#7258=DIRECTION('',(1.84889274661424E-32,-1.89326617253043E-29,1.));
#7259=DIRECTION('center_axis',(0.592884060205741,1.38050658413677E-29,-0.805287831246664));
#7260=DIRECTION('ref_axis',(-0.805287831246664,1.38050658413677E-29,-0.592884060205741));
#7261=DIRECTION('',(-0.805287831246664,-1.6629057715545E-15,-0.592884060205741));
#7262=DIRECTION('',(2.76101316827354E-30,1.,1.89326617253043E-29));
#7263=DIRECTION('',(-0.805287831246664,1.34106353887572E-29,-0.592884060205741));
#7264=DIRECTION('center_axis',(-0.719280651474522,1.53827876518097E-29,
-0.69471961568275));
#7265=DIRECTION('ref_axis',(-0.69471961568275,-1.18329135783152E-29,0.719280651474522));
#7266=DIRECTION('',(-0.69471961568275,2.01741963899215E-15,0.719280651474522));
#7267=DIRECTION('',(2.76101316827354E-30,1.,1.89326617253043E-29));
#7268=DIRECTION('',(-0.69471961568275,-1.18329135783152E-29,0.719280651474522));
#7269=DIRECTION('center_axis',(1.,-2.76101316827354E-30,1.84889274660761E-32));
#7270=DIRECTION('ref_axis',(-1.84889274661424E-32,1.89326617253043E-29,
-1.));
#7271=DIRECTION('',(-1.48235786877505E-31,-2.80477395694774E-15,-1.));
#7272=DIRECTION('',(2.76101316827354E-30,1.,1.89326617253043E-29));
#7273=DIRECTION('',(-1.84889274661424E-32,1.89326617253043E-29,-1.));
#7274=DIRECTION('center_axis',(0.707592560776804,-1.53827876518097E-29,
0.706620667638108));
#7275=DIRECTION('ref_axis',(0.706620667638108,1.10440526730942E-29,-0.707592560776804));
#7276=DIRECTION('',(0.706620667638108,-1.98463718659674E-15,-0.707592560776804));
#7277=DIRECTION('',(2.76101316827354E-30,1.,1.89326617253043E-29));
#7278=DIRECTION('',(0.706620667638108,1.10440526730942E-29,-0.707592560776804));
#7279=DIRECTION('center_axis',(-1.84889274661424E-32,1.89326617253043E-29,
-1.));
#7280=DIRECTION('ref_axis',(-1.,2.76101316827354E-30,-1.84889274660761E-32));
#7281=DIRECTION('',(-1.,2.76101316827354E-30,-1.84889274660761E-32));
#7282=DIRECTION('',(2.76101316827354E-30,1.,1.89326617253043E-29));
#7283=DIRECTION('',(-1.,2.76101316827354E-30,-1.84889274660761E-32));
#7284=DIRECTION('center_axis',(1.,-2.76101316827354E-30,1.84889274660761E-32));
#7285=DIRECTION('ref_axis',(-1.84889274661424E-32,1.89326617253043E-29,
-1.));
#7286=DIRECTION('',(-1.48235786877505E-31,-2.80477395694774E-15,-1.));
#7287=DIRECTION('',(2.76101316827354E-30,1.,1.89326617253043E-29));
#7288=DIRECTION('',(-1.84889274661424E-32,1.89326617253043E-29,-1.));
#7289=DIRECTION('center_axis',(1.84889274661424E-32,-1.89326617253043E-29,
1.));
#7290=DIRECTION('ref_axis',(1.,-2.76101316827354E-30,1.84889274660761E-32));
#7291=DIRECTION('',(1.,-2.76101316827354E-30,1.84889274660761E-32));
#7292=DIRECTION('',(2.76101316827354E-30,1.,1.89326617253043E-29));
#7293=DIRECTION('',(1.,-2.76101316827354E-30,1.84889274660761E-32));
#7294=DIRECTION('center_axis',(-1.,2.76101316827354E-30,-1.84889274660761E-32));
#7295=DIRECTION('ref_axis',(1.84889274661424E-32,-1.89326617253043E-29,
1.));
#7296=DIRECTION('',(1.48235786877505E-31,2.80477395694774E-15,1.));
#7297=DIRECTION('',(1.84889274661424E-32,-1.89326617253043E-29,1.));
#7298=DIRECTION('center_axis',(2.76101316827354E-30,1.,1.89326617253043E-29));
#7299=DIRECTION('ref_axis',(1.84889274661424E-32,-1.89326617253043E-29,
1.));
#7300=DIRECTION('',(2.76101316827354E-30,1.,1.89326617253043E-29));
#7301=DIRECTION('',(2.76101316827354E-30,1.,1.89326617253043E-29));
#7302=DIRECTION('',(2.76101316827354E-30,1.,1.89326617253043E-29));
#7303=DIRECTION('',(2.76101316827354E-30,1.,1.89326617253043E-29));
#7304=DIRECTION('',(2.76101316827354E-30,1.,1.89326617253043E-29));
#7305=DIRECTION('',(2.76101316827354E-30,1.,1.89326617253043E-29));
#7306=DIRECTION('',(2.76101316827354E-30,1.,1.89326617253043E-29));
#7307=DIRECTION('',(2.76101316827354E-30,1.,1.89326617253043E-29));
#7308=DIRECTION('',(2.76101316827354E-30,1.,1.89326617253043E-29));
#7309=DIRECTION('',(2.76101316827354E-30,1.,1.89326617253043E-29));
#7310=DIRECTION('',(2.76101316827354E-30,1.,1.89326617253043E-29));
#7311=DIRECTION('',(2.76101316827354E-30,1.,1.89326617253043E-29));
#7312=DIRECTION('',(2.76101316827354E-30,1.,1.89326617253043E-29));
#7313=DIRECTION('',(2.76101316827354E-30,1.,1.89326617253043E-29));
#7314=DIRECTION('',(2.76101316827354E-30,1.,1.89326617253043E-29));
#7315=DIRECTION('',(2.76101316827354E-30,1.,1.89326617253043E-29));
#7316=DIRECTION('',(2.76101316827354E-30,1.,1.89326617253043E-29));
#7317=DIRECTION('',(2.76101316827354E-30,1.,1.89326617253043E-29));
#7318=DIRECTION('',(2.76101316827354E-30,1.,1.89326617253043E-29));
#7319=DIRECTION('',(2.76101316827354E-30,1.,1.89326617253043E-29));
#7320=DIRECTION('center_axis',(-2.76101316827354E-30,-1.,-1.89326617253043E-29));
#7321=DIRECTION('ref_axis',(1.,-2.76101316827354E-30,1.84889274660761E-32));
#7322=DIRECTION('center_axis',(1.84889274661424E-32,-1.89326617253043E-29,
1.));
#7323=DIRECTION('ref_axis',(1.,-2.76101316827354E-30,1.84889274660761E-32));
#7324=DIRECTION('',(1.,-2.76101316827354E-30,1.84889274660761E-32));
#7325=DIRECTION('',(2.76101316827354E-30,1.,1.89326617253043E-29));
#7326=DIRECTION('',(1.,-2.76101316827354E-30,1.84889274660761E-32));
#7327=DIRECTION('',(2.76101316827354E-30,1.,1.89326617253043E-29));
#7328=DIRECTION('',(2.76101316827354E-30,1.,1.89326617253043E-29));
#7329=DIRECTION('',(2.76101316827354E-30,1.,1.89326617253043E-29));
#7330=DIRECTION('',(2.76101316827354E-30,1.,1.89326617253043E-29));
#7331=DIRECTION('',(2.76101316827354E-30,1.,1.89326617253043E-29));
#7332=DIRECTION('',(2.76101316827354E-30,1.,1.89326617253043E-29));
#7333=DIRECTION('',(2.76101316827354E-30,1.,1.89326617253043E-29));
#7334=DIRECTION('',(2.76101316827354E-30,1.,1.89326617253043E-29));
#7335=DIRECTION('',(2.76101316827354E-30,1.,1.89326617253043E-29));
#7336=DIRECTION('',(2.76101316827354E-30,1.,1.89326617253043E-29));
#7337=DIRECTION('',(2.76101316827354E-30,1.,1.89326617253043E-29));
#7338=DIRECTION('',(2.76101316827354E-30,1.,1.89326617253043E-29));
#7339=DIRECTION('',(2.76101316827354E-30,1.,1.89326617253043E-29));
#7340=DIRECTION('center_axis',(-0.96438122924359,7.09974814698911E-30,-0.264516246538133));
#7341=DIRECTION('ref_axis',(-0.264516246538133,-1.75521551411675E-29,0.96438122924359));
#7342=DIRECTION('',(-0.264516246538133,2.70487135635168E-15,0.96438122924359));
#7343=DIRECTION('',(2.76101316827354E-30,1.,1.89326617253043E-29));
#7344=DIRECTION('',(-0.264516246538133,-1.75521551411675E-29,0.96438122924359));
#7345=DIRECTION('',(2.76101316827354E-30,1.,1.89326617253043E-29));
#7346=DIRECTION('',(2.76101316827354E-30,1.,1.89326617253043E-29));
#7347=DIRECTION('',(2.76101316827354E-30,1.,1.89326617253043E-29));
#7348=DIRECTION('',(2.76101316827354E-30,1.,1.89326617253043E-29));
#7349=DIRECTION('',(2.76101316827354E-30,1.,1.89326617253043E-29));
#7350=DIRECTION('',(2.76101316827354E-30,1.,1.89326617253043E-29));
#7351=DIRECTION('',(2.76101316827354E-30,1.,1.89326617253043E-29));
#7352=DIRECTION('',(2.76101316827354E-30,1.,1.89326617253043E-29));
#7353=DIRECTION('',(2.76101316827354E-30,1.,1.89326617253043E-29));
#7354=DIRECTION('',(2.76101316827354E-30,1.,1.89326617253043E-29));
#7355=DIRECTION('',(2.76101316827354E-30,1.,1.89326617253043E-29));
#7356=DIRECTION('center_axis',(-1.84889274661424E-32,1.89326617253043E-29,
-1.));
#7357=DIRECTION('ref_axis',(-1.,2.76101316827354E-30,-1.84889274660761E-32));
#7358=DIRECTION('',(-1.,2.76101316827354E-30,-1.84889274660761E-32));
#7359=DIRECTION('',(2.76101316827354E-30,1.,1.89326617253043E-29));
#7360=DIRECTION('',(-1.,2.76101316827354E-30,-1.84889274660761E-32));
#7361=DIRECTION('center_axis',(0.999998703469308,-2.76101316827354E-30,
0.00161029801688417));
#7362=DIRECTION('ref_axis',(0.00161029801688417,1.89819655318806E-29,-0.999998703469308));
#7363=DIRECTION('',(0.00161029801688417,-2.80477032047223E-15,-0.999998703469308));
#7364=DIRECTION('',(2.76101316827354E-30,1.,1.89326617253043E-29));
#7365=DIRECTION('',(0.00161029801688417,1.89326617253043E-29,-0.999998703469308));
#7366=DIRECTION('center_axis',(1.84889274661424E-32,-1.89326617253043E-29,
1.));
#7367=DIRECTION('ref_axis',(1.,-2.76101316827354E-30,1.84889274660761E-32));
#7368=DIRECTION('',(1.,-2.76101316827354E-30,1.84889274660761E-32));
#7369=DIRECTION('',(2.76101316827354E-30,1.,1.89326617253043E-29));
#7370=DIRECTION('',(1.,-2.76101316827354E-30,1.84889274660761E-32));
#7371=DIRECTION('center_axis',(-1.,2.76101316827354E-30,-1.84889274660761E-32));
#7372=DIRECTION('ref_axis',(1.84889274661424E-32,-1.89326617253043E-29,
1.));
#7373=DIRECTION('',(1.48235786877505E-31,2.80477395694774E-15,1.));
#7374=DIRECTION('',(1.84889274661424E-32,-1.89326617253043E-29,1.));
#7375=DIRECTION('center_axis',(-2.76101316827354E-30,-1.,-1.89326617253043E-29));
#7376=DIRECTION('ref_axis',(1.,-2.76101316827354E-30,1.84889274660761E-32));
#7377=DIRECTION('',(2.76101316827354E-30,1.,1.89326617253043E-29));
#7378=DIRECTION('',(2.76101316827354E-30,1.,1.89326617253043E-29));
#7379=DIRECTION('',(2.76101316827354E-30,1.,1.89326617253043E-29));
#7380=DIRECTION('',(2.76101316827354E-30,1.,1.89326617253043E-29));
#7381=DIRECTION('',(2.76101316827354E-30,1.,1.89326617253043E-29));
#7382=DIRECTION('',(2.76101316827354E-30,1.,1.89326617253043E-29));
#7383=DIRECTION('',(2.76101316827354E-30,1.,1.89326617253043E-29));
#7384=DIRECTION('',(2.76101316827354E-30,1.,1.89326617253043E-29));
#7385=DIRECTION('',(2.76101316827354E-30,1.,1.89326617253043E-29));
#7386=DIRECTION('',(2.76101316827354E-30,1.,1.89326617253043E-29));
#7387=DIRECTION('',(2.76101316827354E-30,1.,1.89326617253043E-29));
#7388=DIRECTION('',(2.76101316827354E-30,1.,1.89326617253043E-29));
#7389=DIRECTION('',(2.76101316827354E-30,1.,1.89326617253043E-29));
#7390=DIRECTION('center_axis',(-0.984562480330491,-3.94430452610506E-31,
0.175033489154136));
#7391=DIRECTION('ref_axis',(0.175033489154136,-1.91791807581858E-29,0.984562480330491));
#7392=DIRECTION('',(0.175033489154136,2.76147520381884E-15,0.984562480330491));
#7393=DIRECTION('',(2.76101316827354E-30,1.,1.89326617253043E-29));
#7394=DIRECTION('',(0.175033489154136,-1.91791807581858E-29,0.984562480330491));
#7395=DIRECTION('',(2.76101316827354E-30,1.,1.89326617253043E-29));
#7396=DIRECTION('',(2.76101316827354E-30,1.,1.89326617253043E-29));
#7397=DIRECTION('',(2.76101316827354E-30,1.,1.89326617253043E-29));
#7398=DIRECTION('',(2.76101316827354E-30,1.,1.89326617253043E-29));
#7399=DIRECTION('',(2.76101316827354E-30,1.,1.89326617253043E-29));
#7400=DIRECTION('',(2.76101316827354E-30,1.,1.89326617253043E-29));
#7401=DIRECTION('',(2.76101316827354E-30,1.,1.89326617253043E-29));
#7402=DIRECTION('center_axis',(0.125579673748628,-1.91791807581858E-29,
0.992083537581986));
#7403=DIRECTION('ref_axis',(0.992083537581986,0.,-0.125579673748628));
#7404=DIRECTION('',(0.992083537581986,-3.52222598452148E-16,-0.125579673748628));
#7405=DIRECTION('',(2.76101316827354E-30,1.,1.89326617253043E-29));
#7406=DIRECTION('',(0.992083537581986,0.,-0.125579673748628));
#7407=DIRECTION('',(2.76101316827354E-30,1.,1.89326617253043E-29));
#7408=DIRECTION('',(2.76101316827354E-30,1.,1.89326617253043E-29));
#7409=DIRECTION('',(2.76101316827354E-30,1.,1.89326617253043E-29));
#7410=DIRECTION('',(2.76101316827354E-30,1.,1.89326617253043E-29));
#7411=DIRECTION('',(2.76101316827354E-30,1.,1.89326617253043E-29));
#7412=DIRECTION('',(2.76101316827354E-30,1.,1.89326617253043E-29));
#7413=DIRECTION('',(2.76101316827354E-30,1.,1.89326617253043E-29));
#7414=DIRECTION('center_axis',(0.991227865661617,-4.73316543132607E-30,
0.132163982748387));
#7415=DIRECTION('ref_axis',(0.132163982748387,1.84396236595411E-29,-0.991227865661617));
#7416=DIRECTION('',(0.132163982748387,-2.7801701030086E-15,-0.991227865661617));
#7417=DIRECTION('',(2.76101316827354E-30,1.,1.89326617253043E-29));
#7418=DIRECTION('',(0.132163982748387,1.84396236595412E-29,-0.991227865661617));
#7419=DIRECTION('center_axis',(-2.76101316827354E-30,-1.,-1.89326617253043E-29));
#7420=DIRECTION('ref_axis',(1.,-2.76101316827354E-30,1.84889274660761E-32));
#7421=DIRECTION('center_axis',(-1.84889274661424E-32,1.89326617253043E-29,
-1.));
#7422=DIRECTION('ref_axis',(-1.,2.76101316827354E-30,-1.84889274660761E-32));
#7423=DIRECTION('',(-1.,2.76101316827354E-30,-1.84889274660761E-32));
#7424=DIRECTION('',(2.76101316827354E-30,1.,1.89326617253043E-29));
#7425=DIRECTION('',(-1.,2.76101316827354E-30,-1.84889274660761E-32));
#7426=DIRECTION('',(2.76101316827354E-30,1.,1.89326617253043E-29));
#7427=DIRECTION('center_axis',(1.,-2.76101316827354E-30,1.84889274660761E-32));
#7428=DIRECTION('ref_axis',(-1.84889274661424E-32,1.89326617253043E-29,
-1.));
#7429=DIRECTION('',(-1.48235786877505E-31,-2.80477395694774E-15,-1.));
#7430=DIRECTION('',(2.76101316827354E-30,1.,1.89326617253043E-29));
#7431=DIRECTION('',(-1.84889274661424E-32,1.89326617253043E-29,-1.));
#7432=DIRECTION('center_axis',(-1.84889274661424E-32,1.89326617253043E-29,
-1.));
#7433=DIRECTION('ref_axis',(-1.,2.76101316827354E-30,-1.84889274660761E-32));
#7434=DIRECTION('',(-1.,2.76101316827354E-30,-1.84889274660761E-32));
#7435=DIRECTION('',(2.76101316827354E-30,1.,1.89326617253043E-29));
#7436=DIRECTION('',(-1.,2.76101316827354E-30,-1.84889274660761E-32));
#7437=DIRECTION('center_axis',(1.,-2.76101316827354E-30,1.84889274660761E-32));
#7438=DIRECTION('ref_axis',(-1.84889274661424E-32,1.89326617253043E-29,
-1.));
#7439=DIRECTION('',(-1.48235786877505E-31,-2.80477395694774E-15,-1.));
#7440=DIRECTION('',(2.76101316827354E-30,1.,1.89326617253043E-29));
#7441=DIRECTION('',(-1.84889274661424E-32,1.89326617253043E-29,-1.));
#7442=DIRECTION('center_axis',(1.84889274661424E-32,-1.89326617253043E-29,
1.));
#7443=DIRECTION('ref_axis',(1.,-2.76101316827354E-30,1.84889274660761E-32));
#7444=DIRECTION('',(1.,-2.76101316827354E-30,1.84889274660761E-32));
#7445=DIRECTION('',(2.76101316827354E-30,1.,1.89326617253043E-29));
#7446=DIRECTION('',(1.,-2.76101316827354E-30,1.84889274660761E-32));
#7447=DIRECTION('center_axis',(-1.,2.76101316827354E-30,-1.84889274660761E-32));
#7448=DIRECTION('ref_axis',(1.84889274661424E-32,-1.89326617253043E-29,
1.));
#7449=DIRECTION('',(1.48235786877505E-31,2.80477395694774E-15,1.));
#7450=DIRECTION('',(1.84889274661424E-32,-1.89326617253043E-29,1.));
#7451=DIRECTION('center_axis',(2.76101316827354E-30,1.,1.89326617253043E-29));
#7452=DIRECTION('ref_axis',(1.84889274661424E-32,-1.89326617253043E-29,
1.));
#7453=DIRECTION('center_axis',(-1.84889274661424E-32,1.89326617253043E-29,
-1.));
#7454=DIRECTION('ref_axis',(-1.,2.76101316827354E-30,-1.84889274660761E-32));
#7455=DIRECTION('',(-1.,2.76101316827354E-30,-1.84889274660761E-32));
#7456=DIRECTION('',(2.76101316827354E-30,1.,1.89326617253043E-29));
#7457=DIRECTION('',(-1.,2.76101316827354E-30,-1.84889274660761E-32));
#7458=DIRECTION('',(2.76101316827354E-30,1.,1.89326617253043E-29));
#7459=DIRECTION('center_axis',(-1.,2.76101316827354E-30,-1.84889274660761E-32));
#7460=DIRECTION('ref_axis',(1.84889274661424E-32,-1.89326617253043E-29,
1.));
#7461=DIRECTION('',(1.48235786877505E-31,2.80477395694774E-15,1.));
#7462=DIRECTION('',(2.76101316827354E-30,1.,1.89326617253043E-29));
#7463=DIRECTION('',(1.84889274661424E-32,-1.89326617253043E-29,1.));
#7464=DIRECTION('center_axis',(1.84889274661424E-32,-1.89326617253043E-29,
1.));
#7465=DIRECTION('ref_axis',(1.,-2.76101316827354E-30,1.84889274660761E-32));
#7466=DIRECTION('',(1.,-2.76101316827354E-30,1.84889274660761E-32));
#7467=DIRECTION('',(2.76101316827354E-30,1.,1.89326617253043E-29));
#7468=DIRECTION('',(1.,-2.76101316827354E-30,1.84889274660761E-32));
#7469=DIRECTION('center_axis',(-1.,2.76101316827354E-30,-1.84889274660761E-32));
#7470=DIRECTION('ref_axis',(1.84889274661424E-32,-1.89326617253043E-29,
1.));
#7471=DIRECTION('',(1.48235786877505E-31,2.80477395694774E-15,1.));
#7472=DIRECTION('',(2.76101316827354E-30,1.,1.89326617253043E-29));
#7473=DIRECTION('',(1.84889274661424E-32,-1.89326617253043E-29,1.));
#7474=DIRECTION('center_axis',(-1.84889274661424E-32,1.89326617253043E-29,
-1.));
#7475=DIRECTION('ref_axis',(-1.,2.76101316827354E-30,-1.84889274660761E-32));
#7476=DIRECTION('',(-1.,2.76101316827354E-30,-1.84889274660761E-32));
#7477=DIRECTION('',(2.76101316827354E-30,1.,1.89326617253043E-29));
#7478=DIRECTION('',(-1.,2.76101316827354E-30,-1.84889274660761E-32));
#7479=DIRECTION('center_axis',(1.,-2.76101316827354E-30,1.84889274660761E-32));
#7480=DIRECTION('ref_axis',(-1.84889274661424E-32,1.89326617253043E-29,
-1.));
#7481=DIRECTION('',(-1.48235786877505E-31,-2.80477395694774E-15,-1.));
#7482=DIRECTION('',(2.76101316827354E-30,1.,1.89326617253043E-29));
#7483=DIRECTION('',(-1.84889274661424E-32,1.89326617253043E-29,-1.));
#7484=DIRECTION('center_axis',(1.84889274661424E-32,-1.89326617253043E-29,
1.));
#7485=DIRECTION('ref_axis',(1.,-2.76101316827354E-30,1.84889274660761E-32));
#7486=DIRECTION('',(1.,-2.76101316827354E-30,1.84889274660761E-32));
#7487=DIRECTION('',(2.76101316827354E-30,1.,1.89326617253043E-29));
#7488=DIRECTION('',(1.,-2.76101316827354E-30,1.84889274660761E-32));
#7489=DIRECTION('center_axis',(1.,-2.76101316827354E-30,1.84889274660761E-32));
#7490=DIRECTION('ref_axis',(-1.84889274661424E-32,1.89326617253043E-29,
-1.));
#7491=DIRECTION('',(-1.48235786877505E-31,-2.80477395694774E-15,-1.));
#7492=DIRECTION('',(2.76101316827354E-30,1.,1.89326617253043E-29));
#7493=DIRECTION('',(-1.84889274661424E-32,1.89326617253043E-29,-1.));
#7494=DIRECTION('center_axis',(-1.84889274661424E-32,1.89326617253043E-29,
-1.));
#7495=DIRECTION('ref_axis',(-1.,2.76101316827354E-30,-1.84889274660761E-32));
#7496=DIRECTION('',(-1.,2.76101316827354E-30,-1.84889274660761E-32));
#7497=DIRECTION('',(2.76101316827354E-30,1.,1.89326617253043E-29));
#7498=DIRECTION('',(-1.,2.76101316827354E-30,-1.84889274660761E-32));
#7499=DIRECTION('center_axis',(1.,-2.76101316827354E-30,1.84889274660761E-32));
#7500=DIRECTION('ref_axis',(-1.84889274661424E-32,1.89326617253043E-29,
-1.));
#7501=DIRECTION('',(-1.48235786877505E-31,-2.80477395694774E-15,-1.));
#7502=DIRECTION('',(2.76101316827354E-30,1.,1.89326617253043E-29));
#7503=DIRECTION('',(-1.84889274661424E-32,1.89326617253043E-29,-1.));
#7504=DIRECTION('center_axis',(1.84889274661424E-32,-1.89326617253043E-29,
1.));
#7505=DIRECTION('ref_axis',(1.,-2.76101316827354E-30,1.84889274660761E-32));
#7506=DIRECTION('',(1.,-2.76101316827354E-30,1.84889274660761E-32));
#7507=DIRECTION('',(2.76101316827354E-30,1.,1.89326617253043E-29));
#7508=DIRECTION('',(1.,-2.76101316827354E-30,1.84889274660761E-32));
#7509=DIRECTION('center_axis',(-1.,2.76101316827354E-30,-1.84889274660761E-32));
#7510=DIRECTION('ref_axis',(1.84889274661424E-32,-1.89326617253043E-29,
1.));
#7511=DIRECTION('',(1.48235786877505E-31,2.80477395694774E-15,1.));
#7512=DIRECTION('',(1.84889274661424E-32,-1.89326617253043E-29,1.));
#7513=DIRECTION('center_axis',(2.76101316827354E-30,1.,1.89326617253043E-29));
#7514=DIRECTION('ref_axis',(1.84889274661424E-32,-1.89326617253043E-29,
1.));
#7515=DIRECTION('center_axis',(-2.76101316827354E-30,-1.,2.80477395694775E-15));
#7516=DIRECTION('ref_axis',(-1.48235786877505E-31,-2.80477395694774E-15,
-1.));
#7517=DIRECTION('',(9.71252552838514E-30,-2.80477395694774E-15,-1.));
#7518=DIRECTION('',(-1.,2.76101316827354E-30,-1.84889274660761E-32));
#7519=DIRECTION('center_axis',(-2.76101316827354E-30,-1.,2.80477395694775E-15));
#7520=DIRECTION('ref_axis',(-1.48235786877505E-31,-2.80477395694774E-15,
-1.));
#7521=DIRECTION('center_axis',(-1.,-3.5527136788005E-15,-1.84889274661187E-32));
#7522=DIRECTION('ref_axis',(3.5527136788005E-15,-1.,-1.89408790264003E-29));
#7523=DIRECTION('center_axis',(1.,3.46944695195361E-15,-8.75811540203058E-47));
#7524=DIRECTION('ref_axis',(3.46944695195361E-15,-1.,-1.89408790264003E-29));
#7525=DIRECTION('',(1.,3.5527136788005E-15,1.84889274661187E-32));
#7526=DIRECTION('center_axis',(-1.,-3.46944695195361E-15,3.94430452610506E-31));
#7527=DIRECTION('ref_axis',(3.46944695195361E-15,-1.,-1.89326617253043E-29));
#7528=DIRECTION('',(3.46944695195361E-15,-1.,-7.16272919113023E-16));
#7529=DIRECTION('',(1.73472347597681E-15,-0.5,0.866025403784438));
#7530=DIRECTION('',(-1.7347234759768E-15,0.5,0.866025403784439));
#7531=DIRECTION('',(-3.46944695195361E-15,1.,7.16272919113023E-16));
#7532=DIRECTION('',(-1.73472347597681E-15,0.500000000000001,-0.866025403784438));
#7533=DIRECTION('',(1.7347234759768E-15,-0.499999999999999,-0.866025403784439));
#7534=DIRECTION('center_axis',(-1.,-3.5527136788005E-15,-1.84889274661187E-32));
#7535=DIRECTION('ref_axis',(3.5527136788005E-15,-1.,-1.89408790264003E-29));
#7536=DIRECTION('center_axis',(1.,3.46944695195361E-15,-8.75811540203058E-47));
#7537=DIRECTION('ref_axis',(3.46944695195361E-15,-1.,-1.89408790264003E-29));
#7538=DIRECTION('',(1.,3.5527136788005E-15,1.84889274661187E-32));
#7539=DIRECTION('center_axis',(-1.,-3.46944695195361E-15,8.75811540203058E-47));
#7540=DIRECTION('ref_axis',(3.46944695195361E-15,-1.,-1.89326617253043E-29));
#7541=DIRECTION('',(3.46944695195361E-15,-1.,-1.43254583822603E-15));
#7542=DIRECTION('',(1.73472347597681E-15,-0.5,0.866025403784439));
#7543=DIRECTION('',(-1.7347234759768E-15,0.5,0.866025403784439));
#7544=DIRECTION('',(-3.46944695195361E-15,1.,1.43254583822603E-15));
#7545=DIRECTION('',(-1.73472347597681E-15,0.500000000000001,-0.866025403784438));
#7546=DIRECTION('',(1.7347234759768E-15,-0.499999999999999,-0.866025403784439));
#7547=DIRECTION('center_axis',(2.76101316827354E-30,1.,1.89326617253043E-29));
#7548=DIRECTION('ref_axis',(1.84889274661424E-32,-1.89326617253043E-29,
1.));
#7549=DIRECTION('',(-1.,2.76101316827354E-30,-1.84889274660761E-32));
#7550=DIRECTION('',(-1.,-3.40468394218381E-15,1.43802769180918E-32));
#7551=DIRECTION('center_axis',(-2.76101316827354E-30,-1.,2.80477395694775E-15));
#7552=DIRECTION('ref_axis',(-1.48235786877505E-31,-2.80477395694774E-15,
-1.));
#7553=DIRECTION('center_axis',(-1.,-3.46944695195361E-15,8.75811540203058E-47));
#7554=DIRECTION('ref_axis',(0.,0.,1.));
#7555=DIRECTION('center_axis',(-1.,-3.46944695195361E-15,8.75811540203058E-47));
#7556=DIRECTION('ref_axis',(-2.16821980780191E-15,0.624760009711559,0.780816835285468));
#7557=DIRECTION('center_axis',(9.71252552838514E-30,-2.80477395694774E-15,
-1.));
#7558=DIRECTION('ref_axis',(0.707106781186541,-0.707106781186554,-1.36818063249269E-29));
#7559=DIRECTION('center_axis',(-2.55465288107125E-31,1.43254583822603E-15,
-1.));
#7560=DIRECTION('ref_axis',(2.76101316827354E-30,1.,1.43254583822603E-15));
#7561=DIRECTION('',(1.,-2.76101316827354E-30,1.84889274660761E-32));
#7562=DIRECTION('',(1.,-2.76101316827354E-30,1.84889274660761E-32));
#7563=DIRECTION('center_axis',(-2.36658271566304E-30,-0.866025403784438,
-0.500000000000001));
#7564=DIRECTION('ref_axis',(1.18329135783152E-30,0.500000000000001,-0.866025403784438));
#7565=DIRECTION('',(1.,-2.76101316827354E-30,1.84889274660761E-32));
#7566=DIRECTION('center_axis',(-2.36658271566304E-30,-0.866025403784439,
0.499999999999999));
#7567=DIRECTION('ref_axis',(-1.57772181044202E-30,-0.499999999999999,-0.866025403784439));
#7568=DIRECTION('',(1.,-2.76101316827354E-30,1.84889274660761E-32));
#7569=DIRECTION('center_axis',(2.55465288107125E-31,-1.43254583822603E-15,
1.));
#7570=DIRECTION('ref_axis',(-2.76101316827354E-30,-1.,-1.43254583822603E-15));
#7571=DIRECTION('',(1.,-2.76101316827354E-30,1.84889274660761E-32));
#7572=DIRECTION('center_axis',(2.76101316827354E-30,0.866025403784439,0.5));
#7573=DIRECTION('ref_axis',(-9.86076131526265E-31,-0.5,0.866025403784439));
#7574=DIRECTION('',(1.,-2.76101316827354E-30,1.84889274660761E-32));
#7575=DIRECTION('center_axis',(2.76101316827354E-30,0.866025403784439,-0.5));
#7576=DIRECTION('ref_axis',(1.57772181044202E-30,0.5,0.866025403784439));
#7577=DIRECTION('center_axis',(-1.36977107786634E-31,7.16272919113023E-16,
-1.));
#7578=DIRECTION('ref_axis',(2.76101316827354E-30,1.,7.16272919113023E-16));
#7579=DIRECTION('',(1.,-2.76101316827354E-30,1.84889274660761E-32));
#7580=DIRECTION('',(1.,-2.76101316827354E-30,1.84889274660761E-32));
#7581=DIRECTION('center_axis',(-2.36658271566304E-30,-0.866025403784438,
-0.500000000000001));
#7582=DIRECTION('ref_axis',(1.18329135783152E-30,0.500000000000001,-0.866025403784438));
#7583=DIRECTION('',(1.,-2.76101316827354E-30,1.84889274660761E-32));
#7584=DIRECTION('center_axis',(-2.76101316827354E-30,-0.866025403784439,
0.499999999999999));
#7585=DIRECTION('ref_axis',(-1.57772181044202E-30,-0.499999999999999,-0.866025403784439));
#7586=DIRECTION('',(1.,-2.76101316827354E-30,1.84889274660761E-32));
#7587=DIRECTION('center_axis',(1.36977107786634E-31,-7.16272919113023E-16,
1.));
#7588=DIRECTION('ref_axis',(-2.76101316827354E-30,-1.,-7.16272919113023E-16));
#7589=DIRECTION('',(1.,-2.76101316827354E-30,1.84889274660761E-32));
#7590=DIRECTION('center_axis',(2.36658271566304E-30,0.866025403784438,0.5));
#7591=DIRECTION('ref_axis',(-1.18329135783152E-30,-0.5,0.866025403784438));
#7592=DIRECTION('',(1.,-2.76101316827354E-30,1.84889274660761E-32));
#7593=DIRECTION('center_axis',(2.76101316827354E-30,0.866025403784439,-0.5));
#7594=DIRECTION('ref_axis',(1.57772181044202E-30,0.5,0.866025403784439));
#7595=DIRECTION('center_axis',(1.84889274661424E-32,-1.89326617253043E-29,
1.));
#7596=DIRECTION('ref_axis',(1.,-2.76101316827354E-30,1.84889274660761E-32));
#7597=DIRECTION('center_axis',(1.,-2.76101316827354E-30,1.84889274660761E-32));
#7598=DIRECTION('ref_axis',(-9.17031448788577E-32,-0.0455658401899408,0.998961337694199));
#7599=DIRECTION('',(1.,-2.76101316827354E-30,1.84889274660761E-32));
#7600=DIRECTION('center_axis',(-1.,-3.40468394218381E-15,1.43802769180918E-32));
#7601=DIRECTION('ref_axis',(-3.40468394218381E-15,1.,1.89223498180465E-29));
#7602=DIRECTION('',(1.,3.40468394218381E-15,-1.43802769180918E-32));
#7603=DIRECTION('center_axis',(-1.,-3.40468394218381E-15,1.43802769180918E-32));
#7604=DIRECTION('ref_axis',(-3.40468394218381E-15,1.,1.89223498180465E-29));
#7605=DIRECTION('',(1.,3.40468394218381E-15,-1.43802769180918E-32));
#7606=DIRECTION('center_axis',(-4.08562073062058E-14,0.991092799942587,
-0.133173052461689));
#7607=DIRECTION('ref_axis',(1.,4.12242534413247E-14,6.40867265416655E-18));
#7608=DIRECTION('',(-4.08562073062058E-14,0.991092799942587,-0.133173052461689));
#7609=DIRECTION('center_axis',(-4.08562073062058E-14,0.991092799942587,
-0.133173052461689));
#7610=DIRECTION('ref_axis',(-0.999999999998135,2.57181002447074E-7,1.91397791033472E-6));
#7611=DIRECTION('center_axis',(-4.08562073062058E-14,0.991092799942587,
-0.133173052461689));
#7612=DIRECTION('ref_axis',(1.,4.12242534413247E-14,6.40867265416655E-18));
#7613=DIRECTION('center_axis',(-4.08562073062058E-14,0.991092799942587,
-0.133173052461689));
#7614=DIRECTION('ref_axis',(1.,4.12242534413247E-14,6.40867265416743E-18));
#7615=DIRECTION('',(-4.08562073062058E-14,0.991092799942587,-0.133173052461689));
#7616=DIRECTION('center_axis',(-4.08562073062058E-14,0.991092799942587,
-0.133173052461689));
#7617=DIRECTION('ref_axis',(-0.999999999998135,2.57180990145805E-7,1.91397781878693E-6));
#7618=DIRECTION('center_axis',(-4.08562073062058E-14,0.991092799942587,
-0.133173052461689));
#7619=DIRECTION('ref_axis',(1.,4.12242534413247E-14,6.40867265416743E-18));
#7620=DIRECTION('center_axis',(3.46944695195349E-15,-1.,-3.44825974311771E-14));
#7621=DIRECTION('ref_axis',(1.,3.46944695195361E-15,-3.46944695195361E-15));
#7622=DIRECTION('',(-3.46944695195373E-15,3.44724249146112E-14,-1.));
#7623=DIRECTION('center_axis',(1.,3.46944695195361E-15,-8.75811540203058E-47));
#7624=DIRECTION('ref_axis',(-3.46944695195361E-15,1.,1.89326617253043E-29));
#7625=DIRECTION('',(3.94430452610591E-31,-2.22044604925059E-16,1.));
#7626=DIRECTION('center_axis',(1.,3.46944695195361E-15,-8.75811540203058E-47));
#7627=DIRECTION('ref_axis',(-3.40468394218381E-15,1.,1.89223498180465E-29));
#7628=DIRECTION('center_axis',(-1.,-3.40468394218381E-15,1.43802769180918E-32));
#7629=DIRECTION('ref_axis',(-3.40468394218381E-15,1.,1.89223498180465E-29));
#7630=DIRECTION('',(1.,3.40468394218381E-15,-1.43802769180918E-32));
#7631=DIRECTION('center_axis',(1.,4.20774526332938E-14,1.42330424720005E-27));
#7632=DIRECTION('ref_axis',(0.,0.,-1.));
#7633=DIRECTION('center_axis',(1.,4.20774526332938E-14,1.42330424720005E-27));
#7634=DIRECTION('ref_axis',(0.,0.,-1.));
#7635=DIRECTION('center_axis',(-3.46944695195349E-15,1.,3.44607900816576E-14));
#7636=DIRECTION('ref_axis',(-1.,-3.46944695195361E-15,3.46944695195361E-15));
#7637=DIRECTION('',(-3.33452581128827E-14,-5.11942490680168E-15,1.00000000000006));
#7638=DIRECTION('',(2.06779038336432E-14,1.00000000000002,1.95676808090186E-15));
#7639=CARTESIAN_POINT('',(0.,0.,0.));
#7640=CARTESIAN_POINT('',(0.,0.,0.));
#7641=CARTESIAN_POINT('Origin',(58.7159872117944,8.38158078192908,-0.0539818851890511));
#7642=CARTESIAN_POINT('',(56.4159872117944,8.38158078174128,38.1959925792571));
#7643=CARTESIAN_POINT('',(61.0159872117944,8.38158078181338,38.1959925792573));
#7644=CARTESIAN_POINT('Origin',(58.7159872117944,8.38158078192907,38.1959925792741));
#7645=CARTESIAN_POINT('',(56.4162549151618,38.7638515866597,-23.3491282165732));
#7646=CARTESIAN_POINT('Ctrl Pts',(56.4162549151618,38.7638515866597,-23.3491282165729));
#7647=CARTESIAN_POINT('Ctrl Pts',(56.4162892703121,40.714154420806,-20.8091815512918));
#7648=CARTESIAN_POINT('Ctrl Pts',(56.4163211921468,42.3420688337147,-18.0287300284949));
#7649=CARTESIAN_POINT('Ctrl Pts',(56.4163869029088,45.5602945056865,-10.4895846923395));
#7650=CARTESIAN_POINT('Ctrl Pts',(56.4164107779613,46.6022817119788,-5.57020234499337));
#7651=CARTESIAN_POINT('Ctrl Pts',(56.416413873718,46.7417682842693,4.39050050056191));
#7652=CARTESIAN_POINT('Ctrl Pts',(56.416393054954,45.8381531688705,9.33658347735267));
#7653=CARTESIAN_POINT('Ctrl Pts',(56.416317625446,42.186122754351,18.6035218636281));
#7654=CARTESIAN_POINT('Ctrl Pts',(56.4162641061877,39.4728068100586,22.8358700480344));
#7655=CARTESIAN_POINT('Ctrl Pts',(56.4161535741424,32.5769973846448,30.0222268615128));
#7656=CARTESIAN_POINT('Ctrl Pts',(56.4160981558941,28.4605100109858,32.9076509110649));
#7657=CARTESIAN_POINT('Ctrl Pts',(56.4160161314705,19.3534602147702,36.9385060731743));
#7658=CARTESIAN_POINT('Ctrl Pts',(56.4159907086034,14.4499481310778,38.0454639091812));
#7659=CARTESIAN_POINT('Ctrl Pts',(56.4159873267974,9.10855568900665,38.1916544626686));
#7660=CARTESIAN_POINT('Ctrl Pts',(56.4159872117944,8.74495787791021,38.1964124636061));
#7661=CARTESIAN_POINT('Ctrl Pts',(56.4159872117944,8.38158078155359,38.1959925792571));
#7662=CARTESIAN_POINT('',(56.4159872117944,8.38158079631364,-38.3039563496522));
#7663=CARTESIAN_POINT('Ctrl Pts',(56.4159872117944,8.38158079631364,-38.3039563496522));
#7664=CARTESIAN_POINT('Ctrl Pts',(56.4159872117942,13.3634505000427,-38.3097129271582));
#7665=CARTESIAN_POINT('Ctrl Pts',(56.4160095866102,18.2987932978277,-37.3421186660318));
#7666=CARTESIAN_POINT('Ctrl Pts',(56.4160873123584,27.5205511897587,-33.5692159886748));
#7667=CARTESIAN_POINT('Ctrl Pts',(56.4161415395443,31.7187653985682,-30.8000064308386));
#7668=CARTESIAN_POINT('Ctrl Pts',(56.416216480703,36.5256250126591,-26.0650909794679));
#7669=CARTESIAN_POINT('Ctrl Pts',(56.4162360571491,37.6933036441998,-24.743339735352));
#7670=CARTESIAN_POINT('Ctrl Pts',(56.4162549151618,38.7638515866585,-23.3491282165744));
#7671=CARTESIAN_POINT('',(56.4162538479141,-21.9122938874688,-23.3491282165735));
#7672=CARTESIAN_POINT('Ctrl Pts',(56.4162538479141,-21.9122938874789,-23.3491282165604));
#7673=CARTESIAN_POINT('Ctrl Pts',(56.4162424653764,-21.2660137335725,-24.1908011573023));
#7674=CARTESIAN_POINT('Ctrl Pts',(56.4162308172534,-20.5839688844492,-25.0065430427872));
#7675=CARTESIAN_POINT('Ctrl Pts',(56.416164003666,-16.5153918208181,-29.4787152977789));
#7676=CARTESIAN_POINT('Ctrl Pts',(56.4161076736493,-12.4754447644743,-32.4733554486737));
#7677=CARTESIAN_POINT('Ctrl Pts',(56.4160406974765,-5.42739085612904,-35.8185715792427));
#7678=CARTESIAN_POINT('Ctrl Pts',(56.4160210158622,-2.75363206745253,-36.7423582246737));
#7679=CARTESIAN_POINT('Ctrl Pts',(56.4159942236447,2.74881972717031,-37.9853937356921));
#7680=CARTESIAN_POINT('Ctrl Pts',(56.4159872117945,5.56070163801255,-38.3006968084608));
#7681=CARTESIAN_POINT('Ctrl Pts',(56.4159872117944,8.38158079631364,-38.3039563496522));
#7682=CARTESIAN_POINT('',(56.4164082615443,-29.6814798516169,-3.35539586693941));
#7683=CARTESIAN_POINT('Ctrl Pts',(56.4164082615429,-29.6814798516169,-3.35539586693939));
#7684=CARTESIAN_POINT('Ctrl Pts',(56.4164018750209,-29.3930003841784,-6.6852302216836));
#7685=CARTESIAN_POINT('Ctrl Pts',(56.4163857553163,-28.6686795249852,-9.97000909576827));
#7686=CARTESIAN_POINT('Ctrl Pts',(56.4163338659525,-26.1835567329698,-16.8049745262611));
#7687=CARTESIAN_POINT('Ctrl Pts',(56.4162957249284,-24.2899959361415,-20.2525648091776));
#7688=CARTESIAN_POINT('Ctrl Pts',(56.4162538479141,-21.9122938874688,-23.3491282165735));
#7689=CARTESIAN_POINT('',(56.415987211796,-29.7300300244796,-3.30446927524773));
#7690=CARTESIAN_POINT('Ctrl Pts',(56.4164082615443,-29.6814798515532,-3.35539586687864));
#7691=CARTESIAN_POINT('Ctrl Pts',(56.4161601950989,-29.6957922964937,-3.34039365247057));
#7692=CARTESIAN_POINT('Ctrl Pts',(56.4160217994343,-29.7100927696876,-3.32539444232619));
#7693=CARTESIAN_POINT('Ctrl Pts',(56.4159891155712,-29.7262632042907,-3.30842314906843));
#7694=CARTESIAN_POINT('Ctrl Pts',(56.415987211796,-29.7281466293411,-3.30644627854852));
#7695=CARTESIAN_POINT('Ctrl Pts',(56.415987211796,-29.7300300244796,-3.30446927524773));
#7696=CARTESIAN_POINT('',(61.015987211796,-29.7300300244794,-3.30446927524773));
#7697=CARTESIAN_POINT('Ctrl Pts',(56.415987211796,-29.7300300244796,-3.30446927524773));
#7698=CARTESIAN_POINT('Ctrl Pts',(56.415987211796,-29.7323093042872,-3.30664063455058));
#7699=CARTESIAN_POINT('Ctrl Pts',(56.4159911442786,-29.7345885138659,-3.30881209582258));
#7700=CARTESIAN_POINT('Ctrl Pts',(56.4167098402143,-29.9428333921118,-3.50722755107198));
#7701=CARTESIAN_POINT('Ctrl Pts',(56.4495443266735,-30.1486027594891,-3.7046842391419));
#7702=CARTESIAN_POINT('Ctrl Pts',(56.5851877722977,-30.557524996196,-4.09966961522142));
#7703=CARTESIAN_POINT('Ctrl Pts',(56.6921396672582,-30.7609332950397,-4.29760010090868));
#7704=CARTESIAN_POINT('Ctrl Pts',(56.9801445528793,-31.1301175653318,-4.65893557876357));
#7705=CARTESIAN_POINT('Ctrl Pts',(57.1592936400165,-31.2968003171593,-4.82316353277558));
#7706=CARTESIAN_POINT('Ctrl Pts',(57.5864445004207,-31.5721133267351,-5.09547590133821));
#7707=CARTESIAN_POINT('Ctrl Pts',(57.8299691250735,-31.6797003548398,-5.20247282644836));
#7708=CARTESIAN_POINT('Ctrl Pts',(58.2976125999215,-31.7960394965347,-5.31830880800534));
#7709=CARTESIAN_POINT('Ctrl Pts',(58.5052257898043,-31.8218453380471,-5.34406291332418));
#7710=CARTESIAN_POINT('Ctrl Pts',(58.9267486337881,-31.8218453380471,-5.3440629133238));
#7711=CARTESIAN_POINT('Ctrl Pts',(59.1343618236711,-31.7960394965348,-5.31830880800452));
#7712=CARTESIAN_POINT('Ctrl Pts',(59.6020052985192,-31.6797003548397,-5.20247282644643));
#7713=CARTESIAN_POINT('Ctrl Pts',(59.8455299231721,-31.5721133267349,-5.09547590133561));
#7714=CARTESIAN_POINT('Ctrl Pts',(60.272680783576,-31.2968003171593,-4.82316353277158));
#7715=CARTESIAN_POINT('Ctrl Pts',(60.451829870713,-31.1301175653321,-4.65893557875886));
#7716=CARTESIAN_POINT('Ctrl Pts',(60.7398347563296,-30.7609332950458,-4.29760010090679));
#7717=CARTESIAN_POINT('Ctrl Pts',(60.846786651288,-30.5575249962084,-4.09966961522419));
#7718=CARTESIAN_POINT('Ctrl Pts',(60.9824300784724,-30.1486028151069,-3.70468429284397));
#7719=CARTESIAN_POINT('Ctrl Pts',(61.0152645822096,-29.9428336932454,-3.50722787899706));
#7720=CARTESIAN_POINT('Ctrl Pts',(61.0159832793412,-29.7345885063407,-3.30881208677546));
#7721=CARTESIAN_POINT('Ctrl Pts',(61.015987211796,-29.73230931329,-3.30664064312725));
#7722=CARTESIAN_POINT('Ctrl Pts',(61.015987211796,-29.7300300244794,-3.30446927524773));
#7723=CARTESIAN_POINT('',(61.0155661620486,-29.681479851644,-3.35539586662627));
#7724=CARTESIAN_POINT('Ctrl Pts',(61.015987211796,-29.7300300244794,-3.30446927524773));
#7725=CARTESIAN_POINT('Ctrl Pts',(61.015987211796,-29.7281466644127,-3.3064462417336));
#7726=CARTESIAN_POINT('Ctrl Pts',(61.0159853079473,-29.7262631676351,-3.30842318526792));
#7727=CARTESIAN_POINT('Ctrl Pts',(61.0159526142413,-29.710087866952,-3.32539959047997));
#7728=CARTESIAN_POINT('Ctrl Pts',(61.0158141441017,-29.6957874274827,-3.34039875588063));
#7729=CARTESIAN_POINT('Ctrl Pts',(61.0155661620486,-29.6814798516235,-3.35539586660676));
#7730=CARTESIAN_POINT('',(61.0157205756772,-21.9122938874692,-23.3491282165733));
#7731=CARTESIAN_POINT('Ctrl Pts',(61.0157205756772,-21.9122938874692,-23.3491282165729));
#7732=CARTESIAN_POINT('Ctrl Pts',(61.0156859682038,-23.8772444039845,-20.7901053692057));
#7733=CARTESIAN_POINT('Ctrl Pts',(61.0156538144758,-25.5148267470411,-17.9871053847361));
#7734=CARTESIAN_POINT('Ctrl Pts',(61.0155956872501,-28.3574405615418,-11.2930716346307));
#7735=CARTESIAN_POINT('Ctrl Pts',(61.0155738446751,-29.3344553111836,-7.36099893537462));
#7736=CARTESIAN_POINT('Ctrl Pts',(61.015566162049,-29.6814798524222,-3.35539585764374));
#7737=CARTESIAN_POINT('',(61.0159872117944,8.38158079631165,-38.3039563496522));
#7738=CARTESIAN_POINT('Ctrl Pts',(61.0159872117944,8.38158079631165,-38.3039563496522));
#7739=CARTESIAN_POINT('Ctrl Pts',(61.0159872117946,3.40193723557381,-38.2982023444663));
#7740=CARTESIAN_POINT('Ctrl Pts',(61.0159648562676,-1.52899507972961,-37.3200771879516));
#7741=CARTESIAN_POINT('Ctrl Pts',(61.0158871971622,-10.7388038908251,-33.5290561175676));
#7742=CARTESIAN_POINT('Ctrl Pts',(61.0158330130849,-14.9296266989403,-30.7523020043671));
#7743=CARTESIAN_POINT('Ctrl Pts',(61.0157584360291,-19.7075965553665,-26.0271057836209));
#7744=CARTESIAN_POINT('Ctrl Pts',(61.0157391594425,-20.8571408937878,-24.7232903624406));
#7745=CARTESIAN_POINT('Ctrl Pts',(61.0157205756772,-21.9122938874683,-23.3491282165741));
#7746=CARTESIAN_POINT('',(61.0157195084245,38.7638515866593,-23.3491282165735));
#7747=CARTESIAN_POINT('Ctrl Pts',(61.0157195084245,38.7638515866691,-23.3491282165606));
#7748=CARTESIAN_POINT('Ctrl Pts',(61.0157312522788,38.097166326927,-24.2173754305973));
#7749=CARTESIAN_POINT('Ctrl Pts',(61.0157432806879,37.3924415511766,-25.0580032817272));
#7750=CARTESIAN_POINT('Ctrl Pts',(61.0158105183045,33.2905209725332,-29.5430382585784));
#7751=CARTESIAN_POINT('Ctrl Pts',(61.0158668307691,29.2443192030848,-32.526250425968));
#7752=CARTESIAN_POINT('Ctrl Pts',(61.0159337757061,22.1899361647417,-35.8528823758111));
#7753=CARTESIAN_POINT('Ctrl Pts',(61.0159534454468,19.5143822376236,-36.7698664290366));
#7754=CARTESIAN_POINT('Ctrl Pts',(61.0159802096431,14.0112544200155,-37.9988306048706));
#7755=CARTESIAN_POINT('Ctrl Pts',(61.0159872117943,11.2005471134682,-38.3072136805455));
#7756=CARTESIAN_POINT('Ctrl Pts',(61.0159872117944,8.38158079631164,-38.3039563496522));
#7757=CARTESIAN_POINT('Ctrl Pts',(61.0159872117944,8.38158078169758,38.1959925792573));
#7758=CARTESIAN_POINT('Ctrl Pts',(61.0159872117942,13.0525718637171,38.2013899366119));
#7759=CARTESIAN_POINT('Ctrl Pts',(61.0159676142595,17.6880404208945,37.3510866865639));
#7760=CARTESIAN_POINT('Ctrl Pts',(61.015896017198,26.711899922785,33.9092203756804));
#7761=CARTESIAN_POINT('Ctrl Pts',(61.0158429588266,30.9752776047002,31.2414081524452));
#7762=CARTESIAN_POINT('Ctrl Pts',(61.0157324951458,38.2389365716142,24.421608046333));
#7763=CARTESIAN_POINT('Ctrl Pts',(61.0156766850957,41.1698110057213,20.3349178892925));
#7764=CARTESIAN_POINT('Ctrl Pts',(61.015593246501,45.2995867267964,11.268415212227));
#7765=CARTESIAN_POINT('Ctrl Pts',(61.0155668194017,46.4591549233535,6.37537950068564));
#7766=CARTESIAN_POINT('Ctrl Pts',(61.015558433016,46.8372579970339,-3.57918925957208));
#7767=CARTESIAN_POINT('Ctrl Pts',(61.0155765895589,46.0523958950944,-8.54553692749323));
#7768=CARTESIAN_POINT('Ctrl Pts',(61.0156401791046,43.001472480211,-16.8662532101454));
#7769=CARTESIAN_POINT('Ctrl Pts',(61.01567799881,41.120305204104,-20.2802373742248));
#7770=CARTESIAN_POINT('Ctrl Pts',(61.0157195084245,38.7638515866593,-23.3491282165735));
#7771=CARTESIAN_POINT('Origin',(16.2159872117889,8.38158078192729,-0.0539818851890511));
#7772=CARTESIAN_POINT('',(13.9159872117889,8.38158078173949,38.1959925792571));
#7773=CARTESIAN_POINT('',(18.5159872117889,8.38158078181159,38.1959925792573));
#7774=CARTESIAN_POINT('Origin',(16.2159872117889,8.38158078192728,38.1959925792741));
#7775=CARTESIAN_POINT('',(13.9162549151563,38.7638515866597,-23.3491282165731));
#7776=CARTESIAN_POINT('Ctrl Pts',(13.9162549151563,38.7638515866597,-23.3491282165727));
#7777=CARTESIAN_POINT('Ctrl Pts',(13.9162892703067,40.7141544208056,-20.8091815512921));
#7778=CARTESIAN_POINT('Ctrl Pts',(13.9163211921413,42.3420688337141,-18.0287300284958));
#7779=CARTESIAN_POINT('Ctrl Pts',(13.9163869029033,45.560294505686,-10.489584692341));
#7780=CARTESIAN_POINT('Ctrl Pts',(13.9164107779559,46.6022817119784,-5.57020234499493));
#7781=CARTESIAN_POINT('Ctrl Pts',(13.9164138737125,46.7417682842693,4.39050050056027));
#7782=CARTESIAN_POINT('Ctrl Pts',(13.9163930549485,45.8381531688708,9.33658347735103));
#7783=CARTESIAN_POINT('Ctrl Pts',(13.9163176254405,42.1861227543516,18.6035218636267));
#7784=CARTESIAN_POINT('Ctrl Pts',(13.9162641061822,39.4728068100593,22.8358700480332));
#7785=CARTESIAN_POINT('Ctrl Pts',(13.9161535741369,32.5769973846459,30.0222268615118));
#7786=CARTESIAN_POINT('Ctrl Pts',(13.9160981558886,28.4605100109871,32.907650911064));
#7787=CARTESIAN_POINT('Ctrl Pts',(13.916016131465,19.3534602147719,36.9385060731737));
#7788=CARTESIAN_POINT('Ctrl Pts',(13.9159907085979,14.4499481310795,38.0454639091809));
#7789=CARTESIAN_POINT('Ctrl Pts',(13.9159873267919,9.10855568900724,38.1916544626686));
#7790=CARTESIAN_POINT('Ctrl Pts',(13.9159872117889,8.7449578779096,38.1964124636062));
#7791=CARTESIAN_POINT('Ctrl Pts',(13.9159872117889,8.3815807815518,38.1959925792571));
#7792=CARTESIAN_POINT('',(13.9159872117889,8.38158079631148,-38.3039563496522));
#7793=CARTESIAN_POINT('Ctrl Pts',(13.9159872117889,8.38158079631148,-38.3039563496522));
#7794=CARTESIAN_POINT('Ctrl Pts',(13.9159872117887,13.3634505000406,-38.3097129271585));
#7795=CARTESIAN_POINT('Ctrl Pts',(13.9160095866047,18.2987932978257,-37.3421186660323));
#7796=CARTESIAN_POINT('Ctrl Pts',(13.9160873123529,27.520551189757,-33.5692159886757));
#7797=CARTESIAN_POINT('Ctrl Pts',(13.9161415395389,31.7187653985666,-30.8000064308397));
#7798=CARTESIAN_POINT('Ctrl Pts',(13.9162164806975,36.5256250126583,-26.0650909794688));
#7799=CARTESIAN_POINT('Ctrl Pts',(13.9162360571436,37.6933036441994,-24.7433397353524));
#7800=CARTESIAN_POINT('Ctrl Pts',(13.9162549151563,38.7638515866585,-23.3491282165742));
#7801=CARTESIAN_POINT('',(13.9162538479086,-21.9122938874691,-23.3491282165734));
#7802=CARTESIAN_POINT('Ctrl Pts',(13.9162538479086,-21.9122938874791,-23.3491282165602));
#7803=CARTESIAN_POINT('Ctrl Pts',(13.9162424653709,-21.2660137335731,-24.1908011573017));
#7804=CARTESIAN_POINT('Ctrl Pts',(13.9162308172479,-20.5839688844503,-25.0065430427861));
#7805=CARTESIAN_POINT('Ctrl Pts',(13.9161640036605,-16.5153918208198,-29.4787152977776));
#7806=CARTESIAN_POINT('Ctrl Pts',(13.9161076736438,-12.4754447644761,-32.4733554486727));
#7807=CARTESIAN_POINT('Ctrl Pts',(13.916040697471,-5.42739085613095,-35.818571579242));
#7808=CARTESIAN_POINT('Ctrl Pts',(13.9160210158567,-2.75363206745451,-36.7423582246732));
#7809=CARTESIAN_POINT('Ctrl Pts',(13.9159942236392,2.74881972716813,-37.9853937356917));
#7810=CARTESIAN_POINT('Ctrl Pts',(13.915987211789,5.56070163801037,-38.3006968084606));
#7811=CARTESIAN_POINT('Ctrl Pts',(13.9159872117889,8.38158079631148,-38.3039563496522));
#7812=CARTESIAN_POINT('',(13.9164082615388,-29.6814798515955,-3.35539586718735));
#7813=CARTESIAN_POINT('Ctrl Pts',(13.9164082615375,-29.6814798515955,-3.35539586718734));
#7814=CARTESIAN_POINT('Ctrl Pts',(13.9164018750155,-29.3930003841427,-6.68523022184598));
#7815=CARTESIAN_POINT('Ctrl Pts',(13.9163857553109,-28.6686795249571,-9.9700090958452));
#7816=CARTESIAN_POINT('Ctrl Pts',(13.916333865947,-26.1835567329707,-16.8049745262598));
#7817=CARTESIAN_POINT('Ctrl Pts',(13.9162957249229,-24.2899959361421,-20.252564809177));
#7818=CARTESIAN_POINT('Ctrl Pts',(13.9162538479086,-21.9122938874691,-23.3491282165733));
#7819=CARTESIAN_POINT('',(13.9159872117905,-29.7300300244813,-3.3044692752479));
#7820=CARTESIAN_POINT('Ctrl Pts',(13.9164082615388,-29.6814798515319,-3.35539586712668));
#7821=CARTESIAN_POINT('Ctrl Pts',(13.916160195237,-29.695792288182,-3.34039366147459));
#7822=CARTESIAN_POINT('Ctrl Pts',(13.9160217994409,-29.7100927598036,-3.3253944497615));
#7823=CARTESIAN_POINT('Ctrl Pts',(13.9159891154832,-29.7262632454083,-3.30842310848167));
#7824=CARTESIAN_POINT('Ctrl Pts',(13.9159872117905,-29.7281465900237,-3.30644631982207));
#7825=CARTESIAN_POINT('Ctrl Pts',(13.9159872117905,-29.7300300244813,-3.3044692752479));
#7826=CARTESIAN_POINT('',(18.5159872117905,-29.7300300244811,-3.30446927524791));
#7827=CARTESIAN_POINT('Ctrl Pts',(13.9159872117905,-29.7300300244813,-3.3044692752479));
#7828=CARTESIAN_POINT('Ctrl Pts',(13.9159872117905,-29.7323092940567,-3.30664062480291));
#7829=CARTESIAN_POINT('Ctrl Pts',(13.9159911443046,-29.734588522421,-3.30881210609249));
#7830=CARTESIAN_POINT('Ctrl Pts',(13.9167098388809,-29.942833049805,-3.50722717861175));
#7831=CARTESIAN_POINT('Ctrl Pts',(13.9495443057044,-30.1486026962805,-3.70468417810909));
#7832=CARTESIAN_POINT('Ctrl Pts',(14.0851877722834,-30.5575249961802,-4.09966961521524));
#7833=CARTESIAN_POINT('Ctrl Pts',(14.1921396672467,-30.7609332950328,-4.29760010090955));
#7834=CARTESIAN_POINT('Ctrl Pts',(14.4801445528739,-31.1301175653332,-4.65893557876911));
#7835=CARTESIAN_POINT('Ctrl Pts',(14.6592936400113,-31.2968003171608,-4.8231635327803));
#7836=CARTESIAN_POINT('Ctrl Pts',(15.0864445004158,-31.5721133267368,-5.09547590134131));
#7837=CARTESIAN_POINT('Ctrl Pts',(15.3299691250687,-31.6797003548415,-5.2024728264507));
#7838=CARTESIAN_POINT('Ctrl Pts',(15.7976125999164,-31.7960394965365,-5.31830880800643));
#7839=CARTESIAN_POINT('Ctrl Pts',(16.0052257897991,-31.8218453380488,-5.34406291332479));
#7840=CARTESIAN_POINT('Ctrl Pts',(16.4267486337828,-31.821845338049,-5.34406291332353));
#7841=CARTESIAN_POINT('Ctrl Pts',(16.6343618236661,-31.7960394965366,-5.31830880800377));
#7842=CARTESIAN_POINT('Ctrl Pts',(17.1020052985144,-31.6797003548415,-5.20247282644441));
#7843=CARTESIAN_POINT('Ctrl Pts',(17.3455299231673,-31.5721133267367,-5.09547590133283));
#7844=CARTESIAN_POINT('Ctrl Pts',(17.7726807835708,-31.2968003171613,-4.82316353276719));
#7845=CARTESIAN_POINT('Ctrl Pts',(17.9518298707076,-31.1301175653343,-4.65893557875366));
#7846=CARTESIAN_POINT('Ctrl Pts',(18.2398347563181,-30.7609332950562,-4.29760010090624));
#7847=CARTESIAN_POINT('Ctrl Pts',(18.3467866512736,-30.5575249962277,-4.09966961523068));
#7848=CARTESIAN_POINT('Ctrl Pts',(18.4824300576836,-30.1486028777757,-3.70468435335213));
#7849=CARTESIAN_POINT('Ctrl Pts',(18.5152645808865,-29.9428340324238,-3.50722824865196));
#7850=CARTESIAN_POINT('Ctrl Pts',(18.515983279367,-29.7345884978786,-3.30881207658304));
#7851=CARTESIAN_POINT('Ctrl Pts',(18.5159872117905,-29.732309323441,-3.30664065279613));
#7852=CARTESIAN_POINT('Ctrl Pts',(18.5159872117905,-29.7300300244811,-3.30446927524791));
#7853=CARTESIAN_POINT('',(18.5155661620431,-29.6814798516654,-3.35539586638105));
#7854=CARTESIAN_POINT('Ctrl Pts',(18.5159872117905,-29.7300300244811,-3.30446927524791));
#7855=CARTESIAN_POINT('Ctrl Pts',(18.5159872117905,-29.728146704458,-3.30644619970001));
#7856=CARTESIAN_POINT('Ctrl Pts',(18.5159853078578,-29.7262631257897,-3.30842322661274));
#7857=CARTESIAN_POINT('Ctrl Pts',(18.5159526142685,-29.7100878870933,-3.32539957229635));
#7858=CARTESIAN_POINT('Ctrl Pts',(18.5158141444065,-29.6957874454195,-3.34039873679009));
#7859=CARTESIAN_POINT('Ctrl Pts',(18.5155661620431,-29.6814798516449,-3.35539586636149));
#7860=CARTESIAN_POINT('',(18.5157205756717,-21.9122938874695,-23.3491282165731));
#7861=CARTESIAN_POINT('Ctrl Pts',(18.5157205756717,-21.9122938874695,-23.3491282165728));
#7862=CARTESIAN_POINT('Ctrl Pts',(18.5156859681983,-23.8772444039835,-20.7901053692072));
#7863=CARTESIAN_POINT('Ctrl Pts',(18.5156538144702,-25.5148267470392,-17.9871053847396));
#7864=CARTESIAN_POINT('Ctrl Pts',(18.5155956872446,-28.3574405615731,-11.2930716345591));
#7865=CARTESIAN_POINT('Ctrl Pts',(18.5155738446695,-29.3344553112234,-7.36099893521625));
#7866=CARTESIAN_POINT('Ctrl Pts',(18.5155661620435,-29.6814798524436,-3.35539585739851));
#7867=CARTESIAN_POINT('',(18.5159872117889,8.38158079631752,-38.3039563496522));
#7868=CARTESIAN_POINT('Ctrl Pts',(18.5159872117889,8.38158079631752,-38.3039563496522));
#7869=CARTESIAN_POINT('Ctrl Pts',(18.5159872117891,3.40193723557974,-38.2982023444671));
#7870=CARTESIAN_POINT('Ctrl Pts',(18.5159648562621,-1.52899507972378,-37.3200771879532));
#7871=CARTESIAN_POINT('Ctrl Pts',(18.5158871971566,-10.7388038908199,-33.5290561175707));
#7872=CARTESIAN_POINT('Ctrl Pts',(18.5158330130794,-14.9296266989355,-30.7523020043708));
#7873=CARTESIAN_POINT('Ctrl Pts',(18.5157584360236,-19.707596555364,-26.0271057836239));
#7874=CARTESIAN_POINT('Ctrl Pts',(18.515739159437,-20.8571408937868,-24.7232903624421));
#7875=CARTESIAN_POINT('Ctrl Pts',(18.5157205756717,-21.9122938874685,-23.349128216574));
#7876=CARTESIAN_POINT('',(18.515719508419,38.7638515866592,-23.3491282165734));
#7877=CARTESIAN_POINT('Ctrl Pts',(18.515719508419,38.7638515866691,-23.3491282165605));
#7878=CARTESIAN_POINT('Ctrl Pts',(18.5157312522733,38.0971663269281,-24.2173754305957));
#7879=CARTESIAN_POINT('Ctrl Pts',(18.5157432806824,37.3924415511789,-25.0580032817242));
#7880=CARTESIAN_POINT('Ctrl Pts',(18.515810518299,33.2905209725375,-29.5430382585747));
#7881=CARTESIAN_POINT('Ctrl Pts',(18.5158668307636,29.2443192030896,-32.5262504259648));
#7882=CARTESIAN_POINT('Ctrl Pts',(18.5159337757006,22.189936164747,-35.8528823758091));
#7883=CARTESIAN_POINT('Ctrl Pts',(18.5159534454413,19.514382237629,-36.7698664290349));
#7884=CARTESIAN_POINT('Ctrl Pts',(18.5159802096376,14.0112544200213,-37.9988306048697));
#7885=CARTESIAN_POINT('Ctrl Pts',(18.5159872117888,11.200547113474,-38.3072136805451));
#7886=CARTESIAN_POINT('Ctrl Pts',(18.5159872117889,8.38158079631752,-38.3039563496522));
#7887=CARTESIAN_POINT('Ctrl Pts',(18.5159872117889,8.38158078169581,38.1959925792573));
#7888=CARTESIAN_POINT('Ctrl Pts',(18.5159872117887,13.0525718637139,38.2013899366121));
#7889=CARTESIAN_POINT('Ctrl Pts',(18.515967614254,17.6880404208899,37.3510866865648));
#7890=CARTESIAN_POINT('Ctrl Pts',(18.5158960171925,26.7118999227797,33.9092203756832));
#7891=CARTESIAN_POINT('Ctrl Pts',(18.5158429588211,30.9752776046953,31.2414081524486));
#7892=CARTESIAN_POINT('Ctrl Pts',(18.5157324951402,38.2389365716105,24.4216080463374));
#7893=CARTESIAN_POINT('Ctrl Pts',(18.5156766850902,41.1698110057181,20.3349178892973));
#7894=CARTESIAN_POINT('Ctrl Pts',(18.5155932464955,45.2995867267946,11.2684152122324));
#7895=CARTESIAN_POINT('Ctrl Pts',(18.5155668193962,46.4591549233524,6.37537950069125));
#7896=CARTESIAN_POINT('Ctrl Pts',(18.5155584330105,46.8372579970343,-3.57918925956651));
#7897=CARTESIAN_POINT('Ctrl Pts',(18.5155765895533,46.0523958950955,-8.54553692748778));
#7898=CARTESIAN_POINT('Ctrl Pts',(18.5156401790991,43.0014724802127,-16.866253210142));
#7899=CARTESIAN_POINT('Ctrl Pts',(18.5156779988045,41.1203052041051,-20.2802373742232));
#7900=CARTESIAN_POINT('Ctrl Pts',(18.5157195084189,38.7638515866592,-23.3491282165733));
#7901=CARTESIAN_POINT('Origin',(62.7159872117956,28.3817788495965,-54.8265423972733));
#7902=CARTESIAN_POINT('',(12.2159872117927,28.3817788495989,-64.8265423972734));
#7903=CARTESIAN_POINT('',(12.2159872117927,28.3817788495989,-54.8265423972733));
#7904=CARTESIAN_POINT('',(12.2159872117927,28.381778849599,-27.4402621412312));
#7905=CARTESIAN_POINT('',(62.7159872117956,28.3817788495965,-64.8265423972734));
#7906=CARTESIAN_POINT('',(62.7159872117956,28.3817788495965,-64.8265423972734));
#7907=CARTESIAN_POINT('',(62.7159872117956,28.3817788495965,-54.8265423972733));
#7908=CARTESIAN_POINT('',(62.7159872117927,28.3817788495966,-27.4402621412312));
#7909=CARTESIAN_POINT('',(62.7159872117956,28.3817788495965,-54.8265423972733));
#7910=CARTESIAN_POINT('Origin',(62.7159872117954,23.3817788495965,-54.8265423972734));
#7911=CARTESIAN_POINT('',(12.2159872117927,23.3817788495989,-49.8265423972734));
#7912=CARTESIAN_POINT('Origin',(12.2159872117935,23.3817788495989,-54.8265423972734));
#7913=CARTESIAN_POINT('',(62.7159872117954,23.3817788495965,-49.8265423972734));
#7914=CARTESIAN_POINT('Origin',(62.7159872117935,23.3817788495965,-54.8265423972734));
#7915=CARTESIAN_POINT('',(62.7159872117954,23.3817788495965,-49.8265423972734));
#7916=CARTESIAN_POINT('Origin',(62.715987211794,-6.61822115040348,-49.8265423972734));
#7917=CARTESIAN_POINT('',(12.2159872117928,-6.61822115040107,-49.8265423972734));
#7918=CARTESIAN_POINT('',(12.2159872117928,0.903778849595724,-49.8265423972734));
#7919=CARTESIAN_POINT('',(62.715987211794,-6.61822115040348,-49.8265423972734));
#7920=CARTESIAN_POINT('',(62.7159872117928,0.903778849595896,-49.8265423972734));
#7921=CARTESIAN_POINT('',(62.715987211794,-6.61822115040348,-49.8265423972734));
#7922=CARTESIAN_POINT('Origin',(62.715987211794,-6.61822115040347,-54.8265423972734));
#7923=CARTESIAN_POINT('',(12.2159872117928,-11.6182211504011,-54.8265423972734));
#7924=CARTESIAN_POINT('Origin',(12.2159872117921,-6.61822115040106,-54.8265423972734));
#7925=CARTESIAN_POINT('',(62.7159872117937,-11.6182211504035,-54.8265423972734));
#7926=CARTESIAN_POINT('Origin',(62.7159872117921,-6.61822115040347,-54.8265423972734));
#7927=CARTESIAN_POINT('',(62.7159872117937,-11.6182211504035,-54.8265423972734));
#7928=CARTESIAN_POINT('Origin',(62.7159872117937,-11.6182211504035,-64.8265423972734));
#7929=CARTESIAN_POINT('',(12.2159872117928,-11.6182211504011,-64.8265423972734));
#7930=CARTESIAN_POINT('',(12.2159872117928,-11.6182211504011,-32.4402621412312));
#7931=CARTESIAN_POINT('',(62.7159872117937,-11.6182211504035,-64.8265423972734));
#7932=CARTESIAN_POINT('',(62.7159872117928,-11.6182211504035,-32.4402621412312));
#7933=CARTESIAN_POINT('',(62.7159872117937,-11.6182211504035,-64.8265423972734));
#7934=CARTESIAN_POINT('Origin',(62.715987211794,-6.61822115040346,-64.8265423972734));
#7935=CARTESIAN_POINT('',(12.2159872117928,-6.61822115040104,-69.8265423972734));
#7936=CARTESIAN_POINT('Origin',(12.2159872117921,-6.61822115040105,-64.8265423972734));
#7937=CARTESIAN_POINT('',(62.715987211794,-6.61822115040345,-69.8265423972734));
#7938=CARTESIAN_POINT('Origin',(62.7159872117921,-6.61822115040346,-64.8265423972734));
#7939=CARTESIAN_POINT('',(62.715987211794,-6.61822115040345,-69.8265423972734));
#7940=CARTESIAN_POINT('Origin',(62.7159872117954,23.3817788495966,-69.8265423972734));
#7941=CARTESIAN_POINT('',(12.2159872117927,23.381778849599,-69.8265423972734));
#7942=CARTESIAN_POINT('',(12.2159872117927,15.9037788495957,-69.8265423972734));
#7943=CARTESIAN_POINT('',(62.7159872117954,23.3817788495966,-69.8265423972734));
#7944=CARTESIAN_POINT('',(62.7159872117927,15.9037788495959,-69.8265423972734));
#7945=CARTESIAN_POINT('',(62.7159872117954,23.3817788495966,-69.8265423972734));
#7946=CARTESIAN_POINT('Origin',(62.7159872117954,23.3817788495966,-64.8265423972734));
#7947=CARTESIAN_POINT('Origin',(12.2159872117935,23.381778849599,-64.8265423972734));
#7948=CARTESIAN_POINT('Origin',(62.7159872117935,23.3817788495966,-64.8265423972734));
#7949=CARTESIAN_POINT('Origin',(40.4659872117924,53.4139769172521,-43.3491282165732));
#7950=CARTESIAN_POINT('',(40.4659872117924,53.4139769172522,-43.3491282165736));
#7951=CARTESIAN_POINT('',(40.4659872117914,43.4139769172575,-43.3491282165623));
#7952=CARTESIAN_POINT('',(40.4659872117924,53.4139769172522,-43.3491282165736));
#7953=CARTESIAN_POINT('',(34.4659872117908,43.4139769172576,-43.3491282165624));
#7954=CARTESIAN_POINT('',(38.9659872117925,43.4139769172514,-43.3491282165735));
#7955=CARTESIAN_POINT('',(34.4659872117925,53.4139769172521,-43.3491282165735));
#7956=CARTESIAN_POINT('',(34.4659872117925,53.4139769172521,-43.3491282165735));
#7957=CARTESIAN_POINT('',(50.0909872117922,53.4139769172517,-43.3491282165735));
#7958=CARTESIAN_POINT('Origin',(62.7159872117924,53.4139769172537,-81.349128216573));
#7959=CARTESIAN_POINT('',(12.2159872117924,53.4139769172535,-81.3491282165729));
#7960=CARTESIAN_POINT('',(12.2159872117927,-36.6504192180593,-81.349128216576));
#7961=CARTESIAN_POINT('',(12.2159872117924,53.4139769172535,-81.3491282165729));
#7962=CARTESIAN_POINT('',(62.7159872117924,53.4139769172537,-81.349128216573));
#7963=CARTESIAN_POINT('',(62.7159872117924,53.4139769172537,-81.349128216573));
#7964=CARTESIAN_POINT('',(62.7159872117927,-36.6504192180592,-81.3491282165761));
#7965=CARTESIAN_POINT('',(62.7159872117923,53.4139769172536,-81.349128216573));
#7966=CARTESIAN_POINT('',(62.7159872117927,-36.6504192180592,-81.3491282165761));
#7967=CARTESIAN_POINT('Origin',(40.4659872117924,53.4139769172522,-68.3491282165736));
#7968=CARTESIAN_POINT('',(40.4659872117924,53.4139769172522,-68.3491282165736));
#7969=CARTESIAN_POINT('',(40.4659872117925,53.4139769172514,-33.5589710539466));
#7970=CARTESIAN_POINT('',(40.4659872117924,43.4139769172522,-68.3491282165736));
#7971=CARTESIAN_POINT('',(40.4659872117924,53.4139769172522,-68.3491282165736));
#7972=CARTESIAN_POINT('',(40.4659872117924,43.4139769172522,-68.3491282165736));
#7973=CARTESIAN_POINT('',(40.4659872117923,50.0792232261998,-62.2357484177985));
#7974=CARTESIAN_POINT('Origin',(40.4659872117922,48.5792232261998,-62.2357484177985));
#7975=CARTESIAN_POINT('',(40.4659872117923,50.1217417168523,-49.7358207308896));
#7976=CARTESIAN_POINT('Origin',(40.4659872117923,48.6217417168523,-49.7358207308896));
#7977=CARTESIAN_POINT('Origin',(50.4659872117924,53.4139769172522,-68.3491282165736));
#7978=CARTESIAN_POINT('',(50.4659872117924,53.4139769172522,-68.3491282165736));
#7979=CARTESIAN_POINT('',(56.5909872117923,53.4139769172527,-68.3491282165736));
#7980=CARTESIAN_POINT('',(50.4659872117924,43.4139769172522,-68.3491282165736));
#7981=CARTESIAN_POINT('',(50.4659872117924,53.4139769172522,-68.3491282165736));
#7982=CARTESIAN_POINT('',(50.4659872117924,43.4139769172522,-68.3491282165736));
#7983=CARTESIAN_POINT('Origin',(34.4659872117925,53.4139769172521,-43.3491282165735));
#7984=CARTESIAN_POINT('',(34.4659872117924,43.4139769172521,-68.3491282165735));
#7985=CARTESIAN_POINT('',(34.4659872117925,43.4139769172514,-41.0991282165735));
#7986=CARTESIAN_POINT('',(34.4659872117924,53.4139769172521,-68.3491282165735));
#7987=CARTESIAN_POINT('',(34.4659872117924,53.4139769172521,-68.3491282165735));
#7988=CARTESIAN_POINT('',(34.4659872117926,53.413976917251,-21.0589710539466));
#7989=CARTESIAN_POINT('',(34.4659872117922,50.0792232262001,-62.2357484177985));
#7990=CARTESIAN_POINT('Origin',(34.4659872117922,48.5792232262001,-62.2357484177985));
#7991=CARTESIAN_POINT('',(34.4659872117923,50.1217417168525,-49.7358207308896));
#7992=CARTESIAN_POINT('Origin',(34.4659872117922,48.6217417168525,-49.7358207308896));
#7993=CARTESIAN_POINT('Origin',(50.4659872117923,53.4139769172522,-74.3491282165736));
#7994=CARTESIAN_POINT('',(50.4659872117923,53.4139769172522,-74.3491282165736));
#7995=CARTESIAN_POINT('',(50.4659872117925,53.4139769172516,-36.5589710539466));
#7996=CARTESIAN_POINT('',(50.4659872117924,43.4139769172522,-74.3491282165736));
#7997=CARTESIAN_POINT('',(50.4659872117923,53.4139769172522,-74.3491282165736));
#7998=CARTESIAN_POINT('',(50.4659872117924,43.4139769172522,-68.3491282165736));
#7999=CARTESIAN_POINT('Origin',(24.4659872117923,53.4139769172521,-74.3491282165735));
#8000=CARTESIAN_POINT('',(24.4659872117923,53.4139769172521,-74.3491282165735));
#8001=CARTESIAN_POINT('',(43.5909872117923,53.4139769172528,-74.3491282165736));
#8002=CARTESIAN_POINT('',(24.4659872117924,43.4139769172521,-74.3491282165735));
#8003=CARTESIAN_POINT('',(24.4659872117923,53.4139769172521,-74.3491282165735));
#8004=CARTESIAN_POINT('',(50.4659872117924,43.4139769172522,-74.3491282165736));
#8005=CARTESIAN_POINT('Origin',(24.4659872117924,53.4139769172521,-68.3491282165735));
#8006=CARTESIAN_POINT('',(24.4659872117924,53.4139769172521,-68.3491282165735));
#8007=CARTESIAN_POINT('',(24.4659872117925,53.4139769172514,-33.5589710539465));
#8008=CARTESIAN_POINT('',(24.4659872117924,43.4139769172521,-68.3491282165735));
#8009=CARTESIAN_POINT('',(24.4659872117924,53.4139769172521,-68.3491282165735));
#8010=CARTESIAN_POINT('',(24.4659872117924,43.4139769172521,-68.3491282165735));
#8011=CARTESIAN_POINT('Origin',(34.4659872117924,53.4139769172521,-68.3491282165735));
#8012=CARTESIAN_POINT('',(48.5909872117924,53.4139769172526,-68.3491282165736));
#8013=CARTESIAN_POINT('',(34.4659872117924,43.4139769172521,-68.3491282165735));
#8014=CARTESIAN_POINT('Origin',(12.2159872117932,48.6217417168534,-49.7358207308894));
#8015=CARTESIAN_POINT('',(13.7159872117939,50.1217417168605,-49.7358207308773));
#8016=CARTESIAN_POINT('Origin',(13.7159872117938,48.6217417168534,-49.7358207308894));
#8017=CARTESIAN_POINT('',(12.2159872117933,50.1217417168534,-49.7358207308894));
#8018=CARTESIAN_POINT('Origin',(12.2159872117932,48.6217417168534,-49.7358207308894));
#8019=CARTESIAN_POINT('',(62.7159872117943,50.1217417168513,-49.7358207308897));
#8020=CARTESIAN_POINT('',(12.2159872117933,50.1217417168534,-49.7358207308894));
#8021=CARTESIAN_POINT('Origin',(62.7159872117942,48.6217417168513,-49.7358207308897));
#8022=CARTESIAN_POINT('Origin',(12.2159872117931,48.579223226201,-62.2357484177984));
#8023=CARTESIAN_POINT('',(13.7159872117938,50.0792232262076,-62.2357484177871));
#8024=CARTESIAN_POINT('Origin',(13.7159872117938,48.579223226201,-62.2357484177984));
#8025=CARTESIAN_POINT('',(12.2159872117932,50.079223226201,-62.2357484177984));
#8026=CARTESIAN_POINT('Origin',(12.2159872117931,48.579223226201,-62.2357484177984));
#8027=CARTESIAN_POINT('',(62.7159872117942,50.0792232261989,-62.2357484177987));
#8028=CARTESIAN_POINT('',(12.2159872117932,50.079223226201,-62.2357484177984));
#8029=CARTESIAN_POINT('Origin',(62.7159872117942,48.5792232261989,-62.2357484177987));
#8030=CARTESIAN_POINT('Origin',(13.7159872117938,48.6217417168604,-49.7358207308773));
#8031=CARTESIAN_POINT('',(13.7159872117937,45.5717417168604,-49.7358207308773));
#8032=CARTESIAN_POINT('',(13.7159872117937,47.0967417168604,-52.3771982124199));
#8033=CARTESIAN_POINT('',(13.7159872117938,47.0967417168604,-52.3771982124199));
#8034=CARTESIAN_POINT('',(13.7159872117938,47.0967417168604,-47.0944432493348));
#8035=CARTESIAN_POINT('',(13.7159872117937,45.5717417168604,-49.7358207308773));
#8036=CARTESIAN_POINT('',(13.7159872117939,50.1467417168604,-47.0944432493348));
#8037=CARTESIAN_POINT('',(13.7159872117938,47.0967417168604,-47.0944432493348));
#8038=CARTESIAN_POINT('',(13.715987211794,51.6717417168604,-49.7358207308773));
#8039=CARTESIAN_POINT('',(13.7159872117939,50.1467417168604,-47.0944432493348));
#8040=CARTESIAN_POINT('',(13.7159872117939,50.1467417168604,-52.3771982124199));
#8041=CARTESIAN_POINT('',(13.715987211794,51.6717417168604,-49.7358207308773));
#8042=CARTESIAN_POINT('',(13.7159872117939,50.1467417168604,-52.3771982124199));
#8043=CARTESIAN_POINT('Origin',(12.2159872117937,45.5717417168604,-49.7358207308773));
#8044=CARTESIAN_POINT('',(12.2159872117937,45.5717417168604,-49.7358207308773));
#8045=CARTESIAN_POINT('',(12.2159872117938,47.0967417168604,-52.3771982124199));
#8046=CARTESIAN_POINT('',(12.2159872117926,34.502189740602,-30.5627942909731));
#8047=CARTESIAN_POINT('',(12.2159872117937,45.5717417168604,-49.7358207308773));
#8048=CARTESIAN_POINT('',(12.2159872117938,47.0967417168604,-52.3771982124199));
#8049=CARTESIAN_POINT('Origin',(12.2159872117937,47.0967417168604,-52.3771982124199));
#8050=CARTESIAN_POINT('',(12.2159872117939,50.1467417168604,-52.3771982124199));
#8051=CARTESIAN_POINT('',(12.2159872117927,27.7612602832281,-52.3771982124199));
#8052=CARTESIAN_POINT('',(12.2159872117939,50.1467417168604,-52.3771982124199));
#8053=CARTESIAN_POINT('Origin',(12.2159872117939,50.1467417168604,-52.3771982124199));
#8054=CARTESIAN_POINT('',(12.215987211794,51.6717417168604,-49.7358207308773));
#8055=CARTESIAN_POINT('',(12.2159872117926,51.9298029763028,-49.2888455180579));
#8056=CARTESIAN_POINT('',(12.215987211794,51.6717417168604,-49.7358207308773));
#8057=CARTESIAN_POINT('Origin',(12.215987211794,51.6717417168604,-49.7358207308773));
#8058=CARTESIAN_POINT('',(12.2159872117939,50.1467417168604,-47.0944432493348));
#8059=CARTESIAN_POINT('',(12.2159872117926,39.8396897406019,-29.2421055502018));
#8060=CARTESIAN_POINT('',(12.2159872117939,50.1467417168604,-47.0944432493348));
#8061=CARTESIAN_POINT('Origin',(12.2159872117939,50.1467417168604,-47.0944432493348));
#8062=CARTESIAN_POINT('',(12.2159872117938,47.0967417168604,-47.0944432493348));
#8063=CARTESIAN_POINT('',(12.2159872117926,29.2862602832281,-47.0944432493348));
#8064=CARTESIAN_POINT('',(12.2159872117938,47.0967417168604,-47.0944432493348));
#8065=CARTESIAN_POINT('Origin',(12.2159872117938,47.0967417168604,-47.0944432493348));
#8066=CARTESIAN_POINT('',(12.2159872117926,48.1173029763028,-45.3267792957441));
#8067=CARTESIAN_POINT('Origin',(13.7159872117938,48.5792232262075,-62.2357484177871));
#8068=CARTESIAN_POINT('',(13.7159872117936,45.5292232262075,-62.2357484177871));
#8069=CARTESIAN_POINT('',(13.7159872117937,47.0542232262075,-64.8771258993297));
#8070=CARTESIAN_POINT('',(13.7159872117937,47.0542232262075,-64.8771258993297));
#8071=CARTESIAN_POINT('',(13.7159872117937,47.0542232262075,-59.5943709362446));
#8072=CARTESIAN_POINT('',(13.7159872117936,45.5292232262075,-62.2357484177871));
#8073=CARTESIAN_POINT('',(13.7159872117938,50.1042232262075,-59.5943709362446));
#8074=CARTESIAN_POINT('',(13.7159872117937,47.0542232262075,-59.5943709362446));
#8075=CARTESIAN_POINT('',(13.7159872117939,51.6292232262075,-62.2357484177871));
#8076=CARTESIAN_POINT('',(13.7159872117938,50.1042232262075,-59.5943709362446));
#8077=CARTESIAN_POINT('',(13.7159872117938,50.1042232262075,-64.8771258993297));
#8078=CARTESIAN_POINT('',(13.7159872117939,51.6292232262075,-62.2357484177871));
#8079=CARTESIAN_POINT('',(13.7159872117938,50.1042232262075,-64.8771258993297));
#8080=CARTESIAN_POINT('Origin',(12.2159872117936,45.5292232262075,-62.2357484177871));
#8081=CARTESIAN_POINT('',(12.2159872117936,45.5292232262075,-62.2357484177871));
#8082=CARTESIAN_POINT('',(12.2159872117937,47.0542232262075,-64.8771258993297));
#8083=CARTESIAN_POINT('',(12.2159872117926,31.7586723306976,-38.3844546185507));
#8084=CARTESIAN_POINT('',(12.2159872117936,45.5292232262075,-62.2357484177871));
#8085=CARTESIAN_POINT('',(12.2159872117937,47.0542232262075,-64.8771258993297));
#8086=CARTESIAN_POINT('Origin',(12.2159872117937,47.0542232262075,-64.8771258993297));
#8087=CARTESIAN_POINT('',(12.2159872117938,50.1042232262075,-64.8771258993297));
#8088=CARTESIAN_POINT('',(12.2159872117927,27.7400010379017,-64.8771258993297));
#8089=CARTESIAN_POINT('',(12.2159872117938,50.1042232262075,-64.8771258993297));
#8090=CARTESIAN_POINT('Origin',(12.2159872117938,50.1042232262075,-64.8771258993297));
#8091=CARTESIAN_POINT('',(12.2159872117939,51.6292232262076,-62.2357484177871));
#8092=CARTESIAN_POINT('',(12.2159872117926,54.5989130275646,-57.0920947991176));
#8093=CARTESIAN_POINT('',(12.2159872117939,51.6292232262076,-62.2357484177871));
#8094=CARTESIAN_POINT('Origin',(12.2159872117939,51.6292232262076,-62.2357484177871));
#8095=CARTESIAN_POINT('',(12.2159872117938,50.1042232262075,-59.5943709362446));
#8096=CARTESIAN_POINT('',(12.2159872117926,37.0961723306976,-37.0637658777794));
#8097=CARTESIAN_POINT('',(12.2159872117938,50.1042232262075,-59.5943709362446));
#8098=CARTESIAN_POINT('Origin',(12.2159872117938,50.1042232262075,-59.5943709362446));
#8099=CARTESIAN_POINT('',(12.2159872117937,47.0542232262075,-59.5943709362446));
#8100=CARTESIAN_POINT('',(12.2159872117926,29.2650010379017,-59.5943709362446));
#8101=CARTESIAN_POINT('',(12.2159872117937,47.0542232262075,-59.5943709362446));
#8102=CARTESIAN_POINT('Origin',(12.2159872117937,47.0542232262075,-59.5943709362446));
#8103=CARTESIAN_POINT('',(12.2159872117926,50.7864130275646,-53.1300285768037));
#8104=CARTESIAN_POINT('Origin',(40.4659872117929,-29.9043890593729,-43.3491282165736));
#8105=CARTESIAN_POINT('',(34.4659872117929,-36.6504192180606,-43.3491282165765));
#8106=CARTESIAN_POINT('',(34.4659872117912,-26.7043890593729,-43.3491282165653));
#8107=CARTESIAN_POINT('',(34.4659872117929,-29.9043890593729,-43.3491282165762));
#8108=CARTESIAN_POINT('',(40.4659872117918,-26.704389059373,-43.3491282165653));
#8109=CARTESIAN_POINT('',(38.9659872117928,-26.704389059373,-43.3491282165735));
#8110=CARTESIAN_POINT('',(40.4659872117929,-36.6504192180605,-43.3491282165765));
#8111=CARTESIAN_POINT('',(40.4659872117922,-9.1613051048887,-43.3491282165735));
#8112=CARTESIAN_POINT('',(50.0909872117925,-36.6504192180606,-43.3491282165736));
#8113=CARTESIAN_POINT('Origin',(40.4659872117928,-29.904389059372,-68.3491282165762));
#8114=CARTESIAN_POINT('',(40.4659872117928,-26.704389059372,-68.349128216576));
#8115=CARTESIAN_POINT('',(40.4659872117929,-26.7043890593729,-43.349128216576));
#8116=CARTESIAN_POINT('',(40.4659872117928,-36.6504192180597,-68.3491282165765));
#8117=CARTESIAN_POINT('',(40.4659872117928,-29.904389059372,-68.3491282165762));
#8118=CARTESIAN_POINT('',(40.4659872117929,-36.6504192180602,-54.8441390478168));
#8119=CARTESIAN_POINT('',(40.4659872117928,-30.2504192180624,-62.0991282165662));
#8120=CARTESIAN_POINT('Origin',(40.4659872117927,-31.7504192180624,-62.0991282165662));
#8121=CARTESIAN_POINT('',(40.4659872117929,-30.2504192180624,-49.5991282165662));
#8122=CARTESIAN_POINT('Origin',(40.4659872117928,-31.7504192180624,-49.5991282165662));
#8123=CARTESIAN_POINT('Origin',(50.4659872117928,-29.9043890593717,-74.3491282165762));
#8124=CARTESIAN_POINT('',(50.4659872117928,-36.6504192180596,-68.3491282165765));
#8125=CARTESIAN_POINT('',(50.4659872117928,-26.7043890593719,-68.3491282165761));
#8126=CARTESIAN_POINT('',(50.4659872117928,-29.9043890593719,-68.3491282165762));
#8127=CARTESIAN_POINT('',(50.4659872117928,-26.7043890593717,-74.3491282165761));
#8128=CARTESIAN_POINT('',(50.4659872117928,-26.7043890593719,-68.3491282165761));
#8129=CARTESIAN_POINT('',(50.4659872117928,-36.6504192180594,-74.3491282165766));
#8130=CARTESIAN_POINT('',(50.4659872117928,-29.9043890593717,-74.3491282165762));
#8131=CARTESIAN_POINT('',(50.4659872117929,-36.65041921806,-57.8441390478168));
#8132=CARTESIAN_POINT('Origin',(24.4659872117928,-29.9043890593719,-74.3491282165761));
#8133=CARTESIAN_POINT('',(24.4659872117928,-36.6504192180595,-74.3491282165764));
#8134=CARTESIAN_POINT('',(43.5909872117927,-36.6504192180595,-74.3491282165764));
#8135=CARTESIAN_POINT('',(24.4659872117927,-26.7043890593719,-74.349128216576));
#8136=CARTESIAN_POINT('',(50.4659872117928,-26.7043890593717,-74.3491282165761));
#8137=CARTESIAN_POINT('',(24.4659872117928,-29.9043890593719,-74.3491282165761));
#8138=CARTESIAN_POINT('Origin',(24.4659872117928,-29.9043890593721,-68.3491282165761));
#8139=CARTESIAN_POINT('',(24.4659872117928,-36.6504192180597,-68.3491282165764));
#8140=CARTESIAN_POINT('',(24.4659872117928,-26.7043890593721,-68.349128216576));
#8141=CARTESIAN_POINT('',(24.4659872117928,-29.9043890593721,-68.3491282165761));
#8142=CARTESIAN_POINT('',(24.4659872117928,-36.6504192180602,-54.8441390478167));
#8143=CARTESIAN_POINT('',(24.4659872117927,-26.7043890593719,-74.349128216576));
#8144=CARTESIAN_POINT('Origin',(34.4659872117927,-29.904389059372,-68.3491282165762));
#8145=CARTESIAN_POINT('',(34.4659872117927,-26.704389059372,-68.349128216576));
#8146=CARTESIAN_POINT('',(34.4659872117927,-36.6504192180597,-68.3491282165764));
#8147=CARTESIAN_POINT('',(34.4659872117927,-29.904389059372,-68.3491282165762));
#8148=CARTESIAN_POINT('',(48.5909872117927,-36.6504192180597,-68.3491282165764));
#8149=CARTESIAN_POINT('',(24.4659872117928,-26.7043890593721,-68.349128216576));
#8150=CARTESIAN_POINT('Origin',(50.4659872117928,-29.9043890593719,-68.3491282165762));
#8151=CARTESIAN_POINT('',(56.5909872117927,-36.6504192180596,-68.3491282165765));
#8152=CARTESIAN_POINT('',(40.4659872117928,-26.704389059372,-68.349128216576));
#8153=CARTESIAN_POINT('Origin',(34.4659872117929,-29.9043890593729,-43.3491282165762));
#8154=CARTESIAN_POINT('',(34.4659872117929,-36.6504192180606,-42.3441390478167));
#8155=CARTESIAN_POINT('',(34.4659872117913,-26.7043890593727,-52.848087640438));
#8156=CARTESIAN_POINT('',(34.4659872117928,-30.2504192180621,-49.5991282165662));
#8157=CARTESIAN_POINT('Origin',(34.4659872117928,-31.7504192180621,-49.5991282165662));
#8158=CARTESIAN_POINT('',(34.4659872117928,-30.2504192180621,-62.0991282165662));
#8159=CARTESIAN_POINT('Origin',(34.4659872117927,-31.7504192180621,-62.0991282165662));
#8160=CARTESIAN_POINT('Origin',(12.2159872117898,-31.7504192180612,-62.099128216566));
#8161=CARTESIAN_POINT('',(13.7159872117904,-30.2504192180619,-62.0991282165548));
#8162=CARTESIAN_POINT('Origin',(13.7159872117904,-31.7504192180612,-62.099128216566));
#8163=CARTESIAN_POINT('',(12.2159872117898,-30.2504192180612,-62.099128216566));
#8164=CARTESIAN_POINT('Origin',(12.2159872117898,-31.7504192180612,-62.099128216566));
#8165=CARTESIAN_POINT('',(62.7159872117908,-30.2504192180633,-62.0991282165663));
#8166=CARTESIAN_POINT('',(12.2159872117898,-30.2504192180612,-62.099128216566));
#8167=CARTESIAN_POINT('Origin',(62.7159872117908,-31.7504192180633,-62.0991282165663));
#8168=CARTESIAN_POINT('Origin',(12.2159872117898,-31.7504192180612,-49.599128216566));
#8169=CARTESIAN_POINT('',(13.7159872117905,-30.2504192180614,-49.5991282165539));
#8170=CARTESIAN_POINT('Origin',(13.7159872117905,-31.7504192180612,-49.599128216566));
#8171=CARTESIAN_POINT('',(12.2159872117899,-30.2504192180612,-49.599128216566));
#8172=CARTESIAN_POINT('Origin',(12.2159872117898,-31.7504192180612,-49.599128216566));
#8173=CARTESIAN_POINT('',(62.7159872117909,-30.2504192180633,-49.5991282165663));
#8174=CARTESIAN_POINT('',(12.2159872117899,-30.2504192180612,-49.599128216566));
#8175=CARTESIAN_POINT('Origin',(62.7159872117909,-31.7504192180633,-49.5991282165663));
#8176=CARTESIAN_POINT('Origin',(13.7159872117904,-31.750419218062,-62.0991282165548));
#8177=CARTESIAN_POINT('',(13.7159872117905,-28.700419218062,-62.0991282165548));
#8178=CARTESIAN_POINT('',(13.7159872117905,-30.2254192180619,-59.4577507350122));
#8179=CARTESIAN_POINT('',(13.7159872117905,-30.2254192180619,-59.4577507350122));
#8180=CARTESIAN_POINT('',(13.7159872117904,-30.225419218062,-64.7405056980974));
#8181=CARTESIAN_POINT('',(13.7159872117905,-28.700419218062,-62.0991282165548));
#8182=CARTESIAN_POINT('',(13.7159872117903,-33.275419218062,-64.7405056980974));
#8183=CARTESIAN_POINT('',(13.7159872117904,-30.225419218062,-64.7405056980974));
#8184=CARTESIAN_POINT('',(13.7159872117903,-34.800419218062,-62.0991282165548));
#8185=CARTESIAN_POINT('',(13.7159872117903,-33.275419218062,-64.7405056980974));
#8186=CARTESIAN_POINT('',(13.7159872117903,-33.275419218062,-59.4577507350122));
#8187=CARTESIAN_POINT('',(13.7159872117903,-34.800419218062,-62.0991282165548));
#8188=CARTESIAN_POINT('',(13.7159872117903,-33.275419218062,-59.4577507350122));
#8189=CARTESIAN_POINT('Origin',(12.2159872117905,-28.7004192180619,-62.0991282165548));
#8190=CARTESIAN_POINT('',(12.2159872117905,-28.7004192180619,-62.0991282165548));
#8191=CARTESIAN_POINT('',(12.2159872117905,-30.2254192180619,-59.4577507350122));
#8192=CARTESIAN_POINT('',(12.2159872117929,-33.1626856668039,-54.3702560104236));
#8193=CARTESIAN_POINT('',(12.2159872117905,-28.7004192180619,-62.0991282165548));
#8194=CARTESIAN_POINT('',(12.2159872117905,-30.2254192180619,-59.4577507350122));
#8195=CARTESIAN_POINT('Origin',(12.2159872117905,-30.2254192180619,-59.4577507350122));
#8196=CARTESIAN_POINT('',(12.2159872117903,-33.2754192180619,-59.4577507350122));
#8197=CARTESIAN_POINT('',(12.2159872117928,-10.899820184233,-59.4577507350122));
#8198=CARTESIAN_POINT('',(12.2159872117903,-33.2754192180619,-59.4577507350122));
#8199=CARTESIAN_POINT('Origin',(12.2159872117903,-33.2754192180619,-59.4577507350122));
#8200=CARTESIAN_POINT('',(12.2159872117903,-34.8004192180619,-62.0991282165548));
#8201=CARTESIAN_POINT('',(12.2159872117928,-19.5316032524055,-35.652763192619));
#8202=CARTESIAN_POINT('',(12.2159872117903,-34.8004192180619,-62.0991282165548));
#8203=CARTESIAN_POINT('Origin',(12.2159872117903,-34.8004192180619,-62.0991282165548));
#8204=CARTESIAN_POINT('',(12.2159872117903,-33.2754192180619,-64.7405056980973));
#8205=CARTESIAN_POINT('',(12.2159872117929,-38.5001856668039,-55.690944751195));
#8206=CARTESIAN_POINT('',(12.2159872117903,-33.2754192180619,-64.7405056980973));
#8207=CARTESIAN_POINT('Origin',(12.2159872117903,-33.2754192180619,-64.7405056980973));
#8208=CARTESIAN_POINT('',(12.2159872117904,-30.2254192180619,-64.7405056980973));
#8209=CARTESIAN_POINT('',(12.2159872117928,-12.424820184233,-64.7405056980973));
#8210=CARTESIAN_POINT('',(12.2159872117904,-30.2254192180619,-64.7405056980973));
#8211=CARTESIAN_POINT('Origin',(12.2159872117904,-30.2254192180619,-64.7405056980973));
#8212=CARTESIAN_POINT('',(12.2159872117928,-15.7191032524055,-39.6148294149328));
#8213=CARTESIAN_POINT('Origin',(13.7159872117905,-31.7504192180615,-49.5991282165539));
#8214=CARTESIAN_POINT('',(13.7159872117903,-34.8004192180615,-49.5991282165539));
#8215=CARTESIAN_POINT('',(13.7159872117904,-33.2754192180615,-52.2405056980965));
#8216=CARTESIAN_POINT('',(13.7159872117904,-33.2754192180615,-52.2405056980965));
#8217=CARTESIAN_POINT('',(13.7159872117904,-33.2754192180615,-46.9577507350114));
#8218=CARTESIAN_POINT('',(13.7159872117903,-34.8004192180615,-49.5991282165539));
#8219=CARTESIAN_POINT('',(13.7159872117905,-30.2254192180615,-46.9577507350114));
#8220=CARTESIAN_POINT('',(13.7159872117904,-33.2754192180615,-46.9577507350114));
#8221=CARTESIAN_POINT('',(13.7159872117906,-28.7004192180615,-49.5991282165539));
#8222=CARTESIAN_POINT('',(13.7159872117905,-30.2254192180615,-46.9577507350114));
#8223=CARTESIAN_POINT('',(13.7159872117905,-30.2254192180615,-52.2405056980965));
#8224=CARTESIAN_POINT('',(13.7159872117906,-28.7004192180615,-49.5991282165539));
#8225=CARTESIAN_POINT('',(13.7159872117905,-30.2254192180615,-52.2405056980965));
#8226=CARTESIAN_POINT('Origin',(12.2159872117903,-34.8004192180614,-49.5991282165539));
#8227=CARTESIAN_POINT('',(12.2159872117903,-34.8004192180614,-49.5991282165539));
#8228=CARTESIAN_POINT('',(12.2159872117904,-33.2754192180614,-52.2405056980964));
#8229=CARTESIAN_POINT('',(12.2159872117929,-35.793856279977,-47.8784447511942));
#8230=CARTESIAN_POINT('',(12.2159872117903,-34.8004192180614,-49.5991282165539));
#8231=CARTESIAN_POINT('',(12.2159872117904,-33.2754192180614,-52.2405056980964));
#8232=CARTESIAN_POINT('Origin',(12.2159872117904,-33.2754192180614,-52.2405056980964));
#8233=CARTESIAN_POINT('',(12.2159872117905,-30.2254192180614,-52.2405056980964));
#8234=CARTESIAN_POINT('',(12.2159872117928,-12.4248201842328,-52.2405056980964));
#8235=CARTESIAN_POINT('',(12.2159872117905,-30.2254192180614,-52.2405056980964));
#8236=CARTESIAN_POINT('Origin',(12.2159872117905,-30.2254192180614,-52.2405056980964));
#8237=CARTESIAN_POINT('',(12.2159872117906,-28.7004192180614,-49.5991282165539));
#8238=CARTESIAN_POINT('',(12.2159872117928,-18.4254326392316,-31.8023294149324));
#8239=CARTESIAN_POINT('',(12.2159872117906,-28.7004192180614,-49.5991282165539));
#8240=CARTESIAN_POINT('Origin',(12.2159872117906,-28.7004192180614,-49.5991282165539));
#8241=CARTESIAN_POINT('',(12.2159872117905,-30.2254192180614,-46.9577507350114));
#8242=CARTESIAN_POINT('',(12.2159872117929,-30.4563562799769,-46.5577560104231));
#8243=CARTESIAN_POINT('',(12.2159872117905,-30.2254192180614,-46.9577507350114));
#8244=CARTESIAN_POINT('Origin',(12.2159872117905,-30.2254192180614,-46.9577507350114));
#8245=CARTESIAN_POINT('',(12.2159872117904,-33.2754192180614,-46.9577507350114));
#8246=CARTESIAN_POINT('',(12.2159872117928,-10.8998201842328,-46.9577507350114));
#8247=CARTESIAN_POINT('',(12.2159872117904,-33.2754192180614,-46.9577507350114));
#8248=CARTESIAN_POINT('Origin',(12.2159872117904,-33.2754192180614,-46.9577507350114));
#8249=CARTESIAN_POINT('',(12.2159872117928,-22.2379326392317,-27.8402631926186));
#8250=CARTESIAN_POINT('Origin',(37.4659872117929,-26.7043890593732,-38.849128216576));
#8251=CARTESIAN_POINT('Origin',(37.4659872117925,43.4139769172514,-38.8491282165736));
#8252=CARTESIAN_POINT('Origin',(62.7159872117928,8.42577884959523,-0.0539818851890494));
#8253=CARTESIAN_POINT('',(62.7159872117926,53.4139769172508,-10.0971487460583));
#8254=CARTESIAN_POINT('',(62.7159872117926,53.4139769172499,10.5886021117471));
#8255=CARTESIAN_POINT('',(62.7159872117927,51.2905424471105,5.7057526337831));
#8256=CARTESIAN_POINT('',(62.7159872117926,52.3522596821806,-2.19569805613707));
#8257=CARTESIAN_POINT('',(62.7159872117929,-34.4389847479225,5.70575263378077));
#8258=CARTESIAN_POINT('Origin',(62.7159872117928,8.42577884959415,-0.0539818851890361));
#8259=CARTESIAN_POINT('',(62.7159872117929,-36.6504192180617,-10.752057263831));
#8260=CARTESIAN_POINT('',(62.7159872117929,-34.4389847479224,5.70575263378129));
#8261=CARTESIAN_POINT('',(62.7159872117927,-36.6504192180592,-81.3491282165761));
#8262=CARTESIAN_POINT('',(62.7159872117929,-29.8242211504048,-0.0539818851890448));
#8263=CARTESIAN_POINT('Origin',(62.7159872117928,8.42577884959523,-0.0539818851890494));
#8264=CARTESIAN_POINT('Origin',(48.8159872117927,17.8257788495955,30.9299516814905));
#8265=CARTESIAN_POINT('',(40.8159872117928,-1.97422115040462,30.9299516814905));
#8266=CARTESIAN_POINT('',(40.8159872117928,18.8257788495954,30.9299516814905));
#8267=CARTESIAN_POINT('',(40.8159872117928,17.8257788495954,30.9299516814905));
#8268=CARTESIAN_POINT('',(48.8159872117927,18.8257788495955,30.9299516814905));
#8269=CARTESIAN_POINT('',(44.8159872117927,18.8257788495955,30.9299516814905));
#8270=CARTESIAN_POINT('',(48.8159872117928,-1.97422115040454,30.9299516814905));
#8271=CARTESIAN_POINT('',(48.8159872117927,17.8257788495955,30.9299516814905));
#8272=CARTESIAN_POINT('',(40.8159872117928,-1.97422115040461,30.9299516814905));
#8273=CARTESIAN_POINT('Origin',(40.8159872117928,8.42577884959539,34.5629848981507));
#8274=CARTESIAN_POINT('',(40.8159872117928,18.8257788495954,36.7550183729));
#8275=CARTESIAN_POINT('',(40.8159872117928,-1.97422115040462,36.7550183729));
#8276=CARTESIAN_POINT('Origin',(40.8159872117928,8.42577884959516,-0.0539818851890494));
#8277=CARTESIAN_POINT('',(40.8159872117928,18.8257788495954,8.16355879487037));
#8278=CARTESIAN_POINT('',(40.8159872117928,-1.97422115040462,35.6590016355254));
#8279=CARTESIAN_POINT('',(40.8159872117928,0.32577884959538,33.946018114811));
#8280=CARTESIAN_POINT('',(40.8159872117928,1.87577884959538,31.2613393630792));
#8281=CARTESIAN_POINT('',(40.8159872117928,1.87577884959538,31.2613393630792));
#8282=CARTESIAN_POINT('',(40.8159872117928,4.97577884959538,31.2613393630792));
#8283=CARTESIAN_POINT('',(40.8159872117928,4.97577884959538,31.2613393630792));
#8284=CARTESIAN_POINT('',(40.8159872117928,6.52577884959538,33.946018114811));
#8285=CARTESIAN_POINT('',(40.8159872117928,6.52577884959538,33.946018114811));
#8286=CARTESIAN_POINT('',(40.8159872117928,4.97577884959538,36.6306968665427));
#8287=CARTESIAN_POINT('',(40.8159872117928,4.97577884959538,36.6306968665427));
#8288=CARTESIAN_POINT('',(40.8159872117928,1.87577884959537,36.6306968665427));
#8289=CARTESIAN_POINT('',(40.8159872117928,1.87577884959537,36.6306968665427));
#8290=CARTESIAN_POINT('',(40.8159872117928,0.32577884959538,33.946018114811));
#8291=CARTESIAN_POINT('',(40.8159872117928,10.3257788495954,33.946018114811));
#8292=CARTESIAN_POINT('',(40.8159872117928,11.8757788495954,31.2613393630792));
#8293=CARTESIAN_POINT('',(40.8159872117928,11.8757788495954,31.2613393630792));
#8294=CARTESIAN_POINT('',(40.8159872117928,14.9757788495954,31.2613393630792));
#8295=CARTESIAN_POINT('',(40.8159872117928,14.9757788495954,31.2613393630792));
#8296=CARTESIAN_POINT('',(40.8159872117928,16.5257788495954,33.946018114811));
#8297=CARTESIAN_POINT('',(40.8159872117928,16.5257788495954,33.946018114811));
#8298=CARTESIAN_POINT('',(40.8159872117928,14.9757788495954,36.6306968665427));
#8299=CARTESIAN_POINT('',(40.8159872117928,14.9757788495954,36.6306968665427));
#8300=CARTESIAN_POINT('',(40.8159872117928,11.8757788495954,36.6306968665427));
#8301=CARTESIAN_POINT('',(40.8159872117928,11.8757788495954,36.6306968665427));
#8302=CARTESIAN_POINT('',(40.8159872117928,10.3257788495954,33.946018114811));
#8303=CARTESIAN_POINT('Origin',(23.8159872117928,8.42577884959544,8.00957553224502));
#8304=CARTESIAN_POINT('',(23.8159872117928,-1.9742211504047,-18.23586730841));
#8305=CARTESIAN_POINT('',(23.8159872117928,18.8257788495954,-18.23586730841));
#8306=CARTESIAN_POINT('',(23.8159872117928,-1.9742211504047,-18.23586730841));
#8307=CARTESIAN_POINT('',(23.8159872117928,18.8257788495954,36.7550183729));
#8308=CARTESIAN_POINT('',(23.8159872117928,18.8257788495954,-10.4111508935642));
#8309=CARTESIAN_POINT('',(23.8159872117928,28.6649673850727,32.4027238537704));
#8310=CARTESIAN_POINT('Origin',(23.8159872117928,8.4257788495951,-0.0539818851890483));
#8311=CARTESIAN_POINT('',(23.8159872117928,20.8257788495955,26.1303033778916));
#8312=CARTESIAN_POINT('Origin',(23.8159872117928,30.6863825467797,21.8415182432198));
#8313=CARTESIAN_POINT('',(23.8159872117928,20.8257788495954,-20.73586730841));
#8314=CARTESIAN_POINT('',(23.8159872117928,20.8257788495955,36.1303033778917));
#8315=CARTESIAN_POINT('',(23.8159872117928,-3.97422115040464,-20.7358673084099));
#8316=CARTESIAN_POINT('',(23.8159872117928,20.8257788495954,-20.73586730841));
#8317=CARTESIAN_POINT('',(23.8159872117928,-3.97422115040481,26.1303033778916));
#8318=CARTESIAN_POINT('',(23.8159872117928,-3.97422115040464,-20.7358673084099));
#8319=CARTESIAN_POINT('',(23.8159872117928,-11.813409685882,32.4027238537704));
#8320=CARTESIAN_POINT('Origin',(23.8159872117928,-13.834824847589,21.8415182432198));
#8321=CARTESIAN_POINT('',(23.8159872117928,-1.97422115040462,36.7550183729));
#8322=CARTESIAN_POINT('Origin',(23.8159872117928,8.4257788495951,-0.0539818851890483));
#8323=CARTESIAN_POINT('',(23.8159872117928,-1.97422115040462,36.7550183729));
#8324=CARTESIAN_POINT('Origin',(40.8159872117928,-1.9742211504047,-18.23586730841));
#8325=CARTESIAN_POINT('',(40.8159872117928,18.8257788495954,-18.23586730841));
#8326=CARTESIAN_POINT('',(40.8159872117928,-1.9742211504047,-18.23586730841));
#8327=CARTESIAN_POINT('',(40.8159872117928,3.22577884959535,-18.23586730841));
#8328=CARTESIAN_POINT('',(40.8159872117928,18.8257788495954,-18.23586730841));
#8329=CARTESIAN_POINT('',(40.8159872117928,-1.9742211504047,-18.23586730841));
#8330=CARTESIAN_POINT('Origin',(40.8159872117928,8.42577884959539,34.5629848981507));
#8331=CARTESIAN_POINT('',(40.8159872117928,5.92577884959538,-10.4111508935642));
#8332=CARTESIAN_POINT('',(40.8159872117928,10.9257788495954,-10.4111508935642));
#8333=CARTESIAN_POINT('Origin',(40.8159872117928,8.42577884959537,-10.4111508935642));
#8334=CARTESIAN_POINT('',(40.8159872117928,18.8257788495954,-10.4111508935642));
#8335=CARTESIAN_POINT('',(40.8159872117928,17.8257788495954,-10.4111508935642));
#8336=CARTESIAN_POINT('',(40.8159872117928,18.8257788495954,8.16355879487037));
#8337=CARTESIAN_POINT('',(40.8159872117928,-1.97422115040462,-10.4111508935642));
#8338=CARTESIAN_POINT('',(40.8159872117928,-1.97422115040462,35.6590016355254));
#8339=CARTESIAN_POINT('',(40.8159872117928,17.8257788495954,-10.4111508935642));
#8340=CARTESIAN_POINT('',(40.8159872117928,0.325778849595381,-14.053981885189));
#8341=CARTESIAN_POINT('',(40.8159872117928,1.87577884959538,-16.7386606369208));
#8342=CARTESIAN_POINT('',(40.8159872117928,1.87577884959538,-16.7386606369208));
#8343=CARTESIAN_POINT('',(40.8159872117928,4.97577884959538,-16.7386606369208));
#8344=CARTESIAN_POINT('',(40.8159872117928,4.97577884959538,-16.7386606369208));
#8345=CARTESIAN_POINT('',(40.8159872117928,6.52577884959538,-14.053981885189));
#8346=CARTESIAN_POINT('',(40.8159872117928,6.52577884959538,-14.053981885189));
#8347=CARTESIAN_POINT('',(40.8159872117928,4.97577884959538,-11.3693031334573));
#8348=CARTESIAN_POINT('',(40.8159872117928,4.97577884959538,-11.3693031334573));
#8349=CARTESIAN_POINT('',(40.8159872117928,1.87577884959537,-11.3693031334573));
#8350=CARTESIAN_POINT('',(40.8159872117928,1.87577884959537,-11.3693031334573));
#8351=CARTESIAN_POINT('',(40.8159872117928,0.325778849595381,-14.053981885189));
#8352=CARTESIAN_POINT('',(40.8159872117928,10.3257788495954,-14.053981885189));
#8353=CARTESIAN_POINT('',(40.8159872117928,11.8757788495954,-16.7386606369208));
#8354=CARTESIAN_POINT('',(40.8159872117928,11.8757788495954,-16.7386606369208));
#8355=CARTESIAN_POINT('',(40.8159872117928,14.9757788495954,-16.7386606369208));
#8356=CARTESIAN_POINT('',(40.8159872117928,14.9757788495954,-16.7386606369208));
#8357=CARTESIAN_POINT('',(40.8159872117928,16.5257788495954,-14.053981885189));
#8358=CARTESIAN_POINT('',(40.8159872117928,16.5257788495954,-14.053981885189));
#8359=CARTESIAN_POINT('',(40.8159872117928,14.9757788495954,-11.3693031334573));
#8360=CARTESIAN_POINT('',(40.8159872117928,14.9757788495954,-11.3693031334573));
#8361=CARTESIAN_POINT('',(40.8159872117928,11.8757788495954,-11.3693031334573));
#8362=CARTESIAN_POINT('',(40.8159872117928,11.8757788495954,-11.3693031334573));
#8363=CARTESIAN_POINT('',(40.8159872117928,10.3257788495954,-14.053981885189));
#8364=CARTESIAN_POINT('Origin',(48.8159872117928,8.42577884959546,34.9379851887234));
#8365=CARTESIAN_POINT('',(48.8159872117928,-11.1948191324453,32.7803695600144));
#8366=CARTESIAN_POINT('',(48.8159872117926,28.0463768316362,32.7803695600145));
#8367=CARTESIAN_POINT('Origin',(48.8159872117928,8.42577884959519,-0.0539818851890494));
#8368=CARTESIAN_POINT('',(48.8159872117928,-3.47422115040451,26.2330998873224));
#8369=CARTESIAN_POINT('Origin',(48.8159872117928,-13.834824847589,21.8415182432198));
#8370=CARTESIAN_POINT('',(48.8159872117928,-3.47422115040464,-20.2358673084099));
#8371=CARTESIAN_POINT('',(48.8159872117928,-3.47422115040448,36.5005457332925));
#8372=CARTESIAN_POINT('',(48.8159872117927,20.3257788495953,-20.23586730841));
#8373=CARTESIAN_POINT('',(48.8159872117928,2.22577884959535,-20.23586730841));
#8374=CARTESIAN_POINT('',(48.8159872117927,20.3257788495955,26.2330998873231));
#8375=CARTESIAN_POINT('',(48.8159872117927,20.3257788495954,7.10105894015668));
#8376=CARTESIAN_POINT('Origin',(48.8159872117927,30.6863825467797,21.8415182432198));
#8377=CARTESIAN_POINT('',(48.8159872117927,18.8257788495955,-10.4111508935642));
#8378=CARTESIAN_POINT('',(48.8159872117928,18.8257788495954,-11.23586730841));
#8379=CARTESIAN_POINT('',(48.8159872117928,10.9257788495954,-10.4111508935642));
#8380=CARTESIAN_POINT('',(48.8159872117928,-0.974221150404539,-10.4111508935642));
#8381=CARTESIAN_POINT('',(48.8159872117928,5.92577884959538,-10.4111508935642));
#8382=CARTESIAN_POINT('Origin',(48.8159872117928,8.42577884959537,-10.4111508935642));
#8383=CARTESIAN_POINT('',(48.8159872117928,-1.97422115040454,-10.4111508935642));
#8384=CARTESIAN_POINT('',(48.8159872117928,-0.974221150404539,-10.4111508935642));
#8385=CARTESIAN_POINT('',(48.8159872117928,-1.9742211504046,-11.2358673084099));
#8386=CARTESIAN_POINT('',(48.8159872117928,4.92577884959545,-14.053981885189));
#8387=CARTESIAN_POINT('Origin',(48.8159872117928,3.42577884959546,-14.053981885189));
#8388=CARTESIAN_POINT('',(48.8159872117928,4.92577884959545,33.946018114811));
#8389=CARTESIAN_POINT('Origin',(48.8159872117928,3.42577884959545,33.946018114811));
#8390=CARTESIAN_POINT('',(48.8159872117927,14.9257788495955,-14.053981885189));
#8391=CARTESIAN_POINT('Origin',(48.8159872117927,13.4257788495955,-14.053981885189));
#8392=CARTESIAN_POINT('',(48.8159872117928,14.9257788495954,33.946018114811));
#8393=CARTESIAN_POINT('Origin',(48.8159872117928,13.4257788495955,33.946018114811));
#8394=CARTESIAN_POINT('Origin',(48.8159872117928,8.42577884959537,-10.4111508935642));
#8395=CARTESIAN_POINT('',(48.8159872117928,10.9257788495954,-10.4111508935642));
#8396=CARTESIAN_POINT('',(48.8159872117928,5.92577884959538,-10.4111508935642));
#8397=CARTESIAN_POINT('Origin',(48.8159872117928,-0.974221150404539,-10.4111508935642));
#8398=CARTESIAN_POINT('',(40.8159872117927,18.8257788495954,-10.4111508935642));
#8399=CARTESIAN_POINT('Origin',(40.8159872117928,10.3257788495954,33.946018114811));
#8400=CARTESIAN_POINT('',(43.8159872117928,10.3257788495954,33.946018114811));
#8401=CARTESIAN_POINT('',(43.8159872117928,11.8757788495954,36.6306968665427));
#8402=CARTESIAN_POINT('',(43.8159872117928,10.3030460210268,33.9066437007305));
#8403=CARTESIAN_POINT('',(40.8159872117928,10.3257788495954,33.946018114811));
#8404=CARTESIAN_POINT('',(40.8159872117928,11.8757788495954,36.6306968665427));
#8405=CARTESIAN_POINT('Origin',(40.8159872117928,11.8757788495954,31.2613393630792));
#8406=CARTESIAN_POINT('',(43.8159872117928,11.8757788495954,31.2613393630792));
#8407=CARTESIAN_POINT('',(43.8159872117928,10.6485116781639,33.3870284584598));
#8408=CARTESIAN_POINT('',(40.8159872117928,11.8757788495954,31.2613393630792));
#8409=CARTESIAN_POINT('Origin',(40.8159872117928,14.9757788495954,31.2613393630792));
#8410=CARTESIAN_POINT('',(43.8159872117928,14.9757788495954,31.2613393630792));
#8411=CARTESIAN_POINT('',(43.8159872117928,11.7007788495954,31.2613393630792));
#8412=CARTESIAN_POINT('',(40.8159872117928,14.9757788495954,31.2613393630792));
#8413=CARTESIAN_POINT('Origin',(40.8159872117928,16.5257788495954,33.946018114811));
#8414=CARTESIAN_POINT('',(43.8159872117927,16.5257788495954,33.946018114811));
#8415=CARTESIAN_POINT('',(43.8159872117927,15.7280460210269,32.5643043248646));
#8416=CARTESIAN_POINT('',(40.8159872117928,16.5257788495954,33.946018114811));
#8417=CARTESIAN_POINT('Origin',(40.8159872117928,14.9757788495954,36.6306968665427));
#8418=CARTESIAN_POINT('',(43.8159872117928,14.9757788495954,36.6306968665427));
#8419=CARTESIAN_POINT('',(43.8159872117928,14.5235116781639,37.4140465860575));
#8420=CARTESIAN_POINT('',(40.8159872117928,14.9757788495954,36.6306968665427));
#8421=CARTESIAN_POINT('Origin',(40.8159872117928,11.8757788495954,36.6306968665427));
#8422=CARTESIAN_POINT('',(43.8159872117928,10.1507788495954,36.6306968665427));
#8423=CARTESIAN_POINT('Origin',(40.8159872117928,10.3257788495954,-14.053981885189));
#8424=CARTESIAN_POINT('',(43.8159872117928,10.3257788495954,-14.053981885189));
#8425=CARTESIAN_POINT('',(43.8159872117928,11.8757788495954,-11.3693031334573));
#8426=CARTESIAN_POINT('',(43.8159872117928,7.59913317101398,-18.7766707347301));
#8427=CARTESIAN_POINT('',(40.8159872117928,10.3257788495954,-14.053981885189));
#8428=CARTESIAN_POINT('',(40.8159872117928,11.8757788495954,-11.3693031334573));
#8429=CARTESIAN_POINT('Origin',(40.8159872117928,11.8757788495954,-16.7386606369208));
#8430=CARTESIAN_POINT('',(43.8159872117928,11.8757788495954,-16.7386606369208));
#8431=CARTESIAN_POINT('',(43.8159872117928,13.3524245281768,-19.2962859770008));
#8432=CARTESIAN_POINT('',(40.8159872117928,11.8757788495954,-16.7386606369208));
#8433=CARTESIAN_POINT('Origin',(40.8159872117928,14.9757788495954,-16.7386606369208));
#8434=CARTESIAN_POINT('',(43.8159872117928,14.9757788495954,-16.7386606369208));
#8435=CARTESIAN_POINT('',(43.8159872117928,11.7007788495954,-16.7386606369208));
#8436=CARTESIAN_POINT('',(40.8159872117928,14.9757788495954,-16.7386606369208));
#8437=CARTESIAN_POINT('Origin',(40.8159872117928,16.5257788495954,-14.053981885189));
#8438=CARTESIAN_POINT('',(43.8159872117927,16.5257788495954,-14.053981885189));
#8439=CARTESIAN_POINT('',(43.8159872117927,13.024133171014,-20.119010110596));
#8440=CARTESIAN_POINT('',(40.8159872117928,16.5257788495954,-14.053981885189));
#8441=CARTESIAN_POINT('Origin',(40.8159872117928,14.9757788495954,-11.3693031334573));
#8442=CARTESIAN_POINT('',(43.8159872117927,14.9757788495954,-11.3693031334573));
#8443=CARTESIAN_POINT('',(43.8159872117927,17.2274245281768,-15.2692678494032));
#8444=CARTESIAN_POINT('',(40.8159872117928,14.9757788495954,-11.3693031334573));
#8445=CARTESIAN_POINT('Origin',(40.8159872117928,11.8757788495954,-11.3693031334573));
#8446=CARTESIAN_POINT('',(43.8159872117928,10.1507788495954,-11.3693031334573));
#8447=CARTESIAN_POINT('Origin',(48.3159872117928,30.6863825467797,21.8415182432198));
#8448=CARTESIAN_POINT('',(48.3159872117928,20.8257788495955,26.1303033778916));
#8449=CARTESIAN_POINT('',(48.3159872117928,28.6649673850727,32.4027238537704));
#8450=CARTESIAN_POINT('Origin',(48.3159872117928,30.6863825467797,21.8415182432198));
#8451=CARTESIAN_POINT('Ctrl Pts',(48.3159872117928,28.6649673850728,32.4027238537704));
#8452=CARTESIAN_POINT('Ctrl Pts',(48.3167045478954,28.6649673850728,32.4027238537704));
#8453=CARTESIAN_POINT('Ctrl Pts',(48.317422016336,28.664965456504,32.4027250563773));
#8454=CARTESIAN_POINT('Ctrl Pts',(48.365891270108,28.6647047860437,32.402887603881));
#8455=CARTESIAN_POINT('Ctrl Pts',(48.4117824886993,28.6559394642019,32.4083568406786));
#8456=CARTESIAN_POINT('Ctrl Pts',(48.5101892411561,28.6204422726239,32.4304547452468));
#8457=CARTESIAN_POINT('Ctrl Pts',(48.5587876551305,28.5900729535279,32.4493334203537));
#8458=CARTESIAN_POINT('Ctrl Pts',(48.6590530573419,28.5038130654337,32.502716003173));
#8459=CARTESIAN_POINT('Ctrl Pts',(48.7077598669584,28.4388945458257,32.5427236924326));
#8460=CARTESIAN_POINT('Ctrl Pts',(48.7913863698671,28.2677058921472,32.647293437875));
#8461=CARTESIAN_POINT('Ctrl Pts',(48.8159872117928,28.1574153017504,32.7140170637184));
#8462=CARTESIAN_POINT('Ctrl Pts',(48.8159872117928,28.0463768316362,32.7803695600145));
#8463=CARTESIAN_POINT('Ctrl Pts',(48.8159872117928,20.3257788495955,26.2330998873231));
#8464=CARTESIAN_POINT('Ctrl Pts',(48.8159872117928,20.3268386051656,26.2328845589838));
#8465=CARTESIAN_POINT('Ctrl Pts',(48.8159838425468,20.3278983554584,26.2326692158382));
#8466=CARTESIAN_POINT('Ctrl Pts',(48.8155551545933,20.3953169845796,26.2189686257963));
#8467=CARTESIAN_POINT('Ctrl Pts',(48.8019260666893,20.46102067839,26.2055520543305));
#8468=CARTESIAN_POINT('Ctrl Pts',(48.7499175263198,20.5827629497281,26.180587711275));
#8469=CARTESIAN_POINT('Ctrl Pts',(48.7122473849149,20.6378273949681,26.1692418613921));
#8470=CARTESIAN_POINT('Ctrl Pts',(48.6182385718771,20.7293305145347,26.1503335426376));
#8471=CARTESIAN_POINT('Ctrl Pts',(48.5632123709261,20.7652658040759,26.1428780913997));
#8472=CARTESIAN_POINT('Ctrl Pts',(48.4433579667021,20.8134812569095,26.13286406851));
#8473=CARTESIAN_POINT('Ctrl Pts',(48.3800179952652,20.8257788495955,26.1303033778916));
#8474=CARTESIAN_POINT('Ctrl Pts',(48.3159872117928,20.8257788495955,26.1303033778916));
#8475=CARTESIAN_POINT('Origin',(48.3159872117927,20.3257788495954,7.10105894015668));
#8476=CARTESIAN_POINT('',(48.3159872117927,20.8257788495954,-20.73586730841));
#8477=CARTESIAN_POINT('Origin',(48.3159872117927,20.3257788495953,-20.23586730841));
#8478=CARTESIAN_POINT('',(48.3159872117927,20.8257788495954,7.10105894015668));
#8479=CARTESIAN_POINT('Origin',(48.3159872117928,2.22577884959535,-20.23586730841));
#8480=CARTESIAN_POINT('',(48.3159872117928,-3.97422115040463,-20.7358673084099));
#8481=CARTESIAN_POINT('',(48.3159872117928,2.22577884959535,-20.73586730841));
#8482=CARTESIAN_POINT('Origin',(48.3159872117928,-3.47422115040463,-20.2358673084099));
#8483=CARTESIAN_POINT('Origin',(23.8159872117928,30.6863825467797,21.8415182432198));
#8484=CARTESIAN_POINT('',(23.8159872117928,20.8257788495955,26.1303033778916));
#8485=CARTESIAN_POINT('',(23.8159872117928,28.6649673850725,32.4027238537704));
#8486=CARTESIAN_POINT('Origin',(40.8159872117928,20.8257788495953,-20.73586730841));
#8487=CARTESIAN_POINT('',(40.8159872117928,20.8257788495954,-20.73586730841));
#8488=CARTESIAN_POINT('Origin',(40.8159872117928,-3.97422115040464,-20.7358673084099));
#8489=CARTESIAN_POINT('',(40.8159872117928,-3.97422115040464,-20.7358673084099));
#8490=CARTESIAN_POINT('Origin',(40.8159872117928,18.8257788495955,38.0631062778615));
#8491=CARTESIAN_POINT('',(67.2159872117927,18.8257788495955,36.7550183728999));
#8492=CARTESIAN_POINT('Origin',(43.8159872117928,8.42577884959543,-25.5508533058384));
#8493=CARTESIAN_POINT('',(43.8159872117927,14.9257788495954,-14.053981885189));
#8494=CARTESIAN_POINT('Origin',(43.8159872117927,13.4257788495954,-14.053981885189));
#8495=CARTESIAN_POINT('Origin',(43.8159872117928,8.42577884959545,34.9379851887234));
#8496=CARTESIAN_POINT('',(43.8159872117928,14.9257788495954,33.946018114811));
#8497=CARTESIAN_POINT('Origin',(43.8159872117928,13.4257788495954,33.946018114811));
#8498=CARTESIAN_POINT('Origin',(48.8159872117928,13.4257788495955,33.946018114811));
#8499=CARTESIAN_POINT('',(48.8159872117927,14.9257788495955,33.946018114811));
#8500=CARTESIAN_POINT('Origin',(48.8159872117927,13.4257788495955,-14.053981885189));
#8501=CARTESIAN_POINT('',(48.8159872117927,14.9257788495955,-14.053981885189));
#8502=CARTESIAN_POINT('Origin',(67.2159872117928,8.42577884959525,-0.0539818851890494));
#8503=CARTESIAN_POINT('',(12.2159872117926,51.2905424471103,5.70575263378327));
#8504=CARTESIAN_POINT('',(67.2159872117926,51.2905424471105,5.70575263378297));
#8505=CARTESIAN_POINT('',(12.2159872117929,-34.4389847479226,5.70575263378094));
#8506=CARTESIAN_POINT('Origin',(12.2159872117928,8.42577884959502,-0.0539818851890494));
#8507=CARTESIAN_POINT('',(67.2159872117929,-34.4389847479224,5.70575263378091));
#8508=CARTESIAN_POINT('Origin',(62.7159872117926,53.4139769172508,-10.0971487460583));
#8509=CARTESIAN_POINT('',(12.2159872117926,53.4139769172507,-10.0971487460582));
#8510=CARTESIAN_POINT('',(12.2159872117926,52.3522596821804,-2.19569805613706));
#8511=CARTESIAN_POINT('',(62.7159872117925,53.4139769172506,-10.0971487460568));
#8512=CARTESIAN_POINT('Origin',(62.7159872117929,-34.4389847479224,5.70575263378074));
#8513=CARTESIAN_POINT('',(12.2159872117929,-36.6504192180618,-10.7520572638308));
#8514=CARTESIAN_POINT('',(12.2159872117929,-34.4389847479226,5.7057526337813));
#8515=CARTESIAN_POINT('',(62.7159872117929,-36.6504192180616,-10.7520572638307));
#8516=CARTESIAN_POINT('',(56.4159872117942,-35.5447019829956,-2.52315231499555));
#8517=CARTESIAN_POINT('Origin',(58.7159872117942,-35.544701982988,-2.52315231499655));
#8518=CARTESIAN_POINT('',(13.9159872117841,-35.5447019829973,-2.52315231499573));
#8519=CARTESIAN_POINT('Origin',(16.2159872117841,-35.5447019829898,-2.52315231499673));
#8520=CARTESIAN_POINT('Origin',(27.0289909243582,-3.97422115040457,-16.4683872534575));
#8521=CARTESIAN_POINT('',(27.0289909243582,-3.97422115040457,-16.4683872534575));
#8522=CARTESIAN_POINT('',(27.0289909243582,-3.97422115040457,-15.8353722168746));
#8523=CARTESIAN_POINT('',(27.0289909243582,-3.97422115040455,10.797359512202));
#8524=CARTESIAN_POINT('',(27.0289909243582,-2.47422115040457,-16.4683872534575));
#8525=CARTESIAN_POINT('',(27.0289909243582,-3.97422115040457,-16.4683872534575));
#8526=CARTESIAN_POINT('',(27.0289909243582,-2.47422115040457,-15.8353722168746));
#8527=CARTESIAN_POINT('',(27.0289909243582,-2.47422115040457,-16.4683872534575));
#8528=CARTESIAN_POINT('',(27.0289909243582,-3.97422115040457,-15.8353722168746));
#8529=CARTESIAN_POINT('Ctrl Pts',(26.9375854134558,-3.97422115040457,-16.7937624527755));
#8530=CARTESIAN_POINT('Ctrl Pts',(26.9375854134558,-2.47422115040457,-16.7937624527755));
#8531=CARTESIAN_POINT('Ctrl Pts',(26.9641326811491,-3.97422115040457,-16.7506133843132));
#8532=CARTESIAN_POINT('Ctrl Pts',(26.9641326811491,-2.47422115040457,-16.7506133843132));
#8533=CARTESIAN_POINT('Ctrl Pts',(27.0251107810923,-3.97422115040457,-16.6515015570792));
#8534=CARTESIAN_POINT('Ctrl Pts',(27.0251107810923,-2.47422115040457,-16.6515015570792));
#8535=CARTESIAN_POINT('Ctrl Pts',(27.0275906722139,-3.97422115040457,-16.5344688846595));
#8536=CARTESIAN_POINT('Ctrl Pts',(27.0275906722139,-2.47422115040457,-16.5344688846595));
#8537=CARTESIAN_POINT('Ctrl Pts',(27.0289909243582,-3.97422115040457,-16.4683872534575));
#8538=CARTESIAN_POINT('Ctrl Pts',(27.0289909243582,-2.47422115040457,-16.4683872534575));
#8539=CARTESIAN_POINT('',(26.9375854134558,-3.97422115040457,-16.7937624527755));
#8540=CARTESIAN_POINT('Ctrl Pts',(26.9375854134558,-3.97422115040457,-16.7937624527755));
#8541=CARTESIAN_POINT('Ctrl Pts',(26.9641326811491,-3.97422115040457,-16.7506133843132));
#8542=CARTESIAN_POINT('Ctrl Pts',(27.0251107810923,-3.97422115040457,-16.6515015570792));
#8543=CARTESIAN_POINT('Ctrl Pts',(27.0275906722139,-3.97422115040457,-16.5344688846595));
#8544=CARTESIAN_POINT('Ctrl Pts',(27.0289909243582,-3.97422115040457,-16.4683872534575));
#8545=CARTESIAN_POINT('',(26.9375854134558,-2.47422115040457,-16.7937624527755));
#8546=CARTESIAN_POINT('',(26.9375854134558,-3.97422115040457,-16.7937624527755));
#8547=CARTESIAN_POINT('Ctrl Pts',(26.9375854134558,-2.47422115040457,-16.7937624527755));
#8548=CARTESIAN_POINT('Ctrl Pts',(26.9641326811491,-2.47422115040457,-16.7506133843132));
#8549=CARTESIAN_POINT('Ctrl Pts',(27.0251107810923,-2.47422115040457,-16.6515015570792));
#8550=CARTESIAN_POINT('Ctrl Pts',(27.0275906722139,-2.47422115040457,-16.5344688846595));
#8551=CARTESIAN_POINT('Ctrl Pts',(27.0289909243582,-2.47422115040457,-16.4683872534575));
#8552=CARTESIAN_POINT('Ctrl Pts',(26.7042976021765,-3.97422115040457,-16.8967640473189));
#8553=CARTESIAN_POINT('Ctrl Pts',(26.7042976021765,-2.47422115040457,-16.8967640473189));
#8554=CARTESIAN_POINT('Ctrl Pts',(26.7493560342288,-3.97422115040457,-16.8926207775148));
#8555=CARTESIAN_POINT('Ctrl Pts',(26.7493560342288,-2.47422115040457,-16.8926207775148));
#8556=CARTESIAN_POINT('Ctrl Pts',(26.8387100006139,-3.97422115040457,-16.8844043888402));
#8557=CARTESIAN_POINT('Ctrl Pts',(26.8387100006139,-2.47422115040457,-16.8844043888402));
#8558=CARTESIAN_POINT('Ctrl Pts',(26.9048150759634,-3.97422115040457,-16.8238039641121));
#8559=CARTESIAN_POINT('Ctrl Pts',(26.9048150759634,-2.47422115040457,-16.8238039641121));
#8560=CARTESIAN_POINT('Ctrl Pts',(26.9375854134558,-3.97422115040457,-16.7937624527755));
#8561=CARTESIAN_POINT('Ctrl Pts',(26.9375854134558,-2.47422115040457,-16.7937624527755));
#8562=CARTESIAN_POINT('',(26.7042976021765,-3.97422115040457,-16.8967640473189));
#8563=CARTESIAN_POINT('Ctrl Pts',(26.7042976021765,-3.97422115040457,-16.8967640473189));
#8564=CARTESIAN_POINT('Ctrl Pts',(26.7493560342288,-3.97422115040457,-16.8926207775148));
#8565=CARTESIAN_POINT('Ctrl Pts',(26.8387100006139,-3.97422115040457,-16.8844043888402));
#8566=CARTESIAN_POINT('Ctrl Pts',(26.9048150759634,-3.97422115040457,-16.8238039641121));
#8567=CARTESIAN_POINT('Ctrl Pts',(26.9375854134558,-3.97422115040457,-16.7937624527755));
#8568=CARTESIAN_POINT('',(26.7042976021765,-2.47422115040457,-16.8967640473189));
#8569=CARTESIAN_POINT('',(26.7042976021765,-3.97422115040457,-16.8967640473189));
#8570=CARTESIAN_POINT('Ctrl Pts',(26.7042976021765,-2.47422115040457,-16.8967640473189));
#8571=CARTESIAN_POINT('Ctrl Pts',(26.7493560342288,-2.47422115040457,-16.8926207775148));
#8572=CARTESIAN_POINT('Ctrl Pts',(26.8387100006139,-2.47422115040457,-16.8844043888402));
#8573=CARTESIAN_POINT('Ctrl Pts',(26.9048150759634,-2.47422115040457,-16.8238039641121));
#8574=CARTESIAN_POINT('Ctrl Pts',(26.9375854134558,-2.47422115040457,-16.7937624527755));
#8575=CARTESIAN_POINT('Ctrl Pts',(26.5248977541922,-3.97422115040457,-16.8435579611602));
#8576=CARTESIAN_POINT('Ctrl Pts',(26.5248977541922,-2.47422115040457,-16.8435579611602));
#8577=CARTESIAN_POINT('Ctrl Pts',(26.5529477616001,-3.97422115040457,-16.8590764184489));
#8578=CARTESIAN_POINT('Ctrl Pts',(26.5529477616001,-2.47422115040457,-16.8590764184489));
#8579=CARTESIAN_POINT('Ctrl Pts',(26.6088439118541,-3.97422115040457,-16.8900005464788));
#8580=CARTESIAN_POINT('Ctrl Pts',(26.6088439118541,-2.47422115040457,-16.8900005464788));
#8581=CARTESIAN_POINT('Ctrl Pts',(26.672557163773,-3.97422115040457,-16.8945150354569));
#8582=CARTESIAN_POINT('Ctrl Pts',(26.672557163773,-2.47422115040457,-16.8945150354569));
#8583=CARTESIAN_POINT('Ctrl Pts',(26.7042976021765,-3.97422115040457,-16.8967640473189));
#8584=CARTESIAN_POINT('Ctrl Pts',(26.7042976021765,-2.47422115040457,-16.8967640473189));
#8585=CARTESIAN_POINT('',(26.5248977541922,-3.97422115040457,-16.8435579611602));
#8586=CARTESIAN_POINT('Ctrl Pts',(26.5248977541922,-3.97422115040457,-16.8435579611602));
#8587=CARTESIAN_POINT('Ctrl Pts',(26.5529477616001,-3.97422115040457,-16.8590764184489));
#8588=CARTESIAN_POINT('Ctrl Pts',(26.6088439118541,-3.97422115040457,-16.8900005464788));
#8589=CARTESIAN_POINT('Ctrl Pts',(26.672557163773,-3.97422115040457,-16.8945150354569));
#8590=CARTESIAN_POINT('Ctrl Pts',(26.7042976021765,-3.97422115040457,-16.8967640473189));
#8591=CARTESIAN_POINT('',(26.5248977541922,-2.47422115040457,-16.8435579611602));
#8592=CARTESIAN_POINT('',(26.5248977541922,-3.97422115040457,-16.8435579611602));
#8593=CARTESIAN_POINT('Ctrl Pts',(26.5248977541922,-2.47422115040457,-16.8435579611602));
#8594=CARTESIAN_POINT('Ctrl Pts',(26.5529477616001,-2.47422115040457,-16.8590764184489));
#8595=CARTESIAN_POINT('Ctrl Pts',(26.6088439118541,-2.47422115040457,-16.8900005464788));
#8596=CARTESIAN_POINT('Ctrl Pts',(26.672557163773,-2.47422115040457,-16.8945150354569));
#8597=CARTESIAN_POINT('Ctrl Pts',(26.7042976021765,-2.47422115040457,-16.8967640473189));
#8598=CARTESIAN_POINT('Ctrl Pts',(26.4048432707785,-3.97422115040457,-16.6880327536406));
#8599=CARTESIAN_POINT('Ctrl Pts',(26.4048432707785,-2.47422115040457,-16.6880327536406));
#8600=CARTESIAN_POINT('Ctrl Pts',(26.4188182384459,-3.97422115040457,-16.7198255278797));
#8601=CARTESIAN_POINT('Ctrl Pts',(26.4188182384459,-2.47422115040457,-16.7198255278797));
#8602=CARTESIAN_POINT('Ctrl Pts',(26.4460030508228,-3.97422115040457,-16.7816704368057));
#8603=CARTESIAN_POINT('Ctrl Pts',(26.4460030508228,-2.47422115040457,-16.7816704368057));
#8604=CARTESIAN_POINT('Ctrl Pts',(26.4990976396452,-3.97422115040457,-16.8233195275368));
#8605=CARTESIAN_POINT('Ctrl Pts',(26.4990976396452,-2.47422115040457,-16.8233195275368));
#8606=CARTESIAN_POINT('Ctrl Pts',(26.5248977541922,-3.97422115040457,-16.8435579611602));
#8607=CARTESIAN_POINT('Ctrl Pts',(26.5248977541922,-2.47422115040457,-16.8435579611602));
#8608=CARTESIAN_POINT('',(26.4048432707785,-3.97422115040457,-16.6880327536406));
#8609=CARTESIAN_POINT('Ctrl Pts',(26.4048432707785,-3.97422115040457,-16.6880327536406));
#8610=CARTESIAN_POINT('Ctrl Pts',(26.4188182384459,-3.97422115040457,-16.7198255278797));
#8611=CARTESIAN_POINT('Ctrl Pts',(26.4460030508228,-3.97422115040457,-16.7816704368057));
#8612=CARTESIAN_POINT('Ctrl Pts',(26.4990976396452,-3.97422115040457,-16.8233195275368));
#8613=CARTESIAN_POINT('Ctrl Pts',(26.5248977541922,-3.97422115040457,-16.8435579611602));
#8614=CARTESIAN_POINT('',(26.4048432707785,-2.47422115040457,-16.6880327536406));
#8615=CARTESIAN_POINT('',(26.4048432707785,-3.97422115040457,-16.6880327536406));
#8616=CARTESIAN_POINT('Ctrl Pts',(26.4048432707785,-2.47422115040457,-16.6880327536406));
#8617=CARTESIAN_POINT('Ctrl Pts',(26.4188182384459,-2.47422115040457,-16.7198255278797));
#8618=CARTESIAN_POINT('Ctrl Pts',(26.4460030508228,-2.47422115040457,-16.7816704368057));
#8619=CARTESIAN_POINT('Ctrl Pts',(26.4990976396452,-2.47422115040457,-16.8233195275368));
#8620=CARTESIAN_POINT('Ctrl Pts',(26.5248977541922,-2.47422115040457,-16.8435579611602));
#8621=CARTESIAN_POINT('Ctrl Pts',(26.3673263192176,-3.97422115040457,-16.404266960794));
#8622=CARTESIAN_POINT('Ctrl Pts',(26.3673263192176,-2.47422115040457,-16.404266960794));
#8623=CARTESIAN_POINT('Ctrl Pts',(26.3679172332085,-3.97422115040457,-16.4585181835366));
#8624=CARTESIAN_POINT('Ctrl Pts',(26.3679172332085,-2.47422115040457,-16.4585181835366));
#8625=CARTESIAN_POINT('Ctrl Pts',(26.3689653785717,-3.97422115040457,-16.5547473614469));
#8626=CARTESIAN_POINT('Ctrl Pts',(26.3689653785717,-2.47422115040457,-16.5547473614469));
#8627=CARTESIAN_POINT('Ctrl Pts',(26.3939460000152,-3.97422115040457,-16.6475496896091));
#8628=CARTESIAN_POINT('Ctrl Pts',(26.3939460000152,-2.47422115040457,-16.6475496896091));
#8629=CARTESIAN_POINT('Ctrl Pts',(26.4048432707785,-3.97422115040457,-16.6880327536406));
#8630=CARTESIAN_POINT('Ctrl Pts',(26.4048432707785,-2.47422115040457,-16.6880327536406));
#8631=CARTESIAN_POINT('',(26.3673263192176,-3.97422115040457,-16.404266960794));
#8632=CARTESIAN_POINT('Ctrl Pts',(26.3673263192176,-3.97422115040457,-16.404266960794));
#8633=CARTESIAN_POINT('Ctrl Pts',(26.3679172332085,-3.97422115040457,-16.4585181835366));
#8634=CARTESIAN_POINT('Ctrl Pts',(26.3689653785717,-3.97422115040457,-16.5547473614469));
#8635=CARTESIAN_POINT('Ctrl Pts',(26.3939460000152,-3.97422115040457,-16.6475496896091));
#8636=CARTESIAN_POINT('Ctrl Pts',(26.4048432707785,-3.97422115040457,-16.6880327536406));
#8637=CARTESIAN_POINT('',(26.3673263192176,-2.47422115040457,-16.404266960794));
#8638=CARTESIAN_POINT('',(26.3673263192176,-3.97422115040457,-16.404266960794));
#8639=CARTESIAN_POINT('Ctrl Pts',(26.3673263192176,-2.47422115040457,-16.404266960794));
#8640=CARTESIAN_POINT('Ctrl Pts',(26.3679172332085,-2.47422115040457,-16.4585181835366));
#8641=CARTESIAN_POINT('Ctrl Pts',(26.3689653785717,-2.47422115040457,-16.5547473614469));
#8642=CARTESIAN_POINT('Ctrl Pts',(26.3939460000152,-2.47422115040457,-16.6475496896091));
#8643=CARTESIAN_POINT('Ctrl Pts',(26.4048432707785,-2.47422115040457,-16.6880327536406));
#8644=CARTESIAN_POINT('Origin',(26.3673263192176,-3.97422115040457,-15.8353722168746));
#8645=CARTESIAN_POINT('',(26.3673263192176,-3.97422115040457,-15.8353722168746));
#8646=CARTESIAN_POINT('',(26.3673263192176,-3.97422115040455,11.1138670304935));
#8647=CARTESIAN_POINT('',(26.3673263192175,-2.47422115040457,-15.8353722168746));
#8648=CARTESIAN_POINT('',(26.3673263192176,-3.97422115040457,-15.8353722168746));
#8649=CARTESIAN_POINT('',(26.3673263192175,-2.47422115040457,-15.8353722168746));
#8650=CARTESIAN_POINT('Origin',(27.0289909243582,-3.97422115040457,-15.8353722168746));
#8651=CARTESIAN_POINT('',(33.9224890680755,-3.97422115040463,-15.8353722168746));
#8652=CARTESIAN_POINT('',(27.0289909243582,-2.47422115040457,-15.8353722168746));
#8653=CARTESIAN_POINT('Origin',(26.1381309628485,-3.97422115040457,-15.8353722168746));
#8654=CARTESIAN_POINT('',(26.1381309628485,-3.97422115040457,-15.8353722168746));
#8655=CARTESIAN_POINT('',(25.2500002980231,-3.97422115040457,-15.8353722168746));
#8656=CARTESIAN_POINT('',(33.4770590873207,-3.97422115040463,-15.8353722168746));
#8657=CARTESIAN_POINT('',(26.1381309628485,-2.47422115040457,-15.8353722168746));
#8658=CARTESIAN_POINT('',(26.1381309628485,-3.97422115040457,-15.8353722168746));
#8659=CARTESIAN_POINT('',(25.2500002980231,-2.47422115040457,-15.8353722168746));
#8660=CARTESIAN_POINT('',(26.1381309628485,-2.47422115040457,-15.8353722168746));
#8661=CARTESIAN_POINT('',(25.2500002980231,-3.97422115040457,-15.8353722168746));
#8662=CARTESIAN_POINT('Origin',(26.1381309628485,-3.97422115040457,-16.1423301770034));
#8663=CARTESIAN_POINT('',(26.1381309628485,-3.97422115040457,-16.1423301770034));
#8664=CARTESIAN_POINT('',(26.1381309628485,-3.97422115040455,10.9603880504291));
#8665=CARTESIAN_POINT('',(26.1381309628485,-2.47422115040457,-16.1423301770034));
#8666=CARTESIAN_POINT('',(26.1381309628485,-3.97422115040457,-16.1423301770034));
#8667=CARTESIAN_POINT('',(26.1381309628485,-2.47422115040457,-16.1423301770034));
#8668=CARTESIAN_POINT('Ctrl Pts',(26.1285817027091,-3.97422115040457,-16.2896698786559));
#8669=CARTESIAN_POINT('Ctrl Pts',(26.1285817027091,-2.47422115040457,-16.2896698786559));
#8670=CARTESIAN_POINT('Ctrl Pts',(26.1313425627461,-3.97422115040457,-16.2699156343679));
#8671=CARTESIAN_POINT('Ctrl Pts',(26.1313425627461,-2.47422115040457,-16.2699156343679));
#8672=CARTESIAN_POINT('Ctrl Pts',(26.1381690930773,-3.97422115040457,-16.2210710910037));
#8673=CARTESIAN_POINT('Ctrl Pts',(26.1381690930773,-2.47422115040457,-16.2210710910037));
#8674=CARTESIAN_POINT('Ctrl Pts',(26.138145195504,-3.97422115040457,-16.1717213538645));
#8675=CARTESIAN_POINT('Ctrl Pts',(26.138145195504,-2.47422115040457,-16.1717213538645));
#8676=CARTESIAN_POINT('Ctrl Pts',(26.1381309628485,-3.97422115040457,-16.1423301770034));
#8677=CARTESIAN_POINT('Ctrl Pts',(26.1381309628485,-2.47422115040457,-16.1423301770034));
#8678=CARTESIAN_POINT('',(26.1285817027091,-3.97422115040457,-16.2896698786559));
#8679=CARTESIAN_POINT('Ctrl Pts',(26.1285817027091,-3.97422115040457,-16.2896698786559));
#8680=CARTESIAN_POINT('Ctrl Pts',(26.1313425627461,-3.97422115040457,-16.2699156343679));
#8681=CARTESIAN_POINT('Ctrl Pts',(26.1381690930773,-3.97422115040457,-16.2210710910037));
#8682=CARTESIAN_POINT('Ctrl Pts',(26.138145195504,-3.97422115040457,-16.1717213538645));
#8683=CARTESIAN_POINT('Ctrl Pts',(26.1381309628485,-3.97422115040457,-16.1423301770034));
#8684=CARTESIAN_POINT('',(26.1285817027091,-2.47422115040457,-16.2896698786559));
#8685=CARTESIAN_POINT('',(26.1285817027091,-3.97422115040457,-16.2896698786559));
#8686=CARTESIAN_POINT('Ctrl Pts',(26.1285817027091,-2.47422115040457,-16.2896698786559));
#8687=CARTESIAN_POINT('Ctrl Pts',(26.1313425627461,-2.47422115040457,-16.2699156343679));
#8688=CARTESIAN_POINT('Ctrl Pts',(26.1381690930773,-2.47422115040457,-16.2210710910037));
#8689=CARTESIAN_POINT('Ctrl Pts',(26.138145195504,-2.47422115040457,-16.1717213538645));
#8690=CARTESIAN_POINT('Ctrl Pts',(26.1381309628485,-2.47422115040457,-16.1423301770034));
#8691=CARTESIAN_POINT('Ctrl Pts',(26.0753756165503,-3.97422115040457,-16.4104062392058));
#8692=CARTESIAN_POINT('Ctrl Pts',(26.0753756165503,-2.47422115040457,-16.4104062392058));
#8693=CARTESIAN_POINT('Ctrl Pts',(26.0870662755096,-3.97422115040457,-16.3908440169988));
#8694=CARTESIAN_POINT('Ctrl Pts',(26.0870662755096,-2.47422115040457,-16.3908440169988));
#8695=CARTESIAN_POINT('Ctrl Pts',(26.1098075767113,-3.97422115040457,-16.3527905258369));
#8696=CARTESIAN_POINT('Ctrl Pts',(26.1098075767113,-2.47422115040457,-16.3527905258369));
#8697=CARTESIAN_POINT('Ctrl Pts',(26.1224421875267,-3.97422115040457,-16.3103115943732));
#8698=CARTESIAN_POINT('Ctrl Pts',(26.1224421875267,-2.47422115040457,-16.3103115943732));
#8699=CARTESIAN_POINT('Ctrl Pts',(26.1285817027091,-3.97422115040457,-16.2896698786559));
#8700=CARTESIAN_POINT('Ctrl Pts',(26.1285817027091,-2.47422115040457,-16.2896698786559));
#8701=CARTESIAN_POINT('',(26.0753756165503,-3.97422115040457,-16.4104062392058));
#8702=CARTESIAN_POINT('Ctrl Pts',(26.0753756165503,-3.97422115040457,-16.4104062392058));
#8703=CARTESIAN_POINT('Ctrl Pts',(26.0870662755096,-3.97422115040457,-16.3908440169988));
#8704=CARTESIAN_POINT('Ctrl Pts',(26.1098075767113,-3.97422115040457,-16.3527905258369));
#8705=CARTESIAN_POINT('Ctrl Pts',(26.1224421875267,-3.97422115040457,-16.3103115943732));
#8706=CARTESIAN_POINT('Ctrl Pts',(26.1285817027091,-3.97422115040457,-16.2896698786559));
#8707=CARTESIAN_POINT('',(26.0753756165503,-2.47422115040457,-16.4104062392058));
#8708=CARTESIAN_POINT('',(26.0753756165503,-3.97422115040457,-16.4104062392058));
#8709=CARTESIAN_POINT('Ctrl Pts',(26.0753756165503,-2.47422115040457,-16.4104062392058));
#8710=CARTESIAN_POINT('Ctrl Pts',(26.0870662755096,-2.47422115040457,-16.3908440169988));
#8711=CARTESIAN_POINT('Ctrl Pts',(26.1098075767113,-2.47422115040457,-16.3527905258369));
#8712=CARTESIAN_POINT('Ctrl Pts',(26.1224421875267,-2.47422115040457,-16.3103115943732));
#8713=CARTESIAN_POINT('Ctrl Pts',(26.1285817027091,-2.47422115040457,-16.2896698786559));
#8714=CARTESIAN_POINT('Ctrl Pts',(25.941678225994,-3.97422115040457,-16.5447861029448));
#8715=CARTESIAN_POINT('Ctrl Pts',(25.941678225994,-2.47422115040457,-16.5447861029448));
#8716=CARTESIAN_POINT('Ctrl Pts',(25.9698941172634,-3.97422115040457,-16.5222097540318));
#8717=CARTESIAN_POINT('Ctrl Pts',(25.9698941172634,-2.47422115040457,-16.5222097540318));
#8718=CARTESIAN_POINT('Ctrl Pts',(26.0196094563615,-3.97422115040458,-16.4824310764387));
#8719=CARTESIAN_POINT('Ctrl Pts',(26.0196094563615,-2.47422115040458,-16.4824310764387));
#8720=CARTESIAN_POINT('Ctrl Pts',(26.0585400448478,-3.97422115040457,-16.4321502378511));
#8721=CARTESIAN_POINT('Ctrl Pts',(26.0585400448478,-2.47422115040457,-16.4321502378511));
#8722=CARTESIAN_POINT('Ctrl Pts',(26.0753756165503,-3.97422115040457,-16.4104062392058));
#8723=CARTESIAN_POINT('Ctrl Pts',(26.0753756165503,-2.47422115040457,-16.4104062392058));
#8724=CARTESIAN_POINT('',(25.941678225994,-3.97422115040457,-16.5447861029448));
#8725=CARTESIAN_POINT('Ctrl Pts',(25.941678225994,-3.97422115040457,-16.5447861029448));
#8726=CARTESIAN_POINT('Ctrl Pts',(25.9698941172634,-3.97422115040457,-16.5222097540318));
#8727=CARTESIAN_POINT('Ctrl Pts',(26.0196094563615,-3.97422115040458,-16.4824310764387));
#8728=CARTESIAN_POINT('Ctrl Pts',(26.0585400448478,-3.97422115040457,-16.4321502378511));
#8729=CARTESIAN_POINT('Ctrl Pts',(26.0753756165503,-3.97422115040457,-16.4104062392058));
#8730=CARTESIAN_POINT('',(25.941678225994,-2.47422115040457,-16.5447861029448));
#8731=CARTESIAN_POINT('',(25.941678225994,-3.97422115040457,-16.5447861029448));
#8732=CARTESIAN_POINT('Ctrl Pts',(25.941678225994,-2.47422115040457,-16.5447861029448));
#8733=CARTESIAN_POINT('Ctrl Pts',(25.9698941172634,-2.47422115040457,-16.5222097540318));
#8734=CARTESIAN_POINT('Ctrl Pts',(26.0196094563614,-2.47422115040457,-16.4824310764387));
#8735=CARTESIAN_POINT('Ctrl Pts',(26.0585400448478,-2.47422115040457,-16.4321502378511));
#8736=CARTESIAN_POINT('Ctrl Pts',(26.0753756165503,-2.47422115040457,-16.4104062392058));
#8737=CARTESIAN_POINT('Ctrl Pts',(25.6660985350608,-3.97422115040457,-16.7357814385238));
#8738=CARTESIAN_POINT('Ctrl Pts',(25.6660985350608,-2.47422115040457,-16.7357814385238));
#8739=CARTESIAN_POINT('Ctrl Pts',(25.7195351724192,-3.97422115040457,-16.701194797094));
#8740=CARTESIAN_POINT('Ctrl Pts',(25.7195351724192,-2.47422115040457,-16.701194797094));
#8741=CARTESIAN_POINT('Ctrl Pts',(25.8134180114104,-3.97422115040457,-16.6404295197655));
#8742=CARTESIAN_POINT('Ctrl Pts',(25.8134180114104,-2.47422115040457,-16.6404295197655));
#8743=CARTESIAN_POINT('Ctrl Pts',(25.9030593355708,-3.97422115040457,-16.5735841417278));
#8744=CARTESIAN_POINT('Ctrl Pts',(25.9030593355708,-2.47422115040457,-16.5735841417278));
#8745=CARTESIAN_POINT('Ctrl Pts',(25.941678225994,-3.97422115040457,-16.5447861029448));
#8746=CARTESIAN_POINT('Ctrl Pts',(25.941678225994,-2.47422115040457,-16.5447861029448));
#8747=CARTESIAN_POINT('',(25.6660985350608,-3.97422115040457,-16.7357814385238));
#8748=CARTESIAN_POINT('Ctrl Pts',(25.6660985350608,-3.97422115040457,-16.7357814385238));
#8749=CARTESIAN_POINT('Ctrl Pts',(25.7195351724192,-3.97422115040457,-16.701194797094));
#8750=CARTESIAN_POINT('Ctrl Pts',(25.8134180114104,-3.97422115040457,-16.6404295197655));
#8751=CARTESIAN_POINT('Ctrl Pts',(25.9030593355708,-3.97422115040457,-16.5735841417278));
#8752=CARTESIAN_POINT('Ctrl Pts',(25.941678225994,-3.97422115040457,-16.5447861029448));
#8753=CARTESIAN_POINT('',(25.6660985350608,-2.47422115040457,-16.7357814385238));
#8754=CARTESIAN_POINT('',(25.6660985350608,-3.97422115040457,-16.7357814385238));
#8755=CARTESIAN_POINT('Ctrl Pts',(25.6660985350608,-2.47422115040457,-16.7357814385238));
#8756=CARTESIAN_POINT('Ctrl Pts',(25.7195351724192,-2.47422115040457,-16.701194797094));
#8757=CARTESIAN_POINT('Ctrl Pts',(25.8134180114104,-2.47422115040457,-16.6404295197655));
#8758=CARTESIAN_POINT('Ctrl Pts',(25.9030593355708,-2.47422115040457,-16.5735841417278));
#8759=CARTESIAN_POINT('Ctrl Pts',(25.941678225994,-2.47422115040457,-16.5447861029448));
#8760=CARTESIAN_POINT('Origin',(25.2500002980231,-3.97422115040457,-17.0004475189986));
#8761=CARTESIAN_POINT('',(25.2500002980231,-3.97422115040457,-17.0004475189986));
#8762=CARTESIAN_POINT('',(43.2589588437541,-3.9742211504046,-5.54555526647176));
#8763=CARTESIAN_POINT('',(25.2500002980231,-2.47422115040457,-17.0004475189986));
#8764=CARTESIAN_POINT('',(25.2500002980231,-3.97422115040457,-17.0004475189986));
#8765=CARTESIAN_POINT('',(25.2500002980231,-2.47422115040457,-17.0004475189986));
#8766=CARTESIAN_POINT('Origin',(25.2500002980231,-3.97422115040457,-17.3333257510009));
#8767=CARTESIAN_POINT('',(25.2500002980231,-3.97422115040457,-17.3333257510009));
#8768=CARTESIAN_POINT('',(25.2500002980231,-3.97422115040455,10.3648902634303));
#8769=CARTESIAN_POINT('',(25.2500002980231,-2.47422115040457,-17.3333257510009));
#8770=CARTESIAN_POINT('',(25.2500002980231,-3.97422115040457,-17.3333257510009));
#8771=CARTESIAN_POINT('',(25.2500002980231,-2.47422115040457,-17.3333257510009));
#8772=CARTESIAN_POINT('Origin',(25.7943385243415,-3.97422115040457,-16.9854408575835));
#8773=CARTESIAN_POINT('',(25.7943385243415,-3.97422115040457,-16.9854408575835));
#8774=CARTESIAN_POINT('',(43.6164793604461,-3.9742211504046,-5.59536522910602));
#8775=CARTESIAN_POINT('',(25.7943385243414,-2.47422115040457,-16.9854408575835));
#8776=CARTESIAN_POINT('',(25.7943385243415,-3.97422115040457,-16.9854408575835));
#8777=CARTESIAN_POINT('',(25.7943385243414,-2.47422115040457,-16.9854408575835));
#8778=CARTESIAN_POINT('Ctrl Pts',(26.0603683590888,-3.97422115040457,-16.7657953574004));
#8779=CARTESIAN_POINT('Ctrl Pts',(26.0603683590888,-2.47422115040457,-16.7657953574004));
#8780=CARTESIAN_POINT('Ctrl Pts',(26.0215122705118,-3.97422115040458,-16.8046882057167));
#8781=CARTESIAN_POINT('Ctrl Pts',(26.0215122705118,-2.47422115040458,-16.8046882057167));
#8782=CARTESIAN_POINT('Ctrl Pts',(25.9398866440891,-3.97422115040457,-16.8863910539305));
#8783=CARTESIAN_POINT('Ctrl Pts',(25.9398866440891,-2.47422115040457,-16.8863910539305));
#8784=CARTESIAN_POINT('Ctrl Pts',(25.8443808700591,-3.97422115040457,-16.9513855600897));
#8785=CARTESIAN_POINT('Ctrl Pts',(25.8443808700591,-2.47422115040457,-16.9513855600897));
#8786=CARTESIAN_POINT('Ctrl Pts',(25.7943385243415,-3.97422115040457,-16.9854408575835));
#8787=CARTESIAN_POINT('Ctrl Pts',(25.7943385243415,-2.47422115040457,-16.9854408575835));
#8788=CARTESIAN_POINT('',(26.0603683590888,-3.97422115040457,-16.7657953574004));
#8789=CARTESIAN_POINT('Ctrl Pts',(26.0603683590888,-3.97422115040457,-16.7657953574004));
#8790=CARTESIAN_POINT('Ctrl Pts',(26.0215122705118,-3.97422115040458,-16.8046882057167));
#8791=CARTESIAN_POINT('Ctrl Pts',(25.9398866440891,-3.97422115040457,-16.8863910539305));
#8792=CARTESIAN_POINT('Ctrl Pts',(25.8443808700591,-3.97422115040457,-16.9513855600897));
#8793=CARTESIAN_POINT('Ctrl Pts',(25.7943385243415,-3.97422115040457,-16.9854408575835));
#8794=CARTESIAN_POINT('',(26.0603683590888,-2.47422115040457,-16.7657953574004));
#8795=CARTESIAN_POINT('',(26.0603683590888,-3.97422115040457,-16.7657953574004));
#8796=CARTESIAN_POINT('Ctrl Pts',(26.0603683590888,-2.47422115040457,-16.7657953574004));
#8797=CARTESIAN_POINT('Ctrl Pts',(26.0215122705118,-2.47422115040457,-16.8046882057167));
#8798=CARTESIAN_POINT('Ctrl Pts',(25.9398866440891,-2.47422115040457,-16.8863910539305));
#8799=CARTESIAN_POINT('Ctrl Pts',(25.8443808700591,-2.47422115040457,-16.9513855600897));
#8800=CARTESIAN_POINT('Ctrl Pts',(25.7943385243414,-2.47422115040457,-16.9854408575835));
#8801=CARTESIAN_POINT('Ctrl Pts',(26.1599593758582,-3.97422115040457,-16.6061770989242));
#8802=CARTESIAN_POINT('Ctrl Pts',(26.1599593758582,-2.47422115040457,-16.6061770989242));
#8803=CARTESIAN_POINT('Ctrl Pts',(26.1443805267921,-3.97422115040457,-16.637706193609));
#8804=CARTESIAN_POINT('Ctrl Pts',(26.1443805267921,-2.47422115040457,-16.637706193609));
#8805=CARTESIAN_POINT('Ctrl Pts',(26.1164411911802,-3.97422115040457,-16.6942509328386));
#8806=CARTESIAN_POINT('Ctrl Pts',(26.1164411911802,-2.47422115040457,-16.6942509328386));
#8807=CARTESIAN_POINT('Ctrl Pts',(26.0775666356454,-3.97422115040457,-16.7438517395411));
#8808=CARTESIAN_POINT('Ctrl Pts',(26.0775666356454,-2.47422115040457,-16.7438517395411));
#8809=CARTESIAN_POINT('Ctrl Pts',(26.0603683590888,-3.97422115040457,-16.7657953574004));
#8810=CARTESIAN_POINT('Ctrl Pts',(26.0603683590888,-2.47422115040457,-16.7657953574004));
#8811=CARTESIAN_POINT('',(26.1599593758582,-3.97422115040457,-16.6061770989242));
#8812=CARTESIAN_POINT('Ctrl Pts',(26.1599593758582,-3.97422115040457,-16.6061770989242));
#8813=CARTESIAN_POINT('Ctrl Pts',(26.1443805267921,-3.97422115040457,-16.637706193609));
#8814=CARTESIAN_POINT('Ctrl Pts',(26.1164411911802,-3.97422115040457,-16.6942509328386));
#8815=CARTESIAN_POINT('Ctrl Pts',(26.0775666356454,-3.97422115040457,-16.7438517395411));
#8816=CARTESIAN_POINT('Ctrl Pts',(26.0603683590888,-3.97422115040457,-16.7657953574004));
#8817=CARTESIAN_POINT('',(26.1599593758582,-2.47422115040457,-16.6061770989242));
#8818=CARTESIAN_POINT('',(26.1599593758582,-3.97422115040457,-16.6061770989242));
#8819=CARTESIAN_POINT('Ctrl Pts',(26.1599593758582,-2.47422115040457,-16.6061770989242));
#8820=CARTESIAN_POINT('Ctrl Pts',(26.1443805267921,-2.47422115040457,-16.637706193609));
#8821=CARTESIAN_POINT('Ctrl Pts',(26.1164411911802,-2.47422115040457,-16.6942509328386));
#8822=CARTESIAN_POINT('Ctrl Pts',(26.0775666356454,-2.47422115040457,-16.7438517395411));
#8823=CARTESIAN_POINT('Ctrl Pts',(26.0603683590888,-2.47422115040457,-16.7657953574004));
#8824=CARTESIAN_POINT('Ctrl Pts',(26.3454979062079,-3.97422115040457,-17.0318251921477));
#8825=CARTESIAN_POINT('Ctrl Pts',(26.3454979062079,-2.47422115040457,-17.0318251921477));
#8826=CARTESIAN_POINT('Ctrl Pts',(26.3008157786696,-3.97422115040457,-16.9756216192355));
#8827=CARTESIAN_POINT('Ctrl Pts',(26.3008157786696,-2.47422115040457,-16.9756216192355));
#8828=CARTESIAN_POINT('Ctrl Pts',(26.2015819605197,-3.97422115040457,-16.8508000084254));
#8829=CARTESIAN_POINT('Ctrl Pts',(26.2015819605197,-2.47422115040457,-16.8508000084254));
#8830=CARTESIAN_POINT('Ctrl Pts',(26.174723981309,-3.97422115040457,-16.6929511609479));
#8831=CARTESIAN_POINT('Ctrl Pts',(26.174723981309,-2.47422115040457,-16.6929511609479));
#8832=CARTESIAN_POINT('Ctrl Pts',(26.1599593758582,-3.97422115040457,-16.6061770989242));
#8833=CARTESIAN_POINT('Ctrl Pts',(26.1599593758582,-2.47422115040457,-16.6061770989242));
#8834=CARTESIAN_POINT('',(26.3454979062079,-3.97422115040457,-17.0318251921477));
#8835=CARTESIAN_POINT('Ctrl Pts',(26.3454979062079,-3.97422115040457,-17.0318251921477));
#8836=CARTESIAN_POINT('Ctrl Pts',(26.3008157786696,-3.97422115040457,-16.9756216192355));
#8837=CARTESIAN_POINT('Ctrl Pts',(26.2015819605197,-3.97422115040457,-16.8508000084254));
#8838=CARTESIAN_POINT('Ctrl Pts',(26.174723981309,-3.97422115040457,-16.6929511609479));
#8839=CARTESIAN_POINT('Ctrl Pts',(26.1599593758582,-3.97422115040457,-16.6061770989242));
#8840=CARTESIAN_POINT('',(26.3454979062079,-2.47422115040457,-17.0318251921477));
#8841=CARTESIAN_POINT('',(26.3454979062079,-3.97422115040457,-17.0318251921477));
#8842=CARTESIAN_POINT('Ctrl Pts',(26.3454979062079,-2.47422115040457,-17.0318251921477));
#8843=CARTESIAN_POINT('Ctrl Pts',(26.3008157786696,-2.47422115040457,-16.9756216192355));
#8844=CARTESIAN_POINT('Ctrl Pts',(26.2015819605197,-2.47422115040457,-16.8508000084254));
#8845=CARTESIAN_POINT('Ctrl Pts',(26.174723981309,-2.47422115040457,-16.6929511609479));
#8846=CARTESIAN_POINT('Ctrl Pts',(26.1599593758582,-2.47422115040457,-16.6061770989242));
#8847=CARTESIAN_POINT('Ctrl Pts',(26.7042976021765,-3.97422115040457,-17.1696150376143));
#8848=CARTESIAN_POINT('Ctrl Pts',(26.7042976021765,-2.47422115040457,-17.1696150376143));
#8849=CARTESIAN_POINT('Ctrl Pts',(26.6365523170394,-3.97422115040457,-17.1642569714725));
#8850=CARTESIAN_POINT('Ctrl Pts',(26.6365523170394,-2.47422115040457,-17.1642569714725));
#8851=CARTESIAN_POINT('Ctrl Pts',(26.5032319334548,-3.97422115040457,-17.1537124821866));
#8852=CARTESIAN_POINT('Ctrl Pts',(26.5032319334548,-2.47422115040457,-17.1537124821866));
#8853=CARTESIAN_POINT('Ctrl Pts',(26.3975022265653,-3.97422115040457,-17.0720109769736));
#8854=CARTESIAN_POINT('Ctrl Pts',(26.3975022265653,-2.47422115040457,-17.0720109769736));
#8855=CARTESIAN_POINT('Ctrl Pts',(26.3454979062079,-3.97422115040457,-17.0318251921477));
#8856=CARTESIAN_POINT('Ctrl Pts',(26.3454979062079,-2.47422115040457,-17.0318251921477));
#8857=CARTESIAN_POINT('',(26.7042976021765,-3.97422115040457,-17.1696150376143));
#8858=CARTESIAN_POINT('Ctrl Pts',(26.7042976021765,-3.97422115040457,-17.1696150376143));
#8859=CARTESIAN_POINT('Ctrl Pts',(26.6365523170394,-3.97422115040457,-17.1642569714725));
#8860=CARTESIAN_POINT('Ctrl Pts',(26.5032319334548,-3.97422115040457,-17.1537124821866));
#8861=CARTESIAN_POINT('Ctrl Pts',(26.3975022265653,-3.97422115040457,-17.0720109769736));
#8862=CARTESIAN_POINT('Ctrl Pts',(26.3454979062079,-3.97422115040457,-17.0318251921477));
#8863=CARTESIAN_POINT('',(26.7042976021765,-2.47422115040457,-17.1696150376143));
#8864=CARTESIAN_POINT('',(26.7042976021765,-3.97422115040457,-17.1696150376143));
#8865=CARTESIAN_POINT('Ctrl Pts',(26.7042976021765,-2.47422115040457,-17.1696150376143));
#8866=CARTESIAN_POINT('Ctrl Pts',(26.6365523170394,-2.47422115040457,-17.1642569714725));
#8867=CARTESIAN_POINT('Ctrl Pts',(26.5032319334548,-2.47422115040457,-17.1537124821866));
#8868=CARTESIAN_POINT('Ctrl Pts',(26.3975022265653,-2.47422115040457,-17.0720109769737));
#8869=CARTESIAN_POINT('Ctrl Pts',(26.3454979062079,-2.47422115040457,-17.0318251921477));
#8870=CARTESIAN_POINT('Ctrl Pts',(27.0057981610297,-3.97422115040457,-17.0863956286254));
#8871=CARTESIAN_POINT('Ctrl Pts',(27.0057981610297,-2.47422115040457,-17.0863956286254));
#8872=CARTESIAN_POINT('Ctrl Pts',(26.9588969677707,-3.97422115040457,-17.110667375624));
#8873=CARTESIAN_POINT('Ctrl Pts',(26.9588969677707,-2.47422115040457,-17.110667375624));
#8874=CARTESIAN_POINT('Ctrl Pts',(26.8642825017127,-3.97422115040457,-17.1596311273539));
#8875=CARTESIAN_POINT('Ctrl Pts',(26.8642825017127,-2.47422115040457,-17.1596311273539));
#8876=CARTESIAN_POINT('Ctrl Pts',(26.7579301773624,-3.97422115040457,-17.1662680791248));
#8877=CARTESIAN_POINT('Ctrl Pts',(26.7579301773624,-2.47422115040457,-17.1662680791248));
#8878=CARTESIAN_POINT('Ctrl Pts',(26.7042976021765,-3.97422115040457,-17.1696150376143));
#8879=CARTESIAN_POINT('Ctrl Pts',(26.7042976021765,-2.47422115040457,-17.1696150376143));
#8880=CARTESIAN_POINT('',(27.0057981610297,-3.97422115040457,-17.0863956286254));
#8881=CARTESIAN_POINT('Ctrl Pts',(27.0057981610297,-3.97422115040457,-17.0863956286254));
#8882=CARTESIAN_POINT('Ctrl Pts',(26.9588969677707,-3.97422115040457,-17.110667375624));
#8883=CARTESIAN_POINT('Ctrl Pts',(26.8642825017127,-3.97422115040457,-17.1596311273539));
#8884=CARTESIAN_POINT('Ctrl Pts',(26.7579301773624,-3.97422115040457,-17.1662680791248));
#8885=CARTESIAN_POINT('Ctrl Pts',(26.7042976021765,-3.97422115040457,-17.1696150376143));
#8886=CARTESIAN_POINT('',(27.0057981610297,-2.47422115040457,-17.0863956286254));
#8887=CARTESIAN_POINT('',(27.0057981610297,-3.97422115040457,-17.0863956286254));
#8888=CARTESIAN_POINT('Ctrl Pts',(27.0057981610297,-2.47422115040457,-17.0863956286254));
#8889=CARTESIAN_POINT('Ctrl Pts',(26.9588969677706,-2.47422115040457,-17.110667375624));
#8890=CARTESIAN_POINT('Ctrl Pts',(26.8642825017127,-2.47422115040457,-17.1596311273539));
#8891=CARTESIAN_POINT('Ctrl Pts',(26.7579301773624,-2.47422115040457,-17.1662680791248));
#8892=CARTESIAN_POINT('Ctrl Pts',(26.7042976021765,-2.47422115040457,-17.1696150376143));
#8893=CARTESIAN_POINT('Ctrl Pts',(27.1961122155188,-3.97422115040457,-16.8640214278045));
#8894=CARTESIAN_POINT('Ctrl Pts',(27.1961122155188,-2.47422115040457,-16.8640214278045));
#8895=CARTESIAN_POINT('Ctrl Pts',(27.1743016449233,-3.97422115040457,-16.908321812882));
#8896=CARTESIAN_POINT('Ctrl Pts',(27.1743016449233,-2.47422115040457,-16.908321812882));
#8897=CARTESIAN_POINT('Ctrl Pts',(27.1298558616028,-3.97422115040457,-16.9985975490232));
#8898=CARTESIAN_POINT('Ctrl Pts',(27.1298558616028,-2.47422115040457,-16.9985975490232));
#8899=CARTESIAN_POINT('Ctrl Pts',(27.047659084513,-3.97422115040457,-17.0567698280888));
#8900=CARTESIAN_POINT('Ctrl Pts',(27.047659084513,-2.47422115040457,-17.0567698280888));
#8901=CARTESIAN_POINT('Ctrl Pts',(27.0057981610297,-3.97422115040457,-17.0863956286254));
#8902=CARTESIAN_POINT('Ctrl Pts',(27.0057981610297,-2.47422115040457,-17.0863956286254));
#8903=CARTESIAN_POINT('',(27.1961122155188,-3.97422115040457,-16.8640214278045));
#8904=CARTESIAN_POINT('Ctrl Pts',(27.1961122155188,-3.97422115040457,-16.8640214278045));
#8905=CARTESIAN_POINT('Ctrl Pts',(27.1743016449233,-3.97422115040457,-16.908321812882));
#8906=CARTESIAN_POINT('Ctrl Pts',(27.1298558616028,-3.97422115040457,-16.9985975490232));
#8907=CARTESIAN_POINT('Ctrl Pts',(27.047659084513,-3.97422115040457,-17.0567698280888));
#8908=CARTESIAN_POINT('Ctrl Pts',(27.0057981610297,-3.97422115040457,-17.0863956286254));
#8909=CARTESIAN_POINT('',(27.1961122155188,-2.47422115040457,-16.8640214278045));
#8910=CARTESIAN_POINT('',(27.1961122155188,-3.97422115040457,-16.8640214278045));
#8911=CARTESIAN_POINT('Ctrl Pts',(27.1961122155188,-2.47422115040457,-16.8640214278045));
#8912=CARTESIAN_POINT('Ctrl Pts',(27.1743016449233,-2.47422115040457,-16.908321812882));
#8913=CARTESIAN_POINT('Ctrl Pts',(27.1298558616028,-2.47422115040457,-16.9985975490232));
#8914=CARTESIAN_POINT('Ctrl Pts',(27.047659084513,-2.47422115040457,-17.0567698280888));
#8915=CARTESIAN_POINT('Ctrl Pts',(27.0057981610297,-2.47422115040457,-17.0863956286254));
#8916=CARTESIAN_POINT('Ctrl Pts',(27.2500001788138,-3.97422115040457,-16.4574736429992));
#8917=CARTESIAN_POINT('Ctrl Pts',(27.2500001788138,-2.47422115040457,-16.4574736429992));
#8918=CARTESIAN_POINT('Ctrl Pts',(27.2493921121171,-3.97422115040457,-16.5364830944838));
#8919=CARTESIAN_POINT('Ctrl Pts',(27.2493921121171,-2.47422115040457,-16.5364830944838));
#8920=CARTESIAN_POINT('Ctrl Pts',(27.2483302376659,-3.97422115040457,-16.6744582843444));
#8921=CARTESIAN_POINT('Ctrl Pts',(27.2483302376659,-2.47422115040457,-16.6744582843444));
#8922=CARTESIAN_POINT('Ctrl Pts',(27.2117467220686,-3.97422115040457,-16.8072646590461));
#8923=CARTESIAN_POINT('Ctrl Pts',(27.2117467220686,-2.47422115040457,-16.8072646590461));
#8924=CARTESIAN_POINT('Ctrl Pts',(27.1961122155188,-3.97422115040457,-16.8640214278045));
#8925=CARTESIAN_POINT('Ctrl Pts',(27.1961122155188,-2.47422115040457,-16.8640214278045));
#8926=CARTESIAN_POINT('',(27.2500001788138,-3.97422115040457,-16.4574736429992));
#8927=CARTESIAN_POINT('Ctrl Pts',(27.2500001788138,-3.97422115040457,-16.4574736429992));
#8928=CARTESIAN_POINT('Ctrl Pts',(27.2493921121171,-3.97422115040457,-16.5364830944838));
#8929=CARTESIAN_POINT('Ctrl Pts',(27.2483302376659,-3.97422115040457,-16.6744582843444));
#8930=CARTESIAN_POINT('Ctrl Pts',(27.2117467220686,-3.97422115040457,-16.8072646590461));
#8931=CARTESIAN_POINT('Ctrl Pts',(27.1961122155188,-3.97422115040457,-16.8640214278045));
#8932=CARTESIAN_POINT('',(27.2500001788138,-2.47422115040457,-16.4574736429992));
#8933=CARTESIAN_POINT('',(27.2500001788138,-3.97422115040457,-16.4574736429992));
#8934=CARTESIAN_POINT('Ctrl Pts',(27.2500001788138,-2.47422115040457,-16.4574736429992));
#8935=CARTESIAN_POINT('Ctrl Pts',(27.2493921121171,-2.47422115040457,-16.5364830944838));
#8936=CARTESIAN_POINT('Ctrl Pts',(27.2483302376659,-2.47422115040457,-16.6744582843444));
#8937=CARTESIAN_POINT('Ctrl Pts',(27.2117467220686,-2.47422115040457,-16.8072646590461));
#8938=CARTESIAN_POINT('Ctrl Pts',(27.1961122155188,-2.47422115040457,-16.8640214278045));
#8939=CARTESIAN_POINT('Origin',(27.2500001788138,-3.97422115040457,-15.5707067324462));
#8940=CARTESIAN_POINT('',(27.2500001788138,-3.97422115040457,-15.5707067324462));
#8941=CARTESIAN_POINT('',(27.2500001788138,-3.97422115040454,11.2461997727077));
#8942=CARTESIAN_POINT('',(27.2500001788138,-2.47422115040457,-15.5707067324462));
#8943=CARTESIAN_POINT('',(27.2500001788138,-3.97422115040457,-15.5707067324462));
#8944=CARTESIAN_POINT('',(27.2500001788138,-2.47422115040457,-15.5707067324462));
#8945=CARTESIAN_POINT('Origin',(25.2500002980231,-3.97422115040457,-15.5707067324462));
#8946=CARTESIAN_POINT('',(25.2500002980231,-3.97422115040457,-15.5707067324462));
#8947=CARTESIAN_POINT('',(33.0329937549079,-3.97422115040463,-15.5707067324462));
#8948=CARTESIAN_POINT('',(25.2500002980231,-2.47422115040457,-15.5707067324462));
#8949=CARTESIAN_POINT('',(25.2500002980231,-3.97422115040457,-15.5707067324462));
#8950=CARTESIAN_POINT('',(25.2500002980231,-2.47422115040457,-15.5707067324462));
#8951=CARTESIAN_POINT('Origin',(25.2500002980231,-3.97422115040457,-15.8353722168746));
#8952=CARTESIAN_POINT('',(25.2500002980231,-3.97422115040455,11.1138670304935));
#8953=CARTESIAN_POINT('',(25.2500002980231,-2.47422115040457,-15.8353722168746));
#8954=CARTESIAN_POINT('Origin',(26.2500002384185,-2.47422115040457,-16.1900788618865));
#8955=CARTESIAN_POINT('Ctrl Pts',(39.2426381399063,-3.97422115040457,15.9568063257625));
#8956=CARTESIAN_POINT('Ctrl Pts',(39.2426381399063,-2.47422115040457,15.9568063257625));
#8957=CARTESIAN_POINT('Ctrl Pts',(39.2491928000851,-3.97422115040457,16.0778843613796));
#8958=CARTESIAN_POINT('Ctrl Pts',(39.2491928000851,-2.47422115040457,16.0778843613796));
#8959=CARTESIAN_POINT('Ctrl Pts',(39.2614541770463,-3.97422115040457,16.3043771765575));
#8960=CARTESIAN_POINT('Ctrl Pts',(39.2614541770463,-2.47422115040457,16.3043771765575));
#8961=CARTESIAN_POINT('Ctrl Pts',(39.4036196899732,-3.97422115040457,16.479845939252));
#8962=CARTESIAN_POINT('Ctrl Pts',(39.4036196899732,-2.47422115040457,16.479845939252));
#8963=CARTESIAN_POINT('Ctrl Pts',(39.4697866727737,-3.97422115040457,16.5615129931262));
#8964=CARTESIAN_POINT('Ctrl Pts',(39.4697866727737,-2.47422115040457,16.5615129931262));
#8965=CARTESIAN_POINT('',(39.2426381399063,-3.97422115040457,15.9568063257625));
#8966=CARTESIAN_POINT('',(39.4697866727737,-3.97422115040457,16.5615129931262));
#8967=CARTESIAN_POINT('Ctrl Pts',(39.2426381399063,-3.97422115040457,15.9568063257625));
#8968=CARTESIAN_POINT('Ctrl Pts',(39.2491928000851,-3.97422115040457,16.0778843613796));
#8969=CARTESIAN_POINT('Ctrl Pts',(39.2614541770463,-3.97422115040457,16.3043771765575));
#8970=CARTESIAN_POINT('Ctrl Pts',(39.4036196899732,-3.97422115040457,16.479845939252));
#8971=CARTESIAN_POINT('Ctrl Pts',(39.4697866727737,-3.97422115040457,16.5615129931262));
#8972=CARTESIAN_POINT('',(39.2426381399063,-2.47422115040457,15.9568063257625));
#8973=CARTESIAN_POINT('',(39.2426381399063,-3.97422115040457,15.9568063257625));
#8974=CARTESIAN_POINT('',(39.4697866727737,-2.47422115040457,16.5615129931262));
#8975=CARTESIAN_POINT('Ctrl Pts',(39.2426381399063,-2.47422115040457,15.9568063257625));
#8976=CARTESIAN_POINT('Ctrl Pts',(39.2491928000851,-2.47422115040457,16.0778843613796));
#8977=CARTESIAN_POINT('Ctrl Pts',(39.2614541770463,-2.47422115040457,16.3043771765575));
#8978=CARTESIAN_POINT('Ctrl Pts',(39.4036196899732,-2.47422115040457,16.479845939252));
#8979=CARTESIAN_POINT('Ctrl Pts',(39.4697866727737,-2.47422115040457,16.5615129931262));
#8980=CARTESIAN_POINT('',(39.4697866727737,-3.97422115040457,16.5615129931262));
#8981=CARTESIAN_POINT('Ctrl Pts',(39.3510965396789,-3.97422115040457,15.4933001933983));
#8982=CARTESIAN_POINT('Ctrl Pts',(39.3510965396789,-2.47422115040457,15.4933001933983));
#8983=CARTESIAN_POINT('Ctrl Pts',(39.3194792657299,-3.97422115040457,15.5637584052951));
#8984=CARTESIAN_POINT('Ctrl Pts',(39.3194792657299,-2.47422115040457,15.5637584052951));
#8985=CARTESIAN_POINT('Ctrl Pts',(39.2533722953115,-3.97422115040457,15.7110759424462));
#8986=CARTESIAN_POINT('Ctrl Pts',(39.2533722953115,-2.47422115040457,15.7110759424462));
#8987=CARTESIAN_POINT('Ctrl Pts',(39.2463183588761,-3.97422115040457,15.8725573481762));
#8988=CARTESIAN_POINT('Ctrl Pts',(39.2463183588761,-2.47422115040457,15.8725573481762));
#8989=CARTESIAN_POINT('Ctrl Pts',(39.2426381399063,-3.97422115040457,15.9568063257625));
#8990=CARTESIAN_POINT('Ctrl Pts',(39.2426381399063,-2.47422115040457,15.9568063257625));
#8991=CARTESIAN_POINT('',(39.3510965396789,-3.97422115040457,15.4933001933983));
#8992=CARTESIAN_POINT('Ctrl Pts',(39.3510965396789,-3.97422115040457,15.4933001933983));
#8993=CARTESIAN_POINT('Ctrl Pts',(39.3194792657299,-3.97422115040457,15.5637584052951));
#8994=CARTESIAN_POINT('Ctrl Pts',(39.2533722953115,-3.97422115040457,15.7110759424462));
#8995=CARTESIAN_POINT('Ctrl Pts',(39.2463183588761,-3.97422115040457,15.8725573481762));
#8996=CARTESIAN_POINT('Ctrl Pts',(39.2426381399063,-3.97422115040457,15.9568063257625));
#8997=CARTESIAN_POINT('',(39.3510965396789,-2.47422115040457,15.4933001933983));
#8998=CARTESIAN_POINT('',(39.3510965396789,-3.97422115040457,15.4933001933983));
#8999=CARTESIAN_POINT('Ctrl Pts',(39.3510965396789,-2.47422115040457,15.4933001933983));
#9000=CARTESIAN_POINT('Ctrl Pts',(39.3194792657299,-2.47422115040457,15.5637584052951));
#9001=CARTESIAN_POINT('Ctrl Pts',(39.2533722953115,-2.47422115040457,15.7110759424462));
#9002=CARTESIAN_POINT('Ctrl Pts',(39.2463183588761,-2.47422115040457,15.8725573481762));
#9003=CARTESIAN_POINT('Ctrl Pts',(39.2426381399063,-2.47422115040457,15.9568063257625));
#9004=CARTESIAN_POINT('Ctrl Pts',(39.6662397076515,-3.97422115040457,15.2047599194935));
#9005=CARTESIAN_POINT('Ctrl Pts',(39.6662397076515,-2.47422115040457,15.2047599194935));
#9006=CARTESIAN_POINT('Ctrl Pts',(39.6014496287148,-3.97422115040457,15.2395264317712));
#9007=CARTESIAN_POINT('Ctrl Pts',(39.6014496287148,-2.47422115040457,15.2395264317712));
#9008=CARTESIAN_POINT('Ctrl Pts',(39.4719561216044,-3.97422115040457,15.3090129593185));
#9009=CARTESIAN_POINT('Ctrl Pts',(39.4719561216044,-2.47422115040457,15.3090129593185));
#9010=CARTESIAN_POINT('Ctrl Pts',(39.3913650911202,-3.97422115040457,15.431898525055));
#9011=CARTESIAN_POINT('Ctrl Pts',(39.3913650911202,-2.47422115040457,15.431898525055));
#9012=CARTESIAN_POINT('Ctrl Pts',(39.3510965396789,-3.97422115040457,15.4933001933983));
#9013=CARTESIAN_POINT('Ctrl Pts',(39.3510965396789,-2.47422115040457,15.4933001933983));
#9014=CARTESIAN_POINT('',(39.6662397076515,-3.97422115040457,15.2047599194935));
#9015=CARTESIAN_POINT('Ctrl Pts',(39.6662397076515,-3.97422115040457,15.2047599194935));
#9016=CARTESIAN_POINT('Ctrl Pts',(39.6014496287148,-3.97422115040457,15.2395264317712));
#9017=CARTESIAN_POINT('Ctrl Pts',(39.4719561216044,-3.97422115040457,15.3090129593185));
#9018=CARTESIAN_POINT('Ctrl Pts',(39.3913650911202,-3.97422115040457,15.431898525055));
#9019=CARTESIAN_POINT('Ctrl Pts',(39.3510965396789,-3.97422115040457,15.4933001933983));
#9020=CARTESIAN_POINT('',(39.6662397076515,-2.47422115040457,15.2047599194935));
#9021=CARTESIAN_POINT('',(39.6662397076515,-3.97422115040457,15.2047599194935));
#9022=CARTESIAN_POINT('Ctrl Pts',(39.6662397076515,-2.47422115040457,15.2047599194935));
#9023=CARTESIAN_POINT('Ctrl Pts',(39.6014496287148,-2.47422115040457,15.2395264317712));
#9024=CARTESIAN_POINT('Ctrl Pts',(39.4719561216044,-2.47422115040457,15.3090129593185));
#9025=CARTESIAN_POINT('Ctrl Pts',(39.3913650911202,-2.47422115040457,15.431898525055));
#9026=CARTESIAN_POINT('Ctrl Pts',(39.3510965396789,-2.47422115040457,15.4933001933983));
#9027=CARTESIAN_POINT('Ctrl Pts',(40.249459533873,-3.97422115040457,15.113695794194));
#9028=CARTESIAN_POINT('Ctrl Pts',(40.249459533873,-2.47422115040457,15.113695794194));
#9029=CARTESIAN_POINT('Ctrl Pts',(40.137054092309,-3.97422115040457,15.1150977604102));
#9030=CARTESIAN_POINT('Ctrl Pts',(40.137054092309,-2.47422115040457,15.1150977604102));
#9031=CARTESIAN_POINT('Ctrl Pts',(39.9379263681596,-3.97422115040457,15.1175813620765));
#9032=CARTESIAN_POINT('Ctrl Pts',(39.9379263681596,-2.47422115040457,15.1175813620765));
#9033=CARTESIAN_POINT('Ctrl Pts',(39.748665059382,-3.97422115040457,15.178311350966));
#9034=CARTESIAN_POINT('Ctrl Pts',(39.748665059382,-2.47422115040457,15.178311350966));
#9035=CARTESIAN_POINT('Ctrl Pts',(39.6662397076515,-3.97422115040457,15.2047599194935));
#9036=CARTESIAN_POINT('Ctrl Pts',(39.6662397076515,-2.47422115040457,15.2047599194935));
#9037=CARTESIAN_POINT('',(40.249459533873,-3.97422115040457,15.113695794194));
#9038=CARTESIAN_POINT('Ctrl Pts',(40.249459533873,-3.97422115040457,15.113695794194));
#9039=CARTESIAN_POINT('Ctrl Pts',(40.137054092309,-3.97422115040457,15.1150977604102));
#9040=CARTESIAN_POINT('Ctrl Pts',(39.9379263681596,-3.97422115040457,15.1175813620765));
#9041=CARTESIAN_POINT('Ctrl Pts',(39.748665059382,-3.97422115040457,15.178311350966));
#9042=CARTESIAN_POINT('Ctrl Pts',(39.6662397076515,-3.97422115040457,15.2047599194935));
#9043=CARTESIAN_POINT('',(40.249459533873,-2.47422115040457,15.113695794194));
#9044=CARTESIAN_POINT('',(40.249459533873,-3.97422115040457,15.113695794194));
#9045=CARTESIAN_POINT('Ctrl Pts',(40.249459533873,-2.47422115040457,15.113695794194));
#9046=CARTESIAN_POINT('Ctrl Pts',(40.137054092309,-2.47422115040457,15.1150977604102));
#9047=CARTESIAN_POINT('Ctrl Pts',(39.9379263681596,-2.47422115040457,15.1175813620765));
#9048=CARTESIAN_POINT('Ctrl Pts',(39.748665059382,-2.47422115040457,15.178311350966));
#9049=CARTESIAN_POINT('Ctrl Pts',(39.6662397076515,-2.47422115040457,15.2047599194935));
#9050=CARTESIAN_POINT('Origin',(42.293797819796,-3.97422115040457,15.113695794194));
#9051=CARTESIAN_POINT('',(42.293797819796,-3.97422115040457,15.113695794194));
#9052=CARTESIAN_POINT('',(41.5548925157944,-3.97422115040454,15.113695794194));
#9053=CARTESIAN_POINT('',(42.293797819796,-2.47422115040457,15.113695794194));
#9054=CARTESIAN_POINT('',(42.293797819796,-3.97422115040457,15.113695794194));
#9055=CARTESIAN_POINT('',(42.293797819796,-2.47422115040457,15.113695794194));
#9056=CARTESIAN_POINT('Origin',(42.293797819796,-3.97422115040457,15.5106944678715));
#9057=CARTESIAN_POINT('',(42.293797819796,-3.97422115040457,15.5106944678715));
#9058=CARTESIAN_POINT('',(42.293797819796,-3.9742211504045,26.7869003728665));
#9059=CARTESIAN_POINT('',(42.293797819796,-2.47422115040457,15.5106944678715));
#9060=CARTESIAN_POINT('',(42.293797819796,-3.97422115040457,15.5106944678715));
#9061=CARTESIAN_POINT('',(42.293797819796,-2.47422115040457,15.5106944678715));
#9062=CARTESIAN_POINT('Origin',(40.2269492437271,-3.97422115040457,15.5106944678715));
#9063=CARTESIAN_POINT('',(40.2269492437271,-3.97422115040457,15.5106944678715));
#9064=CARTESIAN_POINT('',(40.5214682277599,-3.97422115040454,15.5106944678715));
#9065=CARTESIAN_POINT('',(40.2269492437271,-2.47422115040457,15.5106944678715));
#9066=CARTESIAN_POINT('',(40.2269492437271,-3.97422115040457,15.5106944678715));
#9067=CARTESIAN_POINT('',(40.2269492437271,-2.47422115040457,15.5106944678715));
#9068=CARTESIAN_POINT('Ctrl Pts',(39.8514375974564,-3.97422115040457,15.5516221462181));
#9069=CARTESIAN_POINT('Ctrl Pts',(39.8514375974564,-2.47422115040457,15.5516221462181));
#9070=CARTESIAN_POINT('Ctrl Pts',(39.9021432579579,-3.97422115040457,15.5397762291657));
#9071=CARTESIAN_POINT('Ctrl Pts',(39.9021432579579,-2.47422115040457,15.5397762291657));
#9072=CARTESIAN_POINT('Ctrl Pts',(40.0254524777667,-3.97422115040457,15.5109685817513));
#9073=CARTESIAN_POINT('Ctrl Pts',(40.0254524777667,-2.47422115040457,15.5109685817513));
#9074=CARTESIAN_POINT('Ctrl Pts',(40.1522763078235,-3.97422115040457,15.5107960520735));
#9075=CARTESIAN_POINT('Ctrl Pts',(40.1522763078235,-2.47422115040457,15.5107960520735));
#9076=CARTESIAN_POINT('Ctrl Pts',(40.2269492437271,-3.97422115040457,15.5106944678715));
#9077=CARTESIAN_POINT('Ctrl Pts',(40.2269492437271,-2.47422115040457,15.5106944678715));
#9078=CARTESIAN_POINT('',(39.8514375974564,-3.97422115040457,15.5516221462181));
#9079=CARTESIAN_POINT('Ctrl Pts',(39.8514375974564,-3.97422115040457,15.5516221462181));
#9080=CARTESIAN_POINT('Ctrl Pts',(39.9021432579579,-3.97422115040457,15.5397762291657));
#9081=CARTESIAN_POINT('Ctrl Pts',(40.0254524777667,-3.97422115040457,15.5109685817513));
#9082=CARTESIAN_POINT('Ctrl Pts',(40.1522763078235,-3.97422115040457,15.5107960520735));
#9083=CARTESIAN_POINT('Ctrl Pts',(40.2269492437271,-3.97422115040457,15.5106944678715));
#9084=CARTESIAN_POINT('',(39.8514375974564,-2.47422115040457,15.5516221462181));
#9085=CARTESIAN_POINT('',(39.8514375974564,-3.97422115040457,15.5516221462181));
#9086=CARTESIAN_POINT('Ctrl Pts',(39.8514375974564,-2.47422115040457,15.5516221462181));
#9087=CARTESIAN_POINT('Ctrl Pts',(39.9021432579579,-2.47422115040457,15.5397762291657));
#9088=CARTESIAN_POINT('Ctrl Pts',(40.0254524777667,-2.47422115040457,15.5109685817513));
#9089=CARTESIAN_POINT('Ctrl Pts',(40.1522763078235,-2.47422115040457,15.5107960520735));
#9090=CARTESIAN_POINT('Ctrl Pts',(40.2269492437271,-2.47422115040457,15.5106944678715));
#9091=CARTESIAN_POINT('Ctrl Pts',(39.6652165939239,-3.97422115040457,15.7010082243374));
#9092=CARTESIAN_POINT('Ctrl Pts',(39.6652165939239,-2.47422115040457,15.7010082243374));
#9093=CARTESIAN_POINT('Ctrl Pts',(39.6899547118143,-3.97422115040457,15.6677251889719));
#9094=CARTESIAN_POINT('Ctrl Pts',(39.6899547118143,-2.47422115040457,15.6677251889719));
#9095=CARTESIAN_POINT('Ctrl Pts',(39.7390372394941,-3.97422115040457,15.6016888190331));
#9096=CARTESIAN_POINT('Ctrl Pts',(39.7390372394941,-2.47422115040457,15.6016888190331));
#9097=CARTESIAN_POINT('Ctrl Pts',(39.8141717047333,-3.97422115040457,15.5682215529455));
#9098=CARTESIAN_POINT('Ctrl Pts',(39.8141717047333,-2.47422115040457,15.5682215529455));
#9099=CARTESIAN_POINT('Ctrl Pts',(39.8514375974564,-3.97422115040457,15.5516221462181));
#9100=CARTESIAN_POINT('Ctrl Pts',(39.8514375974564,-2.47422115040457,15.5516221462181));
#9101=CARTESIAN_POINT('',(39.6652165939239,-3.97422115040457,15.7010082243374));
#9102=CARTESIAN_POINT('Ctrl Pts',(39.6652165939239,-3.97422115040457,15.7010082243374));
#9103=CARTESIAN_POINT('Ctrl Pts',(39.6899547118143,-3.97422115040457,15.6677251889719));
#9104=CARTESIAN_POINT('Ctrl Pts',(39.7390372394941,-3.97422115040457,15.6016888190331));
#9105=CARTESIAN_POINT('Ctrl Pts',(39.8141717047333,-3.97422115040457,15.5682215529455));
#9106=CARTESIAN_POINT('Ctrl Pts',(39.8514375974564,-3.97422115040457,15.5516221462181));
#9107=CARTESIAN_POINT('',(39.6652165939239,-2.47422115040457,15.7010082243374));
#9108=CARTESIAN_POINT('',(39.6652165939239,-3.97422115040457,15.7010082243374));
#9109=CARTESIAN_POINT('Ctrl Pts',(39.6652165939239,-2.47422115040457,15.7010082243374));
#9110=CARTESIAN_POINT('Ctrl Pts',(39.6899547118143,-2.47422115040457,15.6677251889719));
#9111=CARTESIAN_POINT('Ctrl Pts',(39.7390372394941,-2.47422115040457,15.6016888190331));
#9112=CARTESIAN_POINT('Ctrl Pts',(39.8141717047333,-2.47422115040457,15.5682215529455));
#9113=CARTESIAN_POINT('Ctrl Pts',(39.8514375974564,-2.47422115040457,15.5516221462181));
#9114=CARTESIAN_POINT('Ctrl Pts',(39.5966626097588,-3.97422115040457,15.9588527022293));
#9115=CARTESIAN_POINT('Ctrl Pts',(39.5966626097588,-2.47422115040457,15.9588527022293));
#9116=CARTESIAN_POINT('Ctrl Pts',(39.5990298019506,-3.97422115040457,15.9115576607439));
#9117=CARTESIAN_POINT('Ctrl Pts',(39.5990298019506,-2.47422115040457,15.9115576607439));
#9118=CARTESIAN_POINT('Ctrl Pts',(39.603580874136,-3.97422115040458,15.8206300425517));
#9119=CARTESIAN_POINT('Ctrl Pts',(39.603580874136,-2.47422115040458,15.8206300425517));
#9120=CARTESIAN_POINT('Ctrl Pts',(39.6452305551586,-3.97422115040457,15.7397968732611));
#9121=CARTESIAN_POINT('Ctrl Pts',(39.6452305551586,-2.47422115040457,15.7397968732611));
#9122=CARTESIAN_POINT('Ctrl Pts',(39.6652165939239,-3.97422115040457,15.7010082243374));
#9123=CARTESIAN_POINT('Ctrl Pts',(39.6652165939239,-2.47422115040457,15.7010082243374));
#9124=CARTESIAN_POINT('',(39.5966626097588,-3.97422115040457,15.9588527022293));
#9125=CARTESIAN_POINT('Ctrl Pts',(39.5966626097588,-3.97422115040457,15.9588527022293));
#9126=CARTESIAN_POINT('Ctrl Pts',(39.5990298019506,-3.97422115040457,15.9115576607439));
#9127=CARTESIAN_POINT('Ctrl Pts',(39.603580874136,-3.97422115040458,15.8206300425517));
#9128=CARTESIAN_POINT('Ctrl Pts',(39.6452305551586,-3.97422115040457,15.7397968732611));
#9129=CARTESIAN_POINT('Ctrl Pts',(39.6652165939239,-3.97422115040457,15.7010082243374));
#9130=CARTESIAN_POINT('',(39.5966626097588,-2.47422115040457,15.9588527022293));
#9131=CARTESIAN_POINT('',(39.5966626097588,-3.97422115040457,15.9588527022293));
#9132=CARTESIAN_POINT('Ctrl Pts',(39.5966626097588,-2.47422115040457,15.9588527022293));
#9133=CARTESIAN_POINT('Ctrl Pts',(39.5990298019506,-2.47422115040457,15.9115576607439));
#9134=CARTESIAN_POINT('Ctrl Pts',(39.603580874136,-2.47422115040457,15.8206300425517));
#9135=CARTESIAN_POINT('Ctrl Pts',(39.6452305551586,-2.47422115040457,15.7397968732611));
#9136=CARTESIAN_POINT('Ctrl Pts',(39.6652165939239,-2.47422115040457,15.7010082243374));
#9137=CARTESIAN_POINT('Ctrl Pts',(39.7235385467438,-3.97422115040457,16.2760423211744));
#9138=CARTESIAN_POINT('Ctrl Pts',(39.7235385467438,-2.47422115040457,16.2760423211744));
#9139=CARTESIAN_POINT('Ctrl Pts',(39.6865565244133,-3.97422115040457,16.2326808000402));
#9140=CARTESIAN_POINT('Ctrl Pts',(39.6865565244133,-2.47422115040457,16.2326808000402));
#9141=CARTESIAN_POINT('Ctrl Pts',(39.6088416078342,-3.97422115040458,16.1415598503103));
#9142=CARTESIAN_POINT('Ctrl Pts',(39.6088416078342,-2.47422115040458,16.1415598503103));
#9143=CARTESIAN_POINT('Ctrl Pts',(39.600850832717,-3.97422115040458,16.0216836730108));
#9144=CARTESIAN_POINT('Ctrl Pts',(39.600850832717,-2.47422115040458,16.0216836730108));
#9145=CARTESIAN_POINT('Ctrl Pts',(39.5966626097588,-3.97422115040457,15.9588527022293));
#9146=CARTESIAN_POINT('Ctrl Pts',(39.5966626097588,-2.47422115040457,15.9588527022293));
#9147=CARTESIAN_POINT('',(39.7235385467438,-3.97422115040457,16.2760423211744));
#9148=CARTESIAN_POINT('Ctrl Pts',(39.7235385467438,-3.97422115040457,16.2760423211744));
#9149=CARTESIAN_POINT('Ctrl Pts',(39.6865565244133,-3.97422115040457,16.2326808000402));
#9150=CARTESIAN_POINT('Ctrl Pts',(39.6088416078342,-3.97422115040458,16.1415598503103));
#9151=CARTESIAN_POINT('Ctrl Pts',(39.600850832717,-3.97422115040458,16.0216836730108));
#9152=CARTESIAN_POINT('Ctrl Pts',(39.5966626097588,-3.97422115040457,15.9588527022293));
#9153=CARTESIAN_POINT('',(39.7235385467438,-2.47422115040457,16.2760423211744));
#9154=CARTESIAN_POINT('',(39.7235385467438,-3.97422115040457,16.2760423211744));
#9155=CARTESIAN_POINT('Ctrl Pts',(39.7235385467438,-2.47422115040457,16.2760423211744));
#9156=CARTESIAN_POINT('Ctrl Pts',(39.6865565244133,-2.47422115040457,16.2326808000402));
#9157=CARTESIAN_POINT('Ctrl Pts',(39.6088416078342,-2.47422115040457,16.1415598503103));
#9158=CARTESIAN_POINT('Ctrl Pts',(39.600850832717,-2.47422115040457,16.0216836730108));
#9159=CARTESIAN_POINT('Ctrl Pts',(39.5966626097588,-2.47422115040457,15.9588527022293));
#9160=CARTESIAN_POINT('Ctrl Pts',(40.1942069222359,-3.97422115040457,16.4049645601204));
#9161=CARTESIAN_POINT('Ctrl Pts',(40.1942069222359,-2.47422115040457,16.4049645601204));
#9162=CARTESIAN_POINT('Ctrl Pts',(40.0949664655239,-3.97422115040457,16.4007133534089));
#9163=CARTESIAN_POINT('Ctrl Pts',(40.0949664655239,-2.47422115040457,16.4007133534089));
#9164=CARTESIAN_POINT('Ctrl Pts',(39.9271187955377,-3.97422115040457,16.3935231895908));
#9165=CARTESIAN_POINT('Ctrl Pts',(39.9271187955377,-2.47422115040457,16.3935231895908));
#9166=CARTESIAN_POINT('Ctrl Pts',(39.7826072086163,-3.97422115040457,16.3101293101338));
#9167=CARTESIAN_POINT('Ctrl Pts',(39.7826072086163,-2.47422115040457,16.3101293101338));
#9168=CARTESIAN_POINT('Ctrl Pts',(39.7235385467438,-3.97422115040457,16.2760423211744));
#9169=CARTESIAN_POINT('Ctrl Pts',(39.7235385467438,-2.47422115040457,16.2760423211744));
#9170=CARTESIAN_POINT('',(40.1942069222359,-3.97422115040457,16.4049645601204));
#9171=CARTESIAN_POINT('Ctrl Pts',(40.1942069222359,-3.97422115040457,16.4049645601204));
#9172=CARTESIAN_POINT('Ctrl Pts',(40.0949664655239,-3.97422115040457,16.4007133534089));
#9173=CARTESIAN_POINT('Ctrl Pts',(39.9271187955377,-3.97422115040457,16.3935231895908));
#9174=CARTESIAN_POINT('Ctrl Pts',(39.7826072086163,-3.97422115040457,16.3101293101338));
#9175=CARTESIAN_POINT('Ctrl Pts',(39.7235385467438,-3.97422115040457,16.2760423211744));
#9176=CARTESIAN_POINT('',(40.1942069222359,-2.47422115040457,16.4049645601204));
#9177=CARTESIAN_POINT('',(40.1942069222359,-3.97422115040457,16.4049645601204));
#9178=CARTESIAN_POINT('Ctrl Pts',(40.1942069222359,-2.47422115040457,16.4049645601204));
#9179=CARTESIAN_POINT('Ctrl Pts',(40.0949664655239,-2.47422115040457,16.4007133534089));
#9180=CARTESIAN_POINT('Ctrl Pts',(39.9271187955377,-2.47422115040457,16.3935231895908));
#9181=CARTESIAN_POINT('Ctrl Pts',(39.7826072086163,-2.47422115040457,16.3101293101338));
#9182=CARTESIAN_POINT('Ctrl Pts',(39.7235385467438,-2.47422115040457,16.2760423211744));
#9183=CARTESIAN_POINT('Origin',(40.1450935890106,-3.97422115040457,16.7630818853518));
#9184=CARTESIAN_POINT('',(40.1450935890106,-3.97422115040457,16.7630818853518));
#9185=CARTESIAN_POINT('',(38.7176739279319,-3.9742211504045,27.171329044302));
#9186=CARTESIAN_POINT('',(40.1450935890106,-2.47422115040457,16.7630818853518));
#9187=CARTESIAN_POINT('',(40.1450935890106,-3.97422115040457,16.7630818853518));
#9188=CARTESIAN_POINT('',(40.1450935890106,-2.47422115040457,16.7630818853518));
#9189=CARTESIAN_POINT('Ctrl Pts',(39.4697866727737,-3.97422115040457,16.5615129931262));
#9190=CARTESIAN_POINT('Ctrl Pts',(39.4697866727737,-2.47422115040457,16.5615129931262));
#9191=CARTESIAN_POINT('Ctrl Pts',(39.5611030201346,-3.97422115040457,16.6220647161241));
#9192=CARTESIAN_POINT('Ctrl Pts',(39.5611030201346,-2.47422115040457,16.6220647161241));
#9193=CARTESIAN_POINT('Ctrl Pts',(39.7645203493418,-3.97422115040457,16.7569504198026));
#9194=CARTESIAN_POINT('Ctrl Pts',(39.7645203493418,-2.47422115040457,16.7569504198026));
#9195=CARTESIAN_POINT('Ctrl Pts',(40.0098791423788,-3.97422115040457,16.7609034276074));
#9196=CARTESIAN_POINT('Ctrl Pts',(40.0098791423788,-2.47422115040457,16.7609034276074));
#9197=CARTESIAN_POINT('Ctrl Pts',(40.1450935890106,-3.97422115040457,16.7630818853518));
#9198=CARTESIAN_POINT('Ctrl Pts',(40.1450935890106,-2.47422115040457,16.7630818853518));
#9199=CARTESIAN_POINT('Ctrl Pts',(39.4697866727737,-3.97422115040457,16.5615129931262));
#9200=CARTESIAN_POINT('Ctrl Pts',(39.5611030201346,-3.97422115040457,16.6220647161241));
#9201=CARTESIAN_POINT('Ctrl Pts',(39.7645203493418,-3.97422115040457,16.7569504198026));
#9202=CARTESIAN_POINT('Ctrl Pts',(40.0098791423788,-3.97422115040457,16.7609034276074));
#9203=CARTESIAN_POINT('Ctrl Pts',(40.1450935890106,-3.97422115040457,16.7630818853518));
#9204=CARTESIAN_POINT('Ctrl Pts',(39.4697866727737,-2.47422115040457,16.5615129931262));
#9205=CARTESIAN_POINT('Ctrl Pts',(39.5611030201346,-2.47422115040457,16.6220647161241));
#9206=CARTESIAN_POINT('Ctrl Pts',(39.7645203493418,-2.47422115040457,16.7569504198026));
#9207=CARTESIAN_POINT('Ctrl Pts',(40.0098791423788,-2.47422115040457,16.7609034276074));
#9208=CARTESIAN_POINT('Ctrl Pts',(40.1450935890106,-2.47422115040457,16.7630818853518));
#9209=CARTESIAN_POINT('Origin',(40.4029382159141,-2.47422115040457,8.21737876575347));
#9210=CARTESIAN_POINT('Origin',(38.7269491841225,-3.97422115040457,10.0795889733722));
#9211=CARTESIAN_POINT('',(38.7269491841225,-3.97422115040457,10.0795889733722));
#9212=CARTESIAN_POINT('',(38.4609190513519,-3.97422115040457,10.0795889733722));
#9213=CARTESIAN_POINT('',(39.7714681979576,-3.97422115040456,10.0795889733722));
#9214=CARTESIAN_POINT('',(38.7269491841225,-2.47422115040457,10.0795889733722));
#9215=CARTESIAN_POINT('',(38.7269491841225,-3.97422115040457,10.0795889733722));
#9216=CARTESIAN_POINT('',(38.4609190513519,-2.47422115040457,10.0795889733722));
#9217=CARTESIAN_POINT('',(38.7269491841225,-2.47422115040457,10.0795889733722));
#9218=CARTESIAN_POINT('',(38.4609190513519,-3.97422115040457,10.0795889733722));
#9219=CARTESIAN_POINT('Origin',(38.7269491841225,-3.97422115040457,12.5209260819843));
#9220=CARTESIAN_POINT('',(38.7269491841225,-3.97422115040457,12.5209260819843));
#9221=CARTESIAN_POINT('',(38.7269491841225,-3.97422115040451,25.2920161799229));
#9222=CARTESIAN_POINT('',(38.7269491841225,-2.47422115040457,12.5209260819843));
#9223=CARTESIAN_POINT('',(38.7269491841225,-3.97422115040457,12.5209260819843));
#9224=CARTESIAN_POINT('',(38.7269491841225,-2.47422115040457,12.5209260819843));
#9225=CARTESIAN_POINT('Origin',(38.4609190513519,-3.97422115040457,12.5209260819843));
#9226=CARTESIAN_POINT('',(38.4609190513519,-3.97422115040457,12.5209260819843));
#9227=CARTESIAN_POINT('',(39.6384531315723,-3.97422115040455,12.5209260819843));
#9228=CARTESIAN_POINT('',(38.4609190513519,-2.47422115040457,12.5209260819843));
#9229=CARTESIAN_POINT('',(38.4609190513519,-3.97422115040457,12.5209260819843));
#9230=CARTESIAN_POINT('',(38.4609190513519,-2.47422115040457,12.5209260819843));
#9231=CARTESIAN_POINT('Origin',(38.4609190513519,-3.97422115040457,10.0795889733722));
#9232=CARTESIAN_POINT('',(38.4609190513519,-3.97422115040451,24.0713476256169));
#9233=CARTESIAN_POINT('',(38.4609190513519,-2.47422115040457,10.0795889733722));
#9234=CARTESIAN_POINT('Origin',(40.4029382159141,-2.47422115040457,8.21737876575347));
#9235=CARTESIAN_POINT('Ctrl Pts',(39.8473448445229,-3.97422115040457,9.33265873178747));
#9236=CARTESIAN_POINT('Ctrl Pts',(39.8473448445229,-2.47422115040457,9.33265873178747));
#9237=CARTESIAN_POINT('Ctrl Pts',(39.8149058013148,-3.97422115040457,9.36224796981748));
#9238=CARTESIAN_POINT('Ctrl Pts',(39.8149058013148,-2.47422115040457,9.36224796981748));
#9239=CARTESIAN_POINT('Ctrl Pts',(39.7524081144373,-3.97422115040457,9.41925516702384));
#9240=CARTESIAN_POINT('Ctrl Pts',(39.7524081144373,-2.47422115040457,9.41925516702384));
#9241=CARTESIAN_POINT('Ctrl Pts',(39.6817875578405,-3.97422115040457,9.46579859416214));
#9242=CARTESIAN_POINT('Ctrl Pts',(39.6817875578405,-2.47422115040457,9.46579859416214));
#9243=CARTESIAN_POINT('Ctrl Pts',(39.6478221704391,-3.97422115040457,9.488183939307));
#9244=CARTESIAN_POINT('Ctrl Pts',(39.6478221704391,-2.47422115040457,9.488183939307));
#9245=CARTESIAN_POINT('',(39.8473448445229,-3.97422115040457,9.33265873178747));
#9246=CARTESIAN_POINT('',(39.6478221704391,-3.97422115040457,9.488183939307));
#9247=CARTESIAN_POINT('Ctrl Pts',(39.8473448445229,-3.97422115040457,9.33265873178747));
#9248=CARTESIAN_POINT('Ctrl Pts',(39.8149058013148,-3.97422115040457,9.36224796981748));
#9249=CARTESIAN_POINT('Ctrl Pts',(39.7524081144373,-3.97422115040457,9.41925516702384));
#9250=CARTESIAN_POINT('Ctrl Pts',(39.6817875578405,-3.97422115040457,9.46579859416214));
#9251=CARTESIAN_POINT('Ctrl Pts',(39.6478221704391,-3.97422115040457,9.488183939307));
#9252=CARTESIAN_POINT('',(39.8473448445229,-2.47422115040457,9.33265873178747));
#9253=CARTESIAN_POINT('',(39.8473448445229,-3.97422115040457,9.33265873178747));
#9254=CARTESIAN_POINT('',(39.6478221704391,-2.47422115040457,9.488183939307));
#9255=CARTESIAN_POINT('Ctrl Pts',(39.8473448445229,-2.47422115040457,9.33265873178747));
#9256=CARTESIAN_POINT('Ctrl Pts',(39.8149058013148,-2.47422115040457,9.36224796981748));
#9257=CARTESIAN_POINT('Ctrl Pts',(39.7524081144373,-2.47422115040457,9.41925516702384));
#9258=CARTESIAN_POINT('Ctrl Pts',(39.6817875578405,-2.47422115040457,9.46579859416214));
#9259=CARTESIAN_POINT('Ctrl Pts',(39.6478221704391,-2.47422115040457,9.488183939307));
#9260=CARTESIAN_POINT('',(39.6478221704391,-3.97422115040457,9.488183939307));
#9261=CARTESIAN_POINT('Ctrl Pts',(40.2249027182487,-3.97422115040457,8.90701123461034));
#9262=CARTESIAN_POINT('Ctrl Pts',(40.2249027182487,-2.47422115040457,8.90701123461034));
#9263=CARTESIAN_POINT('Ctrl Pts',(40.1483002872425,-3.97422115040457,8.9988519125296));
#9264=CARTESIAN_POINT('Ctrl Pts',(40.1483002872425,-2.47422115040457,8.9988519125296));
#9265=CARTESIAN_POINT('Ctrl Pts',(40.0267435093197,-3.97422115040457,9.14458954439663));
#9266=CARTESIAN_POINT('Ctrl Pts',(40.0267435093197,-2.47422115040457,9.14458954439663));
#9267=CARTESIAN_POINT('Ctrl Pts',(39.8957785442016,-3.97422115040457,9.28188418142372));
#9268=CARTESIAN_POINT('Ctrl Pts',(39.8957785442016,-2.47422115040457,9.28188418142372));
#9269=CARTESIAN_POINT('Ctrl Pts',(39.8473448445229,-3.97422115040457,9.33265873178747));
#9270=CARTESIAN_POINT('Ctrl Pts',(39.8473448445229,-2.47422115040457,9.33265873178747));
#9271=CARTESIAN_POINT('',(40.2249027182487,-3.97422115040457,8.90701123461034));
#9272=CARTESIAN_POINT('Ctrl Pts',(40.2249027182487,-3.97422115040457,8.90701123461034));
#9273=CARTESIAN_POINT('Ctrl Pts',(40.1483002872425,-3.97422115040457,8.9988519125296));
#9274=CARTESIAN_POINT('Ctrl Pts',(40.0267435093197,-3.97422115040457,9.14458954439663));
#9275=CARTESIAN_POINT('Ctrl Pts',(39.8957785442016,-3.97422115040457,9.28188418142372));
#9276=CARTESIAN_POINT('Ctrl Pts',(39.8473448445229,-3.97422115040457,9.33265873178747));
#9277=CARTESIAN_POINT('',(40.2249027182487,-2.47422115040457,8.90701123461034));
#9278=CARTESIAN_POINT('',(40.2249027182487,-3.97422115040457,8.90701123461034));
#9279=CARTESIAN_POINT('Ctrl Pts',(40.2249027182487,-2.47422115040457,8.90701123461034));
#9280=CARTESIAN_POINT('Ctrl Pts',(40.1483002872425,-2.47422115040457,8.9988519125296));
#9281=CARTESIAN_POINT('Ctrl Pts',(40.0267435093197,-2.47422115040457,9.14458954439663));
#9282=CARTESIAN_POINT('Ctrl Pts',(39.8957785442016,-2.47422115040457,9.28188418142372));
#9283=CARTESIAN_POINT('Ctrl Pts',(39.8473448445229,-2.47422115040457,9.33265873178747));
#9284=CARTESIAN_POINT('Ctrl Pts',(40.7528700818447,-3.97422115040457,8.33913930639532));
#9285=CARTESIAN_POINT('Ctrl Pts',(40.7528700818447,-2.47422115040457,8.33913930639532));
#9286=CARTESIAN_POINT('Ctrl Pts',(40.6757551489637,-3.97422115040457,8.41394642941288));
#9287=CARTESIAN_POINT('Ctrl Pts',(40.6757551489637,-2.47422115040457,8.41394642941288));
#9288=CARTESIAN_POINT('Ctrl Pts',(40.4900451549504,-3.97422115040457,8.59409870146611));
#9289=CARTESIAN_POINT('Ctrl Pts',(40.4900451549504,-2.47422115040457,8.59409870146611));
#9290=CARTESIAN_POINT('Ctrl Pts',(40.3227371204072,-3.97422115040457,8.79155023565111));
#9291=CARTESIAN_POINT('Ctrl Pts',(40.3227371204072,-2.47422115040457,8.79155023565111));
#9292=CARTESIAN_POINT('Ctrl Pts',(40.2249027182487,-3.97422115040457,8.90701123461034));
#9293=CARTESIAN_POINT('Ctrl Pts',(40.2249027182487,-2.47422115040457,8.90701123461034));
#9294=CARTESIAN_POINT('',(40.7528700818447,-3.97422115040457,8.33913930639532));
#9295=CARTESIAN_POINT('Ctrl Pts',(40.7528700818447,-3.97422115040457,8.33913930639532));
#9296=CARTESIAN_POINT('Ctrl Pts',(40.6757551489637,-3.97422115040457,8.41394642941288));
#9297=CARTESIAN_POINT('Ctrl Pts',(40.4900451549504,-3.97422115040457,8.59409870146611));
#9298=CARTESIAN_POINT('Ctrl Pts',(40.3227371204072,-3.97422115040457,8.79155023565111));
#9299=CARTESIAN_POINT('Ctrl Pts',(40.2249027182487,-3.97422115040457,8.90701123461034));
#9300=CARTESIAN_POINT('',(40.7528700818447,-2.47422115040457,8.33913930639532));
#9301=CARTESIAN_POINT('',(40.7528700818447,-3.97422115040457,8.33913930639532));
#9302=CARTESIAN_POINT('Ctrl Pts',(40.7528700818447,-2.47422115040457,8.33913930639532));
#9303=CARTESIAN_POINT('Ctrl Pts',(40.6757551489637,-2.47422115040457,8.41394642941288));
#9304=CARTESIAN_POINT('Ctrl Pts',(40.4900451549504,-2.47422115040457,8.59409870146611));
#9305=CARTESIAN_POINT('Ctrl Pts',(40.3227371204072,-2.47422115040457,8.79155023565111));
#9306=CARTESIAN_POINT('Ctrl Pts',(40.2249027182487,-2.47422115040457,8.90701123461034));
#9307=CARTESIAN_POINT('Ctrl Pts',(41.1191729595093,-3.97422115040457,8.09459635004308));
#9308=CARTESIAN_POINT('Ctrl Pts',(41.1191729595093,-2.47422115040457,8.09459635004308));
#9309=CARTESIAN_POINT('Ctrl Pts',(41.058273619589,-3.97422115040457,8.12515218546244));
#9310=CARTESIAN_POINT('Ctrl Pts',(41.058273619589,-2.47422115040457,8.12515218546244));
#9311=CARTESIAN_POINT('Ctrl Pts',(40.9261488870866,-3.97422115040457,8.19144488397868));
#9312=CARTESIAN_POINT('Ctrl Pts',(40.9261488870866,-2.47422115040457,8.19144488397868));
#9313=CARTESIAN_POINT('Ctrl Pts',(40.8135626972261,-3.97422115040457,8.28740787414542));
#9314=CARTESIAN_POINT('Ctrl Pts',(40.8135626972261,-2.47422115040457,8.28740787414542));
#9315=CARTESIAN_POINT('Ctrl Pts',(40.7528700818447,-3.97422115040457,8.33913930639532));
#9316=CARTESIAN_POINT('Ctrl Pts',(40.7528700818447,-2.47422115040457,8.33913930639532));
#9317=CARTESIAN_POINT('',(41.1191729595093,-3.97422115040457,8.09459635004308));
#9318=CARTESIAN_POINT('Ctrl Pts',(41.1191729595093,-3.97422115040457,8.09459635004308));
#9319=CARTESIAN_POINT('Ctrl Pts',(41.058273619589,-3.97422115040457,8.12515218546244));
#9320=CARTESIAN_POINT('Ctrl Pts',(40.9261488870866,-3.97422115040457,8.19144488397868));
#9321=CARTESIAN_POINT('Ctrl Pts',(40.8135626972261,-3.97422115040457,8.28740787414542));
#9322=CARTESIAN_POINT('Ctrl Pts',(40.7528700818447,-3.97422115040457,8.33913930639532));
#9323=CARTESIAN_POINT('',(41.1191729595093,-2.47422115040457,8.09459635004308));
#9324=CARTESIAN_POINT('',(41.1191729595093,-3.97422115040457,8.09459635004308));
#9325=CARTESIAN_POINT('Ctrl Pts',(41.1191729595093,-2.47422115040457,8.09459635004308));
#9326=CARTESIAN_POINT('Ctrl Pts',(41.058273619589,-2.47422115040457,8.12515218546244));
#9327=CARTESIAN_POINT('Ctrl Pts',(40.9261488870866,-2.47422115040457,8.19144488397868));
#9328=CARTESIAN_POINT('Ctrl Pts',(40.8135626972261,-2.47422115040457,8.28740787414542));
#9329=CARTESIAN_POINT('Ctrl Pts',(40.7528700818447,-2.47422115040457,8.33913930639532));
#9330=CARTESIAN_POINT('Ctrl Pts',(41.4731974293617,-3.97422115040457,8.02092620119359));
#9331=CARTESIAN_POINT('Ctrl Pts',(41.4731974293617,-2.47422115040457,8.02092620119359));
#9332=CARTESIAN_POINT('Ctrl Pts',(41.4130776733352,-3.97422115040457,8.02414409759477));
#9333=CARTESIAN_POINT('Ctrl Pts',(41.4130776733352,-2.47422115040457,8.02414409759477));
#9334=CARTESIAN_POINT('Ctrl Pts',(41.2913388874541,-3.97422115040457,8.03066013869111));
#9335=CARTESIAN_POINT('Ctrl Pts',(41.2913388874541,-2.47422115040457,8.03066013869111));
#9336=CARTESIAN_POINT('Ctrl Pts',(41.1770308556203,-3.97422115040457,8.07311001579395));
#9337=CARTESIAN_POINT('Ctrl Pts',(41.1770308556203,-2.47422115040457,8.07311001579395));
#9338=CARTESIAN_POINT('Ctrl Pts',(41.1191729595093,-3.97422115040457,8.09459635004308));
#9339=CARTESIAN_POINT('Ctrl Pts',(41.1191729595093,-2.47422115040457,8.09459635004308));
#9340=CARTESIAN_POINT('',(41.4731974293617,-3.97422115040457,8.02092620119359));
#9341=CARTESIAN_POINT('Ctrl Pts',(41.4731974293617,-3.97422115040457,8.02092620119359));
#9342=CARTESIAN_POINT('Ctrl Pts',(41.4130776733352,-3.97422115040457,8.02414409759477));
#9343=CARTESIAN_POINT('Ctrl Pts',(41.2913388874541,-3.97422115040457,8.03066013869111));
#9344=CARTESIAN_POINT('Ctrl Pts',(41.1770308556203,-3.97422115040457,8.07311001579395));
#9345=CARTESIAN_POINT('Ctrl Pts',(41.1191729595093,-3.97422115040457,8.09459635004308));
#9346=CARTESIAN_POINT('',(41.4731974293617,-2.47422115040457,8.02092620119359));
#9347=CARTESIAN_POINT('',(41.4731974293617,-3.97422115040457,8.02092620119359));
#9348=CARTESIAN_POINT('Ctrl Pts',(41.4731974293617,-2.47422115040457,8.02092620119359));
#9349=CARTESIAN_POINT('Ctrl Pts',(41.4130776733352,-2.47422115040457,8.02414409759477));
#9350=CARTESIAN_POINT('Ctrl Pts',(41.2913388874541,-2.47422115040457,8.03066013869111));
#9351=CARTESIAN_POINT('Ctrl Pts',(41.1770308556203,-2.47422115040457,8.07311001579395));
#9352=CARTESIAN_POINT('Ctrl Pts',(41.1191729595093,-2.47422115040457,8.09459635004308));
#9353=CARTESIAN_POINT('Ctrl Pts',(42.0666489889053,-3.97422115040457,8.27263184770849));
#9354=CARTESIAN_POINT('Ctrl Pts',(42.0666489889053,-2.47422115040457,8.27263184770849));
#9355=CARTESIAN_POINT('Ctrl Pts',(41.9817523692076,-3.97422115040457,8.19921859553472));
#9356=CARTESIAN_POINT('Ctrl Pts',(41.9817523692076,-2.47422115040457,8.19921859553472));
#9357=CARTESIAN_POINT('Ctrl Pts',(41.8110453987377,-3.97422115040457,8.05160195407652));
#9358=CARTESIAN_POINT('Ctrl Pts',(41.8110453987377,-2.47422115040457,8.05160195407652));
#9359=CARTESIAN_POINT('Ctrl Pts',(41.5862145644988,-3.97422115040457,8.03118787515128));
#9360=CARTESIAN_POINT('Ctrl Pts',(41.5862145644988,-2.47422115040457,8.03118787515128));
#9361=CARTESIAN_POINT('Ctrl Pts',(41.4731974293617,-3.97422115040457,8.02092620119359));
#9362=CARTESIAN_POINT('Ctrl Pts',(41.4731974293617,-2.47422115040457,8.02092620119359));
#9363=CARTESIAN_POINT('',(42.0666489889053,-3.97422115040457,8.27263184770849));
#9364=CARTESIAN_POINT('Ctrl Pts',(42.0666489889053,-3.97422115040457,8.27263184770849));
#9365=CARTESIAN_POINT('Ctrl Pts',(41.9817523692076,-3.97422115040457,8.19921859553472));
#9366=CARTESIAN_POINT('Ctrl Pts',(41.8110453987377,-3.97422115040457,8.05160195407652));
#9367=CARTESIAN_POINT('Ctrl Pts',(41.5862145644988,-3.97422115040457,8.03118787515128));
#9368=CARTESIAN_POINT('Ctrl Pts',(41.4731974293617,-3.97422115040457,8.02092620119359));
#9369=CARTESIAN_POINT('',(42.0666489889053,-2.47422115040457,8.27263184770849));
#9370=CARTESIAN_POINT('',(42.0666489889053,-3.97422115040457,8.27263184770849));
#9371=CARTESIAN_POINT('Ctrl Pts',(42.0666489889053,-2.47422115040457,8.27263184770849));
#9372=CARTESIAN_POINT('Ctrl Pts',(41.9817523692076,-2.47422115040457,8.19921859553472));
#9373=CARTESIAN_POINT('Ctrl Pts',(41.8110453987377,-2.47422115040457,8.05160195407652));
#9374=CARTESIAN_POINT('Ctrl Pts',(41.5862145644988,-2.47422115040457,8.03118787515128));
#9375=CARTESIAN_POINT('Ctrl Pts',(41.4731974293617,-2.47422115040457,8.02092620119359));
#9376=CARTESIAN_POINT('Ctrl Pts',(42.3060760785965,-3.97422115040457,8.95612426981237));
#9377=CARTESIAN_POINT('Ctrl Pts',(42.3060760785965,-2.47422115040457,8.95612426981237));
#9378=CARTESIAN_POINT('Ctrl Pts',(42.2987396096595,-3.97422115040457,8.82261269878353));
#9379=CARTESIAN_POINT('Ctrl Pts',(42.2987396096595,-2.47422115040457,8.82261269878353));
#9380=CARTESIAN_POINT('Ctrl Pts',(42.284901624941,-3.97422115040457,8.57078431983236));
#9381=CARTESIAN_POINT('Ctrl Pts',(42.284901624941,-2.47422115040457,8.57078431983236));
#9382=CARTESIAN_POINT('Ctrl Pts',(42.136413384424,-3.97422115040457,8.36793620401748));
#9383=CARTESIAN_POINT('Ctrl Pts',(42.136413384424,-2.47422115040457,8.36793620401748));
#9384=CARTESIAN_POINT('Ctrl Pts',(42.0666489889053,-3.97422115040457,8.27263184770849));
#9385=CARTESIAN_POINT('Ctrl Pts',(42.0666489889053,-2.47422115040457,8.27263184770849));
#9386=CARTESIAN_POINT('',(42.3060760785965,-3.97422115040457,8.95612426981237));
#9387=CARTESIAN_POINT('Ctrl Pts',(42.3060760785965,-3.97422115040457,8.95612426981237));
#9388=CARTESIAN_POINT('Ctrl Pts',(42.2987396096595,-3.97422115040457,8.82261269878353));
#9389=CARTESIAN_POINT('Ctrl Pts',(42.284901624941,-3.97422115040457,8.57078431983236));
#9390=CARTESIAN_POINT('Ctrl Pts',(42.136413384424,-3.97422115040457,8.36793620401748));
#9391=CARTESIAN_POINT('Ctrl Pts',(42.0666489889053,-3.97422115040457,8.27263184770849));
#9392=CARTESIAN_POINT('',(42.3060760785965,-2.47422115040457,8.95612426981237));
#9393=CARTESIAN_POINT('',(42.3060760785965,-3.97422115040457,8.95612426981237));
#9394=CARTESIAN_POINT('Ctrl Pts',(42.3060760785965,-2.47422115040457,8.95612426981237));
#9395=CARTESIAN_POINT('Ctrl Pts',(42.2987396096595,-2.47422115040457,8.82261269878353));
#9396=CARTESIAN_POINT('Ctrl Pts',(42.284901624941,-2.47422115040457,8.57078431983236));
#9397=CARTESIAN_POINT('Ctrl Pts',(42.136413384424,-2.47422115040457,8.36793620401748));
#9398=CARTESIAN_POINT('Ctrl Pts',(42.0666489889053,-2.47422115040457,8.27263184770849));
#9399=CARTESIAN_POINT('Ctrl Pts',(42.0840434123901,-3.97422115040457,9.63757046446111));
#9400=CARTESIAN_POINT('Ctrl Pts',(42.0840434123901,-2.47422115040457,9.63757046446111));
#9401=CARTESIAN_POINT('Ctrl Pts',(42.1487291980059,-3.97422115040457,9.5416048643335));
#9402=CARTESIAN_POINT('Ctrl Pts',(42.1487291980059,-2.47422115040457,9.5416048643335));
#9403=CARTESIAN_POINT('Ctrl Pts',(42.2871174190836,-3.97422115040457,9.3362968734064));
#9404=CARTESIAN_POINT('Ctrl Pts',(42.2871174190836,-2.47422115040457,9.3362968734064));
#9405=CARTESIAN_POINT('Ctrl Pts',(42.2994878610767,-3.97422115040457,9.08823592073532));
#9406=CARTESIAN_POINT('Ctrl Pts',(42.2994878610767,-2.47422115040457,9.08823592073532));
#9407=CARTESIAN_POINT('Ctrl Pts',(42.3060760785965,-3.97422115040457,8.95612426981237));
#9408=CARTESIAN_POINT('Ctrl Pts',(42.3060760785965,-2.47422115040457,8.95612426981237));
#9409=CARTESIAN_POINT('',(42.0840434123901,-3.97422115040457,9.63757046446111));
#9410=CARTESIAN_POINT('Ctrl Pts',(42.0840434123901,-3.97422115040457,9.63757046446111));
#9411=CARTESIAN_POINT('Ctrl Pts',(42.1487291980059,-3.97422115040457,9.5416048643335));
#9412=CARTESIAN_POINT('Ctrl Pts',(42.2871174190836,-3.97422115040457,9.3362968734064));
#9413=CARTESIAN_POINT('Ctrl Pts',(42.2994878610767,-3.97422115040457,9.08823592073532));
#9414=CARTESIAN_POINT('Ctrl Pts',(42.3060760785965,-3.97422115040457,8.95612426981237));
#9415=CARTESIAN_POINT('',(42.0840434123901,-2.47422115040457,9.63757046446111));
#9416=CARTESIAN_POINT('',(42.0840434123901,-3.97422115040457,9.63757046446111));
#9417=CARTESIAN_POINT('Ctrl Pts',(42.0840434123901,-2.47422115040457,9.63757046446111));
#9418=CARTESIAN_POINT('Ctrl Pts',(42.1487291980059,-2.47422115040457,9.5416048643335));
#9419=CARTESIAN_POINT('Ctrl Pts',(42.2871174190836,-2.47422115040457,9.3362968734064));
#9420=CARTESIAN_POINT('Ctrl Pts',(42.2994878610767,-2.47422115040457,9.08823592073532));
#9421=CARTESIAN_POINT('Ctrl Pts',(42.3060760785965,-2.47422115040457,8.95612426981237));
#9422=CARTESIAN_POINT('Ctrl Pts',(41.4384088804153,-3.97422115040457,9.93020364031103));
#9423=CARTESIAN_POINT('Ctrl Pts',(41.4384088804153,-2.47422115040457,9.93020364031103));
#9424=CARTESIAN_POINT('Ctrl Pts',(41.5684237324656,-3.97422115040457,9.91131054245562));
#9425=CARTESIAN_POINT('Ctrl Pts',(41.5684237324656,-2.47422115040457,9.91131054245562));
#9426=CARTESIAN_POINT('Ctrl Pts',(41.8127147991022,-3.97422115040457,9.87581140559252));
#9427=CARTESIAN_POINT('Ctrl Pts',(41.8127147991022,-2.47422115040457,9.87581140559252));
#9428=CARTESIAN_POINT('Ctrl Pts',(41.9975703612803,-3.97422115040457,9.71349839859701));
#9429=CARTESIAN_POINT('Ctrl Pts',(41.9975703612803,-2.47422115040457,9.71349839859701));
#9430=CARTESIAN_POINT('Ctrl Pts',(42.0840434123901,-3.97422115040457,9.63757046446111));
#9431=CARTESIAN_POINT('Ctrl Pts',(42.0840434123901,-2.47422115040457,9.63757046446111));
#9432=CARTESIAN_POINT('',(41.4384088804153,-3.97422115040457,9.93020364031103));
#9433=CARTESIAN_POINT('Ctrl Pts',(41.4384088804153,-3.97422115040457,9.93020364031103));
#9434=CARTESIAN_POINT('Ctrl Pts',(41.5684237324656,-3.97422115040457,9.91131054245562));
#9435=CARTESIAN_POINT('Ctrl Pts',(41.8127147991022,-3.97422115040457,9.87581140559252));
#9436=CARTESIAN_POINT('Ctrl Pts',(41.9975703612803,-3.97422115040457,9.71349839859701));
#9437=CARTESIAN_POINT('Ctrl Pts',(42.0840434123901,-3.97422115040457,9.63757046446111));
#9438=CARTESIAN_POINT('',(41.4384088804153,-2.47422115040457,9.93020364031103));
#9439=CARTESIAN_POINT('',(41.4384088804153,-3.97422115040457,9.93020364031103));
#9440=CARTESIAN_POINT('Ctrl Pts',(41.4384088804153,-2.47422115040457,9.93020364031103));
#9441=CARTESIAN_POINT('Ctrl Pts',(41.5684237324656,-2.47422115040457,9.91131054245562));
#9442=CARTESIAN_POINT('Ctrl Pts',(41.8127147991022,-2.47422115040457,9.87581140559252));
#9443=CARTESIAN_POINT('Ctrl Pts',(41.9975703612803,-2.47422115040457,9.71349839859701));
#9444=CARTESIAN_POINT('Ctrl Pts',(42.0840434123901,-2.47422115040457,9.63757046446111));
#9445=CARTESIAN_POINT('Origin',(41.3995275785354,-3.97422115040457,9.55162235483434));
#9446=CARTESIAN_POINT('',(41.3995275785354,-3.97422115040457,9.55162235483434));
#9447=CARTESIAN_POINT('',(42.845302738103,-3.97422115040451,23.6289138022827));
#9448=CARTESIAN_POINT('',(41.3995275785354,-2.47422115040457,9.55162235483434));
#9449=CARTESIAN_POINT('',(41.3995275785354,-3.97422115040457,9.55162235483434));
#9450=CARTESIAN_POINT('',(41.3995275785354,-2.47422115040457,9.55162235483434));
#9451=CARTESIAN_POINT('Ctrl Pts',(41.841546683493,-3.97422115040457,9.38995786890295));
#9452=CARTESIAN_POINT('Ctrl Pts',(41.841546683493,-2.47422115040457,9.38995786890295));
#9453=CARTESIAN_POINT('Ctrl Pts',(41.7805935666254,-3.97422115040457,9.43656890972247));
#9454=CARTESIAN_POINT('Ctrl Pts',(41.7805935666254,-2.47422115040457,9.43656890972247));
#9455=CARTESIAN_POINT('Ctrl Pts',(41.6505678423492,-3.97422115040457,9.53599999140084));
#9456=CARTESIAN_POINT('Ctrl Pts',(41.6505678423492,-2.47422115040457,9.53599999140084));
#9457=CARTESIAN_POINT('Ctrl Pts',(41.4866202499778,-3.97422115040457,9.54620253354752));
#9458=CARTESIAN_POINT('Ctrl Pts',(41.4866202499778,-2.47422115040457,9.54620253354752));
#9459=CARTESIAN_POINT('Ctrl Pts',(41.3995275785354,-3.97422115040457,9.55162235483434));
#9460=CARTESIAN_POINT('Ctrl Pts',(41.3995275785354,-2.47422115040457,9.55162235483434));
#9461=CARTESIAN_POINT('',(41.841546683493,-3.97422115040457,9.38995786890295));
#9462=CARTESIAN_POINT('Ctrl Pts',(41.841546683493,-3.97422115040457,9.38995786890295));
#9463=CARTESIAN_POINT('Ctrl Pts',(41.7805935666254,-3.97422115040457,9.43656890972247));
#9464=CARTESIAN_POINT('Ctrl Pts',(41.6505678423492,-3.97422115040457,9.53599999140084));
#9465=CARTESIAN_POINT('Ctrl Pts',(41.4866202499778,-3.97422115040457,9.54620253354752));
#9466=CARTESIAN_POINT('Ctrl Pts',(41.3995275785354,-3.97422115040457,9.55162235483434));
#9467=CARTESIAN_POINT('',(41.841546683493,-2.47422115040457,9.38995786890295));
#9468=CARTESIAN_POINT('',(41.841546683493,-3.97422115040457,9.38995786890295));
#9469=CARTESIAN_POINT('Ctrl Pts',(41.841546683493,-2.47422115040457,9.38995786890295));
#9470=CARTESIAN_POINT('Ctrl Pts',(41.7805935666254,-2.47422115040457,9.43656890972247));
#9471=CARTESIAN_POINT('Ctrl Pts',(41.6505678423492,-2.47422115040457,9.53599999140084));
#9472=CARTESIAN_POINT('Ctrl Pts',(41.4866202499778,-2.47422115040457,9.54620253354752));
#9473=CARTESIAN_POINT('Ctrl Pts',(41.3995275785354,-2.47422115040457,9.55162235483434));
#9474=CARTESIAN_POINT('Ctrl Pts',(42.0011646439461,-3.97422115040457,8.96430977567937));
#9475=CARTESIAN_POINT('Ctrl Pts',(42.0011646439461,-2.47422115040457,8.96430977567937));
#9476=CARTESIAN_POINT('Ctrl Pts',(41.9958261111592,-3.97422115040457,9.04719126089268));
#9477=CARTESIAN_POINT('Ctrl Pts',(41.9958261111592,-2.47422115040457,9.04719126089268));
#9478=CARTESIAN_POINT('Ctrl Pts',(41.9856185814383,-3.97422115040457,9.20566462003405));
#9479=CARTESIAN_POINT('Ctrl Pts',(41.9856185814383,-2.47422115040457,9.20566462003405));
#9480=CARTESIAN_POINT('Ctrl Pts',(41.8880750149468,-3.97422115040457,9.33043996506219));
#9481=CARTESIAN_POINT('Ctrl Pts',(41.8880750149468,-2.47422115040457,9.33043996506219));
#9482=CARTESIAN_POINT('Ctrl Pts',(41.841546683493,-3.97422115040457,9.38995786890295));
#9483=CARTESIAN_POINT('Ctrl Pts',(41.841546683493,-2.47422115040457,9.38995786890295));
#9484=CARTESIAN_POINT('',(42.0011646439461,-3.97422115040457,8.96430977567937));
#9485=CARTESIAN_POINT('Ctrl Pts',(42.0011646439461,-3.97422115040457,8.96430977567937));
#9486=CARTESIAN_POINT('Ctrl Pts',(41.9958261111592,-3.97422115040457,9.04719126089268));
#9487=CARTESIAN_POINT('Ctrl Pts',(41.9856185814383,-3.97422115040457,9.20566462003405));
#9488=CARTESIAN_POINT('Ctrl Pts',(41.8880750149468,-3.97422115040457,9.33043996506219));
#9489=CARTESIAN_POINT('Ctrl Pts',(41.841546683493,-3.97422115040457,9.38995786890295));
#9490=CARTESIAN_POINT('',(42.0011646439461,-2.47422115040457,8.96430977567937));
#9491=CARTESIAN_POINT('',(42.0011646439461,-3.97422115040457,8.96430977567937));
#9492=CARTESIAN_POINT('Ctrl Pts',(42.0011646439461,-2.47422115040457,8.96430977567937));
#9493=CARTESIAN_POINT('Ctrl Pts',(41.9958261111592,-2.47422115040457,9.04719126089268));
#9494=CARTESIAN_POINT('Ctrl Pts',(41.9856185814383,-2.47422115040457,9.20566462003405));
#9495=CARTESIAN_POINT('Ctrl Pts',(41.8880750149468,-2.47422115040457,9.33043996506219));
#9496=CARTESIAN_POINT('Ctrl Pts',(41.841546683493,-2.47422115040457,9.38995786890295));
#9497=CARTESIAN_POINT('Ctrl Pts',(41.8507556011108,-3.97422115040457,8.55605610594061));
#9498=CARTESIAN_POINT('Ctrl Pts',(41.8507556011108,-2.47422115040457,8.55605610594061));
#9499=CARTESIAN_POINT('Ctrl Pts',(41.8946044645465,-3.97422115040457,8.61380845495641));
#9500=CARTESIAN_POINT('Ctrl Pts',(41.8946044645465,-2.47422115040457,8.61380845495641));
#9501=CARTESIAN_POINT('Ctrl Pts',(41.9860712576731,-3.97422115040457,8.73427730514117));
#9502=CARTESIAN_POINT('Ctrl Pts',(41.9860712576731,-2.47422115040457,8.73427730514117));
#9503=CARTESIAN_POINT('Ctrl Pts',(41.9959971762919,-3.97422115040457,8.88555439703804));
#9504=CARTESIAN_POINT('Ctrl Pts',(41.9959971762919,-2.47422115040457,8.88555439703804));
#9505=CARTESIAN_POINT('Ctrl Pts',(42.0011646439461,-3.97422115040457,8.96430977567937));
#9506=CARTESIAN_POINT('Ctrl Pts',(42.0011646439461,-2.47422115040457,8.96430977567937));
#9507=CARTESIAN_POINT('',(41.8507556011108,-3.97422115040457,8.55605610594061));
#9508=CARTESIAN_POINT('Ctrl Pts',(41.8507556011108,-3.97422115040457,8.55605610594061));
#9509=CARTESIAN_POINT('Ctrl Pts',(41.8946044645465,-3.97422115040457,8.61380845495641));
#9510=CARTESIAN_POINT('Ctrl Pts',(41.9860712576731,-3.97422115040457,8.73427730514117));
#9511=CARTESIAN_POINT('Ctrl Pts',(41.9959971762919,-3.97422115040457,8.88555439703804));
#9512=CARTESIAN_POINT('Ctrl Pts',(42.0011646439461,-3.97422115040457,8.96430977567937));
#9513=CARTESIAN_POINT('',(41.8507556011108,-2.47422115040457,8.5560561059406));
#9514=CARTESIAN_POINT('',(41.8507556011108,-3.97422115040457,8.55605610594061));
#9515=CARTESIAN_POINT('Ctrl Pts',(41.8507556011108,-2.47422115040457,8.5560561059406));
#9516=CARTESIAN_POINT('Ctrl Pts',(41.8946044645465,-2.47422115040457,8.61380845495641));
#9517=CARTESIAN_POINT('Ctrl Pts',(41.9860712576731,-2.47422115040457,8.73427730514117));
#9518=CARTESIAN_POINT('Ctrl Pts',(41.9959971762919,-2.47422115040457,8.88555439703804));
#9519=CARTESIAN_POINT('Ctrl Pts',(42.0011646439461,-2.47422115040457,8.96430977567937));
#9520=CARTESIAN_POINT('Ctrl Pts',(41.4813830842403,-3.97422115040457,8.39950748667028));
#9521=CARTESIAN_POINT('Ctrl Pts',(41.4813830842403,-2.47422115040457,8.39950748667028));
#9522=CARTESIAN_POINT('Ctrl Pts',(41.5514533605271,-3.97422115040457,8.40596691019224));
#9523=CARTESIAN_POINT('Ctrl Pts',(41.5514533605271,-2.47422115040457,8.40596691019224));
#9524=CARTESIAN_POINT('Ctrl Pts',(41.6912556450179,-3.97422115040458,8.41885457401659));
#9525=CARTESIAN_POINT('Ctrl Pts',(41.6912556450179,-2.47422115040458,8.41885457401659));
#9526=CARTESIAN_POINT('Ctrl Pts',(41.7976747802878,-3.97422115040457,8.5103960937933));
#9527=CARTESIAN_POINT('Ctrl Pts',(41.7976747802878,-2.47422115040457,8.5103960937933));
#9528=CARTESIAN_POINT('Ctrl Pts',(41.8507556011108,-3.97422115040457,8.55605610594061));
#9529=CARTESIAN_POINT('Ctrl Pts',(41.8507556011108,-2.47422115040457,8.55605610594061));
#9530=CARTESIAN_POINT('',(41.4813830842403,-3.97422115040457,8.39950748667028));
#9531=CARTESIAN_POINT('Ctrl Pts',(41.4813830842403,-3.97422115040457,8.39950748667028));
#9532=CARTESIAN_POINT('Ctrl Pts',(41.5514533605271,-3.97422115040457,8.40596691019224));
#9533=CARTESIAN_POINT('Ctrl Pts',(41.6912556450179,-3.97422115040458,8.41885457401659));
#9534=CARTESIAN_POINT('Ctrl Pts',(41.7976747802878,-3.97422115040457,8.5103960937933));
#9535=CARTESIAN_POINT('Ctrl Pts',(41.8507556011108,-3.97422115040457,8.55605610594061));
#9536=CARTESIAN_POINT('',(41.4813830842403,-2.47422115040457,8.39950748667028));
#9537=CARTESIAN_POINT('',(41.4813830842403,-3.97422115040457,8.39950748667028));
#9538=CARTESIAN_POINT('Ctrl Pts',(41.4813830842403,-2.47422115040457,8.39950748667028));
#9539=CARTESIAN_POINT('Ctrl Pts',(41.5514533605271,-2.47422115040457,8.40596691019224));
#9540=CARTESIAN_POINT('Ctrl Pts',(41.6912556450179,-2.47422115040457,8.41885457401659));
#9541=CARTESIAN_POINT('Ctrl Pts',(41.7976747802878,-2.47422115040457,8.5103960937933));
#9542=CARTESIAN_POINT('Ctrl Pts',(41.8507556011108,-2.47422115040457,8.5560561059406));
#9543=CARTESIAN_POINT('Ctrl Pts',(41.0383407165436,-3.97422115040457,8.57140370592382));
#9544=CARTESIAN_POINT('Ctrl Pts',(41.0383407165436,-2.47422115040457,8.57140370592382));
#9545=CARTESIAN_POINT('Ctrl Pts',(41.1116952242181,-3.97422115040457,8.52138955704863));
#9546=CARTESIAN_POINT('Ctrl Pts',(41.1116952242181,-2.47422115040457,8.52138955704863));
#9547=CARTESIAN_POINT('Ctrl Pts',(41.2465050794076,-3.97422115040457,8.42947427629717));
#9548=CARTESIAN_POINT('Ctrl Pts',(41.2465050794076,-2.47422115040457,8.42947427629717));
#9549=CARTESIAN_POINT('Ctrl Pts',(41.4078371412422,-3.97422115040457,8.40889080803877));
#9550=CARTESIAN_POINT('Ctrl Pts',(41.4078371412422,-2.47422115040457,8.40889080803877));
#9551=CARTESIAN_POINT('Ctrl Pts',(41.4813830842403,-3.97422115040457,8.39950748667028));
#9552=CARTESIAN_POINT('Ctrl Pts',(41.4813830842403,-2.47422115040457,8.39950748667028));
#9553=CARTESIAN_POINT('',(41.0383407165436,-3.97422115040457,8.57140370592382));
#9554=CARTESIAN_POINT('Ctrl Pts',(41.0383407165436,-3.97422115040457,8.57140370592382));
#9555=CARTESIAN_POINT('Ctrl Pts',(41.1116952242181,-3.97422115040457,8.52138955704863));
#9556=CARTESIAN_POINT('Ctrl Pts',(41.2465050794076,-3.97422115040457,8.42947427629717));
#9557=CARTESIAN_POINT('Ctrl Pts',(41.4078371412422,-3.97422115040457,8.40889080803877));
#9558=CARTESIAN_POINT('Ctrl Pts',(41.4813830842403,-3.97422115040457,8.39950748667028));
#9559=CARTESIAN_POINT('',(41.0383407165436,-2.47422115040457,8.57140370592382));
#9560=CARTESIAN_POINT('',(41.0383407165436,-3.97422115040457,8.57140370592382));
#9561=CARTESIAN_POINT('Ctrl Pts',(41.0383407165436,-2.47422115040457,8.57140370592382));
#9562=CARTESIAN_POINT('Ctrl Pts',(41.1116952242181,-2.47422115040457,8.52138955704863));
#9563=CARTESIAN_POINT('Ctrl Pts',(41.2465050794076,-2.47422115040457,8.42947427629717));
#9564=CARTESIAN_POINT('Ctrl Pts',(41.4078371412422,-2.47422115040457,8.40889080803877));
#9565=CARTESIAN_POINT('Ctrl Pts',(41.4813830842403,-2.47422115040457,8.39950748667028));
#9566=CARTESIAN_POINT('Ctrl Pts',(40.4029382159141,-3.97422115040457,9.23238583788183));
#9567=CARTESIAN_POINT('Ctrl Pts',(40.4029382159141,-2.47422115040457,9.23238583788183));
#9568=CARTESIAN_POINT('Ctrl Pts',(40.518412300542,-3.97422115040457,9.09154358878853));
#9569=CARTESIAN_POINT('Ctrl Pts',(40.518412300542,-2.47422115040457,9.09154358878853));
#9570=CARTESIAN_POINT('Ctrl Pts',(40.7129503688954,-3.97422115040457,8.85426802025321));
#9571=CARTESIAN_POINT('Ctrl Pts',(40.7129503688954,-2.47422115040457,8.85426802025321));
#9572=CARTESIAN_POINT('Ctrl Pts',(40.9443112421466,-3.97422115040457,8.65314424615278));
#9573=CARTESIAN_POINT('Ctrl Pts',(40.9443112421466,-2.47422115040457,8.65314424615278));
#9574=CARTESIAN_POINT('Ctrl Pts',(41.0383407165436,-3.97422115040457,8.57140370592382));
#9575=CARTESIAN_POINT('Ctrl Pts',(41.0383407165436,-2.47422115040457,8.57140370592382));
#9576=CARTESIAN_POINT('',(40.4029382159141,-3.97422115040457,9.23238583788183));
#9577=CARTESIAN_POINT('Ctrl Pts',(40.4029382159141,-3.97422115040457,9.23238583788183));
#9578=CARTESIAN_POINT('Ctrl Pts',(40.518412300542,-3.97422115040457,9.09154358878853));
#9579=CARTESIAN_POINT('Ctrl Pts',(40.7129503688954,-3.97422115040457,8.85426802025321));
#9580=CARTESIAN_POINT('Ctrl Pts',(40.9443112421466,-3.97422115040457,8.65314424615278));
#9581=CARTESIAN_POINT('Ctrl Pts',(41.0383407165436,-3.97422115040457,8.57140370592382));
#9582=CARTESIAN_POINT('',(40.4029382159141,-2.47422115040457,9.23238583788183));
#9583=CARTESIAN_POINT('',(40.4029382159141,-3.97422115040457,9.23238583788183));
#9584=CARTESIAN_POINT('Ctrl Pts',(40.4029382159141,-2.47422115040457,9.23238583788183));
#9585=CARTESIAN_POINT('Ctrl Pts',(40.518412300542,-2.47422115040457,9.09154358878853));
#9586=CARTESIAN_POINT('Ctrl Pts',(40.7129503688954,-2.47422115040457,8.85426802025321));
#9587=CARTESIAN_POINT('Ctrl Pts',(40.9443112421466,-2.47422115040457,8.65314424615278));
#9588=CARTESIAN_POINT('Ctrl Pts',(41.0383407165436,-2.47422115040457,8.57140370592382));
#9589=CARTESIAN_POINT('Ctrl Pts',(39.9486408521561,-3.97422115040457,9.71430965647009));
#9590=CARTESIAN_POINT('Ctrl Pts',(39.9486408521561,-2.47422115040457,9.71430965647009));
#9591=CARTESIAN_POINT('Ctrl Pts',(40.0206139714263,-3.97422115040457,9.64765948152936));
#9592=CARTESIAN_POINT('Ctrl Pts',(40.0206139714263,-2.47422115040457,9.64765948152936));
#9593=CARTESIAN_POINT('Ctrl Pts',(40.1829130051231,-3.97422115040457,9.49736366139149));
#9594=CARTESIAN_POINT('Ctrl Pts',(40.1829130051231,-2.47422115040457,9.49736366139149));
#9595=CARTESIAN_POINT('Ctrl Pts',(40.3242683200498,-3.97422115040457,9.32712851626363));
#9596=CARTESIAN_POINT('Ctrl Pts',(40.3242683200498,-2.47422115040457,9.32712851626363));
#9597=CARTESIAN_POINT('Ctrl Pts',(40.4029382159141,-3.97422115040457,9.23238583788183));
#9598=CARTESIAN_POINT('Ctrl Pts',(40.4029382159141,-2.47422115040457,9.23238583788183));
#9599=CARTESIAN_POINT('',(39.9486408521561,-3.97422115040457,9.71430965647009));
#9600=CARTESIAN_POINT('Ctrl Pts',(39.9486408521561,-3.97422115040457,9.71430965647009));
#9601=CARTESIAN_POINT('Ctrl Pts',(40.0206139714263,-3.97422115040457,9.64765948152936));
#9602=CARTESIAN_POINT('Ctrl Pts',(40.1829130051231,-3.97422115040457,9.49736366139149));
#9603=CARTESIAN_POINT('Ctrl Pts',(40.3242683200498,-3.97422115040457,9.32712851626363));
#9604=CARTESIAN_POINT('Ctrl Pts',(40.4029382159141,-3.97422115040457,9.23238583788183));
#9605=CARTESIAN_POINT('',(39.9486408521561,-2.47422115040457,9.71430965647009));
#9606=CARTESIAN_POINT('',(39.9486408521561,-3.97422115040457,9.71430965647009));
#9607=CARTESIAN_POINT('Ctrl Pts',(39.9486408521561,-2.47422115040457,9.71430965647009));
#9608=CARTESIAN_POINT('Ctrl Pts',(40.0206139714263,-2.47422115040457,9.64765948152936));
#9609=CARTESIAN_POINT('Ctrl Pts',(40.1829130051231,-2.47422115040457,9.49736366139149));
#9610=CARTESIAN_POINT('Ctrl Pts',(40.3242683200498,-2.47422115040457,9.32712851626363));
#9611=CARTESIAN_POINT('Ctrl Pts',(40.4029382159141,-2.47422115040457,9.23238583788183));
#9612=CARTESIAN_POINT('Ctrl Pts',(39.5495958020119,-3.97422115040457,9.95680638536718));
#9613=CARTESIAN_POINT('Ctrl Pts',(39.5495958020119,-2.47422115040457,9.95680638536718));
#9614=CARTESIAN_POINT('Ctrl Pts',(39.6182076932473,-3.97422115040457,9.92662295401601));
#9615=CARTESIAN_POINT('Ctrl Pts',(39.6182076932473,-2.47422115040457,9.92662295401601));
#9616=CARTESIAN_POINT('Ctrl Pts',(39.7618499091006,-3.97422115040457,9.86343252327188));
#9617=CARTESIAN_POINT('Ctrl Pts',(39.7618499091006,-2.47422115040457,9.86343252327188));
#9618=CARTESIAN_POINT('Ctrl Pts',(39.8845496541349,-3.97422115040457,9.76547628708578));
#9619=CARTESIAN_POINT('Ctrl Pts',(39.8845496541349,-2.47422115040457,9.76547628708578));
#9620=CARTESIAN_POINT('Ctrl Pts',(39.9486408521561,-3.97422115040457,9.71430965647009));
#9621=CARTESIAN_POINT('Ctrl Pts',(39.9486408521561,-2.47422115040457,9.71430965647009));
#9622=CARTESIAN_POINT('',(39.5495958020119,-3.97422115040457,9.95680638536718));
#9623=CARTESIAN_POINT('Ctrl Pts',(39.5495958020119,-3.97422115040457,9.95680638536718));
#9624=CARTESIAN_POINT('Ctrl Pts',(39.6182076932473,-3.97422115040457,9.92662295401601));
#9625=CARTESIAN_POINT('Ctrl Pts',(39.7618499091006,-3.97422115040457,9.86343252327188));
#9626=CARTESIAN_POINT('Ctrl Pts',(39.8845496541349,-3.97422115040457,9.76547628708578));
#9627=CARTESIAN_POINT('Ctrl Pts',(39.9486408521561,-3.97422115040457,9.71430965647009));
#9628=CARTESIAN_POINT('',(39.5495958020119,-2.47422115040457,9.95680638536718));
#9629=CARTESIAN_POINT('',(39.5495958020119,-3.97422115040457,9.95680638536718));
#9630=CARTESIAN_POINT('Ctrl Pts',(39.5495958020119,-2.47422115040457,9.95680638536718));
#9631=CARTESIAN_POINT('Ctrl Pts',(39.6182076932473,-2.47422115040457,9.92662295401601));
#9632=CARTESIAN_POINT('Ctrl Pts',(39.7618499091006,-2.47422115040457,9.86343252327188));
#9633=CARTESIAN_POINT('Ctrl Pts',(39.8845496541349,-2.47422115040457,9.76547628708578));
#9634=CARTESIAN_POINT('Ctrl Pts',(39.9486408521561,-2.47422115040457,9.71430965647009));
#9635=CARTESIAN_POINT('Ctrl Pts',(39.2937977005867,-3.97422115040457,9.99978014215734));
#9636=CARTESIAN_POINT('Ctrl Pts',(39.2937977005867,-2.47422115040457,9.99978014215734));
#9637=CARTESIAN_POINT('Ctrl Pts',(39.3376462273393,-3.97422115040457,9.99903681441107));
#9638=CARTESIAN_POINT('Ctrl Pts',(39.3376462273393,-2.47422115040457,9.99903681441107));
#9639=CARTESIAN_POINT('Ctrl Pts',(39.4250738748177,-3.97422115040457,9.9975547259357));
#9640=CARTESIAN_POINT('Ctrl Pts',(39.4250738748177,-2.47422115040457,9.9975547259357));
#9641=CARTESIAN_POINT('Ctrl Pts',(39.5081738497525,-3.97422115040457,9.97036123354301));
#9642=CARTESIAN_POINT('Ctrl Pts',(39.5081738497525,-2.47422115040457,9.97036123354301));
#9643=CARTESIAN_POINT('Ctrl Pts',(39.5495958020119,-3.97422115040457,9.95680638536718));
#9644=CARTESIAN_POINT('Ctrl Pts',(39.5495958020119,-2.47422115040457,9.95680638536718));
#9645=CARTESIAN_POINT('',(39.2937977005867,-3.97422115040457,9.99978014215734));
#9646=CARTESIAN_POINT('Ctrl Pts',(39.2937977005867,-3.97422115040457,9.99978014215734));
#9647=CARTESIAN_POINT('Ctrl Pts',(39.3376462273393,-3.97422115040457,9.99903681441107));
#9648=CARTESIAN_POINT('Ctrl Pts',(39.4250738748177,-3.97422115040457,9.9975547259357));
#9649=CARTESIAN_POINT('Ctrl Pts',(39.5081738497525,-3.97422115040457,9.97036123354301));
#9650=CARTESIAN_POINT('Ctrl Pts',(39.5495958020119,-3.97422115040457,9.95680638536718));
#9651=CARTESIAN_POINT('',(39.2937977005867,-2.47422115040457,9.99978014215734));
#9652=CARTESIAN_POINT('',(39.2937977005867,-3.97422115040457,9.99978014215734));
#9653=CARTESIAN_POINT('Ctrl Pts',(39.2937977005867,-2.47422115040457,9.99978014215734));
#9654=CARTESIAN_POINT('Ctrl Pts',(39.3376462273393,-2.47422115040457,9.99903681441107));
#9655=CARTESIAN_POINT('Ctrl Pts',(39.4250738748177,-2.47422115040457,9.9975547259357));
#9656=CARTESIAN_POINT('Ctrl Pts',(39.5081738497525,-2.47422115040457,9.97036123354301));
#9657=CARTESIAN_POINT('Ctrl Pts',(39.5495958020119,-2.47422115040457,9.95680638536718));
#9658=CARTESIAN_POINT('Origin',(39.2937977005867,-3.97422115040457,8.01683374628332));
#9659=CARTESIAN_POINT('',(39.2937977005867,-3.97422115040457,8.01683374628332));
#9660=CARTESIAN_POINT('',(39.2937977005867,-3.97422115040451,23.0399700120724));
#9661=CARTESIAN_POINT('',(39.2937977005867,-2.47422115040457,8.01683374628332));
#9662=CARTESIAN_POINT('',(39.2937977005867,-3.97422115040457,8.01683374628332));
#9663=CARTESIAN_POINT('',(39.2937977005867,-2.47422115040457,8.01683374628332));
#9664=CARTESIAN_POINT('Origin',(39.6478221704391,-3.97422115040457,8.01683374628332));
#9665=CARTESIAN_POINT('',(39.6478221704391,-3.97422115040457,8.01683374628332));
#9666=CARTESIAN_POINT('',(40.231904691116,-3.97422115040456,8.01683374628332));
#9667=CARTESIAN_POINT('',(39.6478221704391,-2.47422115040457,8.01683374628332));
#9668=CARTESIAN_POINT('',(39.6478221704391,-3.97422115040457,8.01683374628332));
#9669=CARTESIAN_POINT('',(39.6478221704391,-2.47422115040457,8.01683374628332));
#9670=CARTESIAN_POINT('Origin',(39.6478221704391,-3.97422115040457,9.488183939307));
#9671=CARTESIAN_POINT('',(39.6478221704391,-3.97422115040451,23.7756451085843));
#9672=CARTESIAN_POINT('',(39.6478221704391,-2.47422115040457,9.488183939307));
#9673=CARTESIAN_POINT('Origin',(40.4029382159141,-2.47422115040457,8.21737876575347));
#9674=CARTESIAN_POINT('Origin',(40.3333611180214,-3.97422115040457,4.76103492960241));
#9675=CARTESIAN_POINT('',(40.3333611180214,-3.97422115040457,4.76103492960241));
#9676=CARTESIAN_POINT('',(39.2937977005867,-3.97422115040457,4.76103492960241));
#9677=CARTESIAN_POINT('',(40.5746741649071,-3.97422115040456,4.76103492960241));
#9678=CARTESIAN_POINT('',(40.3333611180214,-2.47422115040457,4.76103492960241));
#9679=CARTESIAN_POINT('',(40.3333611180214,-3.97422115040457,4.76103492960241));
#9680=CARTESIAN_POINT('',(39.2937977005867,-2.47422115040457,4.76103492960241));
#9681=CARTESIAN_POINT('',(40.3333611180214,-2.47422115040457,4.76103492960241));
#9682=CARTESIAN_POINT('',(39.2937977005867,-3.97422115040457,4.76103492960241));
#9683=CARTESIAN_POINT('Origin',(40.8122151483921,-3.97422115040457,4.26990338548925));
#9684=CARTESIAN_POINT('',(40.8122151483921,-3.97422115040457,4.26990338548925));
#9685=CARTESIAN_POINT('',(32.3675401478545,-3.97422115040455,12.9310944990672));
#9686=CARTESIAN_POINT('',(40.8122151483921,-2.47422115040457,4.26990338548925));
#9687=CARTESIAN_POINT('',(40.8122151483921,-3.97422115040457,4.26990338548925));
#9688=CARTESIAN_POINT('',(40.8122151483921,-2.47422115040457,4.26990338548925));
#9689=CARTESIAN_POINT('Origin',(39.2937977005867,-3.97422115040457,3.20169039949682));
#9690=CARTESIAN_POINT('',(39.2937977005867,-3.97422115040457,3.20169039949682));
#9691=CARTESIAN_POINT('',(48.005760086799,-3.97422115040456,9.33059215038229));
#9692=CARTESIAN_POINT('',(39.2937977005867,-2.47422115040457,3.20169039949682));
#9693=CARTESIAN_POINT('',(39.2937977005867,-3.97422115040457,3.20169039949682));
#9694=CARTESIAN_POINT('',(39.2937977005867,-2.47422115040457,3.20169039949682));
#9695=CARTESIAN_POINT('Origin',(39.2937977005867,-3.97422115040457,2.67781563982275));
#9696=CARTESIAN_POINT('',(39.2937977005867,-3.97422115040457,2.67781563982275));
#9697=CARTESIAN_POINT('',(39.2937977005867,-3.97422115040452,20.3704609588421));
#9698=CARTESIAN_POINT('',(39.2937977005867,-2.47422115040457,2.67781563982275));
#9699=CARTESIAN_POINT('',(39.2937977005867,-3.97422115040457,2.67781563982275));
#9700=CARTESIAN_POINT('',(39.2937977005867,-2.47422115040457,2.67781563982275));
#9701=CARTESIAN_POINT('Origin',(41.0782452811626,-3.97422115040457,3.99159499391821));
#9702=CARTESIAN_POINT('',(41.0782452811626,-3.97422115040457,3.99159499391821));
#9703=CARTESIAN_POINT('',(49.126800291339,-3.97422115040456,9.91725261354884));
#9704=CARTESIAN_POINT('',(41.0782452811626,-2.47422115040457,3.99159499391821));
#9705=CARTESIAN_POINT('',(41.0782452811626,-3.97422115040457,3.99159499391821));
#9706=CARTESIAN_POINT('',(41.0782452811626,-2.47422115040457,3.99159499391821));
#9707=CARTESIAN_POINT('Origin',(42.293797819796,-3.97422115040457,2.73306795343664));
#9708=CARTESIAN_POINT('',(42.293797819796,-3.97422115040457,2.73306795343664));
#9709=CARTESIAN_POINT('',(33.1099945854453,-3.97422115040455,12.2415542899361));
#9710=CARTESIAN_POINT('',(42.293797819796,-2.47422115040457,2.73306795343664));
#9711=CARTESIAN_POINT('',(42.293797819796,-3.97422115040457,2.73306795343664));
#9712=CARTESIAN_POINT('',(42.293797819796,-2.47422115040457,2.73306795343664));
#9713=CARTESIAN_POINT('Origin',(42.293797819796,-3.97422115040457,3.27126690134313));
#9714=CARTESIAN_POINT('',(42.293797819796,-3.97422115040457,3.27126690134313));
#9715=CARTESIAN_POINT('',(42.293797819796,-3.97422115040452,20.6671865896023));
#9716=CARTESIAN_POINT('',(42.293797819796,-2.47422115040457,3.27126690134313));
#9717=CARTESIAN_POINT('',(42.293797819796,-3.97422115040457,3.27126690134313));
#9718=CARTESIAN_POINT('',(42.293797819796,-2.47422115040457,3.27126690134313));
#9719=CARTESIAN_POINT('Origin',(40.8060760189918,-3.97422115040457,4.76103492960241));
#9720=CARTESIAN_POINT('',(40.8060760189918,-3.97422115040457,4.76103492960241));
#9721=CARTESIAN_POINT('',(32.4830404385691,-3.97422115040454,13.095518096466));
#9722=CARTESIAN_POINT('',(40.8060760189918,-2.47422115040457,4.76103492960241));
#9723=CARTESIAN_POINT('',(40.8060760189918,-3.97422115040457,4.76103492960241));
#9724=CARTESIAN_POINT('',(40.8060760189918,-2.47422115040457,4.76103492960241));
#9725=CARTESIAN_POINT('Origin',(42.293797819796,-3.97422115040457,4.76103492960241));
#9726=CARTESIAN_POINT('',(42.293797819796,-3.97422115040457,4.76103492960241));
#9727=CARTESIAN_POINT('',(41.5548925157944,-3.97422115040456,4.76103492960241));
#9728=CARTESIAN_POINT('',(42.293797819796,-2.47422115040457,4.76103492960241));
#9729=CARTESIAN_POINT('',(42.293797819796,-3.97422115040457,4.76103492960241));
#9730=CARTESIAN_POINT('',(42.293797819796,-2.47422115040457,4.76103492960241));
#9731=CARTESIAN_POINT('Origin',(42.293797819796,-3.97422115040457,5.15803405031469));
#9732=CARTESIAN_POINT('',(42.293797819796,-3.97422115040457,5.15803405031469));
#9733=CARTESIAN_POINT('',(42.293797819796,-3.97422115040452,21.6105701640881));
#9734=CARTESIAN_POINT('',(42.293797819796,-2.47422115040457,5.15803405031469));
#9735=CARTESIAN_POINT('',(42.293797819796,-3.97422115040457,5.15803405031469));
#9736=CARTESIAN_POINT('',(42.293797819796,-2.47422115040457,5.15803405031469));
#9737=CARTESIAN_POINT('Origin',(39.2937977005867,-3.97422115040457,5.15803405031469));
#9738=CARTESIAN_POINT('',(39.2937977005867,-3.97422115040457,5.15803405031469));
#9739=CARTESIAN_POINT('',(40.0548924561897,-3.97422115040456,5.15803405031469));
#9740=CARTESIAN_POINT('',(39.2937977005867,-2.47422115040457,5.15803405031469));
#9741=CARTESIAN_POINT('',(39.2937977005867,-3.97422115040457,5.15803405031469));
#9742=CARTESIAN_POINT('',(39.2937977005867,-2.47422115040457,5.15803405031469));
#9743=CARTESIAN_POINT('Origin',(39.2937977005867,-3.97422115040457,4.76103492960241));
#9744=CARTESIAN_POINT('',(39.2937977005867,-3.97422115040452,21.412070603732));
#9745=CARTESIAN_POINT('',(39.2937977005867,-2.47422115040457,4.76103492960241));
#9746=CARTESIAN_POINT('Origin',(40.4029382159141,-2.47422115040457,8.21737876575347));
#9747=CARTESIAN_POINT('Ctrl Pts',(42.0011649419693,-3.97422115040457,6.64780207857397));
#9748=CARTESIAN_POINT('Ctrl Pts',(42.0011649419693,-2.47422115040457,6.64780207857397));
#9749=CARTESIAN_POINT('Ctrl Pts',(41.9918421135777,-3.97422115040457,6.7283813413166));
#9750=CARTESIAN_POINT('Ctrl Pts',(41.9918421135777,-2.47422115040457,6.7283813413166));
#9751=CARTESIAN_POINT('Ctrl Pts',(41.972998750694,-3.97422115040457,6.89124868425112));
#9752=CARTESIAN_POINT('Ctrl Pts',(41.972998750694,-2.47422115040457,6.89124868425112));
#9753=CARTESIAN_POINT('Ctrl Pts',(41.8489629613577,-3.97422115040457,6.99869824167836));
#9754=CARTESIAN_POINT('Ctrl Pts',(41.8489629613577,-2.47422115040457,6.99869824167836));
#9755=CARTESIAN_POINT('Ctrl Pts',(41.7862943698792,-3.97422115040457,7.05298670515325));
#9756=CARTESIAN_POINT('Ctrl Pts',(41.7862943698792,-2.47422115040457,7.05298670515325));
#9757=CARTESIAN_POINT('',(42.0011649419693,-3.97422115040457,6.64780207857397));
#9758=CARTESIAN_POINT('',(41.7862943698792,-3.97422115040457,7.05298670515325));
#9759=CARTESIAN_POINT('Ctrl Pts',(42.0011649419693,-3.97422115040457,6.64780207857397));
#9760=CARTESIAN_POINT('Ctrl Pts',(41.9918421135777,-3.97422115040457,6.7283813413166));
#9761=CARTESIAN_POINT('Ctrl Pts',(41.972998750694,-3.97422115040457,6.89124868425112));
#9762=CARTESIAN_POINT('Ctrl Pts',(41.8489629613577,-3.97422115040457,6.99869824167836));
#9763=CARTESIAN_POINT('Ctrl Pts',(41.7862943698792,-3.97422115040457,7.05298670515325));
#9764=CARTESIAN_POINT('',(42.0011649419693,-2.47422115040457,6.64780207857397));
#9765=CARTESIAN_POINT('',(42.0011649419693,-3.97422115040457,6.64780207857397));
#9766=CARTESIAN_POINT('',(41.7862943698792,-2.47422115040457,7.05298670515325));
#9767=CARTESIAN_POINT('Ctrl Pts',(42.0011649419693,-2.47422115040457,6.64780207857397));
#9768=CARTESIAN_POINT('Ctrl Pts',(41.9918421135777,-2.47422115040457,6.7283813413166));
#9769=CARTESIAN_POINT('Ctrl Pts',(41.972998750694,-2.47422115040457,6.89124868425112));
#9770=CARTESIAN_POINT('Ctrl Pts',(41.8489629613577,-2.47422115040457,6.99869824167835));
#9771=CARTESIAN_POINT('Ctrl Pts',(41.7862943698792,-2.47422115040457,7.05298670515325));
#9772=CARTESIAN_POINT('',(41.7862943698792,-3.97422115040457,7.05298670515325));
#9773=CARTESIAN_POINT('Ctrl Pts',(41.7576450993446,-3.97422115040457,6.21703811868932));
#9774=CARTESIAN_POINT('Ctrl Pts',(41.7576450993446,-2.47422115040457,6.21703811868932));
#9775=CARTESIAN_POINT('Ctrl Pts',(41.8286315230188,-3.97422115040457,6.27619007886244));
#9776=CARTESIAN_POINT('Ctrl Pts',(41.8286315230188,-2.47422115040457,6.27619007886244));
#9777=CARTESIAN_POINT('Ctrl Pts',(41.9646825010158,-3.97422115040457,6.38955939112603));
#9778=CARTESIAN_POINT('Ctrl Pts',(41.9646825010158,-2.47422115040457,6.38955939112603));
#9779=CARTESIAN_POINT('Ctrl Pts',(41.9893622048367,-3.97422115040457,6.5642558443666));
#9780=CARTESIAN_POINT('Ctrl Pts',(41.9893622048367,-2.47422115040457,6.5642558443666));
#9781=CARTESIAN_POINT('Ctrl Pts',(42.0011649419693,-3.97422115040457,6.64780207857397));
#9782=CARTESIAN_POINT('Ctrl Pts',(42.0011649419693,-2.47422115040457,6.64780207857397));
#9783=CARTESIAN_POINT('',(41.7576450993446,-3.97422115040457,6.21703811868932));
#9784=CARTESIAN_POINT('Ctrl Pts',(41.7576450993446,-3.97422115040457,6.21703811868932));
#9785=CARTESIAN_POINT('Ctrl Pts',(41.8286315230188,-3.97422115040457,6.27619007886244));
#9786=CARTESIAN_POINT('Ctrl Pts',(41.9646825010158,-3.97422115040457,6.38955939112603));
#9787=CARTESIAN_POINT('Ctrl Pts',(41.9893622048367,-3.97422115040457,6.5642558443666));
#9788=CARTESIAN_POINT('Ctrl Pts',(42.0011649419693,-3.97422115040457,6.64780207857397));
#9789=CARTESIAN_POINT('',(41.7576450993446,-2.47422115040457,6.21703811868932));
#9790=CARTESIAN_POINT('',(41.7576450993446,-3.97422115040457,6.21703811868932));
#9791=CARTESIAN_POINT('Ctrl Pts',(41.7576450993446,-2.47422115040457,6.21703811868932));
#9792=CARTESIAN_POINT('Ctrl Pts',(41.8286315230188,-2.47422115040457,6.27619007886244));
#9793=CARTESIAN_POINT('Ctrl Pts',(41.9646825010158,-2.47422115040457,6.38955939112603));
#9794=CARTESIAN_POINT('Ctrl Pts',(41.9893622048367,-2.47422115040457,6.5642558443666));
#9795=CARTESIAN_POINT('Ctrl Pts',(42.0011649419693,-2.47422115040457,6.64780207857397));
#9796=CARTESIAN_POINT('Ctrl Pts',(40.7733339955238,-3.97422115040457,6.04411908373144));
#9797=CARTESIAN_POINT('Ctrl Pts',(40.7733339955238,-2.47422115040457,6.04411908373144));
#9798=CARTESIAN_POINT('Ctrl Pts',(40.9822633590152,-3.97422115040457,6.04194994190632));
#9799=CARTESIAN_POINT('Ctrl Pts',(40.9822633590152,-2.47422115040457,6.04194994190632));
#9800=CARTESIAN_POINT('Ctrl Pts',(41.3230544559736,-3.97422115040457,6.03841178810309));
#9801=CARTESIAN_POINT('Ctrl Pts',(41.3230544559736,-2.47422115040457,6.03841178810309));
#9802=CARTESIAN_POINT('Ctrl Pts',(41.6364020391225,-3.97422115040457,6.16720454935949));
#9803=CARTESIAN_POINT('Ctrl Pts',(41.6364020391225,-2.47422115040457,6.16720454935949));
#9804=CARTESIAN_POINT('Ctrl Pts',(41.7576450993446,-3.97422115040457,6.21703811868932));
#9805=CARTESIAN_POINT('Ctrl Pts',(41.7576450993446,-2.47422115040457,6.21703811868932));
#9806=CARTESIAN_POINT('',(40.7733339955238,-3.97422115040457,6.04411908373144));
#9807=CARTESIAN_POINT('Ctrl Pts',(40.7733339955238,-3.97422115040457,6.04411908373144));
#9808=CARTESIAN_POINT('Ctrl Pts',(40.9822633590152,-3.97422115040457,6.04194994190632));
#9809=CARTESIAN_POINT('Ctrl Pts',(41.3230544559736,-3.97422115040457,6.03841178810309));
#9810=CARTESIAN_POINT('Ctrl Pts',(41.6364020391225,-3.97422115040457,6.16720454935949));
#9811=CARTESIAN_POINT('Ctrl Pts',(41.7576450993446,-3.97422115040457,6.21703811868932));
#9812=CARTESIAN_POINT('',(40.7733339955238,-2.47422115040457,6.04411908373144));
#9813=CARTESIAN_POINT('',(40.7733339955238,-3.97422115040457,6.04411908373144));
#9814=CARTESIAN_POINT('Ctrl Pts',(40.7733339955238,-2.47422115040457,6.04411908373144));
#9815=CARTESIAN_POINT('Ctrl Pts',(40.9822633590152,-2.47422115040457,6.04194994190632));
#9816=CARTESIAN_POINT('Ctrl Pts',(41.3230544559736,-2.47422115040457,6.03841178810309));
#9817=CARTESIAN_POINT('Ctrl Pts',(41.6364020391225,-2.47422115040457,6.16720454935949));
#9818=CARTESIAN_POINT('Ctrl Pts',(41.7576450993446,-2.47422115040457,6.21703811868932));
#9819=CARTESIAN_POINT('Ctrl Pts',(39.7910691191582,-3.97422115040457,6.21703811868932));
#9820=CARTESIAN_POINT('Ctrl Pts',(39.7910691191582,-2.47422115040457,6.21703811868932));
#9821=CARTESIAN_POINT('Ctrl Pts',(39.9124806062975,-3.97422115040457,6.16719229318906));
#9822=CARTESIAN_POINT('Ctrl Pts',(39.9124806062975,-2.47422115040457,6.16719229318906));
#9823=CARTESIAN_POINT('Ctrl Pts',(40.2252326531531,-3.97422115040457,6.03879106592685));
#9824=CARTESIAN_POINT('Ctrl Pts',(40.2252326531531,-2.47422115040457,6.03879106592685));
#9825=CARTESIAN_POINT('Ctrl Pts',(40.5652888540891,-3.97422115040457,6.04209670551042));
#9826=CARTESIAN_POINT('Ctrl Pts',(40.5652888540891,-2.47422115040457,6.04209670551042));
#9827=CARTESIAN_POINT('Ctrl Pts',(40.7733339955238,-3.97422115040457,6.04411908373144));
#9828=CARTESIAN_POINT('Ctrl Pts',(40.7733339955238,-2.47422115040457,6.04411908373144));
#9829=CARTESIAN_POINT('',(39.7910691191582,-3.97422115040457,6.21703811868932));
#9830=CARTESIAN_POINT('Ctrl Pts',(39.7910691191582,-3.97422115040457,6.21703811868932));
#9831=CARTESIAN_POINT('Ctrl Pts',(39.9124806062975,-3.97422115040457,6.16719229318906));
#9832=CARTESIAN_POINT('Ctrl Pts',(40.2252326531531,-3.97422115040457,6.03879106592685));
#9833=CARTESIAN_POINT('Ctrl Pts',(40.5652888540891,-3.97422115040457,6.04209670551042));
#9834=CARTESIAN_POINT('Ctrl Pts',(40.7733339955238,-3.97422115040457,6.04411908373144));
#9835=CARTESIAN_POINT('',(39.7910691191582,-2.47422115040457,6.21703811868932));
#9836=CARTESIAN_POINT('',(39.7910691191582,-3.97422115040457,6.21703811868932));
#9837=CARTESIAN_POINT('Ctrl Pts',(39.7910691191582,-2.47422115040457,6.21703811868932));
#9838=CARTESIAN_POINT('Ctrl Pts',(39.9124806062975,-2.47422115040457,6.16719229318906));
#9839=CARTESIAN_POINT('Ctrl Pts',(40.2252326531531,-2.47422115040457,6.03879106592685));
#9840=CARTESIAN_POINT('Ctrl Pts',(40.5652888540891,-2.47422115040457,6.04209670551042));
#9841=CARTESIAN_POINT('Ctrl Pts',(40.7733339955238,-2.47422115040457,6.04411908373144));
#9842=CARTESIAN_POINT('Ctrl Pts',(39.5455030490784,-3.97422115040457,6.64370962366369));
#9843=CARTESIAN_POINT('Ctrl Pts',(39.5455030490784,-2.47422115040457,6.64370962366369));
#9844=CARTESIAN_POINT('Ctrl Pts',(39.5576334316651,-3.97422115040457,6.56120754613934));
#9845=CARTESIAN_POINT('Ctrl Pts',(39.5576334316651,-2.47422115040457,6.56120754613934));
#9846=CARTESIAN_POINT('Ctrl Pts',(39.5831697156869,-3.97422115040457,6.38752823561523));
#9847=CARTESIAN_POINT('Ctrl Pts',(39.5831697156869,-2.47422115040457,6.38752823561523));
#9848=CARTESIAN_POINT('Ctrl Pts',(39.7194994607363,-3.97422115040457,6.27572957825566));
#9849=CARTESIAN_POINT('Ctrl Pts',(39.7194994607363,-2.47422115040457,6.27572957825566));
#9850=CARTESIAN_POINT('Ctrl Pts',(39.7910691191582,-3.97422115040457,6.21703811868932));
#9851=CARTESIAN_POINT('Ctrl Pts',(39.7910691191582,-2.47422115040457,6.21703811868932));
#9852=CARTESIAN_POINT('',(39.5455030490784,-3.97422115040457,6.64370962366369));
#9853=CARTESIAN_POINT('Ctrl Pts',(39.5455030490784,-3.97422115040457,6.64370962366369));
#9854=CARTESIAN_POINT('Ctrl Pts',(39.5576334316651,-3.97422115040457,6.56120754613934));
#9855=CARTESIAN_POINT('Ctrl Pts',(39.5831697156869,-3.97422115040457,6.38752823561523));
#9856=CARTESIAN_POINT('Ctrl Pts',(39.7194994607363,-3.97422115040457,6.27572957825566));
#9857=CARTESIAN_POINT('Ctrl Pts',(39.7910691191582,-3.97422115040457,6.21703811868932));
#9858=CARTESIAN_POINT('',(39.5455030490784,-2.47422115040457,6.64370962366369));
#9859=CARTESIAN_POINT('',(39.5455030490784,-3.97422115040457,6.64370962366369));
#9860=CARTESIAN_POINT('Ctrl Pts',(39.5455030490784,-2.47422115040457,6.64370962366369));
#9861=CARTESIAN_POINT('Ctrl Pts',(39.5576334316651,-2.47422115040457,6.56120754613934));
#9862=CARTESIAN_POINT('Ctrl Pts',(39.5831697156869,-2.47422115040457,6.38752823561523));
#9863=CARTESIAN_POINT('Ctrl Pts',(39.7194994607363,-2.47422115040457,6.27572957825566));
#9864=CARTESIAN_POINT('Ctrl Pts',(39.7910691191582,-2.47422115040457,6.21703811868932));
#9865=CARTESIAN_POINT('Ctrl Pts',(39.7900460054306,-3.97422115040457,7.07038053259161));
#9866=CARTESIAN_POINT('Ctrl Pts',(39.7900460054306,-2.47422115040457,7.07038053259161));
#9867=CARTESIAN_POINT('Ctrl Pts',(39.7187727035977,-3.97422115040457,7.01164597128505));
#9868=CARTESIAN_POINT('Ctrl Pts',(39.7187727035977,-2.47422115040457,7.01164597128505));
#9869=CARTESIAN_POINT('Ctrl Pts',(39.5828966309643,-3.97422115040457,6.89967386794546));
#9870=CARTESIAN_POINT('Ctrl Pts',(39.5828966309643,-2.47422115040457,6.89967386794546));
#9871=CARTESIAN_POINT('Ctrl Pts',(39.5575528442518,-3.97422115040457,6.72619213964009));
#9872=CARTESIAN_POINT('Ctrl Pts',(39.5575528442518,-2.47422115040457,6.72619213964009));
#9873=CARTESIAN_POINT('Ctrl Pts',(39.5455030490784,-3.97422115040457,6.64370962366369));
#9874=CARTESIAN_POINT('Ctrl Pts',(39.5455030490784,-2.47422115040457,6.64370962366369));
#9875=CARTESIAN_POINT('',(39.7900460054306,-3.97422115040457,7.07038053259161));
#9876=CARTESIAN_POINT('Ctrl Pts',(39.7900460054306,-3.97422115040457,7.07038053259161));
#9877=CARTESIAN_POINT('Ctrl Pts',(39.7187727035977,-3.97422115040457,7.01164597128505));
#9878=CARTESIAN_POINT('Ctrl Pts',(39.5828966309643,-3.97422115040457,6.89967386794546));
#9879=CARTESIAN_POINT('Ctrl Pts',(39.5575528442518,-3.97422115040457,6.72619213964009));
#9880=CARTESIAN_POINT('Ctrl Pts',(39.5455030490784,-3.97422115040457,6.64370962366369));
#9881=CARTESIAN_POINT('',(39.7900460054306,-2.47422115040457,7.07038053259161));
#9882=CARTESIAN_POINT('',(39.7900460054306,-3.97422115040457,7.07038053259161));
#9883=CARTESIAN_POINT('Ctrl Pts',(39.7900460054306,-2.47422115040457,7.07038053259161));
#9884=CARTESIAN_POINT('Ctrl Pts',(39.7187727035977,-2.47422115040457,7.01164597128505));
#9885=CARTESIAN_POINT('Ctrl Pts',(39.5828966309643,-2.47422115040457,6.89967386794546));
#9886=CARTESIAN_POINT('Ctrl Pts',(39.5575528442518,-2.47422115040457,6.72619213964009));
#9887=CARTESIAN_POINT('Ctrl Pts',(39.5455030490784,-2.47422115040457,6.64370962366369));
#9888=CARTESIAN_POINT('Ctrl Pts',(40.7733339955238,-3.97422115040457,7.24330016359594));
#9889=CARTESIAN_POINT('Ctrl Pts',(40.7733339955238,-2.47422115040457,7.24330016359594));
#9890=CARTESIAN_POINT('Ctrl Pts',(40.5648466276762,-3.97422115040457,7.24539596351305));
#9891=CARTESIAN_POINT('Ctrl Pts',(40.5648466276762,-2.47422115040457,7.24539596351305));
#9892=CARTESIAN_POINT('Ctrl Pts',(40.2244228652733,-3.97422115040457,7.24881804179239));
#9893=CARTESIAN_POINT('Ctrl Pts',(40.2244228652733,-2.47422115040457,7.24881804179239));
#9894=CARTESIAN_POINT('Ctrl Pts',(39.9113731663303,-3.97422115040457,7.1202204720331));
#9895=CARTESIAN_POINT('Ctrl Pts',(39.9113731663303,-2.47422115040457,7.1202204720331));
#9896=CARTESIAN_POINT('Ctrl Pts',(39.7900460054306,-3.97422115040457,7.07038053259161));
#9897=CARTESIAN_POINT('Ctrl Pts',(39.7900460054306,-2.47422115040457,7.07038053259161));
#9898=CARTESIAN_POINT('',(40.7733339955238,-3.97422115040457,7.24330016359594));
#9899=CARTESIAN_POINT('Ctrl Pts',(40.7733339955238,-3.97422115040457,7.24330016359594));
#9900=CARTESIAN_POINT('Ctrl Pts',(40.5648466276762,-3.97422115040457,7.24539596351305));
#9901=CARTESIAN_POINT('Ctrl Pts',(40.2244228652733,-3.97422115040457,7.24881804179239));
#9902=CARTESIAN_POINT('Ctrl Pts',(39.9113731663303,-3.97422115040457,7.1202204720331));
#9903=CARTESIAN_POINT('Ctrl Pts',(39.7900460054306,-3.97422115040457,7.07038053259161));
#9904=CARTESIAN_POINT('',(40.7733339955238,-2.47422115040457,7.24330016359594));
#9905=CARTESIAN_POINT('',(40.7733339955238,-3.97422115040457,7.24330016359594));
#9906=CARTESIAN_POINT('Ctrl Pts',(40.7733339955238,-2.47422115040457,7.24330016359594));
#9907=CARTESIAN_POINT('Ctrl Pts',(40.5648466276762,-2.47422115040457,7.24539596351305));
#9908=CARTESIAN_POINT('Ctrl Pts',(40.2244228652733,-2.47422115040457,7.24881804179239));
#9909=CARTESIAN_POINT('Ctrl Pts',(39.9113731663303,-2.47422115040457,7.1202204720331));
#9910=CARTESIAN_POINT('Ctrl Pts',(39.7900460054306,-2.47422115040457,7.07038053259161));
#9911=CARTESIAN_POINT('Ctrl Pts',(41.7862943698792,-3.97422115040457,7.05298670515325));
#9912=CARTESIAN_POINT('Ctrl Pts',(41.7862943698792,-2.47422115040457,7.05298670515325));
#9913=CARTESIAN_POINT('Ctrl Pts',(41.6577815274181,-3.97422115040457,7.1079622565643));
#9914=CARTESIAN_POINT('Ctrl Pts',(41.6577815274181,-2.47422115040457,7.1079622565643));
#9915=CARTESIAN_POINT('Ctrl Pts',(41.3361934725746,-3.97422115040457,7.24553201460296));
#9916=CARTESIAN_POINT('Ctrl Pts',(41.3361934725746,-2.47422115040457,7.24553201460296));
#9917=CARTESIAN_POINT('Ctrl Pts',(40.9844899493163,-3.97422115040457,7.24413743941224));
#9918=CARTESIAN_POINT('Ctrl Pts',(40.9844899493163,-2.47422115040457,7.24413743941224));
#9919=CARTESIAN_POINT('Ctrl Pts',(40.7733339955238,-3.97422115040457,7.24330016359594));
#9920=CARTESIAN_POINT('Ctrl Pts',(40.7733339955238,-2.47422115040457,7.24330016359594));
#9921=CARTESIAN_POINT('Ctrl Pts',(41.7862943698792,-3.97422115040457,7.05298670515325));
#9922=CARTESIAN_POINT('Ctrl Pts',(41.6577815274181,-3.97422115040457,7.1079622565643));
#9923=CARTESIAN_POINT('Ctrl Pts',(41.3361934725746,-3.97422115040457,7.24553201460296));
#9924=CARTESIAN_POINT('Ctrl Pts',(40.9844899493163,-3.97422115040457,7.24413743941224));
#9925=CARTESIAN_POINT('Ctrl Pts',(40.7733339955238,-3.97422115040457,7.24330016359594));
#9926=CARTESIAN_POINT('Ctrl Pts',(41.7862943698792,-2.47422115040457,7.05298670515325));
#9927=CARTESIAN_POINT('Ctrl Pts',(41.6577815274181,-2.47422115040457,7.1079622565643));
#9928=CARTESIAN_POINT('Ctrl Pts',(41.3361934725746,-2.47422115040457,7.24553201460296));
#9929=CARTESIAN_POINT('Ctrl Pts',(40.9844899493163,-2.47422115040457,7.24413743941224));
#9930=CARTESIAN_POINT('Ctrl Pts',(40.7733339955238,-2.47422115040457,7.24330016359594));
#9931=CARTESIAN_POINT('Ctrl Pts',(39.2426381399063,-3.97422115040457,6.64370962366369));
#9932=CARTESIAN_POINT('Ctrl Pts',(39.2426381399063,-2.47422115040457,6.64370962366369));
#9933=CARTESIAN_POINT('Ctrl Pts',(39.2542306871224,-3.97422115040457,6.77944870923444));
#9934=CARTESIAN_POINT('Ctrl Pts',(39.2542306871224,-2.47422115040457,6.77944870923444));
#9935=CARTESIAN_POINT('Ctrl Pts',(39.2768416136281,-3.97422115040457,7.04420385153359));
#9936=CARTESIAN_POINT('Ctrl Pts',(39.2768416136281,-2.47422115040457,7.04420385153359));
#9937=CARTESIAN_POINT('Ctrl Pts',(39.4629818176972,-3.97422115040457,7.23310410154541));
#9938=CARTESIAN_POINT('Ctrl Pts',(39.4629818176972,-2.47422115040457,7.23310410154541));
#9939=CARTESIAN_POINT('Ctrl Pts',(39.5536885549454,-3.97422115040457,7.32515581831243));
#9940=CARTESIAN_POINT('Ctrl Pts',(39.5536885549454,-2.47422115040457,7.32515581831243));
#9941=CARTESIAN_POINT('',(39.2426381399063,-3.97422115040457,6.64370962366369));
#9942=CARTESIAN_POINT('',(39.5536885549454,-3.97422115040457,7.32515581831243));
#9943=CARTESIAN_POINT('Ctrl Pts',(39.2426381399063,-3.97422115040457,6.64370962366369));
#9944=CARTESIAN_POINT('Ctrl Pts',(39.2542306871224,-3.97422115040457,6.77944870923444));
#9945=CARTESIAN_POINT('Ctrl Pts',(39.2768416136281,-3.97422115040457,7.04420385153359));
#9946=CARTESIAN_POINT('Ctrl Pts',(39.4629818176972,-3.97422115040457,7.23310410154541));
#9947=CARTESIAN_POINT('Ctrl Pts',(39.5536885549454,-3.97422115040457,7.32515581831243));
#9948=CARTESIAN_POINT('',(39.2426381399063,-2.47422115040457,6.64370962366369));
#9949=CARTESIAN_POINT('',(39.2426381399063,-3.97422115040457,6.64370962366369));
#9950=CARTESIAN_POINT('',(39.5536885549454,-2.47422115040457,7.32515581831243));
#9951=CARTESIAN_POINT('Ctrl Pts',(39.2426381399063,-2.47422115040457,6.64370962366369));
#9952=CARTESIAN_POINT('Ctrl Pts',(39.2542306871223,-2.47422115040457,6.77944870923444));
#9953=CARTESIAN_POINT('Ctrl Pts',(39.276841613628,-2.47422115040457,7.04420385153359));
#9954=CARTESIAN_POINT('Ctrl Pts',(39.4629818176972,-2.47422115040457,7.23310410154541));
#9955=CARTESIAN_POINT('Ctrl Pts',(39.5536885549454,-2.47422115040457,7.32515581831243));
#9956=CARTESIAN_POINT('',(39.5536885549454,-3.97422115040457,7.32515581831243));
#9957=CARTESIAN_POINT('Ctrl Pts',(39.4196502258209,-3.97422115040457,6.09834858164098));
#9958=CARTESIAN_POINT('Ctrl Pts',(39.4196502258209,-2.47422115040457,6.09834858164098));
#9959=CARTESIAN_POINT('Ctrl Pts',(39.3680503721428,-3.97422115040457,6.17732734694109));
#9960=CARTESIAN_POINT('Ctrl Pts',(39.3680503721428,-2.47422115040457,6.17732734694109));
#9961=CARTESIAN_POINT('Ctrl Pts',(39.2599733720503,-3.97422115040457,6.34275006456927));
#9962=CARTESIAN_POINT('Ctrl Pts',(39.2599733720503,-2.47422115040457,6.34275006456927));
#9963=CARTESIAN_POINT('Ctrl Pts',(39.2485878194781,-3.97422115040457,6.54041634637712));
#9964=CARTESIAN_POINT('Ctrl Pts',(39.2485878194781,-2.47422115040457,6.54041634637712));
#9965=CARTESIAN_POINT('Ctrl Pts',(39.2426381399063,-3.97422115040457,6.64370962366369));
#9966=CARTESIAN_POINT('Ctrl Pts',(39.2426381399063,-2.47422115040457,6.64370962366369));
#9967=CARTESIAN_POINT('',(39.4196502258209,-3.97422115040457,6.09834858164098));
#9968=CARTESIAN_POINT('Ctrl Pts',(39.4196502258209,-3.97422115040457,6.09834858164098));
#9969=CARTESIAN_POINT('Ctrl Pts',(39.3680503721428,-3.97422115040457,6.17732734694109));
#9970=CARTESIAN_POINT('Ctrl Pts',(39.2599733720503,-3.97422115040457,6.34275006456927));
#9971=CARTESIAN_POINT('Ctrl Pts',(39.2485878194781,-3.97422115040457,6.54041634637712));
#9972=CARTESIAN_POINT('Ctrl Pts',(39.2426381399063,-3.97422115040457,6.64370962366369));
#9973=CARTESIAN_POINT('',(39.4196502258209,-2.47422115040457,6.09834858164098));
#9974=CARTESIAN_POINT('',(39.4196502258209,-3.97422115040457,6.09834858164098));
#9975=CARTESIAN_POINT('Ctrl Pts',(39.4196502258209,-2.47422115040457,6.09834858164098));
#9976=CARTESIAN_POINT('Ctrl Pts',(39.3680503721428,-2.47422115040457,6.17732734694109));
#9977=CARTESIAN_POINT('Ctrl Pts',(39.2599733720503,-2.47422115040457,6.34275006456927));
#9978=CARTESIAN_POINT('Ctrl Pts',(39.2485878194781,-2.47422115040457,6.54041634637712));
#9979=CARTESIAN_POINT('Ctrl Pts',(39.2426381399063,-2.47422115040457,6.64370962366369));
#9980=CARTESIAN_POINT('Ctrl Pts',(39.9210146953491,-3.97422115040457,5.77399560198095));
#9981=CARTESIAN_POINT('Ctrl Pts',(39.9210146953491,-2.47422115040457,5.77399560198095));
#9982=CARTESIAN_POINT('Ctrl Pts',(39.8208353434243,-3.97422115040457,5.81250404224727));
#9983=CARTESIAN_POINT('Ctrl Pts',(39.8208353434243,-2.47422115040457,5.81250404224727));
#9984=CARTESIAN_POINT('Ctrl Pts',(39.6306746718778,-3.97422115040457,5.88560085032747));
#9985=CARTESIAN_POINT('Ctrl Pts',(39.6306746718778,-2.47422115040457,5.88560085032747));
#9986=CARTESIAN_POINT('Ctrl Pts',(39.4874310609947,-3.97422115040457,6.03001422901405));
#9987=CARTESIAN_POINT('Ctrl Pts',(39.4874310609947,-2.47422115040457,6.03001422901405));
#9988=CARTESIAN_POINT('Ctrl Pts',(39.4196502258209,-3.97422115040457,6.09834858164098));
#9989=CARTESIAN_POINT('Ctrl Pts',(39.4196502258209,-2.47422115040457,6.09834858164098));
#9990=CARTESIAN_POINT('',(39.9210146953491,-3.97422115040457,5.77399560198095));
#9991=CARTESIAN_POINT('Ctrl Pts',(39.9210146953491,-3.97422115040457,5.77399560198095));
#9992=CARTESIAN_POINT('Ctrl Pts',(39.8208353434243,-3.97422115040457,5.81250404224727));
#9993=CARTESIAN_POINT('Ctrl Pts',(39.6306746718778,-3.97422115040457,5.88560085032747));
#9994=CARTESIAN_POINT('Ctrl Pts',(39.4874310609947,-3.97422115040457,6.03001422901405));
#9995=CARTESIAN_POINT('Ctrl Pts',(39.4196502258209,-3.97422115040457,6.09834858164098));
#9996=CARTESIAN_POINT('',(39.9210146953491,-2.47422115040457,5.77399560198095));
#9997=CARTESIAN_POINT('',(39.9210146953491,-3.97422115040457,5.77399560198095));
#9998=CARTESIAN_POINT('Ctrl Pts',(39.9210146953491,-2.47422115040457,5.77399560198095));
#9999=CARTESIAN_POINT('Ctrl Pts',(39.8208353434243,-2.47422115040457,5.81250404224727));
#10000=CARTESIAN_POINT('Ctrl Pts',(39.6306746718778,-2.47422115040457,5.88560085032747));
#10001=CARTESIAN_POINT('Ctrl Pts',(39.4874310609947,-2.47422115040457,6.03001422901405));
#10002=CARTESIAN_POINT('Ctrl Pts',(39.4196502258209,-2.47422115040457,6.09834858164098));
#10003=CARTESIAN_POINT('Ctrl Pts',(40.7733339955238,-3.97422115040457,5.66553779825475));
#10004=CARTESIAN_POINT('Ctrl Pts',(40.7733339955238,-2.47422115040457,5.66553779825475));
#10005=CARTESIAN_POINT('Ctrl Pts',(40.6133816846016,-3.97422115040457,5.66772699352179));
#10006=CARTESIAN_POINT('Ctrl Pts',(40.6133816846016,-2.47422115040457,5.66772699352179));
#10007=CARTESIAN_POINT('Ctrl Pts',(40.3248971296453,-3.97422115040457,5.67167535174606));
#10008=CARTESIAN_POINT('Ctrl Pts',(40.3248971296453,-2.47422115040457,5.67167535174606));
#10009=CARTESIAN_POINT('Ctrl Pts',(40.0454986867176,-3.97422115040457,5.74245861976666));
#10010=CARTESIAN_POINT('Ctrl Pts',(40.0454986867176,-2.47422115040457,5.74245861976666));
#10011=CARTESIAN_POINT('Ctrl Pts',(39.9210146953491,-3.97422115040457,5.77399560198095));
#10012=CARTESIAN_POINT('Ctrl Pts',(39.9210146953491,-2.47422115040457,5.77399560198095));
#10013=CARTESIAN_POINT('',(40.7733339955238,-3.97422115040457,5.66553779825475));
#10014=CARTESIAN_POINT('Ctrl Pts',(40.7733339955238,-3.97422115040457,5.66553779825475));
#10015=CARTESIAN_POINT('Ctrl Pts',(40.6133816846016,-3.97422115040457,5.66772699352179));
#10016=CARTESIAN_POINT('Ctrl Pts',(40.3248971296453,-3.97422115040457,5.67167535174606));
#10017=CARTESIAN_POINT('Ctrl Pts',(40.0454986867176,-3.97422115040457,5.74245861976666));
#10018=CARTESIAN_POINT('Ctrl Pts',(39.9210146953491,-3.97422115040457,5.77399560198095));
#10019=CARTESIAN_POINT('',(40.7733339955238,-2.47422115040457,5.66553779825475));
#10020=CARTESIAN_POINT('',(40.7733339955238,-3.97422115040457,5.66553779825475));
#10021=CARTESIAN_POINT('Ctrl Pts',(40.7733339955238,-2.47422115040457,5.66553779825475));
#10022=CARTESIAN_POINT('Ctrl Pts',(40.6133816846016,-2.47422115040457,5.66772699352179));
#10023=CARTESIAN_POINT('Ctrl Pts',(40.3248971296453,-2.47422115040457,5.67167535174606));
#10024=CARTESIAN_POINT('Ctrl Pts',(40.0454986867176,-2.47422115040457,5.74245861976666));
#10025=CARTESIAN_POINT('Ctrl Pts',(39.9210146953491,-2.47422115040457,5.77399560198095));
#10026=CARTESIAN_POINT('Ctrl Pts',(41.4824061979679,-3.97422115040457,5.73306866869237));
#10027=CARTESIAN_POINT('Ctrl Pts',(41.4824061979679,-2.47422115040457,5.73306866869237));
#10028=CARTESIAN_POINT('Ctrl Pts',(41.3797713579311,-3.97422115040457,5.71344790215543));
#10029=CARTESIAN_POINT('Ctrl Pts',(41.3797713579311,-2.47422115040457,5.71344790215543));
#10030=CARTESIAN_POINT('Ctrl Pts',(41.1456984391523,-3.97422115040457,5.66870003593053));
#10031=CARTESIAN_POINT('Ctrl Pts',(41.1456984391523,-2.47422115040457,5.66870003593053));
#10032=CARTESIAN_POINT('Ctrl Pts',(40.9072365795619,-3.97422115040457,5.66667494172635));
#10033=CARTESIAN_POINT('Ctrl Pts',(40.9072365795619,-2.47422115040457,5.66667494172635));
#10034=CARTESIAN_POINT('Ctrl Pts',(40.7733339955238,-3.97422115040457,5.66553779825475));
#10035=CARTESIAN_POINT('Ctrl Pts',(40.7733339955238,-2.47422115040457,5.66553779825475));
#10036=CARTESIAN_POINT('',(41.4824061979679,-3.97422115040457,5.73306866869237));
#10037=CARTESIAN_POINT('Ctrl Pts',(41.4824061979679,-3.97422115040457,5.73306866869237));
#10038=CARTESIAN_POINT('Ctrl Pts',(41.3797713579311,-3.97422115040457,5.71344790215543));
#10039=CARTESIAN_POINT('Ctrl Pts',(41.1456984391523,-3.97422115040457,5.66870003593053));
#10040=CARTESIAN_POINT('Ctrl Pts',(40.9072365795619,-3.97422115040457,5.66667494172635));
#10041=CARTESIAN_POINT('Ctrl Pts',(40.7733339955238,-3.97422115040457,5.66553779825475));
#10042=CARTESIAN_POINT('',(41.4824061979679,-2.47422115040457,5.73306866869237));
#10043=CARTESIAN_POINT('',(41.4824061979679,-3.97422115040457,5.73306866869237));
#10044=CARTESIAN_POINT('Ctrl Pts',(41.4824061979679,-2.47422115040457,5.73306866869237));
#10045=CARTESIAN_POINT('Ctrl Pts',(41.3797713579311,-2.47422115040457,5.71344790215543));
#10046=CARTESIAN_POINT('Ctrl Pts',(41.1456984391523,-2.47422115040457,5.66870003593053));
#10047=CARTESIAN_POINT('Ctrl Pts',(40.9072365795619,-2.47422115040457,5.66667494172635));
#10048=CARTESIAN_POINT('Ctrl Pts',(40.7733339955238,-2.47422115040457,5.66553779825475));
#10049=CARTESIAN_POINT('Ctrl Pts',(41.9285182048706,-3.97422115040457,5.91928907617834));
#10050=CARTESIAN_POINT('Ctrl Pts',(41.9285182048706,-2.47422115040457,5.91928907617834));
#10051=CARTESIAN_POINT('Ctrl Pts',(41.8619487612617,-3.97422115040457,5.88131170232157));
#10052=CARTESIAN_POINT('Ctrl Pts',(41.8619487612617,-2.47422115040457,5.88131170232157));
#10053=CARTESIAN_POINT('Ctrl Pts',(41.7209965977522,-3.97422115040457,5.80089953843205));
#10054=CARTESIAN_POINT('Ctrl Pts',(41.7209965977522,-2.47422115040457,5.80089953843205));
#10055=CARTESIAN_POINT('Ctrl Pts',(41.5648220267322,-3.97422115040457,5.75649935722995));
#10056=CARTESIAN_POINT('Ctrl Pts',(41.5648220267322,-2.47422115040457,5.75649935722995));
#10057=CARTESIAN_POINT('Ctrl Pts',(41.4824061979679,-3.97422115040457,5.73306866869237));
#10058=CARTESIAN_POINT('Ctrl Pts',(41.4824061979679,-2.47422115040457,5.73306866869237));
#10059=CARTESIAN_POINT('',(41.9285182048706,-3.97422115040457,5.91928907617834));
#10060=CARTESIAN_POINT('Ctrl Pts',(41.9285182048706,-3.97422115040457,5.91928907617834));
#10061=CARTESIAN_POINT('Ctrl Pts',(41.8619487612617,-3.97422115040457,5.88131170232157));
#10062=CARTESIAN_POINT('Ctrl Pts',(41.7209965977522,-3.97422115040457,5.80089953843205));
#10063=CARTESIAN_POINT('Ctrl Pts',(41.5648220267322,-3.97422115040457,5.75649935722995));
#10064=CARTESIAN_POINT('Ctrl Pts',(41.4824061979679,-3.97422115040457,5.73306866869237));
#10065=CARTESIAN_POINT('',(41.9285182048706,-2.47422115040457,5.91928907617834));
#10066=CARTESIAN_POINT('',(41.9285182048706,-3.97422115040457,5.91928907617834));
#10067=CARTESIAN_POINT('Ctrl Pts',(41.9285182048706,-2.47422115040457,5.91928907617834));
#10068=CARTESIAN_POINT('Ctrl Pts',(41.8619487612617,-2.47422115040457,5.88131170232157));
#10069=CARTESIAN_POINT('Ctrl Pts',(41.7209965977522,-2.47422115040457,5.80089953843205));
#10070=CARTESIAN_POINT('Ctrl Pts',(41.5648220267322,-2.47422115040457,5.75649935722995));
#10071=CARTESIAN_POINT('Ctrl Pts',(41.4824061979679,-2.47422115040457,5.73306866869237));
#10072=CARTESIAN_POINT('Ctrl Pts',(42.2088728238968,-3.97422115040457,6.22010775789526));
#10073=CARTESIAN_POINT('Ctrl Pts',(42.2088728238968,-2.47422115040457,6.22010775789526));
#10074=CARTESIAN_POINT('Ctrl Pts',(42.172456888085,-3.97422115040457,6.16176224962874));
#10075=CARTESIAN_POINT('Ctrl Pts',(42.172456888085,-2.47422115040457,6.16176224962874));
#10076=CARTESIAN_POINT('Ctrl Pts',(42.098547642543,-3.97422115040457,6.04334506768318));
#10077=CARTESIAN_POINT('Ctrl Pts',(42.098547642543,-2.47422115040457,6.04334506768318));
#10078=CARTESIAN_POINT('Ctrl Pts',(41.9857428022268,-3.97422115040457,5.96104098843936));
#10079=CARTESIAN_POINT('Ctrl Pts',(41.9857428022268,-2.47422115040457,5.96104098843936));
#10080=CARTESIAN_POINT('Ctrl Pts',(41.9285182048706,-3.97422115040457,5.91928907617834));
#10081=CARTESIAN_POINT('Ctrl Pts',(41.9285182048706,-2.47422115040457,5.91928907617834));
#10082=CARTESIAN_POINT('',(42.2088728238968,-3.97422115040457,6.22010775789526));
#10083=CARTESIAN_POINT('Ctrl Pts',(42.2088728238968,-3.97422115040457,6.22010775789526));
#10084=CARTESIAN_POINT('Ctrl Pts',(42.172456888085,-3.97422115040457,6.16176224962874));
#10085=CARTESIAN_POINT('Ctrl Pts',(42.098547642543,-3.97422115040457,6.04334506768318));
#10086=CARTESIAN_POINT('Ctrl Pts',(41.9857428022268,-3.97422115040457,5.96104098843936));
#10087=CARTESIAN_POINT('Ctrl Pts',(41.9285182048706,-3.97422115040457,5.91928907617834));
#10088=CARTESIAN_POINT('',(42.2088728238968,-2.47422115040457,6.22010775789525));
#10089=CARTESIAN_POINT('',(42.2088728238968,-3.97422115040457,6.22010775789526));
#10090=CARTESIAN_POINT('Ctrl Pts',(42.2088728238968,-2.47422115040457,6.22010775789525));
#10091=CARTESIAN_POINT('Ctrl Pts',(42.172456888085,-2.47422115040457,6.16176224962874));
#10092=CARTESIAN_POINT('Ctrl Pts',(42.098547642543,-2.47422115040457,6.04334506768318));
#10093=CARTESIAN_POINT('Ctrl Pts',(41.9857428022268,-2.47422115040457,5.96104098843936));
#10094=CARTESIAN_POINT('Ctrl Pts',(41.9285182048706,-2.47422115040457,5.91928907617834));
#10095=CARTESIAN_POINT('Ctrl Pts',(42.3060760785965,-3.97422115040457,6.64370962366369));
#10096=CARTESIAN_POINT('Ctrl Pts',(42.3060760785965,-2.47422115040457,6.64370962366369));
#10097=CARTESIAN_POINT('Ctrl Pts',(42.3027309354803,-3.97422115040457,6.56704725008831));
#10098=CARTESIAN_POINT('Ctrl Pts',(42.3027309354803,-2.47422115040457,6.56704725008831));
#10099=CARTESIAN_POINT('Ctrl Pts',(42.2963035322014,-3.97422115040457,6.41974712744156));
#10100=CARTESIAN_POINT('Ctrl Pts',(42.2963035322014,-2.47422115040457,6.41974712744156));
#10101=CARTESIAN_POINT('Ctrl Pts',(42.2372107551873,-3.97422115040457,6.28481461944073));
#10102=CARTESIAN_POINT('Ctrl Pts',(42.2372107551873,-2.47422115040457,6.28481461944073));
#10103=CARTESIAN_POINT('Ctrl Pts',(42.2088728238968,-3.97422115040457,6.22010775789526));
#10104=CARTESIAN_POINT('Ctrl Pts',(42.2088728238968,-2.47422115040457,6.22010775789526));
#10105=CARTESIAN_POINT('',(42.3060760785965,-3.97422115040457,6.64370962366369));
#10106=CARTESIAN_POINT('Ctrl Pts',(42.3060760785965,-3.97422115040457,6.64370962366369));
#10107=CARTESIAN_POINT('Ctrl Pts',(42.3027309354803,-3.97422115040457,6.56704725008831));
#10108=CARTESIAN_POINT('Ctrl Pts',(42.2963035322014,-3.97422115040457,6.41974712744156));
#10109=CARTESIAN_POINT('Ctrl Pts',(42.2372107551873,-3.97422115040457,6.28481461944073));
#10110=CARTESIAN_POINT('Ctrl Pts',(42.2088728238968,-3.97422115040457,6.22010775789526));
#10111=CARTESIAN_POINT('',(42.3060760785965,-2.47422115040457,6.64370962366369));
#10112=CARTESIAN_POINT('',(42.3060760785965,-3.97422115040457,6.64370962366369));
#10113=CARTESIAN_POINT('Ctrl Pts',(42.3060760785965,-2.47422115040457,6.64370962366369));
#10114=CARTESIAN_POINT('Ctrl Pts',(42.3027309354803,-2.47422115040457,6.56704725008831));
#10115=CARTESIAN_POINT('Ctrl Pts',(42.2963035322014,-2.47422115040457,6.41974712744156));
#10116=CARTESIAN_POINT('Ctrl Pts',(42.2372107551873,-2.47422115040457,6.28481461944073));
#10117=CARTESIAN_POINT('Ctrl Pts',(42.2088728238968,-2.47422115040457,6.22010775789525));
#10118=CARTESIAN_POINT('Ctrl Pts',(42.1300871064095,-3.97422115040457,7.18702443823125));
#10119=CARTESIAN_POINT('Ctrl Pts',(42.1300871064095,-2.47422115040457,7.18702443823125));
#10120=CARTESIAN_POINT('Ctrl Pts',(42.1813899855728,-3.97422115040457,7.10819552475134));
#10121=CARTESIAN_POINT('Ctrl Pts',(42.1813899855728,-2.47422115040457,7.10819552475134));
#10122=CARTESIAN_POINT('Ctrl Pts',(42.2887220308675,-3.97422115040457,6.94327556996248));
#10123=CARTESIAN_POINT('Ctrl Pts',(42.2887220308675,-2.47422115040457,6.94327556996248));
#10124=CARTESIAN_POINT('Ctrl Pts',(42.3001240364025,-3.97422115040457,6.74645390442625));
#10125=CARTESIAN_POINT('Ctrl Pts',(42.3001240364025,-2.47422115040457,6.74645390442625));
#10126=CARTESIAN_POINT('Ctrl Pts',(42.3060760785965,-3.97422115040457,6.64370962366369));
#10127=CARTESIAN_POINT('Ctrl Pts',(42.3060760785965,-2.47422115040457,6.64370962366369));
#10128=CARTESIAN_POINT('',(42.1300871064095,-3.97422115040457,7.18702443823125));
#10129=CARTESIAN_POINT('Ctrl Pts',(42.1300871064095,-3.97422115040457,7.18702443823125));
#10130=CARTESIAN_POINT('Ctrl Pts',(42.1813899855728,-3.97422115040457,7.10819552475134));
#10131=CARTESIAN_POINT('Ctrl Pts',(42.2887220308675,-3.97422115040457,6.94327556996248));
#10132=CARTESIAN_POINT('Ctrl Pts',(42.3001240364025,-3.97422115040457,6.74645390442625));
#10133=CARTESIAN_POINT('Ctrl Pts',(42.3060760785965,-3.97422115040457,6.64370962366369));
#10134=CARTESIAN_POINT('',(42.1300871064095,-2.47422115040457,7.18702443823125));
#10135=CARTESIAN_POINT('',(42.1300871064095,-3.97422115040457,7.18702443823125));
#10136=CARTESIAN_POINT('Ctrl Pts',(42.1300871064095,-2.47422115040457,7.18702443823125));
#10137=CARTESIAN_POINT('Ctrl Pts',(42.1813899855728,-2.47422115040457,7.10819552475134));
#10138=CARTESIAN_POINT('Ctrl Pts',(42.2887220308675,-2.47422115040457,6.94327556996248));
#10139=CARTESIAN_POINT('Ctrl Pts',(42.3001240364025,-2.47422115040457,6.74645390442625));
#10140=CARTESIAN_POINT('Ctrl Pts',(42.3060760785965,-2.47422115040457,6.64370962366369));
#10141=CARTESIAN_POINT('Ctrl Pts',(41.6297458996204,-3.97422115040457,7.51239963754919));
#10142=CARTESIAN_POINT('Ctrl Pts',(41.6297458996204,-2.47422115040457,7.51239963754919));
#10143=CARTESIAN_POINT('Ctrl Pts',(41.7298602214247,-3.97422115040457,7.47363063044006));
#10144=CARTESIAN_POINT('Ctrl Pts',(41.7298602214247,-2.47422115040457,7.47363063044006));
#10145=CARTESIAN_POINT('Ctrl Pts',(41.9197427958064,-3.97422115040457,7.4000991042465));
#10146=CARTESIAN_POINT('Ctrl Pts',(41.9197427958064,-2.47422115040457,7.4000991042465));
#10147=CARTESIAN_POINT('Ctrl Pts',(42.0625663291325,-3.97422115040457,7.25542166288705));
#10148=CARTESIAN_POINT('Ctrl Pts',(42.0625663291325,-2.47422115040457,7.25542166288705));
#10149=CARTESIAN_POINT('Ctrl Pts',(42.1300871064095,-3.97422115040457,7.18702443823125));
#10150=CARTESIAN_POINT('Ctrl Pts',(42.1300871064095,-2.47422115040457,7.18702443823125));
#10151=CARTESIAN_POINT('',(41.6297458996204,-3.97422115040457,7.51239963754919));
#10152=CARTESIAN_POINT('Ctrl Pts',(41.6297458996204,-3.97422115040457,7.51239963754919));
#10153=CARTESIAN_POINT('Ctrl Pts',(41.7298602214247,-3.97422115040457,7.47363063044006));
#10154=CARTESIAN_POINT('Ctrl Pts',(41.9197427958064,-3.97422115040457,7.4000991042465));
#10155=CARTESIAN_POINT('Ctrl Pts',(42.0625663291325,-3.97422115040457,7.25542166288705));
#10156=CARTESIAN_POINT('Ctrl Pts',(42.1300871064095,-3.97422115040457,7.18702443823125));
#10157=CARTESIAN_POINT('',(41.6297458996204,-2.47422115040457,7.51239963754919));
#10158=CARTESIAN_POINT('',(41.6297458996204,-3.97422115040457,7.51239963754919));
#10159=CARTESIAN_POINT('Ctrl Pts',(41.6297458996204,-2.47422115040457,7.51239963754919));
#10160=CARTESIAN_POINT('Ctrl Pts',(41.7298602214247,-2.47422115040457,7.47363063044006));
#10161=CARTESIAN_POINT('Ctrl Pts',(41.9197427958064,-2.47422115040457,7.4000991042465));
#10162=CARTESIAN_POINT('Ctrl Pts',(42.0625663291325,-2.47422115040457,7.25542166288705));
#10163=CARTESIAN_POINT('Ctrl Pts',(42.1300871064095,-2.47422115040457,7.18702443823125));
#10164=CARTESIAN_POINT('Ctrl Pts',(40.7733339955238,-3.97422115040457,7.62188144907262));
#10165=CARTESIAN_POINT('Ctrl Pts',(40.7733339955238,-2.47422115040457,7.62188144907262));
#10166=CARTESIAN_POINT('Ctrl Pts',(40.9343294607024,-3.97422115040457,7.61971407342199));
#10167=CARTESIAN_POINT('Ctrl Pts',(40.9343294607024,-2.47422115040457,7.61971407342199));
#10168=CARTESIAN_POINT('Ctrl Pts',(41.2242565865373,-3.97422115040457,7.61581097595091));
#10169=CARTESIAN_POINT('Ctrl Pts',(41.2242565865373,-2.47422115040457,7.61581097595091));
#10170=CARTESIAN_POINT('Ctrl Pts',(41.5049295839543,-3.97422115040457,7.54423135750073));
#10171=CARTESIAN_POINT('Ctrl Pts',(41.5049295839543,-2.47422115040457,7.54423135750073));
#10172=CARTESIAN_POINT('Ctrl Pts',(41.6297458996204,-3.97422115040457,7.51239963754919));
#10173=CARTESIAN_POINT('Ctrl Pts',(41.6297458996204,-2.47422115040457,7.51239963754919));
#10174=CARTESIAN_POINT('',(40.7733339955238,-3.97422115040457,7.62188144907262));
#10175=CARTESIAN_POINT('Ctrl Pts',(40.7733339955238,-3.97422115040457,7.62188144907262));
#10176=CARTESIAN_POINT('Ctrl Pts',(40.9343294607024,-3.97422115040457,7.61971407342199));
#10177=CARTESIAN_POINT('Ctrl Pts',(41.2242565865373,-3.97422115040457,7.61581097595091));
#10178=CARTESIAN_POINT('Ctrl Pts',(41.5049295839543,-3.97422115040457,7.54423135750073));
#10179=CARTESIAN_POINT('Ctrl Pts',(41.6297458996204,-3.97422115040457,7.51239963754919));
#10180=CARTESIAN_POINT('',(40.7733339955238,-2.47422115040457,7.62188144907262));
#10181=CARTESIAN_POINT('',(40.7733339955238,-3.97422115040457,7.62188144907262));
#10182=CARTESIAN_POINT('Ctrl Pts',(40.7733339955238,-2.47422115040457,7.62188144907262));
#10183=CARTESIAN_POINT('Ctrl Pts',(40.9343294607024,-2.47422115040457,7.61971407342199));
#10184=CARTESIAN_POINT('Ctrl Pts',(41.2242565865373,-2.47422115040457,7.61581097595091));
#10185=CARTESIAN_POINT('Ctrl Pts',(41.5049295839543,-2.47422115040457,7.54423135750073));
#10186=CARTESIAN_POINT('Ctrl Pts',(41.6297458996204,-2.47422115040457,7.51239963754919));
#10187=CARTESIAN_POINT('Ctrl Pts',(39.5536885549454,-3.97422115040457,7.32515581831243));
#10188=CARTESIAN_POINT('Ctrl Pts',(39.5536885549454,-2.47422115040457,7.32515581831243));
#10189=CARTESIAN_POINT('Ctrl Pts',(39.7145406626207,-3.97422115040457,7.41121493714209));
#10190=CARTESIAN_POINT('Ctrl Pts',(39.7145406626207,-2.47422115040457,7.41121493714209));
#10191=CARTESIAN_POINT('Ctrl Pts',(40.0931636014665,-3.97422115040457,7.61378583880247));
#10192=CARTESIAN_POINT('Ctrl Pts',(40.0931636014665,-2.47422115040457,7.61378583880247));
#10193=CARTESIAN_POINT('Ctrl Pts',(40.524972460749,-3.97422115040457,7.61892536893565));
#10194=CARTESIAN_POINT('Ctrl Pts',(40.524972460749,-2.47422115040457,7.61892536893565));
#10195=CARTESIAN_POINT('Ctrl Pts',(40.7733339955238,-3.97422115040457,7.62188144907262));
#10196=CARTESIAN_POINT('Ctrl Pts',(40.7733339955238,-2.47422115040457,7.62188144907262));
#10197=CARTESIAN_POINT('Ctrl Pts',(39.5536885549454,-3.97422115040457,7.32515581831243));
#10198=CARTESIAN_POINT('Ctrl Pts',(39.7145406626207,-3.97422115040457,7.41121493714209));
#10199=CARTESIAN_POINT('Ctrl Pts',(40.0931636014665,-3.97422115040457,7.61378583880247));
#10200=CARTESIAN_POINT('Ctrl Pts',(40.524972460749,-3.97422115040457,7.61892536893565));
#10201=CARTESIAN_POINT('Ctrl Pts',(40.7733339955238,-3.97422115040457,7.62188144907262));
#10202=CARTESIAN_POINT('Ctrl Pts',(39.5536885549454,-2.47422115040457,7.32515581831243));
#10203=CARTESIAN_POINT('Ctrl Pts',(39.7145406626207,-2.47422115040457,7.41121493714209));
#10204=CARTESIAN_POINT('Ctrl Pts',(40.0931636014665,-2.47422115040457,7.61378583880247));
#10205=CARTESIAN_POINT('Ctrl Pts',(40.524972460749,-2.47422115040457,7.61892536893565));
#10206=CARTESIAN_POINT('Ctrl Pts',(40.7733339955238,-2.47422115040457,7.62188144907262));
#10207=CARTESIAN_POINT('Origin',(40.4029382159141,-2.47422115040457,8.21737876575347));
#10208=CARTESIAN_POINT('Origin',(39.9118057777313,-3.97422115040457,0.0604886649539704));
#10209=CARTESIAN_POINT('',(39.9118057777313,-3.97422115040457,0.0604886649539704));
#10210=CARTESIAN_POINT('',(40.4704687883285,-3.97422115040457,0.0604886649539715));
#10211=CARTESIAN_POINT('',(40.363896494762,-3.97422115040458,0.0604886649539715));
#10212=CARTESIAN_POINT('',(39.9118057777313,-2.47422115040457,0.0604886649539704));
#10213=CARTESIAN_POINT('',(39.9118057777313,-3.97422115040457,0.0604886649539704));
#10214=CARTESIAN_POINT('',(40.4704687883285,-2.47422115040457,0.0604886649539715));
#10215=CARTESIAN_POINT('',(39.9118057777313,-2.47422115040457,0.0604886649539704));
#10216=CARTESIAN_POINT('',(40.4704687883285,-3.97422115040457,0.0604886649539715));
#10217=CARTESIAN_POINT('Ctrl Pts',(39.7000051428703,-3.97422115040457,0.432930672018791));
#10218=CARTESIAN_POINT('Ctrl Pts',(39.7000051428703,-2.47422115040457,0.432930672018791));
#10219=CARTESIAN_POINT('Ctrl Pts',(39.7310281238071,-3.97422115040457,0.359124889054639));
#10220=CARTESIAN_POINT('Ctrl Pts',(39.7310281238071,-2.47422115040457,0.359124889054639));
#10221=CARTESIAN_POINT('Ctrl Pts',(39.7868264203473,-3.97422115040457,0.226376944148706));
#10222=CARTESIAN_POINT('Ctrl Pts',(39.7868264203473,-2.47422115040457,0.226376944148706));
#10223=CARTESIAN_POINT('Ctrl Pts',(39.8733762852372,-3.97422115040457,0.111497107576974));
#10224=CARTESIAN_POINT('Ctrl Pts',(39.8733762852372,-2.47422115040457,0.111497107576974));
#10225=CARTESIAN_POINT('Ctrl Pts',(39.9118057777313,-3.97422115040457,0.0604886649539704));
#10226=CARTESIAN_POINT('Ctrl Pts',(39.9118057777313,-2.47422115040457,0.0604886649539704));
#10227=CARTESIAN_POINT('',(39.7000051428703,-3.97422115040457,0.432930672018791));
#10228=CARTESIAN_POINT('Ctrl Pts',(39.7000051428703,-3.97422115040457,0.432930672018791));
#10229=CARTESIAN_POINT('Ctrl Pts',(39.7310281238071,-3.97422115040457,0.359124889054639));
#10230=CARTESIAN_POINT('Ctrl Pts',(39.7868264203473,-3.97422115040457,0.226376944148706));
#10231=CARTESIAN_POINT('Ctrl Pts',(39.8733762852372,-3.97422115040457,0.111497107576974));
#10232=CARTESIAN_POINT('Ctrl Pts',(39.9118057777313,-3.97422115040457,0.0604886649539704));
#10233=CARTESIAN_POINT('',(39.7000051428703,-2.47422115040457,0.43293067201879));
#10234=CARTESIAN_POINT('',(39.7000051428703,-3.97422115040457,0.432930672018791));
#10235=CARTESIAN_POINT('Ctrl Pts',(39.7000051428703,-2.47422115040457,0.43293067201879));
#10236=CARTESIAN_POINT('Ctrl Pts',(39.7310281238071,-2.47422115040457,0.359124889054638));
#10237=CARTESIAN_POINT('Ctrl Pts',(39.7868264203473,-2.47422115040457,0.226376944148706));
#10238=CARTESIAN_POINT('Ctrl Pts',(39.8733762852372,-2.47422115040457,0.111497107576974));
#10239=CARTESIAN_POINT('Ctrl Pts',(39.9118057777313,-2.47422115040457,0.0604886649539704));
#10240=CARTESIAN_POINT('Ctrl Pts',(39.6007553626923,-3.97422115040457,0.936341965048575));
#10241=CARTESIAN_POINT('Ctrl Pts',(39.6007553626923,-2.47422115040457,0.936341965048575));
#10242=CARTESIAN_POINT('Ctrl Pts',(39.6050038268479,-3.97422115040457,0.850626644342998));
#10243=CARTESIAN_POINT('Ctrl Pts',(39.6050038268479,-2.47422115040457,0.850626644342998));
#10244=CARTESIAN_POINT('Ctrl Pts',(39.6135598208484,-3.97422115040457,0.678004317113916));
#10245=CARTESIAN_POINT('Ctrl Pts',(39.6135598208484,-2.47422115040457,0.678004317113916));
#10246=CARTESIAN_POINT('Ctrl Pts',(39.6710577246488,-3.97422115040457,0.51499699016888));
#10247=CARTESIAN_POINT('Ctrl Pts',(39.6710577246488,-2.47422115040457,0.51499699016888));
#10248=CARTESIAN_POINT('Ctrl Pts',(39.7000051428703,-3.97422115040457,0.432930672018791));
#10249=CARTESIAN_POINT('Ctrl Pts',(39.7000051428703,-2.47422115040457,0.432930672018791));
#10250=CARTESIAN_POINT('',(39.6007553626923,-3.97422115040457,0.936341965048575));
#10251=CARTESIAN_POINT('Ctrl Pts',(39.6007553626923,-3.97422115040457,0.936341965048575));
#10252=CARTESIAN_POINT('Ctrl Pts',(39.6050038268479,-3.97422115040457,0.850626644342998));
#10253=CARTESIAN_POINT('Ctrl Pts',(39.6135598208484,-3.97422115040457,0.678004317113916));
#10254=CARTESIAN_POINT('Ctrl Pts',(39.6710577246488,-3.97422115040457,0.51499699016888));
#10255=CARTESIAN_POINT('Ctrl Pts',(39.7000051428703,-3.97422115040457,0.432930672018791));
#10256=CARTESIAN_POINT('',(39.6007553626922,-2.47422115040457,0.936341965048575));
#10257=CARTESIAN_POINT('',(39.6007553626923,-3.97422115040457,0.936341965048575));
#10258=CARTESIAN_POINT('Ctrl Pts',(39.6007553626922,-2.47422115040457,0.936341965048575));
#10259=CARTESIAN_POINT('Ctrl Pts',(39.6050038268479,-2.47422115040457,0.850626644342998));
#10260=CARTESIAN_POINT('Ctrl Pts',(39.6135598208484,-2.47422115040457,0.678004317113916));
#10261=CARTESIAN_POINT('Ctrl Pts',(39.6710577246488,-2.47422115040457,0.514996990168879));
#10262=CARTESIAN_POINT('Ctrl Pts',(39.7000051428703,-2.47422115040457,0.43293067201879));
#10263=CARTESIAN_POINT('Ctrl Pts',(39.7317240526108,-3.97422115040457,1.49705120310094));
#10264=CARTESIAN_POINT('Ctrl Pts',(39.7317240526108,-2.47422115040457,1.49705120310094));
#10265=CARTESIAN_POINT('Ctrl Pts',(39.6935249608704,-3.97422115040457,1.40760399717673));
#10266=CARTESIAN_POINT('Ctrl Pts',(39.6935249608704,-2.47422115040457,1.40760399717673));
#10267=CARTESIAN_POINT('Ctrl Pts',(39.6169894614616,-3.97422115040457,1.22838804558643));
#10268=CARTESIAN_POINT('Ctrl Pts',(39.6169894614616,-2.47422115040457,1.22838804558643));
#10269=CARTESIAN_POINT('Ctrl Pts',(39.6061731976041,-3.97422115040457,1.03380702753721));
#10270=CARTESIAN_POINT('Ctrl Pts',(39.6061731976041,-2.47422115040457,1.03380702753721));
#10271=CARTESIAN_POINT('Ctrl Pts',(39.6007553626923,-3.97422115040457,0.936341965048575));
#10272=CARTESIAN_POINT('Ctrl Pts',(39.6007553626923,-2.47422115040457,0.936341965048575));
#10273=CARTESIAN_POINT('',(39.7317240526108,-3.97422115040457,1.49705120310094));
#10274=CARTESIAN_POINT('Ctrl Pts',(39.7317240526108,-3.97422115040457,1.49705120310094));
#10275=CARTESIAN_POINT('Ctrl Pts',(39.6935249608704,-3.97422115040457,1.40760399717673));
#10276=CARTESIAN_POINT('Ctrl Pts',(39.6169894614616,-3.97422115040457,1.22838804558643));
#10277=CARTESIAN_POINT('Ctrl Pts',(39.6061731976041,-3.97422115040457,1.03380702753721));
#10278=CARTESIAN_POINT('Ctrl Pts',(39.6007553626923,-3.97422115040457,0.936341965048575));
#10279=CARTESIAN_POINT('',(39.7317240526108,-2.47422115040457,1.49705120310094));
#10280=CARTESIAN_POINT('',(39.7317240526108,-3.97422115040457,1.49705120310094));
#10281=CARTESIAN_POINT('Ctrl Pts',(39.7317240526108,-2.47422115040457,1.49705120310094));
#10282=CARTESIAN_POINT('Ctrl Pts',(39.6935249608704,-2.47422115040457,1.40760399717673));
#10283=CARTESIAN_POINT('Ctrl Pts',(39.6169894614616,-2.47422115040457,1.22838804558643));
#10284=CARTESIAN_POINT('Ctrl Pts',(39.6061731976041,-2.47422115040457,1.03380702753721));
#10285=CARTESIAN_POINT('Ctrl Pts',(39.6007553626922,-2.47422115040457,0.936341965048575));
#10286=CARTESIAN_POINT('Ctrl Pts',(40.1328153302101,-3.97422115040457,1.89916559442785));
#10287=CARTESIAN_POINT('Ctrl Pts',(40.1328153302101,-2.47422115040457,1.89916559442785));
#10288=CARTESIAN_POINT('Ctrl Pts',(40.0487473819453,-3.97422115040457,1.84822850376424));
#10289=CARTESIAN_POINT('Ctrl Pts',(40.0487473819453,-2.47422115040457,1.84822850376424));
#10290=CARTESIAN_POINT('Ctrl Pts',(39.8819222757873,-3.97422115040457,1.74714853532525));
#10291=CARTESIAN_POINT('Ctrl Pts',(39.8819222757873,-2.47422115040457,1.74714853532525));
#10292=CARTESIAN_POINT('Ctrl Pts',(39.7815271831255,-3.97422115040457,1.5799791486833));
#10293=CARTESIAN_POINT('Ctrl Pts',(39.7815271831255,-2.47422115040457,1.5799791486833));
#10294=CARTESIAN_POINT('Ctrl Pts',(39.7317240526108,-3.97422115040457,1.49705120310094));
#10295=CARTESIAN_POINT('Ctrl Pts',(39.7317240526108,-2.47422115040457,1.49705120310094));
#10296=CARTESIAN_POINT('',(40.1328153302101,-3.97422115040457,1.89916559442785));
#10297=CARTESIAN_POINT('Ctrl Pts',(40.1328153302101,-3.97422115040457,1.89916559442785));
#10298=CARTESIAN_POINT('Ctrl Pts',(40.0487473819453,-3.97422115040457,1.84822850376424));
#10299=CARTESIAN_POINT('Ctrl Pts',(39.8819222757873,-3.97422115040457,1.74714853532525));
#10300=CARTESIAN_POINT('Ctrl Pts',(39.7815271831255,-3.97422115040457,1.5799791486833));
#10301=CARTESIAN_POINT('Ctrl Pts',(39.7317240526108,-3.97422115040457,1.49705120310094));
#10302=CARTESIAN_POINT('',(40.1328153302101,-2.47422115040457,1.89916559442785));
#10303=CARTESIAN_POINT('',(40.1328153302101,-3.97422115040457,1.89916559442785));
#10304=CARTESIAN_POINT('Ctrl Pts',(40.1328153302101,-2.47422115040457,1.89916559442785));
#10305=CARTESIAN_POINT('Ctrl Pts',(40.0487473819453,-2.47422115040457,1.84822850376424));
#10306=CARTESIAN_POINT('Ctrl Pts',(39.8819222757873,-2.47422115040457,1.74714853532525));
#10307=CARTESIAN_POINT('Ctrl Pts',(39.7815271831255,-2.47422115040457,1.57997914868329));
#10308=CARTESIAN_POINT('Ctrl Pts',(39.7317240526108,-2.47422115040457,1.49705120310094));
#10309=CARTESIAN_POINT('Ctrl Pts',(40.8040296425251,-3.97422115040457,2.03729697450902));
#10310=CARTESIAN_POINT('Ctrl Pts',(40.8040296425251,-2.47422115040457,2.03729697450902));
#10311=CARTESIAN_POINT('Ctrl Pts',(40.6796115459342,-3.97422115040457,2.03339927971042));
#10312=CARTESIAN_POINT('Ctrl Pts',(40.6796115459342,-2.47422115040457,2.03339927971042));
#10313=CARTESIAN_POINT('Ctrl Pts',(40.447547009223,-3.97422115040457,2.02612930241239));
#10314=CARTESIAN_POINT('Ctrl Pts',(40.447547009223,-2.47422115040457,2.02612930241239));
#10315=CARTESIAN_POINT('Ctrl Pts',(40.2325464167791,-3.97422115040457,1.93939741536128));
#10316=CARTESIAN_POINT('Ctrl Pts',(40.2325464167791,-2.47422115040457,1.93939741536128));
#10317=CARTESIAN_POINT('Ctrl Pts',(40.1328153302101,-3.97422115040457,1.89916559442785));
#10318=CARTESIAN_POINT('Ctrl Pts',(40.1328153302101,-2.47422115040457,1.89916559442785));
#10319=CARTESIAN_POINT('',(40.8040296425251,-3.97422115040457,2.03729697450902));
#10320=CARTESIAN_POINT('Ctrl Pts',(40.8040296425251,-3.97422115040457,2.03729697450902));
#10321=CARTESIAN_POINT('Ctrl Pts',(40.6796115459342,-3.97422115040457,2.03339927971042));
#10322=CARTESIAN_POINT('Ctrl Pts',(40.447547009223,-3.97422115040457,2.02612930241239));
#10323=CARTESIAN_POINT('Ctrl Pts',(40.2325464167791,-3.97422115040457,1.93939741536128));
#10324=CARTESIAN_POINT('Ctrl Pts',(40.1328153302101,-3.97422115040457,1.89916559442785));
#10325=CARTESIAN_POINT('',(40.8040296425251,-2.47422115040457,2.03729697450902));
#10326=CARTESIAN_POINT('',(40.8040296425251,-3.97422115040457,2.03729697450902));
#10327=CARTESIAN_POINT('Ctrl Pts',(40.8040296425251,-2.47422115040457,2.03729697450902));
#10328=CARTESIAN_POINT('Ctrl Pts',(40.6796115459342,-2.47422115040457,2.03339927971042));
#10329=CARTESIAN_POINT('Ctrl Pts',(40.447547009223,-2.47422115040457,2.02612930241239));
#10330=CARTESIAN_POINT('Ctrl Pts',(40.2325464167791,-2.47422115040457,1.93939741536128));
#10331=CARTESIAN_POINT('Ctrl Pts',(40.1328153302101,-2.47422115040457,1.89916559442785));
#10332=CARTESIAN_POINT('Ctrl Pts',(41.4077132334141,-3.97422115040457,1.92269870027807));
#10333=CARTESIAN_POINT('Ctrl Pts',(41.4077132334141,-2.47422115040457,1.92269870027807));
#10334=CARTESIAN_POINT('Ctrl Pts',(41.3119370450976,-3.97422115040457,1.95611943695492));
#10335=CARTESIAN_POINT('Ctrl Pts',(41.3119370450976,-2.47422115040457,1.95611943695492));
#10336=CARTESIAN_POINT('Ctrl Pts',(41.1164674125768,-3.97422115040457,2.02432782185337));
#10337=CARTESIAN_POINT('Ctrl Pts',(41.1164674125768,-2.47422115040457,2.02432782185337));
#10338=CARTESIAN_POINT('Ctrl Pts',(40.9095577381851,-3.97422115040457,2.03291655026695));
#10339=CARTESIAN_POINT('Ctrl Pts',(40.9095577381851,-2.47422115040457,2.03291655026695));
#10340=CARTESIAN_POINT('Ctrl Pts',(40.8040296425251,-3.97422115040457,2.03729697450902));
#10341=CARTESIAN_POINT('Ctrl Pts',(40.8040296425251,-2.47422115040457,2.03729697450902));
#10342=CARTESIAN_POINT('',(41.4077132334141,-3.97422115040457,1.92269870027807));
#10343=CARTESIAN_POINT('Ctrl Pts',(41.4077132334141,-3.97422115040457,1.92269870027807));
#10344=CARTESIAN_POINT('Ctrl Pts',(41.3119370450976,-3.97422115040457,1.95611943695492));
#10345=CARTESIAN_POINT('Ctrl Pts',(41.1164674125768,-3.97422115040457,2.02432782185337));
#10346=CARTESIAN_POINT('Ctrl Pts',(40.9095577381851,-3.97422115040457,2.03291655026695));
#10347=CARTESIAN_POINT('Ctrl Pts',(40.8040296425251,-3.97422115040457,2.03729697450902));
#10348=CARTESIAN_POINT('',(41.4077132334141,-2.47422115040457,1.92269870027807));
#10349=CARTESIAN_POINT('',(41.4077132334141,-3.97422115040457,1.92269870027807));
#10350=CARTESIAN_POINT('Ctrl Pts',(41.4077132334141,-2.47422115040457,1.92269870027807));
#10351=CARTESIAN_POINT('Ctrl Pts',(41.3119370450976,-2.47422115040457,1.95611943695492));
#10352=CARTESIAN_POINT('Ctrl Pts',(41.1164674125768,-2.47422115040457,2.02432782185337));
#10353=CARTESIAN_POINT('Ctrl Pts',(40.9095577381851,-2.47422115040457,2.03291655026695));
#10354=CARTESIAN_POINT('Ctrl Pts',(40.8040296425251,-2.47422115040457,2.03729697450902));
#10355=CARTESIAN_POINT('Ctrl Pts',(41.7044390131859,-3.97422115040457,1.73340865358617));
#10356=CARTESIAN_POINT('Ctrl Pts',(41.7044390131859,-2.47422115040457,1.73340865358617));
#10357=CARTESIAN_POINT('Ctrl Pts',(41.6585708567963,-3.97422115040457,1.77162641114198));
#10358=CARTESIAN_POINT('Ctrl Pts',(41.6585708567963,-2.47422115040457,1.77162641114198));
#10359=CARTESIAN_POINT('Ctrl Pts',(41.5676981055878,-3.97422115040457,1.84734239904047));
#10360=CARTESIAN_POINT('Ctrl Pts',(41.5676981055878,-2.47422115040457,1.84734239904047));
#10361=CARTESIAN_POINT('Ctrl Pts',(41.4607025988958,-3.97422115040457,1.89773957424709));
#10362=CARTESIAN_POINT('Ctrl Pts',(41.4607025988958,-2.47422115040457,1.89773957424709));
#10363=CARTESIAN_POINT('Ctrl Pts',(41.4077132334141,-3.97422115040457,1.92269870027807));
#10364=CARTESIAN_POINT('Ctrl Pts',(41.4077132334141,-2.47422115040457,1.92269870027807));
#10365=CARTESIAN_POINT('',(41.7044390131859,-3.97422115040457,1.73340865358617));
#10366=CARTESIAN_POINT('Ctrl Pts',(41.7044390131859,-3.97422115040457,1.73340865358617));
#10367=CARTESIAN_POINT('Ctrl Pts',(41.6585708567963,-3.97422115040457,1.77162641114198));
#10368=CARTESIAN_POINT('Ctrl Pts',(41.5676981055878,-3.97422115040457,1.84734239904047));
#10369=CARTESIAN_POINT('Ctrl Pts',(41.4607025988958,-3.97422115040457,1.89773957424709));
#10370=CARTESIAN_POINT('Ctrl Pts',(41.4077132334141,-3.97422115040457,1.92269870027807));
#10371=CARTESIAN_POINT('',(41.7044390131859,-2.47422115040457,1.73340865358617));
#10372=CARTESIAN_POINT('',(41.7044390131859,-3.97422115040457,1.73340865358617));
#10373=CARTESIAN_POINT('Ctrl Pts',(41.7044390131859,-2.47422115040457,1.73340865358617));
#10374=CARTESIAN_POINT('Ctrl Pts',(41.6585708567963,-2.47422115040457,1.77162641114198));
#10375=CARTESIAN_POINT('Ctrl Pts',(41.5676981055878,-2.47422115040457,1.84734239904047));
#10376=CARTESIAN_POINT('Ctrl Pts',(41.4607025988958,-2.47422115040457,1.89773957424709));
#10377=CARTESIAN_POINT('Ctrl Pts',(41.4077132334141,-2.47422115040457,1.92269870027807));
#10378=CARTESIAN_POINT('Ctrl Pts',(41.9223789264587,-3.97422115040457,1.41314932092931));
#10379=CARTESIAN_POINT('Ctrl Pts',(41.9223789264587,-2.47422115040457,1.41314932092931));
#10380=CARTESIAN_POINT('Ctrl Pts',(41.8936369550187,-3.97422115040457,1.47514379140419));
#10381=CARTESIAN_POINT('Ctrl Pts',(41.8936369550187,-2.47422115040457,1.47514379140419));
#10382=CARTESIAN_POINT('Ctrl Pts',(41.8385468754584,-3.97422115040457,1.59396933257769));
#10383=CARTESIAN_POINT('Ctrl Pts',(41.8385468754584,-2.47422115040457,1.59396933257769));
#10384=CARTESIAN_POINT('Ctrl Pts',(41.7478276071068,-3.97422115040457,1.68829514589669));
#10385=CARTESIAN_POINT('Ctrl Pts',(41.7478276071068,-2.47422115040457,1.68829514589669));
#10386=CARTESIAN_POINT('Ctrl Pts',(41.7044390131859,-3.97422115040457,1.73340865358617));
#10387=CARTESIAN_POINT('Ctrl Pts',(41.7044390131859,-2.47422115040457,1.73340865358617));
#10388=CARTESIAN_POINT('',(41.9223789264587,-3.97422115040457,1.41314932092931));
#10389=CARTESIAN_POINT('Ctrl Pts',(41.9223789264587,-3.97422115040457,1.41314932092931));
#10390=CARTESIAN_POINT('Ctrl Pts',(41.8936369550187,-3.97422115040457,1.47514379140419));
#10391=CARTESIAN_POINT('Ctrl Pts',(41.8385468754584,-3.97422115040457,1.59396933257769));
#10392=CARTESIAN_POINT('Ctrl Pts',(41.7478276071068,-3.97422115040457,1.68829514589669));
#10393=CARTESIAN_POINT('Ctrl Pts',(41.7044390131859,-3.97422115040457,1.73340865358617));
#10394=CARTESIAN_POINT('',(41.9223789264587,-2.47422115040457,1.41314932092931));
#10395=CARTESIAN_POINT('',(41.9223789264587,-3.97422115040457,1.41314932092931));
#10396=CARTESIAN_POINT('Ctrl Pts',(41.9223789264587,-2.47422115040457,1.41314932092931));
#10397=CARTESIAN_POINT('Ctrl Pts',(41.8936369550187,-2.47422115040457,1.47514379140419));
#10398=CARTESIAN_POINT('Ctrl Pts',(41.8385468754584,-2.47422115040457,1.59396933257769));
#10399=CARTESIAN_POINT('Ctrl Pts',(41.7478276071068,-2.47422115040457,1.68829514589669));
#10400=CARTESIAN_POINT('Ctrl Pts',(41.7044390131859,-2.47422115040457,1.73340865358617));
#10401=CARTESIAN_POINT('Ctrl Pts',(42.0052576949028,-3.97422115040457,0.942480051367546));
#10402=CARTESIAN_POINT('Ctrl Pts',(42.0052576949028,-2.47422115040457,0.942480051367546));
#10403=CARTESIAN_POINT('Ctrl Pts',(42.002717290423,-3.97422115040457,1.02786035910776));
#10404=CARTESIAN_POINT('Ctrl Pts',(42.002717290423,-2.47422115040457,1.02786035910776));
#10405=CARTESIAN_POINT('Ctrl Pts',(41.997925368598,-3.97422115040457,1.18891178353631));
#10406=CARTESIAN_POINT('Ctrl Pts',(41.997925368598,-2.47422115040457,1.18891178353631));
#10407=CARTESIAN_POINT('Ctrl Pts',(41.9465282263587,-3.97422115040457,1.34146918105792));
#10408=CARTESIAN_POINT('Ctrl Pts',(41.9465282263587,-2.47422115040457,1.34146918105792));
#10409=CARTESIAN_POINT('Ctrl Pts',(41.9223789264587,-3.97422115040457,1.41314932092931));
#10410=CARTESIAN_POINT('Ctrl Pts',(41.9223789264587,-2.47422115040457,1.41314932092931));
#10411=CARTESIAN_POINT('',(42.0052576949028,-3.97422115040457,0.942480051367546));
#10412=CARTESIAN_POINT('Ctrl Pts',(42.0052576949028,-3.97422115040457,0.942480051367546));
#10413=CARTESIAN_POINT('Ctrl Pts',(42.002717290423,-3.97422115040457,1.02786035910776));
#10414=CARTESIAN_POINT('Ctrl Pts',(41.997925368598,-3.97422115040457,1.18891178353631));
#10415=CARTESIAN_POINT('Ctrl Pts',(41.9465282263587,-3.97422115040457,1.34146918105792));
#10416=CARTESIAN_POINT('Ctrl Pts',(41.9223789264587,-3.97422115040457,1.41314932092931));
#10417=CARTESIAN_POINT('',(42.0052576949028,-2.47422115040457,0.942480051367546));
#10418=CARTESIAN_POINT('',(42.0052576949028,-3.97422115040457,0.942480051367546));
#10419=CARTESIAN_POINT('Ctrl Pts',(42.0052576949028,-2.47422115040457,0.942480051367546));
#10420=CARTESIAN_POINT('Ctrl Pts',(42.002717290423,-2.47422115040457,1.02786035910776));
#10421=CARTESIAN_POINT('Ctrl Pts',(41.997925368598,-2.47422115040457,1.18891178353631));
#10422=CARTESIAN_POINT('Ctrl Pts',(41.9465282263587,-2.47422115040457,1.34146918105792));
#10423=CARTESIAN_POINT('Ctrl Pts',(41.9223789264587,-2.47422115040457,1.41314932092931));
#10424=CARTESIAN_POINT('Ctrl Pts',(41.9264716793923,-3.97422115040457,0.529111111014152));
#10425=CARTESIAN_POINT('Ctrl Pts',(41.9264716793923,-2.47422115040457,0.529111111014152));
#10426=CARTESIAN_POINT('Ctrl Pts',(41.9494452200231,-3.97422115040457,0.593960280658278));
#10427=CARTESIAN_POINT('Ctrl Pts',(41.9494452200231,-2.47422115040457,0.593960280658278));
#10428=CARTESIAN_POINT('Ctrl Pts',(41.9968103683554,-3.97422115040457,0.727661506289504));
#10429=CARTESIAN_POINT('Ctrl Pts',(41.9968103683554,-2.47422115040457,0.727661506289504));
#10430=CARTESIAN_POINT('Ctrl Pts',(42.0023862736366,-3.97422115040457,0.869458778275313));
#10431=CARTESIAN_POINT('Ctrl Pts',(42.0023862736366,-2.47422115040457,0.869458778275313));
#10432=CARTESIAN_POINT('Ctrl Pts',(42.0052576949028,-3.97422115040457,0.942480051367546));
#10433=CARTESIAN_POINT('Ctrl Pts',(42.0052576949028,-2.47422115040457,0.942480051367546));
#10434=CARTESIAN_POINT('',(41.9264716793923,-3.97422115040457,0.529111111014152));
#10435=CARTESIAN_POINT('Ctrl Pts',(41.9264716793923,-3.97422115040457,0.529111111014152));
#10436=CARTESIAN_POINT('Ctrl Pts',(41.9494452200231,-3.97422115040457,0.593960280658278));
#10437=CARTESIAN_POINT('Ctrl Pts',(41.9968103683554,-3.97422115040457,0.727661506289504));
#10438=CARTESIAN_POINT('Ctrl Pts',(42.0023862736366,-3.97422115040457,0.869458778275313));
#10439=CARTESIAN_POINT('Ctrl Pts',(42.0052576949028,-3.97422115040457,0.942480051367546));
#10440=CARTESIAN_POINT('',(41.9264716793923,-2.47422115040457,0.529111111014151));
#10441=CARTESIAN_POINT('',(41.9264716793923,-3.97422115040457,0.529111111014152));
#10442=CARTESIAN_POINT('Ctrl Pts',(41.9264716793923,-2.47422115040457,0.529111111014151));
#10443=CARTESIAN_POINT('Ctrl Pts',(41.9494452200231,-2.47422115040457,0.593960280658277));
#10444=CARTESIAN_POINT('Ctrl Pts',(41.9968103683554,-2.47422115040457,0.727661506289504));
#10445=CARTESIAN_POINT('Ctrl Pts',(42.0023862736366,-2.47422115040457,0.869458778275313));
#10446=CARTESIAN_POINT('Ctrl Pts',(42.0052576949028,-2.47422115040457,0.942480051367546));
#10447=CARTESIAN_POINT('Ctrl Pts',(41.7167172719864,-3.97422115040457,0.242616617529655));
#10448=CARTESIAN_POINT('Ctrl Pts',(41.7167172719864,-2.47422115040457,0.242616617529655));
#10449=CARTESIAN_POINT('Ctrl Pts',(41.7588169180509,-3.97422115040457,0.28112873495702));
#10450=CARTESIAN_POINT('Ctrl Pts',(41.7588169180509,-2.47422115040457,0.28112873495702));
#10451=CARTESIAN_POINT('Ctrl Pts',(41.8477599656882,-3.97422115040457,0.362492485372095));
#10452=CARTESIAN_POINT('Ctrl Pts',(41.8477599656882,-2.47422115040457,0.362492485372095));
#10453=CARTESIAN_POINT('Ctrl Pts',(41.8993178327826,-3.97422115040457,0.471631272371481));
#10454=CARTESIAN_POINT('Ctrl Pts',(41.8993178327826,-2.47422115040457,0.471631272371481));
#10455=CARTESIAN_POINT('Ctrl Pts',(41.9264716793923,-3.97422115040457,0.529111111014152));
#10456=CARTESIAN_POINT('Ctrl Pts',(41.9264716793923,-2.47422115040457,0.529111111014152));
#10457=CARTESIAN_POINT('',(41.7167172719864,-3.97422115040457,0.242616617529655));
#10458=CARTESIAN_POINT('Ctrl Pts',(41.7167172719864,-3.97422115040457,0.242616617529655));
#10459=CARTESIAN_POINT('Ctrl Pts',(41.7588169180509,-3.97422115040457,0.28112873495702));
#10460=CARTESIAN_POINT('Ctrl Pts',(41.8477599656882,-3.97422115040457,0.362492485372095));
#10461=CARTESIAN_POINT('Ctrl Pts',(41.8993178327826,-3.97422115040457,0.471631272371481));
#10462=CARTESIAN_POINT('Ctrl Pts',(41.9264716793923,-3.97422115040457,0.529111111014152));
#10463=CARTESIAN_POINT('',(41.7167172719864,-2.47422115040457,0.242616617529655));
#10464=CARTESIAN_POINT('',(41.7167172719864,-3.97422115040457,0.242616617529655));
#10465=CARTESIAN_POINT('Ctrl Pts',(41.7167172719864,-2.47422115040457,0.242616617529655));
#10466=CARTESIAN_POINT('Ctrl Pts',(41.7588169180509,-2.47422115040457,0.28112873495702));
#10467=CARTESIAN_POINT('Ctrl Pts',(41.8477599656882,-2.47422115040457,0.362492485372095));
#10468=CARTESIAN_POINT('Ctrl Pts',(41.8993178327826,-2.47422115040457,0.47163127237148));
#10469=CARTESIAN_POINT('Ctrl Pts',(41.9264716793923,-2.47422115040457,0.529111111014151));
#10470=CARTESIAN_POINT('Ctrl Pts',(41.3565536727337,-3.97422115040457,0.0748128531863934));
#10471=CARTESIAN_POINT('Ctrl Pts',(41.3565536727337,-2.47422115040457,0.0748128531863934));
#10472=CARTESIAN_POINT('Ctrl Pts',(41.4263057394271,-3.97422115040457,0.0968195522890947));
#10473=CARTESIAN_POINT('Ctrl Pts',(41.4263057394271,-2.47422115040457,0.0968195522890947));
#10474=CARTESIAN_POINT('Ctrl Pts',(41.5538371102488,-3.97422115040457,0.137055557283211));
#10475=CARTESIAN_POINT('Ctrl Pts',(41.5538371102488,-2.47422115040457,0.137055557283211));
#10476=CARTESIAN_POINT('Ctrl Pts',(41.6659317335708,-3.97422115040457,0.209703000406808));
#10477=CARTESIAN_POINT('Ctrl Pts',(41.6659317335708,-2.47422115040457,0.209703000406808));
#10478=CARTESIAN_POINT('Ctrl Pts',(41.7167172719864,-3.97422115040457,0.242616617529655));
#10479=CARTESIAN_POINT('Ctrl Pts',(41.7167172719864,-2.47422115040457,0.242616617529655));
#10480=CARTESIAN_POINT('',(41.3565536727337,-3.97422115040457,0.0748128531863934));
#10481=CARTESIAN_POINT('Ctrl Pts',(41.3565536727337,-3.97422115040457,0.0748128531863934));
#10482=CARTESIAN_POINT('Ctrl Pts',(41.4263057394271,-3.97422115040457,0.0968195522890947));
#10483=CARTESIAN_POINT('Ctrl Pts',(41.5538371102488,-3.97422115040457,0.137055557283211));
#10484=CARTESIAN_POINT('Ctrl Pts',(41.6659317335708,-3.97422115040457,0.209703000406808));
#10485=CARTESIAN_POINT('Ctrl Pts',(41.7167172719864,-3.97422115040457,0.242616617529655));
#10486=CARTESIAN_POINT('',(41.3565536727337,-2.47422115040457,0.0748128531863934));
#10487=CARTESIAN_POINT('',(41.3565536727337,-3.97422115040457,0.0748128531863934));
#10488=CARTESIAN_POINT('Ctrl Pts',(41.3565536727337,-2.47422115040457,0.0748128531863934));
#10489=CARTESIAN_POINT('Ctrl Pts',(41.4263057394271,-2.47422115040457,0.0968195522890947));
#10490=CARTESIAN_POINT('Ctrl Pts',(41.5538371102488,-2.47422115040457,0.13705555728321));
#10491=CARTESIAN_POINT('Ctrl Pts',(41.6659317335708,-2.47422115040457,0.209703000406808));
#10492=CARTESIAN_POINT('Ctrl Pts',(41.7167172719864,-2.47422115040457,0.242616617529655));
#10493=CARTESIAN_POINT('Origin',(41.4547800411609,-3.97422115040457,-0.28330377355311));
#10494=CARTESIAN_POINT('',(41.4547800411609,-3.97422115040457,-0.28330377355311));
#10495=CARTESIAN_POINT('',(36.5414530362458,-3.97422115040453,17.6298505173035));
#10496=CARTESIAN_POINT('',(41.4547800411609,-2.47422115040457,-0.28330377355311));
#10497=CARTESIAN_POINT('',(41.4547800411609,-3.97422115040457,-0.28330377355311));
#10498=CARTESIAN_POINT('',(41.4547800411609,-2.47422115040457,-0.28330377355311));
#10499=CARTESIAN_POINT('Ctrl Pts',(41.9459123303322,-3.97422115040457,-0.0561552406856769));
#10500=CARTESIAN_POINT('Ctrl Pts',(41.9459123303322,-2.47422115040457,-0.0561552406856769));
#10501=CARTESIAN_POINT('Ctrl Pts',(41.8753612599056,-3.97422115040457,-0.103706019347219));
#10502=CARTESIAN_POINT('Ctrl Pts',(41.8753612599056,-2.47422115040457,-0.103706019347219));
#10503=CARTESIAN_POINT('Ctrl Pts',(41.7240315145037,-3.97422115040457,-0.205700888950245));
#10504=CARTESIAN_POINT('Ctrl Pts',(41.7240315145037,-2.47422115040457,-0.205700888950245));
#10505=CARTESIAN_POINT('Ctrl Pts',(41.5484852898393,-3.97422115040457,-0.25629631651086));
#10506=CARTESIAN_POINT('Ctrl Pts',(41.5484852898393,-2.47422115040457,-0.25629631651086));
#10507=CARTESIAN_POINT('Ctrl Pts',(41.4547800411609,-3.97422115040457,-0.28330377355311));
#10508=CARTESIAN_POINT('Ctrl Pts',(41.4547800411609,-2.47422115040457,-0.28330377355311));
#10509=CARTESIAN_POINT('',(41.9459123303322,-3.97422115040457,-0.0561552406856769));
#10510=CARTESIAN_POINT('Ctrl Pts',(41.9459123303322,-3.97422115040457,-0.0561552406856769));
#10511=CARTESIAN_POINT('Ctrl Pts',(41.8753612599056,-3.97422115040457,-0.103706019347219));
#10512=CARTESIAN_POINT('Ctrl Pts',(41.7240315145037,-3.97422115040457,-0.205700888950245));
#10513=CARTESIAN_POINT('Ctrl Pts',(41.5484852898393,-3.97422115040457,-0.25629631651086));
#10514=CARTESIAN_POINT('Ctrl Pts',(41.4547800411609,-3.97422115040457,-0.28330377355311));
#10515=CARTESIAN_POINT('',(41.9459123303322,-2.47422115040457,-0.056155240685678));
#10516=CARTESIAN_POINT('',(41.9459123303322,-3.97422115040457,-0.0561552406856769));
#10517=CARTESIAN_POINT('Ctrl Pts',(41.9459123303322,-2.47422115040457,-0.056155240685678));
#10518=CARTESIAN_POINT('Ctrl Pts',(41.8753612599056,-2.47422115040457,-0.103706019347221));
#10519=CARTESIAN_POINT('Ctrl Pts',(41.7240315145037,-2.47422115040457,-0.205700888950245));
#10520=CARTESIAN_POINT('Ctrl Pts',(41.5484852898393,-2.47422115040457,-0.25629631651086));
#10521=CARTESIAN_POINT('Ctrl Pts',(41.4547800411609,-2.47422115040457,-0.28330377355311));
#10522=CARTESIAN_POINT('Ctrl Pts',(42.2395686199097,-3.97422115040457,0.356192076056266));
#10523=CARTESIAN_POINT('Ctrl Pts',(42.2395686199097,-2.47422115040457,0.356192076056266));
#10524=CARTESIAN_POINT('Ctrl Pts',(42.2024480625322,-3.97422115040457,0.274459663096703));
#10525=CARTESIAN_POINT('Ctrl Pts',(42.2024480625322,-2.47422115040457,0.274459663096703));
#10526=CARTESIAN_POINT('Ctrl Pts',(42.1312773367612,-3.97422115040457,0.117755250224096));
#10527=CARTESIAN_POINT('Ctrl Pts',(42.1312773367612,-2.47422115040457,0.117755250224096));
#10528=CARTESIAN_POINT('Ctrl Pts',(42.005897656757,-3.97422115040457,0.000123329724631693));
#10529=CARTESIAN_POINT('Ctrl Pts',(42.005897656757,-2.47422115040457,0.000123329724631693));
#10530=CARTESIAN_POINT('Ctrl Pts',(41.9459123303322,-3.97422115040457,-0.0561552406856769));
#10531=CARTESIAN_POINT('Ctrl Pts',(41.9459123303322,-2.47422115040457,-0.0561552406856769));
#10532=CARTESIAN_POINT('',(42.2395686199097,-3.97422115040457,0.356192076056266));
#10533=CARTESIAN_POINT('Ctrl Pts',(42.2395686199097,-3.97422115040457,0.356192076056266));
#10534=CARTESIAN_POINT('Ctrl Pts',(42.2024480625322,-3.97422115040457,0.274459663096703));
#10535=CARTESIAN_POINT('Ctrl Pts',(42.1312773367612,-3.97422115040457,0.117755250224096));
#10536=CARTESIAN_POINT('Ctrl Pts',(42.005897656757,-3.97422115040457,0.000123329724631693));
#10537=CARTESIAN_POINT('Ctrl Pts',(41.9459123303322,-3.97422115040457,-0.0561552406856769));
#10538=CARTESIAN_POINT('',(42.2395686199097,-2.47422115040457,0.356192076056265));
#10539=CARTESIAN_POINT('',(42.2395686199097,-3.97422115040457,0.356192076056266));
#10540=CARTESIAN_POINT('Ctrl Pts',(42.2395686199097,-2.47422115040457,0.356192076056265));
#10541=CARTESIAN_POINT('Ctrl Pts',(42.2024480625322,-2.47422115040457,0.274459663096702));
#10542=CARTESIAN_POINT('Ctrl Pts',(42.1312773367612,-2.47422115040457,0.117755250224096));
#10543=CARTESIAN_POINT('Ctrl Pts',(42.005897656757,-2.47422115040457,0.000123329724631693));
#10544=CARTESIAN_POINT('Ctrl Pts',(41.9459123303322,-2.47422115040457,-0.056155240685678));
#10545=CARTESIAN_POINT('Ctrl Pts',(42.3449573804764,-3.97422115040457,0.944526874869133));
#10546=CARTESIAN_POINT('Ctrl Pts',(42.3449573804764,-2.47422115040457,0.944526874869133));
#10547=CARTESIAN_POINT('Ctrl Pts',(42.3412245952093,-3.97422115040457,0.840347431571505));
#10548=CARTESIAN_POINT('Ctrl Pts',(42.3412245952093,-2.47422115040457,0.840347431571505));
#10549=CARTESIAN_POINT('Ctrl Pts',(42.3340151221071,-3.97422115040457,0.639136046370464));
#10550=CARTESIAN_POINT('Ctrl Pts',(42.3340151221071,-2.47422115040457,0.639136046370464));
#10551=CARTESIAN_POINT('Ctrl Pts',(42.2702963066049,-3.97422115040457,0.448246450435722));
#10552=CARTESIAN_POINT('Ctrl Pts',(42.2702963066049,-2.47422115040457,0.448246450435722));
#10553=CARTESIAN_POINT('Ctrl Pts',(42.2395686199097,-3.97422115040457,0.356192076056266));
#10554=CARTESIAN_POINT('Ctrl Pts',(42.2395686199097,-2.47422115040457,0.356192076056266));
#10555=CARTESIAN_POINT('',(42.3449573804764,-3.97422115040457,0.944526874869133));
#10556=CARTESIAN_POINT('Ctrl Pts',(42.3449573804764,-3.97422115040457,0.944526874869133));
#10557=CARTESIAN_POINT('Ctrl Pts',(42.3412245952093,-3.97422115040457,0.840347431571505));
#10558=CARTESIAN_POINT('Ctrl Pts',(42.3340151221071,-3.97422115040457,0.639136046370464));
#10559=CARTESIAN_POINT('Ctrl Pts',(42.2702963066049,-3.97422115040457,0.448246450435722));
#10560=CARTESIAN_POINT('Ctrl Pts',(42.2395686199097,-3.97422115040457,0.356192076056266));
#10561=CARTESIAN_POINT('',(42.3449573804764,-2.47422115040457,0.944526874869133));
#10562=CARTESIAN_POINT('',(42.3449573804764,-3.97422115040457,0.944526874869133));
#10563=CARTESIAN_POINT('Ctrl Pts',(42.3449573804764,-2.47422115040457,0.944526874869133));
#10564=CARTESIAN_POINT('Ctrl Pts',(42.3412245952093,-2.47422115040457,0.840347431571505));
#10565=CARTESIAN_POINT('Ctrl Pts',(42.3340151221071,-2.47422115040457,0.639136046370464));
#10566=CARTESIAN_POINT('Ctrl Pts',(42.2702963066049,-2.47422115040457,0.448246450435721));
#10567=CARTESIAN_POINT('Ctrl Pts',(42.2395686199097,-2.47422115040457,0.356192076056265));
#10568=CARTESIAN_POINT('Ctrl Pts',(42.1607829024223,-3.97422115040457,1.73647829279211));
#10569=CARTESIAN_POINT('Ctrl Pts',(42.1607829024223,-2.47422115040457,1.73647829279211));
#10570=CARTESIAN_POINT('Ctrl Pts',(42.2144809552815,-3.97422115040457,1.61500004418763));
#10571=CARTESIAN_POINT('Ctrl Pts',(42.2144809552815,-2.47422115040457,1.61500004418763));
#10572=CARTESIAN_POINT('Ctrl Pts',(42.3259210609893,-3.97422115040457,1.36289502091674));
#10573=CARTESIAN_POINT('Ctrl Pts',(42.3259210609893,-2.47422115040457,1.36289502091674));
#10574=CARTESIAN_POINT('Ctrl Pts',(42.3384602641419,-3.97422115040457,1.08731637350996));
#10575=CARTESIAN_POINT('Ctrl Pts',(42.3384602641419,-2.47422115040457,1.08731637350996));
#10576=CARTESIAN_POINT('Ctrl Pts',(42.3449573804764,-3.97422115040457,0.944526874869133));
#10577=CARTESIAN_POINT('Ctrl Pts',(42.3449573804764,-2.47422115040457,0.944526874869133));
#10578=CARTESIAN_POINT('',(42.1607829024223,-3.97422115040457,1.73647829279211));
#10579=CARTESIAN_POINT('Ctrl Pts',(42.1607829024223,-3.97422115040457,1.73647829279211));
#10580=CARTESIAN_POINT('Ctrl Pts',(42.2144809552815,-3.97422115040457,1.61500004418763));
#10581=CARTESIAN_POINT('Ctrl Pts',(42.3259210609893,-3.97422115040457,1.36289502091674));
#10582=CARTESIAN_POINT('Ctrl Pts',(42.3384602641419,-3.97422115040457,1.08731637350996));
#10583=CARTESIAN_POINT('Ctrl Pts',(42.3449573804764,-3.97422115040457,0.944526874869133));
#10584=CARTESIAN_POINT('',(42.1607829024223,-2.47422115040457,1.73647829279211));
#10585=CARTESIAN_POINT('',(42.1607829024223,-3.97422115040457,1.73647829279211));
#10586=CARTESIAN_POINT('Ctrl Pts',(42.1607829024223,-2.47422115040457,1.73647829279211));
#10587=CARTESIAN_POINT('Ctrl Pts',(42.2144809552815,-2.47422115040457,1.61500004418763));
#10588=CARTESIAN_POINT('Ctrl Pts',(42.3259210609893,-2.47422115040457,1.36289502091674));
#10589=CARTESIAN_POINT('Ctrl Pts',(42.3384602641419,-2.47422115040457,1.08731637350996));
#10590=CARTESIAN_POINT('Ctrl Pts',(42.3449573804764,-2.47422115040457,0.944526874869133));
#10591=CARTESIAN_POINT('Ctrl Pts',(41.5970038761524,-3.97422115040457,2.26342149957921));
#10592=CARTESIAN_POINT('Ctrl Pts',(41.5970038761524,-2.47422115040457,2.26342149957921));
#10593=CARTESIAN_POINT('Ctrl Pts',(41.7147200104376,-3.97422115040457,2.19691903753362));
#10594=CARTESIAN_POINT('Ctrl Pts',(41.7147200104376,-2.47422115040457,2.19691903753362));
#10595=CARTESIAN_POINT('Ctrl Pts',(41.9453357596742,-3.97422115040457,2.06663515415729));
#10596=CARTESIAN_POINT('Ctrl Pts',(41.9453357596742,-2.47422115040457,2.06663515415729));
#10597=CARTESIAN_POINT('Ctrl Pts',(42.0899741352042,-3.97422115040457,1.84498750783057));
#10598=CARTESIAN_POINT('Ctrl Pts',(42.0899741352042,-2.47422115040457,1.84498750783057));
#10599=CARTESIAN_POINT('Ctrl Pts',(42.1607829024223,-3.97422115040457,1.73647829279211));
#10600=CARTESIAN_POINT('Ctrl Pts',(42.1607829024223,-2.47422115040457,1.73647829279211));
#10601=CARTESIAN_POINT('',(41.5970038761524,-3.97422115040457,2.26342149957921));
#10602=CARTESIAN_POINT('Ctrl Pts',(41.5970038761524,-3.97422115040457,2.26342149957921));
#10603=CARTESIAN_POINT('Ctrl Pts',(41.7147200104376,-3.97422115040457,2.19691903753362));
#10604=CARTESIAN_POINT('Ctrl Pts',(41.9453357596742,-3.97422115040457,2.06663515415729));
#10605=CARTESIAN_POINT('Ctrl Pts',(42.0899741352042,-3.97422115040457,1.84498750783057));
#10606=CARTESIAN_POINT('Ctrl Pts',(42.1607829024223,-3.97422115040457,1.73647829279211));
#10607=CARTESIAN_POINT('',(41.5970038761524,-2.47422115040457,2.26342149957921));
#10608=CARTESIAN_POINT('',(41.5970038761524,-3.97422115040457,2.26342149957921));
#10609=CARTESIAN_POINT('Ctrl Pts',(41.5970038761524,-2.47422115040457,2.26342149957921));
#10610=CARTESIAN_POINT('Ctrl Pts',(41.7147200104376,-2.47422115040457,2.19691903753362));
#10611=CARTESIAN_POINT('Ctrl Pts',(41.9453357596742,-2.47422115040457,2.06663515415729));
#10612=CARTESIAN_POINT('Ctrl Pts',(42.0899741352042,-2.47422115040457,1.84498750783057));
#10613=CARTESIAN_POINT('Ctrl Pts',(42.1607829024223,-2.47422115040457,1.73647829279211));
#10614=CARTESIAN_POINT('Ctrl Pts',(40.7794731249241,-3.97422115040457,2.44657345995214));
#10615=CARTESIAN_POINT('Ctrl Pts',(40.7794731249241,-2.47422115040457,2.44657345995214));
#10616=CARTESIAN_POINT('Ctrl Pts',(40.9223765654336,-3.97422115040457,2.43925054000239));
#10617=CARTESIAN_POINT('Ctrl Pts',(40.9223765654336,-2.47422115040457,2.43925054000239));
#10618=CARTESIAN_POINT('Ctrl Pts',(41.2053707495392,-3.97422115040457,2.42474883347202));
#10619=CARTESIAN_POINT('Ctrl Pts',(41.2053707495392,-2.47422115040457,2.42474883347202));
#10620=CARTESIAN_POINT('Ctrl Pts',(41.4673273683596,-3.97422115040457,2.31683977257276));
#10621=CARTESIAN_POINT('Ctrl Pts',(41.4673273683596,-2.47422115040457,2.31683977257276));
#10622=CARTESIAN_POINT('Ctrl Pts',(41.5970038761524,-3.97422115040457,2.26342149957921));
#10623=CARTESIAN_POINT('Ctrl Pts',(41.5970038761524,-2.47422115040457,2.26342149957921));
#10624=CARTESIAN_POINT('',(40.7794731249241,-3.97422115040457,2.44657345995214));
#10625=CARTESIAN_POINT('Ctrl Pts',(40.7794731249241,-3.97422115040457,2.44657345995214));
#10626=CARTESIAN_POINT('Ctrl Pts',(40.9223765654336,-3.97422115040457,2.43925054000239));
#10627=CARTESIAN_POINT('Ctrl Pts',(41.2053707495392,-3.97422115040457,2.42474883347202));
#10628=CARTESIAN_POINT('Ctrl Pts',(41.4673273683596,-3.97422115040457,2.31683977257276));
#10629=CARTESIAN_POINT('Ctrl Pts',(41.5970038761524,-3.97422115040457,2.26342149957921));
#10630=CARTESIAN_POINT('',(40.7794731249241,-2.47422115040457,2.44657345995214));
#10631=CARTESIAN_POINT('',(40.7794731249241,-3.97422115040457,2.44657345995214));
#10632=CARTESIAN_POINT('Ctrl Pts',(40.7794731249241,-2.47422115040457,2.44657345995214));
#10633=CARTESIAN_POINT('Ctrl Pts',(40.9223765654336,-2.47422115040457,2.43925054000239));
#10634=CARTESIAN_POINT('Ctrl Pts',(41.2053707495392,-2.47422115040457,2.42474883347202));
#10635=CARTESIAN_POINT('Ctrl Pts',(41.4673273683596,-2.47422115040457,2.31683977257276));
#10636=CARTESIAN_POINT('Ctrl Pts',(41.5970038761524,-2.47422115040457,2.26342149957921));
#10637=CARTESIAN_POINT('Ctrl Pts',(39.9793366481689,-3.97422115040457,2.26239868387487));
#10638=CARTESIAN_POINT('Ctrl Pts',(39.9793366481689,-2.47422115040457,2.26239868387487));
#10639=CARTESIAN_POINT('Ctrl Pts',(40.1039128674134,-3.97422115040457,2.31610705370644));
#10640=CARTESIAN_POINT('Ctrl Pts',(40.1039128674134,-2.47422115040457,2.31610705370644));
#10641=CARTESIAN_POINT('Ctrl Pts',(40.3592651990935,-3.97422115040457,2.42619674458331));
#10642=CARTESIAN_POINT('Ctrl Pts',(40.3592651990935,-2.47422115040457,2.42619674458331));
#10643=CARTESIAN_POINT('Ctrl Pts',(40.6371547855419,-3.97422115040457,2.43967216153512));
#10644=CARTESIAN_POINT('Ctrl Pts',(40.6371547855419,-2.47422115040457,2.43967216153512));
#10645=CARTESIAN_POINT('Ctrl Pts',(40.7794731249241,-3.97422115040457,2.44657345995214));
#10646=CARTESIAN_POINT('Ctrl Pts',(40.7794731249241,-2.47422115040457,2.44657345995214));
#10647=CARTESIAN_POINT('',(39.9793366481689,-3.97422115040457,2.26239868387487));
#10648=CARTESIAN_POINT('Ctrl Pts',(39.9793366481689,-3.97422115040457,2.26239868387487));
#10649=CARTESIAN_POINT('Ctrl Pts',(40.1039128674134,-3.97422115040457,2.31610705370644));
#10650=CARTESIAN_POINT('Ctrl Pts',(40.3592651990935,-3.97422115040457,2.42619674458331));
#10651=CARTESIAN_POINT('Ctrl Pts',(40.6371547855419,-3.97422115040457,2.43967216153512));
#10652=CARTESIAN_POINT('Ctrl Pts',(40.7794731249241,-3.97422115040457,2.44657345995214));
#10653=CARTESIAN_POINT('',(39.9793366481689,-2.47422115040457,2.26239868387487));
#10654=CARTESIAN_POINT('',(39.9793366481689,-3.97422115040457,2.26239868387487));
#10655=CARTESIAN_POINT('Ctrl Pts',(39.9793366481689,-2.47422115040457,2.26239868387487));
#10656=CARTESIAN_POINT('Ctrl Pts',(40.1039128674134,-2.47422115040457,2.31610705370644));
#10657=CARTESIAN_POINT('Ctrl Pts',(40.3592651990935,-2.47422115040457,2.42619674458331));
#10658=CARTESIAN_POINT('Ctrl Pts',(40.6371547855419,-2.47422115040457,2.43967216153512));
#10659=CARTESIAN_POINT('Ctrl Pts',(40.7794731249241,-2.47422115040457,2.44657345995214));
#10660=CARTESIAN_POINT('Ctrl Pts',(39.4319287826446,-3.97422115040457,1.71703764185216));
#10661=CARTESIAN_POINT('Ctrl Pts',(39.4319287826446,-2.47422115040457,1.71703764185216));
#10662=CARTESIAN_POINT('Ctrl Pts',(39.5018581015204,-3.97422115040457,1.82995344807787));
#10663=CARTESIAN_POINT('Ctrl Pts',(39.5018581015204,-2.47422115040457,1.82995344807787));
#10664=CARTESIAN_POINT('Ctrl Pts',(39.6412477797903,-3.97422115040457,2.05502782538382));
#10665=CARTESIAN_POINT('Ctrl Pts',(39.6412477797903,-2.47422115040457,2.05502782538382));
#10666=CARTESIAN_POINT('Ctrl Pts',(39.8668934110625,-3.97422115040457,2.19343027707079));
#10667=CARTESIAN_POINT('Ctrl Pts',(39.8668934110625,-2.47422115040457,2.19343027707079));
#10668=CARTESIAN_POINT('Ctrl Pts',(39.9793366481689,-3.97422115040457,2.26239868387487));
#10669=CARTESIAN_POINT('Ctrl Pts',(39.9793366481689,-2.47422115040457,2.26239868387487));
#10670=CARTESIAN_POINT('',(39.4319287826446,-3.97422115040457,1.71703764185216));
#10671=CARTESIAN_POINT('Ctrl Pts',(39.4319287826446,-3.97422115040457,1.71703764185216));
#10672=CARTESIAN_POINT('Ctrl Pts',(39.5018581015204,-3.97422115040457,1.82995344807787));
#10673=CARTESIAN_POINT('Ctrl Pts',(39.6412477797903,-3.97422115040457,2.05502782538382));
#10674=CARTESIAN_POINT('Ctrl Pts',(39.8668934110625,-3.97422115040457,2.19343027707079));
#10675=CARTESIAN_POINT('Ctrl Pts',(39.9793366481689,-3.97422115040457,2.26239868387487));
#10676=CARTESIAN_POINT('',(39.4319287826446,-2.47422115040457,1.71703764185216));
#10677=CARTESIAN_POINT('',(39.4319287826446,-3.97422115040457,1.71703764185216));
#10678=CARTESIAN_POINT('Ctrl Pts',(39.4319287826446,-2.47422115040457,1.71703764185216));
#10679=CARTESIAN_POINT('Ctrl Pts',(39.5018581015204,-2.47422115040457,1.82995344807787));
#10680=CARTESIAN_POINT('Ctrl Pts',(39.6412477797903,-2.47422115040457,2.05502782538382));
#10681=CARTESIAN_POINT('Ctrl Pts',(39.8668934110625,-2.47422115040457,2.19343027707078));
#10682=CARTESIAN_POINT('Ctrl Pts',(39.9793366481689,-2.47422115040457,2.26239868387487));
#10683=CARTESIAN_POINT('Ctrl Pts',(39.2426381399063,-3.97422115040457,0.913831674902701));
#10684=CARTESIAN_POINT('Ctrl Pts',(39.2426381399063,-2.47422115040457,0.913831674902701));
#10685=CARTESIAN_POINT('Ctrl Pts',(39.2498400696863,-3.97422115040457,1.05647871087933));
#10686=CARTESIAN_POINT('Ctrl Pts',(39.2498400696863,-2.47422115040457,1.05647871087933));
#10687=CARTESIAN_POINT('Ctrl Pts',(39.2639470850618,-3.97422115040457,1.33589325548768));
#10688=CARTESIAN_POINT('Ctrl Pts',(39.2639470850618,-2.47422115040457,1.33589325548768));
#10689=CARTESIAN_POINT('Ctrl Pts',(39.3767259258774,-3.97422115040457,1.59178435967383));
#10690=CARTESIAN_POINT('Ctrl Pts',(39.3767259258774,-2.47422115040457,1.59178435967383));
#10691=CARTESIAN_POINT('Ctrl Pts',(39.4319287826446,-3.97422115040457,1.71703764185216));
#10692=CARTESIAN_POINT('Ctrl Pts',(39.4319287826446,-2.47422115040457,1.71703764185216));
#10693=CARTESIAN_POINT('',(39.2426381399063,-3.97422115040457,0.913831674902701));
#10694=CARTESIAN_POINT('Ctrl Pts',(39.2426381399063,-3.97422115040457,0.913831674902701));
#10695=CARTESIAN_POINT('Ctrl Pts',(39.2498400696863,-3.97422115040457,1.05647871087933));
#10696=CARTESIAN_POINT('Ctrl Pts',(39.2639470850618,-3.97422115040457,1.33589325548768));
#10697=CARTESIAN_POINT('Ctrl Pts',(39.3767259258774,-3.97422115040457,1.59178435967383));
#10698=CARTESIAN_POINT('Ctrl Pts',(39.4319287826446,-3.97422115040457,1.71703764185216));
#10699=CARTESIAN_POINT('',(39.2426381399063,-2.47422115040457,0.913831674902701));
#10700=CARTESIAN_POINT('',(39.2426381399063,-3.97422115040457,0.913831674902701));
#10701=CARTESIAN_POINT('Ctrl Pts',(39.2426381399063,-2.47422115040457,0.913831674902701));
#10702=CARTESIAN_POINT('Ctrl Pts',(39.2498400696863,-2.47422115040457,1.05647871087933));
#10703=CARTESIAN_POINT('Ctrl Pts',(39.2639470850618,-2.47422115040457,1.33589325548768));
#10704=CARTESIAN_POINT('Ctrl Pts',(39.3767259258774,-2.47422115040457,1.59178435967383));
#10705=CARTESIAN_POINT('Ctrl Pts',(39.4319287826446,-2.47422115040457,1.71703764185216));
#10706=CARTESIAN_POINT('Ctrl Pts',(39.3603051592735,-3.97422115040457,0.275358640997673));
#10707=CARTESIAN_POINT('Ctrl Pts',(39.3603051592735,-2.47422115040457,0.275358640997673));
#10708=CARTESIAN_POINT('Ctrl Pts',(39.3259857312638,-3.97422115040457,0.379504581820668));
#10709=CARTESIAN_POINT('Ctrl Pts',(39.3259857312638,-2.47422115040457,0.379504581820668));
#10710=CARTESIAN_POINT('Ctrl Pts',(39.257619592587,-3.97422115040457,0.586968873792975));
#10711=CARTESIAN_POINT('Ctrl Pts',(39.257619592587,-2.47422115040457,0.586968873792975));
#10712=CARTESIAN_POINT('Ctrl Pts',(39.2476186593241,-3.97422115040457,0.805167544488292));
#10713=CARTESIAN_POINT('Ctrl Pts',(39.2476186593241,-2.47422115040457,0.805167544488292));
#10714=CARTESIAN_POINT('Ctrl Pts',(39.2426381399063,-3.97422115040457,0.913831674902701));
#10715=CARTESIAN_POINT('Ctrl Pts',(39.2426381399063,-2.47422115040457,0.913831674902701));
#10716=CARTESIAN_POINT('',(39.3603051592735,-3.97422115040457,0.275358640997673));
#10717=CARTESIAN_POINT('Ctrl Pts',(39.3603051592735,-3.97422115040457,0.275358640997673));
#10718=CARTESIAN_POINT('Ctrl Pts',(39.3259857312638,-3.97422115040457,0.379504581820668));
#10719=CARTESIAN_POINT('Ctrl Pts',(39.257619592587,-3.97422115040457,0.586968873792975));
#10720=CARTESIAN_POINT('Ctrl Pts',(39.2476186593241,-3.97422115040457,0.805167544488292));
#10721=CARTESIAN_POINT('Ctrl Pts',(39.2426381399063,-3.97422115040457,0.913831674902701));
#10722=CARTESIAN_POINT('',(39.3603051592735,-2.47422115040457,0.275358640997672));
#10723=CARTESIAN_POINT('',(39.3603051592735,-3.97422115040457,0.275358640997673));
#10724=CARTESIAN_POINT('Ctrl Pts',(39.3603051592735,-2.47422115040457,0.275358640997672));
#10725=CARTESIAN_POINT('Ctrl Pts',(39.3259857312638,-2.47422115040457,0.379504581820667));
#10726=CARTESIAN_POINT('Ctrl Pts',(39.257619592587,-2.47422115040457,0.586968873792975));
#10727=CARTESIAN_POINT('Ctrl Pts',(39.2476186593241,-2.47422115040457,0.805167544488292));
#10728=CARTESIAN_POINT('Ctrl Pts',(39.2426381399063,-2.47422115040457,0.913831674902701));
#10729=CARTESIAN_POINT('Ctrl Pts',(39.7112602879433,-3.97422115040457,-0.328324353844857));
#10730=CARTESIAN_POINT('Ctrl Pts',(39.7112602879433,-2.47422115040457,-0.328324353844857));
#10731=CARTESIAN_POINT('Ctrl Pts',(39.6389493194425,-3.97422115040457,-0.231664426128745));
#10732=CARTESIAN_POINT('Ctrl Pts',(39.6389493194425,-2.47422115040457,-0.231664426128745));
#10733=CARTESIAN_POINT('Ctrl Pts',(39.4985428118712,-3.97422115040457,-0.0439794434199048));
#10734=CARTESIAN_POINT('Ctrl Pts',(39.4985428118712,-2.47422115040457,-0.0439794434199048));
#10735=CARTESIAN_POINT('Ctrl Pts',(39.4054527615398,-3.97422115040457,0.1710647054972));
#10736=CARTESIAN_POINT('Ctrl Pts',(39.4054527615398,-2.47422115040457,0.1710647054972));
#10737=CARTESIAN_POINT('Ctrl Pts',(39.3603051592735,-3.97422115040457,0.275358640997673));
#10738=CARTESIAN_POINT('Ctrl Pts',(39.3603051592735,-2.47422115040457,0.275358640997673));
#10739=CARTESIAN_POINT('',(39.7112602879433,-3.97422115040457,-0.328324353844857));
#10740=CARTESIAN_POINT('Ctrl Pts',(39.7112602879433,-3.97422115040457,-0.328324353844857));
#10741=CARTESIAN_POINT('Ctrl Pts',(39.6389493194425,-3.97422115040457,-0.231664426128745));
#10742=CARTESIAN_POINT('Ctrl Pts',(39.4985428118712,-3.97422115040457,-0.0439794434199048));
#10743=CARTESIAN_POINT('Ctrl Pts',(39.4054527615398,-3.97422115040457,0.1710647054972));
#10744=CARTESIAN_POINT('Ctrl Pts',(39.3603051592735,-3.97422115040457,0.275358640997673));
#10745=CARTESIAN_POINT('',(39.7112602879433,-2.47422115040457,-0.328324353844858));
#10746=CARTESIAN_POINT('',(39.7112602879433,-3.97422115040457,-0.328324353844857));
#10747=CARTESIAN_POINT('Ctrl Pts',(39.7112602879433,-2.47422115040457,-0.328324353844858));
#10748=CARTESIAN_POINT('Ctrl Pts',(39.6389493194425,-2.47422115040457,-0.231664426128746));
#10749=CARTESIAN_POINT('Ctrl Pts',(39.4985428118712,-2.47422115040457,-0.0439794434199048));
#10750=CARTESIAN_POINT('Ctrl Pts',(39.4054527615398,-2.47422115040457,0.1710647054972));
#10751=CARTESIAN_POINT('Ctrl Pts',(39.3603051592735,-2.47422115040457,0.275358640997672));
#10752=CARTESIAN_POINT('Origin',(40.8244935562042,-3.97422115040457,-0.328324353844858));
#10753=CARTESIAN_POINT('',(40.8244935562042,-3.97422115040457,-0.328324353844858));
#10754=CARTESIAN_POINT('',(40.8202403839985,-3.97422115040458,-0.328324353844858));
#10755=CARTESIAN_POINT('',(40.8244935562042,-2.47422115040457,-0.328324353844858));
#10756=CARTESIAN_POINT('',(40.8244935562042,-3.97422115040457,-0.328324353844858));
#10757=CARTESIAN_POINT('',(40.8244935562042,-2.47422115040457,-0.328324353844858));
#10758=CARTESIAN_POINT('Origin',(40.8224471797375,-3.97422115040457,0.942480051367545));
#10759=CARTESIAN_POINT('',(40.8224471797375,-3.97422115040457,0.942480051367545));
#10760=CARTESIAN_POINT('',(40.7925595747131,-3.97422115040453,19.5027502378446));
#10761=CARTESIAN_POINT('',(40.8224471797375,-2.47422115040457,0.942480051367545));
#10762=CARTESIAN_POINT('',(40.8224471797375,-3.97422115040457,0.942480051367545));
#10763=CARTESIAN_POINT('',(40.8224471797375,-2.47422115040457,0.942480051367545));
#10764=CARTESIAN_POINT('Origin',(40.4704687883285,-3.97422115040457,0.942480051367546));
#10765=CARTESIAN_POINT('',(40.4704687883285,-3.97422115040457,0.942480051367546));
#10766=CARTESIAN_POINT('',(40.6432280000607,-3.97422115040457,0.942480051367546));
#10767=CARTESIAN_POINT('',(40.4704687883285,-2.47422115040457,0.942480051367546));
#10768=CARTESIAN_POINT('',(40.4704687883285,-3.97422115040457,0.942480051367546));
#10769=CARTESIAN_POINT('',(40.4704687883285,-2.47422115040457,0.942480051367546));
#10770=CARTESIAN_POINT('Origin',(40.4704687883285,-3.97422115040457,0.0604886649539715));
#10771=CARTESIAN_POINT('',(40.4704687883285,-3.97422115040453,19.0617974714077));
#10772=CARTESIAN_POINT('',(40.4704687883285,-2.47422115040457,0.0604886649539715));
#10773=CARTESIAN_POINT('Origin',(40.4029382159141,-2.47422115040457,8.21737876575347));
#10774=CARTESIAN_POINT('Ctrl Pts',(39.2405916144279,-3.97422115040457,13.6587161658695));
#10775=CARTESIAN_POINT('Ctrl Pts',(39.2405916144279,-2.47422115040457,13.6587161658695));
#10776=CARTESIAN_POINT('Ctrl Pts',(39.2490664241235,-3.97422115040457,13.7832709352598));
#10777=CARTESIAN_POINT('Ctrl Pts',(39.2490664241235,-2.47422115040457,13.7832709352598));
#10778=CARTESIAN_POINT('Ctrl Pts',(39.2654855119539,-3.97422115040457,14.0245832209352));
#10779=CARTESIAN_POINT('Ctrl Pts',(39.2654855119539,-2.47422115040457,14.0245832209352));
#10780=CARTESIAN_POINT('Ctrl Pts',(39.4073066404364,-3.97422115040457,14.2200210151357));
#10781=CARTESIAN_POINT('Ctrl Pts',(39.4073066404364,-2.47422115040457,14.2200210151357));
#10782=CARTESIAN_POINT('Ctrl Pts',(39.4759259511856,-3.97422115040457,14.3145824311664));
#10783=CARTESIAN_POINT('Ctrl Pts',(39.4759259511856,-2.47422115040457,14.3145824311664));
#10784=CARTESIAN_POINT('',(39.2405916144279,-3.97422115040457,13.6587161658695));
#10785=CARTESIAN_POINT('',(39.4759259511856,-3.97422115040457,14.3145824311664));
#10786=CARTESIAN_POINT('Ctrl Pts',(39.2405916144279,-3.97422115040457,13.6587161658695));
#10787=CARTESIAN_POINT('Ctrl Pts',(39.2490664241235,-3.97422115040457,13.7832709352598));
#10788=CARTESIAN_POINT('Ctrl Pts',(39.2654855119539,-3.97422115040457,14.0245832209352));
#10789=CARTESIAN_POINT('Ctrl Pts',(39.4073066404364,-3.97422115040457,14.2200210151357));
#10790=CARTESIAN_POINT('Ctrl Pts',(39.4759259511856,-3.97422115040457,14.3145824311664));
#10791=CARTESIAN_POINT('',(39.2405916144279,-2.47422115040457,13.6587161658695));
#10792=CARTESIAN_POINT('',(39.2405916144279,-3.97422115040457,13.6587161658695));
#10793=CARTESIAN_POINT('',(39.4759259511856,-2.47422115040457,14.3145824311664));
#10794=CARTESIAN_POINT('Ctrl Pts',(39.2405916144279,-2.47422115040457,13.6587161658695));
#10795=CARTESIAN_POINT('Ctrl Pts',(39.2490664241235,-2.47422115040457,13.7832709352598));
#10796=CARTESIAN_POINT('Ctrl Pts',(39.2654855119539,-2.47422115040457,14.0245832209352));
#10797=CARTESIAN_POINT('Ctrl Pts',(39.4073066404364,-2.47422115040457,14.2200210151357));
#10798=CARTESIAN_POINT('Ctrl Pts',(39.4759259511856,-2.47422115040457,14.3145824311664));
#10799=CARTESIAN_POINT('',(39.4759259511856,-3.97422115040457,14.3145824311664));
#10800=CARTESIAN_POINT('Ctrl Pts',(39.5137841393379,-3.97422115040457,12.9342959164074));
#10801=CARTESIAN_POINT('Ctrl Pts',(39.5137841393379,-2.47422115040457,12.9342959164074));
#10802=CARTESIAN_POINT('Ctrl Pts',(39.4341205799268,-3.97422115040457,13.0380540440156));
#10803=CARTESIAN_POINT('Ctrl Pts',(39.4341205799268,-2.47422115040457,13.0380540440156));
#10804=CARTESIAN_POINT('Ctrl Pts',(39.2701820394758,-3.97422115040457,13.2515764641255));
#10805=CARTESIAN_POINT('Ctrl Pts',(39.2701820394758,-2.47422115040457,13.2515764641255));
#10806=CARTESIAN_POINT('Ctrl Pts',(39.2506383374868,-3.97422115040457,13.5204815908997));
#10807=CARTESIAN_POINT('Ctrl Pts',(39.2506383374868,-2.47422115040457,13.5204815908997));
#10808=CARTESIAN_POINT('Ctrl Pts',(39.2405916144279,-3.97422115040457,13.6587161658695));
#10809=CARTESIAN_POINT('Ctrl Pts',(39.2405916144279,-2.47422115040457,13.6587161658695));
#10810=CARTESIAN_POINT('',(39.5137841393379,-3.97422115040457,12.9342959164074));
#10811=CARTESIAN_POINT('Ctrl Pts',(39.5137841393379,-3.97422115040457,12.9342959164074));
#10812=CARTESIAN_POINT('Ctrl Pts',(39.4341205799268,-3.97422115040457,13.0380540440156));
#10813=CARTESIAN_POINT('Ctrl Pts',(39.2701820394758,-3.97422115040457,13.2515764641255));
#10814=CARTESIAN_POINT('Ctrl Pts',(39.2506383374868,-3.97422115040457,13.5204815908997));
#10815=CARTESIAN_POINT('Ctrl Pts',(39.2405916144279,-3.97422115040457,13.6587161658695));
#10816=CARTESIAN_POINT('',(39.5137841393379,-2.47422115040457,12.9342959164074));
#10817=CARTESIAN_POINT('',(39.5137841393379,-3.97422115040457,12.9342959164074));
#10818=CARTESIAN_POINT('Ctrl Pts',(39.5137841393379,-2.47422115040457,12.9342959164074));
#10819=CARTESIAN_POINT('Ctrl Pts',(39.4341205799268,-2.47422115040457,13.0380540440156));
#10820=CARTESIAN_POINT('Ctrl Pts',(39.2701820394758,-2.47422115040457,13.2515764641255));
#10821=CARTESIAN_POINT('Ctrl Pts',(39.2506383374868,-2.47422115040457,13.5204815908997));
#10822=CARTESIAN_POINT('Ctrl Pts',(39.2405916144279,-2.47422115040457,13.6587161658695));
#10823=CARTESIAN_POINT('Ctrl Pts',(40.1798824359802,-3.97422115040457,12.6478023169925));
#10824=CARTESIAN_POINT('Ctrl Pts',(40.1798824359802,-2.47422115040457,12.6478023169925));
#10825=CARTESIAN_POINT('Ctrl Pts',(40.0538054708503,-3.97422115040457,12.6598406721084));
#10826=CARTESIAN_POINT('Ctrl Pts',(40.0538054708503,-2.47422115040457,12.6598406721084));
#10827=CARTESIAN_POINT('Ctrl Pts',(39.8011144909707,-3.97422115040457,12.6839686620804));
#10828=CARTESIAN_POINT('Ctrl Pts',(39.8011144909707,-2.47422115040457,12.6839686620804));
#10829=CARTESIAN_POINT('Ctrl Pts',(39.6096965314624,-3.97422115040457,12.8507353540094));
#10830=CARTESIAN_POINT('Ctrl Pts',(39.6096965314624,-2.47422115040457,12.8507353540094));
#10831=CARTESIAN_POINT('Ctrl Pts',(39.5137841393379,-3.97422115040457,12.9342959164074));
#10832=CARTESIAN_POINT('Ctrl Pts',(39.5137841393379,-2.47422115040457,12.9342959164074));
#10833=CARTESIAN_POINT('',(40.1798824359802,-3.97422115040457,12.6478023169925));
#10834=CARTESIAN_POINT('Ctrl Pts',(40.1798824359802,-3.97422115040457,12.6478023169925));
#10835=CARTESIAN_POINT('Ctrl Pts',(40.0538054708503,-3.97422115040457,12.6598406721084));
#10836=CARTESIAN_POINT('Ctrl Pts',(39.8011144909707,-3.97422115040457,12.6839686620804));
#10837=CARTESIAN_POINT('Ctrl Pts',(39.6096965314624,-3.97422115040457,12.8507353540094));
#10838=CARTESIAN_POINT('Ctrl Pts',(39.5137841393379,-3.97422115040457,12.9342959164074));
#10839=CARTESIAN_POINT('',(40.1798824359802,-2.47422115040457,12.6478023169925));
#10840=CARTESIAN_POINT('',(40.1798824359802,-3.97422115040457,12.6478023169925));
#10841=CARTESIAN_POINT('Ctrl Pts',(40.1798824359802,-2.47422115040457,12.6478023169925));
#10842=CARTESIAN_POINT('Ctrl Pts',(40.0538054708503,-2.47422115040457,12.6598406721084));
#10843=CARTESIAN_POINT('Ctrl Pts',(39.8011144909707,-2.47422115040457,12.6839686620804));
#10844=CARTESIAN_POINT('Ctrl Pts',(39.6096965314624,-2.47422115040457,12.8507353540094));
#10845=CARTESIAN_POINT('Ctrl Pts',(39.5137841393379,-2.47422115040457,12.9342959164074));
#10846=CARTESIAN_POINT('Ctrl Pts',(40.663852333012,-3.97422115040457,12.7951420186451));
#10847=CARTESIAN_POINT('Ctrl Pts',(40.663852333012,-2.47422115040457,12.7951420186451));
#10848=CARTESIAN_POINT('Ctrl Pts',(40.5932056577612,-3.97422115040457,12.7521951616995));
#10849=CARTESIAN_POINT('Ctrl Pts',(40.5932056577612,-2.47422115040457,12.7521951616995));
#10850=CARTESIAN_POINT('Ctrl Pts',(40.444766035892,-3.97422115040457,12.6619571542794));
#10851=CARTESIAN_POINT('Ctrl Pts',(40.444766035892,-2.47422115040457,12.6619571542794));
#10852=CARTESIAN_POINT('Ctrl Pts',(40.2709660314404,-3.97422115040457,12.6526696378598));
#10853=CARTESIAN_POINT('Ctrl Pts',(40.2709660314404,-2.47422115040457,12.6526696378598));
#10854=CARTESIAN_POINT('Ctrl Pts',(40.1798824359802,-3.97422115040457,12.6478023169925));
#10855=CARTESIAN_POINT('Ctrl Pts',(40.1798824359802,-2.47422115040457,12.6478023169925));
#10856=CARTESIAN_POINT('',(40.663852333012,-3.97422115040457,12.7951420186451));
#10857=CARTESIAN_POINT('Ctrl Pts',(40.663852333012,-3.97422115040457,12.7951420186451));
#10858=CARTESIAN_POINT('Ctrl Pts',(40.5932056577612,-3.97422115040457,12.7521951616995));
#10859=CARTESIAN_POINT('Ctrl Pts',(40.444766035892,-3.97422115040457,12.6619571542794));
#10860=CARTESIAN_POINT('Ctrl Pts',(40.2709660314404,-3.97422115040457,12.6526696378598));
#10861=CARTESIAN_POINT('Ctrl Pts',(40.1798824359802,-3.97422115040457,12.6478023169925));
#10862=CARTESIAN_POINT('',(40.663852333012,-2.47422115040457,12.7951420186451));
#10863=CARTESIAN_POINT('',(40.663852333012,-3.97422115040457,12.7951420186451));
#10864=CARTESIAN_POINT('Ctrl Pts',(40.663852333012,-2.47422115040457,12.7951420186451));
#10865=CARTESIAN_POINT('Ctrl Pts',(40.5932056577612,-2.47422115040457,12.7521951616995));
#10866=CARTESIAN_POINT('Ctrl Pts',(40.444766035892,-2.47422115040457,12.6619571542794));
#10867=CARTESIAN_POINT('Ctrl Pts',(40.2709660314404,-2.47422115040457,12.6526696378598));
#10868=CARTESIAN_POINT('Ctrl Pts',(40.1798824359802,-2.47422115040457,12.6478023169925));
#10869=CARTESIAN_POINT('Ctrl Pts',(40.9186273207096,-3.97422115040457,13.2085115550449));
#10870=CARTESIAN_POINT('Ctrl Pts',(40.9186273207096,-2.47422115040457,13.2085115550449));
#10871=CARTESIAN_POINT('Ctrl Pts',(40.8937411879531,-3.97422115040457,13.1256200959209));
#10872=CARTESIAN_POINT('Ctrl Pts',(40.8937411879531,-2.47422115040457,13.1256200959209));
#10873=CARTESIAN_POINT('Ctrl Pts',(40.8454984343614,-3.97422115040457,12.9649317207323));
#10874=CARTESIAN_POINT('Ctrl Pts',(40.8454984343614,-2.47422115040457,12.9649317207323));
#10875=CARTESIAN_POINT('Ctrl Pts',(40.7231075869771,-3.97422115040458,12.8505295653256));
#10876=CARTESIAN_POINT('Ctrl Pts',(40.7231075869771,-2.47422115040458,12.8505295653256));
#10877=CARTESIAN_POINT('Ctrl Pts',(40.663852333012,-3.97422115040457,12.7951420186451));
#10878=CARTESIAN_POINT('Ctrl Pts',(40.663852333012,-2.47422115040457,12.7951420186451));
#10879=CARTESIAN_POINT('',(40.9186273207096,-3.97422115040457,13.2085115550449));
#10880=CARTESIAN_POINT('Ctrl Pts',(40.9186273207096,-3.97422115040457,13.2085115550449));
#10881=CARTESIAN_POINT('Ctrl Pts',(40.8937411879531,-3.97422115040457,13.1256200959209));
#10882=CARTESIAN_POINT('Ctrl Pts',(40.8454984343614,-3.97422115040457,12.9649317207323));
#10883=CARTESIAN_POINT('Ctrl Pts',(40.7231075869771,-3.97422115040458,12.8505295653256));
#10884=CARTESIAN_POINT('Ctrl Pts',(40.663852333012,-3.97422115040457,12.7951420186451));
#10885=CARTESIAN_POINT('',(40.9186273207096,-2.47422115040457,13.2085115550449));
#10886=CARTESIAN_POINT('',(40.9186273207096,-3.97422115040457,13.2085115550449));
#10887=CARTESIAN_POINT('Ctrl Pts',(40.9186273207096,-2.47422115040457,13.2085115550449));
#10888=CARTESIAN_POINT('Ctrl Pts',(40.8937411879531,-2.47422115040457,13.1256200959209));
#10889=CARTESIAN_POINT('Ctrl Pts',(40.8454984343614,-2.47422115040457,12.9649317207323));
#10890=CARTESIAN_POINT('Ctrl Pts',(40.7231075869771,-2.47422115040457,12.8505295653256));
#10891=CARTESIAN_POINT('Ctrl Pts',(40.663852333012,-2.47422115040457,12.7951420186451));
#10892=CARTESIAN_POINT('Ctrl Pts',(41.172379045668,-3.97422115040457,12.899507367461));
#10893=CARTESIAN_POINT('Ctrl Pts',(41.172379045668,-2.47422115040457,12.899507367461));
#10894=CARTESIAN_POINT('Ctrl Pts',(41.1212790994964,-3.97422115040457,12.9398646568906));
#10895=CARTESIAN_POINT('Ctrl Pts',(41.1212790994964,-2.47422115040457,12.9398646568906));
#10896=CARTESIAN_POINT('Ctrl Pts',(41.0143715378902,-3.97422115040457,13.0242972195291));
#10897=CARTESIAN_POINT('Ctrl Pts',(41.0143715378902,-2.47422115040457,13.0242972195291));
#10898=CARTESIAN_POINT('Ctrl Pts',(40.9514654157765,-3.97422115040457,13.1453302158424));
#10899=CARTESIAN_POINT('Ctrl Pts',(40.9514654157765,-2.47422115040457,13.1453302158424));
#10900=CARTESIAN_POINT('Ctrl Pts',(40.9186273207096,-3.97422115040457,13.2085115550449));
#10901=CARTESIAN_POINT('Ctrl Pts',(40.9186273207096,-2.47422115040457,13.2085115550449));
#10902=CARTESIAN_POINT('',(41.172379045668,-3.97422115040457,12.899507367461));
#10903=CARTESIAN_POINT('Ctrl Pts',(41.172379045668,-3.97422115040457,12.899507367461));
#10904=CARTESIAN_POINT('Ctrl Pts',(41.1212790994964,-3.97422115040457,12.9398646568906));
#10905=CARTESIAN_POINT('Ctrl Pts',(41.0143715378902,-3.97422115040457,13.0242972195291));
#10906=CARTESIAN_POINT('Ctrl Pts',(40.9514654157765,-3.97422115040457,13.1453302158424));
#10907=CARTESIAN_POINT('Ctrl Pts',(40.9186273207096,-3.97422115040457,13.2085115550449));
#10908=CARTESIAN_POINT('',(41.172379045668,-2.47422115040457,12.899507367461));
#10909=CARTESIAN_POINT('',(41.172379045668,-3.97422115040457,12.899507367461));
#10910=CARTESIAN_POINT('Ctrl Pts',(41.172379045668,-2.47422115040457,12.899507367461));
#10911=CARTESIAN_POINT('Ctrl Pts',(41.1212790994964,-2.47422115040457,12.9398646568906));
#10912=CARTESIAN_POINT('Ctrl Pts',(41.0143715378902,-2.47422115040457,13.0242972195291));
#10913=CARTESIAN_POINT('Ctrl Pts',(40.9514654157765,-2.47422115040457,13.1453302158424));
#10914=CARTESIAN_POINT('Ctrl Pts',(40.9186273207096,-2.47422115040457,13.2085115550449));
#10915=CARTESIAN_POINT('Ctrl Pts',(41.5264035155205,-3.97422115040457,12.7951420186451));
#10916=CARTESIAN_POINT('Ctrl Pts',(41.5264035155205,-2.47422115040457,12.7951420186451));
#10917=CARTESIAN_POINT('Ctrl Pts',(41.4631883298252,-3.97422115040457,12.7994009504713));
#10918=CARTESIAN_POINT('Ctrl Pts',(41.4631883298252,-2.47422115040457,12.7994009504713));
#10919=CARTESIAN_POINT('Ctrl Pts',(41.33740112336,-3.97422115040457,12.8078754828334));
#10920=CARTESIAN_POINT('Ctrl Pts',(41.33740112336,-2.47422115040457,12.8078754828334));
#10921=CARTESIAN_POINT('Ctrl Pts',(41.2271985786657,-3.97422115040457,12.8690677002768));
#10922=CARTESIAN_POINT('Ctrl Pts',(41.2271985786657,-2.47422115040457,12.8690677002768));
#10923=CARTESIAN_POINT('Ctrl Pts',(41.172379045668,-3.97422115040457,12.899507367461));
#10924=CARTESIAN_POINT('Ctrl Pts',(41.172379045668,-2.47422115040457,12.899507367461));
#10925=CARTESIAN_POINT('',(41.5264035155205,-3.97422115040457,12.7951420186451));
#10926=CARTESIAN_POINT('Ctrl Pts',(41.5264035155205,-3.97422115040457,12.7951420186451));
#10927=CARTESIAN_POINT('Ctrl Pts',(41.4631883298252,-3.97422115040457,12.7994009504713));
#10928=CARTESIAN_POINT('Ctrl Pts',(41.33740112336,-3.97422115040457,12.8078754828334));
#10929=CARTESIAN_POINT('Ctrl Pts',(41.2271985786657,-3.97422115040457,12.8690677002768));
#10930=CARTESIAN_POINT('Ctrl Pts',(41.172379045668,-3.97422115040457,12.899507367461));
#10931=CARTESIAN_POINT('',(41.5264035155205,-2.47422115040457,12.7951420186451));
#10932=CARTESIAN_POINT('',(41.5264035155205,-3.97422115040457,12.7951420186451));
#10933=CARTESIAN_POINT('Ctrl Pts',(41.5264035155205,-2.47422115040457,12.7951420186451));
#10934=CARTESIAN_POINT('Ctrl Pts',(41.4631883298252,-2.47422115040457,12.7994009504713));
#10935=CARTESIAN_POINT('Ctrl Pts',(41.33740112336,-2.47422115040457,12.8078754828334));
#10936=CARTESIAN_POINT('Ctrl Pts',(41.2271985786657,-2.47422115040457,12.8690677002768));
#10937=CARTESIAN_POINT('Ctrl Pts',(41.172379045668,-2.47422115040457,12.899507367461));
#10938=CARTESIAN_POINT('Ctrl Pts',(41.9131700088409,-3.97422115040457,12.9046232341221));
#10939=CARTESIAN_POINT('Ctrl Pts',(41.9131700088409,-2.47422115040457,12.9046232341221));
#10940=CARTESIAN_POINT('Ctrl Pts',(41.851869044474,-3.97422115040457,12.8726922016422));
#10941=CARTESIAN_POINT('Ctrl Pts',(41.851869044474,-2.47422115040457,12.8726922016422));
#10942=CARTESIAN_POINT('Ctrl Pts',(41.7304758831252,-3.97422115040457,12.8094597709964));
#10943=CARTESIAN_POINT('Ctrl Pts',(41.7304758831252,-2.47422115040457,12.8094597709964));
#10944=CARTESIAN_POINT('Ctrl Pts',(41.5939745693259,-3.97422115040457,12.7998828153823));
#10945=CARTESIAN_POINT('Ctrl Pts',(41.5939745693259,-2.47422115040457,12.7998828153823));
#10946=CARTESIAN_POINT('Ctrl Pts',(41.5264035155205,-3.97422115040457,12.7951420186451));
#10947=CARTESIAN_POINT('Ctrl Pts',(41.5264035155205,-2.47422115040457,12.7951420186451));
#10948=CARTESIAN_POINT('',(41.9131700088409,-3.97422115040457,12.9046232341221));
#10949=CARTESIAN_POINT('Ctrl Pts',(41.9131700088409,-3.97422115040457,12.9046232341221));
#10950=CARTESIAN_POINT('Ctrl Pts',(41.851869044474,-3.97422115040457,12.8726922016422));
#10951=CARTESIAN_POINT('Ctrl Pts',(41.7304758831252,-3.97422115040457,12.8094597709964));
#10952=CARTESIAN_POINT('Ctrl Pts',(41.5939745693259,-3.97422115040457,12.7998828153823));
#10953=CARTESIAN_POINT('Ctrl Pts',(41.5264035155205,-3.97422115040457,12.7951420186451));
#10954=CARTESIAN_POINT('',(41.9131700088409,-2.47422115040457,12.9046232341221));
#10955=CARTESIAN_POINT('',(41.9131700088409,-3.97422115040457,12.9046232341221));
#10956=CARTESIAN_POINT('Ctrl Pts',(41.9131700088409,-2.47422115040457,12.9046232341221));
#10957=CARTESIAN_POINT('Ctrl Pts',(41.851869044474,-2.47422115040457,12.8726922016422));
#10958=CARTESIAN_POINT('Ctrl Pts',(41.7304758831252,-2.47422115040457,12.8094597709964));
#10959=CARTESIAN_POINT('Ctrl Pts',(41.5939745693259,-2.47422115040457,12.7998828153823));
#10960=CARTESIAN_POINT('Ctrl Pts',(41.5264035155205,-2.47422115040457,12.7951420186451));
#10961=CARTESIAN_POINT('Ctrl Pts',(42.2006873180298,-3.97422115040457,13.2207898138454));
#10962=CARTESIAN_POINT('Ctrl Pts',(42.2006873180298,-2.47422115040457,13.2207898138454));
#10963=CARTESIAN_POINT('Ctrl Pts',(42.16309620159,-3.97422115040457,13.1563941161102));
#10964=CARTESIAN_POINT('Ctrl Pts',(42.16309620159,-2.47422115040457,13.1563941161102));
#10965=CARTESIAN_POINT('Ctrl Pts',(42.0896227389523,-3.97422115040457,13.0305299402175));
#10966=CARTESIAN_POINT('Ctrl Pts',(42.0896227389523,-2.47422115040457,13.0305299402175));
#10967=CARTESIAN_POINT('Ctrl Pts',(41.9710685147991,-3.97422115040457,12.9459363391584));
#10968=CARTESIAN_POINT('Ctrl Pts',(41.9710685147991,-2.47422115040457,12.9459363391584));
#10969=CARTESIAN_POINT('Ctrl Pts',(41.9131700088409,-3.97422115040457,12.9046232341221));
#10970=CARTESIAN_POINT('Ctrl Pts',(41.9131700088409,-2.47422115040457,12.9046232341221));
#10971=CARTESIAN_POINT('',(42.2006873180298,-3.97422115040457,13.2207898138454));
#10972=CARTESIAN_POINT('Ctrl Pts',(42.2006873180298,-3.97422115040457,13.2207898138454));
#10973=CARTESIAN_POINT('Ctrl Pts',(42.16309620159,-3.97422115040457,13.1563941161102));
#10974=CARTESIAN_POINT('Ctrl Pts',(42.0896227389523,-3.97422115040457,13.0305299402175));
#10975=CARTESIAN_POINT('Ctrl Pts',(41.9710685147991,-3.97422115040457,12.9459363391584));
#10976=CARTESIAN_POINT('Ctrl Pts',(41.9131700088409,-3.97422115040457,12.9046232341221));
#10977=CARTESIAN_POINT('',(42.2006873180298,-2.47422115040457,13.2207898138454));
#10978=CARTESIAN_POINT('',(42.2006873180298,-3.97422115040457,13.2207898138454));
#10979=CARTESIAN_POINT('Ctrl Pts',(42.2006873180298,-2.47422115040457,13.2207898138454));
#10980=CARTESIAN_POINT('Ctrl Pts',(42.16309620159,-2.47422115040457,13.1563941161102));
#10981=CARTESIAN_POINT('Ctrl Pts',(42.0896227389523,-2.47422115040457,13.0305299402175));
#10982=CARTESIAN_POINT('Ctrl Pts',(41.9710685147991,-2.47422115040457,12.9459363391584));
#10983=CARTESIAN_POINT('Ctrl Pts',(41.9131700088409,-2.47422115040457,12.9046232341221));
#10984=CARTESIAN_POINT('Ctrl Pts',(42.3060760785965,-3.97422115040457,13.6730409501484));
#10985=CARTESIAN_POINT('Ctrl Pts',(42.3060760785965,-2.47422115040457,13.6730409501484));
#10986=CARTESIAN_POINT('Ctrl Pts',(42.3019507898751,-3.97422115040457,13.5933317192505));
#10987=CARTESIAN_POINT('Ctrl Pts',(42.3019507898751,-2.47422115040457,13.5933317192505));
#10988=CARTESIAN_POINT('Ctrl Pts',(42.2938205806652,-3.97422115040457,13.4362390241879));
#10989=CARTESIAN_POINT('Ctrl Pts',(42.2938205806652,-2.47422115040457,13.4362390241879));
#10990=CARTESIAN_POINT('Ctrl Pts',(42.2314238096008,-3.97422115040457,13.2918938710886));
#10991=CARTESIAN_POINT('Ctrl Pts',(42.2314238096008,-2.47422115040457,13.2918938710886));
#10992=CARTESIAN_POINT('Ctrl Pts',(42.2006873180298,-3.97422115040457,13.2207898138454));
#10993=CARTESIAN_POINT('Ctrl Pts',(42.2006873180298,-2.47422115040457,13.2207898138454));
#10994=CARTESIAN_POINT('',(42.3060760785965,-3.97422115040457,13.6730409501484));
#10995=CARTESIAN_POINT('Ctrl Pts',(42.3060760785965,-3.97422115040457,13.6730409501484));
#10996=CARTESIAN_POINT('Ctrl Pts',(42.3019507898751,-3.97422115040457,13.5933317192505));
#10997=CARTESIAN_POINT('Ctrl Pts',(42.2938205806652,-3.97422115040457,13.4362390241879));
#10998=CARTESIAN_POINT('Ctrl Pts',(42.2314238096008,-3.97422115040457,13.2918938710886));
#10999=CARTESIAN_POINT('Ctrl Pts',(42.2006873180298,-3.97422115040457,13.2207898138454));
#11000=CARTESIAN_POINT('',(42.3060760785965,-2.47422115040457,13.6730409501484));
#11001=CARTESIAN_POINT('',(42.3060760785965,-3.97422115040457,13.6730409501484));
#11002=CARTESIAN_POINT('Ctrl Pts',(42.3060760785965,-2.47422115040457,13.6730409501484));
#11003=CARTESIAN_POINT('Ctrl Pts',(42.3019507898751,-2.47422115040457,13.5933317192505));
#11004=CARTESIAN_POINT('Ctrl Pts',(42.2938205806652,-2.47422115040457,13.4362390241879));
#11005=CARTESIAN_POINT('Ctrl Pts',(42.2314238096008,-2.47422115040457,13.2918938710886));
#11006=CARTESIAN_POINT('Ctrl Pts',(42.2006873180298,-2.47422115040457,13.2207898138454));
#11007=CARTESIAN_POINT('Ctrl Pts',(42.1024606515793,-3.97422115040457,14.2685387371471));
#11008=CARTESIAN_POINT('Ctrl Pts',(42.1024606515793,-2.47422115040457,14.2685387371471));
#11009=CARTESIAN_POINT('Ctrl Pts',(42.1618292919604,-3.97422115040457,14.1819631901676));
#11010=CARTESIAN_POINT('Ctrl Pts',(42.1618292919604,-2.47422115040457,14.1819631901676));
#11011=CARTESIAN_POINT('Ctrl Pts',(42.2847714627958,-3.97422115040457,14.002680228345));
#11012=CARTESIAN_POINT('Ctrl Pts',(42.2847714627958,-2.47422115040457,14.002680228345));
#11013=CARTESIAN_POINT('Ctrl Pts',(42.2988144398601,-3.97422115040457,13.7853978860334));
#11014=CARTESIAN_POINT('Ctrl Pts',(42.2988144398601,-2.47422115040457,13.7853978860334));
#11015=CARTESIAN_POINT('Ctrl Pts',(42.3060760785965,-3.97422115040457,13.6730409501484));
#11016=CARTESIAN_POINT('Ctrl Pts',(42.3060760785965,-2.47422115040457,13.6730409501484));
#11017=CARTESIAN_POINT('',(42.1024606515793,-3.97422115040457,14.2685387371471));
#11018=CARTESIAN_POINT('Ctrl Pts',(42.1024606515793,-3.97422115040457,14.2685387371471));
#11019=CARTESIAN_POINT('Ctrl Pts',(42.1618292919604,-3.97422115040457,14.1819631901676));
#11020=CARTESIAN_POINT('Ctrl Pts',(42.2847714627958,-3.97422115040457,14.002680228345));
#11021=CARTESIAN_POINT('Ctrl Pts',(42.2988144398601,-3.97422115040457,13.7853978860334));
#11022=CARTESIAN_POINT('Ctrl Pts',(42.3060760785965,-3.97422115040457,13.6730409501484));
#11023=CARTESIAN_POINT('',(42.1024606515793,-2.47422115040457,14.2685387371471));
#11024=CARTESIAN_POINT('',(42.1024606515793,-3.97422115040457,14.2685387371471));
#11025=CARTESIAN_POINT('Ctrl Pts',(42.1024606515793,-2.47422115040457,14.2685387371471));
#11026=CARTESIAN_POINT('Ctrl Pts',(42.1618292919604,-2.47422115040457,14.1819631901676));
#11027=CARTESIAN_POINT('Ctrl Pts',(42.2847714627958,-2.47422115040457,14.002680228345));
#11028=CARTESIAN_POINT('Ctrl Pts',(42.2988144398601,-2.47422115040457,13.7853978860334));
#11029=CARTESIAN_POINT('Ctrl Pts',(42.3060760785965,-2.47422115040457,13.6730409501484));
#11030=CARTESIAN_POINT('Ctrl Pts',(41.5284498919872,-3.97422115040457,14.5754965482643));
#11031=CARTESIAN_POINT('Ctrl Pts',(41.5284498919872,-2.47422115040457,14.5754965482643));
#11032=CARTESIAN_POINT('Ctrl Pts',(41.6430896483963,-3.97422115040457,14.5479523071553));
#11033=CARTESIAN_POINT('Ctrl Pts',(41.6430896483963,-2.47422115040457,14.5479523071553));
#11034=CARTESIAN_POINT('Ctrl Pts',(41.8616250985786,-3.97422115040457,14.4954452771404));
#11035=CARTESIAN_POINT('Ctrl Pts',(41.8616250985786,-2.47422115040457,14.4954452771404));
#11036=CARTESIAN_POINT('Ctrl Pts',(42.02485717768,-3.97422115040457,14.3416539210747));
#11037=CARTESIAN_POINT('Ctrl Pts',(42.02485717768,-2.47422115040457,14.3416539210747));
#11038=CARTESIAN_POINT('Ctrl Pts',(42.1024606515793,-3.97422115040457,14.2685387371471));
#11039=CARTESIAN_POINT('Ctrl Pts',(42.1024606515793,-2.47422115040457,14.2685387371471));
#11040=CARTESIAN_POINT('',(41.5284498919872,-3.97422115040457,14.5754965482643));
#11041=CARTESIAN_POINT('Ctrl Pts',(41.5284498919872,-3.97422115040457,14.5754965482643));
#11042=CARTESIAN_POINT('Ctrl Pts',(41.6430896483963,-3.97422115040457,14.5479523071553));
#11043=CARTESIAN_POINT('Ctrl Pts',(41.8616250985786,-3.97422115040457,14.4954452771404));
#11044=CARTESIAN_POINT('Ctrl Pts',(42.02485717768,-3.97422115040457,14.3416539210747));
#11045=CARTESIAN_POINT('Ctrl Pts',(42.1024606515793,-3.97422115040457,14.2685387371471));
#11046=CARTESIAN_POINT('',(41.5284498919872,-2.47422115040457,14.5754965482643));
#11047=CARTESIAN_POINT('',(41.5284498919872,-3.97422115040457,14.5754965482643));
#11048=CARTESIAN_POINT('Ctrl Pts',(41.5284498919872,-2.47422115040457,14.5754965482643));
#11049=CARTESIAN_POINT('Ctrl Pts',(41.6430896483963,-2.47422115040457,14.5479523071553));
#11050=CARTESIAN_POINT('Ctrl Pts',(41.8616250985786,-2.47422115040457,14.4954452771404));
#11051=CARTESIAN_POINT('Ctrl Pts',(42.02485717768,-2.47422115040457,14.3416539210747));
#11052=CARTESIAN_POINT('Ctrl Pts',(42.1024606515793,-2.47422115040457,14.2685387371471));
#11053=CARTESIAN_POINT('Origin',(41.4629655470279,-3.97422115040457,14.2071474431446));
#11054=CARTESIAN_POINT('',(41.4629655470279,-3.97422115040457,14.2071474431446));
#11055=CARTESIAN_POINT('',(43.5086203656107,-3.97422115040451,25.7139453240362));
#11056=CARTESIAN_POINT('',(41.4629655470279,-2.47422115040457,14.2071474431446));
#11057=CARTESIAN_POINT('',(41.4629655470279,-3.97422115040457,14.2071474431446));
#11058=CARTESIAN_POINT('',(41.4629655470279,-2.47422115040457,14.2071474431446));
#11059=CARTESIAN_POINT('Ctrl Pts',(41.8681497265724,-3.97422115040457,14.0229726670673));
#11060=CARTESIAN_POINT('Ctrl Pts',(41.8681497265724,-2.47422115040457,14.0229726670673));
#11061=CARTESIAN_POINT('Ctrl Pts',(41.8140982471117,-3.97422115040457,14.0669011565724));
#11062=CARTESIAN_POINT('Ctrl Pts',(41.8140982471117,-2.47422115040457,14.0669011565724));
#11063=CARTESIAN_POINT('Ctrl Pts',(41.6955546607462,-3.97422115040457,14.1632433981078));
#11064=CARTESIAN_POINT('Ctrl Pts',(41.6955546607462,-2.47422115040457,14.1632433981078));
#11065=CARTESIAN_POINT('Ctrl Pts',(41.5449176609506,-3.97422115040457,14.1916779775148));
#11066=CARTESIAN_POINT('Ctrl Pts',(41.5449176609506,-2.47422115040457,14.1916779775148));
#11067=CARTESIAN_POINT('Ctrl Pts',(41.4629655470279,-3.97422115040457,14.2071474431446));
#11068=CARTESIAN_POINT('Ctrl Pts',(41.4629655470279,-2.47422115040457,14.2071474431446));
#11069=CARTESIAN_POINT('',(41.8681497265724,-3.97422115040457,14.0229726670673));
#11070=CARTESIAN_POINT('Ctrl Pts',(41.8681497265724,-3.97422115040457,14.0229726670673));
#11071=CARTESIAN_POINT('Ctrl Pts',(41.8140982471117,-3.97422115040457,14.0669011565724));
#11072=CARTESIAN_POINT('Ctrl Pts',(41.6955546607462,-3.97422115040457,14.1632433981078));
#11073=CARTESIAN_POINT('Ctrl Pts',(41.5449176609506,-3.97422115040457,14.1916779775148));
#11074=CARTESIAN_POINT('Ctrl Pts',(41.4629655470279,-3.97422115040457,14.2071474431446));
#11075=CARTESIAN_POINT('',(41.8681497265724,-2.47422115040457,14.0229726670673));
#11076=CARTESIAN_POINT('',(41.8681497265724,-3.97422115040457,14.0229726670673));
#11077=CARTESIAN_POINT('Ctrl Pts',(41.8681497265724,-2.47422115040457,14.0229726670673));
#11078=CARTESIAN_POINT('Ctrl Pts',(41.8140982471117,-2.47422115040457,14.0669011565724));
#11079=CARTESIAN_POINT('Ctrl Pts',(41.6955546607462,-2.47422115040457,14.1632433981078));
#11080=CARTESIAN_POINT('Ctrl Pts',(41.5449176609506,-2.47422115040457,14.1916779775148));
#11081=CARTESIAN_POINT('Ctrl Pts',(41.4629655470279,-2.47422115040457,14.2071474431446));
#11082=CARTESIAN_POINT('Ctrl Pts',(42.0032111694244,-3.97422115040458,13.6648554442814));
#11083=CARTESIAN_POINT('Ctrl Pts',(42.0032111694244,-2.47422115040458,13.6648554442814));
#11084=CARTESIAN_POINT('Ctrl Pts',(41.998151756748,-3.97422115040457,13.7328811200805));
#11085=CARTESIAN_POINT('Ctrl Pts',(41.998151756748,-2.47422115040457,13.7328811200805));
#11086=CARTESIAN_POINT('Ctrl Pts',(41.988273269883,-3.97422115040457,13.865701031766));
#11087=CARTESIAN_POINT('Ctrl Pts',(41.988273269883,-2.47422115040457,13.865701031766));
#11088=CARTESIAN_POINT('Ctrl Pts',(41.9075361434682,-3.97422115040457,13.9714060380523));
#11089=CARTESIAN_POINT('Ctrl Pts',(41.9075361434682,-2.47422115040457,13.9714060380523));
#11090=CARTESIAN_POINT('Ctrl Pts',(41.8681497265724,-3.97422115040457,14.0229726670673));
#11091=CARTESIAN_POINT('Ctrl Pts',(41.8681497265724,-2.47422115040457,14.0229726670673));
#11092=CARTESIAN_POINT('',(42.0032111694244,-3.97422115040458,13.6648554442814));
#11093=CARTESIAN_POINT('Ctrl Pts',(42.0032111694244,-3.97422115040458,13.6648554442814));
#11094=CARTESIAN_POINT('Ctrl Pts',(41.998151756748,-3.97422115040457,13.7328811200805));
#11095=CARTESIAN_POINT('Ctrl Pts',(41.988273269883,-3.97422115040457,13.865701031766));
#11096=CARTESIAN_POINT('Ctrl Pts',(41.9075361434682,-3.97422115040457,13.9714060380523));
#11097=CARTESIAN_POINT('Ctrl Pts',(41.8681497265724,-3.97422115040457,14.0229726670673));
#11098=CARTESIAN_POINT('',(42.0032111694244,-2.47422115040457,13.6648554442814));
#11099=CARTESIAN_POINT('',(42.0032111694244,-3.97422115040458,13.6648554442814));
#11100=CARTESIAN_POINT('Ctrl Pts',(42.0032111694244,-2.47422115040457,13.6648554442814));
#11101=CARTESIAN_POINT('Ctrl Pts',(41.998151756748,-2.47422115040457,13.7328811200805));
#11102=CARTESIAN_POINT('Ctrl Pts',(41.988273269883,-2.47422115040457,13.865701031766));
#11103=CARTESIAN_POINT('Ctrl Pts',(41.9075361434682,-2.47422115040457,13.9714060380523));
#11104=CARTESIAN_POINT('Ctrl Pts',(41.8681497265724,-2.47422115040457,14.0229726670673));
#11105=CARTESIAN_POINT('Ctrl Pts',(41.8701959540276,-3.97422115040457,13.3108306764057));
#11106=CARTESIAN_POINT('Ctrl Pts',(41.8701959540276,-2.47422115040457,13.3108306764057));
#11107=CARTESIAN_POINT('Ctrl Pts',(41.9089785861987,-3.97422115040457,13.3610613764784));
#11108=CARTESIAN_POINT('Ctrl Pts',(41.9089785861987,-2.47422115040457,13.3610613764784));
#11109=CARTESIAN_POINT('Ctrl Pts',(41.9893967417952,-3.97422115040457,13.465217799806));
#11110=CARTESIAN_POINT('Ctrl Pts',(41.9893967417952,-2.47422115040457,13.465217799806));
#11111=CARTESIAN_POINT('Ctrl Pts',(41.9984987270812,-3.97422115040457,13.5967541146881));
#11112=CARTESIAN_POINT('Ctrl Pts',(41.9984987270812,-2.47422115040457,13.5967541146881));
#11113=CARTESIAN_POINT('Ctrl Pts',(42.0032111694244,-3.97422115040458,13.6648554442814));
#11114=CARTESIAN_POINT('Ctrl Pts',(42.0032111694244,-2.47422115040458,13.6648554442814));
#11115=CARTESIAN_POINT('',(41.8701959540276,-3.97422115040457,13.3108306764057));
#11116=CARTESIAN_POINT('Ctrl Pts',(41.8701959540276,-3.97422115040457,13.3108306764057));
#11117=CARTESIAN_POINT('Ctrl Pts',(41.9089785861987,-3.97422115040457,13.3610613764784));
#11118=CARTESIAN_POINT('Ctrl Pts',(41.9893967417952,-3.97422115040457,13.465217799806));
#11119=CARTESIAN_POINT('Ctrl Pts',(41.9984987270812,-3.97422115040457,13.5967541146881));
#11120=CARTESIAN_POINT('Ctrl Pts',(42.0032111694244,-3.97422115040458,13.6648554442814));
#11121=CARTESIAN_POINT('',(41.8701959540276,-2.47422115040457,13.3108306764057));
#11122=CARTESIAN_POINT('',(41.8701959540276,-3.97422115040457,13.3108306764057));
#11123=CARTESIAN_POINT('Ctrl Pts',(41.8701959540276,-2.47422115040457,13.3108306764057));
#11124=CARTESIAN_POINT('Ctrl Pts',(41.9089785861987,-2.47422115040457,13.3610613764784));
#11125=CARTESIAN_POINT('Ctrl Pts',(41.9893967417952,-2.47422115040457,13.465217799806));
#11126=CARTESIAN_POINT('Ctrl Pts',(41.9984987270812,-2.47422115040457,13.5967541146881));
#11127=CARTESIAN_POINT('Ctrl Pts',(42.0032111694244,-2.47422115040457,13.6648554442814));
#11128=CARTESIAN_POINT('Ctrl Pts',(41.5345890213875,-3.97422115040457,13.1737230060985));
#11129=CARTESIAN_POINT('Ctrl Pts',(41.5345890213875,-2.47422115040457,13.1737230060985));
#11130=CARTESIAN_POINT('Ctrl Pts',(41.5988391947326,-3.97422115040457,13.179047534584));
#11131=CARTESIAN_POINT('Ctrl Pts',(41.5988391947326,-2.47422115040457,13.179047534584));
#11132=CARTESIAN_POINT('Ctrl Pts',(41.7252440206333,-3.97422115040457,13.1895229319435));
#11133=CARTESIAN_POINT('Ctrl Pts',(41.7252440206333,-2.47422115040457,13.1895229319435));
#11134=CARTESIAN_POINT('Ctrl Pts',(41.8224156083714,-3.97422115040457,13.2708441386242));
#11135=CARTESIAN_POINT('Ctrl Pts',(41.8224156083714,-2.47422115040457,13.2708441386242));
#11136=CARTESIAN_POINT('Ctrl Pts',(41.8701959540276,-3.97422115040457,13.3108306764057));
#11137=CARTESIAN_POINT('Ctrl Pts',(41.8701959540276,-2.47422115040457,13.3108306764057));
#11138=CARTESIAN_POINT('',(41.5345890213875,-3.97422115040457,13.1737230060985));
#11139=CARTESIAN_POINT('Ctrl Pts',(41.5345890213875,-3.97422115040457,13.1737230060985));
#11140=CARTESIAN_POINT('Ctrl Pts',(41.5988391947326,-3.97422115040457,13.179047534584));
#11141=CARTESIAN_POINT('Ctrl Pts',(41.7252440206333,-3.97422115040457,13.1895229319435));
#11142=CARTESIAN_POINT('Ctrl Pts',(41.8224156083714,-3.97422115040457,13.2708441386242));
#11143=CARTESIAN_POINT('Ctrl Pts',(41.8701959540276,-3.97422115040457,13.3108306764057));
#11144=CARTESIAN_POINT('',(41.5345890213875,-2.47422115040457,13.1737230060985));
#11145=CARTESIAN_POINT('',(41.5345890213875,-3.97422115040457,13.1737230060985));
#11146=CARTESIAN_POINT('Ctrl Pts',(41.5345890213875,-2.47422115040457,13.1737230060985));
#11147=CARTESIAN_POINT('Ctrl Pts',(41.5988391947326,-2.47422115040457,13.179047534584));
#11148=CARTESIAN_POINT('Ctrl Pts',(41.7252440206333,-2.47422115040457,13.1895229319435));
#11149=CARTESIAN_POINT('Ctrl Pts',(41.8224156083714,-2.47422115040457,13.2708441386242));
#11150=CARTESIAN_POINT('Ctrl Pts',(41.8701959540276,-2.47422115040457,13.3108306764057));
#11151=CARTESIAN_POINT('Ctrl Pts',(41.1560078849224,-3.97422115040457,13.3619905351093));
#11152=CARTESIAN_POINT('Ctrl Pts',(41.1560078849224,-2.47422115040457,13.3619905351093));
#11153=CARTESIAN_POINT('Ctrl Pts',(41.2040275537515,-3.97422115040457,13.3071019674214));
#11154=CARTESIAN_POINT('Ctrl Pts',(41.2040275537515,-2.47422115040457,13.3071019674214));
#11155=CARTESIAN_POINT('Ctrl Pts',(41.303952182724,-3.97422115040457,13.1928837752767));
#11156=CARTESIAN_POINT('Ctrl Pts',(41.303952182724,-2.47422115040457,13.1928837752767));
#11157=CARTESIAN_POINT('Ctrl Pts',(41.4557427570451,-3.97422115040457,13.1802733693466));
#11158=CARTESIAN_POINT('Ctrl Pts',(41.4557427570451,-2.47422115040457,13.1802733693466));
#11159=CARTESIAN_POINT('Ctrl Pts',(41.5345890213875,-3.97422115040457,13.1737230060985));
#11160=CARTESIAN_POINT('Ctrl Pts',(41.5345890213875,-2.47422115040457,13.1737230060985));
#11161=CARTESIAN_POINT('',(41.1560078849224,-3.97422115040457,13.3619905351093));
#11162=CARTESIAN_POINT('Ctrl Pts',(41.1560078849224,-3.97422115040457,13.3619905351093));
#11163=CARTESIAN_POINT('Ctrl Pts',(41.2040275537515,-3.97422115040457,13.3071019674214));
#11164=CARTESIAN_POINT('Ctrl Pts',(41.303952182724,-3.97422115040457,13.1928837752767));
#11165=CARTESIAN_POINT('Ctrl Pts',(41.4557427570451,-3.97422115040457,13.1802733693466));
#11166=CARTESIAN_POINT('Ctrl Pts',(41.5345890213875,-3.97422115040457,13.1737230060985));
#11167=CARTESIAN_POINT('',(41.1560078849224,-2.47422115040457,13.3619905351093));
#11168=CARTESIAN_POINT('',(41.1560078849224,-3.97422115040457,13.3619905351093));
#11169=CARTESIAN_POINT('Ctrl Pts',(41.1560078849224,-2.47422115040457,13.3619905351093));
#11170=CARTESIAN_POINT('Ctrl Pts',(41.2040275537515,-2.47422115040457,13.3071019674214));
#11171=CARTESIAN_POINT('Ctrl Pts',(41.303952182724,-2.47422115040457,13.1928837752767));
#11172=CARTESIAN_POINT('Ctrl Pts',(41.4557427570451,-2.47422115040457,13.1802733693466));
#11173=CARTESIAN_POINT('Ctrl Pts',(41.5345890213875,-2.47422115040457,13.1737230060985));
#11174=CARTESIAN_POINT('Ctrl Pts',(41.0332248498825,-3.97422115040457,13.7855921028545));
#11175=CARTESIAN_POINT('Ctrl Pts',(41.0332248498825,-2.47422115040457,13.7855921028545));
#11176=CARTESIAN_POINT('Ctrl Pts',(41.0380859287362,-3.97422115040457,13.709502155848));
#11177=CARTESIAN_POINT('Ctrl Pts',(41.0380859287362,-2.47422115040457,13.709502155848));
#11178=CARTESIAN_POINT('Ctrl Pts',(41.0476906305025,-3.97422115040457,13.5591607871094));
#11179=CARTESIAN_POINT('Ctrl Pts',(41.0476906305025,-2.47422115040457,13.5591607871094));
#11180=CARTESIAN_POINT('Ctrl Pts',(41.1201976965279,-3.97422115040457,13.427175938005));
#11181=CARTESIAN_POINT('Ctrl Pts',(41.1201976965279,-2.47422115040457,13.427175938005));
#11182=CARTESIAN_POINT('Ctrl Pts',(41.1560078849224,-3.97422115040457,13.3619905351093));
#11183=CARTESIAN_POINT('Ctrl Pts',(41.1560078849224,-2.47422115040457,13.3619905351093));
#11184=CARTESIAN_POINT('',(41.0332248498825,-3.97422115040457,13.7855921028545));
#11185=CARTESIAN_POINT('Ctrl Pts',(41.0332248498825,-3.97422115040457,13.7855921028545));
#11186=CARTESIAN_POINT('Ctrl Pts',(41.0380859287362,-3.97422115040457,13.709502155848));
#11187=CARTESIAN_POINT('Ctrl Pts',(41.0476906305025,-3.97422115040457,13.5591607871094));
#11188=CARTESIAN_POINT('Ctrl Pts',(41.1201976965279,-3.97422115040457,13.427175938005));
#11189=CARTESIAN_POINT('Ctrl Pts',(41.1560078849224,-3.97422115040457,13.3619905351093));
#11190=CARTESIAN_POINT('',(41.0332248498825,-2.47422115040457,13.7855921028545));
#11191=CARTESIAN_POINT('',(41.0332248498825,-3.97422115040457,13.7855921028545));
#11192=CARTESIAN_POINT('Ctrl Pts',(41.0332248498825,-2.47422115040457,13.7855921028545));
#11193=CARTESIAN_POINT('Ctrl Pts',(41.0380859287362,-2.47422115040457,13.709502155848));
#11194=CARTESIAN_POINT('Ctrl Pts',(41.0476906305025,-2.47422115040457,13.5591607871094));
#11195=CARTESIAN_POINT('Ctrl Pts',(41.1201976965279,-2.47422115040457,13.427175938005));
#11196=CARTESIAN_POINT('Ctrl Pts',(41.1560078849224,-2.47422115040457,13.3619905351093));
#11197=CARTESIAN_POINT('Ctrl Pts',(41.037317602816,-3.97422115040457,13.8449371694019));
#11198=CARTESIAN_POINT('Ctrl Pts',(41.037317602816,-2.47422115040457,13.8449371694019));
#11199=CARTESIAN_POINT('Ctrl Pts',(41.0361297464855,-3.97422115040457,13.8338634158676));
#11200=CARTESIAN_POINT('Ctrl Pts',(41.0361297464855,-2.47422115040457,13.8338634158676));
#11201=CARTESIAN_POINT('Ctrl Pts',(41.0340131134317,-3.97422115040457,13.8141311703431));
#11202=CARTESIAN_POINT('Ctrl Pts',(41.0340131134317,-2.47422115040457,13.8141311703431));
#11203=CARTESIAN_POINT('Ctrl Pts',(41.033465251303,-3.97422115040457,13.7942958319186));
#11204=CARTESIAN_POINT('Ctrl Pts',(41.033465251303,-2.47422115040457,13.7942958319186));
#11205=CARTESIAN_POINT('Ctrl Pts',(41.0332248498825,-3.97422115040457,13.7855921028545));
#11206=CARTESIAN_POINT('Ctrl Pts',(41.0332248498825,-2.47422115040457,13.7855921028545));
#11207=CARTESIAN_POINT('',(41.037317602816,-3.97422115040457,13.8449371694019));
#11208=CARTESIAN_POINT('Ctrl Pts',(41.037317602816,-3.97422115040457,13.8449371694019));
#11209=CARTESIAN_POINT('Ctrl Pts',(41.0361297464855,-3.97422115040457,13.8338634158676));
#11210=CARTESIAN_POINT('Ctrl Pts',(41.0340131134317,-3.97422115040457,13.8141311703431));
#11211=CARTESIAN_POINT('Ctrl Pts',(41.033465251303,-3.97422115040457,13.7942958319186));
#11212=CARTESIAN_POINT('Ctrl Pts',(41.0332248498825,-3.97422115040457,13.7855921028545));
#11213=CARTESIAN_POINT('',(41.037317602816,-2.47422115040457,13.8449371694019));
#11214=CARTESIAN_POINT('',(41.037317602816,-3.97422115040457,13.8449371694019));
#11215=CARTESIAN_POINT('Ctrl Pts',(41.037317602816,-2.47422115040457,13.8449371694019));
#11216=CARTESIAN_POINT('Ctrl Pts',(41.0361297464855,-2.47422115040457,13.8338634158676));
#11217=CARTESIAN_POINT('Ctrl Pts',(41.0340131134317,-2.47422115040457,13.8141311703431));
#11218=CARTESIAN_POINT('Ctrl Pts',(41.033465251303,-2.47422115040457,13.7942958319186));
#11219=CARTESIAN_POINT('Ctrl Pts',(41.0332248498825,-2.47422115040457,13.7855921028545));
#11220=CARTESIAN_POINT('Origin',(40.7139887799648,-3.97422115040457,13.8858646987369));
#11221=CARTESIAN_POINT('',(40.7139887799648,-3.97422115040457,13.8858646987369));
#11222=CARTESIAN_POINT('',(39.2581165337264,-3.97422115040454,14.0701515604542));
#11223=CARTESIAN_POINT('',(40.7139887799648,-2.47422115040457,13.8858646987369));
#11224=CARTESIAN_POINT('',(40.7139887799648,-3.97422115040457,13.8858646987369));
#11225=CARTESIAN_POINT('',(40.7139887799648,-2.47422115040457,13.8858646987369));
#11226=CARTESIAN_POINT('Ctrl Pts',(40.7549164583115,-3.97422115040458,13.6259741424015));
#11227=CARTESIAN_POINT('Ctrl Pts',(40.7549164583115,-2.47422115040458,13.6259741424015));
#11228=CARTESIAN_POINT('Ctrl Pts',(40.7525835056461,-3.97422115040458,13.6651882055837));
#11229=CARTESIAN_POINT('Ctrl Pts',(40.7525835056461,-2.47422115040458,13.6651882055837));
#11230=CARTESIAN_POINT('Ctrl Pts',(40.7473542599162,-3.97422115040457,13.7530853907676));
#11231=CARTESIAN_POINT('Ctrl Pts',(40.7473542599162,-2.47422115040457,13.7530853907676));
#11232=CARTESIAN_POINT('Ctrl Pts',(40.7258816784697,-3.97422115040457,13.8385364170661));
#11233=CARTESIAN_POINT('Ctrl Pts',(40.7258816784697,-2.47422115040457,13.8385364170661));
#11234=CARTESIAN_POINT('Ctrl Pts',(40.7139887799648,-3.97422115040457,13.8858646987369));
#11235=CARTESIAN_POINT('Ctrl Pts',(40.7139887799648,-2.47422115040457,13.8858646987369));
#11236=CARTESIAN_POINT('',(40.7549164583115,-3.97422115040458,13.6259741424015));
#11237=CARTESIAN_POINT('Ctrl Pts',(40.7549164583115,-3.97422115040458,13.6259741424015));
#11238=CARTESIAN_POINT('Ctrl Pts',(40.7525835056461,-3.97422115040458,13.6651882055837));
#11239=CARTESIAN_POINT('Ctrl Pts',(40.7473542599162,-3.97422115040457,13.7530853907676));
#11240=CARTESIAN_POINT('Ctrl Pts',(40.7258816784697,-3.97422115040457,13.8385364170661));
#11241=CARTESIAN_POINT('Ctrl Pts',(40.7139887799648,-3.97422115040457,13.8858646987369));
#11242=CARTESIAN_POINT('',(40.7549164583115,-2.47422115040457,13.6259741424015));
#11243=CARTESIAN_POINT('',(40.7549164583115,-3.97422115040458,13.6259741424015));
#11244=CARTESIAN_POINT('Ctrl Pts',(40.7549164583115,-2.47422115040457,13.6259741424015));
#11245=CARTESIAN_POINT('Ctrl Pts',(40.7525835056461,-2.47422115040457,13.6651882055837));
#11246=CARTESIAN_POINT('Ctrl Pts',(40.7473542599162,-2.47422115040457,13.7530853907676));
#11247=CARTESIAN_POINT('Ctrl Pts',(40.7258816784697,-2.47422115040457,13.8385364170661));
#11248=CARTESIAN_POINT('Ctrl Pts',(40.7139887799648,-2.47422115040457,13.8858646987369));
#11249=CARTESIAN_POINT('Ctrl Pts',(40.5901824821857,-3.97422115040457,13.2044188021114));
#11250=CARTESIAN_POINT('Ctrl Pts',(40.5901824821857,-2.47422115040457,13.2044188021114));
#11251=CARTESIAN_POINT('Ctrl Pts',(40.6382212787346,-3.97422115040457,13.2644544505257));
#11252=CARTESIAN_POINT('Ctrl Pts',(40.6382212787346,-2.47422115040457,13.2644544505257));
#11253=CARTESIAN_POINT('Ctrl Pts',(40.7367964471463,-3.97422115040458,13.3876470485569));
#11254=CARTESIAN_POINT('Ctrl Pts',(40.7367964471463,-2.47422115040458,13.3876470485569));
#11255=CARTESIAN_POINT('Ctrl Pts',(40.7487752862686,-3.97422115040458,13.5452011410808));
#11256=CARTESIAN_POINT('Ctrl Pts',(40.7487752862686,-2.47422115040458,13.5452011410808));
#11257=CARTESIAN_POINT('Ctrl Pts',(40.7549164583115,-3.97422115040458,13.6259741424015));
#11258=CARTESIAN_POINT('Ctrl Pts',(40.7549164583115,-2.47422115040458,13.6259741424015));
#11259=CARTESIAN_POINT('',(40.5901824821857,-3.97422115040457,13.2044188021114));
#11260=CARTESIAN_POINT('Ctrl Pts',(40.5901824821857,-3.97422115040457,13.2044188021114));
#11261=CARTESIAN_POINT('Ctrl Pts',(40.6382212787346,-3.97422115040457,13.2644544505257));
#11262=CARTESIAN_POINT('Ctrl Pts',(40.7367964471463,-3.97422115040458,13.3876470485569));
#11263=CARTESIAN_POINT('Ctrl Pts',(40.7487752862686,-3.97422115040458,13.5452011410808));
#11264=CARTESIAN_POINT('Ctrl Pts',(40.7549164583115,-3.97422115040458,13.6259741424015));
#11265=CARTESIAN_POINT('',(40.5901824821857,-2.47422115040457,13.2044188021114));
#11266=CARTESIAN_POINT('',(40.5901824821857,-3.97422115040457,13.2044188021114));
#11267=CARTESIAN_POINT('Ctrl Pts',(40.5901824821857,-2.47422115040457,13.2044188021114));
#11268=CARTESIAN_POINT('Ctrl Pts',(40.6382212787346,-2.47422115040457,13.2644544505257));
#11269=CARTESIAN_POINT('Ctrl Pts',(40.7367964471463,-2.47422115040457,13.3876470485569));
#11270=CARTESIAN_POINT('Ctrl Pts',(40.7487752862686,-2.47422115040457,13.5452011410808));
#11271=CARTESIAN_POINT('Ctrl Pts',(40.7549164583115,-2.47422115040457,13.6259741424015));
#11272=CARTESIAN_POINT('Ctrl Pts',(40.1716969301132,-3.97422115040457,13.0386615632465));
#11273=CARTESIAN_POINT('Ctrl Pts',(40.1716969301132,-2.47422115040457,13.0386615632465));
#11274=CARTESIAN_POINT('Ctrl Pts',(40.2519025394593,-3.97422115040457,13.0449064865777));
#11275=CARTESIAN_POINT('Ctrl Pts',(40.2519025394593,-2.47422115040457,13.0449064865777));
#11276=CARTESIAN_POINT('Ctrl Pts',(40.4086870526888,-3.97422115040457,13.0571139527714));
#11277=CARTESIAN_POINT('Ctrl Pts',(40.4086870526888,-2.47422115040457,13.0571139527714));
#11278=CARTESIAN_POINT('Ctrl Pts',(40.5306242137019,-3.97422115040457,13.1560802748532));
#11279=CARTESIAN_POINT('Ctrl Pts',(40.5306242137019,-2.47422115040457,13.1560802748532));
#11280=CARTESIAN_POINT('Ctrl Pts',(40.5901824821857,-3.97422115040457,13.2044188021114));
#11281=CARTESIAN_POINT('Ctrl Pts',(40.5901824821857,-2.47422115040457,13.2044188021114));
#11282=CARTESIAN_POINT('',(40.1716969301132,-3.97422115040457,13.0386615632465));
#11283=CARTESIAN_POINT('Ctrl Pts',(40.1716969301132,-3.97422115040457,13.0386615632465));
#11284=CARTESIAN_POINT('Ctrl Pts',(40.2519025394593,-3.97422115040457,13.0449064865777));
#11285=CARTESIAN_POINT('Ctrl Pts',(40.4086870526888,-3.97422115040457,13.0571139527714));
#11286=CARTESIAN_POINT('Ctrl Pts',(40.5306242137019,-3.97422115040457,13.1560802748532));
#11287=CARTESIAN_POINT('Ctrl Pts',(40.5901824821857,-3.97422115040457,13.2044188021114));
#11288=CARTESIAN_POINT('',(40.1716969301132,-2.47422115040457,13.0386615632465));
#11289=CARTESIAN_POINT('',(40.1716969301132,-3.97422115040457,13.0386615632465));
#11290=CARTESIAN_POINT('Ctrl Pts',(40.1716969301132,-2.47422115040457,13.0386615632465));
#11291=CARTESIAN_POINT('Ctrl Pts',(40.2519025394593,-2.47422115040457,13.0449064865777));
#11292=CARTESIAN_POINT('Ctrl Pts',(40.4086870526888,-2.47422115040457,13.0571139527714));
#11293=CARTESIAN_POINT('Ctrl Pts',(40.5306242137019,-2.47422115040457,13.1560802748532));
#11294=CARTESIAN_POINT('Ctrl Pts',(40.5901824821857,-2.47422115040457,13.2044188021114));
#11295=CARTESIAN_POINT('Ctrl Pts',(39.7255847741989,-3.97422115040457,13.2177204726627));
#11296=CARTESIAN_POINT('Ctrl Pts',(39.7255847741989,-2.47422115040457,13.2177204726627));
#11297=CARTESIAN_POINT('Ctrl Pts',(39.7897576384777,-3.97422115040457,13.1654975340002));
#11298=CARTESIAN_POINT('Ctrl Pts',(39.7897576384777,-2.47422115040457,13.1654975340002));
#11299=CARTESIAN_POINT('Ctrl Pts',(39.9197984479343,-3.97422115040457,13.0596722246237));
#11300=CARTESIAN_POINT('Ctrl Pts',(39.9197984479343,-2.47422115040457,13.0596722246237));
#11301=CARTESIAN_POINT('Ctrl Pts',(40.087004260582,-3.97422115040457,13.0457257145874));
#11302=CARTESIAN_POINT('Ctrl Pts',(40.087004260582,-2.47422115040457,13.0457257145874));
#11303=CARTESIAN_POINT('Ctrl Pts',(40.1716969301132,-3.97422115040457,13.0386615632465));
#11304=CARTESIAN_POINT('Ctrl Pts',(40.1716969301132,-2.47422115040457,13.0386615632465));
#11305=CARTESIAN_POINT('',(39.7255847741989,-3.97422115040457,13.2177204726627));
#11306=CARTESIAN_POINT('Ctrl Pts',(39.7255847741989,-3.97422115040457,13.2177204726627));
#11307=CARTESIAN_POINT('Ctrl Pts',(39.7897576384777,-3.97422115040457,13.1654975340002));
#11308=CARTESIAN_POINT('Ctrl Pts',(39.9197984479343,-3.97422115040457,13.0596722246237));
#11309=CARTESIAN_POINT('Ctrl Pts',(40.087004260582,-3.97422115040457,13.0457257145874));
#11310=CARTESIAN_POINT('Ctrl Pts',(40.1716969301132,-3.97422115040457,13.0386615632465));
#11311=CARTESIAN_POINT('',(39.7255847741989,-2.47422115040457,13.2177204726627));
#11312=CARTESIAN_POINT('',(39.7255847741989,-3.97422115040457,13.2177204726627));
#11313=CARTESIAN_POINT('Ctrl Pts',(39.7255847741989,-2.47422115040457,13.2177204726627));
#11314=CARTESIAN_POINT('Ctrl Pts',(39.7897576384777,-2.47422115040457,13.1654975340002));
#11315=CARTESIAN_POINT('Ctrl Pts',(39.9197984479343,-2.47422115040457,13.0596722246237));
#11316=CARTESIAN_POINT('Ctrl Pts',(40.087004260582,-2.47422115040457,13.0457257145874));
#11317=CARTESIAN_POINT('Ctrl Pts',(40.1716969301132,-2.47422115040457,13.0386615632465));
#11318=CARTESIAN_POINT('Ctrl Pts',(39.5455030490784,-3.97422115040457,13.6566699384144));
#11319=CARTESIAN_POINT('Ctrl Pts',(39.5455030490784,-2.47422115040457,13.6566699384144));
#11320=CARTESIAN_POINT('Ctrl Pts',(39.5528095866531,-3.97422115040457,13.5736044077708));
#11321=CARTESIAN_POINT('Ctrl Pts',(39.5528095866531,-2.47422115040457,13.5736044077708));
#11322=CARTESIAN_POINT('Ctrl Pts',(39.5673283188036,-3.97422115040457,13.4085458998233));
#11323=CARTESIAN_POINT('Ctrl Pts',(39.5673283188036,-2.47422115040457,13.4085458998233));
#11324=CARTESIAN_POINT('Ctrl Pts',(39.673061641451,-3.97422115040457,13.281052797511));
#11325=CARTESIAN_POINT('Ctrl Pts',(39.673061641451,-2.47422115040457,13.281052797511));
#11326=CARTESIAN_POINT('Ctrl Pts',(39.7255847741989,-3.97422115040457,13.2177204726627));
#11327=CARTESIAN_POINT('Ctrl Pts',(39.7255847741989,-2.47422115040457,13.2177204726627));
#11328=CARTESIAN_POINT('',(39.5455030490784,-3.97422115040457,13.6566699384144));
#11329=CARTESIAN_POINT('Ctrl Pts',(39.5455030490784,-3.97422115040457,13.6566699384144));
#11330=CARTESIAN_POINT('Ctrl Pts',(39.5528095866531,-3.97422115040457,13.5736044077708));
#11331=CARTESIAN_POINT('Ctrl Pts',(39.5673283188036,-3.97422115040457,13.4085458998233));
#11332=CARTESIAN_POINT('Ctrl Pts',(39.673061641451,-3.97422115040457,13.281052797511));
#11333=CARTESIAN_POINT('Ctrl Pts',(39.7255847741989,-3.97422115040457,13.2177204726627));
#11334=CARTESIAN_POINT('',(39.5455030490784,-2.47422115040457,13.6566699384144));
#11335=CARTESIAN_POINT('',(39.5455030490784,-3.97422115040457,13.6566699384144));
#11336=CARTESIAN_POINT('Ctrl Pts',(39.5455030490784,-2.47422115040457,13.6566699384144));
#11337=CARTESIAN_POINT('Ctrl Pts',(39.5528095866531,-2.47422115040457,13.5736044077708));
#11338=CARTESIAN_POINT('Ctrl Pts',(39.5673283188036,-2.47422115040457,13.4085458998233));
#11339=CARTESIAN_POINT('Ctrl Pts',(39.673061641451,-2.47422115040457,13.281052797511));
#11340=CARTESIAN_POINT('Ctrl Pts',(39.7255847741989,-2.47422115040457,13.2177204726627));
#11341=CARTESIAN_POINT('Ctrl Pts',(39.6836338331131,-3.97422115040457,14.0280885337284));
#11342=CARTESIAN_POINT('Ctrl Pts',(39.6836338331131,-2.47422115040457,14.0280885337284));
#11343=CARTESIAN_POINT('Ctrl Pts',(39.6433489853816,-3.97422115040457,13.9738887842188));
#11344=CARTESIAN_POINT('Ctrl Pts',(39.6433489853816,-2.47422115040457,13.9738887842188));
#11345=CARTESIAN_POINT('Ctrl Pts',(39.5613641740324,-3.97422115040457,13.8635853701826));
#11346=CARTESIAN_POINT('Ctrl Pts',(39.5613641740324,-2.47422115040457,13.8635853701826));
#11347=CARTESIAN_POINT('Ctrl Pts',(39.5508505814136,-3.97422115040457,13.7264308768886));
#11348=CARTESIAN_POINT('Ctrl Pts',(39.5508505814136,-2.47422115040457,13.7264308768886));
#11349=CARTESIAN_POINT('Ctrl Pts',(39.5455030490784,-3.97422115040457,13.6566699384144));
#11350=CARTESIAN_POINT('Ctrl Pts',(39.5455030490784,-2.47422115040457,13.6566699384144));
#11351=CARTESIAN_POINT('',(39.6836338331131,-3.97422115040457,14.0280885337284));
#11352=CARTESIAN_POINT('Ctrl Pts',(39.6836338331131,-3.97422115040457,14.0280885337284));
#11353=CARTESIAN_POINT('Ctrl Pts',(39.6433489853816,-3.97422115040457,13.9738887842188));
#11354=CARTESIAN_POINT('Ctrl Pts',(39.5613641740324,-3.97422115040457,13.8635853701826));
#11355=CARTESIAN_POINT('Ctrl Pts',(39.5508505814136,-3.97422115040457,13.7264308768886));
#11356=CARTESIAN_POINT('Ctrl Pts',(39.5455030490784,-3.97422115040457,13.6566699384144));
#11357=CARTESIAN_POINT('',(39.6836338331131,-2.47422115040457,14.0280885337284));
#11358=CARTESIAN_POINT('',(39.6836338331131,-3.97422115040457,14.0280885337284));
#11359=CARTESIAN_POINT('Ctrl Pts',(39.6836338331131,-2.47422115040457,14.0280885337284));
#11360=CARTESIAN_POINT('Ctrl Pts',(39.6433489853816,-2.47422115040457,13.9738887842188));
#11361=CARTESIAN_POINT('Ctrl Pts',(39.5613641740324,-2.47422115040457,13.8635853701826));
#11362=CARTESIAN_POINT('Ctrl Pts',(39.5508505814136,-2.47422115040457,13.7264308768886));
#11363=CARTESIAN_POINT('Ctrl Pts',(39.5455030490784,-2.47422115040457,13.6566699384144));
#11364=CARTESIAN_POINT('Ctrl Pts',(40.1348618556885,-3.97422115040457,14.2439822195461));
#11365=CARTESIAN_POINT('Ctrl Pts',(40.1348618556885,-2.47422115040457,14.2439822195461));
#11366=CARTESIAN_POINT('Ctrl Pts',(40.0413995246531,-3.97422115040457,14.2227537926797));
#11367=CARTESIAN_POINT('Ctrl Pts',(40.0413995246531,-2.47422115040457,14.2227537926797));
#11368=CARTESIAN_POINT('Ctrl Pts',(39.8739782804765,-3.97422115040457,14.1847268186195));
#11369=CARTESIAN_POINT('Ctrl Pts',(39.8739782804765,-2.47422115040457,14.1847268186195));
#11370=CARTESIAN_POINT('Ctrl Pts',(39.7419553977599,-3.97422115040457,14.0760825255941));
#11371=CARTESIAN_POINT('Ctrl Pts',(39.7419553977599,-2.47422115040457,14.0760825255941));
#11372=CARTESIAN_POINT('Ctrl Pts',(39.6836338331131,-3.97422115040457,14.0280885337284));
#11373=CARTESIAN_POINT('Ctrl Pts',(39.6836338331131,-2.47422115040457,14.0280885337284));
#11374=CARTESIAN_POINT('',(40.1348618556885,-3.97422115040457,14.2439822195461));
#11375=CARTESIAN_POINT('Ctrl Pts',(40.1348618556885,-3.97422115040457,14.2439822195461));
#11376=CARTESIAN_POINT('Ctrl Pts',(40.0413995246531,-3.97422115040457,14.2227537926797));
#11377=CARTESIAN_POINT('Ctrl Pts',(39.8739782804765,-3.97422115040457,14.1847268186195));
#11378=CARTESIAN_POINT('Ctrl Pts',(39.7419553977599,-3.97422115040457,14.0760825255941));
#11379=CARTESIAN_POINT('Ctrl Pts',(39.6836338331131,-3.97422115040457,14.0280885337284));
#11380=CARTESIAN_POINT('',(40.1348618556885,-2.47422115040457,14.2439822195461));
#11381=CARTESIAN_POINT('',(40.1348618556885,-3.97422115040457,14.2439822195461));
#11382=CARTESIAN_POINT('Ctrl Pts',(40.1348618556885,-2.47422115040457,14.2439822195461));
#11383=CARTESIAN_POINT('Ctrl Pts',(40.0413995246531,-2.47422115040457,14.2227537926797));
#11384=CARTESIAN_POINT('Ctrl Pts',(39.8739782804765,-2.47422115040457,14.1847268186195));
#11385=CARTESIAN_POINT('Ctrl Pts',(39.7419553977599,-2.47422115040457,14.0760825255941));
#11386=CARTESIAN_POINT('Ctrl Pts',(39.6836338331131,-2.47422115040457,14.0280885337284));
#11387=CARTESIAN_POINT('Origin',(40.0857485224632,-3.97422115040457,14.6123314736774));
#11388=CARTESIAN_POINT('',(40.0857485224632,-3.97422115040457,14.6123314736774));
#11389=CARTESIAN_POINT('',(38.5560462275757,-3.97422115040451,26.0850754794764));
#11390=CARTESIAN_POINT('',(40.0857485224632,-2.47422115040457,14.6123314736774));
#11391=CARTESIAN_POINT('',(40.0857485224632,-3.97422115040457,14.6123314736774));
#11392=CARTESIAN_POINT('',(40.0857485224632,-2.47422115040457,14.6123314736774));
#11393=CARTESIAN_POINT('Ctrl Pts',(39.4759259511856,-3.97422115040457,14.3145824311664));
#11394=CARTESIAN_POINT('Ctrl Pts',(39.4759259511856,-2.47422115040457,14.3145824311664));
#11395=CARTESIAN_POINT('Ctrl Pts',(39.5613136768971,-3.97422115040457,14.3923228059993));
#11396=CARTESIAN_POINT('Ctrl Pts',(39.5613136768971,-2.47422115040457,14.3923228059993));
#11397=CARTESIAN_POINT('Ctrl Pts',(39.7353938613672,-3.97422115040457,14.5508123158077));
#11398=CARTESIAN_POINT('Ctrl Pts',(39.7353938613672,-2.47422115040457,14.5508123158077));
#11399=CARTESIAN_POINT('Ctrl Pts',(39.9674949023438,-3.97422115040457,14.5915671912727));
#11400=CARTESIAN_POINT('Ctrl Pts',(39.9674949023438,-2.47422115040457,14.5915671912727));
#11401=CARTESIAN_POINT('Ctrl Pts',(40.0857485224632,-3.97422115040457,14.6123314736774));
#11402=CARTESIAN_POINT('Ctrl Pts',(40.0857485224632,-2.47422115040457,14.6123314736774));
#11403=CARTESIAN_POINT('Ctrl Pts',(39.4759259511856,-3.97422115040457,14.3145824311664));
#11404=CARTESIAN_POINT('Ctrl Pts',(39.5613136768971,-3.97422115040457,14.3923228059993));
#11405=CARTESIAN_POINT('Ctrl Pts',(39.7353938613672,-3.97422115040457,14.5508123158077));
#11406=CARTESIAN_POINT('Ctrl Pts',(39.9674949023438,-3.97422115040457,14.5915671912727));
#11407=CARTESIAN_POINT('Ctrl Pts',(40.0857485224632,-3.97422115040457,14.6123314736774));
#11408=CARTESIAN_POINT('Ctrl Pts',(39.4759259511856,-2.47422115040457,14.3145824311664));
#11409=CARTESIAN_POINT('Ctrl Pts',(39.5613136768971,-2.47422115040457,14.3923228059993));
#11410=CARTESIAN_POINT('Ctrl Pts',(39.7353938613672,-2.47422115040457,14.5508123158077));
#11411=CARTESIAN_POINT('Ctrl Pts',(39.9674949023438,-2.47422115040457,14.5915671912727));
#11412=CARTESIAN_POINT('Ctrl Pts',(40.0857485224632,-2.47422115040457,14.6123314736774));
#11413=CARTESIAN_POINT('Origin',(40.4029382159141,-2.47422115040457,8.21737876575347));
#11414=CARTESIAN_POINT('Origin',(25.4860168099402,-3.97422115040457,-18.8230937792602));
#11415=CARTESIAN_POINT('',(25.4860168099402,-3.97422115040457,-18.8230937792602));
#11416=CARTESIAN_POINT('',(25.2500002980231,-3.97422115040457,-18.8230937792601));
#11417=CARTESIAN_POINT('',(33.1510020108665,-3.97422115040464,-18.8230937792601));
#11418=CARTESIAN_POINT('',(25.4860168099402,-2.47422115040457,-18.8230937792602));
#11419=CARTESIAN_POINT('',(25.4860168099402,-3.97422115040457,-18.8230937792602));
#11420=CARTESIAN_POINT('',(25.2500002980231,-2.47422115040457,-18.8230937792601));
#11421=CARTESIAN_POINT('',(25.4860168099402,-2.47422115040457,-18.8230937792602));
#11422=CARTESIAN_POINT('',(25.2500002980231,-3.97422115040457,-18.8230937792601));
#11423=CARTESIAN_POINT('Origin',(25.4860168099402,-3.97422115040457,-17.8381007983031));
#11424=CARTESIAN_POINT('',(25.4860168099402,-3.97422115040457,-17.8381007983031));
#11425=CARTESIAN_POINT('',(25.4860168099402,-3.97422115040456,10.1125027397792));
#11426=CARTESIAN_POINT('',(25.4860168099402,-2.47422115040457,-17.8381007983031));
#11427=CARTESIAN_POINT('',(25.4860168099402,-3.97422115040457,-17.8381007983031));
#11428=CARTESIAN_POINT('',(25.4860168099402,-2.47422115040457,-17.8381007983031));
#11429=CARTESIAN_POINT('Origin',(27.2500001788138,-3.97422115040457,-17.8381007983031));
#11430=CARTESIAN_POINT('',(27.2500001788138,-3.97422115040457,-17.8381007983031));
#11431=CARTESIAN_POINT('',(34.0329936953033,-3.97422115040463,-17.8381007983031));
#11432=CARTESIAN_POINT('',(27.2500001788138,-2.47422115040457,-17.8381007983031));
#11433=CARTESIAN_POINT('',(27.2500001788138,-3.97422115040457,-17.8381007983031));
#11434=CARTESIAN_POINT('',(27.2500001788138,-2.47422115040457,-17.8381007983031));
#11435=CARTESIAN_POINT('Origin',(27.2500001788138,-3.97422115040457,-17.5734347178283));
#11436=CARTESIAN_POINT('',(27.2500001788138,-3.97422115040457,-17.5734347178283));
#11437=CARTESIAN_POINT('',(27.2500001788138,-3.97422115040455,10.2448357800166));
#11438=CARTESIAN_POINT('',(27.2500001788138,-2.47422115040457,-17.5734347178283));
#11439=CARTESIAN_POINT('',(27.2500001788138,-3.97422115040457,-17.5734347178283));
#11440=CARTESIAN_POINT('',(27.2500001788138,-2.47422115040457,-17.5734347178283));
#11441=CARTESIAN_POINT('Origin',(25.2500002980231,-3.97422115040457,-17.5734347178283));
#11442=CARTESIAN_POINT('',(25.2500002980231,-3.97422115040457,-17.5734347178283));
#11443=CARTESIAN_POINT('',(33.0329937549079,-3.97422115040462,-17.5734347178283));
#11444=CARTESIAN_POINT('',(25.2500002980231,-2.47422115040457,-17.5734347178283));
#11445=CARTESIAN_POINT('',(25.2500002980231,-3.97422115040457,-17.5734347178283));
#11446=CARTESIAN_POINT('',(25.2500002980231,-2.47422115040457,-17.5734347178283));
#11447=CARTESIAN_POINT('Origin',(25.2500002980231,-3.97422115040457,-18.8230937792601));
#11448=CARTESIAN_POINT('',(25.2500002980231,-3.97422115040456,9.62000624930069));
#11449=CARTESIAN_POINT('',(25.2500002980231,-2.47422115040457,-18.8230937792601));
#11450=CARTESIAN_POINT('Origin',(26.2500002384185,-2.47422115040457,-16.1900788618865));
#11451=CARTESIAN_POINT('Origin',(26.1927013993262,-3.97422115040458,-13.8217297269645));
#11452=CARTESIAN_POINT('',(26.1927013993262,-3.97422115040458,-13.8217297269645));
#11453=CARTESIAN_POINT('',(25.2500002980231,-3.97422115040457,-13.8217297269645));
#11454=CARTESIAN_POINT('',(33.5043443055595,-3.97422115040462,-13.8217297269645));
#11455=CARTESIAN_POINT('',(26.1927013993262,-2.47422115040457,-13.8217297269645));
#11456=CARTESIAN_POINT('',(26.1927013993262,-3.97422115040458,-13.8217297269645));
#11457=CARTESIAN_POINT('',(25.2500002980231,-2.47422115040457,-13.8217297269645));
#11458=CARTESIAN_POINT('',(26.1927013993262,-2.47422115040457,-13.8217297269645));
#11459=CARTESIAN_POINT('',(25.2500002980231,-3.97422115040457,-13.8217297269645));
#11460=CARTESIAN_POINT('Origin',(26.1927013993262,-3.97422115040457,-14.8612934424224));
#11461=CARTESIAN_POINT('',(26.1927013993262,-3.97422115040457,-14.8612934424224));
#11462=CARTESIAN_POINT('',(26.1927013993262,-3.97422115040455,11.6009064177196));
#11463=CARTESIAN_POINT('',(26.1927013993262,-2.47422115040457,-14.8612934424224));
#11464=CARTESIAN_POINT('',(26.1927013993262,-3.97422115040457,-14.8612934424224));
#11465=CARTESIAN_POINT('',(26.1927013993262,-2.47422115040457,-14.8612934424224));
#11466=CARTESIAN_POINT('Origin',(25.2500002980231,-3.97422115040457,-14.8612934424224));
#11467=CARTESIAN_POINT('',(25.2500002980231,-3.97422115040457,-14.8612934424224));
#11468=CARTESIAN_POINT('',(33.0329937549079,-3.97422115040462,-14.8612934424224));
#11469=CARTESIAN_POINT('',(25.2500002980231,-2.47422115040457,-14.8612934424224));
#11470=CARTESIAN_POINT('',(25.2500002980231,-3.97422115040457,-14.8612934424224));
#11471=CARTESIAN_POINT('',(25.2500002980231,-2.47422115040457,-14.8612934424224));
#11472=CARTESIAN_POINT('Origin',(25.2500002980231,-3.97422115040457,-15.1259589268508));
#11473=CARTESIAN_POINT('',(25.2500002980231,-3.97422115040457,-15.1259589268508));
#11474=CARTESIAN_POINT('',(25.2500002980231,-3.97422115040455,11.4685736755054));
#11475=CARTESIAN_POINT('',(25.2500002980231,-2.47422115040457,-15.1259589268508));
#11476=CARTESIAN_POINT('',(25.2500002980231,-3.97422115040457,-15.1259589268508));
#11477=CARTESIAN_POINT('',(25.2500002980231,-2.47422115040457,-15.1259589268508));
#11478=CARTESIAN_POINT('Origin',(27.2500001788138,-3.97422115040457,-15.1259589268508));
#11479=CARTESIAN_POINT('',(27.2500001788138,-3.97422115040457,-15.1259589268508));
#11480=CARTESIAN_POINT('',(34.0329936953033,-3.97422115040463,-15.1259589268508));
#11481=CARTESIAN_POINT('',(27.2500001788138,-2.47422115040457,-15.1259589268508));
#11482=CARTESIAN_POINT('',(27.2500001788138,-3.97422115040457,-15.1259589268508));
#11483=CARTESIAN_POINT('',(27.2500001788138,-2.47422115040457,-15.1259589268508));
#11484=CARTESIAN_POINT('Origin',(27.2500001788138,-3.97422115040457,-14.8612934424224));
#11485=CARTESIAN_POINT('',(27.2500001788138,-3.97422115040457,-14.8612934424224));
#11486=CARTESIAN_POINT('',(27.2500001788138,-3.97422115040454,11.6009064177196));
#11487=CARTESIAN_POINT('',(27.2500001788138,-2.47422115040457,-14.8612934424224));
#11488=CARTESIAN_POINT('',(27.2500001788138,-3.97422115040457,-14.8612934424224));
#11489=CARTESIAN_POINT('',(27.2500001788138,-2.47422115040457,-14.8612934424224));
#11490=CARTESIAN_POINT('Origin',(26.4287179112433,-3.97422115040457,-14.8612934424224));
#11491=CARTESIAN_POINT('',(26.4287179112433,-3.97422115040457,-14.8612934424224));
#11492=CARTESIAN_POINT('',(33.622352561518,-3.97422115040462,-14.8612934424224));
#11493=CARTESIAN_POINT('',(26.4287179112433,-2.47422115040457,-14.8612934424224));
#11494=CARTESIAN_POINT('',(26.4287179112433,-3.97422115040457,-14.8612934424224));
#11495=CARTESIAN_POINT('',(26.4287179112433,-2.47422115040457,-14.8612934424224));
#11496=CARTESIAN_POINT('Origin',(26.4287179112433,-3.97422115040457,-13.8217297269645));
#11497=CARTESIAN_POINT('',(26.4287179112433,-3.97422115040457,-13.8217297269645));
#11498=CARTESIAN_POINT('',(26.4287179112433,-3.97422115040455,12.1206882754485));
#11499=CARTESIAN_POINT('',(26.4287179112433,-2.47422115040457,-13.8217297269645));
#11500=CARTESIAN_POINT('',(26.4287179112433,-3.97422115040457,-13.8217297269645));
#11501=CARTESIAN_POINT('',(26.4287179112433,-2.47422115040457,-13.8217297269645));
#11502=CARTESIAN_POINT('Origin',(27.2500001788138,-3.97422115040457,-13.8217297269645));
#11503=CARTESIAN_POINT('',(27.2500001788138,-3.97422115040457,-13.8217297269645));
#11504=CARTESIAN_POINT('',(34.0329936953033,-3.97422115040462,-13.8217297269645));
#11505=CARTESIAN_POINT('',(27.2500001788138,-2.47422115040457,-13.8217297269645));
#11506=CARTESIAN_POINT('',(27.2500001788138,-3.97422115040457,-13.8217297269645));
#11507=CARTESIAN_POINT('',(27.2500001788138,-2.47422115040457,-13.8217297269645));
#11508=CARTESIAN_POINT('Origin',(27.2500001788138,-3.97422115040457,-13.5570639445128));
#11509=CARTESIAN_POINT('',(27.2500001788138,-3.97422115040457,-13.5570639445128));
#11510=CARTESIAN_POINT('',(27.2500001788138,-3.97422115040454,12.2530211666743));
#11511=CARTESIAN_POINT('',(27.2500001788138,-2.47422115040457,-13.5570639445128));
#11512=CARTESIAN_POINT('',(27.2500001788138,-3.97422115040457,-13.5570639445128));
#11513=CARTESIAN_POINT('',(27.2500001788138,-2.47422115040457,-13.5570639445128));
#11514=CARTESIAN_POINT('Origin',(25.2500002980231,-3.97422115040457,-13.5570639445128));
#11515=CARTESIAN_POINT('',(25.2500002980231,-3.97422115040457,-13.5570639445128));
#11516=CARTESIAN_POINT('',(33.0329937549079,-3.97422115040462,-13.5570639445128));
#11517=CARTESIAN_POINT('',(25.2500002980231,-2.47422115040457,-13.5570639445128));
#11518=CARTESIAN_POINT('',(25.2500002980231,-3.97422115040457,-13.5570639445128));
#11519=CARTESIAN_POINT('',(25.2500002980231,-2.47422115040457,-13.5570639445128));
#11520=CARTESIAN_POINT('Origin',(25.2500002980231,-3.97422115040457,-13.8217297269645));
#11521=CARTESIAN_POINT('',(25.2500002980231,-3.97422115040455,12.1206882754485));
#11522=CARTESIAN_POINT('',(25.2500002980231,-2.47422115040457,-13.8217297269645));
#11523=CARTESIAN_POINT('Origin',(26.2500002384185,-2.47422115040457,-16.1900788618865));
#11524=CARTESIAN_POINT('Origin',(40.8159872117928,-3.97422115040448,38.0631062778615));
#11525=CARTESIAN_POINT('',(48.3159872117928,-3.9742211504045,26.1303033778909));
#11526=CARTESIAN_POINT('',(48.3159872117928,-3.97422115040448,36.5005457332925));
#11527=CARTESIAN_POINT('',(23.8159872117928,-3.9742211504045,26.1303033778909));
#11528=CARTESIAN_POINT('Origin',(40.8159872117928,-3.97422115040448,38.0631062778615));
#11529=CARTESIAN_POINT('Origin',(48.8159872117928,3.42577884959546,-14.053981885189));
#11530=CARTESIAN_POINT('',(43.8159872117928,4.92577884959543,-14.053981885189));
#11531=CARTESIAN_POINT('Origin',(43.8159872117928,3.42577884959544,-14.053981885189));
#11532=CARTESIAN_POINT('',(48.8159872117928,4.92577884959545,-14.053981885189));
#11533=CARTESIAN_POINT('Origin',(43.8159872117928,8.42577884959543,-25.5508533058384));
#11534=CARTESIAN_POINT('',(43.8159872117928,4.97577884959538,-16.7386606369208));
#11535=CARTESIAN_POINT('',(43.8159872117928,1.87577884959538,-16.7386606369208));
#11536=CARTESIAN_POINT('',(43.8159872117928,6.70077884959541,-16.7386606369208));
#11537=CARTESIAN_POINT('',(43.8159872117928,0.32577884959538,-14.053981885189));
#11538=CARTESIAN_POINT('',(43.8159872117928,4.60242452817679,-21.4613494864619));
#11539=CARTESIAN_POINT('',(43.8159872117928,1.87577884959537,-11.3693031334573));
#11540=CARTESIAN_POINT('',(43.8159872117928,-1.15086682898602,-16.6116072252691));
#11541=CARTESIAN_POINT('',(43.8159872117928,4.97577884959538,-11.3693031334573));
#11542=CARTESIAN_POINT('',(43.8159872117928,5.15077884959541,-11.3693031334573));
#11543=CARTESIAN_POINT('',(43.8159872117928,6.52577884959538,-14.053981885189));
#11544=CARTESIAN_POINT('',(43.8159872117928,8.4774245281768,-17.4343313588643));
#11545=CARTESIAN_POINT('',(43.8159872117928,4.27413317101398,-17.9539466011349));
#11546=CARTESIAN_POINT('Origin',(48.8159872117928,3.42577884959545,33.946018114811));
#11547=CARTESIAN_POINT('',(43.8159872117928,4.92577884959543,33.946018114811));
#11548=CARTESIAN_POINT('Origin',(43.8159872117928,3.42577884959543,33.946018114811));
#11549=CARTESIAN_POINT('',(48.8159872117928,4.92577884959545,33.946018114811));
#11550=CARTESIAN_POINT('Origin',(43.8159872117928,8.42577884959545,34.9379851887234));
#11551=CARTESIAN_POINT('',(43.8159872117928,4.97577884959538,31.2613393630792));
#11552=CARTESIAN_POINT('',(43.8159872117928,1.87577884959538,31.2613393630792));
#11553=CARTESIAN_POINT('',(43.8159872117928,6.70077884959543,31.2613393630792));
#11554=CARTESIAN_POINT('',(43.8159872117928,0.32577884959538,33.946018114811));
#11555=CARTESIAN_POINT('',(43.8159872117928,1.89851167816392,31.2219649489987));
#11556=CARTESIAN_POINT('',(43.8159872117928,1.87577884959537,36.6306968665427));
#11557=CARTESIAN_POINT('',(43.8159872117928,1.55304602102685,36.0717072101916));
#11558=CARTESIAN_POINT('',(43.8159872117928,4.97577884959538,36.6306968665427));
#11559=CARTESIAN_POINT('',(43.8159872117928,5.15077884959541,36.6306968665427));
#11560=CARTESIAN_POINT('',(43.8159872117928,6.52577884959538,33.946018114811));
#11561=CARTESIAN_POINT('',(43.8159872117928,5.77351167816393,35.2489830765964));
#11562=CARTESIAN_POINT('',(43.8159872117928,6.97804602102685,34.7293678343257));
#11563=CARTESIAN_POINT('Origin',(40.8159872117928,-1.97422115040461,-11.2358673084099));
#11564=CARTESIAN_POINT('',(44.8159872117928,-1.97422115040461,-10.4111508935642));
#11565=CARTESIAN_POINT('',(67.2159872117928,-1.9742211504046,36.7550183729001));
#11566=CARTESIAN_POINT('Origin',(40.8159872117928,-3.97422115040448,38.0631062778615));
#11567=CARTESIAN_POINT('Origin',(48.3159872117928,-13.834824847589,21.8415182432198));
#11568=CARTESIAN_POINT('',(48.3159872117928,-11.813409685882,32.4027238537704));
#11569=CARTESIAN_POINT('Origin',(48.3159872117928,-13.834824847589,21.8415182432198));
#11570=CARTESIAN_POINT('Ctrl Pts',(48.8159872117927,-3.47422115040451,26.2330998873224));
#11571=CARTESIAN_POINT('Ctrl Pts',(48.8159872117927,-3.47528090602934,26.232884558972));
#11572=CARTESIAN_POINT('Ctrl Pts',(48.8159838425472,-3.47634065624128,26.2326692159263));
#11573=CARTESIAN_POINT('Ctrl Pts',(48.8157602186535,-3.51150939870594,26.2255223401168));
#11574=CARTESIAN_POINT('Ctrl Pts',(48.8120534831076,-3.54551847363016,26.2185945446294));
#11575=CARTESIAN_POINT('Ctrl Pts',(48.7977724880254,-3.61222350079269,26.2049748433975));
#11576=CARTESIAN_POINT('Ctrl Pts',(48.787239992913,-3.64477221411887,26.1983130640334));
#11577=CARTESIAN_POINT('Ctrl Pts',(48.7472708267259,-3.73537742725249,26.1797289443218));
#11578=CARTESIAN_POINT('Ctrl Pts',(48.7096957690999,-3.78927629095185,26.1686214680712));
#11579=CARTESIAN_POINT('Ctrl Pts',(48.6165629949631,-3.8788681839644,26.1501062792459));
#11580=CARTESIAN_POINT('Ctrl Pts',(48.5622700870155,-3.91409199954316,26.1427983621983));
#11581=CARTESIAN_POINT('Ctrl Pts',(48.4435160022105,-3.96185520405002,26.1328782619919));
#11582=CARTESIAN_POINT('Ctrl Pts',(48.380389778394,-3.97414739360603,26.1303187235027));
#11583=CARTESIAN_POINT('Ctrl Pts',(48.3163706665418,-3.97422104012994,26.1303034008344));
#11584=CARTESIAN_POINT('Ctrl Pts',(48.3161789360706,-3.97422115040451,26.1303033778909));
#11585=CARTESIAN_POINT('Ctrl Pts',(48.3159872117928,-3.97422115040451,26.1303033778909));
#11586=CARTESIAN_POINT('Ctrl Pts',(48.8159872117928,-11.1948191324453,32.7803695600144));
#11587=CARTESIAN_POINT('Ctrl Pts',(48.8159872117928,-11.2780407144099,32.7306394106043));
#11588=CARTESIAN_POINT('Ctrl Pts',(48.8021700504684,-11.3619863460507,32.6800283785811));
#11589=CARTESIAN_POINT('Ctrl Pts',(48.7463772949239,-11.5196298690777,32.5842105926397));
#11590=CARTESIAN_POINT('Ctrl Pts',(48.7061614602344,-11.58918920007,32.5415403852113));
#11591=CARTESIAN_POINT('Ctrl Pts',(48.6195727878428,-11.6893471739395,32.4797967083887));
#11592=CARTESIAN_POINT('Ctrl Pts',(48.5753735967742,-11.7274148405253,32.4562080729333));
#11593=CARTESIAN_POINT('Ctrl Pts',(48.4845887532519,-11.7794174738198,32.4239071097185));
#11594=CARTESIAN_POINT('Ctrl Pts',(48.4409998451915,-11.796371426472,32.4133440849993));
#11595=CARTESIAN_POINT('Ctrl Pts',(48.3687035114025,-11.8108159264845,32.4043417021349));
#11596=CARTESIAN_POINT('Ctrl Pts',(48.3422972483256,-11.8134096858819,32.4027238537704));
#11597=CARTESIAN_POINT('Ctrl Pts',(48.3159872117928,-11.8134096858819,32.4027238537704));
#11598=CARTESIAN_POINT('Origin',(48.3159872117928,-3.47422115040448,36.5005457332925));
#11599=CARTESIAN_POINT('Origin',(40.8159872117928,1.87577884959537,36.6306968665427));
#11600=CARTESIAN_POINT('',(40.8159872117928,1.87577884959537,36.6306968665427));
#11601=CARTESIAN_POINT('',(40.8159872117928,4.97577884959538,36.6306968665427));
#11602=CARTESIAN_POINT('Origin',(40.8159872117928,4.97577884959538,36.6306968665427));
#11603=CARTESIAN_POINT('',(40.8159872117928,6.52577884959538,33.946018114811));
#11604=CARTESIAN_POINT('Origin',(40.8159872117928,6.52577884959538,33.946018114811));
#11605=CARTESIAN_POINT('',(40.8159872117928,4.97577884959538,31.2613393630792));
#11606=CARTESIAN_POINT('Origin',(40.8159872117928,4.97577884959538,31.2613393630792));
#11607=CARTESIAN_POINT('',(40.8159872117928,1.87577884959538,31.2613393630792));
#11608=CARTESIAN_POINT('Origin',(40.8159872117928,1.87577884959538,31.2613393630792));
#11609=CARTESIAN_POINT('',(40.8159872117928,0.32577884959538,33.946018114811));
#11610=CARTESIAN_POINT('Origin',(40.8159872117928,0.32577884959538,33.946018114811));
#11611=CARTESIAN_POINT('Origin',(40.8159872117928,1.87577884959537,-11.3693031334573));
#11612=CARTESIAN_POINT('',(40.8159872117928,1.87577884959537,-11.3693031334573));
#11613=CARTESIAN_POINT('',(40.8159872117928,4.97577884959538,-11.3693031334573));
#11614=CARTESIAN_POINT('Origin',(40.8159872117928,4.97577884959538,-11.3693031334573));
#11615=CARTESIAN_POINT('',(40.8159872117928,6.52577884959538,-14.053981885189));
#11616=CARTESIAN_POINT('Origin',(40.8159872117928,6.52577884959538,-14.053981885189));
#11617=CARTESIAN_POINT('',(40.8159872117928,4.97577884959538,-16.7386606369208));
#11618=CARTESIAN_POINT('Origin',(40.8159872117928,4.97577884959538,-16.7386606369208));
#11619=CARTESIAN_POINT('',(40.8159872117928,1.87577884959538,-16.7386606369208));
#11620=CARTESIAN_POINT('Origin',(40.8159872117928,1.87577884959538,-16.7386606369208));
#11621=CARTESIAN_POINT('',(40.8159872117928,0.325778849595381,-14.053981885189));
#11622=CARTESIAN_POINT('Origin',(40.8159872117928,0.325778849595381,-14.053981885189));
#11623=CARTESIAN_POINT('Origin',(48.8159872117928,-0.974221150404539,-10.4111508935642));
#11624=CARTESIAN_POINT('Origin',(23.8159872117928,-13.834824847589,21.8415182432198));
#11625=CARTESIAN_POINT('',(23.8159872117928,-11.8134096858822,32.4027238537704));
#11626=CARTESIAN_POINT('Origin',(67.2159872117928,8.42577884959525,-0.0539818851890494));
#11627=CARTESIAN_POINT('',(18.5155659920644,-29.6891569810438,-3.26554951273169));
#11628=CARTESIAN_POINT('Ctrl Pts',(18.5155661620427,-29.6814798516654,-3.35539586638104));
#11629=CARTESIAN_POINT('Ctrl Pts',(18.5158477355089,-29.682781152155,-3.34037533436326));
#11630=CARTESIAN_POINT('Ctrl Pts',(18.5159872117838,-29.6840696459184,-3.32539932306791));
#11631=CARTESIAN_POINT('Ctrl Pts',(18.5159872117838,-29.6866202071237,-3.29554979093115));
#11632=CARTESIAN_POINT('Ctrl Pts',(18.5158477707751,-29.6878910915685,-3.28057310921692));
#11633=CARTESIAN_POINT('Ctrl Pts',(18.5155659920631,-29.6891569810438,-3.26554951273171));
#11634=CARTESIAN_POINT('',(18.5155629960179,-29.8242211504049,-0.0539818851890383));
#11635=CARTESIAN_POINT('Ctrl Pts',(18.5155659920657,-29.6891569810438,-3.26554951273166));
#11636=CARTESIAN_POINT('Ctrl Pts',(18.5155642901514,-29.7660169853021,-2.35337375621846));
#11637=CARTESIAN_POINT('Ctrl Pts',(18.5155633072204,-29.8102158139822,-1.43744412844899));
#11638=CARTESIAN_POINT('Ctrl Pts',(18.5155630169904,-29.8232774057358,-0.364286312012629));
#11639=CARTESIAN_POINT('Ctrl Pts',(18.5155629960179,-29.8242211504049,-0.209112513764002));
#11640=CARTESIAN_POINT('Ctrl Pts',(18.5155629960179,-29.8242211504049,-0.0539818851890383));
#11641=CARTESIAN_POINT('',(56.4164114275686,-29.8242211504048,-0.0539818851890442));
#11642=CARTESIAN_POINT('',(67.2159872117929,-29.8242211504047,-0.0539818851890448));
#11643=CARTESIAN_POINT('',(56.4164084315279,-29.6891569811356,-3.26554951164111));
#11644=CARTESIAN_POINT('Ctrl Pts',(56.4164114275686,-29.8242211504048,-0.0539818851890442));
#11645=CARTESIAN_POINT('Ctrl Pts',(56.4164114275686,-29.8242211504048,-1.12717330592591));
#11646=CARTESIAN_POINT('Ctrl Pts',(56.4164104221456,-29.7790554184631,-2.19863342312389));
#11647=CARTESIAN_POINT('Ctrl Pts',(56.4164084315208,-29.6891569811356,-3.26554951164097));
#11648=CARTESIAN_POINT('Ctrl Pts',(56.4164084315351,-29.6891569811356,-3.26554951164124));
#11649=CARTESIAN_POINT('Ctrl Pts',(56.4161266528095,-29.6878910916298,-3.28057310849208));
#11650=CARTESIAN_POINT('Ctrl Pts',(56.415987211794,-29.6866202071545,-3.29554979056981));
#11651=CARTESIAN_POINT('Ctrl Pts',(56.415987211794,-29.6840696459025,-3.32539932325258));
#11652=CARTESIAN_POINT('Ctrl Pts',(56.4161266880724,-29.682781152123,-3.34037533473425));
#11653=CARTESIAN_POINT('Ctrl Pts',(56.4164082615456,-29.6814798516169,-3.35539586693938));
#11654=CARTESIAN_POINT('Ctrl Pts',(56.4159872117944,8.38158078155359,38.1959925792571));
#11655=CARTESIAN_POINT('Ctrl Pts',(56.4159872117946,3.77174089388431,38.1906658824457));
#11656=CARTESIAN_POINT('Ctrl Pts',(56.4160062868998,-0.802577709977184,
37.3519725969283));
#11657=CARTESIAN_POINT('Ctrl Pts',(56.4160766642132,-9.77644222289421,33.9539696147459));
#11658=CARTESIAN_POINT('Ctrl Pts',(56.4161294445404,-14.0447244259829,31.2978617565201));
#11659=CARTESIAN_POINT('Ctrl Pts',(56.4162397215251,-21.3233839383269,24.499062240715));
#11660=CARTESIAN_POINT('Ctrl Pts',(56.4162956235906,-24.2641111861792,20.4212654120092));
#11661=CARTESIAN_POINT('Ctrl Pts',(56.4163794835407,-28.4172897570208,11.3677559813336));
#11662=CARTESIAN_POINT('Ctrl Pts',(56.4164062252093,-29.5899286987835,6.47853522856641));
#11663=CARTESIAN_POINT('Ctrl Pts',(56.4164111932666,-29.8136817433607,0.983257888471593));
#11664=CARTESIAN_POINT('Ctrl Pts',(56.4164114275686,-29.8242211504048,0.464436002839303));
#11665=CARTESIAN_POINT('Ctrl Pts',(56.4164114275686,-29.8242211504048,-0.053981885189044));
#11666=CARTESIAN_POINT('Ctrl Pts',(18.5155629960179,-29.8242211504049,-0.0539818851890383));
#11667=CARTESIAN_POINT('Ctrl Pts',(18.5155629960179,-29.8242211504049,4.76883833700661));
#11668=CARTESIAN_POINT('Ctrl Pts',(18.5155839441777,-28.9120532135422,9.54993457159509));
#11669=CARTESIAN_POINT('Ctrl Pts',(18.515658557879,-25.2995440743649,18.6670410458264));
#11670=CARTESIAN_POINT('Ctrl Pts',(18.515712205435,-22.5776080423864,22.8951816536715));
#11671=CARTESIAN_POINT('Ctrl Pts',(18.5158227076229,-15.6659206162028,30.0702137999735));
#11672=CARTESIAN_POINT('Ctrl Pts',(18.515877962946,-11.5421776922228,32.948409851987));
#11673=CARTESIAN_POINT('Ctrl Pts',(18.5159593570564,-2.42321401787886,36.9619499021176));
#11674=CARTESIAN_POINT('Ctrl Pts',(18.5159843178169,2.48483738099315,38.0588121187888));
#11675=CARTESIAN_POINT('Ctrl Pts',(18.5159871305567,7.77061391313413,38.1916288145335));
#11676=CARTESIAN_POINT('Ctrl Pts',(18.5159872117889,8.07617327783829,38.1956396791107));
#11677=CARTESIAN_POINT('Ctrl Pts',(18.5159872117889,8.38158078169581,38.1959925792573));
#11678=CARTESIAN_POINT('Origin',(67.2159872117928,8.42577884959525,-0.0539818851890494));
#11679=CARTESIAN_POINT('',(61.01556599207,-29.6891569810644,-3.26554951248591));
#11680=CARTESIAN_POINT('Ctrl Pts',(61.0155661620482,-29.681479851644,-3.35539586662626));
#11681=CARTESIAN_POINT('Ctrl Pts',(61.0158477355175,-29.6827811521409,-3.34037533452612));
#11682=CARTESIAN_POINT('Ctrl Pts',(61.015987211794,-29.6840696459114,-3.32539932314887));
#11683=CARTESIAN_POINT('Ctrl Pts',(61.015987211794,-29.6866202071305,-3.29554979084951));
#11684=CARTESIAN_POINT('Ctrl Pts',(61.0158477707837,-29.6878910915822,-3.28057310905345));
#11685=CARTESIAN_POINT('Ctrl Pts',(61.0155659920687,-29.6891569810644,-3.26554951248593));
#11686=CARTESIAN_POINT('',(61.0155629960235,-29.8242211504048,-0.0539818851890383));
#11687=CARTESIAN_POINT('Ctrl Pts',(61.0155659920712,-29.6891569810644,-3.26554951248588));
#11688=CARTESIAN_POINT('Ctrl Pts',(61.015564290157,-29.7660169853101,-2.35337375605187));
#11689=CARTESIAN_POINT('Ctrl Pts',(61.0155633072259,-29.8102158139832,-1.4374441283624));
#11690=CARTESIAN_POINT('Ctrl Pts',(61.0155630169959,-29.8232774057357,-0.364286312008471));
#11691=CARTESIAN_POINT('Ctrl Pts',(61.0155629960234,-29.8242211504048,-0.209112513761924));
#11692=CARTESIAN_POINT('Ctrl Pts',(61.0155629960234,-29.8242211504048,-0.0539818851890391));
#11693=CARTESIAN_POINT('',(67.2159872117929,-29.8242211504047,-0.0539818851890448));
#11694=CARTESIAN_POINT('Ctrl Pts',(61.0155629960235,-29.8242211504048,-0.0539818851890383));
#11695=CARTESIAN_POINT('Ctrl Pts',(61.0155629960235,-29.8242211504048,4.76883833700873));
#11696=CARTESIAN_POINT('Ctrl Pts',(61.0155839441833,-28.9120532135412,9.54993457159924));
#11697=CARTESIAN_POINT('Ctrl Pts',(61.0156585578845,-25.2995440743617,18.6670410458319));
#11698=CARTESIAN_POINT('Ctrl Pts',(61.0157122054405,-22.5776080423825,22.8951816536766));
#11699=CARTESIAN_POINT('Ctrl Pts',(61.0158227076284,-15.6659206161978,30.0702137999774));
#11700=CARTESIAN_POINT('Ctrl Pts',(61.0158779629515,-11.5421776922173,32.9484098519902));
#11701=CARTESIAN_POINT('Ctrl Pts',(61.0159593570619,-2.42321401787282,36.9619499021194));
#11702=CARTESIAN_POINT('Ctrl Pts',(61.0159843178224,2.48483738099934,38.0588121187897));
#11703=CARTESIAN_POINT('Ctrl Pts',(61.0159871305622,7.77061391313885,38.1916288145335));
#11704=CARTESIAN_POINT('Ctrl Pts',(61.0159872117944,8.07617327784154,38.1956396791108));
#11705=CARTESIAN_POINT('Ctrl Pts',(61.0159872117944,8.38158078169758,38.1959925792573));
#11706=CARTESIAN_POINT('Origin',(16.2159872117841,-35.5447019829972,-2.52315231499573));
#11707=CARTESIAN_POINT('',(13.9159872117841,-35.5447019829973,-2.52315231499573));
#11708=CARTESIAN_POINT('Ctrl Pts',(18.5159872117905,-29.7300300244811,-3.30446927524791));
#11709=CARTESIAN_POINT('Ctrl Pts',(18.5159872117905,-29.7319137674715,-3.30249190680637));
#11710=CARTESIAN_POINT('Ctrl Pts',(18.5159853074604,-29.7337972643257,-3.30051463507372));
#11711=CARTESIAN_POINT('Ctrl Pts',(18.5151135046996,-30.1648427312764,-2.84796952745688));
#11712=CARTESIAN_POINT('Ctrl Pts',(18.4155543023706,-30.5784120962634,-2.40477812136619));
#11713=CARTESIAN_POINT('Ctrl Pts',(18.1025014751008,-31.171514214209,-1.75972092433316));
#11714=CARTESIAN_POINT('Ctrl Pts',(17.9376803503998,-31.3934675634483,-1.5156946355102));
#11715=CARTESIAN_POINT('Ctrl Pts',(17.5743062613387,-31.7200611358873,-1.15383567654049));
#11716=CARTESIAN_POINT('Ctrl Pts',(17.3998319382733,-31.8413655671571,-1.01855210453463));
#11717=CARTESIAN_POINT('Ctrl Pts',(17.0244639467256,-32.0232199626233,-0.815026463304323));
#11718=CARTESIAN_POINT('Ctrl Pts',(16.8316076988868,-32.0887021692289,-0.741405054345304));
#11719=CARTESIAN_POINT('Ctrl Pts',(16.4905677209084,-32.151263647767,-0.671012841330587));
#11720=CARTESIAN_POINT('Ctrl Pts',(16.3541150737688,-32.163913297263,-0.656757915702764));
#11721=CARTESIAN_POINT('Ctrl Pts',(16.0778593498131,-32.163913297263,-0.656757915701954));
#11722=CARTESIAN_POINT('Ctrl Pts',(15.941406702674,-32.1512636477671,-0.671012841328829));
#11723=CARTESIAN_POINT('Ctrl Pts',(15.6003667246992,-32.08870216923,-0.741405054340415));
#11724=CARTESIAN_POINT('Ctrl Pts',(15.407510476863,-32.0232199626261,-0.815026463296435));
#11725=CARTESIAN_POINT('Ctrl Pts',(15.0321424853176,-31.8413655671632,-1.01855210452019));
#11726=CARTESIAN_POINT('Ctrl Pts',(14.8576681622521,-31.7200611358949,-1.15383567652279));
#11727=CARTESIAN_POINT('Ctrl Pts',(14.4942940731905,-31.3934675634592,-1.5156946354842));
#11728=CARTESIAN_POINT('Ctrl Pts',(14.3294729484884,-31.1715142142219,-1.75972092430187));
#11729=CARTESIAN_POINT('Ctrl Pts',(14.0163823039697,-30.5783404486646,-2.40485604518257));
#11730=CARTESIAN_POINT('Ctrl Pts',(13.9168607300635,-30.1647496971023,-2.8480676184746));
#11731=CARTESIAN_POINT('Ctrl Pts',(13.9159891163382,-29.7337973710503,-3.30051451561553));
#11732=CARTESIAN_POINT('Ctrl Pts',(13.9159872117905,-29.7319136555647,-3.30249202427532));
#11733=CARTESIAN_POINT('Ctrl Pts',(13.9159872117905,-29.7300300244813,-3.3044692752479));
#11734=CARTESIAN_POINT('Origin',(16.2159872117841,-35.5447019829972,-2.52315231499573));
#11735=CARTESIAN_POINT('',(13.9164084315225,-29.6891569811566,-3.26554951139361));
#11736=CARTESIAN_POINT('Ctrl Pts',(13.9159872117905,-29.7300300244813,-3.3044692752479));
#11737=CARTESIAN_POINT('Ctrl Pts',(13.9159872117905,-29.7277511856308,-3.30229833602352));
#11738=CARTESIAN_POINT('Ctrl Pts',(13.9159911426131,-29.7254723096027,-3.30012752618033));
#11739=CARTESIAN_POINT('Ctrl Pts',(13.9160381272621,-29.7118510393586,-3.28715321425));
#11740=CARTESIAN_POINT('Ctrl Pts',(13.9161746046852,-29.7005052326082,-3.27635044317529));
#11741=CARTESIAN_POINT('Ctrl Pts',(13.9164084315225,-29.6891569807443,-3.2655495118268));
#11742=CARTESIAN_POINT('Ctrl Pts',(13.9164084315296,-29.6891569811566,-3.26554951139374));
#11743=CARTESIAN_POINT('Ctrl Pts',(13.9161266448108,-29.6878910557484,-3.28057353433621));
#11744=CARTESIAN_POINT('Ctrl Pts',(13.9159872117838,-29.6866201696901,-3.29555022902101));
#11745=CARTESIAN_POINT('Ctrl Pts',(13.9159872117838,-29.6840697125742,-3.32539854298798));
#11746=CARTESIAN_POINT('Ctrl Pts',(13.9161266738529,-29.682781217785,-3.34037457681974));
#11747=CARTESIAN_POINT('Ctrl Pts',(13.9164082615401,-29.6814798515955,-3.35539586718733));
#11748=CARTESIAN_POINT('Origin',(16.2159872117841,-35.5447019829972,-2.52315231499573));
#11749=CARTESIAN_POINT('Ctrl Pts',(18.5155659920644,-29.6891569809698,-3.26554951280943));
#11750=CARTESIAN_POINT('Ctrl Pts',(18.5157998265655,-29.7005056048427,-3.27635079843851));
#11751=CARTESIAN_POINT('Ctrl Pts',(18.5159362975997,-29.7118514170754,-3.2871535709998));
#11752=CARTESIAN_POINT('Ctrl Pts',(18.5159832808531,-29.7254722745853,-3.30012749895148));
#11753=CARTESIAN_POINT('Ctrl Pts',(18.5159872117905,-29.7277512158048,-3.302298364769));
#11754=CARTESIAN_POINT('Ctrl Pts',(18.5159872117905,-29.7300300244811,-3.30446927524791));
#11755=CARTESIAN_POINT('Origin',(58.7159872117942,-35.5447019829955,-2.52315231499555));
#11756=CARTESIAN_POINT('',(56.4159872117942,-35.5447019829956,-2.52315231499555));
#11757=CARTESIAN_POINT('Ctrl Pts',(61.015987211796,-29.7300300244794,-3.30446927524773));
#11758=CARTESIAN_POINT('Ctrl Pts',(61.015987211796,-29.7319137288872,-3.30249194730635));
#11759=CARTESIAN_POINT('Ctrl Pts',(61.0159853073909,-29.733797301104,-3.30051459388511));
#11760=CARTESIAN_POINT('Ctrl Pts',(61.0151135697977,-30.1648106599641,-2.84800334309704));
#11761=CARTESIAN_POINT('Ctrl Pts',(60.9155673391896,-30.5783873970407,-2.40480498419985));
#11762=CARTESIAN_POINT('Ctrl Pts',(60.6025014751035,-31.1715142142116,-1.75972092432209));
#11763=CARTESIAN_POINT('Ctrl Pts',(60.4376803504021,-31.3934675634503,-1.51569463550097));
#11764=CARTESIAN_POINT('Ctrl Pts',(60.0743062613408,-31.7200611358882,-1.15383567653413));
#11765=CARTESIAN_POINT('Ctrl Pts',(59.8998319382754,-31.8413655671574,-1.01855210452941));
#11766=CARTESIAN_POINT('Ctrl Pts',(59.5244639467285,-32.0232199626225,-0.815026463301388));
#11767=CARTESIAN_POINT('Ctrl Pts',(59.3316076988906,-32.0887021692275,-0.741405054343419));
#11768=CARTESIAN_POINT('Ctrl Pts',(58.9905677209135,-32.1512636477652,-0.671012841329799));
#11769=CARTESIAN_POINT('Ctrl Pts',(58.8541150737741,-32.1639132972612,-0.656757915702294));
#11770=CARTESIAN_POINT('Ctrl Pts',(58.5778593498183,-32.1639132972612,-0.656757915702046));
#11771=CARTESIAN_POINT('Ctrl Pts',(58.441406702679,-32.1512636477653,-0.671012841329271));
#11772=CARTESIAN_POINT('Ctrl Pts',(58.1003667247031,-32.0887021692279,-0.741405054341924));
#11773=CARTESIAN_POINT('Ctrl Pts',(57.907510476866,-32.0232199626234,-0.815026463298946));
#11774=CARTESIAN_POINT('Ctrl Pts',(57.5321424853197,-31.8413655671594,-1.01855210452501));
#11775=CARTESIAN_POINT('Ctrl Pts',(57.3576681622543,-31.7200611358905,-1.15383567652875));
#11776=CARTESIAN_POINT('Ctrl Pts',(56.9942940731928,-31.3934675634537,-1.51569463549303));
#11777=CARTESIAN_POINT('Ctrl Pts',(56.8294729484911,-31.1715142142157,-1.75972092431253));
#11778=CARTESIAN_POINT('Ctrl Pts',(56.5163954927252,-30.5783654357389,-2.40482886927745));
#11779=CARTESIAN_POINT('Ctrl Pts',(56.416860795919,-30.1647821432858,-2.84803340978835));
#11780=CARTESIAN_POINT('Ctrl Pts',(56.4159891162678,-29.7337973338216,-3.30051455726431));
#11781=CARTESIAN_POINT('Ctrl Pts',(56.415987211796,-29.7319136945864,-3.30249198331216));
#11782=CARTESIAN_POINT('Ctrl Pts',(56.415987211796,-29.7300300244796,-3.30446927524773));
#11783=CARTESIAN_POINT('Origin',(58.7159872117942,-35.5447019829955,-2.52315231499555));
#11784=CARTESIAN_POINT('Ctrl Pts',(56.415987211796,-29.7300300244796,-3.30446927524773));
#11785=CARTESIAN_POINT('Ctrl Pts',(56.415987211796,-29.7277511960103,-3.30229834591312));
#11786=CARTESIAN_POINT('Ctrl Pts',(56.4159911426582,-29.7254722975404,-3.30012751681239));
#11787=CARTESIAN_POINT('Ctrl Pts',(56.4160381272671,-29.7118510417132,-3.28715321544653));
#11788=CARTESIAN_POINT('Ctrl Pts',(56.4161746046522,-29.70050523445,-3.27635044526948));
#11789=CARTESIAN_POINT('Ctrl Pts',(56.4164084315279,-29.6891569807234,-3.26554951207423));
#11790=CARTESIAN_POINT('Origin',(58.7159872117942,-35.5447019829955,-2.52315231499555));
#11791=CARTESIAN_POINT('Ctrl Pts',(61.01556599207,-29.6891569809905,-3.26554951256351));
#11792=CARTESIAN_POINT('Ctrl Pts',(61.01579982654,-29.7005056033614,-3.27635079668878));
#11793=CARTESIAN_POINT('Ctrl Pts',(61.0159362976061,-29.7118514150991,-3.28715357017058));
#11794=CARTESIAN_POINT('Ctrl Pts',(61.0159832808987,-29.7254722868127,-3.30012750847156));
#11795=CARTESIAN_POINT('Ctrl Pts',(61.015987211796,-29.7277512052595,-3.30229835472453));
#11796=CARTESIAN_POINT('Ctrl Pts',(61.015987211796,-29.7300300244794,-3.30446927524773));
#11797=CARTESIAN_POINT('Origin',(62.7159872117926,53.4139769172496,21.2311861086803));
#11798=CARTESIAN_POINT('',(12.2159872117926,53.4139769172514,-21.4215711432815));
#11799=CARTESIAN_POINT('Origin',(12.2159872117928,8.42577884959507,-0.0539818851890494));
#11800=CARTESIAN_POINT('',(12.2159872117929,-36.6504192180623,-9.41139788825537));
#11801=CARTESIAN_POINT('',(12.2159872117929,-29.8242211504049,-0.0539818851890448));
#11802=CARTESIAN_POINT('Origin',(12.2159872117928,8.42577884959507,-0.0539818851890494));
#11803=CARTESIAN_POINT('Origin',(67.2159872117928,8.42577884959525,-0.0539818851890494));
#11804=CARTESIAN_POINT('',(13.9164114275631,-29.8242211504049,-0.0539818851890536));
#11805=CARTESIAN_POINT('',(67.2159872117929,-29.8242211504047,-0.0539818851890448));
#11806=CARTESIAN_POINT('Ctrl Pts',(13.9164114275631,-29.8242211504049,-0.0539818851890536));
#11807=CARTESIAN_POINT('Ctrl Pts',(13.9164114275631,-29.8242211504049,-1.12717330584293));
#11808=CARTESIAN_POINT('Ctrl Pts',(13.9164104221401,-29.7790554184703,-2.1986334229582));
#11809=CARTESIAN_POINT('Ctrl Pts',(13.9164084315153,-29.6891569811566,-3.26554951139348));
#11810=CARTESIAN_POINT('Ctrl Pts',(13.9159872117889,8.3815807815518,38.1959925792571));
#11811=CARTESIAN_POINT('Ctrl Pts',(13.9159872117891,3.77174089388377,38.1906658824455));
#11812=CARTESIAN_POINT('Ctrl Pts',(13.9160062868943,-0.802577709976474,
37.3519725969284));
#11813=CARTESIAN_POINT('Ctrl Pts',(13.9160766642077,-9.77644222289253,33.9539696147469));
#11814=CARTESIAN_POINT('Ctrl Pts',(13.9161294445349,-14.0447244259814,31.2978617565213));
#11815=CARTESIAN_POINT('Ctrl Pts',(13.9162397215196,-21.3233839383258,24.4990622407166));
#11816=CARTESIAN_POINT('Ctrl Pts',(13.9162956235851,-24.2641111861783,20.421265412011));
#11817=CARTESIAN_POINT('Ctrl Pts',(13.9163794835353,-28.4172897570203,11.3677559813356));
#11818=CARTESIAN_POINT('Ctrl Pts',(13.9164062252038,-29.5899286987833,6.47853522856845));
#11819=CARTESIAN_POINT('Ctrl Pts',(13.9164111932612,-29.8136817433608,0.983257888472945));
#11820=CARTESIAN_POINT('Ctrl Pts',(13.9164114275631,-29.8242211504049,0.464436002839974));
#11821=CARTESIAN_POINT('Ctrl Pts',(13.9164114275631,-29.8242211504049,-0.0539818851890536));
#11822=CARTESIAN_POINT('Origin',(16.2159872117889,8.38158078192729,-0.0539818851890511));
#11823=CARTESIAN_POINT('Origin',(58.7159872117944,8.38158078192908,-0.0539818851890511));
#11824=CARTESIAN_POINT('Origin',(62.7159872117928,-36.6504192180613,-21.3391498790573));
#11825=CARTESIAN_POINT('',(47.0636004371072,-27.7592158622189,225.032105122847));
#11826=UNCERTAINTY_MEASURE_WITH_UNIT(LENGTH_MEASURE(0.01),#11832,
'DISTANCE_ACCURACY_VALUE',
'Maximum model space distance between geometric entities at asserted c
onnectivities');
#11827=UNCERTAINTY_MEASURE_WITH_UNIT(LENGTH_MEASURE(0.01),#11832,
'DISTANCE_ACCURACY_VALUE',
'Maximum model space distance between geometric entities at asserted c
onnectivities');
#11828=UNCERTAINTY_MEASURE_WITH_UNIT(LENGTH_MEASURE(0.01),#11832,
'DISTANCE_ACCURACY_VALUE',
'Maximum model space distance between geometric entities at asserted c
onnectivities');
#11829=(
GEOMETRIC_REPRESENTATION_CONTEXT(3)
GLOBAL_UNCERTAINTY_ASSIGNED_CONTEXT((#11826))
GLOBAL_UNIT_ASSIGNED_CONTEXT((#11832,#11834,#11835))
REPRESENTATION_CONTEXT('','3D')
);
#11830=(
GEOMETRIC_REPRESENTATION_CONTEXT(3)
GLOBAL_UNCERTAINTY_ASSIGNED_CONTEXT((#11827))
GLOBAL_UNIT_ASSIGNED_CONTEXT((#11832,#11834,#11835))
REPRESENTATION_CONTEXT('','3D')
);
#11831=(
GEOMETRIC_REPRESENTATION_CONTEXT(3)
GLOBAL_UNCERTAINTY_ASSIGNED_CONTEXT((#11828))
GLOBAL_UNIT_ASSIGNED_CONTEXT((#11832,#11834,#11835))
REPRESENTATION_CONTEXT('','3D')
);
#11832=(
LENGTH_UNIT()
NAMED_UNIT(*)
SI_UNIT(.MILLI.,.METRE.)
);
#11833=(
LENGTH_UNIT()
NAMED_UNIT(*)
SI_UNIT($,.METRE.)
);
#11834=(
NAMED_UNIT(*)
PLANE_ANGLE_UNIT()
SI_UNIT($,.RADIAN.)
);
#11835=(
NAMED_UNIT(*)
SI_UNIT($,.STERADIAN.)
SOLID_ANGLE_UNIT()
);
#11836=SHAPE_DEFINITION_REPRESENTATION(#11838,#11841);
#11837=SHAPE_DEFINITION_REPRESENTATION(#11839,#11842);
#11838=PRODUCT_DEFINITION_SHAPE('',$,#11844);
#11839=PRODUCT_DEFINITION_SHAPE('',$,#11845);
#11840=PRODUCT_DEFINITION_SHAPE($,$,#14);
#11841=SHAPE_REPRESENTATION('',(#6256,#6522),#11829);
#11842=SHAPE_REPRESENTATION('',(#6257),#11830);
#11843=PRODUCT_DEFINITION_CONTEXT('part definition',#11851,'design');
#11844=PRODUCT_DEFINITION('DSSERVO 80 kg','c_base v40',#11846,#11843);
#11845=PRODUCT_DEFINITION('joint3','joint3',#11847,#11843);
#11846=PRODUCT_DEFINITION_FORMATION('',$,#11853);
#11847=PRODUCT_DEFINITION_FORMATION('',$,#11854);
#11848=PRODUCT_RELATED_PRODUCT_CATEGORY('c_base v40','c_base v40',(#11853));
#11849=PRODUCT_RELATED_PRODUCT_CATEGORY('joint3','joint3',(#11854));
#11850=APPLICATION_PROTOCOL_DEFINITION('international standard',
'automotive_design',2009,#11851);
#11851=APPLICATION_CONTEXT(
'Core Data for Automotive Mechanical Design Process');
#11852=PRODUCT_CONTEXT('part definition',#11851,'mechanical');
#11853=PRODUCT('DSSERVO 80 kg','c_base v40','STEP AP203',(#11852));
#11854=PRODUCT('joint3','joint3',$,(#11852));
#11855=PRESENTATION_STYLE_ASSIGNMENT((#11856));
#11856=SURFACE_STYLE_USAGE(.BOTH.,#11857);
#11857=SURFACE_SIDE_STYLE('',(#11858));
#11858=SURFACE_STYLE_FILL_AREA(#11859);
#11859=FILL_AREA_STYLE('Steel - Satin',(#11860));
#11860=FILL_AREA_STYLE_COLOUR('Steel - Satin',#11861);
#11861=COLOUR_RGB('Steel - Satin',0.627450980392157,0.627450980392157,0.627450980392157);
ENDSEC;
END-ISO-10303-21;
