ISO-10303-21;
HEADER;
/* Generated by software containing ST-Developer
 * from STEP Tools, Inc. (www.steptools.com) 
 */

FILE_DESCRIPTION(
/* description */ ('STEP AP203'),
/* implementation_level */ '2;1');

FILE_NAME(
/* name */ 'Joint1.2.step',
/* time_stamp */ '2025-12-11T15:20:41+05:30',
/* author */ (''),
/* organization */ (''),
/* preprocessor_version */ 'ST-DEVELOPER v20.1',
/* originating_system */ 'Autodesk Translation Framework v14.21.0.0',
/* authorisation */ '');

FILE_SCHEMA (('AUTOMOTIVE_DESIGN { 1 0 10303 214 3 1 1 }'));
ENDSEC;

DATA;
#10=MECHANICAL_DESIGN_GEOMETRIC_PRESENTATION_REPRESENTATION('',(#17),#2200);
#11=ITEM_DEFINED_TRANSFORMATION($,$,#1114,#1223);
#12=(
REPRESENTATION_RELATIONSHIP($,$,#2211,#2210)
REPRESENTATION_RELATIONSHIP_WITH_TRANSFORMATION(#11)
SHAPE_REPRESENTATION_RELATIONSHIP()
);
#13=CONTEXT_DEPENDENT_SHAPE_REPRESENTATION(#12,#2209);
#14=NEXT_ASSEMBLY_USAGE_OCCURRENCE('joint1:1','joint1:1','joint1:1',#2213,
#2214,'joint1:1');
#15=SHAPE_REPRESENTATION_RELATIONSHIP('SRR','None',#2211,#16);
#16=ADVANCED_BREP_SHAPE_REPRESENTATION('',(#18),#2199);
#17=STYLED_ITEM('',(#2224),#18);
#18=MANIFOLD_SOLID_BREP('Body1',#1100);
#19=B_SPLINE_SURFACE_WITH_KNOTS('',3,3,((#1815,#1816,#1817,#1818),(#1819,
#1820,#1821,#1822),(#1823,#1824,#1825,#1826),(#1827,#1828,#1829,#1830),
(#1831,#1832,#1833,#1834),(#1835,#1836,#1837,#1838),(#1839,#1840,#1841,
#1842),(#1843,#1844,#1845,#1846)),.UNSPECIFIED.,.F.,.F.,.F.,(4,1,1,1,1,
4),(4,4),(0.,0.142857142857143,0.285714285714286,0.571428571428571,0.857142857142857,
1.),(-1.2,2.6048577129007E-15),.UNSPECIFIED.);
#20=B_SPLINE_SURFACE_WITH_KNOTS('',3,3,((#2083,#2084,#2085,#2086),(#2087,
#2088,#2089,#2090),(#2091,#2092,#2093,#2094),(#2095,#2096,#2097,#2098),
(#2099,#2100,#2101,#2102),(#2103,#2104,#2105,#2106),(#2107,#2108,#2109,
#2110),(#2111,#2112,#2113,#2114)),.UNSPECIFIED.,.F.,.F.,.F.,(4,1,1,1,1,
4),(4,4),(0.,0.142857142857143,0.285714285714286,0.571428571428571,0.857142857142857,
1.),(-1.11787377976929E-15,1.2),.UNSPECIFIED.);
#21=FACE_BOUND('',#315,.T.);
#22=FACE_BOUND('',#318,.T.);
#23=FACE_BOUND('',#321,.T.);
#24=FACE_BOUND('',#324,.T.);
#25=FACE_BOUND('',#327,.T.);
#26=FACE_BOUND('',#330,.T.);
#27=FACE_BOUND('',#331,.T.);
#28=FACE_BOUND('',#352,.T.);
#29=FACE_BOUND('',#353,.T.);
#30=FACE_BOUND('',#354,.T.);
#31=FACE_BOUND('',#355,.T.);
#32=FACE_BOUND('',#356,.T.);
#33=FACE_BOUND('',#357,.T.);
#34=FACE_BOUND('',#358,.T.);
#35=FACE_BOUND('',#380,.T.);
#36=FACE_BOUND('',#381,.T.);
#37=FACE_BOUND('',#384,.T.);
#38=FACE_BOUND('',#385,.T.);
#39=FACE_BOUND('',#386,.T.);
#40=FACE_BOUND('',#387,.T.);
#41=FACE_BOUND('',#388,.T.);
#42=FACE_BOUND('',#389,.T.);
#43=FACE_BOUND('',#390,.T.);
#44=FACE_BOUND('',#391,.T.);
#45=FACE_BOUND('',#392,.T.);
#46=PLANE('',#1122);
#47=PLANE('',#1127);
#48=PLANE('',#1132);
#49=PLANE('',#1137);
#50=PLANE('',#1142);
#51=PLANE('',#1156);
#52=PLANE('',#1157);
#53=PLANE('',#1158);
#54=PLANE('',#1159);
#55=PLANE('',#1161);
#56=PLANE('',#1166);
#57=PLANE('',#1173);
#58=PLANE('',#1177);
#59=PLANE('',#1181);
#60=PLANE('',#1192);
#61=PLANE('',#1194);
#62=PLANE('',#1195);
#63=PLANE('',#1196);
#64=PLANE('',#1197);
#65=PLANE('',#1206);
#66=PLANE('',#1208);
#67=PLANE('',#1211);
#68=PLANE('',#1212);
#69=PLANE('',#1219);
#70=LINE('',#1563,#147);
#71=LINE('',#1572,#148);
#72=LINE('',#1581,#149);
#73=LINE('',#1590,#150);
#74=LINE('',#1599,#151);
#75=LINE('',#1627,#152);
#76=LINE('',#1718,#153);
#77=LINE('',#1728,#154);
#78=LINE('',#1731,#155);
#79=LINE('',#1739,#156);
#80=LINE('',#1742,#157);
#81=LINE('',#1750,#158);
#82=LINE('',#1753,#159);
#83=LINE('',#1755,#160);
#84=LINE('',#1757,#161);
#85=LINE('',#1758,#162);
#86=LINE('',#1761,#163);
#87=LINE('',#1763,#164);
#88=LINE('',#1764,#165);
#89=LINE('',#1767,#166);
#90=LINE('',#1776,#167);
#91=LINE('',#1778,#168);
#92=LINE('',#1779,#169);
#93=LINE('',#1783,#170);
#94=LINE('',#1798,#171);
#95=LINE('',#1801,#172);
#96=LINE('',#1804,#173);
#97=LINE('',#1806,#174);
#98=LINE('',#1808,#175);
#99=LINE('',#1814,#176);
#100=LINE('',#1916,#177);
#101=LINE('',#1921,#178);
#102=LINE('',#1925,#179);
#103=LINE('',#1929,#180);
#104=LINE('',#1931,#181);
#105=LINE('',#1933,#182);
#106=LINE('',#1934,#183);
#107=LINE('',#1940,#184);
#108=LINE('',#1942,#185);
#109=LINE('',#1943,#186);
#110=LINE('',#1946,#187);
#111=LINE('',#1949,#188);
#112=LINE('',#1952,#189);
#113=LINE('',#1956,#190);
#114=LINE('',#1977,#191);
#115=LINE('',#1979,#192);
#116=LINE('',#1981,#193);
#117=LINE('',#1993,#194);
#118=LINE('',#1994,#195);
#119=LINE('',#1996,#196);
#120=LINE('',#1998,#197);
#121=LINE('',#2005,#198);
#122=LINE('',#2007,#199);
#123=LINE('',#2008,#200);
#124=LINE('',#2010,#201);
#125=LINE('',#2013,#202);
#126=LINE('',#2014,#203);
#127=LINE('',#2017,#204);
#128=LINE('',#2018,#205);
#129=LINE('',#2021,#206);
#130=LINE('',#2022,#207);
#131=LINE('',#2026,#208);
#132=LINE('',#2028,#209);
#133=LINE('',#2037,#210);
#134=LINE('',#2075,#211);
#135=LINE('',#2079,#212);
#136=LINE('',#2081,#213);
#137=LINE('',#2139,#214);
#138=LINE('',#2140,#215);
#139=LINE('',#2142,#216);
#140=LINE('',#2143,#217);
#141=LINE('',#2158,#218);
#142=LINE('',#2159,#219);
#143=LINE('',#2162,#220);
#144=LINE('',#2163,#221);
#145=LINE('',#2191,#222);
#146=LINE('',#2193,#223);
#147=VECTOR('',#1240,2.5);
#148=VECTOR('',#1251,2.5);
#149=VECTOR('',#1262,2.49999999999999);
#150=VECTOR('',#1273,2.5);
#151=VECTOR('',#1284,2.5);
#152=VECTOR('',#1295,3.3);
#153=VECTOR('',#1312,10.);
#154=VECTOR('',#1317,10.);
#155=VECTOR('',#1320,10.);
#156=VECTOR('',#1321,10.);
#157=VECTOR('',#1324,10.);
#158=VECTOR('',#1325,10.);
#159=VECTOR('',#1328,10.);
#160=VECTOR('',#1329,10.);
#161=VECTOR('',#1330,10.);
#162=VECTOR('',#1331,10.);
#163=VECTOR('',#1334,10.);
#164=VECTOR('',#1335,10.);
#165=VECTOR('',#1336,10.);
#166=VECTOR('',#1339,10.);
#167=VECTOR('',#1342,10.);
#168=VECTOR('',#1343,10.);
#169=VECTOR('',#1344,10.);
#170=VECTOR('',#1349,32.9999974580784);
#171=VECTOR('',#1352,10.);
#172=VECTOR('',#1355,10.);
#173=VECTOR('',#1358,10.);
#174=VECTOR('',#1359,10.);
#175=VECTOR('',#1360,10.);
#176=VECTOR('',#1361,10.);
#177=VECTOR('',#1364,1.5);
#178=VECTOR('',#1371,1.50000000000001);
#179=VECTOR('',#1376,1.5);
#180=VECTOR('',#1379,10.);
#181=VECTOR('',#1380,10.);
#182=VECTOR('',#1381,10.);
#183=VECTOR('',#1382,10.);
#184=VECTOR('',#1389,10.);
#185=VECTOR('',#1392,10.);
#186=VECTOR('',#1393,10.);
#187=VECTOR('',#1396,10.);
#188=VECTOR('',#1401,10.);
#189=VECTOR('',#1404,10.);
#190=VECTOR('',#1407,10.);
#191=VECTOR('',#1410,0.0281616654978123);
#192=VECTOR('',#1411,10.);
#193=VECTOR('',#1412,10.);
#194=VECTOR('',#1425,10.);
#195=VECTOR('',#1426,10.);
#196=VECTOR('',#1427,10.);
#197=VECTOR('',#1428,10.);
#198=VECTOR('',#1437,10.);
#199=VECTOR('',#1438,10.);
#200=VECTOR('',#1439,10.);
#201=VECTOR('',#1442,10.);
#202=VECTOR('',#1445,10.);
#203=VECTOR('',#1446,10.);
#204=VECTOR('',#1449,10.);
#205=VECTOR('',#1450,10.);
#206=VECTOR('',#1453,10.);
#207=VECTOR('',#1454,10.);
#208=VECTOR('',#1461,1.50000000000001);
#209=VECTOR('',#1464,1.5);
#210=VECTOR('',#1469,10.);
#211=VECTOR('',#1472,1.5);
#212=VECTOR('',#1477,10.);
#213=VECTOR('',#1478,10.);
#214=VECTOR('',#1483,10.);
#215=VECTOR('',#1484,10.);
#216=VECTOR('',#1485,10.);
#217=VECTOR('',#1486,10.);
#218=VECTOR('',#1493,10.);
#219=VECTOR('',#1494,10.);
#220=VECTOR('',#1497,10.);
#221=VECTOR('',#1498,10.);
#222=VECTOR('',#1517,32.9999974580784);
#223=VECTOR('',#1520,1.53021768065465);
#224=CYLINDRICAL_SURFACE('',#1119,2.5);
#225=CYLINDRICAL_SURFACE('',#1124,2.5);
#226=CYLINDRICAL_SURFACE('',#1129,2.49999999999999);
#227=CYLINDRICAL_SURFACE('',#1134,2.5);
#228=CYLINDRICAL_SURFACE('',#1139,2.5);
#229=CYLINDRICAL_SURFACE('',#1144,3.3);
#230=CYLINDRICAL_SURFACE('',#1153,38.9999974580784);
#231=CYLINDRICAL_SURFACE('',#1160,36.1154860205987);
#232=CYLINDRICAL_SURFACE('',#1162,32.9999974580784);
#233=CYLINDRICAL_SURFACE('',#1164,2.5);
#234=CYLINDRICAL_SURFACE('',#1167,1.5);
#235=CYLINDRICAL_SURFACE('',#1169,1.50000000000001);
#236=CYLINDRICAL_SURFACE('',#1171,1.5);
#237=CYLINDRICAL_SURFACE('',#1174,29.);
#238=CYLINDRICAL_SURFACE('',#1178,34.9999977485838);
#239=CYLINDRICAL_SURFACE('',#1180,34.9999977485838);
#240=CYLINDRICAL_SURFACE('',#1189,38.9999974580784);
#241=CYLINDRICAL_SURFACE('',#1191,36.1154860607309);
#242=CYLINDRICAL_SURFACE('',#1198,29.);
#243=CYLINDRICAL_SURFACE('',#1200,1.50000000000001);
#244=CYLINDRICAL_SURFACE('',#1201,1.5);
#245=CYLINDRICAL_SURFACE('',#1202,38.9999974580784);
#246=CYLINDRICAL_SURFACE('',#1204,1.5);
#247=CYLINDRICAL_SURFACE('',#1209,2.5);
#248=CYLINDRICAL_SURFACE('',#1213,38.5565524492095);
#249=CYLINDRICAL_SURFACE('',#1215,36.1154860205987);
#250=CYLINDRICAL_SURFACE('',#1217,48.800801468946);
#251=CYLINDRICAL_SURFACE('',#1218,38.9999974580784);
#252=CYLINDRICAL_SURFACE('',#1221,32.9999974580784);
#253=CYLINDRICAL_SURFACE('',#1222,1.53021768065465);
#254=FACE_OUTER_BOUND('',#312,.T.);
#255=FACE_OUTER_BOUND('',#313,.T.);
#256=FACE_OUTER_BOUND('',#314,.T.);
#257=FACE_OUTER_BOUND('',#316,.T.);
#258=FACE_OUTER_BOUND('',#317,.T.);
#259=FACE_OUTER_BOUND('',#319,.T.);
#260=FACE_OUTER_BOUND('',#320,.T.);
#261=FACE_OUTER_BOUND('',#322,.T.);
#262=FACE_OUTER_BOUND('',#323,.T.);
#263=FACE_OUTER_BOUND('',#325,.T.);
#264=FACE_OUTER_BOUND('',#326,.T.);
#265=FACE_OUTER_BOUND('',#328,.T.);
#266=FACE_OUTER_BOUND('',#329,.T.);
#267=FACE_OUTER_BOUND('',#332,.T.);
#268=FACE_OUTER_BOUND('',#333,.T.);
#269=FACE_OUTER_BOUND('',#334,.T.);
#270=FACE_OUTER_BOUND('',#335,.T.);
#271=FACE_OUTER_BOUND('',#336,.T.);
#272=FACE_OUTER_BOUND('',#337,.T.);
#273=FACE_OUTER_BOUND('',#338,.T.);
#274=FACE_OUTER_BOUND('',#339,.T.);
#275=FACE_OUTER_BOUND('',#340,.T.);
#276=FACE_OUTER_BOUND('',#341,.T.);
#277=FACE_OUTER_BOUND('',#342,.T.);
#278=FACE_OUTER_BOUND('',#343,.T.);
#279=FACE_OUTER_BOUND('',#344,.T.);
#280=FACE_OUTER_BOUND('',#345,.T.);
#281=FACE_OUTER_BOUND('',#346,.T.);
#282=FACE_OUTER_BOUND('',#347,.T.);
#283=FACE_OUTER_BOUND('',#348,.T.);
#284=FACE_OUTER_BOUND('',#349,.T.);
#285=FACE_OUTER_BOUND('',#350,.T.);
#286=FACE_OUTER_BOUND('',#351,.T.);
#287=FACE_OUTER_BOUND('',#359,.T.);
#288=FACE_OUTER_BOUND('',#360,.T.);
#289=FACE_OUTER_BOUND('',#361,.T.);
#290=FACE_OUTER_BOUND('',#362,.T.);
#291=FACE_OUTER_BOUND('',#363,.T.);
#292=FACE_OUTER_BOUND('',#364,.T.);
#293=FACE_OUTER_BOUND('',#365,.T.);
#294=FACE_OUTER_BOUND('',#366,.T.);
#295=FACE_OUTER_BOUND('',#367,.T.);
#296=FACE_OUTER_BOUND('',#368,.T.);
#297=FACE_OUTER_BOUND('',#369,.T.);
#298=FACE_OUTER_BOUND('',#370,.T.);
#299=FACE_OUTER_BOUND('',#371,.T.);
#300=FACE_OUTER_BOUND('',#372,.T.);
#301=FACE_OUTER_BOUND('',#373,.T.);
#302=FACE_OUTER_BOUND('',#374,.T.);
#303=FACE_OUTER_BOUND('',#375,.T.);
#304=FACE_OUTER_BOUND('',#376,.T.);
#305=FACE_OUTER_BOUND('',#377,.T.);
#306=FACE_OUTER_BOUND('',#378,.T.);
#307=FACE_OUTER_BOUND('',#379,.T.);
#308=FACE_OUTER_BOUND('',#382,.T.);
#309=FACE_OUTER_BOUND('',#383,.T.);
#310=FACE_OUTER_BOUND('',#393,.T.);
#311=FACE_OUTER_BOUND('',#394,.T.);
#312=EDGE_LOOP('',(#730,#731,#732,#733));
#313=EDGE_LOOP('',(#734,#735,#736,#737));
#314=EDGE_LOOP('',(#738));
#315=EDGE_LOOP('',(#739));
#316=EDGE_LOOP('',(#740,#741,#742,#743));
#317=EDGE_LOOP('',(#744));
#318=EDGE_LOOP('',(#745));
#319=EDGE_LOOP('',(#746,#747,#748,#749));
#320=EDGE_LOOP('',(#750));
#321=EDGE_LOOP('',(#751));
#322=EDGE_LOOP('',(#752,#753,#754,#755));
#323=EDGE_LOOP('',(#756));
#324=EDGE_LOOP('',(#757));
#325=EDGE_LOOP('',(#758,#759,#760,#761));
#326=EDGE_LOOP('',(#762));
#327=EDGE_LOOP('',(#763));
#328=EDGE_LOOP('',(#764,#765,#766,#767,#768,#769));
#329=EDGE_LOOP('',(#770,#771,#772,#773,#774,#775));
#330=EDGE_LOOP('',(#776,#777,#778,#779));
#331=EDGE_LOOP('',(#780,#781,#782,#783));
#332=EDGE_LOOP('',(#784,#785,#786,#787,#788,#789));
#333=EDGE_LOOP('',(#790,#791,#792,#793));
#334=EDGE_LOOP('',(#794,#795,#796,#797));
#335=EDGE_LOOP('',(#798,#799,#800,#801,#802,#803));
#336=EDGE_LOOP('',(#804,#805,#806,#807,#808));
#337=EDGE_LOOP('',(#809,#810,#811,#812));
#338=EDGE_LOOP('',(#813,#814,#815,#816,#817,#818));
#339=EDGE_LOOP('',(#819,#820,#821,#822,#823,#824));
#340=EDGE_LOOP('',(#825,#826,#827,#828));
#341=EDGE_LOOP('',(#829,#830,#831,#832,#833,#834));
#342=EDGE_LOOP('',(#835,#836,#837,#838));
#343=EDGE_LOOP('',(#839,#840,#841,#842));
#344=EDGE_LOOP('',(#843,#844,#845,#846));
#345=EDGE_LOOP('',(#847,#848,#849,#850));
#346=EDGE_LOOP('',(#851,#852,#853,#854));
#347=EDGE_LOOP('',(#855,#856,#857,#858));
#348=EDGE_LOOP('',(#859,#860,#861,#862,#863,#864));
#349=EDGE_LOOP('',(#865,#866,#867,#868));
#350=EDGE_LOOP('',(#869,#870,#871,#872));
#351=EDGE_LOOP('',(#873,#874,#875,#876,#877,#878,#879,#880,#881,#882,#883,
#884,#885,#886,#887));
#352=EDGE_LOOP('',(#888));
#353=EDGE_LOOP('',(#889));
#354=EDGE_LOOP('',(#890));
#355=EDGE_LOOP('',(#891));
#356=EDGE_LOOP('',(#892,#893,#894,#895));
#357=EDGE_LOOP('',(#896));
#358=EDGE_LOOP('',(#897));
#359=EDGE_LOOP('',(#898,#899,#900,#901,#902,#903));
#360=EDGE_LOOP('',(#904,#905,#906,#907));
#361=EDGE_LOOP('',(#908,#909,#910,#911));
#362=EDGE_LOOP('',(#912,#913,#914,#915));
#363=EDGE_LOOP('',(#916,#917,#918,#919));
#364=EDGE_LOOP('',(#920,#921,#922,#923,#924));
#365=EDGE_LOOP('',(#925,#926,#927,#928,#929));
#366=EDGE_LOOP('',(#930,#931,#932,#933));
#367=EDGE_LOOP('',(#934,#935,#936,#937));
#368=EDGE_LOOP('',(#938,#939,#940,#941));
#369=EDGE_LOOP('',(#942,#943,#944,#945,#946));
#370=EDGE_LOOP('',(#947,#948,#949,#950));
#371=EDGE_LOOP('',(#951,#952,#953,#954));
#372=EDGE_LOOP('',(#955,#956,#957,#958));
#373=EDGE_LOOP('',(#959,#960,#961,#962,#963,#964));
#374=EDGE_LOOP('',(#965,#966,#967,#968));
#375=EDGE_LOOP('',(#969,#970,#971,#972));
#376=EDGE_LOOP('',(#973,#974,#975,#976));
#377=EDGE_LOOP('',(#977,#978,#979,#980));
#378=EDGE_LOOP('',(#981,#982,#983,#984));
#379=EDGE_LOOP('',(#985,#986,#987,#988,#989,#990,#991));
#380=EDGE_LOOP('',(#992));
#381=EDGE_LOOP('',(#993));
#382=EDGE_LOOP('',(#994,#995,#996,#997,#998));
#383=EDGE_LOOP('',(#999,#1000,#1001,#1002,#1003,#1004,#1005,#1006,#1007,
#1008,#1009,#1010,#1011,#1012,#1013,#1014,#1015,#1016,#1017));
#384=EDGE_LOOP('',(#1018));
#385=EDGE_LOOP('',(#1019));
#386=EDGE_LOOP('',(#1020));
#387=EDGE_LOOP('',(#1021));
#388=EDGE_LOOP('',(#1022));
#389=EDGE_LOOP('',(#1023));
#390=EDGE_LOOP('',(#1024));
#391=EDGE_LOOP('',(#1025));
#392=EDGE_LOOP('',(#1026,#1027,#1028,#1029));
#393=EDGE_LOOP('',(#1030,#1031,#1032,#1033,#1034,#1035));
#394=EDGE_LOOP('',(#1036,#1037,#1038,#1039));
#395=B_SPLINE_CURVE_WITH_KNOTS('',3,(#1532,#1533,#1534,#1535,#1536,#1537,
#1538,#1539,#1540,#1541,#1542,#1543,#1544,#1545,#1546,#1547,#1548,#1549,
#1550,#1551,#1552,#1553,#1554,#1555,#1556,#1557),.UNSPECIFIED.,.F.,.F.,
(4,2,2,2,2,2,2,2,2,2,2,2,4),(-1.24969181009215,-1.24862005905496,-1.05338186547966,
-0.904971333911108,-0.793271895116984,-0.690826153355463,-0.624310064344056,
-0.557793975332677,-0.455348233571307,-0.34364879477727,-0.195238263208839,
0.,0.00107174729158355),.UNSPECIFIED.);
#396=B_SPLINE_CURVE_WITH_KNOTS('',3,(#1607,#1608,#1609,#1610,#1611,#1612,
#1613,#1614,#1615,#1616,#1617,#1618,#1619,#1620,#1621,#1622,#1623,#1624,
#1625),.UNSPECIFIED.,.F.,.F.,(4,2,2,2,3,2,2,2,4),(-0.497484997030438,-0.373113188047001,
-0.248741379063564,-0.124370689531782,0.,0.124370689531782,0.248741379063563,
0.373113188047001,0.497484997030438),.UNSPECIFIED.);
#397=B_SPLINE_CURVE_WITH_KNOTS('',3,(#1628,#1629,#1630,#1631,#1632,#1633,
#1634,#1635,#1636,#1637,#1638,#1639,#1640,#1641,#1642,#1643,#1644,#1645,
#1646,#1647,#1648,#1649,#1650,#1651,#1652,#1653),.UNSPECIFIED.,.F.,.F.,
(4,2,2,2,2,2,2,2,2,2,2,2,4),(-1.25000217322423,-1.24893076117668,-1.05333361343611,
-0.904949117029997,-0.79329097251092,-0.690930112088733,-0.624465345641178,
-0.558000579193589,-0.455639718771225,-0.343981574252057,-0.195597077845824,
0.,0.00107141580551934),.UNSPECIFIED.);
#398=B_SPLINE_CURVE_WITH_KNOTS('',3,(#1663,#1664,#1665,#1666,#1667,#1668,
#1669,#1670),.UNSPECIFIED.,.F.,.F.,(4,2,2,4),(-0.286637397830808,-0.244358825937911,
-0.122179410616228,-0.103903087956868),.UNSPECIFIED.);
#399=B_SPLINE_CURVE_WITH_KNOTS('',3,(#1672,#1673,#1674,#1675,#1676,#1677,
#1678),.UNSPECIFIED.,.F.,.F.,(4,3,4),(-0.00126322728599892,0.,0.00126322712428737),
 .UNSPECIFIED.);
#400=B_SPLINE_CURVE_WITH_KNOTS('',3,(#1680,#1681,#1682,#1683,#1684,#1685,
#1686,#1687),.UNSPECIFIED.,.F.,.F.,(4,2,2,4),(0.103903087956854,0.122179410616226,
0.244358825937911,0.286637397830742),.UNSPECIFIED.);
#401=B_SPLINE_CURVE_WITH_KNOTS('',3,(#1691,#1692,#1693,#1694,#1695,#1696,
#1697,#1698),.UNSPECIFIED.,.F.,.F.,(4,2,2,4),(0.103903087956868,0.122179410616228,
0.244358825937911,0.286637397830809),.UNSPECIFIED.);
#402=B_SPLINE_CURVE_WITH_KNOTS('',3,(#1702,#1703,#1704,#1705,#1706,#1707,
#1708,#1709),.UNSPECIFIED.,.F.,.F.,(4,2,2,4),(-0.286637397830743,-0.244358825937911,
-0.122179410616226,-0.103903087956853),.UNSPECIFIED.);
#403=B_SPLINE_CURVE_WITH_KNOTS('',3,(#1710,#1711,#1712,#1713,#1714,#1715),
 .UNSPECIFIED.,.F.,.F.,(4,2,4),(1.97903924237541,1.9803024694997,1.98156569678618),
 .UNSPECIFIED.);
#404=B_SPLINE_CURVE_WITH_KNOTS('',3,(#1722,#1723,#1724,#1725),
 .UNSPECIFIED.,.F.,.F.,(4,4),(-2.6048577129007E-15,1.2),.UNSPECIFIED.);
#405=B_SPLINE_CURVE_WITH_KNOTS('',3,(#1733,#1734,#1735,#1736,#1737,#1738),
 .UNSPECIFIED.,.F.,.F.,(4,2,4),(9.17408090453272E-9,0.00127512696517664,
0.00252733820211383),.UNSPECIFIED.);
#406=B_SPLINE_CURVE_WITH_KNOTS('',3,(#1744,#1745,#1746,#1747,#1748,#1749),
 .UNSPECIFIED.,.F.,.F.,(4,2,4),(2.29154121485684E-5,0.00127512696551672,
0.00255024442660335),.UNSPECIFIED.);
#407=B_SPLINE_CURVE_WITH_KNOTS('',3,(#1768,#1769,#1770,#1771,#1772,#1773),
 .UNSPECIFIED.,.F.,.F.,(4,2,4),(0.,0.00130393889587081,0.00260787779616019),
 .UNSPECIFIED.);
#408=B_SPLINE_CURVE_WITH_KNOTS('',3,(#1787,#1788,#1789,#1790,#1791,#1792,
#1793,#1794,#1795,#1796),.UNSPECIFIED.,.F.,.F.,(4,2,2,2,4),(0.37827633956583,
0.473891821009667,0.569507302453505,0.663672626306275,0.757837950159046),
 .UNSPECIFIED.);
#409=B_SPLINE_CURVE_WITH_KNOTS('',3,(#1810,#1811,#1812,#1813),
 .UNSPECIFIED.,.F.,.F.,(4,4),(-1.2,2.6048577129007E-15),.UNSPECIFIED.);
#410=B_SPLINE_CURVE_WITH_KNOTS('',3,(#1847,#1848,#1849,#1850,#1851,#1852,
#1853,#1854,#1855,#1856,#1857,#1858,#1859,#1860,#1861,#1862),
 .UNSPECIFIED.,.F.,.F.,(4,3,3,3,3,4),(0.,0.270861346884222,0.812584040652666,
1.35430673442111,1.62516808130533,1.89602942818955),.UNSPECIFIED.);
#411=B_SPLINE_CURVE_WITH_KNOTS('',3,(#1863,#1864,#1865,#1866,#1867,#1868,
#1869,#1870,#1871,#1872,#1873,#1874,#1875,#1876,#1877,#1878),
 .UNSPECIFIED.,.F.,.F.,(4,3,3,3,3,4),(0.,0.270861346884228,0.541722693768455,
1.08344538753691,1.62516808130537,1.89602942818959),.UNSPECIFIED.);
#412=B_SPLINE_CURVE_WITH_KNOTS('',3,(#1881,#1882,#1883,#1884,#1885,#1886,
#1887,#1888,#1889,#1890,#1891,#1892,#1893,#1894,#1895,#1896,#1897,#1898,
#1899,#1900,#1901,#1902,#1903,#1904,#1905,#1906,#1907,#1908,#1909,#1910,
#1911,#1912,#1913,#1914),.UNSPECIFIED.,.T.,.F.,(4,2,2,2,2,2,2,2,2,2,2,2,
2,2,2,2,4),(0.,0.0564885535526861,0.112977107105372,0.16966744213867,0.226357777171967,
0.283171826175993,0.339985875180018,0.396486888400044,0.452987901620071,
0.509488914840097,0.565989928060124,0.622803977064149,0.679618026068174,
0.736308361101471,0.792998696134769,0.849487249687455,0.905975803240141),
 .UNSPECIFIED.);
#413=B_SPLINE_CURVE_WITH_KNOTS('',3,(#1958,#1959,#1960,#1961,#1962,#1963,
#1964,#1965,#1966,#1967,#1968,#1969,#1970,#1971,#1972,#1973),
 .UNSPECIFIED.,.F.,.F.,(4,3,3,3,3,4),(0.,0.270861346884325,0.541722693768651,
1.0834453875373,1.62516808130595,1.89602942819028),.UNSPECIFIED.);
#414=B_SPLINE_CURVE_WITH_KNOTS('',3,(#2031,#2032,#2033,#2034),
 .UNSPECIFIED.,.F.,.F.,(4,4),(-1.2,1.11787377976929E-15),.UNSPECIFIED.);
#415=B_SPLINE_CURVE_WITH_KNOTS('',3,(#2040,#2041,#2042,#2043,#2044,#2045,
#2046,#2047,#2048,#2049,#2050,#2051,#2052,#2053,#2054,#2055,#2056,#2057,
#2058,#2059,#2060,#2061,#2062,#2063,#2064,#2065,#2066,#2067,#2068,#2069,
#2070,#2071,#2072,#2073),.UNSPECIFIED.,.T.,.F.,(4,2,2,2,2,2,2,2,2,2,2,2,
2,2,2,2,4),(0.,0.0564880201215709,0.112976040243142,0.170170382751654,0.227364725260165,
0.284364518298972,0.341364311337778,0.397832475381108,0.454300639424438,
0.510768803467767,0.567236967511097,0.624236760549903,0.68123655358871,
0.738430896097221,0.795625238605733,0.852113258727304,0.908601278848875),
 .UNSPECIFIED.);
#416=B_SPLINE_CURVE_WITH_KNOTS('',3,(#2116,#2117,#2118,#2119),
 .UNSPECIFIED.,.F.,.F.,(4,4),(-1.11787377976929E-15,1.2),.UNSPECIFIED.);
#417=B_SPLINE_CURVE_WITH_KNOTS('',3,(#2120,#2121,#2122,#2123,#2124,#2125,
#2126,#2127,#2128,#2129,#2130,#2131,#2132,#2133,#2134,#2135),
 .UNSPECIFIED.,.F.,.F.,(4,3,3,3,3,4),(0.,0.270861346884324,0.812584040652973,
1.35430673442162,1.62516808130594,1.89602942819027),.UNSPECIFIED.);
#418=B_SPLINE_CURVE_WITH_KNOTS('',3,(#2145,#2146,#2147,#2148,#2149,#2150,
#2151,#2152,#2153,#2154),.UNSPECIFIED.,.F.,.F.,(4,2,2,2,4),(1.52259840962225,
1.61673376049972,1.71086911137718,1.8074998554924,1.90413059960762),
 .UNSPECIFIED.);
#419=B_SPLINE_CURVE_WITH_KNOTS('',3,(#2170,#2171,#2172,#2173,#2174,#2175,
#2176,#2177),.UNSPECIFIED.,.F.,.F.,(4,2,2,4),(4.3347782156278,4.56641064903395,
5.03536569286371,5.39477577963312),.UNSPECIFIED.);
#420=B_SPLINE_CURVE_WITH_KNOTS('',3,(#2178,#2179,#2180,#2181,#2182,#2183,
#2184,#2185),.UNSPECIFIED.,.F.,.F.,(4,2,2,4),(3.25552136946236,3.62349278192899,
4.09745560520418,4.334778215629),.UNSPECIFIED.);
#421=CIRCLE('',#1116,3.29999999999999);
#422=CIRCLE('',#1117,32.9999974580784);
#423=CIRCLE('',#1118,32.9999974580784);
#424=CIRCLE('',#1120,2.5);
#425=CIRCLE('',#1121,2.5);
#426=CIRCLE('',#1123,1.53021768065465);
#427=CIRCLE('',#1125,2.5);
#428=CIRCLE('',#1126,2.5);
#429=CIRCLE('',#1128,1.50000000000001);
#430=CIRCLE('',#1130,2.49999999999999);
#431=CIRCLE('',#1131,2.49999999999999);
#432=CIRCLE('',#1133,1.50000000000001);
#433=CIRCLE('',#1135,2.5);
#434=CIRCLE('',#1136,2.5);
#435=CIRCLE('',#1138,1.5);
#436=CIRCLE('',#1140,2.5);
#437=CIRCLE('',#1141,2.5);
#438=CIRCLE('',#1143,1.5);
#439=CIRCLE('',#1145,3.3);
#440=CIRCLE('',#1147,32.9999974580784);
#441=CIRCLE('',#1148,32.9999974580784);
#442=CIRCLE('',#1149,32.9999974580784);
#443=CIRCLE('',#1150,32.9999974580784);
#444=CIRCLE('',#1151,36.1154860205987);
#445=CIRCLE('',#1152,36.1154860205987);
#446=CIRCLE('',#1154,38.9999974580784);
#447=CIRCLE('',#1155,38.9999974580784);
#448=CIRCLE('',#1163,32.9999974580784);
#449=CIRCLE('',#1165,2.5);
#450=CIRCLE('',#1168,1.5);
#451=CIRCLE('',#1170,1.50000000000001);
#452=CIRCLE('',#1172,1.5);
#453=CIRCLE('',#1175,29.);
#454=CIRCLE('',#1176,29.);
#455=CIRCLE('',#1179,34.9999977485838);
#456=CIRCLE('',#1182,38.9999974580784);
#457=CIRCLE('',#1183,38.9999974580784);
#458=CIRCLE('',#1184,29.);
#459=CIRCLE('',#1185,1.53021768065465);
#460=CIRCLE('',#1186,36.1154860607308);
#461=CIRCLE('',#1187,1.5);
#462=CIRCLE('',#1188,1.50000000000001);
#463=CIRCLE('',#1190,38.9999974580784);
#464=CIRCLE('',#1193,38.5565524492095);
#465=CIRCLE('',#1199,29.);
#466=CIRCLE('',#1203,38.9999974580784);
#467=CIRCLE('',#1205,1.5);
#468=CIRCLE('',#1207,48.800801468946);
#469=CIRCLE('',#1210,2.5);
#470=CIRCLE('',#1214,38.5565524492095);
#471=CIRCLE('',#1216,36.1154860205987);
#472=CIRCLE('',#1220,32.9999974580784);
#473=VERTEX_POINT('',#1526);
#474=VERTEX_POINT('',#1527);
#475=VERTEX_POINT('',#1529);
#476=VERTEX_POINT('',#1531);
#477=VERTEX_POINT('',#1560);
#478=VERTEX_POINT('',#1562);
#479=VERTEX_POINT('',#1566);
#480=VERTEX_POINT('',#1569);
#481=VERTEX_POINT('',#1571);
#482=VERTEX_POINT('',#1575);
#483=VERTEX_POINT('',#1578);
#484=VERTEX_POINT('',#1580);
#485=VERTEX_POINT('',#1584);
#486=VERTEX_POINT('',#1587);
#487=VERTEX_POINT('',#1589);
#488=VERTEX_POINT('',#1593);
#489=VERTEX_POINT('',#1596);
#490=VERTEX_POINT('',#1598);
#491=VERTEX_POINT('',#1602);
#492=VERTEX_POINT('',#1605);
#493=VERTEX_POINT('',#1606);
#494=VERTEX_POINT('',#1655);
#495=VERTEX_POINT('',#1658);
#496=VERTEX_POINT('',#1661);
#497=VERTEX_POINT('',#1662);
#498=VERTEX_POINT('',#1671);
#499=VERTEX_POINT('',#1679);
#500=VERTEX_POINT('',#1689);
#501=VERTEX_POINT('',#1690);
#502=VERTEX_POINT('',#1699);
#503=VERTEX_POINT('',#1701);
#504=VERTEX_POINT('',#1717);
#505=VERTEX_POINT('',#1719);
#506=VERTEX_POINT('',#1721);
#507=VERTEX_POINT('',#1726);
#508=VERTEX_POINT('',#1730);
#509=VERTEX_POINT('',#1732);
#510=VERTEX_POINT('',#1741);
#511=VERTEX_POINT('',#1743);
#512=VERTEX_POINT('',#1752);
#513=VERTEX_POINT('',#1754);
#514=VERTEX_POINT('',#1756);
#515=VERTEX_POINT('',#1760);
#516=VERTEX_POINT('',#1762);
#517=VERTEX_POINT('',#1766);
#518=VERTEX_POINT('',#1775);
#519=VERTEX_POINT('',#1777);
#520=VERTEX_POINT('',#1781);
#521=VERTEX_POINT('',#1785);
#522=VERTEX_POINT('',#1786);
#523=VERTEX_POINT('',#1797);
#524=VERTEX_POINT('',#1799);
#525=VERTEX_POINT('',#1803);
#526=VERTEX_POINT('',#1805);
#527=VERTEX_POINT('',#1807);
#528=VERTEX_POINT('',#1809);
#529=VERTEX_POINT('',#1880);
#530=VERTEX_POINT('',#1915);
#531=VERTEX_POINT('',#1919);
#532=VERTEX_POINT('',#1923);
#533=VERTEX_POINT('',#1927);
#534=VERTEX_POINT('',#1928);
#535=VERTEX_POINT('',#1930);
#536=VERTEX_POINT('',#1932);
#537=VERTEX_POINT('',#1936);
#538=VERTEX_POINT('',#1938);
#539=VERTEX_POINT('',#1945);
#540=VERTEX_POINT('',#1951);
#541=VERTEX_POINT('',#1953);
#542=VERTEX_POINT('',#1955);
#543=VERTEX_POINT('',#1957);
#544=VERTEX_POINT('',#1974);
#545=VERTEX_POINT('',#1976);
#546=VERTEX_POINT('',#1978);
#547=VERTEX_POINT('',#1980);
#548=VERTEX_POINT('',#1983);
#549=VERTEX_POINT('',#1986);
#550=VERTEX_POINT('',#1988);
#551=VERTEX_POINT('',#1991);
#552=VERTEX_POINT('',#1992);
#553=VERTEX_POINT('',#1995);
#554=VERTEX_POINT('',#1997);
#555=VERTEX_POINT('',#2002);
#556=VERTEX_POINT('',#2003);
#557=VERTEX_POINT('',#2006);
#558=VERTEX_POINT('',#2012);
#559=VERTEX_POINT('',#2016);
#560=VERTEX_POINT('',#2020);
#561=VERTEX_POINT('',#2030);
#562=VERTEX_POINT('',#2035);
#563=VERTEX_POINT('',#2039);
#564=VERTEX_POINT('',#2074);
#565=VERTEX_POINT('',#2078);
#566=VERTEX_POINT('',#2080);
#567=VERTEX_POINT('',#2115);
#568=VERTEX_POINT('',#2137);
#569=VERTEX_POINT('',#2138);
#570=VERTEX_POINT('',#2141);
#571=VERTEX_POINT('',#2157);
#572=VERTEX_POINT('',#2161);
#573=VERTEX_POINT('',#2169);
#574=VERTEX_POINT('',#2188);
#575=EDGE_CURVE('',#473,#474,#421,.T.);
#576=EDGE_CURVE('',#475,#473,#422,.T.);
#577=EDGE_CURVE('',#475,#476,#395,.T.);
#578=EDGE_CURVE('',#474,#476,#423,.T.);
#579=EDGE_CURVE('',#477,#477,#424,.T.);
#580=EDGE_CURVE('',#477,#478,#70,.T.);
#581=EDGE_CURVE('',#478,#478,#425,.T.);
#582=EDGE_CURVE('',#479,#479,#426,.T.);
#583=EDGE_CURVE('',#480,#480,#427,.T.);
#584=EDGE_CURVE('',#480,#481,#71,.T.);
#585=EDGE_CURVE('',#481,#481,#428,.T.);
#586=EDGE_CURVE('',#482,#482,#429,.T.);
#587=EDGE_CURVE('',#483,#483,#430,.T.);
#588=EDGE_CURVE('',#483,#484,#72,.T.);
#589=EDGE_CURVE('',#484,#484,#431,.T.);
#590=EDGE_CURVE('',#485,#485,#432,.T.);
#591=EDGE_CURVE('',#486,#486,#433,.T.);
#592=EDGE_CURVE('',#486,#487,#73,.T.);
#593=EDGE_CURVE('',#487,#487,#434,.T.);
#594=EDGE_CURVE('',#488,#488,#435,.T.);
#595=EDGE_CURVE('',#489,#489,#436,.T.);
#596=EDGE_CURVE('',#489,#490,#74,.T.);
#597=EDGE_CURVE('',#490,#490,#437,.T.);
#598=EDGE_CURVE('',#491,#491,#438,.T.);
#599=EDGE_CURVE('',#492,#493,#396,.T.);
#600=EDGE_CURVE('',#493,#492,#439,.T.);
#601=EDGE_CURVE('',#493,#475,#75,.T.);
#602=EDGE_CURVE('',#476,#475,#397,.T.);
#603=EDGE_CURVE('',#494,#474,#440,.T.);
#604=EDGE_CURVE('',#476,#494,#441,.T.);
#605=EDGE_CURVE('',#495,#475,#442,.T.);
#606=EDGE_CURVE('',#473,#495,#443,.T.);
#607=EDGE_CURVE('',#496,#497,#398,.T.);
#608=EDGE_CURVE('',#498,#496,#399,.T.);
#609=EDGE_CURVE('',#499,#498,#400,.T.);
#610=EDGE_CURVE('',#497,#499,#444,.T.);
#611=EDGE_CURVE('',#500,#501,#401,.T.);
#612=EDGE_CURVE('',#502,#500,#445,.T.);
#613=EDGE_CURVE('',#503,#502,#402,.T.);
#614=EDGE_CURVE('',#501,#503,#403,.T.);
#615=EDGE_CURVE('',#493,#504,#76,.T.);
#616=EDGE_CURVE('',#505,#504,#446,.T.);
#617=EDGE_CURVE('',#506,#505,#404,.T.);
#618=EDGE_CURVE('',#507,#506,#447,.T.);
#619=EDGE_CURVE('',#507,#492,#77,.T.);
#620=EDGE_CURVE('',#508,#503,#78,.T.);
#621=EDGE_CURVE('',#509,#508,#405,.T.);
#622=EDGE_CURVE('',#509,#501,#79,.T.);
#623=EDGE_CURVE('',#496,#510,#80,.T.);
#624=EDGE_CURVE('',#511,#510,#406,.T.);
#625=EDGE_CURVE('',#498,#511,#81,.T.);
#626=EDGE_CURVE('',#512,#502,#82,.T.);
#627=EDGE_CURVE('',#512,#513,#83,.T.);
#628=EDGE_CURVE('',#514,#513,#84,.T.);
#629=EDGE_CURVE('',#514,#508,#85,.T.);
#630=EDGE_CURVE('',#511,#515,#86,.T.);
#631=EDGE_CURVE('',#516,#515,#87,.T.);
#632=EDGE_CURVE('',#499,#516,#88,.T.);
#633=EDGE_CURVE('',#517,#500,#89,.T.);
#634=EDGE_CURVE('',#512,#517,#407,.T.);
#635=EDGE_CURVE('',#518,#509,#90,.T.);
#636=EDGE_CURVE('',#519,#518,#91,.T.);
#637=EDGE_CURVE('',#519,#517,#92,.T.);
#638=EDGE_CURVE('',#520,#520,#448,.T.);
#639=EDGE_CURVE('',#520,#494,#93,.T.);
#640=EDGE_CURVE('',#521,#522,#408,.T.);
#641=EDGE_CURVE('',#522,#523,#94,.T.);
#642=EDGE_CURVE('',#523,#524,#449,.T.);
#643=EDGE_CURVE('',#524,#521,#95,.T.);
#644=EDGE_CURVE('',#522,#525,#96,.T.);
#645=EDGE_CURVE('',#526,#525,#97,.T.);
#646=EDGE_CURVE('',#526,#527,#98,.T.);
#647=EDGE_CURVE('',#528,#527,#409,.T.);
#648=EDGE_CURVE('',#528,#523,#99,.T.);
#649=EDGE_CURVE('',#527,#506,#410,.T.);
#650=EDGE_CURVE('',#505,#528,#411,.T.);
#651=EDGE_CURVE('',#529,#529,#412,.T.);
#652=EDGE_CURVE('',#529,#530,#100,.T.);
#653=EDGE_CURVE('',#530,#530,#450,.T.);
#654=EDGE_CURVE('',#531,#531,#451,.T.);
#655=EDGE_CURVE('',#531,#485,#101,.T.);
#656=EDGE_CURVE('',#532,#532,#452,.T.);
#657=EDGE_CURVE('',#532,#491,#102,.T.);
#658=EDGE_CURVE('',#533,#534,#103,.T.);
#659=EDGE_CURVE('',#533,#535,#104,.T.);
#660=EDGE_CURVE('',#536,#535,#105,.T.);
#661=EDGE_CURVE('',#536,#534,#106,.T.);
#662=EDGE_CURVE('',#534,#537,#453,.T.);
#663=EDGE_CURVE('',#538,#536,#454,.T.);
#664=EDGE_CURVE('',#537,#538,#107,.T.);
#665=EDGE_CURVE('',#537,#507,#108,.T.);
#666=EDGE_CURVE('',#504,#538,#109,.T.);
#667=EDGE_CURVE('',#510,#539,#110,.T.);
#668=EDGE_CURVE('',#515,#539,#455,.T.);
#669=EDGE_CURVE('',#518,#514,#111,.T.);
#670=EDGE_CURVE('',#540,#533,#112,.T.);
#671=EDGE_CURVE('',#526,#541,#456,.T.);
#672=EDGE_CURVE('',#542,#541,#113,.T.);
#673=EDGE_CURVE('',#542,#543,#413,.F.);
#674=EDGE_CURVE('',#543,#544,#457,.T.);
#675=EDGE_CURVE('',#544,#545,#114,.T.);
#676=EDGE_CURVE('',#545,#546,#115,.T.);
#677=EDGE_CURVE('',#546,#547,#116,.T.);
#678=EDGE_CURVE('',#547,#540,#458,.T.);
#679=EDGE_CURVE('',#548,#548,#459,.T.);
#680=EDGE_CURVE('',#513,#519,#460,.T.);
#681=EDGE_CURVE('',#549,#549,#461,.T.);
#682=EDGE_CURVE('',#550,#550,#462,.T.);
#683=EDGE_CURVE('',#551,#552,#117,.T.);
#684=EDGE_CURVE('',#546,#551,#118,.T.);
#685=EDGE_CURVE('',#545,#553,#119,.T.);
#686=EDGE_CURVE('',#553,#554,#120,.T.);
#687=EDGE_CURVE('',#552,#554,#463,.T.);
#688=EDGE_CURVE('',#555,#556,#464,.T.);
#689=EDGE_CURVE('',#553,#556,#121,.T.);
#690=EDGE_CURVE('',#553,#557,#122,.T.);
#691=EDGE_CURVE('',#555,#557,#123,.T.);
#692=EDGE_CURVE('',#544,#557,#124,.T.);
#693=EDGE_CURVE('',#540,#558,#125,.T.);
#694=EDGE_CURVE('',#535,#558,#126,.T.);
#695=EDGE_CURVE('',#497,#559,#127,.T.);
#696=EDGE_CURVE('',#539,#559,#128,.T.);
#697=EDGE_CURVE('',#560,#552,#129,.T.);
#698=EDGE_CURVE('',#547,#560,#130,.T.);
#699=EDGE_CURVE('',#558,#560,#465,.T.);
#700=EDGE_CURVE('',#550,#482,#131,.T.);
#701=EDGE_CURVE('',#549,#488,#132,.T.);
#702=EDGE_CURVE('',#561,#543,#414,.T.);
#703=EDGE_CURVE('',#562,#561,#466,.T.);
#704=EDGE_CURVE('',#557,#562,#133,.T.);
#705=EDGE_CURVE('',#563,#563,#415,.T.);
#706=EDGE_CURVE('',#563,#564,#134,.T.);
#707=EDGE_CURVE('',#564,#564,#467,.T.);
#708=EDGE_CURVE('',#524,#565,#135,.T.);
#709=EDGE_CURVE('',#566,#565,#136,.T.);
#710=EDGE_CURVE('',#566,#521,#468,.T.);
#711=EDGE_CURVE('',#542,#567,#416,.T.);
#712=EDGE_CURVE('',#567,#561,#417,.T.);
#713=EDGE_CURVE('',#568,#569,#137,.T.);
#714=EDGE_CURVE('',#568,#567,#138,.T.);
#715=EDGE_CURVE('',#541,#570,#139,.T.);
#716=EDGE_CURVE('',#570,#569,#140,.T.);
#717=EDGE_CURVE('',#569,#566,#418,.T.);
#718=EDGE_CURVE('',#565,#568,#469,.T.);
#719=EDGE_CURVE('',#571,#555,#141,.T.);
#720=EDGE_CURVE('',#571,#562,#142,.T.);
#721=EDGE_CURVE('',#556,#572,#143,.T.);
#722=EDGE_CURVE('',#554,#572,#144,.T.);
#723=EDGE_CURVE('',#572,#571,#470,.T.);
#724=EDGE_CURVE('',#559,#516,#471,.T.);
#725=EDGE_CURVE('',#573,#570,#419,.T.);
#726=EDGE_CURVE('',#525,#573,#420,.T.);
#727=EDGE_CURVE('',#574,#574,#472,.T.);
#728=EDGE_CURVE('',#495,#574,#145,.T.);
#729=EDGE_CURVE('',#548,#479,#146,.T.);
#730=ORIENTED_EDGE('',*,*,#575,.F.);
#731=ORIENTED_EDGE('',*,*,#576,.F.);
#732=ORIENTED_EDGE('',*,*,#577,.T.);
#733=ORIENTED_EDGE('',*,*,#578,.F.);
#734=ORIENTED_EDGE('',*,*,#579,.F.);
#735=ORIENTED_EDGE('',*,*,#580,.T.);
#736=ORIENTED_EDGE('',*,*,#581,.T.);
#737=ORIENTED_EDGE('',*,*,#580,.F.);
#738=ORIENTED_EDGE('',*,*,#581,.F.);
#739=ORIENTED_EDGE('',*,*,#582,.F.);
#740=ORIENTED_EDGE('',*,*,#583,.F.);
#741=ORIENTED_EDGE('',*,*,#584,.T.);
#742=ORIENTED_EDGE('',*,*,#585,.T.);
#743=ORIENTED_EDGE('',*,*,#584,.F.);
#744=ORIENTED_EDGE('',*,*,#585,.F.);
#745=ORIENTED_EDGE('',*,*,#586,.F.);
#746=ORIENTED_EDGE('',*,*,#587,.F.);
#747=ORIENTED_EDGE('',*,*,#588,.T.);
#748=ORIENTED_EDGE('',*,*,#589,.T.);
#749=ORIENTED_EDGE('',*,*,#588,.F.);
#750=ORIENTED_EDGE('',*,*,#589,.F.);
#751=ORIENTED_EDGE('',*,*,#590,.F.);
#752=ORIENTED_EDGE('',*,*,#591,.F.);
#753=ORIENTED_EDGE('',*,*,#592,.T.);
#754=ORIENTED_EDGE('',*,*,#593,.T.);
#755=ORIENTED_EDGE('',*,*,#592,.F.);
#756=ORIENTED_EDGE('',*,*,#593,.F.);
#757=ORIENTED_EDGE('',*,*,#594,.F.);
#758=ORIENTED_EDGE('',*,*,#595,.F.);
#759=ORIENTED_EDGE('',*,*,#596,.T.);
#760=ORIENTED_EDGE('',*,*,#597,.T.);
#761=ORIENTED_EDGE('',*,*,#596,.F.);
#762=ORIENTED_EDGE('',*,*,#597,.F.);
#763=ORIENTED_EDGE('',*,*,#598,.F.);
#764=ORIENTED_EDGE('',*,*,#599,.F.);
#765=ORIENTED_EDGE('',*,*,#600,.F.);
#766=ORIENTED_EDGE('',*,*,#601,.T.);
#767=ORIENTED_EDGE('',*,*,#602,.F.);
#768=ORIENTED_EDGE('',*,*,#577,.F.);
#769=ORIENTED_EDGE('',*,*,#601,.F.);
#770=ORIENTED_EDGE('',*,*,#575,.T.);
#771=ORIENTED_EDGE('',*,*,#603,.F.);
#772=ORIENTED_EDGE('',*,*,#604,.F.);
#773=ORIENTED_EDGE('',*,*,#602,.T.);
#774=ORIENTED_EDGE('',*,*,#605,.F.);
#775=ORIENTED_EDGE('',*,*,#606,.F.);
#776=ORIENTED_EDGE('',*,*,#607,.F.);
#777=ORIENTED_EDGE('',*,*,#608,.F.);
#778=ORIENTED_EDGE('',*,*,#609,.F.);
#779=ORIENTED_EDGE('',*,*,#610,.F.);
#780=ORIENTED_EDGE('',*,*,#611,.F.);
#781=ORIENTED_EDGE('',*,*,#612,.F.);
#782=ORIENTED_EDGE('',*,*,#613,.F.);
#783=ORIENTED_EDGE('',*,*,#614,.F.);
#784=ORIENTED_EDGE('',*,*,#599,.T.);
#785=ORIENTED_EDGE('',*,*,#615,.T.);
#786=ORIENTED_EDGE('',*,*,#616,.F.);
#787=ORIENTED_EDGE('',*,*,#617,.F.);
#788=ORIENTED_EDGE('',*,*,#618,.F.);
#789=ORIENTED_EDGE('',*,*,#619,.T.);
#790=ORIENTED_EDGE('',*,*,#614,.T.);
#791=ORIENTED_EDGE('',*,*,#620,.F.);
#792=ORIENTED_EDGE('',*,*,#621,.F.);
#793=ORIENTED_EDGE('',*,*,#622,.T.);
#794=ORIENTED_EDGE('',*,*,#608,.T.);
#795=ORIENTED_EDGE('',*,*,#623,.T.);
#796=ORIENTED_EDGE('',*,*,#624,.F.);
#797=ORIENTED_EDGE('',*,*,#625,.F.);
#798=ORIENTED_EDGE('',*,*,#613,.T.);
#799=ORIENTED_EDGE('',*,*,#626,.F.);
#800=ORIENTED_EDGE('',*,*,#627,.T.);
#801=ORIENTED_EDGE('',*,*,#628,.F.);
#802=ORIENTED_EDGE('',*,*,#629,.T.);
#803=ORIENTED_EDGE('',*,*,#620,.T.);
#804=ORIENTED_EDGE('',*,*,#609,.T.);
#805=ORIENTED_EDGE('',*,*,#625,.T.);
#806=ORIENTED_EDGE('',*,*,#630,.T.);
#807=ORIENTED_EDGE('',*,*,#631,.F.);
#808=ORIENTED_EDGE('',*,*,#632,.F.);
#809=ORIENTED_EDGE('',*,*,#612,.T.);
#810=ORIENTED_EDGE('',*,*,#633,.F.);
#811=ORIENTED_EDGE('',*,*,#634,.F.);
#812=ORIENTED_EDGE('',*,*,#626,.T.);
#813=ORIENTED_EDGE('',*,*,#611,.T.);
#814=ORIENTED_EDGE('',*,*,#622,.F.);
#815=ORIENTED_EDGE('',*,*,#635,.F.);
#816=ORIENTED_EDGE('',*,*,#636,.F.);
#817=ORIENTED_EDGE('',*,*,#637,.T.);
#818=ORIENTED_EDGE('',*,*,#633,.T.);
#819=ORIENTED_EDGE('',*,*,#638,.F.);
#820=ORIENTED_EDGE('',*,*,#639,.T.);
#821=ORIENTED_EDGE('',*,*,#603,.T.);
#822=ORIENTED_EDGE('',*,*,#578,.T.);
#823=ORIENTED_EDGE('',*,*,#604,.T.);
#824=ORIENTED_EDGE('',*,*,#639,.F.);
#825=ORIENTED_EDGE('',*,*,#640,.T.);
#826=ORIENTED_EDGE('',*,*,#641,.T.);
#827=ORIENTED_EDGE('',*,*,#642,.T.);
#828=ORIENTED_EDGE('',*,*,#643,.T.);
#829=ORIENTED_EDGE('',*,*,#641,.F.);
#830=ORIENTED_EDGE('',*,*,#644,.T.);
#831=ORIENTED_EDGE('',*,*,#645,.F.);
#832=ORIENTED_EDGE('',*,*,#646,.T.);
#833=ORIENTED_EDGE('',*,*,#647,.F.);
#834=ORIENTED_EDGE('',*,*,#648,.T.);
#835=ORIENTED_EDGE('',*,*,#649,.T.);
#836=ORIENTED_EDGE('',*,*,#617,.T.);
#837=ORIENTED_EDGE('',*,*,#650,.T.);
#838=ORIENTED_EDGE('',*,*,#647,.T.);
#839=ORIENTED_EDGE('',*,*,#651,.T.);
#840=ORIENTED_EDGE('',*,*,#652,.T.);
#841=ORIENTED_EDGE('',*,*,#653,.F.);
#842=ORIENTED_EDGE('',*,*,#652,.F.);
#843=ORIENTED_EDGE('',*,*,#654,.F.);
#844=ORIENTED_EDGE('',*,*,#655,.T.);
#845=ORIENTED_EDGE('',*,*,#590,.T.);
#846=ORIENTED_EDGE('',*,*,#655,.F.);
#847=ORIENTED_EDGE('',*,*,#656,.F.);
#848=ORIENTED_EDGE('',*,*,#657,.T.);
#849=ORIENTED_EDGE('',*,*,#598,.T.);
#850=ORIENTED_EDGE('',*,*,#657,.F.);
#851=ORIENTED_EDGE('',*,*,#658,.F.);
#852=ORIENTED_EDGE('',*,*,#659,.T.);
#853=ORIENTED_EDGE('',*,*,#660,.F.);
#854=ORIENTED_EDGE('',*,*,#661,.T.);
#855=ORIENTED_EDGE('',*,*,#662,.F.);
#856=ORIENTED_EDGE('',*,*,#661,.F.);
#857=ORIENTED_EDGE('',*,*,#663,.F.);
#858=ORIENTED_EDGE('',*,*,#664,.F.);
#859=ORIENTED_EDGE('',*,*,#600,.T.);
#860=ORIENTED_EDGE('',*,*,#619,.F.);
#861=ORIENTED_EDGE('',*,*,#665,.F.);
#862=ORIENTED_EDGE('',*,*,#664,.T.);
#863=ORIENTED_EDGE('',*,*,#666,.F.);
#864=ORIENTED_EDGE('',*,*,#615,.F.);
#865=ORIENTED_EDGE('',*,*,#624,.T.);
#866=ORIENTED_EDGE('',*,*,#667,.T.);
#867=ORIENTED_EDGE('',*,*,#668,.F.);
#868=ORIENTED_EDGE('',*,*,#630,.F.);
#869=ORIENTED_EDGE('',*,*,#621,.T.);
#870=ORIENTED_EDGE('',*,*,#629,.F.);
#871=ORIENTED_EDGE('',*,*,#669,.F.);
#872=ORIENTED_EDGE('',*,*,#635,.T.);
#873=ORIENTED_EDGE('',*,*,#670,.T.);
#874=ORIENTED_EDGE('',*,*,#658,.T.);
#875=ORIENTED_EDGE('',*,*,#662,.T.);
#876=ORIENTED_EDGE('',*,*,#665,.T.);
#877=ORIENTED_EDGE('',*,*,#618,.T.);
#878=ORIENTED_EDGE('',*,*,#649,.F.);
#879=ORIENTED_EDGE('',*,*,#646,.F.);
#880=ORIENTED_EDGE('',*,*,#671,.T.);
#881=ORIENTED_EDGE('',*,*,#672,.F.);
#882=ORIENTED_EDGE('',*,*,#673,.T.);
#883=ORIENTED_EDGE('',*,*,#674,.T.);
#884=ORIENTED_EDGE('',*,*,#675,.T.);
#885=ORIENTED_EDGE('',*,*,#676,.T.);
#886=ORIENTED_EDGE('',*,*,#677,.T.);
#887=ORIENTED_EDGE('',*,*,#678,.T.);
#888=ORIENTED_EDGE('',*,*,#679,.T.);
#889=ORIENTED_EDGE('',*,*,#638,.T.);
#890=ORIENTED_EDGE('',*,*,#654,.T.);
#891=ORIENTED_EDGE('',*,*,#656,.T.);
#892=ORIENTED_EDGE('',*,*,#628,.T.);
#893=ORIENTED_EDGE('',*,*,#680,.T.);
#894=ORIENTED_EDGE('',*,*,#636,.T.);
#895=ORIENTED_EDGE('',*,*,#669,.T.);
#896=ORIENTED_EDGE('',*,*,#681,.T.);
#897=ORIENTED_EDGE('',*,*,#682,.T.);
#898=ORIENTED_EDGE('',*,*,#683,.F.);
#899=ORIENTED_EDGE('',*,*,#684,.F.);
#900=ORIENTED_EDGE('',*,*,#676,.F.);
#901=ORIENTED_EDGE('',*,*,#685,.T.);
#902=ORIENTED_EDGE('',*,*,#686,.T.);
#903=ORIENTED_EDGE('',*,*,#687,.F.);
#904=ORIENTED_EDGE('',*,*,#634,.T.);
#905=ORIENTED_EDGE('',*,*,#637,.F.);
#906=ORIENTED_EDGE('',*,*,#680,.F.);
#907=ORIENTED_EDGE('',*,*,#627,.F.);
#908=ORIENTED_EDGE('',*,*,#688,.T.);
#909=ORIENTED_EDGE('',*,*,#689,.F.);
#910=ORIENTED_EDGE('',*,*,#690,.T.);
#911=ORIENTED_EDGE('',*,*,#691,.F.);
#912=ORIENTED_EDGE('',*,*,#675,.F.);
#913=ORIENTED_EDGE('',*,*,#692,.T.);
#914=ORIENTED_EDGE('',*,*,#690,.F.);
#915=ORIENTED_EDGE('',*,*,#685,.F.);
#916=ORIENTED_EDGE('',*,*,#670,.F.);
#917=ORIENTED_EDGE('',*,*,#693,.T.);
#918=ORIENTED_EDGE('',*,*,#694,.F.);
#919=ORIENTED_EDGE('',*,*,#659,.F.);
#920=ORIENTED_EDGE('',*,*,#607,.T.);
#921=ORIENTED_EDGE('',*,*,#695,.T.);
#922=ORIENTED_EDGE('',*,*,#696,.F.);
#923=ORIENTED_EDGE('',*,*,#667,.F.);
#924=ORIENTED_EDGE('',*,*,#623,.F.);
#925=ORIENTED_EDGE('',*,*,#677,.F.);
#926=ORIENTED_EDGE('',*,*,#684,.T.);
#927=ORIENTED_EDGE('',*,*,#683,.T.);
#928=ORIENTED_EDGE('',*,*,#697,.F.);
#929=ORIENTED_EDGE('',*,*,#698,.F.);
#930=ORIENTED_EDGE('',*,*,#678,.F.);
#931=ORIENTED_EDGE('',*,*,#698,.T.);
#932=ORIENTED_EDGE('',*,*,#699,.F.);
#933=ORIENTED_EDGE('',*,*,#693,.F.);
#934=ORIENTED_EDGE('',*,*,#682,.F.);
#935=ORIENTED_EDGE('',*,*,#700,.T.);
#936=ORIENTED_EDGE('',*,*,#586,.T.);
#937=ORIENTED_EDGE('',*,*,#700,.F.);
#938=ORIENTED_EDGE('',*,*,#681,.F.);
#939=ORIENTED_EDGE('',*,*,#701,.T.);
#940=ORIENTED_EDGE('',*,*,#594,.T.);
#941=ORIENTED_EDGE('',*,*,#701,.F.);
#942=ORIENTED_EDGE('',*,*,#702,.F.);
#943=ORIENTED_EDGE('',*,*,#703,.F.);
#944=ORIENTED_EDGE('',*,*,#704,.F.);
#945=ORIENTED_EDGE('',*,*,#692,.F.);
#946=ORIENTED_EDGE('',*,*,#674,.F.);
#947=ORIENTED_EDGE('',*,*,#705,.T.);
#948=ORIENTED_EDGE('',*,*,#706,.T.);
#949=ORIENTED_EDGE('',*,*,#707,.F.);
#950=ORIENTED_EDGE('',*,*,#706,.F.);
#951=ORIENTED_EDGE('',*,*,#708,.T.);
#952=ORIENTED_EDGE('',*,*,#709,.F.);
#953=ORIENTED_EDGE('',*,*,#710,.T.);
#954=ORIENTED_EDGE('',*,*,#643,.F.);
#955=ORIENTED_EDGE('',*,*,#673,.F.);
#956=ORIENTED_EDGE('',*,*,#711,.T.);
#957=ORIENTED_EDGE('',*,*,#712,.T.);
#958=ORIENTED_EDGE('',*,*,#702,.T.);
#959=ORIENTED_EDGE('',*,*,#713,.F.);
#960=ORIENTED_EDGE('',*,*,#714,.T.);
#961=ORIENTED_EDGE('',*,*,#711,.F.);
#962=ORIENTED_EDGE('',*,*,#672,.T.);
#963=ORIENTED_EDGE('',*,*,#715,.T.);
#964=ORIENTED_EDGE('',*,*,#716,.T.);
#965=ORIENTED_EDGE('',*,*,#717,.T.);
#966=ORIENTED_EDGE('',*,*,#709,.T.);
#967=ORIENTED_EDGE('',*,*,#718,.T.);
#968=ORIENTED_EDGE('',*,*,#713,.T.);
#969=ORIENTED_EDGE('',*,*,#719,.T.);
#970=ORIENTED_EDGE('',*,*,#691,.T.);
#971=ORIENTED_EDGE('',*,*,#704,.T.);
#972=ORIENTED_EDGE('',*,*,#720,.F.);
#973=ORIENTED_EDGE('',*,*,#721,.T.);
#974=ORIENTED_EDGE('',*,*,#722,.F.);
#975=ORIENTED_EDGE('',*,*,#686,.F.);
#976=ORIENTED_EDGE('',*,*,#689,.T.);
#977=ORIENTED_EDGE('',*,*,#721,.F.);
#978=ORIENTED_EDGE('',*,*,#688,.F.);
#979=ORIENTED_EDGE('',*,*,#719,.F.);
#980=ORIENTED_EDGE('',*,*,#723,.F.);
#981=ORIENTED_EDGE('',*,*,#610,.T.);
#982=ORIENTED_EDGE('',*,*,#632,.T.);
#983=ORIENTED_EDGE('',*,*,#724,.F.);
#984=ORIENTED_EDGE('',*,*,#695,.F.);
#985=ORIENTED_EDGE('',*,*,#710,.F.);
#986=ORIENTED_EDGE('',*,*,#717,.F.);
#987=ORIENTED_EDGE('',*,*,#716,.F.);
#988=ORIENTED_EDGE('',*,*,#725,.F.);
#989=ORIENTED_EDGE('',*,*,#726,.F.);
#990=ORIENTED_EDGE('',*,*,#644,.F.);
#991=ORIENTED_EDGE('',*,*,#640,.F.);
#992=ORIENTED_EDGE('',*,*,#651,.F.);
#993=ORIENTED_EDGE('',*,*,#705,.F.);
#994=ORIENTED_EDGE('',*,*,#725,.T.);
#995=ORIENTED_EDGE('',*,*,#715,.F.);
#996=ORIENTED_EDGE('',*,*,#671,.F.);
#997=ORIENTED_EDGE('',*,*,#645,.T.);
#998=ORIENTED_EDGE('',*,*,#726,.T.);
#999=ORIENTED_EDGE('',*,*,#694,.T.);
#1000=ORIENTED_EDGE('',*,*,#699,.T.);
#1001=ORIENTED_EDGE('',*,*,#697,.T.);
#1002=ORIENTED_EDGE('',*,*,#687,.T.);
#1003=ORIENTED_EDGE('',*,*,#722,.T.);
#1004=ORIENTED_EDGE('',*,*,#723,.T.);
#1005=ORIENTED_EDGE('',*,*,#720,.T.);
#1006=ORIENTED_EDGE('',*,*,#703,.T.);
#1007=ORIENTED_EDGE('',*,*,#712,.F.);
#1008=ORIENTED_EDGE('',*,*,#714,.F.);
#1009=ORIENTED_EDGE('',*,*,#718,.F.);
#1010=ORIENTED_EDGE('',*,*,#708,.F.);
#1011=ORIENTED_EDGE('',*,*,#642,.F.);
#1012=ORIENTED_EDGE('',*,*,#648,.F.);
#1013=ORIENTED_EDGE('',*,*,#650,.F.);
#1014=ORIENTED_EDGE('',*,*,#616,.T.);
#1015=ORIENTED_EDGE('',*,*,#666,.T.);
#1016=ORIENTED_EDGE('',*,*,#663,.T.);
#1017=ORIENTED_EDGE('',*,*,#660,.T.);
#1018=ORIENTED_EDGE('',*,*,#579,.T.);
#1019=ORIENTED_EDGE('',*,*,#583,.T.);
#1020=ORIENTED_EDGE('',*,*,#587,.T.);
#1021=ORIENTED_EDGE('',*,*,#591,.T.);
#1022=ORIENTED_EDGE('',*,*,#595,.T.);
#1023=ORIENTED_EDGE('',*,*,#653,.T.);
#1024=ORIENTED_EDGE('',*,*,#707,.T.);
#1025=ORIENTED_EDGE('',*,*,#727,.T.);
#1026=ORIENTED_EDGE('',*,*,#631,.T.);
#1027=ORIENTED_EDGE('',*,*,#668,.T.);
#1028=ORIENTED_EDGE('',*,*,#696,.T.);
#1029=ORIENTED_EDGE('',*,*,#724,.T.);
#1030=ORIENTED_EDGE('',*,*,#576,.T.);
#1031=ORIENTED_EDGE('',*,*,#606,.T.);
#1032=ORIENTED_EDGE('',*,*,#728,.T.);
#1033=ORIENTED_EDGE('',*,*,#727,.F.);
#1034=ORIENTED_EDGE('',*,*,#728,.F.);
#1035=ORIENTED_EDGE('',*,*,#605,.T.);
#1036=ORIENTED_EDGE('',*,*,#679,.F.);
#1037=ORIENTED_EDGE('',*,*,#729,.T.);
#1038=ORIENTED_EDGE('',*,*,#582,.T.);
#1039=ORIENTED_EDGE('',*,*,#729,.F.);
#1040=TOROIDAL_SURFACE('',#1115,32.9999974580783,3.29999999999999);
#1041=TOROIDAL_SURFACE('',#1146,32.9999974580783,3.29999999999999);
#1042=ADVANCED_FACE('',(#254),#1040,.F.);
#1043=ADVANCED_FACE('',(#255),#224,.F.);
#1044=ADVANCED_FACE('',(#256,#21),#46,.T.);
#1045=ADVANCED_FACE('',(#257),#225,.F.);
#1046=ADVANCED_FACE('',(#258,#22),#47,.T.);
#1047=ADVANCED_FACE('',(#259),#226,.F.);
#1048=ADVANCED_FACE('',(#260,#23),#48,.T.);
#1049=ADVANCED_FACE('',(#261),#227,.F.);
#1050=ADVANCED_FACE('',(#262,#24),#49,.T.);
#1051=ADVANCED_FACE('',(#263),#228,.F.);
#1052=ADVANCED_FACE('',(#264,#25),#50,.T.);
#1053=ADVANCED_FACE('',(#265),#229,.F.);
#1054=ADVANCED_FACE('',(#266,#26,#27),#1041,.F.);
#1055=ADVANCED_FACE('',(#267),#230,.T.);
#1056=ADVANCED_FACE('',(#268),#51,.T.);
#1057=ADVANCED_FACE('',(#269),#52,.T.);
#1058=ADVANCED_FACE('',(#270),#53,.T.);
#1059=ADVANCED_FACE('',(#271),#54,.T.);
#1060=ADVANCED_FACE('',(#272),#231,.F.);
#1061=ADVANCED_FACE('',(#273),#55,.T.);
#1062=ADVANCED_FACE('',(#274),#232,.F.);
#1063=ADVANCED_FACE('',(#275),#233,.T.);
#1064=ADVANCED_FACE('',(#276),#56,.T.);
#1065=ADVANCED_FACE('',(#277),#19,.T.);
#1066=ADVANCED_FACE('',(#278),#234,.F.);
#1067=ADVANCED_FACE('',(#279),#235,.F.);
#1068=ADVANCED_FACE('',(#280),#236,.F.);
#1069=ADVANCED_FACE('',(#281),#57,.T.);
#1070=ADVANCED_FACE('',(#282),#237,.T.);
#1071=ADVANCED_FACE('',(#283),#58,.T.);
#1072=ADVANCED_FACE('',(#284),#238,.T.);
#1073=ADVANCED_FACE('',(#285),#239,.T.);
#1074=ADVANCED_FACE('',(#286,#28,#29,#30,#31,#32,#33,#34),#59,.F.);
#1075=ADVANCED_FACE('',(#287),#240,.T.);
#1076=ADVANCED_FACE('',(#288),#241,.F.);
#1077=ADVANCED_FACE('',(#289),#60,.T.);
#1078=ADVANCED_FACE('',(#290),#61,.T.);
#1079=ADVANCED_FACE('',(#291),#62,.T.);
#1080=ADVANCED_FACE('',(#292),#63,.T.);
#1081=ADVANCED_FACE('',(#293),#64,.T.);
#1082=ADVANCED_FACE('',(#294),#242,.T.);
#1083=ADVANCED_FACE('',(#295),#243,.F.);
#1084=ADVANCED_FACE('',(#296),#244,.F.);
#1085=ADVANCED_FACE('',(#297),#245,.T.);
#1086=ADVANCED_FACE('',(#298),#246,.F.);
#1087=ADVANCED_FACE('',(#299),#65,.T.);
#1088=ADVANCED_FACE('',(#300),#20,.T.);
#1089=ADVANCED_FACE('',(#301),#66,.T.);
#1090=ADVANCED_FACE('',(#302),#247,.T.);
#1091=ADVANCED_FACE('',(#303),#67,.T.);
#1092=ADVANCED_FACE('',(#304),#68,.T.);
#1093=ADVANCED_FACE('',(#305),#248,.T.);
#1094=ADVANCED_FACE('',(#306),#249,.F.);
#1095=ADVANCED_FACE('',(#307,#35,#36),#250,.F.);
#1096=ADVANCED_FACE('',(#308),#251,.F.);
#1097=ADVANCED_FACE('',(#309,#37,#38,#39,#40,#41,#42,#43,#44,#45),#69,.T.);
#1098=ADVANCED_FACE('',(#310),#252,.F.);
#1099=ADVANCED_FACE('',(#311),#253,.F.);
#1100=CLOSED_SHELL('',(#1042,#1043,#1044,#1045,#1046,#1047,#1048,#1049,
#1050,#1051,#1052,#1053,#1054,#1055,#1056,#1057,#1058,#1059,#1060,#1061,
#1062,#1063,#1064,#1065,#1066,#1067,#1068,#1069,#1070,#1071,#1072,#1073,
#1074,#1075,#1076,#1077,#1078,#1079,#1080,#1081,#1082,#1083,#1084,#1085,
#1086,#1087,#1088,#1089,#1090,#1091,#1092,#1093,#1094,#1095,#1096,#1097,
#1098,#1099));
#1101=DERIVED_UNIT_ELEMENT(#1103,1.);
#1102=DERIVED_UNIT_ELEMENT(#2202,-3.);
#1103=(
MASS_UNIT()
NAMED_UNIT(*)
SI_UNIT(.KILO.,.GRAM.)
);
#1104=DERIVED_UNIT((#1101,#1102));
#1105=MEASURE_REPRESENTATION_ITEM('density measure',
POSITIVE_RATIO_MEASURE(7850.),#1104);
#1106=PROPERTY_DEFINITION_REPRESENTATION(#1111,#1108);
#1107=PROPERTY_DEFINITION_REPRESENTATION(#1112,#1109);
#1108=REPRESENTATION('material name',(#1110),#2199);
#1109=REPRESENTATION('density',(#1105),#2199);
#1110=DESCRIPTIVE_REPRESENTATION_ITEM('Steel','Steel');
#1111=PROPERTY_DEFINITION('material property','material name',#2214);
#1112=PROPERTY_DEFINITION('material property','density of part',#2214);
#1113=AXIS2_PLACEMENT_3D('',#1523,#1224,#1225);
#1114=AXIS2_PLACEMENT_3D('',#1524,#1226,#1227);
#1115=AXIS2_PLACEMENT_3D('',#1525,#1228,#1229);
#1116=AXIS2_PLACEMENT_3D('',#1528,#1230,#1231);
#1117=AXIS2_PLACEMENT_3D('',#1530,#1232,#1233);
#1118=AXIS2_PLACEMENT_3D('',#1558,#1234,#1235);
#1119=AXIS2_PLACEMENT_3D('',#1559,#1236,#1237);
#1120=AXIS2_PLACEMENT_3D('',#1561,#1238,#1239);
#1121=AXIS2_PLACEMENT_3D('',#1564,#1241,#1242);
#1122=AXIS2_PLACEMENT_3D('',#1565,#1243,#1244);
#1123=AXIS2_PLACEMENT_3D('',#1567,#1245,#1246);
#1124=AXIS2_PLACEMENT_3D('',#1568,#1247,#1248);
#1125=AXIS2_PLACEMENT_3D('',#1570,#1249,#1250);
#1126=AXIS2_PLACEMENT_3D('',#1573,#1252,#1253);
#1127=AXIS2_PLACEMENT_3D('',#1574,#1254,#1255);
#1128=AXIS2_PLACEMENT_3D('',#1576,#1256,#1257);
#1129=AXIS2_PLACEMENT_3D('',#1577,#1258,#1259);
#1130=AXIS2_PLACEMENT_3D('',#1579,#1260,#1261);
#1131=AXIS2_PLACEMENT_3D('',#1582,#1263,#1264);
#1132=AXIS2_PLACEMENT_3D('',#1583,#1265,#1266);
#1133=AXIS2_PLACEMENT_3D('',#1585,#1267,#1268);
#1134=AXIS2_PLACEMENT_3D('',#1586,#1269,#1270);
#1135=AXIS2_PLACEMENT_3D('',#1588,#1271,#1272);
#1136=AXIS2_PLACEMENT_3D('',#1591,#1274,#1275);
#1137=AXIS2_PLACEMENT_3D('',#1592,#1276,#1277);
#1138=AXIS2_PLACEMENT_3D('',#1594,#1278,#1279);
#1139=AXIS2_PLACEMENT_3D('',#1595,#1280,#1281);
#1140=AXIS2_PLACEMENT_3D('',#1597,#1282,#1283);
#1141=AXIS2_PLACEMENT_3D('',#1600,#1285,#1286);
#1142=AXIS2_PLACEMENT_3D('',#1601,#1287,#1288);
#1143=AXIS2_PLACEMENT_3D('',#1603,#1289,#1290);
#1144=AXIS2_PLACEMENT_3D('',#1604,#1291,#1292);
#1145=AXIS2_PLACEMENT_3D('',#1626,#1293,#1294);
#1146=AXIS2_PLACEMENT_3D('',#1654,#1296,#1297);
#1147=AXIS2_PLACEMENT_3D('',#1656,#1298,#1299);
#1148=AXIS2_PLACEMENT_3D('',#1657,#1300,#1301);
#1149=AXIS2_PLACEMENT_3D('',#1659,#1302,#1303);
#1150=AXIS2_PLACEMENT_3D('',#1660,#1304,#1305);
#1151=AXIS2_PLACEMENT_3D('',#1688,#1306,#1307);
#1152=AXIS2_PLACEMENT_3D('',#1700,#1308,#1309);
#1153=AXIS2_PLACEMENT_3D('',#1716,#1310,#1311);
#1154=AXIS2_PLACEMENT_3D('',#1720,#1313,#1314);
#1155=AXIS2_PLACEMENT_3D('',#1727,#1315,#1316);
#1156=AXIS2_PLACEMENT_3D('',#1729,#1318,#1319);
#1157=AXIS2_PLACEMENT_3D('',#1740,#1322,#1323);
#1158=AXIS2_PLACEMENT_3D('',#1751,#1326,#1327);
#1159=AXIS2_PLACEMENT_3D('',#1759,#1332,#1333);
#1160=AXIS2_PLACEMENT_3D('',#1765,#1337,#1338);
#1161=AXIS2_PLACEMENT_3D('',#1774,#1340,#1341);
#1162=AXIS2_PLACEMENT_3D('',#1780,#1345,#1346);
#1163=AXIS2_PLACEMENT_3D('',#1782,#1347,#1348);
#1164=AXIS2_PLACEMENT_3D('',#1784,#1350,#1351);
#1165=AXIS2_PLACEMENT_3D('',#1800,#1353,#1354);
#1166=AXIS2_PLACEMENT_3D('',#1802,#1356,#1357);
#1167=AXIS2_PLACEMENT_3D('',#1879,#1362,#1363);
#1168=AXIS2_PLACEMENT_3D('',#1917,#1365,#1366);
#1169=AXIS2_PLACEMENT_3D('',#1918,#1367,#1368);
#1170=AXIS2_PLACEMENT_3D('',#1920,#1369,#1370);
#1171=AXIS2_PLACEMENT_3D('',#1922,#1372,#1373);
#1172=AXIS2_PLACEMENT_3D('',#1924,#1374,#1375);
#1173=AXIS2_PLACEMENT_3D('',#1926,#1377,#1378);
#1174=AXIS2_PLACEMENT_3D('',#1935,#1383,#1384);
#1175=AXIS2_PLACEMENT_3D('',#1937,#1385,#1386);
#1176=AXIS2_PLACEMENT_3D('',#1939,#1387,#1388);
#1177=AXIS2_PLACEMENT_3D('',#1941,#1390,#1391);
#1178=AXIS2_PLACEMENT_3D('',#1944,#1394,#1395);
#1179=AXIS2_PLACEMENT_3D('',#1947,#1397,#1398);
#1180=AXIS2_PLACEMENT_3D('',#1948,#1399,#1400);
#1181=AXIS2_PLACEMENT_3D('',#1950,#1402,#1403);
#1182=AXIS2_PLACEMENT_3D('',#1954,#1405,#1406);
#1183=AXIS2_PLACEMENT_3D('',#1975,#1408,#1409);
#1184=AXIS2_PLACEMENT_3D('',#1982,#1413,#1414);
#1185=AXIS2_PLACEMENT_3D('',#1984,#1415,#1416);
#1186=AXIS2_PLACEMENT_3D('',#1985,#1417,#1418);
#1187=AXIS2_PLACEMENT_3D('',#1987,#1419,#1420);
#1188=AXIS2_PLACEMENT_3D('',#1989,#1421,#1422);
#1189=AXIS2_PLACEMENT_3D('',#1990,#1423,#1424);
#1190=AXIS2_PLACEMENT_3D('',#1999,#1429,#1430);
#1191=AXIS2_PLACEMENT_3D('',#2000,#1431,#1432);
#1192=AXIS2_PLACEMENT_3D('',#2001,#1433,#1434);
#1193=AXIS2_PLACEMENT_3D('',#2004,#1435,#1436);
#1194=AXIS2_PLACEMENT_3D('',#2009,#1440,#1441);
#1195=AXIS2_PLACEMENT_3D('',#2011,#1443,#1444);
#1196=AXIS2_PLACEMENT_3D('',#2015,#1447,#1448);
#1197=AXIS2_PLACEMENT_3D('',#2019,#1451,#1452);
#1198=AXIS2_PLACEMENT_3D('',#2023,#1455,#1456);
#1199=AXIS2_PLACEMENT_3D('',#2024,#1457,#1458);
#1200=AXIS2_PLACEMENT_3D('',#2025,#1459,#1460);
#1201=AXIS2_PLACEMENT_3D('',#2027,#1462,#1463);
#1202=AXIS2_PLACEMENT_3D('',#2029,#1465,#1466);
#1203=AXIS2_PLACEMENT_3D('',#2036,#1467,#1468);
#1204=AXIS2_PLACEMENT_3D('',#2038,#1470,#1471);
#1205=AXIS2_PLACEMENT_3D('',#2076,#1473,#1474);
#1206=AXIS2_PLACEMENT_3D('',#2077,#1475,#1476);
#1207=AXIS2_PLACEMENT_3D('',#2082,#1479,#1480);
#1208=AXIS2_PLACEMENT_3D('',#2136,#1481,#1482);
#1209=AXIS2_PLACEMENT_3D('',#2144,#1487,#1488);
#1210=AXIS2_PLACEMENT_3D('',#2155,#1489,#1490);
#1211=AXIS2_PLACEMENT_3D('',#2156,#1491,#1492);
#1212=AXIS2_PLACEMENT_3D('',#2160,#1495,#1496);
#1213=AXIS2_PLACEMENT_3D('',#2164,#1499,#1500);
#1214=AXIS2_PLACEMENT_3D('',#2165,#1501,#1502);
#1215=AXIS2_PLACEMENT_3D('',#2166,#1503,#1504);
#1216=AXIS2_PLACEMENT_3D('',#2167,#1505,#1506);
#1217=AXIS2_PLACEMENT_3D('',#2168,#1507,#1508);
#1218=AXIS2_PLACEMENT_3D('',#2186,#1509,#1510);
#1219=AXIS2_PLACEMENT_3D('',#2187,#1511,#1512);
#1220=AXIS2_PLACEMENT_3D('',#2189,#1513,#1514);
#1221=AXIS2_PLACEMENT_3D('',#2190,#1515,#1516);
#1222=AXIS2_PLACEMENT_3D('',#2192,#1518,#1519);
#1223=AXIS2_PLACEMENT_3D('',#2194,#1521,#1522);
#1224=DIRECTION('axis',(0.,0.,1.));
#1225=DIRECTION('refdir',(1.,0.,0.));
#1226=DIRECTION('axis',(0.,0.,1.));
#1227=DIRECTION('refdir',(1.,0.,0.));
#1228=DIRECTION('center_axis',(-1.,0.,0.));
#1229=DIRECTION('ref_axis',(0.,0.,1.));
#1230=DIRECTION('center_axis',(0.,1.,-1.22458105191997E-16));
#1231=DIRECTION('ref_axis',(0.,-1.22458105191997E-16,-1.));
#1232=DIRECTION('center_axis',(-1.,0.,0.));
#1233=DIRECTION('ref_axis',(0.,-0.983253172324512,-0.182244887757612));
#1234=DIRECTION('center_axis',(1.,0.,0.));
#1235=DIRECTION('ref_axis',(0.,-0.983253172324512,-0.182244887757612));
#1236=DIRECTION('center_axis',(-1.,0.,0.));
#1237=DIRECTION('ref_axis',(0.,1.,0.));
#1238=DIRECTION('center_axis',(-1.,-2.58885628186142E-31,4.38256058456117E-32));
#1239=DIRECTION('ref_axis',(0.,1.,0.));
#1240=DIRECTION('',(-1.,0.,0.));
#1241=DIRECTION('center_axis',(-1.,0.,0.));
#1242=DIRECTION('ref_axis',(0.,1.,0.));
#1243=DIRECTION('center_axis',(1.,0.,0.));
#1244=DIRECTION('ref_axis',(0.,1.,0.));
#1245=DIRECTION('center_axis',(1.,0.,0.));
#1246=DIRECTION('ref_axis',(0.,-1.,0.));
#1247=DIRECTION('center_axis',(-1.,0.,0.));
#1248=DIRECTION('ref_axis',(0.,1.,0.));
#1249=DIRECTION('center_axis',(-1.,-2.58885628186142E-31,4.38256058456117E-32));
#1250=DIRECTION('ref_axis',(0.,1.,0.));
#1251=DIRECTION('',(-1.,0.,0.));
#1252=DIRECTION('center_axis',(-1.,0.,0.));
#1253=DIRECTION('ref_axis',(0.,1.,0.));
#1254=DIRECTION('center_axis',(1.,0.,0.));
#1255=DIRECTION('ref_axis',(0.,1.,0.));
#1256=DIRECTION('center_axis',(1.,0.,0.));
#1257=DIRECTION('ref_axis',(0.,-1.,0.));
#1258=DIRECTION('center_axis',(-1.,0.,0.));
#1259=DIRECTION('ref_axis',(0.,1.,0.));
#1260=DIRECTION('center_axis',(-1.,-2.58885628186142E-31,4.38256058456117E-32));
#1261=DIRECTION('ref_axis',(0.,1.,0.));
#1262=DIRECTION('',(-1.,0.,0.));
#1263=DIRECTION('center_axis',(-1.,0.,0.));
#1264=DIRECTION('ref_axis',(0.,1.,0.));
#1265=DIRECTION('center_axis',(1.,0.,0.));
#1266=DIRECTION('ref_axis',(0.,1.,0.));
#1267=DIRECTION('center_axis',(1.,0.,0.));
#1268=DIRECTION('ref_axis',(0.,-1.,0.));
#1269=DIRECTION('center_axis',(-1.,0.,0.));
#1270=DIRECTION('ref_axis',(0.,1.,0.));
#1271=DIRECTION('center_axis',(-1.,-2.58885628186142E-31,4.38256058456117E-32));
#1272=DIRECTION('ref_axis',(0.,1.,0.));
#1273=DIRECTION('',(-1.,0.,0.));
#1274=DIRECTION('center_axis',(-1.,0.,0.));
#1275=DIRECTION('ref_axis',(0.,1.,0.));
#1276=DIRECTION('center_axis',(1.,0.,0.));
#1277=DIRECTION('ref_axis',(0.,1.,0.));
#1278=DIRECTION('center_axis',(1.,0.,0.));
#1279=DIRECTION('ref_axis',(0.,-1.,0.));
#1280=DIRECTION('center_axis',(-1.,0.,0.));
#1281=DIRECTION('ref_axis',(0.,1.,0.));
#1282=DIRECTION('center_axis',(-1.,-2.58885628186142E-31,4.38256058456117E-32));
#1283=DIRECTION('ref_axis',(0.,1.,0.));
#1284=DIRECTION('',(-1.,0.,0.));
#1285=DIRECTION('center_axis',(-1.,0.,0.));
#1286=DIRECTION('ref_axis',(0.,1.,0.));
#1287=DIRECTION('center_axis',(1.,0.,0.));
#1288=DIRECTION('ref_axis',(0.,1.,0.));
#1289=DIRECTION('center_axis',(1.,0.,0.));
#1290=DIRECTION('ref_axis',(0.,-1.,0.));
#1291=DIRECTION('center_axis',(0.,-1.,0.));
#1292=DIRECTION('ref_axis',(-1.,0.,0.));
#1293=DIRECTION('center_axis',(-7.24207019140102E-15,-1.,-2.17449527782883E-32));
#1294=DIRECTION('ref_axis',(-1.,0.,0.));
#1295=DIRECTION('',(0.,-1.,0.));
#1296=DIRECTION('center_axis',(-1.,0.,0.));
#1297=DIRECTION('ref_axis',(0.,0.,1.));
#1298=DIRECTION('center_axis',(1.,0.,0.));
#1299=DIRECTION('ref_axis',(0.,-0.983253172324512,-0.182244887757612));
#1300=DIRECTION('center_axis',(1.,0.,0.));
#1301=DIRECTION('ref_axis',(0.,-0.983253172324512,-0.182244887757612));
#1302=DIRECTION('center_axis',(-1.,0.,0.));
#1303=DIRECTION('ref_axis',(0.,-0.983253172324512,-0.182244887757612));
#1304=DIRECTION('center_axis',(-1.,0.,0.));
#1305=DIRECTION('ref_axis',(0.,-0.983253172324512,-0.182244887757612));
#1306=DIRECTION('center_axis',(-1.,0.,0.));
#1307=DIRECTION('ref_axis',(0.,-0.999999923995418,-0.000389883518225863));
#1308=DIRECTION('center_axis',(1.,0.,0.));
#1309=DIRECTION('ref_axis',(0.,-0.999999923995418,-0.000389883518225863));
#1310=DIRECTION('center_axis',(1.,0.,0.));
#1311=DIRECTION('ref_axis',(0.,1.,0.));
#1312=DIRECTION('',(1.,0.,0.));
#1313=DIRECTION('center_axis',(1.,0.,0.));
#1314=DIRECTION('ref_axis',(0.,1.,0.));
#1315=DIRECTION('center_axis',(-1.,-2.58885628186142E-31,4.38256058456117E-32));
#1316=DIRECTION('ref_axis',(0.,1.,0.));
#1317=DIRECTION('',(1.,0.,0.));
#1318=DIRECTION('center_axis',(0.,-0.999999999148701,-4.12625390847922E-5));
#1319=DIRECTION('ref_axis',(1.14264474461504E-29,4.12625390847922E-5,-0.999999999148701));
#1320=DIRECTION('',(1.,0.,0.));
#1321=DIRECTION('',(1.,0.,0.));
#1322=DIRECTION('center_axis',(0.,-0.999999999148701,-4.12625390847922E-5));
#1323=DIRECTION('ref_axis',(1.14264474461504E-29,4.12625390847922E-5,-0.999999999148701));
#1324=DIRECTION('',(1.,0.,0.));
#1325=DIRECTION('',(1.,0.,0.));
#1326=DIRECTION('center_axis',(0.,-0.000722093987117756,-0.999999739290103));
#1327=DIRECTION('ref_axis',(-2.58917206898559E-31,0.999999739290103,-0.000722093987117756));
#1328=DIRECTION('',(1.,0.,0.));
#1329=DIRECTION('',(-1.,0.,0.));
#1330=DIRECTION('',(-3.56560715833508E-30,-0.999999739290103,0.000722093987117756));
#1331=DIRECTION('',(1.,0.,0.));
#1332=DIRECTION('center_axis',(0.,-0.000722093987117756,-0.999999739290103));
#1333=DIRECTION('ref_axis',(-2.58917206898559E-31,0.999999739290103,-0.000722093987117756));
#1334=DIRECTION('',(1.,0.,0.));
#1335=DIRECTION('',(-2.58917206898559E-31,0.999999739290103,-0.000722093987117756));
#1336=DIRECTION('',(1.,0.,0.));
#1337=DIRECTION('center_axis',(1.,0.,0.));
#1338=DIRECTION('ref_axis',(0.,-0.999999923995418,-0.000389883518225863));
#1339=DIRECTION('',(1.,0.,0.));
#1340=DIRECTION('center_axis',(0.,-2.11471049158389E-15,1.));
#1341=DIRECTION('ref_axis',(2.11774031197058E-46,-1.,-2.11471049158389E-15));
#1342=DIRECTION('',(1.,0.,0.));
#1343=DIRECTION('',(3.5680150000534E-30,1.,2.11471049158389E-15));
#1344=DIRECTION('',(1.,0.,0.));
#1345=DIRECTION('center_axis',(-1.,0.,0.));
#1346=DIRECTION('ref_axis',(0.,-0.983253172324512,-0.182244887757612));
#1347=DIRECTION('center_axis',(1.,2.58885628186142E-31,-4.38256058456117E-32));
#1348=DIRECTION('ref_axis',(0.,1.,0.));
#1349=DIRECTION('',(1.,0.,0.));
#1350=DIRECTION('center_axis',(-1.,0.,0.));
#1351=DIRECTION('ref_axis',(0.,0.707106781186547,-0.707106781186548));
#1352=DIRECTION('',(1.,0.,0.));
#1353=DIRECTION('center_axis',(-1.,-2.58885628186142E-31,4.38256058456117E-32));
#1354=DIRECTION('ref_axis',(0.,0.707106781186547,-0.707106781186548));
#1355=DIRECTION('',(-1.,0.,0.));
#1356=DIRECTION('center_axis',(0.,1.,-1.91568638127561E-16));
#1357=DIRECTION('ref_axis',(-2.47841706167695E-47,-1.91568638127561E-16,
-1.));
#1358=DIRECTION('',(0.,0.,1.));
#1359=DIRECTION('',(-1.,0.,0.));
#1360=DIRECTION('',(-4.38256058456117E-32,-1.91568638127561E-16,-1.));
#1361=DIRECTION('',(-2.47841706167695E-47,-1.91568638127561E-16,-1.));
#1362=DIRECTION('center_axis',(-1.,0.,0.));
#1363=DIRECTION('ref_axis',(0.,1.,0.));
#1364=DIRECTION('',(1.,0.,0.));
#1365=DIRECTION('center_axis',(-1.,0.,0.));
#1366=DIRECTION('ref_axis',(0.,1.,0.));
#1367=DIRECTION('center_axis',(1.,0.,0.));
#1368=DIRECTION('ref_axis',(0.,-1.,0.));
#1369=DIRECTION('center_axis',(1.,2.58885628186142E-31,-4.38256058456117E-32));
#1370=DIRECTION('ref_axis',(0.,-1.,0.));
#1371=DIRECTION('',(1.,0.,0.));
#1372=DIRECTION('center_axis',(1.,0.,0.));
#1373=DIRECTION('ref_axis',(0.,-1.,0.));
#1374=DIRECTION('center_axis',(1.,2.58885628186142E-31,-4.38256058456117E-32));
#1375=DIRECTION('ref_axis',(0.,-1.,0.));
#1376=DIRECTION('',(1.,0.,0.));
#1377=DIRECTION('center_axis',(4.09928501400058E-16,-2.99008031288975E-30,
1.));
#1378=DIRECTION('ref_axis',(7.23401373525762E-15,1.,2.46519032881566E-32));
#1379=DIRECTION('',(-2.58885628186142E-31,1.,2.99008031288975E-30));
#1380=DIRECTION('',(1.,0.,0.));
#1381=DIRECTION('',(-3.84575025726691E-31,-1.,0.));
#1382=DIRECTION('',(-1.,0.,0.));
#1383=DIRECTION('center_axis',(-1.,7.24207019140102E-15,4.09928501400058E-16));
#1384=DIRECTION('ref_axis',(7.24207019140102E-15,1.,2.13493322946964E-32));
#1385=DIRECTION('center_axis',(-1.,-2.58885628186142E-31,4.38256058456117E-32));
#1386=DIRECTION('ref_axis',(7.24207019140102E-15,1.,2.13493322946964E-32));
#1387=DIRECTION('center_axis',(1.,3.86765316560253E-33,0.));
#1388=DIRECTION('ref_axis',(-3.86765316560253E-33,1.,0.));
#1389=DIRECTION('',(1.,0.,0.));
#1390=DIRECTION('center_axis',(7.24207019140102E-15,1.,2.17449527782883E-32));
#1391=DIRECTION('ref_axis',(-3.60822483003159E-16,2.63484670132277E-30,
-1.));
#1392=DIRECTION('',(-4.38256058456117E-32,2.17449527782886E-32,-1.));
#1393=DIRECTION('',(-2.49248759561078E-33,-1.15463194561016E-14,1.));
#1394=DIRECTION('center_axis',(1.,0.,0.));
#1395=DIRECTION('ref_axis',(0.,-0.999999999148702,-4.12625188956275E-5));
#1396=DIRECTION('',(1.,0.,0.));
#1397=DIRECTION('center_axis',(1.,0.,0.));
#1398=DIRECTION('ref_axis',(0.,1.,0.));
#1399=DIRECTION('center_axis',(1.,0.,0.));
#1400=DIRECTION('ref_axis',(0.,-0.999999999148702,-4.12625188958725E-5));
#1401=DIRECTION('',(-1.12457499253276E-11,-4.12625390848502E-5,0.999999999148701));
#1402=DIRECTION('center_axis',(1.,2.58885628186142E-31,-4.38256058456117E-32));
#1403=DIRECTION('ref_axis',(-2.58885628186142E-31,1.,0.));
#1404=DIRECTION('',(7.23375130153325E-15,0.999999739290103,-0.000722093987119995));
#1405=DIRECTION('center_axis',(-1.,-2.58885628186142E-31,4.38256058456117E-32));
#1406=DIRECTION('ref_axis',(0.,1.,0.));
#1407=DIRECTION('',(4.38256058456118E-32,-1.91568638127617E-16,1.));
#1408=DIRECTION('center_axis',(-1.,-2.58885628186142E-31,4.38256058456117E-32));
#1409=DIRECTION('ref_axis',(0.,1.,0.));
#1410=DIRECTION('',(-1.13538821458157E-11,-1.8134672871789E-11,1.));
#1411=DIRECTION('',(3.6604602675414E-16,0.000722093987120075,0.999999739290103));
#1412=DIRECTION('',(4.36386546643775E-32,0.000722093987120075,0.999999739290103));
#1413=DIRECTION('center_axis',(-1.,-2.58885628186142E-31,4.38256058456117E-32));
#1414=DIRECTION('ref_axis',(4.15157849867152E-16,0.000722093987120053,0.999999739290103));
#1415=DIRECTION('center_axis',(1.,2.58885628186142E-31,-4.38256058456117E-32));
#1416=DIRECTION('ref_axis',(0.,-1.,0.));
#1417=DIRECTION('center_axis',(1.,-3.56801500005339E-30,-3.3332385318621E-30));
#1418=DIRECTION('ref_axis',(0.,1.,0.));
#1419=DIRECTION('center_axis',(1.,2.58885628186142E-31,-4.38256058456117E-32));
#1420=DIRECTION('ref_axis',(0.,-1.,0.));
#1421=DIRECTION('center_axis',(1.,2.58885628186142E-31,-4.38256058456117E-32));
#1422=DIRECTION('ref_axis',(0.,-1.,0.));
#1423=DIRECTION('center_axis',(1.,0.,0.));
#1424=DIRECTION('ref_axis',(0.,1.,0.));
#1425=DIRECTION('',(1.,0.,0.));
#1426=DIRECTION('',(1.,0.,0.));
#1427=DIRECTION('',(1.,0.,0.));
#1428=DIRECTION('',(1.,0.,0.));
#1429=DIRECTION('center_axis',(1.,0.,0.));
#1430=DIRECTION('ref_axis',(0.,1.,0.));
#1431=DIRECTION('center_axis',(1.,0.,0.));
#1432=DIRECTION('ref_axis',(0.,-0.999999999584228,-2.88364990644774E-5));
#1433=DIRECTION('center_axis',(1.,2.01334006959382E-46,7.26910473906386E-50));
#1434=DIRECTION('ref_axis',(-2.01334006959382E-46,1.,0.));
#1435=DIRECTION('center_axis',(-1.,-2.01334006959382E-46,-7.26910473906386E-50));
#1436=DIRECTION('ref_axis',(0.,-1.,0.));
#1437=DIRECTION('',(-2.01333901979845E-46,0.999999739290103,-0.000722093987117756));
#1438=DIRECTION('',(-8.09833972479378E-30,1.81346728717832E-11,-1.));
#1439=DIRECTION('',(2.01334006959382E-46,-1.,-2.11471049158389E-15));
#1440=DIRECTION('center_axis',(0.,-1.,-1.81346728717832E-11));
#1441=DIRECTION('ref_axis',(-8.09833972479378E-30,1.81346728717832E-11,
-1.));
#1442=DIRECTION('',(1.,0.,0.));
#1443=DIRECTION('center_axis',(0.,0.000721989438987557,0.999999739365591));
#1444=DIRECTION('ref_axis',(-1.37430515689126E-33,-0.999999739365591,0.000721989438987557));
#1445=DIRECTION('',(1.,0.,0.));
#1446=DIRECTION('',(-1.37430515689126E-33,-0.999999739365591,0.000721989438987557));
#1447=DIRECTION('center_axis',(0.,-2.11471049158389E-15,1.));
#1448=DIRECTION('ref_axis',(2.11774031197058E-46,-1.,-2.11471049158389E-15));
#1449=DIRECTION('',(1.,0.,0.));
#1450=DIRECTION('',(2.11774031197058E-46,-1.,-2.11471049158389E-15));
#1451=DIRECTION('center_axis',(-7.24177229641564E-15,-0.999999739290103,
0.000722093987120075));
#1452=DIRECTION('ref_axis',(3.6604602675414E-16,0.000722093987120075,0.999999739290103));
#1453=DIRECTION('',(-1.89138582906186E-31,-0.000722093987120765,-0.999999739290103));
#1454=DIRECTION('',(1.,0.,0.));
#1455=DIRECTION('center_axis',(-1.,7.24207019140102E-15,4.09928501400058E-16));
#1456=DIRECTION('ref_axis',(4.15157849867152E-16,0.000722093987120053,0.999999739290103));
#1457=DIRECTION('center_axis',(1.,9.65386085276308E-35,1.33692545681051E-31));
#1458=DIRECTION('ref_axis',(-1.3369258053603E-31,0.000722093987120053,0.999999739290103));
#1459=DIRECTION('center_axis',(1.,0.,0.));
#1460=DIRECTION('ref_axis',(0.,-1.,0.));
#1461=DIRECTION('',(1.,0.,0.));
#1462=DIRECTION('center_axis',(1.,0.,0.));
#1463=DIRECTION('ref_axis',(0.,-1.,0.));
#1464=DIRECTION('',(1.,0.,0.));
#1465=DIRECTION('center_axis',(1.,0.,0.));
#1466=DIRECTION('ref_axis',(0.,1.,0.));
#1467=DIRECTION('center_axis',(1.,0.,0.));
#1468=DIRECTION('ref_axis',(0.,1.,0.));
#1469=DIRECTION('',(1.,0.,0.));
#1470=DIRECTION('center_axis',(-1.,0.,0.));
#1471=DIRECTION('ref_axis',(0.,1.,0.));
#1472=DIRECTION('',(1.,0.,0.));
#1473=DIRECTION('center_axis',(-1.,0.,0.));
#1474=DIRECTION('ref_axis',(0.,1.,0.));
#1475=DIRECTION('center_axis',(0.,0.,-1.));
#1476=DIRECTION('ref_axis',(0.,-1.,0.));
#1477=DIRECTION('',(0.,-1.,0.));
#1478=DIRECTION('',(1.,0.,0.));
#1479=DIRECTION('center_axis',(0.,0.,1.));
#1480=DIRECTION('ref_axis',(1.,0.,0.));
#1481=DIRECTION('center_axis',(0.,-1.,-1.91568638127617E-16));
#1482=DIRECTION('ref_axis',(5.46427657880236E-47,-1.91568638127617E-16,
1.));
#1483=DIRECTION('',(-1.,0.,0.));
#1484=DIRECTION('',(5.46427657880236E-47,-1.91568638127617E-16,1.));
#1485=DIRECTION('',(-1.,0.,0.));
#1486=DIRECTION('',(0.,0.,-1.));
#1487=DIRECTION('center_axis',(-1.,0.,0.));
#1488=DIRECTION('ref_axis',(0.,-0.707106781186547,-0.707106781186548));
#1489=DIRECTION('center_axis',(-1.,-2.58885628186142E-31,4.38256058456117E-32));
#1490=DIRECTION('ref_axis',(0.,-0.707106781186547,-0.707106781186548));
#1491=DIRECTION('center_axis',(0.,-2.11471049158389E-15,1.));
#1492=DIRECTION('ref_axis',(2.11774031197058E-46,-1.,-2.11471049158389E-15));
#1493=DIRECTION('',(-1.,0.,0.));
#1494=DIRECTION('',(2.11774031197058E-46,-1.,-2.11471049158389E-15));
#1495=DIRECTION('center_axis',(0.,-0.000722093987117756,-0.999999739290103));
#1496=DIRECTION('ref_axis',(-2.58917206898559E-31,0.999999739290103,-0.000722093987117756));
#1497=DIRECTION('',(1.,0.,0.));
#1498=DIRECTION('',(-2.58917206898559E-31,0.999999739290103,-0.000722093987117756));
#1499=DIRECTION('center_axis',(1.,0.,0.));
#1500=DIRECTION('ref_axis',(0.,-1.,0.));
#1501=DIRECTION('center_axis',(1.,0.,0.));
#1502=DIRECTION('ref_axis',(0.,-1.,0.));
#1503=DIRECTION('center_axis',(1.,0.,0.));
#1504=DIRECTION('ref_axis',(0.,-0.999999923995418,-0.000389883518225863));
#1505=DIRECTION('center_axis',(-1.,1.46305423549959E-46,1.08990406536908E-47));
#1506=DIRECTION('ref_axis',(-1.46309661786392E-46,-0.999999923995418,-0.000389883518225863));
#1507=DIRECTION('center_axis',(0.,0.,1.));
#1508=DIRECTION('ref_axis',(1.,0.,0.));
#1509=DIRECTION('center_axis',(-1.,0.,0.));
#1510=DIRECTION('ref_axis',(0.,-0.999999934822524,-0.000361047017096562));
#1511=DIRECTION('center_axis',(1.,2.58885628186142E-31,-4.38256058456117E-32));
#1512=DIRECTION('ref_axis',(-2.58885628186142E-31,1.,0.));
#1513=DIRECTION('center_axis',(-1.,-2.58885628186142E-31,4.38256058456117E-32));
#1514=DIRECTION('ref_axis',(0.,1.,0.));
#1515=DIRECTION('center_axis',(-1.,0.,0.));
#1516=DIRECTION('ref_axis',(0.,-0.983253172324512,-0.182244887757612));
#1517=DIRECTION('',(1.,0.,0.));
#1518=DIRECTION('center_axis',(1.,0.,0.));
#1519=DIRECTION('ref_axis',(0.,-1.,0.));
#1520=DIRECTION('',(1.,0.,0.));
#1521=DIRECTION('',(0.,0.,1.));
#1522=DIRECTION('',(1.,0.,0.));
#1523=CARTESIAN_POINT('',(0.,0.,0.));
#1524=CARTESIAN_POINT('',(0.,0.,0.));
#1525=CARTESIAN_POINT('Origin',(76.560137981376,-0.0252656670791338,49.3695455081144));
#1526=CARTESIAN_POINT('',(79.860137981376,-0.0252656670791378,16.3695480500359));
#1527=CARTESIAN_POINT('',(73.260137981376,-0.0252656670791378,16.3695480500359));
#1528=CARTESIAN_POINT('Origin',(76.560137981376,-0.0252656670791378,16.369548050036));
#1529=CARTESIAN_POINT('',(79.860137981376,32.9747287869102,49.3554646753655));
#1530=CARTESIAN_POINT('Origin',(79.860137981376,-0.0252656670791338,49.3695455081144));
#1531=CARTESIAN_POINT('',(73.260137981376,32.9747287869102,49.3554646753655));
#1532=CARTESIAN_POINT('Ctrl Pts',(79.860137981376,32.9747287869102,49.3554646753655));
#1533=CARTESIAN_POINT('Ctrl Pts',(79.860137981376,32.9772543961281,49.3529379882605));
#1534=CARTESIAN_POINT('Ctrl Pts',(79.8601350795256,32.9797798383044,49.3504111786864));
#1535=CARTESIAN_POINT('Ctrl Pts',(79.8590718366738,33.4423355872103,48.887551754811));
#1536=CARTESIAN_POINT('Ctrl Pts',(79.7616932232346,33.9018449315524,48.4176825695648));
#1537=CARTESIAN_POINT('Ctrl Pts',(79.4010120203056,34.6527405395557,47.6356501295067));
#1538=CARTESIAN_POINT('Ctrl Pts',(79.1809840697129,34.9619894288195,47.3086082815287));
#1539=CARTESIAN_POINT('Ctrl Pts',(78.6716308932179,35.4371984000334,46.8006610420247));
#1540=CARTESIAN_POINT('Ctrl Pts',(78.4123890870539,35.6199598376496,46.6033681344581));
#1541=CARTESIAN_POINT('Ctrl Pts',(77.8390913223132,35.901809281849,46.2975399521538));
#1542=CARTESIAN_POINT('Ctrl Pts',(77.5354523307136,36.0044615878436,46.1853537110532));
#1543=CARTESIAN_POINT('Ctrl Pts',(76.9970788207206,36.1031456344044,46.077384481608));
#1544=CARTESIAN_POINT('Ctrl Pts',(76.7797250905259,36.1231324120958,46.0554646753656));
#1545=CARTESIAN_POINT('Ctrl Pts',(76.3405508722262,36.1231324120958,46.0554646753655));
#1546=CARTESIAN_POINT('Ctrl Pts',(76.1231971420317,36.1031456344044,46.0773844816077));
#1547=CARTESIAN_POINT('Ctrl Pts',(75.5848236320392,36.0044615878437,46.1853537110525));
#1548=CARTESIAN_POINT('Ctrl Pts',(75.2811846404399,35.9018092818494,46.2975399521527));
#1549=CARTESIAN_POINT('Ctrl Pts',(74.7078868756995,35.6199598376503,46.6033681344561));
#1550=CARTESIAN_POINT('Ctrl Pts',(74.4486450695353,35.4371984000343,46.8006610420223));
#1551=CARTESIAN_POINT('Ctrl Pts',(73.9392918930401,34.9619894288206,47.3086082815254));
#1552=CARTESIAN_POINT('Ctrl Pts',(73.7192639424471,34.6527405395568,47.6356501295028));
#1553=CARTESIAN_POINT('Ctrl Pts',(73.3585826664326,33.9018447793987,48.4176827280226));
#1554=CARTESIAN_POINT('Ctrl Pts',(73.2612041235715,33.4423345346805,48.8875528514738));
#1555=CARTESIAN_POINT('Ctrl Pts',(73.2601408832611,32.9797798531793,49.3504111628319));
#1556=CARTESIAN_POINT('Ctrl Pts',(73.260137981376,32.9772543805045,49.3529380038908));
#1557=CARTESIAN_POINT('Ctrl Pts',(73.260137981376,32.9747287869102,49.3554646753655));
#1558=CARTESIAN_POINT('Origin',(73.260137981376,-0.0252656670791338,49.3695455081144));
#1559=CARTESIAN_POINT('Origin',(82.560137981376,0.0012638995292813,118.855464675365));
#1560=CARTESIAN_POINT('',(82.560137981376,-2.49873610047072,118.855464675365));
#1561=CARTESIAN_POINT('Origin',(82.560137981376,0.0012638995292813,118.855464675365));
#1562=CARTESIAN_POINT('',(81.060137981376,-2.49873610047072,118.855464675365));
#1563=CARTESIAN_POINT('',(82.560137981376,-2.49873610047072,118.855464675365));
#1564=CARTESIAN_POINT('Origin',(81.060137981376,0.0012638995292813,118.855464675365));
#1565=CARTESIAN_POINT('Origin',(81.060137981376,0.0012638995292813,118.855464675365));
#1566=CARTESIAN_POINT('',(81.060137981376,1.53148158018393,118.855464675365));
#1567=CARTESIAN_POINT('Origin',(81.060137981376,0.0012638995292813,118.855464675365));
#1568=CARTESIAN_POINT('Origin',(82.560137981376,-27.304378620606,111.699294964277));
#1569=CARTESIAN_POINT('',(82.560137981376,-29.804378620606,111.699294964277));
#1570=CARTESIAN_POINT('Origin',(82.560137981376,-27.304378620606,111.699294964277));
#1571=CARTESIAN_POINT('',(81.060137981376,-29.804378620606,111.699294964277));
#1572=CARTESIAN_POINT('',(82.560137981376,-29.804378620606,111.699294964277));
#1573=CARTESIAN_POINT('Origin',(81.060137981376,-27.304378620606,111.699294964277));
#1574=CARTESIAN_POINT('Origin',(81.060137981376,-27.304378620606,111.699294964277));
#1575=CARTESIAN_POINT('',(81.060137981376,-25.8043786206059,111.699294964277));
#1576=CARTESIAN_POINT('Origin',(81.060137981376,-27.304378620606,111.699294964277));
#1577=CARTESIAN_POINT('Origin',(82.560137981376,27.3040764043676,111.699003390678));
#1578=CARTESIAN_POINT('',(82.560137981376,24.8040764043677,111.699003390678));
#1579=CARTESIAN_POINT('Origin',(82.560137981376,27.3040764043676,111.699003390678));
#1580=CARTESIAN_POINT('',(81.060137981376,24.8040764043677,111.699003390678));
#1581=CARTESIAN_POINT('',(82.560137981376,24.8040764043677,111.699003390678));
#1582=CARTESIAN_POINT('Origin',(81.060137981376,27.3040764043676,111.699003390678));
#1583=CARTESIAN_POINT('Origin',(81.060137981376,27.3040764043676,111.699003390678));
#1584=CARTESIAN_POINT('',(81.060137981376,28.8040764043677,111.699003390678));
#1585=CARTESIAN_POINT('Origin',(81.060137981376,27.3040764043676,111.699003390678));
#1586=CARTESIAN_POINT('Origin',(82.560137981376,-34.5071715874503,74.4378087152229));
#1587=CARTESIAN_POINT('',(82.560137981376,-37.0071715874503,74.4378087152229));
#1588=CARTESIAN_POINT('Origin',(82.560137981376,-34.5071715874503,74.4378087152229));
#1589=CARTESIAN_POINT('',(81.060137981376,-37.0071715874503,74.4378087152229));
#1590=CARTESIAN_POINT('',(82.560137981376,-37.0071715874503,74.4378087152229));
#1591=CARTESIAN_POINT('Origin',(81.060137981376,-34.5071715874503,74.4378087152229));
#1592=CARTESIAN_POINT('Origin',(81.060137981376,-34.5071715874503,74.4378087152229));
#1593=CARTESIAN_POINT('',(81.060137981376,-33.0071715874503,74.4378087152229));
#1594=CARTESIAN_POINT('Origin',(81.060137981376,-34.5071715874503,74.4378087152229));
#1595=CARTESIAN_POINT('Origin',(82.560137981376,34.5064714666436,74.4374402272978));
#1596=CARTESIAN_POINT('',(82.560137981376,32.0064714666436,74.4374402272978));
#1597=CARTESIAN_POINT('Origin',(82.560137981376,34.5064714666436,74.4374402272978));
#1598=CARTESIAN_POINT('',(81.060137981376,32.0064714666436,74.4374402272978));
#1599=CARTESIAN_POINT('',(82.560137981376,32.0064714666436,74.4374402272978));
#1600=CARTESIAN_POINT('Origin',(81.060137981376,34.5064714666436,74.4374402272978));
#1601=CARTESIAN_POINT('Origin',(81.060137981376,34.5064714666436,74.4374402272978));
#1602=CARTESIAN_POINT('',(81.060137981376,36.0064714666436,74.4374402272978));
#1603=CARTESIAN_POINT('Origin',(81.060137981376,34.5064714666436,74.4374402272978));
#1604=CARTESIAN_POINT('Origin',(76.5601379813752,38.9747267071557,49.3554646753655));
#1605=CARTESIAN_POINT('',(73.2601379813752,38.9747267071563,49.3554646753655));
#1606=CARTESIAN_POINT('',(79.8601379813752,38.9747267071557,49.3554646753655));
#1607=CARTESIAN_POINT('Ctrl Pts',(73.2601379813752,38.9747267071563,49.3554646753655));
#1608=CARTESIAN_POINT('Ctrl Pts',(73.2601379813752,38.9745770269208,48.9408920057749));
#1609=CARTESIAN_POINT('Ctrl Pts',(73.3430317671067,38.9671292962786,48.4988239078212));
#1610=CARTESIAN_POINT('Ctrl Pts',(73.6798736631799,38.9404900678305,47.6858290150734));
#1611=CARTESIAN_POINT('Ctrl Pts',(73.9338107297379,38.9216734462184,47.3148854044451));
#1612=CARTESIAN_POINT('Ctrl Pts',(74.5195719171145,38.8863506850058,46.7291277505481));
#1613=CARTESIAN_POINT('Ctrl Pts',(74.8905138953298,38.8675469700636,46.4751941218434));
#1614=CARTESIAN_POINT('Ctrl Pts',(75.7035039451222,38.8410123454612,46.1383571120639));
#1615=CARTESIAN_POINT('Ctrl Pts',(76.1455690162692,38.8336647403757,46.0554646753655));
#1616=CARTESIAN_POINT('Ctrl Pts',(76.5601379813752,38.8336647403757,46.0554646753655));
#1617=CARTESIAN_POINT('Ctrl Pts',(76.9747069464811,38.8336647403757,46.0554646753655));
#1618=CARTESIAN_POINT('Ctrl Pts',(77.4167720176282,38.8410123454612,46.1383571120639));
#1619=CARTESIAN_POINT('Ctrl Pts',(78.2297620674206,38.8675469700636,46.4751941218434));
#1620=CARTESIAN_POINT('Ctrl Pts',(78.6007040456358,38.8863506850058,46.7291277505481));
#1621=CARTESIAN_POINT('Ctrl Pts',(79.1864652330125,38.9216734462184,47.314885404445));
#1622=CARTESIAN_POINT('Ctrl Pts',(79.4404022995705,38.9404900678305,47.6858290150734));
#1623=CARTESIAN_POINT('Ctrl Pts',(79.7772441956437,38.9671292962786,48.4988239078212));
#1624=CARTESIAN_POINT('Ctrl Pts',(79.8601379813752,38.9745770269208,48.9408920057749));
#1625=CARTESIAN_POINT('Ctrl Pts',(79.8601379813752,38.9747267071563,49.3554646753655));
#1626=CARTESIAN_POINT('Origin',(76.5601379813752,38.9747267071558,49.3554646753655));
#1627=CARTESIAN_POINT('',(79.8601379813752,38.9747267071557,49.3554646753655));
#1628=CARTESIAN_POINT('Ctrl Pts',(73.260137981376,32.9747287869102,49.3554646753655));
#1629=CARTESIAN_POINT('Ctrl Pts',(73.260137981376,32.9772546612223,49.3579894721373));
#1630=CARTESIAN_POINT('Ctrl Pts',(73.2601408789566,32.9797804147614,49.3605144385593));
#1631=CARTESIAN_POINT('Ctrl Pts',(73.2612048141302,33.4433764874965,49.8240191203228));
#1632=CARTESIAN_POINT('Ctrl Pts',(73.3588554468787,33.9039412887572,50.2945897208501));
#1633=CARTESIAN_POINT('Ctrl Pts',(73.7203097143806,34.6557503325647,51.0769735813821));
#1634=CARTESIAN_POINT('Ctrl Pts',(73.9404505037922,34.9650149525216,51.4037816187433));
#1635=CARTESIAN_POINT('Ctrl Pts',(74.4498921715669,35.4401698244238,51.9112812182975));
#1636=CARTESIAN_POINT('Ctrl Pts',(74.7091137098331,35.6228829911146,52.1083701206407));
#1637=CARTESIAN_POINT('Ctrl Pts',(75.2821834164478,35.9045646895295,52.4137800333381));
#1638=CARTESIAN_POINT('Ctrl Pts',(75.5855944588403,36.0071293370858,52.5257831042323));
#1639=CARTESIAN_POINT('Ctrl Pts',(76.1235410983536,36.1057323302792,52.633579446709));
#1640=CARTESIAN_POINT('Ctrl Pts',(76.3407241758147,36.125703209049,52.6554646753656));
#1641=CARTESIAN_POINT('Ctrl Pts',(76.7795517869375,36.125703209049,52.6554646753655));
#1642=CARTESIAN_POINT('Ctrl Pts',(76.9967348643987,36.1057323302792,52.6335794467087));
#1643=CARTESIAN_POINT('Ctrl Pts',(77.5346815039124,36.0071293370857,52.5257831042317));
#1644=CARTESIAN_POINT('Ctrl Pts',(77.8380925463052,35.9045646895292,52.413780033337));
#1645=CARTESIAN_POINT('Ctrl Pts',(78.4111622529202,35.6228829911139,52.1083701206388));
#1646=CARTESIAN_POINT('Ctrl Pts',(78.6703837911864,35.440169824423,51.9112812182951));
#1647=CARTESIAN_POINT('Ctrl Pts',(79.1798254589608,34.9650149525206,51.40378161874));
#1648=CARTESIAN_POINT('Ctrl Pts',(79.3999662483722,34.6557503325637,51.0769735813783));
#1649=CARTESIAN_POINT('Ctrl Pts',(79.7614204424283,33.9039414415195,50.2945898798199));
#1650=CARTESIAN_POINT('Ctrl Pts',(79.8590711461065,33.4433775454624,49.8240202216137));
#1651=CARTESIAN_POINT('Ctrl Pts',(79.8601350838302,32.9797803998344,49.3605144226655));
#1652=CARTESIAN_POINT('Ctrl Pts',(79.860137981376,32.9772546768981,49.3579894878064));
#1653=CARTESIAN_POINT('Ctrl Pts',(79.860137981376,32.9747287869102,49.3554646753655));
#1654=CARTESIAN_POINT('Origin',(76.560137981376,-0.0252656670791338,49.3695455081144));
#1655=CARTESIAN_POINT('',(73.260137981376,32.4220839783557,55.3836263408633));
#1656=CARTESIAN_POINT('Origin',(73.260137981376,-0.0252656670791338,49.3695455081144));
#1657=CARTESIAN_POINT('Origin',(73.260137981376,-0.0252656670791338,49.3695455081144));
#1658=CARTESIAN_POINT('',(79.860137981376,32.4220839783557,55.3836263408633));
#1659=CARTESIAN_POINT('Origin',(79.860137981376,-0.0252656670791338,49.3695455081144));
#1660=CARTESIAN_POINT('Origin',(79.860137981376,-0.0252656670791338,49.3695455081144));
#1661=CARTESIAN_POINT('',(79.1850167729176,-35.0252631251577,49.3554646753654));
#1662=CARTESIAN_POINT('',(77.6481246210374,-36.1407515247891,49.3554646753653));
#1663=CARTESIAN_POINT('Ctrl Pts',(79.1850167729176,-35.0252631251577,49.3554646753654));
#1664=CARTESIAN_POINT('Ctrl Pts',(79.0926299152638,-35.1465151148878,49.3554646753654));
#1665=CARTESIAN_POINT('Ctrl Pts',(78.9932418686518,-35.2590611833422,49.3554646753654));
#1666=CARTESIAN_POINT('Ctrl Pts',(78.6056106844775,-35.6466923856993,49.3554646753654));
#1667=CARTESIAN_POINT('Ctrl Pts',(78.1992568072548,-35.9182093813362,49.3554646753653));
#1668=CARTESIAN_POINT('Ctrl Pts',(77.7667095381818,-36.0973763343086,49.3554646753653));
#1669=CARTESIAN_POINT('Ctrl Pts',(77.7082584984175,-36.119751670475,49.3554646753654));
#1670=CARTESIAN_POINT('Ctrl Pts',(77.6481246210374,-36.1407515247891,49.3554646753654));
#1671=CARTESIAN_POINT('',(79.1850167729172,-35.0252641679978,49.3807379649147));
#1672=CARTESIAN_POINT('Ctrl Pts',(79.1850167729172,-35.0252641679978,49.3807379649147));
#1673=CARTESIAN_POINT('Ctrl Pts',(79.1850179320834,-35.0252639941311,49.3765242940643));
#1674=CARTESIAN_POINT('Ctrl Pts',(79.1850185110643,-35.0252638203243,49.3723120769449));
#1675=CARTESIAN_POINT('Ctrl Pts',(79.1850185110643,-35.0252636465777,49.3681013193285));
#1676=CARTESIAN_POINT('Ctrl Pts',(79.1850185110643,-35.0252634728312,49.3638905622512));
#1677=CARTESIAN_POINT('Ctrl Pts',(79.1850179320835,-35.0252632990245,49.3596783456728));
#1678=CARTESIAN_POINT('Ctrl Pts',(79.1850167729176,-35.0252631251577,49.3554646753654));
#1679=CARTESIAN_POINT('',(77.6481246210372,-36.1407522768099,49.3815434523856));
#1680=CARTESIAN_POINT('Ctrl Pts',(77.6481246210372,-36.1407522768099,49.3815434523808));
#1681=CARTESIAN_POINT('Ctrl Pts',(77.7082584984173,-36.1197524279706,49.3815282885123));
#1682=CARTESIAN_POINT('Ctrl Pts',(77.7667095381817,-36.0973770976377,49.3815121314165));
#1683=CARTESIAN_POINT('Ctrl Pts',(78.1992568072548,-35.9182101913758,49.3813827560371));
#1684=CARTESIAN_POINT('Ctrl Pts',(78.6056106844775,-35.6466932665261,49.3811866952472));
#1685=CARTESIAN_POINT('Ctrl Pts',(78.9932418686517,-35.2590621652284,49.3809067890867));
#1686=CARTESIAN_POINT('Ctrl Pts',(79.0926299152635,-35.1465161261161,49.3808255202474));
#1687=CARTESIAN_POINT('Ctrl Pts',(79.1850167729172,-35.0252641679978,49.3807379649147));
#1688=CARTESIAN_POINT('Origin',(77.6481320148178,-0.0252656670791338,49.3695455081144));
#1689=CARTESIAN_POINT('',(75.4721513417147,-36.1407515247891,49.3554646753653));
#1690=CARTESIAN_POINT('',(73.9352591898344,-35.0252631251577,49.3554646753654));
#1691=CARTESIAN_POINT('Ctrl Pts',(75.4721513417147,-36.1407515247891,49.3554646753654));
#1692=CARTESIAN_POINT('Ctrl Pts',(75.4120174643346,-36.119751670475,49.3554646753654));
#1693=CARTESIAN_POINT('Ctrl Pts',(75.3535664245703,-36.0973763343086,49.3554646753653));
#1694=CARTESIAN_POINT('Ctrl Pts',(74.9210191554972,-35.9182093813362,49.3554646753653));
#1695=CARTESIAN_POINT('Ctrl Pts',(74.5146652782745,-35.6466923856993,49.3554646753654));
#1696=CARTESIAN_POINT('Ctrl Pts',(74.1270340941002,-35.2590611833422,49.3554646753654));
#1697=CARTESIAN_POINT('Ctrl Pts',(74.0276460474882,-35.1465151148878,49.3554646753654));
#1698=CARTESIAN_POINT('Ctrl Pts',(73.9352591898344,-35.0252631251577,49.3554646753654));
#1699=CARTESIAN_POINT('',(75.4721513417148,-36.1407522768099,49.3815434523856));
#1700=CARTESIAN_POINT('Origin',(75.4721439479342,-0.0252656670791338,49.3695455081144));
#1701=CARTESIAN_POINT('',(73.9352591898349,-35.0252641679978,49.3807379649147));
#1702=CARTESIAN_POINT('Ctrl Pts',(73.9352591898349,-35.0252641679978,49.3807379649147));
#1703=CARTESIAN_POINT('Ctrl Pts',(74.0276460474885,-35.1465161261161,49.3808255202474));
#1704=CARTESIAN_POINT('Ctrl Pts',(74.1270340941004,-35.2590621652284,49.3809067890867));
#1705=CARTESIAN_POINT('Ctrl Pts',(74.5146652782745,-35.6466932665261,49.3811866952472));
#1706=CARTESIAN_POINT('Ctrl Pts',(74.9210191554972,-35.9182101913758,49.3813827560371));
#1707=CARTESIAN_POINT('Ctrl Pts',(75.3535664245703,-36.0973770976377,49.3815121314165));
#1708=CARTESIAN_POINT('Ctrl Pts',(75.4120174643347,-36.1197524279706,49.3815282885123));
#1709=CARTESIAN_POINT('Ctrl Pts',(75.4721513417148,-36.1407522768099,49.3815434523808));
#1710=CARTESIAN_POINT('Ctrl Pts',(73.9352591898344,-35.0252631251577,49.3554646753654));
#1711=CARTESIAN_POINT('Ctrl Pts',(73.9352580306685,-35.0252632990245,49.3596783456728));
#1712=CARTESIAN_POINT('Ctrl Pts',(73.9352574516877,-35.0252634728312,49.3638905622512));
#1713=CARTESIAN_POINT('Ctrl Pts',(73.9352574516877,-35.0252638203243,49.3723120769465));
#1714=CARTESIAN_POINT('Ctrl Pts',(73.9352580306686,-35.0252639941311,49.3765242940659));
#1715=CARTESIAN_POINT('Ctrl Pts',(73.9352591898349,-35.0252641679978,49.3807379649147));
#1716=CARTESIAN_POINT('Origin',(70.560137981376,-0.0252682090007106,49.3695455081144));
#1717=CARTESIAN_POINT('',(82.5601379813757,38.9747267071563,49.3554646753655));
#1718=CARTESIAN_POINT('',(70.5601379813757,38.9747267071563,49.3554646753655));
#1719=CARTESIAN_POINT('',(82.560137981376,17.582289688494,14.5704980122921));
#1720=CARTESIAN_POINT('Origin',(82.560137981376,-0.0252682090007106,49.3695455081144));
#1721=CARTESIAN_POINT('',(70.560137981376,17.582289688494,14.5704980122921));
#1722=CARTESIAN_POINT('Ctrl Pts',(70.560137981376,17.582289688494,14.5704980122921));
#1723=CARTESIAN_POINT('Ctrl Pts',(74.560137981376,17.582289688494,14.5704980122921));
#1724=CARTESIAN_POINT('Ctrl Pts',(78.560137981376,17.582289688494,14.5704980122921));
#1725=CARTESIAN_POINT('Ctrl Pts',(82.560137981376,17.582289688494,14.5704980122921));
#1726=CARTESIAN_POINT('',(70.5601379813763,38.9747267071558,49.3554646753655));
#1727=CARTESIAN_POINT('Origin',(70.560137981376,-0.0252682090007106,49.3695455081144));
#1728=CARTESIAN_POINT('',(70.5601379813757,38.9747267071563,49.3554646753655));
#1729=CARTESIAN_POINT('Origin',(70.560137981376,-35.0252641679978,49.3807379649147));
#1730=CARTESIAN_POINT('',(73.4168473027576,-35.0252641679973,49.3807379649147));
#1731=CARTESIAN_POINT('',(70.560137981376,-35.0252641679978,49.3807379649147));
#1732=CARTESIAN_POINT('',(73.4168473124089,-35.0252631251577,49.3554646753654));
#1733=CARTESIAN_POINT('Ctrl Pts',(73.4168473124089,-35.0252631251577,49.3554646753654));
#1734=CARTESIAN_POINT('Ctrl Pts',(73.4168472965834,-35.0252648351312,49.3597150676583));
#1735=CARTESIAN_POINT('Ctrl Pts',(73.4168472879233,-35.0252657708545,49.3639654602276));
#1736=CARTESIAN_POINT('Ctrl Pts',(73.4168472849613,-35.0252660908999,49.3723898903021));
#1737=CARTESIAN_POINT('Ctrl Pts',(73.4168472904042,-35.0252655027898,49.3765639277117));
#1738=CARTESIAN_POINT('Ctrl Pts',(73.4168473027576,-35.0252641679973,49.3807379649147));
#1739=CARTESIAN_POINT('',(70.560137981376,-35.0252631251577,49.3554646753654));
#1740=CARTESIAN_POINT('Origin',(70.560137981376,-35.0252641679978,49.3807379649147));
#1741=CARTESIAN_POINT('',(79.7034286503436,-35.0252631251577,49.3554646753654));
#1742=CARTESIAN_POINT('',(70.560137981376,-35.0252631251577,49.3554646753654));
#1743=CARTESIAN_POINT('',(79.7034286599949,-35.0252641679973,49.3807379649147));
#1744=CARTESIAN_POINT('Ctrl Pts',(79.7034286599949,-35.0252641679973,49.3807379649147));
#1745=CARTESIAN_POINT('Ctrl Pts',(79.7034286723483,-35.0252655027901,49.3765639266182));
#1746=CARTESIAN_POINT('Ctrl Pts',(79.7034286777912,-35.0252660909002,49.3723898881159));
#1747=CARTESIAN_POINT('Ctrl Pts',(79.7034286748292,-35.025265770854,49.3639654581065));
#1748=CARTESIAN_POINT('Ctrl Pts',(79.7034286661692,-35.0252648351308,49.3597150665978));
#1749=CARTESIAN_POINT('Ctrl Pts',(79.7034286503436,-35.0252631251577,49.3554646753654));
#1750=CARTESIAN_POINT('',(70.560137981376,-35.0252641679978,49.3807379649147));
#1751=CARTESIAN_POINT('Origin',(70.560137981376,-39.0252631251577,49.3836263408632));
#1752=CARTESIAN_POINT('',(73.9537523570273,-36.1407522768099,49.3815434523808));
#1753=CARTESIAN_POINT('',(70.560137981376,-36.1407522768099,49.3815434523856));
#1754=CARTESIAN_POINT('',(70.5601379813757,-36.1407522768099,49.3815434523808));
#1755=CARTESIAN_POINT('',(70.5601379813757,-36.1407522768099,49.3815434523808));
#1756=CARTESIAN_POINT('',(70.5601379813757,-35.0252641679978,49.3807379649147));
#1757=CARTESIAN_POINT('',(70.560137981376,-33.0856055267079,49.3793373487076));
#1758=CARTESIAN_POINT('',(70.560137981376,-35.0252641679973,49.3807379649147));
#1759=CARTESIAN_POINT('Origin',(70.560137981376,-39.0252631251577,49.3836263408632));
#1760=CARTESIAN_POINT('',(82.560137981376,-35.0252641679973,49.3807379649147));
#1761=CARTESIAN_POINT('',(70.560137981376,-35.0252641679973,49.3807379649147));
#1762=CARTESIAN_POINT('',(82.560137981376,-36.1407522768099,49.3815434523856));
#1763=CARTESIAN_POINT('',(82.560137981376,-39.0252631251577,49.3836263408632));
#1764=CARTESIAN_POINT('',(70.560137981376,-36.1407522768099,49.3815434523856));
#1765=CARTESIAN_POINT('Origin',(70.560137981376,-0.0252682491328926,49.3695455081175));
#1766=CARTESIAN_POINT('',(73.9537523761264,-36.1407515247892,49.3554646753653));
#1767=CARTESIAN_POINT('',(70.560137981376,-36.1407515247891,49.3554646753653));
#1768=CARTESIAN_POINT('Ctrl Pts',(73.9537523570273,-36.1407522768098,49.3815434526391));
#1769=CARTESIAN_POINT('Ctrl Pts',(73.9537523203554,-36.1407537207505,49.3771969898929));
#1770=CARTESIAN_POINT('Ctrl Pts',(73.9537523036111,-36.1407543800525,49.3728505269213));
#1771=CARTESIAN_POINT('Ctrl Pts',(73.9537523099775,-36.140754129379,49.3641576009377));
#1772=CARTESIAN_POINT('Ctrl Pts',(73.9537523330882,-36.1407532194034,49.3598111379966));
#1773=CARTESIAN_POINT('Ctrl Pts',(73.9537523761264,-36.1407515247891,49.3554646753654));
#1774=CARTESIAN_POINT('Origin',(70.560137981376,-35.0252631251577,49.3554646753654));
#1775=CARTESIAN_POINT('',(70.560137981376,-35.0252631251577,49.3554646753654));
#1776=CARTESIAN_POINT('',(70.560137981376,-35.0252631251577,49.3554646753654));
#1777=CARTESIAN_POINT('',(70.5601379813757,-36.1407515247892,49.3554646753653));
#1778=CARTESIAN_POINT('',(70.560137981376,-31.09283669083,49.3554646753654));
#1779=CARTESIAN_POINT('',(70.5601379813757,-36.1407515247892,49.3554646753653));
#1780=CARTESIAN_POINT('Origin',(82.560137981376,-0.0252682090007106,49.3695455081144));
#1781=CARTESIAN_POINT('',(70.560137981376,32.4220839783557,55.3836263408633));
#1782=CARTESIAN_POINT('Origin',(70.560137981376,-0.0252682090007106,49.3695455081144));
#1783=CARTESIAN_POINT('',(82.560137981376,32.4220839783557,55.3836263408633));
#1784=CARTESIAN_POINT('Origin',(82.560137981376,8.50000016391277,2.86954805003592));
#1785=CARTESIAN_POINT('',(69.4636678033696,8.50000016391277,0.369548050035924));
#1786=CARTESIAN_POINT('',(69.0180140707431,11.0000001639128,2.86954805003592));
#1787=CARTESIAN_POINT('Ctrl Pts',(69.4636678033696,8.50000016391277,0.369548050035924));
#1788=CARTESIAN_POINT('Ctrl Pts',(69.415917052432,8.81512109682544,0.369548050035924));
#1789=CARTESIAN_POINT('Ctrl Pts',(69.361559134329,9.1508746483346,0.432705629478058));
#1790=CARTESIAN_POINT('Ctrl Pts',(69.2553472015522,9.76847782613051,0.689455628386233));
#1791=CARTESIAN_POINT('Ctrl Pts',(69.2036638084551,10.0503578024598,0.883045595096758));
#1792=CARTESIAN_POINT('Ctrl Pts',(69.1199112289784,10.4924038457036,1.32775556495902));
#1793=CARTESIAN_POINT('Ctrl Pts',(69.0820712175719,10.6834304056012,1.60741960413386));
#1794=CARTESIAN_POINT('Ctrl Pts',(69.0310253875915,10.9372494361475,2.22135693376751));
#1795=CARTESIAN_POINT('Ctrl Pts',(69.0180140707431,11.0000001639128,2.55566363719336));
#1796=CARTESIAN_POINT('Ctrl Pts',(69.0180140707431,11.0000001639128,2.86954805003592));
#1797=CARTESIAN_POINT('',(82.560137981376,11.0000001639128,2.86954805003592));
#1798=CARTESIAN_POINT('',(82.560137981376,11.0000001639128,2.86954805003592));
#1799=CARTESIAN_POINT('',(82.560137981376,8.50000016391277,0.369548050035924));
#1800=CARTESIAN_POINT('Origin',(82.560137981376,8.50000016391277,2.86954805003592));
#1801=CARTESIAN_POINT('',(82.560137981376,8.50000016391277,0.369548050035924));
#1802=CARTESIAN_POINT('Origin',(82.560137981376,11.0000001639128,11.9604121442504));
#1803=CARTESIAN_POINT('',(69.0180140707431,11.0000001639128,11.9604121442504));
#1804=CARTESIAN_POINT('',(69.0180140707431,11.0000001639128,-3.65042156139888));
#1805=CARTESIAN_POINT('',(70.560137981376,11.0000001639128,11.9604121442504));
#1806=CARTESIAN_POINT('',(82.560137981376,11.0000001639128,11.9604121442504));
#1807=CARTESIAN_POINT('',(70.560137981376,11.0000001639128,3.863098084927));
#1808=CARTESIAN_POINT('',(70.560137981376,11.0000001639128,30.6649788261824));
#1809=CARTESIAN_POINT('',(82.560137981376,11.0000001639128,3.863098084927));
#1810=CARTESIAN_POINT('Ctrl Pts',(82.560137981376,11.0000001639128,3.863098084927));
#1811=CARTESIAN_POINT('Ctrl Pts',(78.560137981376,11.0000001639128,3.863098084927));
#1812=CARTESIAN_POINT('Ctrl Pts',(74.560137981376,11.0000001639128,3.863098084927));
#1813=CARTESIAN_POINT('Ctrl Pts',(70.560137981376,11.0000001639128,3.863098084927));
#1814=CARTESIAN_POINT('',(82.560137981376,11.0000001639128,11.9604121442504));
#1815=CARTESIAN_POINT('Ctrl Pts',(82.560137981376,17.582289688494,14.5704980122921));
#1816=CARTESIAN_POINT('Ctrl Pts',(78.560137981376,17.582289688494,14.5704980122921));
#1817=CARTESIAN_POINT('Ctrl Pts',(74.560137981376,17.582289688494,14.5704980122921));
#1818=CARTESIAN_POINT('Ctrl Pts',(70.560137981376,17.582289688494,14.5704980122921));
#1819=CARTESIAN_POINT('Ctrl Pts',(82.560137981376,16.5142003246012,14.0300681250459));
#1820=CARTESIAN_POINT('Ctrl Pts',(78.560137981376,16.5142003246012,14.0300681250459));
#1821=CARTESIAN_POINT('Ctrl Pts',(74.560137981376,16.5142003246012,14.0300681250459));
#1822=CARTESIAN_POINT('Ctrl Pts',(70.560137981376,16.5142003246012,14.0300681250459));
#1823=CARTESIAN_POINT('Ctrl Pts',(82.560137981376,14.9805239513181,13.1575433046899));
#1824=CARTESIAN_POINT('Ctrl Pts',(78.560137981376,14.9805239513181,13.1575433046899));
#1825=CARTESIAN_POINT('Ctrl Pts',(74.560137981376,14.9805239513181,13.1575433046899));
#1826=CARTESIAN_POINT('Ctrl Pts',(70.560137981376,14.9805239513181,13.1575433046899));
#1827=CARTESIAN_POINT('Ctrl Pts',(82.560137981376,13.0527376650847,11.7319919045389));
#1828=CARTESIAN_POINT('Ctrl Pts',(78.560137981376,13.0527376650847,11.7319919045389));
#1829=CARTESIAN_POINT('Ctrl Pts',(74.560137981376,13.0527376650847,11.7319919045389));
#1830=CARTESIAN_POINT('Ctrl Pts',(70.560137981376,13.0527376650847,11.7319919045389));
#1831=CARTESIAN_POINT('Ctrl Pts',(82.560137981376,11.7739180357,10.0332896764993));
#1832=CARTESIAN_POINT('Ctrl Pts',(78.560137981376,11.7739180357,10.0332896764993));
#1833=CARTESIAN_POINT('Ctrl Pts',(74.560137981376,11.7739180357,10.0332896764993));
#1834=CARTESIAN_POINT('Ctrl Pts',(70.560137981376,11.7739180357,10.0332896764993));
#1835=CARTESIAN_POINT('Ctrl Pts',(82.560137981376,11.1284826364817,7.67371379096469));
#1836=CARTESIAN_POINT('Ctrl Pts',(78.560137981376,11.1284826364817,7.67371379096469));
#1837=CARTESIAN_POINT('Ctrl Pts',(74.560137981376,11.1284826364817,7.67371379096469));
#1838=CARTESIAN_POINT('Ctrl Pts',(70.560137981376,11.1284826364817,7.67371379096469));
#1839=CARTESIAN_POINT('Ctrl Pts',(82.560137981376,11.0000001639128,5.06012747148766));
#1840=CARTESIAN_POINT('Ctrl Pts',(78.560137981376,11.0000001639128,5.06012747148766));
#1841=CARTESIAN_POINT('Ctrl Pts',(74.560137981376,11.0000001639128,5.06012747148766));
#1842=CARTESIAN_POINT('Ctrl Pts',(70.560137981376,11.0000001639128,5.06012747148766));
#1843=CARTESIAN_POINT('Ctrl Pts',(82.560137981376,11.0000001639128,3.863098084927));
#1844=CARTESIAN_POINT('Ctrl Pts',(78.560137981376,11.0000001639128,3.863098084927));
#1845=CARTESIAN_POINT('Ctrl Pts',(74.560137981376,11.0000001639128,3.863098084927));
#1846=CARTESIAN_POINT('Ctrl Pts',(70.560137981376,11.0000001639128,3.863098084927));
#1847=CARTESIAN_POINT('Ctrl Pts',(70.560137981376,11.0000001639128,3.863098084927));
#1848=CARTESIAN_POINT('Ctrl Pts',(70.560137981376,11.0000001639128,5.06012747148766));
#1849=CARTESIAN_POINT('Ctrl Pts',(70.560137981376,11.0428276547691,5.93132291131334));
#1850=CARTESIAN_POINT('Ctrl Pts',(70.560137981376,11.1144083419545,6.66942493023276));
#1851=CARTESIAN_POINT('Ctrl Pts',(70.560137981376,11.2575697163253,8.1456289680716));
#1852=CARTESIAN_POINT('Ctrl Pts',(70.560137981376,11.5157438760127,9.08945932228543));
#1853=CARTESIAN_POINT('Ctrl Pts',(70.560137981376,11.9005948817333,9.90111494500027));
#1854=CARTESIAN_POINT('Ctrl Pts',(70.560137981376,12.2854458874539,10.7127705677151));
#1855=CARTESIAN_POINT('Ctrl Pts',(70.560137981376,12.7969737392078,11.392251458931));
#1856=CARTESIAN_POINT('Ctrl Pts',(70.560137981376,13.6100784518702,12.0939288893866));
#1857=CARTESIAN_POINT('Ctrl Pts',(70.560137981376,14.0166308082014,12.4447676046144));
#1858=CARTESIAN_POINT('Ctrl Pts',(70.560137981376,14.4985773797597,12.8011554546522));
#1859=CARTESIAN_POINT('Ctrl Pts',(70.560137981376,15.1229697588597,13.1974805847601));
#1860=CARTESIAN_POINT('Ctrl Pts',(70.560137981376,15.7473621379596,13.5938057148679));
#1861=CARTESIAN_POINT('Ctrl Pts',(70.560137981376,16.5142003246012,14.0300681250459));
#1862=CARTESIAN_POINT('Ctrl Pts',(70.560137981376,17.582289688494,14.5704980122921));
#1863=CARTESIAN_POINT('Ctrl Pts',(82.560137981376,17.582289688494,14.5704980122921));
#1864=CARTESIAN_POINT('Ctrl Pts',(82.560137981376,16.5142003246012,14.0300681250459));
#1865=CARTESIAN_POINT('Ctrl Pts',(82.560137981376,15.7473621379596,13.5938057148679));
#1866=CARTESIAN_POINT('Ctrl Pts',(82.560137981376,15.1229697588597,13.1974805847601));
#1867=CARTESIAN_POINT('Ctrl Pts',(82.560137981376,14.4985773797597,12.8011554546522));
#1868=CARTESIAN_POINT('Ctrl Pts',(82.560137981376,14.0166308082014,12.4447676046144));
#1869=CARTESIAN_POINT('Ctrl Pts',(82.560137981376,13.6100784518702,12.0939288893866));
#1870=CARTESIAN_POINT('Ctrl Pts',(82.560137981376,12.7969737392078,11.392251458931));
#1871=CARTESIAN_POINT('Ctrl Pts',(82.560137981376,12.2854458874539,10.7127705677151));
#1872=CARTESIAN_POINT('Ctrl Pts',(82.560137981376,11.9005948817333,9.90111494500027));
#1873=CARTESIAN_POINT('Ctrl Pts',(82.560137981376,11.5157438760127,9.08945932228543));
#1874=CARTESIAN_POINT('Ctrl Pts',(82.560137981376,11.2575697163253,8.1456289680716));
#1875=CARTESIAN_POINT('Ctrl Pts',(82.560137981376,11.1144083419545,6.66942493023276));
#1876=CARTESIAN_POINT('Ctrl Pts',(82.560137981376,11.0428276547691,5.93132291131334));
#1877=CARTESIAN_POINT('Ctrl Pts',(82.560137981376,11.0000001639128,5.06012747148766));
#1878=CARTESIAN_POINT('Ctrl Pts',(82.560137981376,11.0000001639128,3.863098084927));
#1879=CARTESIAN_POINT('Origin',(82.560137981376,5.60578449452339,5.31194137084441));
#1880=CARTESIAN_POINT('',(69.9272086492132,4.10578449452339,5.31194137084441));
#1881=CARTESIAN_POINT('Ctrl Pts',(69.9272086492132,4.10578449452339,5.31194137084441));
#1882=CARTESIAN_POINT('Ctrl Pts',(69.9272086492132,4.10578449452339,5.50023654935336));
#1883=CARTESIAN_POINT('Ctrl Pts',(69.9250011784835,4.14340928341927,5.70106148621397));
#1884=CARTESIAN_POINT('Ctrl Pts',(69.9154835217192,4.2963394522242,6.07043289833282));
#1885=CARTESIAN_POINT('Ctrl Pts',(69.9081107474234,4.4116432057042,6.23897843160229));
#1886=CARTESIAN_POINT('Ctrl Pts',(69.8897537659056,4.67795043249252,6.50556955045593));
#1887=CARTESIAN_POINT('Ctrl Pts',(69.8775205674437,4.84686125009315,6.62117562635682));
#1888=CARTESIAN_POINT('Ctrl Pts',(69.8483053159501,5.21668629500943,6.7743576640564));
#1889=CARTESIAN_POINT('Ctrl Pts',(69.8312610533176,5.41759239723613,6.81194137084441));
#1890=CARTESIAN_POINT('Ctrl Pts',(69.797015090723,5.79438727895162,6.81194137084441));
#1891=CARTESIAN_POINT('Ctrl Pts',(69.7775174664276,5.99548326971211,6.77421074850342));
#1892=CARTESIAN_POINT('Ctrl Pts',(69.7394778987514,6.36541169027,6.62078184530847));
#1893=CARTESIAN_POINT('Ctrl Pts',(69.720997974712,6.53425055455736,6.50508370838913));
#1894=CARTESIAN_POINT('Ctrl Pts',(69.6909490098768,6.80020154032555,6.23855571765241));
#1895=CARTESIAN_POINT('Ctrl Pts',(69.6773590324957,6.91534511259592,6.07019783927269));
#1896=CARTESIAN_POINT('Ctrl Pts',(69.6590594927917,7.06814103175514,5.70106247066898));
#1897=CARTESIAN_POINT('Ctrl Pts',(69.6544149729659,7.10578449452339,5.50027808157783));
#1898=CARTESIAN_POINT('Ctrl Pts',(69.6544149729659,7.10578449452339,5.12360466011098));
#1899=CARTESIAN_POINT('Ctrl Pts',(69.6590594927917,7.06814103175514,4.92282027101984));
#1900=CARTESIAN_POINT('Ctrl Pts',(69.6773590324957,6.91534511259592,4.55368490241612));
#1901=CARTESIAN_POINT('Ctrl Pts',(69.6909490098768,6.80020154032555,4.38532702403641));
#1902=CARTESIAN_POINT('Ctrl Pts',(69.720997974712,6.53425055455736,4.11879903329968));
#1903=CARTESIAN_POINT('Ctrl Pts',(69.7394778987514,6.36541169027,4.00310089638034));
#1904=CARTESIAN_POINT('Ctrl Pts',(69.7775174664276,5.99548326971211,3.8496719931854));
#1905=CARTESIAN_POINT('Ctrl Pts',(69.797015090723,5.79438727895162,3.81194137084441));
#1906=CARTESIAN_POINT('Ctrl Pts',(69.8312610533176,5.41759239723613,3.81194137084441));
#1907=CARTESIAN_POINT('Ctrl Pts',(69.8483053159501,5.21668629500943,3.84952507763241));
#1908=CARTESIAN_POINT('Ctrl Pts',(69.8775205674437,4.84686125009315,4.002707115332));
#1909=CARTESIAN_POINT('Ctrl Pts',(69.8897537659056,4.67795043249252,4.11831319123289));
#1910=CARTESIAN_POINT('Ctrl Pts',(69.9081107474234,4.4116432057042,4.38490431008652));
#1911=CARTESIAN_POINT('Ctrl Pts',(69.9154835217192,4.2963394522242,4.55344984335599));
#1912=CARTESIAN_POINT('Ctrl Pts',(69.9250011784835,4.14340928341927,4.92282125547484));
#1913=CARTESIAN_POINT('Ctrl Pts',(69.9272086492132,4.10578449452339,5.12364619233545));
#1914=CARTESIAN_POINT('Ctrl Pts',(69.9272086492132,4.10578449452339,5.31194137084441));
#1915=CARTESIAN_POINT('',(82.560137981376,4.10578449452339,5.31194137084441));
#1916=CARTESIAN_POINT('',(82.560137981376,4.10578449452339,5.31194137084441));
#1917=CARTESIAN_POINT('Origin',(82.560137981376,5.60578449452339,5.31194137084441));
#1918=CARTESIAN_POINT('Origin',(4.59613798137602,27.3040764043676,111.699003390678));
#1919=CARTESIAN_POINT('',(70.560137981376,28.8040764043677,111.699003390678));
#1920=CARTESIAN_POINT('Origin',(70.560137981376,27.3040764043676,111.699003390678));
#1921=CARTESIAN_POINT('',(4.59613798137602,28.8040764043677,111.699003390678));
#1922=CARTESIAN_POINT('Origin',(4.59613798137602,34.5064714666436,74.4374402272978));
#1923=CARTESIAN_POINT('',(70.560137981376,36.0064714666436,74.4374402272978));
#1924=CARTESIAN_POINT('Origin',(70.560137981376,34.5064714666436,74.4374402272978));
#1925=CARTESIAN_POINT('',(4.59613798137602,36.0064714666436,74.4374402272978));
#1926=CARTESIAN_POINT('Origin',(70.560137981376,0.0028883759479692,123.355464675365));
#1927=CARTESIAN_POINT('',(70.560137981376,0.00288837594796947,123.355464675365));
#1928=CARTESIAN_POINT('',(70.560137981376,9.97472670715585,123.355464675365));
#1929=CARTESIAN_POINT('',(70.560137981376,0.633232074607546,123.355464675365));
#1930=CARTESIAN_POINT('',(82.5601379813757,0.0028883759479692,123.355464675365));
#1931=CARTESIAN_POINT('',(70.5601379813757,0.0028883759479692,123.355464675365));
#1932=CARTESIAN_POINT('',(82.5601379813757,9.97472670715579,123.355464675365));
#1933=CARTESIAN_POINT('',(82.5601379813757,9.97472670715579,123.355464675365));
#1934=CARTESIAN_POINT('',(8.59613798137602,9.97472670715585,123.355464675365));
#1935=CARTESIAN_POINT('Origin',(70.5601379813761,9.9747267071558,94.3554646753655));
#1936=CARTESIAN_POINT('',(70.560137981376,38.9747267071558,94.3554646753655));
#1937=CARTESIAN_POINT('Origin',(70.5601379813761,9.9747267071558,94.3554646753655));
#1938=CARTESIAN_POINT('',(82.5601379813757,38.9747267071558,94.3554646753655));
#1939=CARTESIAN_POINT('Origin',(82.5601379813757,9.9747267071558,94.3554646753655));
#1940=CARTESIAN_POINT('',(70.5601379813757,38.9747267071558,94.3554646753655));
#1941=CARTESIAN_POINT('Origin',(70.5601379813763,38.9747267071558,94.3554646753655));
#1942=CARTESIAN_POINT('',(70.560137981376,38.9747267071558,77.105795418156));
#1943=CARTESIAN_POINT('',(82.5601379813757,38.9747267071563,49.3554646753655));
#1944=CARTESIAN_POINT('Origin',(70.560137981376,-0.0252682090007106,49.3695455081144));
#1945=CARTESIAN_POINT('',(82.560137981376,-35.0252631251577,49.3554646753654));
#1946=CARTESIAN_POINT('',(70.560137981376,-35.0252631251577,49.3554646753654));
#1947=CARTESIAN_POINT('Origin',(82.560137981376,-0.0252682090007106,49.3695455081144));
#1948=CARTESIAN_POINT('Origin',(70.560137981376,-0.0252682090007106,49.3695455081144));
#1949=CARTESIAN_POINT('',(70.560137981376,-35.0252631251577,49.3554646753654));
#1950=CARTESIAN_POINT('Origin',(70.560137981376,-0.025266938040005,49.3695455081144));
#1951=CARTESIAN_POINT('',(70.560137981376,-9.97183573069837,123.362666322704));
#1952=CARTESIAN_POINT('',(70.560137981376,-9.97183573069837,123.362666322704));
#1953=CARTESIAN_POINT('',(70.560137981376,-11.0505365819026,11.960412144247));
#1954=CARTESIAN_POINT('Origin',(70.560137981376,-0.0252682090007106,49.3695455081144));
#1955=CARTESIAN_POINT('',(70.560137981376,-11.0505365819026,3.86309808492111));
#1956=CARTESIAN_POINT('',(70.560137981376,-11.0505365819026,24.8695467790751));
#1957=CARTESIAN_POINT('',(70.560137981376,-17.6328261064865,14.5704980122876));
#1958=CARTESIAN_POINT('Ctrl Pts',(70.560137981376,-17.6328261064865,14.5704980122876));
#1959=CARTESIAN_POINT('Ctrl Pts',(70.560137981376,-16.5647367425934,14.0300681250416));
#1960=CARTESIAN_POINT('Ctrl Pts',(70.560137981376,-15.7978984808804,13.5938056957681));
#1961=CARTESIAN_POINT('Ctrl Pts',(70.560137981376,-15.1735060549447,13.1974805479449));
#1962=CARTESIAN_POINT('Ctrl Pts',(70.560137981376,-14.549113629009,12.8011554001217));
#1963=CARTESIAN_POINT('Ctrl Pts',(70.560137981376,-14.0671670388506,12.4447675337488));
#1964=CARTESIAN_POINT('Ctrl Pts',(70.560137981376,-13.6606146761125,12.0939288145383));
#1965=CARTESIAN_POINT('Ctrl Pts',(70.560137981376,-12.8475099506365,11.3922513761174));
#1966=CARTESIAN_POINT('Ctrl Pts',(70.560137981376,-12.335982134842,10.712770526346));
#1967=CARTESIAN_POINT('Ctrl Pts',(70.560137981376,-11.9511311601972,9.90111495335163));
#1968=CARTESIAN_POINT('Ctrl Pts',(70.560137981376,-11.5662801855524,9.08945938035725));
#1969=CARTESIAN_POINT('Ctrl Pts',(70.560137981376,-11.3081060520572,8.14562908413988));
#1970=CARTESIAN_POINT('Ctrl Pts',(70.560137981376,-11.1649447171557,6.66942500115668));
#1971=CARTESIAN_POINT('Ctrl Pts',(70.560137981376,-11.0933640497049,5.93132295966508));
#1972=CARTESIAN_POINT('Ctrl Pts',(70.560137981376,-11.0505365819026,5.06012747148202));
#1973=CARTESIAN_POINT('Ctrl Pts',(70.560137981376,-11.0505365819026,3.86309808492111));
#1974=CARTESIAN_POINT('',(70.560137981376,-39.0252631251577,49.3554646753653));
#1975=CARTESIAN_POINT('Origin',(70.560137981376,-0.0252682090007106,49.3695455081144));
#1976=CARTESIAN_POINT('',(70.5601379813757,-39.0252631251582,49.3836263408632));
#1977=CARTESIAN_POINT('',(70.560137981376,-39.0252631251577,49.3554646753653));
#1978=CARTESIAN_POINT('',(70.560137981376,-39.0252554993938,49.3977071717765));
#1979=CARTESIAN_POINT('',(70.5601379813757,-39.0252631251582,49.3836263408632));
#1980=CARTESIAN_POINT('',(70.560137981376,-38.9927688957378,94.3836146089178));
#1981=CARTESIAN_POINT('',(70.560137981376,-39.0214715578712,54.6344196809868));
#1982=CARTESIAN_POINT('Origin',(70.560137981376,-9.99277645632485,94.3626738832914));
#1983=CARTESIAN_POINT('',(70.560137981376,1.53148158018393,118.855464675365));
#1984=CARTESIAN_POINT('Origin',(70.560137981376,0.0012638995292813,118.855464675365));
#1985=CARTESIAN_POINT('Origin',(70.560137981376,-0.0252682090007106,49.3695455081144));
#1986=CARTESIAN_POINT('',(70.560137981376,-33.0071715874503,74.4378087152229));
#1987=CARTESIAN_POINT('Origin',(70.560137981376,-34.5071715874503,74.4378087152229));
#1988=CARTESIAN_POINT('',(70.560137981376,-25.8043786206059,111.699294964277));
#1989=CARTESIAN_POINT('Origin',(70.560137981376,-27.304378620606,111.699294964277));
#1990=CARTESIAN_POINT('Origin',(70.560137981376,-0.0252682090007106,49.3695455081144));
#1991=CARTESIAN_POINT('',(74.5601379813757,-39.0252529574736,49.3977071699411));
#1992=CARTESIAN_POINT('',(82.5601379813757,-39.0252529574736,49.3977071699411));
#1993=CARTESIAN_POINT('',(70.560137981376,-39.0252529574736,49.3977071699411));
#1994=CARTESIAN_POINT('',(70.560137981376,-39.0252529574736,49.3977071699411));
#1995=CARTESIAN_POINT('',(74.5601379813757,-39.0252631251582,49.3836263408632));
#1996=CARTESIAN_POINT('',(70.560137981376,-39.0252631251577,49.3836263408632));
#1997=CARTESIAN_POINT('',(82.560137981376,-39.0252631251577,49.3836263408632));
#1998=CARTESIAN_POINT('',(70.560137981376,-39.0252631251577,49.3836263408632));
#1999=CARTESIAN_POINT('Origin',(82.560137981376,-0.0252682090007106,49.3695455081144));
#2000=CARTESIAN_POINT('Origin',(70.5601379813757,-0.0252682090007106,49.3695455081144));
#2001=CARTESIAN_POINT('Origin',(74.5601379813757,-0.0252682090009637,69.3765533772233));
#2002=CARTESIAN_POINT('',(74.5601379813758,-38.5818180870538,49.3554646753653));
#2003=CARTESIAN_POINT('',(74.5601379813758,-38.5818182026643,49.3833061318675));
#2004=CARTESIAN_POINT('Origin',(74.5601379813757,-0.0252682090007106,49.3695455081144));
#2005=CARTESIAN_POINT('',(74.5601379813758,-19.5324942190797,49.3695507259742));
#2006=CARTESIAN_POINT('',(74.5601379813757,-39.0252631251577,49.3554646753653));
#2007=CARTESIAN_POINT('',(74.5601379813757,-39.0252631251582,49.3836263408632));
#2008=CARTESIAN_POINT('',(74.5601379813758,-17.5252656670793,49.3554646753654));
#2009=CARTESIAN_POINT('Origin',(70.5601379813757,-39.0252631251582,49.3836263408632));
#2010=CARTESIAN_POINT('',(70.560137981376,-39.0252631251577,49.3554646753653));
#2011=CARTESIAN_POINT('Origin',(70.5601379813757,0.0028883759479692,123.355464675365));
#2012=CARTESIAN_POINT('',(82.5601379813757,-9.97183573069837,123.362666322704));
#2013=CARTESIAN_POINT('',(70.5601379813757,-9.97183573069837,123.362666322704));
#2014=CARTESIAN_POINT('',(82.5601379813757,0.0028883759479692,123.355464675365));
#2015=CARTESIAN_POINT('Origin',(70.560137981376,-35.0252631251577,49.3554646753654));
#2016=CARTESIAN_POINT('',(82.560137981376,-36.1407515247891,49.3554646753653));
#2017=CARTESIAN_POINT('',(70.560137981376,-36.1407515247891,49.3554646753653));
#2018=CARTESIAN_POINT('',(82.560137981376,-40.,49.3554646753653));
#2019=CARTESIAN_POINT('Origin',(70.5601379813757,-39.0252631251582,49.3836263408632));
#2020=CARTESIAN_POINT('',(82.5601379813757,-38.9927688957378,94.3836146089178));
#2021=CARTESIAN_POINT('',(82.5601379813757,-38.9927688957378,94.3836146089178));
#2022=CARTESIAN_POINT('',(70.5601379813757,-38.9927688957378,94.3836146089178));
#2023=CARTESIAN_POINT('Origin',(70.5601379813759,-9.99277645632485,94.3626738832914));
#2024=CARTESIAN_POINT('Origin',(82.5601379813757,-9.99277645632485,94.3626738832914));
#2025=CARTESIAN_POINT('Origin',(4.59613798137602,-27.304378620606,111.699294964277));
#2026=CARTESIAN_POINT('',(4.59613798137602,-25.8043786206059,111.699294964277));
#2027=CARTESIAN_POINT('Origin',(4.59613798137602,-34.5071715874503,74.4378087152229));
#2028=CARTESIAN_POINT('',(4.59613798137602,-33.0071715874503,74.4378087152229));
#2029=CARTESIAN_POINT('Origin',(70.560137981376,-0.0252682090007106,49.3695455081144));
#2030=CARTESIAN_POINT('',(82.560137981376,-17.6328261064865,14.5704980122876));
#2031=CARTESIAN_POINT('Ctrl Pts',(82.560137981376,-17.6328261064865,14.5704980122876));
#2032=CARTESIAN_POINT('Ctrl Pts',(78.560137981376,-17.6328261064865,14.5704980122876));
#2033=CARTESIAN_POINT('Ctrl Pts',(74.560137981376,-17.6328261064865,14.5704980122876));
#2034=CARTESIAN_POINT('Ctrl Pts',(70.560137981376,-17.6328261064865,14.5704980122876));
#2035=CARTESIAN_POINT('',(82.560137981376,-39.0252631251577,49.3554646753653));
#2036=CARTESIAN_POINT('Origin',(82.560137981376,-0.0252682090007106,49.3695455081144));
#2037=CARTESIAN_POINT('',(70.560137981376,-39.0252631251577,49.3554646753653));
#2038=CARTESIAN_POINT('Origin',(82.560137981376,-5.6316057328532,5.28455842961568));
#2039=CARTESIAN_POINT('',(69.2999762434427,-7.1316057328532,5.28455842961568));
#2040=CARTESIAN_POINT('Ctrl Pts',(69.2999762434427,-7.1316057328532,5.28455842961568));
#2041=CARTESIAN_POINT('Ctrl Pts',(69.2999762434427,-7.1316057328532,5.47285183002092));
#2042=CARTESIAN_POINT('Ctrl Pts',(69.3065347775388,-7.09397259787043,5.67348716784524));
#2043=CARTESIAN_POINT('Ctrl Pts',(69.3325409465349,-6.94152375582125,6.04211846143511));
#2044=CARTESIAN_POINT('Ctrl Pts',(69.3519199521614,-6.82672563112728,6.21012652660495));
#2045=CARTESIAN_POINT('Ctrl Pts',(69.3953886963984,-6.56117357330268,6.47693921850945));
#2046=CARTESIAN_POINT('Ctrl Pts',(69.422459302635,-6.39206088331133,6.59296189980566));
#2047=CARTESIAN_POINT('Ctrl Pts',(69.4792457844153,-6.02166939353336,6.74676977661285));
#2048=CARTESIAN_POINT('Ctrl Pts',(69.5088995815047,-5.82038251460648,6.78455842961569));
#2049=CARTESIAN_POINT('Ctrl Pts',(69.5620973540359,-5.44347108493994,6.78455842961569));
#2050=CARTESIAN_POINT('Ctrl Pts',(69.5892291346435,-5.242481881928,6.74699979919429));
#2051=CARTESIAN_POINT('Ctrl Pts',(69.637007536198,-4.87225163875647,6.59357848134502));
#2052=CARTESIAN_POINT('Ctrl Pts',(69.6577158486934,-4.70302528228386,6.47769957876295));
#2053=CARTESIAN_POINT('Ctrl Pts',(69.6893345369306,-4.43691699283952,6.21078772064666));
#2054=CARTESIAN_POINT('Ctrl Pts',(69.7024248873081,-4.32186808894666,6.04248583034521));
#2055=CARTESIAN_POINT('Ctrl Pts',(69.7195303645021,-4.16920938358636,5.67348460449753));
#2056=CARTESIAN_POINT('Ctrl Pts',(69.7236083965085,-4.1316057328532,5.47278564309345));
#2057=CARTESIAN_POINT('Ctrl Pts',(69.7236083965085,-4.1316057328532,5.09633121613792));
#2058=CARTESIAN_POINT('Ctrl Pts',(69.7195303645021,-4.16920938358636,4.89563225473384));
#2059=CARTESIAN_POINT('Ctrl Pts',(69.7024248873081,-4.32186808894665,4.52663102888615));
#2060=CARTESIAN_POINT('Ctrl Pts',(69.6893345369306,-4.43691699283951,4.35832913858471));
#2061=CARTESIAN_POINT('Ctrl Pts',(69.6577158486934,-4.70302528228386,4.09141728046842));
#2062=CARTESIAN_POINT('Ctrl Pts',(69.637007536198,-4.87225163875647,3.97553837788635));
#2063=CARTESIAN_POINT('Ctrl Pts',(69.5892291346435,-5.242481881928,3.82211706003708));
#2064=CARTESIAN_POINT('Ctrl Pts',(69.5620973540359,-5.44347108493994,3.78455842961568));
#2065=CARTESIAN_POINT('Ctrl Pts',(69.5088995815047,-5.82038251460648,3.78455842961568));
#2066=CARTESIAN_POINT('Ctrl Pts',(69.4792457844153,-6.02166939353336,3.82234708261852));
#2067=CARTESIAN_POINT('Ctrl Pts',(69.422459302635,-6.39206088331134,3.97615495942571));
#2068=CARTESIAN_POINT('Ctrl Pts',(69.3953886963984,-6.56117357330268,4.09217764072192));
#2069=CARTESIAN_POINT('Ctrl Pts',(69.3519199521614,-6.82672563112728,4.35899033262642));
#2070=CARTESIAN_POINT('Ctrl Pts',(69.3325409465349,-6.94152375582125,4.52699839779626));
#2071=CARTESIAN_POINT('Ctrl Pts',(69.3065347775388,-7.09397259787043,4.89562969138613));
#2072=CARTESIAN_POINT('Ctrl Pts',(69.2999762434427,-7.1316057328532,5.09626502921045));
#2073=CARTESIAN_POINT('Ctrl Pts',(69.2999762434427,-7.1316057328532,5.28455842961568));
#2074=CARTESIAN_POINT('',(82.560137981376,-7.1316057328532,5.28455842961568));
#2075=CARTESIAN_POINT('',(82.560137981376,-7.1316057328532,5.28455842961568));
#2076=CARTESIAN_POINT('Origin',(82.560137981376,-5.6316057328532,5.28455842961568));
#2077=CARTESIAN_POINT('Origin',(82.560137981376,11.0000001639128,0.369548050035924));
#2078=CARTESIAN_POINT('',(82.560137981376,-8.55053658190256,0.369548050035924));
#2079=CARTESIAN_POINT('',(82.560137981376,11.0000001639128,0.369548050035924));
#2080=CARTESIAN_POINT('',(69.0327861587589,-8.55053658190256,0.369548050035924));
#2081=CARTESIAN_POINT('',(82.560137981376,-8.55053658190256,0.369548050035924));
#2082=CARTESIAN_POINT('Origin',(21.2136756884011,1.18860597969882,0.369548050035924));
#2083=CARTESIAN_POINT('Ctrl Pts',(70.560137981376,-17.6328261064865,14.5704980122876));
#2084=CARTESIAN_POINT('Ctrl Pts',(74.560137981376,-17.6328261064865,14.5704980122876));
#2085=CARTESIAN_POINT('Ctrl Pts',(78.560137981376,-17.6328261064865,14.5704980122876));
#2086=CARTESIAN_POINT('Ctrl Pts',(82.560137981376,-17.6328261064865,14.5704980122876));
#2087=CARTESIAN_POINT('Ctrl Pts',(70.560137981376,-16.5647367425934,14.0300681250416));
#2088=CARTESIAN_POINT('Ctrl Pts',(74.560137981376,-16.5647367425934,14.0300681250416));
#2089=CARTESIAN_POINT('Ctrl Pts',(78.560137981376,-16.5647367425934,14.0300681250416));
#2090=CARTESIAN_POINT('Ctrl Pts',(82.560137981376,-16.5647367425934,14.0300681250416));
#2091=CARTESIAN_POINT('Ctrl Pts',(70.560137981376,-15.0310602191674,13.1575432664946));
#2092=CARTESIAN_POINT('Ctrl Pts',(74.560137981376,-15.0310602191674,13.1575432664946));
#2093=CARTESIAN_POINT('Ctrl Pts',(78.560137981376,-15.0310602191674,13.1575432664946));
#2094=CARTESIAN_POINT('Ctrl Pts',(82.560137981376,-15.0310602191674,13.1575432664946));
#2095=CARTESIAN_POINT('Ctrl Pts',(70.560137981376,-13.1032738585337,11.7319918010031));
#2096=CARTESIAN_POINT('Ctrl Pts',(74.560137981376,-13.1032738585337,11.7319918010031));
#2097=CARTESIAN_POINT('Ctrl Pts',(78.560137981376,-13.1032738585337,11.7319918010031));
#2098=CARTESIAN_POINT('Ctrl Pts',(82.560137981376,-13.1032738585337,11.7319918010031));
#2099=CARTESIAN_POINT('Ctrl Pts',(70.560137981376,-11.8244543190476,10.0332896765746));
#2100=CARTESIAN_POINT('Ctrl Pts',(74.560137981376,-11.8244543190476,10.0332896765746));
#2101=CARTESIAN_POINT('Ctrl Pts',(78.560137981376,-11.8244543190476,10.0332896765746));
#2102=CARTESIAN_POINT('Ctrl Pts',(82.560137981376,-11.8244543190476,10.0332896765746));
#2103=CARTESIAN_POINT('Ctrl Pts',(70.560137981376,-11.1790189853096,7.6737139360312));
#2104=CARTESIAN_POINT('Ctrl Pts',(74.560137981376,-11.1790189853096,7.6737139360312));
#2105=CARTESIAN_POINT('Ctrl Pts',(78.560137981376,-11.1790189853096,7.6737139360312));
#2106=CARTESIAN_POINT('Ctrl Pts',(82.560137981376,-11.1790189853096,7.6737139360312));
#2107=CARTESIAN_POINT('Ctrl Pts',(70.560137981376,-11.0505365819026,5.06012747148202));
#2108=CARTESIAN_POINT('Ctrl Pts',(74.560137981376,-11.0505365819026,5.06012747148202));
#2109=CARTESIAN_POINT('Ctrl Pts',(78.560137981376,-11.0505365819026,5.06012747148202));
#2110=CARTESIAN_POINT('Ctrl Pts',(82.560137981376,-11.0505365819026,5.06012747148202));
#2111=CARTESIAN_POINT('Ctrl Pts',(70.560137981376,-11.0505365819026,3.86309808492111));
#2112=CARTESIAN_POINT('Ctrl Pts',(74.560137981376,-11.0505365819026,3.86309808492111));
#2113=CARTESIAN_POINT('Ctrl Pts',(78.560137981376,-11.0505365819026,3.86309808492111));
#2114=CARTESIAN_POINT('Ctrl Pts',(82.560137981376,-11.0505365819026,3.86309808492111));
#2115=CARTESIAN_POINT('',(82.560137981376,-11.0505365819026,3.86309808492111));
#2116=CARTESIAN_POINT('Ctrl Pts',(70.560137981376,-11.0505365819026,3.86309808492111));
#2117=CARTESIAN_POINT('Ctrl Pts',(74.560137981376,-11.0505365819026,3.86309808492111));
#2118=CARTESIAN_POINT('Ctrl Pts',(78.560137981376,-11.0505365819026,3.86309808492111));
#2119=CARTESIAN_POINT('Ctrl Pts',(82.560137981376,-11.0505365819026,3.86309808492111));
#2120=CARTESIAN_POINT('Ctrl Pts',(82.560137981376,-11.0505365819026,3.86309808492111));
#2121=CARTESIAN_POINT('Ctrl Pts',(82.560137981376,-11.0505365819026,5.06012747148202));
#2122=CARTESIAN_POINT('Ctrl Pts',(82.560137981376,-11.0933640497049,5.93132295966508));
#2123=CARTESIAN_POINT('Ctrl Pts',(82.560137981376,-11.1649447171557,6.66942500115668));
#2124=CARTESIAN_POINT('Ctrl Pts',(82.560137981376,-11.3081060520572,8.14562908413988));
#2125=CARTESIAN_POINT('Ctrl Pts',(82.560137981376,-11.5662801855524,9.08945938035725));
#2126=CARTESIAN_POINT('Ctrl Pts',(82.560137981376,-11.9511311601972,9.90111495335163));
#2127=CARTESIAN_POINT('Ctrl Pts',(82.560137981376,-12.335982134842,10.712770526346));
#2128=CARTESIAN_POINT('Ctrl Pts',(82.560137981376,-12.8475099506365,11.3922513761174));
#2129=CARTESIAN_POINT('Ctrl Pts',(82.560137981376,-13.6606146761125,12.0939288145383));
#2130=CARTESIAN_POINT('Ctrl Pts',(82.560137981376,-14.0671670388506,12.4447675337488));
#2131=CARTESIAN_POINT('Ctrl Pts',(82.560137981376,-14.549113629009,12.8011554001217));
#2132=CARTESIAN_POINT('Ctrl Pts',(82.560137981376,-15.1735060549447,13.1974805479449));
#2133=CARTESIAN_POINT('Ctrl Pts',(82.560137981376,-15.7978984808804,13.5938056957681));
#2134=CARTESIAN_POINT('Ctrl Pts',(82.560137981376,-16.5647367425934,14.0300681250416));
#2135=CARTESIAN_POINT('Ctrl Pts',(82.560137981376,-17.6328261064865,14.5704980122876));
#2136=CARTESIAN_POINT('Origin',(82.560137981376,-11.0505365819026,0.369548050035924));
#2137=CARTESIAN_POINT('',(82.560137981376,-11.0505365819026,2.86954805003592));
#2138=CARTESIAN_POINT('',(68.4547765791327,-11.0505365819026,2.86954805003592));
#2139=CARTESIAN_POINT('',(82.560137981376,-11.0505365819026,2.86954805003592));
#2140=CARTESIAN_POINT('',(82.560137981376,-11.0505365819026,0.369548050035924));
#2141=CARTESIAN_POINT('',(68.4547765791327,-11.0505365819026,11.960412144247));
#2142=CARTESIAN_POINT('',(82.560137981376,-11.0505365819026,11.960412144247));
#2143=CARTESIAN_POINT('',(68.4547765791327,-11.0505365819026,-3.65042156139888));
#2144=CARTESIAN_POINT('Origin',(82.560137981376,-8.55053658190256,2.86954805003592));
#2145=CARTESIAN_POINT('Ctrl Pts',(68.4547765791327,-11.0505365819026,2.86954805003592));
#2146=CARTESIAN_POINT('Ctrl Pts',(68.4547765791327,-11.0505365819026,2.55576354711105));
#2147=CARTESIAN_POINT('Ctrl Pts',(68.4711637297215,-10.9878087625434,2.22185117988273));
#2148=CARTESIAN_POINT('Ctrl Pts',(68.5356057576468,-10.7349080313283,1.60925903012988));
#2149=CARTESIAN_POINT('Ctrl Pts',(68.5834500574578,-10.5448012076877,1.33052983297825));
#2150=CARTESIAN_POINT('Ctrl Pts',(68.6905341945516,-10.1038237019183,0.885081651334222));
#2151=CARTESIAN_POINT('Ctrl Pts',(68.7573603339957,-9.82124606670021,0.690639910463544));
#2152=CARTESIAN_POINT('Ctrl Pts',(68.8964305892206,-9.20243231423732,0.432875058368677));
#2153=CARTESIAN_POINT('Ctrl Pts',(68.9685043871183,-8.86615955588309,0.369548050035924));
#2154=CARTESIAN_POINT('Ctrl Pts',(69.0327861587589,-8.55053658190256,0.369548050035924));
#2155=CARTESIAN_POINT('Origin',(82.560137981376,-8.55053658190256,2.86954805003592));
#2156=CARTESIAN_POINT('Origin',(70.560137981376,-35.0252631251577,49.3554646753654));
#2157=CARTESIAN_POINT('',(82.560137981376,-38.5818180870538,49.3554646753654));
#2158=CARTESIAN_POINT('',(70.560137981376,-38.5818180870538,49.3554646753653));
#2159=CARTESIAN_POINT('',(82.560137981376,-40.,49.3554646753653));
#2160=CARTESIAN_POINT('Origin',(70.560137981376,-39.0252631251577,49.3836263408632));
#2161=CARTESIAN_POINT('',(82.560137981376,-38.5818182026643,49.3833061318676));
#2162=CARTESIAN_POINT('',(70.560137981376,-38.5818182026643,49.3833061318676));
#2163=CARTESIAN_POINT('',(82.560137981376,-39.0252631251577,49.3836263408632));
#2164=CARTESIAN_POINT('Origin',(70.560137981376,-0.0252682090007106,49.3695455081144));
#2165=CARTESIAN_POINT('Origin',(82.560137981376,-0.0252682090007106,49.3695455081144));
#2166=CARTESIAN_POINT('Origin',(70.560137981376,-0.0252682491328926,49.3695455081175));
#2167=CARTESIAN_POINT('Origin',(82.560137981376,-0.0252682491328926,49.3695455081175));
#2168=CARTESIAN_POINT('Origin',(21.2136756884011,1.18860597969882,-3.65042156139888));
#2169=CARTESIAN_POINT('',(69.9993778934184,-0.0252656670792546,10.369548050036));
#2170=CARTESIAN_POINT('Ctrl Pts',(69.9993778934184,-0.0252656670793804,
10.369548050036));
#2171=CARTESIAN_POINT('Ctrl Pts',(69.979514286666,-0.823587307026663,10.3695479980034));
#2172=CARTESIAN_POINT('Ctrl Pts',(69.9396958811194,-1.63228346125897,10.3941633948066));
#2173=CARTESIAN_POINT('Ctrl Pts',(69.7561524570882,-4.09048405446171,10.5469772126592));
#2174=CARTESIAN_POINT('Ctrl Pts',(69.5466439249363,-5.75250863634529,10.7567415878985));
#2175=CARTESIAN_POINT('Ctrl Pts',(69.0334991543595,-8.62924337145663,11.3092411729832));
#2176=CARTESIAN_POINT('Ctrl Pts',(68.763465422849,-9.85904782062302,11.6092550289878));
#2177=CARTESIAN_POINT('Ctrl Pts',(68.4547765791327,-11.0505365819026,11.960412144247));
#2178=CARTESIAN_POINT('Ctrl Pts',(69.0180140707431,11.0000001639128,11.9604121442504));
#2179=CARTESIAN_POINT('Ctrl Pts',(69.2731864147192,9.75671660520335,11.5939899990199));
#2180=CARTESIAN_POINT('Ctrl Pts',(69.4818915745754,8.49093535147047,11.2889338543469));
#2181=CARTESIAN_POINT('Ctrl Pts',(69.8428564200309,5.59534870014241,10.7410498095073));
#2182=CARTESIAN_POINT('Ctrl Pts',(69.9609226470715,3.96540032712344,10.54212130464));
#2183=CARTESIAN_POINT('Ctrl Pts',(70.0191325689325,1.59970956969418,10.3953916112588));
#2184=CARTESIAN_POINT('Ctrl Pts',(70.0197294605008,0.792667179206705,10.3695481033466));
#2185=CARTESIAN_POINT('Ctrl Pts',(69.9993778934181,-0.0252656670917872,
10.369548050036));
#2186=CARTESIAN_POINT('Origin',(82.560137981376,-0.0252682090007106,49.3695455081144));
#2187=CARTESIAN_POINT('Origin',(82.560137981376,-0.025266938040005,49.3695455081144));
#2188=CARTESIAN_POINT('',(82.560137981376,32.4220839783557,55.3836263408633));
#2189=CARTESIAN_POINT('Origin',(82.560137981376,-0.0252682090007106,49.3695455081144));
#2190=CARTESIAN_POINT('Origin',(82.560137981376,-0.0252682090007106,49.3695455081144));
#2191=CARTESIAN_POINT('',(82.560137981376,32.4220839783557,55.3836263408633));
#2192=CARTESIAN_POINT('Origin',(4.59613798137602,0.0012638995292813,118.855464675365));
#2193=CARTESIAN_POINT('',(4.59613798137602,1.53148158018393,118.855464675365));
#2194=CARTESIAN_POINT('',(0.,0.,0.));
#2195=UNCERTAINTY_MEASURE_WITH_UNIT(LENGTH_MEASURE(0.01),#2201,
'DISTANCE_ACCURACY_VALUE',
'Maximum model space distance between geometric entities at asserted c
onnectivities');
#2196=UNCERTAINTY_MEASURE_WITH_UNIT(LENGTH_MEASURE(0.01),#2201,
'DISTANCE_ACCURACY_VALUE',
'Maximum model space distance between geometric entities at asserted c
onnectivities');
#2197=UNCERTAINTY_MEASURE_WITH_UNIT(LENGTH_MEASURE(0.01),#2201,
'DISTANCE_ACCURACY_VALUE',
'Maximum model space distance between geometric entities at asserted c
onnectivities');
#2198=(
GEOMETRIC_REPRESENTATION_CONTEXT(3)
GLOBAL_UNCERTAINTY_ASSIGNED_CONTEXT((#2195))
GLOBAL_UNIT_ASSIGNED_CONTEXT((#2201,#2203,#2204))
REPRESENTATION_CONTEXT('','3D')
);
#2199=(
GEOMETRIC_REPRESENTATION_CONTEXT(3)
GLOBAL_UNCERTAINTY_ASSIGNED_CONTEXT((#2196))
GLOBAL_UNIT_ASSIGNED_CONTEXT((#2201,#2203,#2204))
REPRESENTATION_CONTEXT('','3D')
);
#2200=(
GEOMETRIC_REPRESENTATION_CONTEXT(3)
GLOBAL_UNCERTAINTY_ASSIGNED_CONTEXT((#2197))
GLOBAL_UNIT_ASSIGNED_CONTEXT((#2201,#2203,#2204))
REPRESENTATION_CONTEXT('','3D')
);
#2201=(
LENGTH_UNIT()
NAMED_UNIT(*)
SI_UNIT(.MILLI.,.METRE.)
);
#2202=(
LENGTH_UNIT()
NAMED_UNIT(*)
SI_UNIT($,.METRE.)
);
#2203=(
NAMED_UNIT(*)
PLANE_ANGLE_UNIT()
SI_UNIT($,.RADIAN.)
);
#2204=(
NAMED_UNIT(*)
SI_UNIT($,.STERADIAN.)
SOLID_ANGLE_UNIT()
);
#2205=SHAPE_DEFINITION_REPRESENTATION(#2207,#2210);
#2206=SHAPE_DEFINITION_REPRESENTATION(#2208,#2211);
#2207=PRODUCT_DEFINITION_SHAPE('',$,#2213);
#2208=PRODUCT_DEFINITION_SHAPE('',$,#2214);
#2209=PRODUCT_DEFINITION_SHAPE($,$,#14);
#2210=SHAPE_REPRESENTATION('',(#1113,#1223),#2198);
#2211=SHAPE_REPRESENTATION('',(#1114),#2199);
#2212=PRODUCT_DEFINITION_CONTEXT('part definition',#2220,'design');
#2213=PRODUCT_DEFINITION('DSSERVO 80 kg','c_base v40',#2215,#2212);
#2214=PRODUCT_DEFINITION('joint1','joint1',#2216,#2212);
#2215=PRODUCT_DEFINITION_FORMATION('',$,#2222);
#2216=PRODUCT_DEFINITION_FORMATION('',$,#2223);
#2217=PRODUCT_RELATED_PRODUCT_CATEGORY('c_base v40','c_base v40',(#2222));
#2218=PRODUCT_RELATED_PRODUCT_CATEGORY('joint1','joint1',(#2223));
#2219=APPLICATION_PROTOCOL_DEFINITION('international standard',
'automotive_design',2009,#2220);
#2220=APPLICATION_CONTEXT(
'Core Data for Automotive Mechanical Design Process');
#2221=PRODUCT_CONTEXT('part definition',#2220,'mechanical');
#2222=PRODUCT('DSSERVO 80 kg','c_base v40','STEP AP203',(#2221));
#2223=PRODUCT('joint1','joint1',$,(#2221));
#2224=PRESENTATION_STYLE_ASSIGNMENT((#2225));
#2225=SURFACE_STYLE_USAGE(.BOTH.,#2226);
#2226=SURFACE_SIDE_STYLE('',(#2227));
#2227=SURFACE_STYLE_FILL_AREA(#2228);
#2228=FILL_AREA_STYLE('Steel - Satin',(#2229));
#2229=FILL_AREA_STYLE_COLOUR('Steel - Satin',#2230);
#2230=COLOUR_RGB('Steel - Satin',0.627450980392157,0.627450980392157,0.627450980392157);
ENDSEC;
END-ISO-10303-21;
