ISO-10303-21;
HEADER;
/* Generated by software containing ST-Developer
 * from STEP Tools, Inc. (www.steptools.com) 
 */

FILE_DESCRIPTION(
/* description */ ('STEP AP203'),
/* implementation_level */ '2;1');

FILE_NAME(
/* name */ 'Joint1.3.step',
/* time_stamp */ '2025-12-11T15:21:31+05:30',
/* author */ (''),
/* organization */ (''),
/* preprocessor_version */ 'ST-DEVELOPER v20.1',
/* originating_system */ 'Autodesk Translation Framework v14.21.0.0',
/* authorisation */ '');

FILE_SCHEMA (('AUTOMOTIVE_DESIGN { 1 0 10303 214 3 1 1 }'));
ENDSEC;

DATA;
#10=MECHANICAL_DESIGN_GEOMETRIC_PRESENTATION_REPRESENTATION('',(#21),#2084);
#11=ITEM_DEFINED_TRANSFORMATION($,$,#1170,#1306);
#12=ITEM_DEFINED_TRANSFORMATION($,$,#1171,#1307);
#13=(
REPRESENTATION_RELATIONSHIP($,$,#2098,#2097)
REPRESENTATION_RELATIONSHIP_WITH_TRANSFORMATION(#11)
SHAPE_REPRESENTATION_RELATIONSHIP()
);
#14=(
REPRESENTATION_RELATIONSHIP($,$,#2099,#2097)
REPRESENTATION_RELATIONSHIP_WITH_TRANSFORMATION(#12)
SHAPE_REPRESENTATION_RELATIONSHIP()
);
#15=CONTEXT_DEPENDENT_SHAPE_REPRESENTATION(#13,#2095);
#16=CONTEXT_DEPENDENT_SHAPE_REPRESENTATION(#14,#2096);
#17=NEXT_ASSEMBLY_USAGE_OCCURRENCE('joint1:1','joint1:1','joint1:1',#2101,
#2102,'joint1:1');
#18=NEXT_ASSEMBLY_USAGE_OCCURRENCE('joint1_connector:1',
'joint1_connector:1','joint1_connector:1',#2101,#2103,
'joint1_connector:1');
#19=SHAPE_REPRESENTATION_RELATIONSHIP('SRR','None',#2099,#20);
#20=ADVANCED_BREP_SHAPE_REPRESENTATION('',(#22),#2083);
#21=STYLED_ITEM('',(#2116),#22);
#22=MANIFOLD_SOLID_BREP('Body1',#1145);
#23=FACE_BOUND('',#345,.T.);
#24=FACE_BOUND('',#349,.T.);
#25=FACE_BOUND('',#352,.T.);
#26=FACE_BOUND('',#355,.T.);
#27=FACE_BOUND('',#379,.T.);
#28=FACE_BOUND('',#380,.T.);
#29=FACE_BOUND('',#381,.T.);
#30=FACE_BOUND('',#382,.T.);
#31=FACE_BOUND('',#383,.T.);
#32=FACE_BOUND('',#384,.T.);
#33=FACE_BOUND('',#385,.T.);
#34=FACE_BOUND('',#386,.T.);
#35=FACE_BOUND('',#387,.T.);
#36=FACE_BOUND('',#388,.T.);
#37=FACE_BOUND('',#389,.T.);
#38=FACE_BOUND('',#393,.T.);
#39=FACE_BOUND('',#396,.T.);
#40=FACE_BOUND('',#400,.T.);
#41=FACE_BOUND('',#402,.T.);
#42=FACE_BOUND('',#405,.T.);
#43=FACE_BOUND('',#408,.T.);
#44=FACE_BOUND('',#414,.T.);
#45=FACE_BOUND('',#415,.T.);
#46=FACE_BOUND('',#416,.T.);
#47=FACE_BOUND('',#417,.T.);
#48=FACE_BOUND('',#418,.T.);
#49=FACE_BOUND('',#419,.T.);
#50=FACE_BOUND('',#420,.T.);
#51=FACE_BOUND('',#421,.T.);
#52=FACE_BOUND('',#422,.T.);
#53=FACE_BOUND('',#423,.T.);
#54=(
BOUNDED_CURVE()
B_SPLINE_CURVE(2,(#1834,#1835,#1836),.UNSPECIFIED.,.F.,.F.)
B_SPLINE_CURVE_WITH_KNOTS((3,3),(0.,4.49592549095698),.UNSPECIFIED.)
CURVE()
GEOMETRIC_REPRESENTATION_ITEM()
RATIONAL_B_SPLINE_CURVE((1.,0.999999828535294,1.))
REPRESENTATION_ITEM('')
);
#55=PLANE('',#1184);
#56=PLANE('',#1191);
#57=PLANE('',#1203);
#58=PLANE('',#1205);
#59=PLANE('',#1209);
#60=PLANE('',#1214);
#61=PLANE('',#1219);
#62=PLANE('',#1221);
#63=PLANE('',#1228);
#64=PLANE('',#1239);
#65=PLANE('',#1240);
#66=PLANE('',#1241);
#67=PLANE('',#1245);
#68=PLANE('',#1246);
#69=PLANE('',#1265);
#70=PLANE('',#1266);
#71=PLANE('',#1272);
#72=PLANE('',#1273);
#73=PLANE('',#1277);
#74=PLANE('',#1283);
#75=PLANE('',#1285);
#76=PLANE('',#1289);
#77=PLANE('',#1293);
#78=PLANE('',#1302);
#79=PLANE('',#1305);
#80=ELLIPSE('',#1177,3.39971722023769,3.3);
#81=ELLIPSE('',#1185,202.770184869104,48.75);
#82=ELLIPSE('',#1186,202.981487910125,48.800801468946);
#83=ELLIPSE('',#1202,281.32241381174,48.800801468946);
#84=ELLIPSE('',#1226,281.029558132348,48.75);
#85=ELLIPSE('',#1247,75.2909492806329,48.75);
#86=LINE('',#1726,#161);
#87=LINE('',#1749,#162);
#88=LINE('',#1751,#163);
#89=LINE('',#1753,#164);
#90=LINE('',#1755,#165);
#91=LINE('',#1759,#166);
#92=LINE('',#1763,#167);
#93=LINE('',#1764,#168);
#94=LINE('',#1767,#169);
#95=LINE('',#1772,#170);
#96=LINE('',#1776,#171);
#97=LINE('',#1778,#172);
#98=LINE('',#1780,#173);
#99=LINE('',#1781,#174);
#100=LINE('',#1791,#175);
#101=LINE('',#1794,#176);
#102=LINE('',#1837,#177);
#103=LINE('',#1838,#178);
#104=LINE('',#1840,#179);
#105=LINE('',#1844,#180);
#106=LINE('',#1852,#181);
#107=LINE('',#1858,#182);
#108=LINE('',#1859,#183);
#109=LINE('',#1864,#184);
#110=LINE('',#1873,#185);
#111=LINE('',#1882,#186);
#112=LINE('',#1889,#187);
#113=LINE('',#1891,#188);
#114=LINE('',#1892,#189);
#115=LINE('',#1895,#190);
#116=LINE('',#1901,#191);
#117=LINE('',#1902,#192);
#118=LINE('',#1906,#193);
#119=LINE('',#1910,#194);
#120=LINE('',#1913,#195);
#121=LINE('',#1917,#196);
#122=LINE('',#1921,#197);
#123=LINE('',#1925,#198);
#124=LINE('',#1929,#199);
#125=LINE('',#1932,#200);
#126=LINE('',#1935,#201);
#127=LINE('',#1937,#202);
#128=LINE('',#1938,#203);
#129=LINE('',#1941,#204);
#130=LINE('',#1943,#205);
#131=LINE('',#1944,#206);
#132=LINE('',#1950,#207);
#133=LINE('',#1953,#208);
#134=LINE('',#1954,#209);
#135=LINE('',#1955,#210);
#136=LINE('',#1959,#211);
#137=LINE('',#1964,#212);
#138=LINE('',#1970,#213);
#139=LINE('',#1976,#214);
#140=LINE('',#1982,#215);
#141=LINE('',#1988,#216);
#142=LINE('',#1992,#217);
#143=LINE('',#1995,#218);
#144=LINE('',#1998,#219);
#145=LINE('',#1999,#220);
#146=LINE('',#2001,#221);
#147=LINE('',#2008,#222);
#148=LINE('',#2014,#223);
#149=LINE('',#2015,#224);
#150=LINE('',#2018,#225);
#151=LINE('',#2019,#226);
#152=LINE('',#2026,#227);
#153=LINE('',#2033,#228);
#154=LINE('',#2045,#229);
#155=LINE('',#2052,#230);
#156=LINE('',#2059,#231);
#157=LINE('',#2063,#232);
#158=LINE('',#2067,#233);
#159=LINE('',#2069,#234);
#160=LINE('',#2073,#235);
#161=VECTOR('',#1324,3.3);
#162=VECTOR('',#1341,10.);
#163=VECTOR('',#1342,10.);
#164=VECTOR('',#1343,10.);
#165=VECTOR('',#1344,10.);
#166=VECTOR('',#1347,10.);
#167=VECTOR('',#1350,10.);
#168=VECTOR('',#1351,10.);
#169=VECTOR('',#1354,10.);
#170=VECTOR('',#1361,33.);
#171=VECTOR('',#1364,10.);
#172=VECTOR('',#1365,10.);
#173=VECTOR('',#1366,10.);
#174=VECTOR('',#1367,10.);
#175=VECTOR('',#1372,10.);
#176=VECTOR('',#1375,10.);
#177=VECTOR('',#1388,10.);
#178=VECTOR('',#1389,10.);
#179=VECTOR('',#1390,10.);
#180=VECTOR('',#1393,10.);
#181=VECTOR('',#1396,10.);
#182=VECTOR('',#1403,10.);
#183=VECTOR('',#1404,10.);
#184=VECTOR('',#1409,2.5);
#185=VECTOR('',#1420,2.50000000000001);
#186=VECTOR('',#1431,2.5);
#187=VECTOR('',#1440,10.);
#188=VECTOR('',#1441,10.);
#189=VECTOR('',#1442,10.);
#190=VECTOR('',#1445,10.);
#191=VECTOR('',#1450,10.);
#192=VECTOR('',#1451,10.);
#193=VECTOR('',#1454,10.);
#194=VECTOR('',#1461,10.);
#195=VECTOR('',#1464,1.5);
#196=VECTOR('',#1469,1.5);
#197=VECTOR('',#1474,1.50000000000001);
#198=VECTOR('',#1479,1.5);
#199=VECTOR('',#1484,10.);
#200=VECTOR('',#1489,10.);
#201=VECTOR('',#1492,10.);
#202=VECTOR('',#1493,10.);
#203=VECTOR('',#1494,10.);
#204=VECTOR('',#1497,10.);
#205=VECTOR('',#1498,10.);
#206=VECTOR('',#1499,10.);
#207=VECTOR('',#1506,10.);
#208=VECTOR('',#1509,10.);
#209=VECTOR('',#1510,10.);
#210=VECTOR('',#1511,10.);
#211=VECTOR('',#1516,10.);
#212=VECTOR('',#1521,1.5);
#213=VECTOR('',#1528,1.5);
#214=VECTOR('',#1535,1.50000000000001);
#215=VECTOR('',#1542,1.5);
#216=VECTOR('',#1549,1.5);
#217=VECTOR('',#1554,10.);
#218=VECTOR('',#1557,10.);
#219=VECTOR('',#1560,10.);
#220=VECTOR('',#1561,10.);
#221=VECTOR('',#1564,10.);
#222=VECTOR('',#1569,10.);
#223=VECTOR('',#1576,10.);
#224=VECTOR('',#1577,10.);
#225=VECTOR('',#1580,10.);
#226=VECTOR('',#1581,10.);
#227=VECTOR('',#1590,2.5);
#228=VECTOR('',#1599,2.50000000000001);
#229=VECTOR('',#1616,2.5);
#230=VECTOR('',#1625,2.5);
#231=VECTOR('',#1634,10.);
#232=VECTOR('',#1641,33.);
#233=VECTOR('',#1646,2.5);
#234=VECTOR('',#1649,10.);
#235=VECTOR('',#1654,2.5);
#236=CYLINDRICAL_SURFACE('',#1176,3.3);
#237=CYLINDRICAL_SURFACE('',#1187,38.9999974848181);
#238=CYLINDRICAL_SURFACE('',#1189,33.);
#239=CYLINDRICAL_SURFACE('',#1192,29.0000000000004);
#240=CYLINDRICAL_SURFACE('',#1195,39.);
#241=CYLINDRICAL_SURFACE('',#1197,2.5);
#242=CYLINDRICAL_SURFACE('',#1200,48.800801468946);
#243=CYLINDRICAL_SURFACE('',#1206,2.5);
#244=CYLINDRICAL_SURFACE('',#1211,2.50000000000001);
#245=CYLINDRICAL_SURFACE('',#1216,2.5);
#246=CYLINDRICAL_SURFACE('',#1222,38.9999974848181);
#247=CYLINDRICAL_SURFACE('',#1225,48.75);
#248=CYLINDRICAL_SURFACE('',#1229,1.5);
#249=CYLINDRICAL_SURFACE('',#1231,1.5);
#250=CYLINDRICAL_SURFACE('',#1233,1.50000000000001);
#251=CYLINDRICAL_SURFACE('',#1235,1.5);
#252=CYLINDRICAL_SURFACE('',#1237,38.999997763383);
#253=CYLINDRICAL_SURFACE('',#1242,29.);
#254=CYLINDRICAL_SURFACE('',#1248,1.5);
#255=CYLINDRICAL_SURFACE('',#1251,1.5);
#256=CYLINDRICAL_SURFACE('',#1254,1.50000000000001);
#257=CYLINDRICAL_SURFACE('',#1257,1.5);
#258=CYLINDRICAL_SURFACE('',#1260,1.5);
#259=CYLINDRICAL_SURFACE('',#1263,48.75);
#260=CYLINDRICAL_SURFACE('',#1270,1.50000035482504);
#261=CYLINDRICAL_SURFACE('',#1275,2.5);
#262=CYLINDRICAL_SURFACE('',#1279,2.50000000000001);
#263=CYLINDRICAL_SURFACE('',#1281,1.5);
#264=CYLINDRICAL_SURFACE('',#1287,2.5);
#265=CYLINDRICAL_SURFACE('',#1291,2.5);
#266=CYLINDRICAL_SURFACE('',#1295,48.800801468946);
#267=CYLINDRICAL_SURFACE('',#1297,38.9999974848181);
#268=CYLINDRICAL_SURFACE('',#1299,33.);
#269=CYLINDRICAL_SURFACE('',#1300,2.5);
#270=CYLINDRICAL_SURFACE('',#1304,2.5);
#271=FACE_OUTER_BOUND('',#333,.T.);
#272=FACE_OUTER_BOUND('',#334,.T.);
#273=FACE_OUTER_BOUND('',#335,.T.);
#274=FACE_OUTER_BOUND('',#336,.T.);
#275=FACE_OUTER_BOUND('',#337,.T.);
#276=FACE_OUTER_BOUND('',#338,.T.);
#277=FACE_OUTER_BOUND('',#339,.T.);
#278=FACE_OUTER_BOUND('',#340,.T.);
#279=FACE_OUTER_BOUND('',#341,.T.);
#280=FACE_OUTER_BOUND('',#342,.T.);
#281=FACE_OUTER_BOUND('',#343,.T.);
#282=FACE_OUTER_BOUND('',#344,.T.);
#283=FACE_OUTER_BOUND('',#346,.T.);
#284=FACE_OUTER_BOUND('',#347,.T.);
#285=FACE_OUTER_BOUND('',#348,.T.);
#286=FACE_OUTER_BOUND('',#350,.T.);
#287=FACE_OUTER_BOUND('',#351,.T.);
#288=FACE_OUTER_BOUND('',#353,.T.);
#289=FACE_OUTER_BOUND('',#354,.T.);
#290=FACE_OUTER_BOUND('',#356,.T.);
#291=FACE_OUTER_BOUND('',#357,.T.);
#292=FACE_OUTER_BOUND('',#358,.T.);
#293=FACE_OUTER_BOUND('',#359,.T.);
#294=FACE_OUTER_BOUND('',#360,.T.);
#295=FACE_OUTER_BOUND('',#361,.T.);
#296=FACE_OUTER_BOUND('',#362,.T.);
#297=FACE_OUTER_BOUND('',#363,.T.);
#298=FACE_OUTER_BOUND('',#364,.T.);
#299=FACE_OUTER_BOUND('',#365,.T.);
#300=FACE_OUTER_BOUND('',#366,.T.);
#301=FACE_OUTER_BOUND('',#367,.T.);
#302=FACE_OUTER_BOUND('',#368,.T.);
#303=FACE_OUTER_BOUND('',#369,.T.);
#304=FACE_OUTER_BOUND('',#370,.T.);
#305=FACE_OUTER_BOUND('',#371,.T.);
#306=FACE_OUTER_BOUND('',#372,.T.);
#307=FACE_OUTER_BOUND('',#373,.T.);
#308=FACE_OUTER_BOUND('',#374,.T.);
#309=FACE_OUTER_BOUND('',#375,.T.);
#310=FACE_OUTER_BOUND('',#376,.T.);
#311=FACE_OUTER_BOUND('',#377,.T.);
#312=FACE_OUTER_BOUND('',#378,.T.);
#313=FACE_OUTER_BOUND('',#390,.T.);
#314=FACE_OUTER_BOUND('',#391,.T.);
#315=FACE_OUTER_BOUND('',#392,.T.);
#316=FACE_OUTER_BOUND('',#394,.T.);
#317=FACE_OUTER_BOUND('',#395,.T.);
#318=FACE_OUTER_BOUND('',#397,.T.);
#319=FACE_OUTER_BOUND('',#398,.T.);
#320=FACE_OUTER_BOUND('',#399,.T.);
#321=FACE_OUTER_BOUND('',#401,.T.);
#322=FACE_OUTER_BOUND('',#403,.T.);
#323=FACE_OUTER_BOUND('',#404,.T.);
#324=FACE_OUTER_BOUND('',#406,.T.);
#325=FACE_OUTER_BOUND('',#407,.T.);
#326=FACE_OUTER_BOUND('',#409,.T.);
#327=FACE_OUTER_BOUND('',#410,.T.);
#328=FACE_OUTER_BOUND('',#411,.T.);
#329=FACE_OUTER_BOUND('',#412,.T.);
#330=FACE_OUTER_BOUND('',#413,.T.);
#331=FACE_OUTER_BOUND('',#424,.T.);
#332=FACE_OUTER_BOUND('',#425,.T.);
#333=EDGE_LOOP('',(#765,#766,#767,#768));
#334=EDGE_LOOP('',(#769,#770,#771,#772,#773,#774,#775,#776));
#335=EDGE_LOOP('',(#777,#778,#779,#780,#781,#782));
#336=EDGE_LOOP('',(#783,#784,#785,#786,#787,#788,#789,#790,#791,#792));
#337=EDGE_LOOP('',(#793,#794,#795,#796,#797));
#338=EDGE_LOOP('',(#798,#799,#800,#801,#802,#803));
#339=EDGE_LOOP('',(#804,#805,#806,#807));
#340=EDGE_LOOP('',(#808,#809,#810,#811,#812,#813));
#341=EDGE_LOOP('',(#814,#815,#816));
#342=EDGE_LOOP('',(#817,#818,#819,#820));
#343=EDGE_LOOP('',(#821,#822,#823,#824,#825,#826,#827,#828,#829,#830,#831,
#832,#833,#834,#835));
#344=EDGE_LOOP('',(#836,#837));
#345=EDGE_LOOP('',(#838));
#346=EDGE_LOOP('',(#839,#840,#841,#842));
#347=EDGE_LOOP('',(#843,#844,#845,#846));
#348=EDGE_LOOP('',(#847));
#349=EDGE_LOOP('',(#848));
#350=EDGE_LOOP('',(#849,#850,#851,#852));
#351=EDGE_LOOP('',(#853));
#352=EDGE_LOOP('',(#854));
#353=EDGE_LOOP('',(#855,#856,#857,#858));
#354=EDGE_LOOP('',(#859));
#355=EDGE_LOOP('',(#860));
#356=EDGE_LOOP('',(#861,#862,#863,#864));
#357=EDGE_LOOP('',(#865,#866,#867,#868,#869,#870));
#358=EDGE_LOOP('',(#871,#872,#873,#874));
#359=EDGE_LOOP('',(#875,#876,#877,#878,#879));
#360=EDGE_LOOP('',(#880,#881,#882,#883));
#361=EDGE_LOOP('',(#884,#885,#886,#887));
#362=EDGE_LOOP('',(#888,#889,#890,#891));
#363=EDGE_LOOP('',(#892,#893,#894,#895));
#364=EDGE_LOOP('',(#896,#897,#898,#899));
#365=EDGE_LOOP('',(#900,#901,#902,#903,#904));
#366=EDGE_LOOP('',(#905,#906,#907,#908));
#367=EDGE_LOOP('',(#909,#910,#911,#912));
#368=EDGE_LOOP('',(#913,#914,#915,#916));
#369=EDGE_LOOP('',(#917,#918,#919,#920,#921,#922));
#370=EDGE_LOOP('',(#923,#924,#925));
#371=EDGE_LOOP('',(#926,#927,#928,#929));
#372=EDGE_LOOP('',(#930,#931,#932,#933));
#373=EDGE_LOOP('',(#934,#935,#936,#937));
#374=EDGE_LOOP('',(#938,#939,#940,#941));
#375=EDGE_LOOP('',(#942,#943,#944,#945));
#376=EDGE_LOOP('',(#946,#947,#948,#949,#950));
#377=EDGE_LOOP('',(#951,#952,#953,#954));
#378=EDGE_LOOP('',(#955,#956,#957,#958,#959,#960,#961,#962,#963,#964,#965,
#966,#967,#968,#969,#970,#971));
#379=EDGE_LOOP('',(#972));
#380=EDGE_LOOP('',(#973,#974,#975));
#381=EDGE_LOOP('',(#976));
#382=EDGE_LOOP('',(#977));
#383=EDGE_LOOP('',(#978));
#384=EDGE_LOOP('',(#979));
#385=EDGE_LOOP('',(#980));
#386=EDGE_LOOP('',(#981));
#387=EDGE_LOOP('',(#982));
#388=EDGE_LOOP('',(#983));
#389=EDGE_LOOP('',(#984));
#390=EDGE_LOOP('',(#985,#986,#987,#988));
#391=EDGE_LOOP('',(#989,#990,#991,#992));
#392=EDGE_LOOP('',(#993));
#393=EDGE_LOOP('',(#994));
#394=EDGE_LOOP('',(#995,#996,#997,#998));
#395=EDGE_LOOP('',(#999));
#396=EDGE_LOOP('',(#1000));
#397=EDGE_LOOP('',(#1001,#1002,#1003,#1004));
#398=EDGE_LOOP('',(#1005,#1006,#1007,#1008));
#399=EDGE_LOOP('',(#1009));
#400=EDGE_LOOP('',(#1010,#1011,#1012));
#401=EDGE_LOOP('',(#1013));
#402=EDGE_LOOP('',(#1014));
#403=EDGE_LOOP('',(#1015,#1016,#1017,#1018));
#404=EDGE_LOOP('',(#1019));
#405=EDGE_LOOP('',(#1020));
#406=EDGE_LOOP('',(#1021,#1022,#1023,#1024));
#407=EDGE_LOOP('',(#1025));
#408=EDGE_LOOP('',(#1026));
#409=EDGE_LOOP('',(#1027,#1028,#1029,#1030));
#410=EDGE_LOOP('',(#1031,#1032,#1033,#1034));
#411=EDGE_LOOP('',(#1035,#1036,#1037,#1038,#1039,#1040));
#412=EDGE_LOOP('',(#1041,#1042,#1043,#1044));
#413=EDGE_LOOP('',(#1045,#1046,#1047,#1048,#1049,#1050,#1051,#1052,#1053,
#1054,#1055,#1056,#1057,#1058));
#414=EDGE_LOOP('',(#1059));
#415=EDGE_LOOP('',(#1060));
#416=EDGE_LOOP('',(#1061));
#417=EDGE_LOOP('',(#1062));
#418=EDGE_LOOP('',(#1063));
#419=EDGE_LOOP('',(#1064));
#420=EDGE_LOOP('',(#1065));
#421=EDGE_LOOP('',(#1066));
#422=EDGE_LOOP('',(#1067));
#423=EDGE_LOOP('',(#1068));
#424=EDGE_LOOP('',(#1069,#1070,#1071,#1072));
#425=EDGE_LOOP('',(#1073,#1074,#1075,#1076,#1077,#1078,#1079,#1080));
#426=B_SPLINE_CURVE_WITH_KNOTS('',3,(#1671,#1672,#1673,#1674,#1675,#1676,
#1677,#1678,#1679,#1680,#1681,#1682,#1683,#1684,#1685,#1686,#1687,#1688,
#1689,#1690,#1691,#1692,#1693,#1694,#1695,#1696),.UNSPECIFIED.,.F.,.F.,
(4,2,2,2,2,2,2,2,2,2,2,2,4),(-1.24966690807228,-1.24860057856951,-1.06664896125161,
-0.914468328254277,-0.800363092678539,-0.693393264577421,-0.624300289238524,
-0.555207313899627,-0.448237485798512,-0.334132250222778,-0.181951617225443,
0.,0.00106632950774373),.UNSPECIFIED.);
#427=B_SPLINE_CURVE_WITH_KNOTS('',3,(#1699,#1700,#1701,#1702,#1703,#1704,
#1705,#1706,#1707,#1708,#1709,#1710,#1711,#1712,#1713,#1714,#1715,#1716,
#1717,#1718,#1719,#1720,#1721,#1722,#1723,#1724),.UNSPECIFIED.,.F.,.F.,
(4,2,2,2,2,2,2,2,2,2,2,2,4),(-1.24990282609488,-1.24883675068653,-1.06660319758615,
-0.91444251632491,-0.800370139343977,-0.693469787861944,-0.624418375388747,
-0.555366962915549,-0.448466611433512,-0.334394234452573,-0.182233553191331,
0.,0.0010660754033636),.UNSPECIFIED.);
#428=B_SPLINE_CURVE_WITH_KNOTS('',3,(#1728,#1729,#1730,#1731),
 .UNSPECIFIED.,.F.,.F.,(4,4),(0.49512829670244,0.497479208222644),
 .UNSPECIFIED.);
#429=B_SPLINE_CURVE_WITH_KNOTS('',3,(#1735,#1736,#1737,#1738),
 .UNSPECIFIED.,.F.,.F.,(4,4),(1.49244771213748,1.49479862365769),
 .UNSPECIFIED.);
#430=B_SPLINE_CURVE_WITH_KNOTS('',3,(#1786,#1787,#1788,#1789),
 .UNSPECIFIED.,.F.,.F.,(4,4),(2.10138418868947,2.76919451647389),
 .UNSPECIFIED.);
#431=B_SPLINE_CURVE_WITH_KNOTS('',3,(#1798,#1799,#1800,#1801,#1802,#1803),
 .UNSPECIFIED.,.F.,.F.,(4,2,4),(3.82374489472515,3.85477626918697,3.86258293128563),
 .UNSPECIFIED.);
#432=B_SPLINE_CURVE_WITH_KNOTS('',3,(#1807,#1808,#1809,#1810,#1811,#1812,
#1813,#1814),.UNSPECIFIED.,.F.,.F.,(4,2,2,4),(0.635869714875322,0.655992145816442,
0.822807635934657,0.826059322755504),.UNSPECIFIED.);
#433=B_SPLINE_CURVE_WITH_KNOTS('',3,(#1818,#1819,#1820,#1821,#1822,#1823,
#1824,#1825),.UNSPECIFIED.,.F.,.F.,(4,2,2,4),(1.19983479606471,1.20308648288556,
1.36990197300378,1.3900244039449),.UNSPECIFIED.);
#434=B_SPLINE_CURVE_WITH_KNOTS('',3,(#1830,#1831,#1832,#1833),
 .UNSPECIFIED.,.F.,.F.,(4,4),(3.08812925316793,3.22448389168173),
 .UNSPECIFIED.);
#435=B_SPLINE_CURVE_WITH_KNOTS('',3,(#1848,#1849,#1850,#1851),
 .UNSPECIFIED.,.F.,.F.,(4,4),(2.92085032176401,3.0599509837492),
 .UNSPECIFIED.);
#436=CIRCLE('',#1173,3.3);
#437=CIRCLE('',#1174,33.);
#438=CIRCLE('',#1175,33.);
#439=CIRCLE('',#1178,3.30000000000001);
#440=CIRCLE('',#1180,33.);
#441=CIRCLE('',#1181,33.);
#442=CIRCLE('',#1182,33.);
#443=CIRCLE('',#1183,33.);
#444=CIRCLE('',#1188,38.9999999999999);
#445=CIRCLE('',#1190,33.);
#446=CIRCLE('',#1193,29.0000000000004);
#447=CIRCLE('',#1194,29.0000000000004);
#448=CIRCLE('',#1196,39.);
#449=CIRCLE('',#1198,2.5);
#450=CIRCLE('',#1199,2.5);
#451=CIRCLE('',#1201,48.800801468946);
#452=CIRCLE('',#1204,1.5);
#453=CIRCLE('',#1207,2.5);
#454=CIRCLE('',#1208,2.5);
#455=CIRCLE('',#1210,1.5);
#456=CIRCLE('',#1212,2.50000000000001);
#457=CIRCLE('',#1213,2.50000000000001);
#458=CIRCLE('',#1215,1.50000000000001);
#459=CIRCLE('',#1217,2.5);
#460=CIRCLE('',#1218,2.5);
#461=CIRCLE('',#1220,1.5);
#462=CIRCLE('',#1223,38.9999974848181);
#463=CIRCLE('',#1224,39.);
#464=CIRCLE('',#1227,48.75);
#465=CIRCLE('',#1230,1.5);
#466=CIRCLE('',#1232,1.5);
#467=CIRCLE('',#1234,1.50000000000001);
#468=CIRCLE('',#1236,1.5);
#469=CIRCLE('',#1238,38.999997763383);
#470=CIRCLE('',#1243,29.);
#471=CIRCLE('',#1244,29.);
#472=CIRCLE('',#1249,1.5);
#473=CIRCLE('',#1250,1.5);
#474=CIRCLE('',#1252,1.5);
#475=CIRCLE('',#1253,1.5);
#476=CIRCLE('',#1255,1.50000000000001);
#477=CIRCLE('',#1256,1.50000000000001);
#478=CIRCLE('',#1258,1.5);
#479=CIRCLE('',#1259,1.5);
#480=CIRCLE('',#1261,1.5);
#481=CIRCLE('',#1262,1.5);
#482=CIRCLE('',#1264,48.75);
#483=CIRCLE('',#1267,33.);
#484=CIRCLE('',#1268,1.5);
#485=CIRCLE('',#1269,1.50000035482504);
#486=CIRCLE('',#1271,1.50000035482504);
#487=CIRCLE('',#1274,2.5);
#488=CIRCLE('',#1276,2.5);
#489=CIRCLE('',#1278,2.50000000000001);
#490=CIRCLE('',#1280,2.50000000000001);
#491=CIRCLE('',#1282,1.5);
#492=CIRCLE('',#1284,2.5);
#493=CIRCLE('',#1286,2.5);
#494=CIRCLE('',#1288,2.5);
#495=CIRCLE('',#1290,2.5);
#496=CIRCLE('',#1292,2.5);
#497=CIRCLE('',#1294,2.5);
#498=CIRCLE('',#1296,48.800801468946);
#499=CIRCLE('',#1298,39.);
#500=CIRCLE('',#1301,2.5);
#501=CIRCLE('',#1303,2.5);
#502=VERTEX_POINT('',#1665);
#503=VERTEX_POINT('',#1666);
#504=VERTEX_POINT('',#1668);
#505=VERTEX_POINT('',#1670);
#506=VERTEX_POINT('',#1725);
#507=VERTEX_POINT('',#1727);
#508=VERTEX_POINT('',#1732);
#509=VERTEX_POINT('',#1734);
#510=VERTEX_POINT('',#1741);
#511=VERTEX_POINT('',#1744);
#512=VERTEX_POINT('',#1748);
#513=VERTEX_POINT('',#1750);
#514=VERTEX_POINT('',#1752);
#515=VERTEX_POINT('',#1754);
#516=VERTEX_POINT('',#1756);
#517=VERTEX_POINT('',#1758);
#518=VERTEX_POINT('',#1760);
#519=VERTEX_POINT('',#1762);
#520=VERTEX_POINT('',#1766);
#521=VERTEX_POINT('',#1770);
#522=VERTEX_POINT('',#1774);
#523=VERTEX_POINT('',#1775);
#524=VERTEX_POINT('',#1777);
#525=VERTEX_POINT('',#1779);
#526=VERTEX_POINT('',#1783);
#527=VERTEX_POINT('',#1785);
#528=VERTEX_POINT('',#1790);
#529=VERTEX_POINT('',#1792);
#530=VERTEX_POINT('',#1796);
#531=VERTEX_POINT('',#1805);
#532=VERTEX_POINT('',#1806);
#533=VERTEX_POINT('',#1815);
#534=VERTEX_POINT('',#1817);
#535=VERTEX_POINT('',#1828);
#536=VERTEX_POINT('',#1829);
#537=VERTEX_POINT('',#1839);
#538=VERTEX_POINT('',#1841);
#539=VERTEX_POINT('',#1843);
#540=VERTEX_POINT('',#1845);
#541=VERTEX_POINT('',#1847);
#542=VERTEX_POINT('',#1854);
#543=VERTEX_POINT('',#1857);
#544=VERTEX_POINT('',#1861);
#545=VERTEX_POINT('',#1863);
#546=VERTEX_POINT('',#1867);
#547=VERTEX_POINT('',#1870);
#548=VERTEX_POINT('',#1872);
#549=VERTEX_POINT('',#1876);
#550=VERTEX_POINT('',#1879);
#551=VERTEX_POINT('',#1881);
#552=VERTEX_POINT('',#1885);
#553=VERTEX_POINT('',#1888);
#554=VERTEX_POINT('',#1890);
#555=VERTEX_POINT('',#1894);
#556=VERTEX_POINT('',#1896);
#557=VERTEX_POINT('',#1898);
#558=VERTEX_POINT('',#1900);
#559=VERTEX_POINT('',#1904);
#560=VERTEX_POINT('',#1905);
#561=VERTEX_POINT('',#1912);
#562=VERTEX_POINT('',#1916);
#563=VERTEX_POINT('',#1920);
#564=VERTEX_POINT('',#1924);
#565=VERTEX_POINT('',#1928);
#566=VERTEX_POINT('',#1934);
#567=VERTEX_POINT('',#1936);
#568=VERTEX_POINT('',#1940);
#569=VERTEX_POINT('',#1942);
#570=VERTEX_POINT('',#1946);
#571=VERTEX_POINT('',#1948);
#572=VERTEX_POINT('',#1952);
#573=VERTEX_POINT('',#1957);
#574=VERTEX_POINT('',#1961);
#575=VERTEX_POINT('',#1963);
#576=VERTEX_POINT('',#1967);
#577=VERTEX_POINT('',#1969);
#578=VERTEX_POINT('',#1973);
#579=VERTEX_POINT('',#1975);
#580=VERTEX_POINT('',#1979);
#581=VERTEX_POINT('',#1981);
#582=VERTEX_POINT('',#1985);
#583=VERTEX_POINT('',#1987);
#584=VERTEX_POINT('',#1991);
#585=VERTEX_POINT('',#1993);
#586=VERTEX_POINT('',#1997);
#587=VERTEX_POINT('',#2002);
#588=VERTEX_POINT('',#2004);
#589=VERTEX_POINT('',#2005);
#590=VERTEX_POINT('',#2007);
#591=VERTEX_POINT('',#2011);
#592=VERTEX_POINT('',#2012);
#593=VERTEX_POINT('',#2017);
#594=VERTEX_POINT('',#2021);
#595=VERTEX_POINT('',#2024);
#596=VERTEX_POINT('',#2028);
#597=VERTEX_POINT('',#2031);
#598=VERTEX_POINT('',#2037);
#599=VERTEX_POINT('',#2040);
#600=VERTEX_POINT('',#2043);
#601=VERTEX_POINT('',#2047);
#602=VERTEX_POINT('',#2050);
#603=VERTEX_POINT('',#2054);
#604=VERTEX_POINT('',#2057);
#605=VERTEX_POINT('',#2065);
#606=VERTEX_POINT('',#2070);
#607=EDGE_CURVE('',#502,#503,#436,.T.);
#608=EDGE_CURVE('',#504,#502,#437,.T.);
#609=EDGE_CURVE('',#504,#505,#426,.T.);
#610=EDGE_CURVE('',#503,#505,#438,.T.);
#611=EDGE_CURVE('',#505,#504,#427,.T.);
#612=EDGE_CURVE('',#505,#506,#86,.T.);
#613=EDGE_CURVE('',#507,#506,#428,.T.);
#614=EDGE_CURVE('',#508,#507,#80,.T.);
#615=EDGE_CURVE('',#509,#508,#429,.T.);
#616=EDGE_CURVE('',#506,#509,#439,.T.);
#617=EDGE_CURVE('',#510,#503,#440,.T.);
#618=EDGE_CURVE('',#505,#510,#441,.T.);
#619=EDGE_CURVE('',#511,#504,#442,.T.);
#620=EDGE_CURVE('',#502,#511,#443,.T.);
#621=EDGE_CURVE('',#512,#507,#87,.T.);
#622=EDGE_CURVE('',#513,#512,#88,.T.);
#623=EDGE_CURVE('',#513,#514,#89,.T.);
#624=EDGE_CURVE('',#514,#515,#90,.T.);
#625=EDGE_CURVE('',#515,#516,#81,.T.);
#626=EDGE_CURVE('',#516,#517,#91,.T.);
#627=EDGE_CURVE('',#517,#518,#82,.T.);
#628=EDGE_CURVE('',#519,#518,#92,.T.);
#629=EDGE_CURVE('',#508,#519,#93,.T.);
#630=EDGE_CURVE('',#520,#506,#94,.T.);
#631=EDGE_CURVE('',#520,#513,#444,.T.);
#632=EDGE_CURVE('',#521,#521,#445,.T.);
#633=EDGE_CURVE('',#521,#511,#95,.T.);
#634=EDGE_CURVE('',#522,#523,#96,.T.);
#635=EDGE_CURVE('',#524,#523,#97,.T.);
#636=EDGE_CURVE('',#524,#525,#98,.T.);
#637=EDGE_CURVE('',#522,#525,#99,.T.);
#638=EDGE_CURVE('',#526,#524,#446,.T.);
#639=EDGE_CURVE('',#523,#527,#430,.T.);
#640=EDGE_CURVE('',#528,#527,#100,.T.);
#641=EDGE_CURVE('',#528,#529,#447,.T.);
#642=EDGE_CURVE('',#529,#526,#101,.T.);
#643=EDGE_CURVE('',#530,#525,#448,.T.);
#644=EDGE_CURVE('',#530,#522,#431,.T.);
#645=EDGE_CURVE('',#531,#532,#432,.T.);
#646=EDGE_CURVE('',#532,#533,#449,.T.);
#647=EDGE_CURVE('',#533,#534,#433,.T.);
#648=EDGE_CURVE('',#531,#534,#450,.T.);
#649=EDGE_CURVE('',#535,#536,#434,.T.);
#650=EDGE_CURVE('',#527,#535,#54,.T.);
#651=EDGE_CURVE('',#534,#530,#102,.T.);
#652=EDGE_CURVE('',#532,#533,#103,.T.);
#653=EDGE_CURVE('',#537,#531,#104,.T.);
#654=EDGE_CURVE('',#538,#537,#451,.T.);
#655=EDGE_CURVE('',#539,#538,#105,.T.);
#656=EDGE_CURVE('',#540,#539,#83,.T.);
#657=EDGE_CURVE('',#541,#540,#435,.T.);
#658=EDGE_CURVE('',#536,#541,#106,.T.);
#659=EDGE_CURVE('',#542,#542,#452,.T.);
#660=EDGE_CURVE('',#543,#535,#107,.T.);
#661=EDGE_CURVE('',#543,#528,#108,.T.);
#662=EDGE_CURVE('',#544,#544,#453,.T.);
#663=EDGE_CURVE('',#544,#545,#109,.T.);
#664=EDGE_CURVE('',#545,#545,#454,.T.);
#665=EDGE_CURVE('',#546,#546,#455,.T.);
#666=EDGE_CURVE('',#547,#547,#456,.T.);
#667=EDGE_CURVE('',#547,#548,#110,.T.);
#668=EDGE_CURVE('',#548,#548,#457,.T.);
#669=EDGE_CURVE('',#549,#549,#458,.T.);
#670=EDGE_CURVE('',#550,#550,#459,.T.);
#671=EDGE_CURVE('',#550,#551,#111,.T.);
#672=EDGE_CURVE('',#551,#551,#460,.T.);
#673=EDGE_CURVE('',#552,#552,#461,.T.);
#674=EDGE_CURVE('',#553,#538,#112,.T.);
#675=EDGE_CURVE('',#553,#554,#113,.T.);
#676=EDGE_CURVE('',#554,#539,#114,.T.);
#677=EDGE_CURVE('',#555,#540,#115,.T.);
#678=EDGE_CURVE('',#555,#556,#462,.T.);
#679=EDGE_CURVE('',#556,#557,#463,.T.);
#680=EDGE_CURVE('',#557,#558,#116,.T.);
#681=EDGE_CURVE('',#558,#541,#117,.T.);
#682=EDGE_CURVE('',#559,#560,#118,.T.);
#683=EDGE_CURVE('',#554,#560,#84,.T.);
#684=EDGE_CURVE('',#559,#553,#464,.T.);
#685=EDGE_CURVE('',#560,#555,#119,.T.);
#686=EDGE_CURVE('',#552,#561,#120,.T.);
#687=EDGE_CURVE('',#561,#561,#465,.T.);
#688=EDGE_CURVE('',#542,#562,#121,.T.);
#689=EDGE_CURVE('',#562,#562,#466,.T.);
#690=EDGE_CURVE('',#549,#563,#122,.T.);
#691=EDGE_CURVE('',#563,#563,#467,.T.);
#692=EDGE_CURVE('',#546,#564,#123,.T.);
#693=EDGE_CURVE('',#564,#564,#468,.T.);
#694=EDGE_CURVE('',#565,#536,#124,.T.);
#695=EDGE_CURVE('',#543,#565,#469,.T.);
#696=EDGE_CURVE('',#557,#565,#125,.T.);
#697=EDGE_CURVE('',#529,#566,#126,.T.);
#698=EDGE_CURVE('',#566,#567,#127,.T.);
#699=EDGE_CURVE('',#567,#526,#128,.T.);
#700=EDGE_CURVE('',#568,#567,#129,.T.);
#701=EDGE_CURVE('',#566,#569,#130,.T.);
#702=EDGE_CURVE('',#569,#568,#131,.T.);
#703=EDGE_CURVE('',#570,#568,#470,.T.);
#704=EDGE_CURVE('',#569,#571,#471,.T.);
#705=EDGE_CURVE('',#571,#570,#132,.T.);
#706=EDGE_CURVE('',#509,#572,#133,.T.);
#707=EDGE_CURVE('',#572,#570,#134,.T.);
#708=EDGE_CURVE('',#571,#520,#135,.T.);
#709=EDGE_CURVE('',#573,#515,#85,.T.);
#710=EDGE_CURVE('',#514,#573,#136,.T.);
#711=EDGE_CURVE('',#574,#574,#472,.T.);
#712=EDGE_CURVE('',#574,#575,#137,.T.);
#713=EDGE_CURVE('',#575,#575,#473,.T.);
#714=EDGE_CURVE('',#576,#576,#474,.T.);
#715=EDGE_CURVE('',#576,#577,#138,.T.);
#716=EDGE_CURVE('',#577,#577,#475,.T.);
#717=EDGE_CURVE('',#578,#578,#476,.T.);
#718=EDGE_CURVE('',#578,#579,#139,.T.);
#719=EDGE_CURVE('',#579,#579,#477,.T.);
#720=EDGE_CURVE('',#580,#580,#478,.T.);
#721=EDGE_CURVE('',#580,#581,#140,.T.);
#722=EDGE_CURVE('',#581,#581,#479,.T.);
#723=EDGE_CURVE('',#582,#582,#480,.T.);
#724=EDGE_CURVE('',#582,#583,#141,.T.);
#725=EDGE_CURVE('',#583,#583,#481,.T.);
#726=EDGE_CURVE('',#573,#584,#142,.T.);
#727=EDGE_CURVE('',#585,#584,#482,.T.);
#728=EDGE_CURVE('',#516,#585,#143,.T.);
#729=EDGE_CURVE('',#586,#517,#144,.T.);
#730=EDGE_CURVE('',#585,#586,#145,.T.);
#731=EDGE_CURVE('',#584,#559,#146,.T.);
#732=EDGE_CURVE('',#587,#587,#483,.T.);
#733=EDGE_CURVE('',#588,#589,#484,.T.);
#734=EDGE_CURVE('',#589,#590,#147,.T.);
#735=EDGE_CURVE('',#590,#588,#485,.T.);
#736=EDGE_CURVE('',#591,#592,#486,.T.);
#737=EDGE_CURVE('',#592,#588,#148,.T.);
#738=EDGE_CURVE('',#591,#590,#149,.T.);
#739=EDGE_CURVE('',#593,#591,#150,.T.);
#740=EDGE_CURVE('',#593,#589,#151,.T.);
#741=EDGE_CURVE('',#594,#594,#487,.T.);
#742=EDGE_CURVE('',#595,#595,#488,.T.);
#743=EDGE_CURVE('',#595,#594,#152,.T.);
#744=EDGE_CURVE('',#596,#596,#489,.T.);
#745=EDGE_CURVE('',#597,#597,#490,.T.);
#746=EDGE_CURVE('',#597,#596,#153,.T.);
#747=EDGE_CURVE('',#592,#593,#491,.T.);
#748=EDGE_CURVE('',#598,#598,#492,.T.);
#749=EDGE_CURVE('',#599,#599,#493,.T.);
#750=EDGE_CURVE('',#600,#600,#494,.T.);
#751=EDGE_CURVE('',#600,#599,#154,.T.);
#752=EDGE_CURVE('',#601,#601,#495,.T.);
#753=EDGE_CURVE('',#602,#602,#496,.T.);
#754=EDGE_CURVE('',#602,#601,#155,.T.);
#755=EDGE_CURVE('',#603,#603,#497,.T.);
#756=EDGE_CURVE('',#604,#586,#498,.T.);
#757=EDGE_CURVE('',#518,#604,#156,.T.);
#758=EDGE_CURVE('',#572,#519,#499,.T.);
#759=EDGE_CURVE('',#510,#587,#157,.T.);
#760=EDGE_CURVE('',#605,#605,#500,.T.);
#761=EDGE_CURVE('',#605,#603,#158,.T.);
#762=EDGE_CURVE('',#604,#537,#159,.T.);
#763=EDGE_CURVE('',#606,#606,#501,.T.);
#764=EDGE_CURVE('',#606,#598,#160,.T.);
#765=ORIENTED_EDGE('',*,*,#607,.F.);
#766=ORIENTED_EDGE('',*,*,#608,.F.);
#767=ORIENTED_EDGE('',*,*,#609,.T.);
#768=ORIENTED_EDGE('',*,*,#610,.F.);
#769=ORIENTED_EDGE('',*,*,#609,.F.);
#770=ORIENTED_EDGE('',*,*,#611,.F.);
#771=ORIENTED_EDGE('',*,*,#612,.T.);
#772=ORIENTED_EDGE('',*,*,#613,.F.);
#773=ORIENTED_EDGE('',*,*,#614,.F.);
#774=ORIENTED_EDGE('',*,*,#615,.F.);
#775=ORIENTED_EDGE('',*,*,#616,.F.);
#776=ORIENTED_EDGE('',*,*,#612,.F.);
#777=ORIENTED_EDGE('',*,*,#607,.T.);
#778=ORIENTED_EDGE('',*,*,#617,.F.);
#779=ORIENTED_EDGE('',*,*,#618,.F.);
#780=ORIENTED_EDGE('',*,*,#611,.T.);
#781=ORIENTED_EDGE('',*,*,#619,.F.);
#782=ORIENTED_EDGE('',*,*,#620,.F.);
#783=ORIENTED_EDGE('',*,*,#614,.T.);
#784=ORIENTED_EDGE('',*,*,#621,.F.);
#785=ORIENTED_EDGE('',*,*,#622,.F.);
#786=ORIENTED_EDGE('',*,*,#623,.T.);
#787=ORIENTED_EDGE('',*,*,#624,.T.);
#788=ORIENTED_EDGE('',*,*,#625,.T.);
#789=ORIENTED_EDGE('',*,*,#626,.T.);
#790=ORIENTED_EDGE('',*,*,#627,.T.);
#791=ORIENTED_EDGE('',*,*,#628,.F.);
#792=ORIENTED_EDGE('',*,*,#629,.F.);
#793=ORIENTED_EDGE('',*,*,#613,.T.);
#794=ORIENTED_EDGE('',*,*,#630,.F.);
#795=ORIENTED_EDGE('',*,*,#631,.T.);
#796=ORIENTED_EDGE('',*,*,#622,.T.);
#797=ORIENTED_EDGE('',*,*,#621,.T.);
#798=ORIENTED_EDGE('',*,*,#632,.F.);
#799=ORIENTED_EDGE('',*,*,#633,.T.);
#800=ORIENTED_EDGE('',*,*,#619,.T.);
#801=ORIENTED_EDGE('',*,*,#608,.T.);
#802=ORIENTED_EDGE('',*,*,#620,.T.);
#803=ORIENTED_EDGE('',*,*,#633,.F.);
#804=ORIENTED_EDGE('',*,*,#634,.T.);
#805=ORIENTED_EDGE('',*,*,#635,.F.);
#806=ORIENTED_EDGE('',*,*,#636,.T.);
#807=ORIENTED_EDGE('',*,*,#637,.F.);
#808=ORIENTED_EDGE('',*,*,#638,.T.);
#809=ORIENTED_EDGE('',*,*,#635,.T.);
#810=ORIENTED_EDGE('',*,*,#639,.T.);
#811=ORIENTED_EDGE('',*,*,#640,.F.);
#812=ORIENTED_EDGE('',*,*,#641,.T.);
#813=ORIENTED_EDGE('',*,*,#642,.T.);
#814=ORIENTED_EDGE('',*,*,#637,.T.);
#815=ORIENTED_EDGE('',*,*,#643,.F.);
#816=ORIENTED_EDGE('',*,*,#644,.T.);
#817=ORIENTED_EDGE('',*,*,#645,.T.);
#818=ORIENTED_EDGE('',*,*,#646,.T.);
#819=ORIENTED_EDGE('',*,*,#647,.T.);
#820=ORIENTED_EDGE('',*,*,#648,.F.);
#821=ORIENTED_EDGE('',*,*,#649,.F.);
#822=ORIENTED_EDGE('',*,*,#650,.F.);
#823=ORIENTED_EDGE('',*,*,#639,.F.);
#824=ORIENTED_EDGE('',*,*,#634,.F.);
#825=ORIENTED_EDGE('',*,*,#644,.F.);
#826=ORIENTED_EDGE('',*,*,#651,.F.);
#827=ORIENTED_EDGE('',*,*,#647,.F.);
#828=ORIENTED_EDGE('',*,*,#652,.F.);
#829=ORIENTED_EDGE('',*,*,#645,.F.);
#830=ORIENTED_EDGE('',*,*,#653,.F.);
#831=ORIENTED_EDGE('',*,*,#654,.F.);
#832=ORIENTED_EDGE('',*,*,#655,.F.);
#833=ORIENTED_EDGE('',*,*,#656,.F.);
#834=ORIENTED_EDGE('',*,*,#657,.F.);
#835=ORIENTED_EDGE('',*,*,#658,.F.);
#836=ORIENTED_EDGE('',*,*,#652,.T.);
#837=ORIENTED_EDGE('',*,*,#646,.F.);
#838=ORIENTED_EDGE('',*,*,#659,.F.);
#839=ORIENTED_EDGE('',*,*,#650,.T.);
#840=ORIENTED_EDGE('',*,*,#660,.F.);
#841=ORIENTED_EDGE('',*,*,#661,.T.);
#842=ORIENTED_EDGE('',*,*,#640,.T.);
#843=ORIENTED_EDGE('',*,*,#662,.F.);
#844=ORIENTED_EDGE('',*,*,#663,.T.);
#845=ORIENTED_EDGE('',*,*,#664,.T.);
#846=ORIENTED_EDGE('',*,*,#663,.F.);
#847=ORIENTED_EDGE('',*,*,#664,.F.);
#848=ORIENTED_EDGE('',*,*,#665,.F.);
#849=ORIENTED_EDGE('',*,*,#666,.T.);
#850=ORIENTED_EDGE('',*,*,#667,.T.);
#851=ORIENTED_EDGE('',*,*,#668,.T.);
#852=ORIENTED_EDGE('',*,*,#667,.F.);
#853=ORIENTED_EDGE('',*,*,#668,.F.);
#854=ORIENTED_EDGE('',*,*,#669,.F.);
#855=ORIENTED_EDGE('',*,*,#670,.T.);
#856=ORIENTED_EDGE('',*,*,#671,.T.);
#857=ORIENTED_EDGE('',*,*,#672,.T.);
#858=ORIENTED_EDGE('',*,*,#671,.F.);
#859=ORIENTED_EDGE('',*,*,#672,.F.);
#860=ORIENTED_EDGE('',*,*,#673,.F.);
#861=ORIENTED_EDGE('',*,*,#655,.T.);
#862=ORIENTED_EDGE('',*,*,#674,.F.);
#863=ORIENTED_EDGE('',*,*,#675,.T.);
#864=ORIENTED_EDGE('',*,*,#676,.T.);
#865=ORIENTED_EDGE('',*,*,#657,.T.);
#866=ORIENTED_EDGE('',*,*,#677,.F.);
#867=ORIENTED_EDGE('',*,*,#678,.T.);
#868=ORIENTED_EDGE('',*,*,#679,.T.);
#869=ORIENTED_EDGE('',*,*,#680,.T.);
#870=ORIENTED_EDGE('',*,*,#681,.T.);
#871=ORIENTED_EDGE('',*,*,#682,.T.);
#872=ORIENTED_EDGE('',*,*,#683,.F.);
#873=ORIENTED_EDGE('',*,*,#675,.F.);
#874=ORIENTED_EDGE('',*,*,#684,.F.);
#875=ORIENTED_EDGE('',*,*,#656,.T.);
#876=ORIENTED_EDGE('',*,*,#676,.F.);
#877=ORIENTED_EDGE('',*,*,#683,.T.);
#878=ORIENTED_EDGE('',*,*,#685,.T.);
#879=ORIENTED_EDGE('',*,*,#677,.T.);
#880=ORIENTED_EDGE('',*,*,#673,.T.);
#881=ORIENTED_EDGE('',*,*,#686,.T.);
#882=ORIENTED_EDGE('',*,*,#687,.F.);
#883=ORIENTED_EDGE('',*,*,#686,.F.);
#884=ORIENTED_EDGE('',*,*,#659,.T.);
#885=ORIENTED_EDGE('',*,*,#688,.T.);
#886=ORIENTED_EDGE('',*,*,#689,.F.);
#887=ORIENTED_EDGE('',*,*,#688,.F.);
#888=ORIENTED_EDGE('',*,*,#669,.T.);
#889=ORIENTED_EDGE('',*,*,#690,.T.);
#890=ORIENTED_EDGE('',*,*,#691,.F.);
#891=ORIENTED_EDGE('',*,*,#690,.F.);
#892=ORIENTED_EDGE('',*,*,#665,.T.);
#893=ORIENTED_EDGE('',*,*,#692,.T.);
#894=ORIENTED_EDGE('',*,*,#693,.F.);
#895=ORIENTED_EDGE('',*,*,#692,.F.);
#896=ORIENTED_EDGE('',*,*,#649,.T.);
#897=ORIENTED_EDGE('',*,*,#694,.F.);
#898=ORIENTED_EDGE('',*,*,#695,.F.);
#899=ORIENTED_EDGE('',*,*,#660,.T.);
#900=ORIENTED_EDGE('',*,*,#658,.T.);
#901=ORIENTED_EDGE('',*,*,#681,.F.);
#902=ORIENTED_EDGE('',*,*,#680,.F.);
#903=ORIENTED_EDGE('',*,*,#696,.T.);
#904=ORIENTED_EDGE('',*,*,#694,.T.);
#905=ORIENTED_EDGE('',*,*,#697,.T.);
#906=ORIENTED_EDGE('',*,*,#698,.T.);
#907=ORIENTED_EDGE('',*,*,#699,.T.);
#908=ORIENTED_EDGE('',*,*,#642,.F.);
#909=ORIENTED_EDGE('',*,*,#700,.T.);
#910=ORIENTED_EDGE('',*,*,#698,.F.);
#911=ORIENTED_EDGE('',*,*,#701,.T.);
#912=ORIENTED_EDGE('',*,*,#702,.T.);
#913=ORIENTED_EDGE('',*,*,#703,.T.);
#914=ORIENTED_EDGE('',*,*,#702,.F.);
#915=ORIENTED_EDGE('',*,*,#704,.T.);
#916=ORIENTED_EDGE('',*,*,#705,.T.);
#917=ORIENTED_EDGE('',*,*,#616,.T.);
#918=ORIENTED_EDGE('',*,*,#706,.T.);
#919=ORIENTED_EDGE('',*,*,#707,.T.);
#920=ORIENTED_EDGE('',*,*,#705,.F.);
#921=ORIENTED_EDGE('',*,*,#708,.T.);
#922=ORIENTED_EDGE('',*,*,#630,.T.);
#923=ORIENTED_EDGE('',*,*,#709,.T.);
#924=ORIENTED_EDGE('',*,*,#624,.F.);
#925=ORIENTED_EDGE('',*,*,#710,.T.);
#926=ORIENTED_EDGE('',*,*,#711,.T.);
#927=ORIENTED_EDGE('',*,*,#712,.T.);
#928=ORIENTED_EDGE('',*,*,#713,.F.);
#929=ORIENTED_EDGE('',*,*,#712,.F.);
#930=ORIENTED_EDGE('',*,*,#714,.T.);
#931=ORIENTED_EDGE('',*,*,#715,.T.);
#932=ORIENTED_EDGE('',*,*,#716,.F.);
#933=ORIENTED_EDGE('',*,*,#715,.F.);
#934=ORIENTED_EDGE('',*,*,#717,.T.);
#935=ORIENTED_EDGE('',*,*,#718,.T.);
#936=ORIENTED_EDGE('',*,*,#719,.F.);
#937=ORIENTED_EDGE('',*,*,#718,.F.);
#938=ORIENTED_EDGE('',*,*,#720,.T.);
#939=ORIENTED_EDGE('',*,*,#721,.T.);
#940=ORIENTED_EDGE('',*,*,#722,.F.);
#941=ORIENTED_EDGE('',*,*,#721,.F.);
#942=ORIENTED_EDGE('',*,*,#723,.T.);
#943=ORIENTED_EDGE('',*,*,#724,.T.);
#944=ORIENTED_EDGE('',*,*,#725,.F.);
#945=ORIENTED_EDGE('',*,*,#724,.F.);
#946=ORIENTED_EDGE('',*,*,#726,.T.);
#947=ORIENTED_EDGE('',*,*,#727,.F.);
#948=ORIENTED_EDGE('',*,*,#728,.F.);
#949=ORIENTED_EDGE('',*,*,#625,.F.);
#950=ORIENTED_EDGE('',*,*,#709,.F.);
#951=ORIENTED_EDGE('',*,*,#729,.T.);
#952=ORIENTED_EDGE('',*,*,#626,.F.);
#953=ORIENTED_EDGE('',*,*,#728,.T.);
#954=ORIENTED_EDGE('',*,*,#730,.T.);
#955=ORIENTED_EDGE('',*,*,#731,.F.);
#956=ORIENTED_EDGE('',*,*,#726,.F.);
#957=ORIENTED_EDGE('',*,*,#710,.F.);
#958=ORIENTED_EDGE('',*,*,#623,.F.);
#959=ORIENTED_EDGE('',*,*,#631,.F.);
#960=ORIENTED_EDGE('',*,*,#708,.F.);
#961=ORIENTED_EDGE('',*,*,#704,.F.);
#962=ORIENTED_EDGE('',*,*,#701,.F.);
#963=ORIENTED_EDGE('',*,*,#697,.F.);
#964=ORIENTED_EDGE('',*,*,#641,.F.);
#965=ORIENTED_EDGE('',*,*,#661,.F.);
#966=ORIENTED_EDGE('',*,*,#695,.T.);
#967=ORIENTED_EDGE('',*,*,#696,.F.);
#968=ORIENTED_EDGE('',*,*,#679,.F.);
#969=ORIENTED_EDGE('',*,*,#678,.F.);
#970=ORIENTED_EDGE('',*,*,#685,.F.);
#971=ORIENTED_EDGE('',*,*,#682,.F.);
#972=ORIENTED_EDGE('',*,*,#732,.T.);
#973=ORIENTED_EDGE('',*,*,#733,.T.);
#974=ORIENTED_EDGE('',*,*,#734,.T.);
#975=ORIENTED_EDGE('',*,*,#735,.T.);
#976=ORIENTED_EDGE('',*,*,#693,.T.);
#977=ORIENTED_EDGE('',*,*,#691,.T.);
#978=ORIENTED_EDGE('',*,*,#689,.T.);
#979=ORIENTED_EDGE('',*,*,#687,.T.);
#980=ORIENTED_EDGE('',*,*,#725,.T.);
#981=ORIENTED_EDGE('',*,*,#713,.T.);
#982=ORIENTED_EDGE('',*,*,#716,.T.);
#983=ORIENTED_EDGE('',*,*,#719,.T.);
#984=ORIENTED_EDGE('',*,*,#722,.T.);
#985=ORIENTED_EDGE('',*,*,#736,.T.);
#986=ORIENTED_EDGE('',*,*,#737,.T.);
#987=ORIENTED_EDGE('',*,*,#735,.F.);
#988=ORIENTED_EDGE('',*,*,#738,.F.);
#989=ORIENTED_EDGE('',*,*,#739,.T.);
#990=ORIENTED_EDGE('',*,*,#738,.T.);
#991=ORIENTED_EDGE('',*,*,#734,.F.);
#992=ORIENTED_EDGE('',*,*,#740,.F.);
#993=ORIENTED_EDGE('',*,*,#741,.F.);
#994=ORIENTED_EDGE('',*,*,#720,.F.);
#995=ORIENTED_EDGE('',*,*,#742,.T.);
#996=ORIENTED_EDGE('',*,*,#743,.T.);
#997=ORIENTED_EDGE('',*,*,#741,.T.);
#998=ORIENTED_EDGE('',*,*,#743,.F.);
#999=ORIENTED_EDGE('',*,*,#744,.F.);
#1000=ORIENTED_EDGE('',*,*,#717,.F.);
#1001=ORIENTED_EDGE('',*,*,#745,.T.);
#1002=ORIENTED_EDGE('',*,*,#746,.T.);
#1003=ORIENTED_EDGE('',*,*,#744,.T.);
#1004=ORIENTED_EDGE('',*,*,#746,.F.);
#1005=ORIENTED_EDGE('',*,*,#733,.F.);
#1006=ORIENTED_EDGE('',*,*,#737,.F.);
#1007=ORIENTED_EDGE('',*,*,#747,.T.);
#1008=ORIENTED_EDGE('',*,*,#740,.T.);
#1009=ORIENTED_EDGE('',*,*,#748,.F.);
#1010=ORIENTED_EDGE('',*,*,#747,.F.);
#1011=ORIENTED_EDGE('',*,*,#736,.F.);
#1012=ORIENTED_EDGE('',*,*,#739,.F.);
#1013=ORIENTED_EDGE('',*,*,#749,.F.);
#1014=ORIENTED_EDGE('',*,*,#711,.F.);
#1015=ORIENTED_EDGE('',*,*,#750,.F.);
#1016=ORIENTED_EDGE('',*,*,#751,.T.);
#1017=ORIENTED_EDGE('',*,*,#749,.T.);
#1018=ORIENTED_EDGE('',*,*,#751,.F.);
#1019=ORIENTED_EDGE('',*,*,#752,.F.);
#1020=ORIENTED_EDGE('',*,*,#714,.F.);
#1021=ORIENTED_EDGE('',*,*,#753,.F.);
#1022=ORIENTED_EDGE('',*,*,#754,.T.);
#1023=ORIENTED_EDGE('',*,*,#752,.T.);
#1024=ORIENTED_EDGE('',*,*,#754,.F.);
#1025=ORIENTED_EDGE('',*,*,#755,.F.);
#1026=ORIENTED_EDGE('',*,*,#723,.F.);
#1027=ORIENTED_EDGE('',*,*,#729,.F.);
#1028=ORIENTED_EDGE('',*,*,#756,.F.);
#1029=ORIENTED_EDGE('',*,*,#757,.F.);
#1030=ORIENTED_EDGE('',*,*,#627,.F.);
#1031=ORIENTED_EDGE('',*,*,#615,.T.);
#1032=ORIENTED_EDGE('',*,*,#629,.T.);
#1033=ORIENTED_EDGE('',*,*,#758,.F.);
#1034=ORIENTED_EDGE('',*,*,#706,.F.);
#1035=ORIENTED_EDGE('',*,*,#618,.T.);
#1036=ORIENTED_EDGE('',*,*,#759,.T.);
#1037=ORIENTED_EDGE('',*,*,#732,.F.);
#1038=ORIENTED_EDGE('',*,*,#759,.F.);
#1039=ORIENTED_EDGE('',*,*,#617,.T.);
#1040=ORIENTED_EDGE('',*,*,#610,.T.);
#1041=ORIENTED_EDGE('',*,*,#760,.F.);
#1042=ORIENTED_EDGE('',*,*,#761,.T.);
#1043=ORIENTED_EDGE('',*,*,#755,.T.);
#1044=ORIENTED_EDGE('',*,*,#761,.F.);
#1045=ORIENTED_EDGE('',*,*,#762,.T.);
#1046=ORIENTED_EDGE('',*,*,#653,.T.);
#1047=ORIENTED_EDGE('',*,*,#648,.T.);
#1048=ORIENTED_EDGE('',*,*,#651,.T.);
#1049=ORIENTED_EDGE('',*,*,#643,.T.);
#1050=ORIENTED_EDGE('',*,*,#636,.F.);
#1051=ORIENTED_EDGE('',*,*,#638,.F.);
#1052=ORIENTED_EDGE('',*,*,#699,.F.);
#1053=ORIENTED_EDGE('',*,*,#700,.F.);
#1054=ORIENTED_EDGE('',*,*,#703,.F.);
#1055=ORIENTED_EDGE('',*,*,#707,.F.);
#1056=ORIENTED_EDGE('',*,*,#758,.T.);
#1057=ORIENTED_EDGE('',*,*,#628,.T.);
#1058=ORIENTED_EDGE('',*,*,#757,.T.);
#1059=ORIENTED_EDGE('',*,*,#760,.T.);
#1060=ORIENTED_EDGE('',*,*,#763,.F.);
#1061=ORIENTED_EDGE('',*,*,#662,.T.);
#1062=ORIENTED_EDGE('',*,*,#666,.F.);
#1063=ORIENTED_EDGE('',*,*,#670,.F.);
#1064=ORIENTED_EDGE('',*,*,#750,.T.);
#1065=ORIENTED_EDGE('',*,*,#753,.T.);
#1066=ORIENTED_EDGE('',*,*,#632,.T.);
#1067=ORIENTED_EDGE('',*,*,#745,.F.);
#1068=ORIENTED_EDGE('',*,*,#742,.F.);
#1069=ORIENTED_EDGE('',*,*,#763,.T.);
#1070=ORIENTED_EDGE('',*,*,#764,.T.);
#1071=ORIENTED_EDGE('',*,*,#748,.T.);
#1072=ORIENTED_EDGE('',*,*,#764,.F.);
#1073=ORIENTED_EDGE('',*,*,#762,.F.);
#1074=ORIENTED_EDGE('',*,*,#756,.T.);
#1075=ORIENTED_EDGE('',*,*,#730,.F.);
#1076=ORIENTED_EDGE('',*,*,#727,.T.);
#1077=ORIENTED_EDGE('',*,*,#731,.T.);
#1078=ORIENTED_EDGE('',*,*,#684,.T.);
#1079=ORIENTED_EDGE('',*,*,#674,.T.);
#1080=ORIENTED_EDGE('',*,*,#654,.T.);
#1081=TOROIDAL_SURFACE('',#1172,33.,3.3);
#1082=TOROIDAL_SURFACE('',#1179,33.,3.3);
#1083=ADVANCED_FACE('',(#271),#1081,.F.);
#1084=ADVANCED_FACE('',(#272),#236,.F.);
#1085=ADVANCED_FACE('',(#273),#1082,.F.);
#1086=ADVANCED_FACE('',(#274),#55,.T.);
#1087=ADVANCED_FACE('',(#275),#237,.T.);
#1088=ADVANCED_FACE('',(#276),#238,.F.);
#1089=ADVANCED_FACE('',(#277),#56,.F.);
#1090=ADVANCED_FACE('',(#278),#239,.T.);
#1091=ADVANCED_FACE('',(#279),#240,.F.);
#1092=ADVANCED_FACE('',(#280),#241,.F.);
#1093=ADVANCED_FACE('',(#281),#242,.T.);
#1094=ADVANCED_FACE('',(#282,#23),#57,.T.);
#1095=ADVANCED_FACE('',(#283),#58,.T.);
#1096=ADVANCED_FACE('',(#284),#243,.F.);
#1097=ADVANCED_FACE('',(#285,#24),#59,.T.);
#1098=ADVANCED_FACE('',(#286),#244,.F.);
#1099=ADVANCED_FACE('',(#287,#25),#60,.T.);
#1100=ADVANCED_FACE('',(#288),#245,.F.);
#1101=ADVANCED_FACE('',(#289,#26),#61,.T.);
#1102=ADVANCED_FACE('',(#290),#62,.T.);
#1103=ADVANCED_FACE('',(#291),#246,.T.);
#1104=ADVANCED_FACE('',(#292),#247,.T.);
#1105=ADVANCED_FACE('',(#293),#63,.T.);
#1106=ADVANCED_FACE('',(#294),#248,.F.);
#1107=ADVANCED_FACE('',(#295),#249,.F.);
#1108=ADVANCED_FACE('',(#296),#250,.F.);
#1109=ADVANCED_FACE('',(#297),#251,.F.);
#1110=ADVANCED_FACE('',(#298),#252,.F.);
#1111=ADVANCED_FACE('',(#299),#64,.T.);
#1112=ADVANCED_FACE('',(#300),#65,.T.);
#1113=ADVANCED_FACE('',(#301),#66,.T.);
#1114=ADVANCED_FACE('',(#302),#253,.T.);
#1115=ADVANCED_FACE('',(#303),#67,.T.);
#1116=ADVANCED_FACE('',(#304),#68,.T.);
#1117=ADVANCED_FACE('',(#305),#254,.F.);
#1118=ADVANCED_FACE('',(#306),#255,.F.);
#1119=ADVANCED_FACE('',(#307),#256,.F.);
#1120=ADVANCED_FACE('',(#308),#257,.F.);
#1121=ADVANCED_FACE('',(#309),#258,.F.);
#1122=ADVANCED_FACE('',(#310),#259,.T.);
#1123=ADVANCED_FACE('',(#311),#69,.T.);
#1124=ADVANCED_FACE('',(#312,#27,#28,#29,#30,#31,#32,#33,#34,#35,#36,#37),
#70,.F.);
#1125=ADVANCED_FACE('',(#313),#260,.F.);
#1126=ADVANCED_FACE('',(#314),#71,.F.);
#1127=ADVANCED_FACE('',(#315,#38),#72,.T.);
#1128=ADVANCED_FACE('',(#316),#261,.F.);
#1129=ADVANCED_FACE('',(#317,#39),#73,.T.);
#1130=ADVANCED_FACE('',(#318),#262,.F.);
#1131=ADVANCED_FACE('',(#319),#263,.F.);
#1132=ADVANCED_FACE('',(#320,#40),#74,.T.);
#1133=ADVANCED_FACE('',(#321,#41),#75,.T.);
#1134=ADVANCED_FACE('',(#322),#264,.F.);
#1135=ADVANCED_FACE('',(#323,#42),#76,.T.);
#1136=ADVANCED_FACE('',(#324),#265,.F.);
#1137=ADVANCED_FACE('',(#325,#43),#77,.T.);
#1138=ADVANCED_FACE('',(#326),#266,.T.);
#1139=ADVANCED_FACE('',(#327),#267,.T.);
#1140=ADVANCED_FACE('',(#328),#268,.F.);
#1141=ADVANCED_FACE('',(#329),#269,.F.);
#1142=ADVANCED_FACE('',(#330,#44,#45,#46,#47,#48,#49,#50,#51,#52,#53),#78,
 .T.);
#1143=ADVANCED_FACE('',(#331),#270,.F.);
#1144=ADVANCED_FACE('',(#332),#79,.T.);
#1145=CLOSED_SHELL('',(#1083,#1084,#1085,#1086,#1087,#1088,#1089,#1090,
#1091,#1092,#1093,#1094,#1095,#1096,#1097,#1098,#1099,#1100,#1101,#1102,
#1103,#1104,#1105,#1106,#1107,#1108,#1109,#1110,#1111,#1112,#1113,#1114,
#1115,#1116,#1117,#1118,#1119,#1120,#1121,#1122,#1123,#1124,#1125,#1126,
#1127,#1128,#1129,#1130,#1131,#1132,#1133,#1134,#1135,#1136,#1137,#1138,
#1139,#1140,#1141,#1142,#1143,#1144));
#1146=DERIVED_UNIT_ELEMENT(#1150,1.);
#1147=DERIVED_UNIT_ELEMENT(#2086,-3.);
#1148=DERIVED_UNIT_ELEMENT(#1150,1.);
#1149=DERIVED_UNIT_ELEMENT(#2086,-3.);
#1150=(
MASS_UNIT()
NAMED_UNIT(*)
SI_UNIT(.KILO.,.GRAM.)
);
#1151=DERIVED_UNIT((#1146,#1147));
#1152=DERIVED_UNIT((#1148,#1149));
#1153=MEASURE_REPRESENTATION_ITEM('density measure',
POSITIVE_RATIO_MEASURE(7850.),#1151);
#1154=MEASURE_REPRESENTATION_ITEM('density measure',
POSITIVE_RATIO_MEASURE(7850.),#1152);
#1155=PROPERTY_DEFINITION_REPRESENTATION(#1165,#1159);
#1156=PROPERTY_DEFINITION_REPRESENTATION(#1166,#1160);
#1157=PROPERTY_DEFINITION_REPRESENTATION(#1167,#1161);
#1158=PROPERTY_DEFINITION_REPRESENTATION(#1168,#1162);
#1159=REPRESENTATION('material name',(#1163),#2082);
#1160=REPRESENTATION('density',(#1153),#2082);
#1161=REPRESENTATION('material name',(#1164),#2083);
#1162=REPRESENTATION('density',(#1154),#2083);
#1163=DESCRIPTIVE_REPRESENTATION_ITEM('Steel','Steel');
#1164=DESCRIPTIVE_REPRESENTATION_ITEM('Steel','Steel');
#1165=PROPERTY_DEFINITION('material property','material name',#2102);
#1166=PROPERTY_DEFINITION('material property','density of part',#2102);
#1167=PROPERTY_DEFINITION('material property','material name',#2103);
#1168=PROPERTY_DEFINITION('material property','density of part',#2103);
#1169=AXIS2_PLACEMENT_3D('',#1661,#1308,#1309);
#1170=AXIS2_PLACEMENT_3D('',#1662,#1310,#1311);
#1171=AXIS2_PLACEMENT_3D('',#1663,#1312,#1313);
#1172=AXIS2_PLACEMENT_3D('',#1664,#1314,#1315);
#1173=AXIS2_PLACEMENT_3D('',#1667,#1316,#1317);
#1174=AXIS2_PLACEMENT_3D('',#1669,#1318,#1319);
#1175=AXIS2_PLACEMENT_3D('',#1697,#1320,#1321);
#1176=AXIS2_PLACEMENT_3D('',#1698,#1322,#1323);
#1177=AXIS2_PLACEMENT_3D('',#1733,#1325,#1326);
#1178=AXIS2_PLACEMENT_3D('',#1739,#1327,#1328);
#1179=AXIS2_PLACEMENT_3D('',#1740,#1329,#1330);
#1180=AXIS2_PLACEMENT_3D('',#1742,#1331,#1332);
#1181=AXIS2_PLACEMENT_3D('',#1743,#1333,#1334);
#1182=AXIS2_PLACEMENT_3D('',#1745,#1335,#1336);
#1183=AXIS2_PLACEMENT_3D('',#1746,#1337,#1338);
#1184=AXIS2_PLACEMENT_3D('',#1747,#1339,#1340);
#1185=AXIS2_PLACEMENT_3D('',#1757,#1345,#1346);
#1186=AXIS2_PLACEMENT_3D('',#1761,#1348,#1349);
#1187=AXIS2_PLACEMENT_3D('',#1765,#1352,#1353);
#1188=AXIS2_PLACEMENT_3D('',#1768,#1355,#1356);
#1189=AXIS2_PLACEMENT_3D('',#1769,#1357,#1358);
#1190=AXIS2_PLACEMENT_3D('',#1771,#1359,#1360);
#1191=AXIS2_PLACEMENT_3D('',#1773,#1362,#1363);
#1192=AXIS2_PLACEMENT_3D('',#1782,#1368,#1369);
#1193=AXIS2_PLACEMENT_3D('',#1784,#1370,#1371);
#1194=AXIS2_PLACEMENT_3D('',#1793,#1373,#1374);
#1195=AXIS2_PLACEMENT_3D('',#1795,#1376,#1377);
#1196=AXIS2_PLACEMENT_3D('',#1797,#1378,#1379);
#1197=AXIS2_PLACEMENT_3D('',#1804,#1380,#1381);
#1198=AXIS2_PLACEMENT_3D('',#1816,#1382,#1383);
#1199=AXIS2_PLACEMENT_3D('',#1826,#1384,#1385);
#1200=AXIS2_PLACEMENT_3D('',#1827,#1386,#1387);
#1201=AXIS2_PLACEMENT_3D('',#1842,#1391,#1392);
#1202=AXIS2_PLACEMENT_3D('',#1846,#1394,#1395);
#1203=AXIS2_PLACEMENT_3D('',#1853,#1397,#1398);
#1204=AXIS2_PLACEMENT_3D('',#1855,#1399,#1400);
#1205=AXIS2_PLACEMENT_3D('',#1856,#1401,#1402);
#1206=AXIS2_PLACEMENT_3D('',#1860,#1405,#1406);
#1207=AXIS2_PLACEMENT_3D('',#1862,#1407,#1408);
#1208=AXIS2_PLACEMENT_3D('',#1865,#1410,#1411);
#1209=AXIS2_PLACEMENT_3D('',#1866,#1412,#1413);
#1210=AXIS2_PLACEMENT_3D('',#1868,#1414,#1415);
#1211=AXIS2_PLACEMENT_3D('',#1869,#1416,#1417);
#1212=AXIS2_PLACEMENT_3D('',#1871,#1418,#1419);
#1213=AXIS2_PLACEMENT_3D('',#1874,#1421,#1422);
#1214=AXIS2_PLACEMENT_3D('',#1875,#1423,#1424);
#1215=AXIS2_PLACEMENT_3D('',#1877,#1425,#1426);
#1216=AXIS2_PLACEMENT_3D('',#1878,#1427,#1428);
#1217=AXIS2_PLACEMENT_3D('',#1880,#1429,#1430);
#1218=AXIS2_PLACEMENT_3D('',#1883,#1432,#1433);
#1219=AXIS2_PLACEMENT_3D('',#1884,#1434,#1435);
#1220=AXIS2_PLACEMENT_3D('',#1886,#1436,#1437);
#1221=AXIS2_PLACEMENT_3D('',#1887,#1438,#1439);
#1222=AXIS2_PLACEMENT_3D('',#1893,#1443,#1444);
#1223=AXIS2_PLACEMENT_3D('',#1897,#1446,#1447);
#1224=AXIS2_PLACEMENT_3D('',#1899,#1448,#1449);
#1225=AXIS2_PLACEMENT_3D('',#1903,#1452,#1453);
#1226=AXIS2_PLACEMENT_3D('',#1907,#1455,#1456);
#1227=AXIS2_PLACEMENT_3D('',#1908,#1457,#1458);
#1228=AXIS2_PLACEMENT_3D('',#1909,#1459,#1460);
#1229=AXIS2_PLACEMENT_3D('',#1911,#1462,#1463);
#1230=AXIS2_PLACEMENT_3D('',#1914,#1465,#1466);
#1231=AXIS2_PLACEMENT_3D('',#1915,#1467,#1468);
#1232=AXIS2_PLACEMENT_3D('',#1918,#1470,#1471);
#1233=AXIS2_PLACEMENT_3D('',#1919,#1472,#1473);
#1234=AXIS2_PLACEMENT_3D('',#1922,#1475,#1476);
#1235=AXIS2_PLACEMENT_3D('',#1923,#1477,#1478);
#1236=AXIS2_PLACEMENT_3D('',#1926,#1480,#1481);
#1237=AXIS2_PLACEMENT_3D('',#1927,#1482,#1483);
#1238=AXIS2_PLACEMENT_3D('',#1930,#1485,#1486);
#1239=AXIS2_PLACEMENT_3D('',#1931,#1487,#1488);
#1240=AXIS2_PLACEMENT_3D('',#1933,#1490,#1491);
#1241=AXIS2_PLACEMENT_3D('',#1939,#1495,#1496);
#1242=AXIS2_PLACEMENT_3D('',#1945,#1500,#1501);
#1243=AXIS2_PLACEMENT_3D('',#1947,#1502,#1503);
#1244=AXIS2_PLACEMENT_3D('',#1949,#1504,#1505);
#1245=AXIS2_PLACEMENT_3D('',#1951,#1507,#1508);
#1246=AXIS2_PLACEMENT_3D('',#1956,#1512,#1513);
#1247=AXIS2_PLACEMENT_3D('',#1958,#1514,#1515);
#1248=AXIS2_PLACEMENT_3D('',#1960,#1517,#1518);
#1249=AXIS2_PLACEMENT_3D('',#1962,#1519,#1520);
#1250=AXIS2_PLACEMENT_3D('',#1965,#1522,#1523);
#1251=AXIS2_PLACEMENT_3D('',#1966,#1524,#1525);
#1252=AXIS2_PLACEMENT_3D('',#1968,#1526,#1527);
#1253=AXIS2_PLACEMENT_3D('',#1971,#1529,#1530);
#1254=AXIS2_PLACEMENT_3D('',#1972,#1531,#1532);
#1255=AXIS2_PLACEMENT_3D('',#1974,#1533,#1534);
#1256=AXIS2_PLACEMENT_3D('',#1977,#1536,#1537);
#1257=AXIS2_PLACEMENT_3D('',#1978,#1538,#1539);
#1258=AXIS2_PLACEMENT_3D('',#1980,#1540,#1541);
#1259=AXIS2_PLACEMENT_3D('',#1983,#1543,#1544);
#1260=AXIS2_PLACEMENT_3D('',#1984,#1545,#1546);
#1261=AXIS2_PLACEMENT_3D('',#1986,#1547,#1548);
#1262=AXIS2_PLACEMENT_3D('',#1989,#1550,#1551);
#1263=AXIS2_PLACEMENT_3D('',#1990,#1552,#1553);
#1264=AXIS2_PLACEMENT_3D('',#1994,#1555,#1556);
#1265=AXIS2_PLACEMENT_3D('',#1996,#1558,#1559);
#1266=AXIS2_PLACEMENT_3D('',#2000,#1562,#1563);
#1267=AXIS2_PLACEMENT_3D('',#2003,#1565,#1566);
#1268=AXIS2_PLACEMENT_3D('',#2006,#1567,#1568);
#1269=AXIS2_PLACEMENT_3D('',#2009,#1570,#1571);
#1270=AXIS2_PLACEMENT_3D('',#2010,#1572,#1573);
#1271=AXIS2_PLACEMENT_3D('',#2013,#1574,#1575);
#1272=AXIS2_PLACEMENT_3D('',#2016,#1578,#1579);
#1273=AXIS2_PLACEMENT_3D('',#2020,#1582,#1583);
#1274=AXIS2_PLACEMENT_3D('',#2022,#1584,#1585);
#1275=AXIS2_PLACEMENT_3D('',#2023,#1586,#1587);
#1276=AXIS2_PLACEMENT_3D('',#2025,#1588,#1589);
#1277=AXIS2_PLACEMENT_3D('',#2027,#1591,#1592);
#1278=AXIS2_PLACEMENT_3D('',#2029,#1593,#1594);
#1279=AXIS2_PLACEMENT_3D('',#2030,#1595,#1596);
#1280=AXIS2_PLACEMENT_3D('',#2032,#1597,#1598);
#1281=AXIS2_PLACEMENT_3D('',#2034,#1600,#1601);
#1282=AXIS2_PLACEMENT_3D('',#2035,#1602,#1603);
#1283=AXIS2_PLACEMENT_3D('',#2036,#1604,#1605);
#1284=AXIS2_PLACEMENT_3D('',#2038,#1606,#1607);
#1285=AXIS2_PLACEMENT_3D('',#2039,#1608,#1609);
#1286=AXIS2_PLACEMENT_3D('',#2041,#1610,#1611);
#1287=AXIS2_PLACEMENT_3D('',#2042,#1612,#1613);
#1288=AXIS2_PLACEMENT_3D('',#2044,#1614,#1615);
#1289=AXIS2_PLACEMENT_3D('',#2046,#1617,#1618);
#1290=AXIS2_PLACEMENT_3D('',#2048,#1619,#1620);
#1291=AXIS2_PLACEMENT_3D('',#2049,#1621,#1622);
#1292=AXIS2_PLACEMENT_3D('',#2051,#1623,#1624);
#1293=AXIS2_PLACEMENT_3D('',#2053,#1626,#1627);
#1294=AXIS2_PLACEMENT_3D('',#2055,#1628,#1629);
#1295=AXIS2_PLACEMENT_3D('',#2056,#1630,#1631);
#1296=AXIS2_PLACEMENT_3D('',#2058,#1632,#1633);
#1297=AXIS2_PLACEMENT_3D('',#2060,#1635,#1636);
#1298=AXIS2_PLACEMENT_3D('',#2061,#1637,#1638);
#1299=AXIS2_PLACEMENT_3D('',#2062,#1639,#1640);
#1300=AXIS2_PLACEMENT_3D('',#2064,#1642,#1643);
#1301=AXIS2_PLACEMENT_3D('',#2066,#1644,#1645);
#1302=AXIS2_PLACEMENT_3D('',#2068,#1647,#1648);
#1303=AXIS2_PLACEMENT_3D('',#2071,#1650,#1651);
#1304=AXIS2_PLACEMENT_3D('',#2072,#1652,#1653);
#1305=AXIS2_PLACEMENT_3D('',#2074,#1655,#1656);
#1306=AXIS2_PLACEMENT_3D('',#2075,#1657,#1658);
#1307=AXIS2_PLACEMENT_3D('',#2076,#1659,#1660);
#1308=DIRECTION('axis',(0.,0.,1.));
#1309=DIRECTION('refdir',(1.,0.,0.));
#1310=DIRECTION('axis',(0.,0.,1.));
#1311=DIRECTION('refdir',(1.,0.,0.));
#1312=DIRECTION('axis',(0.,0.,1.));
#1313=DIRECTION('refdir',(1.,0.,0.));
#1314=DIRECTION('center_axis',(1.,0.,0.));
#1315=DIRECTION('ref_axis',(0.,0.,-1.));
#1316=DIRECTION('center_axis',(0.,1.,1.2245809661682E-16));
#1317=DIRECTION('ref_axis',(0.,-1.2245809661682E-16,1.));
#1318=DIRECTION('center_axis',(1.,-3.41393580072236E-14,0.));
#1319=DIRECTION('ref_axis',(-3.41393580072236E-14,-1.,0.));
#1320=DIRECTION('center_axis',(-1.,3.41393580072236E-14,0.));
#1321=DIRECTION('ref_axis',(-3.41393580072236E-14,-1.,0.));
#1322=DIRECTION('center_axis',(0.,1.,0.));
#1323=DIRECTION('ref_axis',(-1.,0.,0.));
#1324=DIRECTION('',(0.,1.,0.));
#1325=DIRECTION('center_axis',(0.,-0.970668966335172,-0.240419961304815));
#1326=DIRECTION('ref_axis',(0.,-0.240419961304814,0.970668966335172));
#1327=DIRECTION('center_axis',(0.,-0.999999999999998,-6.76268150783986E-8));
#1328=DIRECTION('ref_axis',(0.,-6.76268150783985E-8,0.999999999999998));
#1329=DIRECTION('center_axis',(1.,0.,0.));
#1330=DIRECTION('ref_axis',(0.,0.,-1.));
#1331=DIRECTION('center_axis',(-1.,3.41393580072236E-14,0.));
#1332=DIRECTION('ref_axis',(-3.41393580072236E-14,-1.,0.));
#1333=DIRECTION('center_axis',(-1.,3.41393580072236E-14,0.));
#1334=DIRECTION('ref_axis',(-3.41393580072236E-14,-1.,0.));
#1335=DIRECTION('center_axis',(1.,-3.41393580072236E-14,0.));
#1336=DIRECTION('ref_axis',(-3.41393580072236E-14,-1.,0.));
#1337=DIRECTION('center_axis',(1.,-3.41393580072236E-14,0.));
#1338=DIRECTION('ref_axis',(-3.41393580072236E-14,-1.,0.));
#1339=DIRECTION('center_axis',(0.,0.970668966335172,0.240419961304815));
#1340=DIRECTION('ref_axis',(-9.28081125365608E-47,0.240419961304815,-0.970668966335172));
#1341=DIRECTION('',(-1.,0.,0.));
#1342=DIRECTION('',(-1.,0.,0.));
#1343=DIRECTION('',(-9.28081125365608E-47,0.240419961304815,-0.970668966335172));
#1344=DIRECTION('',(-1.,0.,0.));
#1345=DIRECTION('center_axis',(0.,0.970668966335172,0.240419961304815));
#1346=DIRECTION('ref_axis',(0.,0.240419961304815,-0.970668966335172));
#1347=DIRECTION('',(-1.,0.,0.));
#1348=DIRECTION('center_axis',(0.,0.970668966335172,0.240419961304815));
#1349=DIRECTION('ref_axis',(0.,0.240419961304815,-0.970668966335172));
#1350=DIRECTION('',(-9.28081125365608E-47,0.240419961304815,-0.970668966335172));
#1351=DIRECTION('',(-1.,0.,0.));
#1352=DIRECTION('center_axis',(-1.,0.,0.));
#1353=DIRECTION('ref_axis',(0.,-0.999999920767157,0.000398077480110345));
#1354=DIRECTION('',(-1.,0.,0.));
#1355=DIRECTION('center_axis',(-1.,-1.20972992021528E-50,4.33180164543789E-47));
#1356=DIRECTION('ref_axis',(0.,0.99999996100493,0.000279267143802815));
#1357=DIRECTION('center_axis',(-1.,3.41393580072236E-14,0.));
#1358=DIRECTION('ref_axis',(-3.41393580072236E-14,-1.,0.));
#1359=DIRECTION('center_axis',(1.,0.,0.));
#1360=DIRECTION('ref_axis',(0.,-1.,0.));
#1361=DIRECTION('',(1.,-3.41393580072236E-14,0.));
#1362=DIRECTION('center_axis',(0.,-1.,0.));
#1363=DIRECTION('ref_axis',(0.,0.,-1.));
#1364=DIRECTION('',(0.,0.,1.));
#1365=DIRECTION('',(-1.,0.,0.));
#1366=DIRECTION('',(0.,0.,-1.));
#1367=DIRECTION('',(1.,0.,0.));
#1368=DIRECTION('center_axis',(-1.,0.,0.));
#1369=DIRECTION('ref_axis',(0.,-0.999999739290103,0.000722093987119047));
#1370=DIRECTION('center_axis',(1.,-2.55798172410184E-63,4.95700186010627E-63));
#1371=DIRECTION('ref_axis',(0.,-0.999999739290103,0.000722093987119047));
#1372=DIRECTION('',(-1.,0.,0.));
#1373=DIRECTION('center_axis',(-1.,3.51062649522929E-66,4.86172941832771E-63));
#1374=DIRECTION('ref_axis',(-7.27048134015888E-82,-0.999999739290103,0.000722093987119047));
#1375=DIRECTION('',(-1.,0.,0.));
#1376=DIRECTION('center_axis',(-1.,0.,0.));
#1377=DIRECTION('ref_axis',(0.,-1.,0.));
#1378=DIRECTION('center_axis',(-1.,0.,0.));
#1379=DIRECTION('ref_axis',(0.,-1.,0.));
#1380=DIRECTION('center_axis',(1.,0.,0.));
#1381=DIRECTION('ref_axis',(0.,1.,-1.22464679914735E-16));
#1382=DIRECTION('center_axis',(1.,0.,0.));
#1383=DIRECTION('ref_axis',(0.,-1.,0.));
#1384=DIRECTION('center_axis',(1.,-3.41667749764251E-14,-7.10734583309609E-30));
#1385=DIRECTION('ref_axis',(0.,-1.,0.));
#1386=DIRECTION('center_axis',(0.,0.,1.));
#1387=DIRECTION('ref_axis',(1.,0.,0.));
#1388=DIRECTION('',(0.,0.,1.));
#1389=DIRECTION('',(0.,0.,1.));
#1390=DIRECTION('',(0.,0.,1.));
#1391=DIRECTION('center_axis',(0.,0.,-1.));
#1392=DIRECTION('ref_axis',(1.,0.,0.));
#1393=DIRECTION('',(0.,0.,-1.));
#1394=DIRECTION('center_axis',(0.,-0.984839277677783,0.173469297407648));
#1395=DIRECTION('ref_axis',(0.,0.173469297407648,0.984839277677783));
#1396=DIRECTION('',(0.,0.,-1.));
#1397=DIRECTION('center_axis',(-1.,0.,0.));
#1398=DIRECTION('ref_axis',(0.,-1.,0.));
#1399=DIRECTION('center_axis',(-1.,0.,0.));
#1400=DIRECTION('ref_axis',(0.,-1.,0.));
#1401=DIRECTION('center_axis',(0.,-0.999999739158018,0.000722276883898054));
#1402=DIRECTION('ref_axis',(2.22367689149085E-63,0.000722276883898054,0.999999739158018));
#1403=DIRECTION('',(-1.,0.,0.));
#1404=DIRECTION('',(2.22367689149085E-63,0.000722276883898054,0.999999739158018));
#1405=DIRECTION('center_axis',(1.,0.,0.));
#1406=DIRECTION('ref_axis',(0.,-1.,0.));
#1407=DIRECTION('center_axis',(1.,-3.41667749764251E-14,-7.10734583309609E-30));
#1408=DIRECTION('ref_axis',(0.,-1.,0.));
#1409=DIRECTION('',(1.,0.,0.));
#1410=DIRECTION('center_axis',(1.,0.,0.));
#1411=DIRECTION('ref_axis',(0.,-1.,0.));
#1412=DIRECTION('center_axis',(-1.,0.,0.));
#1413=DIRECTION('ref_axis',(0.,-1.,0.));
#1414=DIRECTION('center_axis',(-1.,0.,0.));
#1415=DIRECTION('ref_axis',(0.,-1.,0.));
#1416=DIRECTION('center_axis',(1.,0.,0.));
#1417=DIRECTION('ref_axis',(0.,-1.,0.));
#1418=DIRECTION('center_axis',(-1.,2.55798172410184E-63,-4.95700186010627E-63));
#1419=DIRECTION('ref_axis',(0.,-1.,0.));
#1420=DIRECTION('',(1.,0.,0.));
#1421=DIRECTION('center_axis',(1.,-5.39760534693403E-79,-6.84412048785515E-204));
#1422=DIRECTION('ref_axis',(-5.39760534693403E-79,-1.,0.));
#1423=DIRECTION('center_axis',(-1.,5.39760534693403E-79,6.84412048785515E-204));
#1424=DIRECTION('ref_axis',(-5.39760534693403E-79,-1.,0.));
#1425=DIRECTION('center_axis',(-1.,5.39760534693403E-79,6.84412048785515E-204));
#1426=DIRECTION('ref_axis',(0.,-1.,0.));
#1427=DIRECTION('center_axis',(1.,0.,0.));
#1428=DIRECTION('ref_axis',(0.,-1.,0.));
#1429=DIRECTION('center_axis',(-1.,2.55798172410184E-63,-4.95700186010627E-63));
#1430=DIRECTION('ref_axis',(0.,-1.,0.));
#1431=DIRECTION('',(1.,0.,0.));
#1432=DIRECTION('center_axis',(1.,-6.28543878413793E-188,0.));
#1433=DIRECTION('ref_axis',(-6.28543878413793E-188,-1.,0.));
#1434=DIRECTION('center_axis',(-1.,6.28543878413793E-188,0.));
#1435=DIRECTION('ref_axis',(-6.28543878413793E-188,-1.,0.));
#1436=DIRECTION('center_axis',(-1.,6.28543878413793E-188,0.));
#1437=DIRECTION('ref_axis',(0.,-1.,0.));
#1438=DIRECTION('center_axis',(0.,-1.,0.));
#1439=DIRECTION('ref_axis',(0.,0.,1.));
#1440=DIRECTION('',(-1.,0.,0.));
#1441=DIRECTION('',(0.,0.,1.));
#1442=DIRECTION('',(-1.,0.,0.));
#1443=DIRECTION('center_axis',(-1.,0.,0.));
#1444=DIRECTION('ref_axis',(0.,-0.999999920767157,0.000398077480110345));
#1445=DIRECTION('',(-1.,0.,0.));
#1446=DIRECTION('center_axis',(-1.,-4.9113617668468E-48,4.31768035071024E-47));
#1447=DIRECTION('ref_axis',(4.92854909084497E-48,-0.999999920767157,0.000398077480110345));
#1448=DIRECTION('center_axis',(-1.,-2.11371603615847E-46,4.32589906864325E-47));
#1449=DIRECTION('ref_axis',(2.11433825918754E-46,-0.999998958214943,0.00144345731822927));
#1450=DIRECTION('',(-1.,0.,0.));
#1451=DIRECTION('',(-1.,0.,0.));
#1452=DIRECTION('center_axis',(0.,0.,1.));
#1453=DIRECTION('ref_axis',(1.,0.,0.));
#1454=DIRECTION('',(-1.55166224519101E-45,-5.37033717040019E-12,1.));
#1455=DIRECTION('center_axis',(0.,-0.984839277677783,0.173469297407648));
#1456=DIRECTION('ref_axis',(0.,0.173469297407648,0.984839277677783));
#1457=DIRECTION('center_axis',(0.,0.,-1.));
#1458=DIRECTION('ref_axis',(1.,0.,0.));
#1459=DIRECTION('center_axis',(0.,-0.984839277677783,0.173469297407648));
#1460=DIRECTION('ref_axis',(-1.02936121192546E-47,0.173469297407648,0.984839277677783));
#1461=DIRECTION('',(-1.02936121192546E-47,0.173469297407648,0.984839277677783));
#1462=DIRECTION('center_axis',(1.,0.,0.));
#1463=DIRECTION('ref_axis',(0.,-1.,0.));
#1464=DIRECTION('',(1.,0.,0.));
#1465=DIRECTION('center_axis',(-1.,2.55798172410184E-63,-4.95700186010627E-63));
#1466=DIRECTION('ref_axis',(0.,-1.,0.));
#1467=DIRECTION('center_axis',(1.,0.,0.));
#1468=DIRECTION('ref_axis',(0.,-1.,0.));
#1469=DIRECTION('',(1.,0.,0.));
#1470=DIRECTION('center_axis',(-1.,2.55798172410184E-63,-4.95700186010627E-63));
#1471=DIRECTION('ref_axis',(0.,-1.,0.));
#1472=DIRECTION('center_axis',(1.,0.,0.));
#1473=DIRECTION('ref_axis',(0.,-1.,0.));
#1474=DIRECTION('',(1.,0.,0.));
#1475=DIRECTION('center_axis',(-1.,2.55798172410184E-63,-4.95700186010627E-63));
#1476=DIRECTION('ref_axis',(0.,-1.,0.));
#1477=DIRECTION('center_axis',(1.,0.,0.));
#1478=DIRECTION('ref_axis',(0.,-1.,0.));
#1479=DIRECTION('',(1.,0.,0.));
#1480=DIRECTION('center_axis',(-1.,2.55798172410184E-63,-4.95700186010627E-63));
#1481=DIRECTION('ref_axis',(0.,-1.,0.));
#1482=DIRECTION('center_axis',(-1.,0.,0.));
#1483=DIRECTION('ref_axis',(0.,-0.999999389724224,0.00110478558068159));
#1484=DIRECTION('',(-1.,0.,0.));
#1485=DIRECTION('center_axis',(-1.,2.55798172410184E-63,-4.95700186010627E-63));
#1486=DIRECTION('ref_axis',(-2.56345658720602E-63,-0.999999389724224,0.00110478558068159));
#1487=DIRECTION('center_axis',(0.,-1.,6.76744092541824E-13));
#1488=DIRECTION('ref_axis',(-6.3232937999467E-43,6.76744092541824E-13,1.));
#1489=DIRECTION('',(-6.3232937999467E-43,6.76744092541824E-13,1.));
#1490=DIRECTION('center_axis',(0.,0.000721989439032079,0.999999739365591));
#1491=DIRECTION('ref_axis',(-1.63337759697373E-62,0.999999739365591,-0.000721989439032079));
#1492=DIRECTION('',(-1.63337759697373E-62,0.999999739365591,-0.000721989439032078));
#1493=DIRECTION('',(-1.,0.,0.));
#1494=DIRECTION('',(-2.56155996039605E-63,-0.999999739365591,0.000721989439032079));
#1495=DIRECTION('center_axis',(0.,1.78137348440663E-15,1.));
#1496=DIRECTION('ref_axis',(3.14662457103687E-63,1.,-1.78137348440663E-15));
#1497=DIRECTION('',(-2.55798172410185E-63,-1.,1.78137348440663E-15));
#1498=DIRECTION('',(3.14662457103687E-63,1.,-1.78137348440663E-15));
#1499=DIRECTION('',(-1.,0.,0.));
#1500=DIRECTION('center_axis',(-1.,0.,0.));
#1501=DIRECTION('ref_axis',(0.,-1.54665552396056E-14,1.));
#1502=DIRECTION('center_axis',(1.,-2.55798172410184E-63,4.95700186010627E-63));
#1503=DIRECTION('ref_axis',(0.,-1.54665552396056E-14,1.));
#1504=DIRECTION('center_axis',(-1.,3.0231579888433E-47,4.67904016532541E-61));
#1505=DIRECTION('ref_axis',(3.25616207540639E-64,-1.54665552396056E-14,
1.));
#1506=DIRECTION('',(-1.,0.,0.));
#1507=DIRECTION('center_axis',(0.,0.999999999999998,6.76268150783986E-8));
#1508=DIRECTION('ref_axis',(-1.949276541744E-47,6.76268150783985E-8,-0.999999999999998));
#1509=DIRECTION('',(-1.,0.,0.));
#1510=DIRECTION('',(-4.95700203309441E-63,-6.76268150783985E-8,0.999999999999998));
#1511=DIRECTION('',(-1.949276541744E-47,6.76268150783985E-8,-0.999999999999998));
#1512=DIRECTION('center_axis',(0.,0.762075489664671,0.647488183716392));
#1513=DIRECTION('ref_axis',(1.01581526372722E-43,0.647488183716392,-0.762075489664671));
#1514=DIRECTION('center_axis',(0.,0.762075489664671,0.647488183716392));
#1515=DIRECTION('ref_axis',(0.,0.647488183716392,-0.762075489664671));
#1516=DIRECTION('',(1.01581526372722E-43,0.647488183716392,-0.762075489664671));
#1517=DIRECTION('center_axis',(1.,0.,0.));
#1518=DIRECTION('ref_axis',(0.,-1.,0.));
#1519=DIRECTION('center_axis',(-1.,0.,0.));
#1520=DIRECTION('ref_axis',(0.,-1.,0.));
#1521=DIRECTION('',(1.,0.,0.));
#1522=DIRECTION('center_axis',(-1.,2.55798172410184E-63,-4.95700186010627E-63));
#1523=DIRECTION('ref_axis',(0.,-1.,0.));
#1524=DIRECTION('center_axis',(1.,0.,0.));
#1525=DIRECTION('ref_axis',(0.,-1.,0.));
#1526=DIRECTION('center_axis',(-1.,0.,0.));
#1527=DIRECTION('ref_axis',(0.,-1.,0.));
#1528=DIRECTION('',(1.,0.,0.));
#1529=DIRECTION('center_axis',(-1.,2.55798172410184E-63,-4.95700186010627E-63));
#1530=DIRECTION('ref_axis',(0.,-1.,0.));
#1531=DIRECTION('center_axis',(1.,0.,0.));
#1532=DIRECTION('ref_axis',(0.,-1.,0.));
#1533=DIRECTION('center_axis',(-1.,5.39760534693403E-79,6.84412048785515E-204));
#1534=DIRECTION('ref_axis',(0.,-1.,0.));
#1535=DIRECTION('',(1.,0.,0.));
#1536=DIRECTION('center_axis',(-1.,2.55798172410184E-63,-4.95700186010627E-63));
#1537=DIRECTION('ref_axis',(0.,-1.,0.));
#1538=DIRECTION('center_axis',(1.,0.,0.));
#1539=DIRECTION('ref_axis',(0.,-1.,0.));
#1540=DIRECTION('center_axis',(-1.,6.28543878413793E-188,0.));
#1541=DIRECTION('ref_axis',(0.,-1.,0.));
#1542=DIRECTION('',(1.,0.,0.));
#1543=DIRECTION('center_axis',(-1.,2.55798172410184E-63,-4.95700186010627E-63));
#1544=DIRECTION('ref_axis',(0.,-1.,0.));
#1545=DIRECTION('center_axis',(1.,0.,0.));
#1546=DIRECTION('ref_axis',(0.,-1.,0.));
#1547=DIRECTION('center_axis',(-1.,0.,0.));
#1548=DIRECTION('ref_axis',(0.,-1.,0.));
#1549=DIRECTION('',(1.,0.,0.));
#1550=DIRECTION('center_axis',(-1.,2.55798172410184E-63,-4.95700186010627E-63));
#1551=DIRECTION('ref_axis',(0.,-1.,0.));
#1552=DIRECTION('center_axis',(0.,0.,1.));
#1553=DIRECTION('ref_axis',(1.,0.,0.));
#1554=DIRECTION('',(-4.2812699143592E-47,2.99007865404057E-12,-1.));
#1555=DIRECTION('center_axis',(0.,0.,-1.));
#1556=DIRECTION('ref_axis',(1.,0.,0.));
#1557=DIRECTION('',(0.,0.,-1.));
#1558=DIRECTION('center_axis',(0.,1.,0.));
#1559=DIRECTION('ref_axis',(0.,0.,-1.));
#1560=DIRECTION('',(0.,0.,1.));
#1561=DIRECTION('',(-1.,0.,0.));
#1562=DIRECTION('center_axis',(-1.,2.55798172410184E-63,-4.95700186010627E-63));
#1563=DIRECTION('ref_axis',(-2.55798172410184E-63,-1.,0.));
#1564=DIRECTION('',(2.1683893668128E-46,-1.,0.));
#1565=DIRECTION('center_axis',(-1.,2.55798172410184E-63,-4.95700186010627E-63));
#1566=DIRECTION('ref_axis',(0.,-1.,0.));
#1567=DIRECTION('center_axis',(-1.,2.55798172410184E-63,-4.95700186010627E-63));
#1568=DIRECTION('ref_axis',(0.,-1.,0.));
#1569=DIRECTION('',(-2.55798172410184E-63,-1.,0.));
#1570=DIRECTION('center_axis',(-1.,2.55798172410184E-63,-4.95700186010627E-63));
#1571=DIRECTION('ref_axis',(0.,-1.,0.));
#1572=DIRECTION('center_axis',(1.,0.,0.));
#1573=DIRECTION('ref_axis',(0.,-1.,0.));
#1574=DIRECTION('center_axis',(-1.,0.,0.));
#1575=DIRECTION('ref_axis',(0.,-1.,0.));
#1576=DIRECTION('',(1.,0.,0.));
#1577=DIRECTION('',(1.,0.,0.));
#1578=DIRECTION('center_axis',(0.,0.,-1.));
#1579=DIRECTION('ref_axis',(9.44024593473469E-64,1.,0.));
#1580=DIRECTION('',(0.,-1.,0.));
#1581=DIRECTION('',(1.,0.,0.));
#1582=DIRECTION('center_axis',(-1.,6.28543878413793E-188,0.));
#1583=DIRECTION('ref_axis',(-6.28543878413793E-188,-1.,0.));
#1584=DIRECTION('center_axis',(1.,-6.28543878413793E-188,0.));
#1585=DIRECTION('ref_axis',(-6.28543878413793E-188,-1.,0.));
#1586=DIRECTION('center_axis',(1.,0.,0.));
#1587=DIRECTION('ref_axis',(0.,-1.,0.));
#1588=DIRECTION('center_axis',(-1.,2.55798172410184E-63,-4.95700186010627E-63));
#1589=DIRECTION('ref_axis',(0.,-1.,0.));
#1590=DIRECTION('',(1.,0.,0.));
#1591=DIRECTION('center_axis',(-1.,5.39760534693403E-79,6.84412048785515E-204));
#1592=DIRECTION('ref_axis',(-5.39760534693403E-79,-1.,0.));
#1593=DIRECTION('center_axis',(1.,-5.39760534693403E-79,-6.84412048785515E-204));
#1594=DIRECTION('ref_axis',(-5.39760534693403E-79,-1.,0.));
#1595=DIRECTION('center_axis',(1.,0.,0.));
#1596=DIRECTION('ref_axis',(0.,-1.,0.));
#1597=DIRECTION('center_axis',(-1.,2.55798172410184E-63,-4.95700186010627E-63));
#1598=DIRECTION('ref_axis',(0.,-1.,0.));
#1599=DIRECTION('',(1.,0.,0.));
#1600=DIRECTION('center_axis',(1.,0.,0.));
#1601=DIRECTION('ref_axis',(0.,-1.,0.));
#1602=DIRECTION('center_axis',(-1.,0.,0.));
#1603=DIRECTION('ref_axis',(0.,-1.,0.));
#1604=DIRECTION('center_axis',(-1.,0.,0.));
#1605=DIRECTION('ref_axis',(0.,-1.,0.));
#1606=DIRECTION('center_axis',(1.,0.,0.));
#1607=DIRECTION('ref_axis',(0.,-1.,0.));
#1608=DIRECTION('center_axis',(-1.,0.,0.));
#1609=DIRECTION('ref_axis',(0.,-1.,0.));
#1610=DIRECTION('center_axis',(1.,0.,0.));
#1611=DIRECTION('ref_axis',(0.,-1.,0.));
#1612=DIRECTION('center_axis',(1.,0.,0.));
#1613=DIRECTION('ref_axis',(0.,-1.,0.));
#1614=DIRECTION('center_axis',(1.,-3.41667749764251E-14,-7.10734583309609E-30));
#1615=DIRECTION('ref_axis',(0.,-1.,0.));
#1616=DIRECTION('',(1.,0.,0.));
#1617=DIRECTION('center_axis',(-1.,0.,0.));
#1618=DIRECTION('ref_axis',(0.,-1.,0.));
#1619=DIRECTION('center_axis',(1.,0.,0.));
#1620=DIRECTION('ref_axis',(0.,-1.,0.));
#1621=DIRECTION('center_axis',(1.,0.,0.));
#1622=DIRECTION('ref_axis',(0.,-1.,0.));
#1623=DIRECTION('center_axis',(1.,-3.41667749764251E-14,-7.10734583309609E-30));
#1624=DIRECTION('ref_axis',(0.,-1.,0.));
#1625=DIRECTION('',(1.,0.,0.));
#1626=DIRECTION('center_axis',(-1.,0.,0.));
#1627=DIRECTION('ref_axis',(0.,-1.,0.));
#1628=DIRECTION('center_axis',(1.,0.,0.));
#1629=DIRECTION('ref_axis',(0.,-1.,0.));
#1630=DIRECTION('center_axis',(0.,0.,1.));
#1631=DIRECTION('ref_axis',(1.,0.,0.));
#1632=DIRECTION('center_axis',(0.,0.,-1.));
#1633=DIRECTION('ref_axis',(1.,0.,0.));
#1634=DIRECTION('',(0.,0.,-1.));
#1635=DIRECTION('center_axis',(-1.,0.,0.));
#1636=DIRECTION('ref_axis',(0.,-0.999999920767157,0.000398077480110345));
#1637=DIRECTION('center_axis',(-1.,0.,0.));
#1638=DIRECTION('ref_axis',(0.,-1.,0.));
#1639=DIRECTION('center_axis',(-1.,3.41393580072236E-14,0.));
#1640=DIRECTION('ref_axis',(-3.41393580072236E-14,-1.,0.));
#1641=DIRECTION('',(1.,-3.41393580072236E-14,0.));
#1642=DIRECTION('center_axis',(1.,0.,0.));
#1643=DIRECTION('ref_axis',(0.,-1.,0.));
#1644=DIRECTION('center_axis',(1.,-3.41667749764251E-14,-7.10734583309609E-30));
#1645=DIRECTION('ref_axis',(0.,-1.,0.));
#1646=DIRECTION('',(1.,0.,0.));
#1647=DIRECTION('center_axis',(-1.,3.41667749764251E-14,7.10734583309609E-30));
#1648=DIRECTION('ref_axis',(-3.41667749764251E-14,-1.,0.));
#1649=DIRECTION('',(2.1683893668128E-46,-1.,0.));
#1650=DIRECTION('center_axis',(-1.,2.55798172410184E-63,-4.95700186010627E-63));
#1651=DIRECTION('ref_axis',(0.,-1.,0.));
#1652=DIRECTION('center_axis',(1.,0.,0.));
#1653=DIRECTION('ref_axis',(0.,-1.,0.));
#1654=DIRECTION('',(1.,0.,0.));
#1655=DIRECTION('center_axis',(0.,0.,-1.));
#1656=DIRECTION('ref_axis',(2.1683893668128E-46,-1.,0.));
#1657=DIRECTION('',(0.,0.,1.));
#1658=DIRECTION('',(1.,0.,0.));
#1659=DIRECTION('',(0.,0.,1.));
#1660=DIRECTION('',(1.,0.,0.));
#1661=CARTESIAN_POINT('',(0.,0.,0.));
#1662=CARTESIAN_POINT('',(0.,0.,0.));
#1663=CARTESIAN_POINT('',(0.,0.,0.));
#1664=CARTESIAN_POINT('Origin',(-1.40386201862387,-0.0252687304201754,49.3681013201401));
#1665=CARTESIAN_POINT('',(-4.70386201862386,-0.0252687304201794,82.3681013201401));
#1666=CARTESIAN_POINT('',(1.89613798137613,-0.0252687304201794,82.3681013201401));
#1667=CARTESIAN_POINT('Origin',(-1.40386201862387,-0.0252687304201794,82.3681013201402));
#1668=CARTESIAN_POINT('',(-4.70386201862386,32.9747294722617,49.3789927387484));
#1669=CARTESIAN_POINT('Origin',(-4.70386201862386,-0.0252687304200627,49.3681013201401));
#1670=CARTESIAN_POINT('',(1.89613798137613,32.9747294722617,49.3789927387484));
#1671=CARTESIAN_POINT('Ctrl Pts',(-4.70386201862386,32.9747294722617,49.3789927387484));
#1672=CARTESIAN_POINT('Ctrl Pts',(-4.70386201862386,32.9772424202005,49.381506516205));
#1673=CARTESIAN_POINT('Ctrl Pts',(-4.70385914631593,32.9797552254667,49.3840204380807));
#1674=CARTESIAN_POINT('Ctrl Pts',(-4.70287300757679,33.4110116291108,49.8155177455802));
#1675=CARTESIAN_POINT('Ctrl Pts',(-4.6182418378879,33.839077176708,50.2525065491786));
#1676=CARTESIAN_POINT('Ctrl Pts',(-4.29288394638741,34.5762834658181,51.0182428175154));
#1677=CARTESIAN_POINT('Ctrl Pts',(-4.07792430085194,34.8976449864021,51.35737185241));
#1678=CARTESIAN_POINT('Ctrl Pts',(-3.57268114518912,35.39285515024,51.885859334799));
#1679=CARTESIAN_POINT('Ctrl Pts',(-3.31397693469421,35.5839779445567,52.0919270955342));
#1680=CARTESIAN_POINT('Ctrl Pts',(-2.73160848144756,35.88409919938,52.4172945344496));
#1681=CARTESIAN_POINT('Ctrl Pts',(-2.41717327891914,35.9952315065299,52.5387076959379));
#1682=CARTESIAN_POINT('Ctrl Pts',(-1.85761841868245,36.1018520476475,52.6553350365751));
#1683=CARTESIAN_POINT('Ctrl Pts',(-1.63198946857548,36.1234241645406,52.6789927387484));
#1684=CARTESIAN_POINT('Ctrl Pts',(-1.17573456867226,36.1234241645406,52.6789927387484));
#1685=CARTESIAN_POINT('Ctrl Pts',(-0.950105618565284,36.1018520476475,52.6553350365751));
#1686=CARTESIAN_POINT('Ctrl Pts',(-0.39055075832859,35.9952315065299,52.5387076959379));
#1687=CARTESIAN_POINT('Ctrl Pts',(-0.0761155558001749,35.88409919938,52.4172945344496));
#1688=CARTESIAN_POINT('Ctrl Pts',(0.506252897446477,35.5839779445567,52.0919270955342));
#1689=CARTESIAN_POINT('Ctrl Pts',(0.764957107941394,35.39285515024,51.885859334799));
#1690=CARTESIAN_POINT('Ctrl Pts',(1.2702002636042,34.8976449864021,51.35737185241));
#1691=CARTESIAN_POINT('Ctrl Pts',(1.48515990913967,34.5762834658181,51.0182428175154));
#1692=CARTESIAN_POINT('Ctrl Pts',(1.81051780055015,33.839077176912,50.2525065493905));
#1693=CARTESIAN_POINT('Ctrl Pts',(1.89514897032584,33.411011630469,49.8155177469939));
#1694=CARTESIAN_POINT('Ctrl Pts',(1.89613510906825,32.9797552254466,49.3840204380592));
#1695=CARTESIAN_POINT('Ctrl Pts',(1.89613798137613,32.9772424202216,49.3815065162261));
#1696=CARTESIAN_POINT('Ctrl Pts',(1.89613798137613,32.9747294722617,49.3789927387484));
#1697=CARTESIAN_POINT('Origin',(1.89613798137613,-0.025268730420288,49.3681013201401));
#1698=CARTESIAN_POINT('Origin',(-1.40386201862387,38.9747330881159,49.3789927387484));
#1699=CARTESIAN_POINT('Ctrl Pts',(1.89613798137613,32.9747294722617,49.3789927387484));
#1700=CARTESIAN_POINT('Ctrl Pts',(1.89613798137613,32.9772426507317,49.3764803895984));
#1701=CARTESIAN_POINT('Ctrl Pts',(1.89613511233143,32.9797556865209,49.3739678960819));
#1702=CARTESIAN_POINT('Ctrl Pts',(1.8951483426164,33.4118184419629,48.941949040957));
#1703=CARTESIAN_POINT('Ctrl Pts',(1.81031250425446,33.8406980633886,48.5044010440223));
#1704=CARTESIAN_POINT('Ctrl Pts',(1.48436306816055,34.5786290445445,47.7383658940836));
#1705=CARTESIAN_POINT('Ctrl Pts',(1.26930397428215,34.900006578221,47.3994205977944));
#1706=CARTESIAN_POINT('Ctrl Pts',(0.763973485125713,35.3951763495984,46.8712895623579));
#1707=CARTESIAN_POINT('Ctrl Pts',(0.505278675252518,35.5862606150343,46.6653859287243));
#1708=CARTESIAN_POINT('Ctrl Pts',(-0.0769175908242893,35.8862429687505,
46.3403633372924));
#1709=CARTESIAN_POINT('Ctrl Pts',(-0.391170948060341,35.9973013227125,46.2191041068954));
#1710=CARTESIAN_POINT('Ctrl Pts',(-0.950382068634786,36.1038538310647,46.1026215501634));
#1711=CARTESIAN_POINT('Ctrl Pts',(-1.17587394331996,36.1254126565166,46.0789927387484));
#1712=CARTESIAN_POINT('Ctrl Pts',(-1.63185009392777,36.1254126565166,46.0789927387484));
#1713=CARTESIAN_POINT('Ctrl Pts',(-1.85734196861295,36.1038538310647,46.1026215501634));
#1714=CARTESIAN_POINT('Ctrl Pts',(-2.41655308918739,35.9973013227125,46.2191041068954));
#1715=CARTESIAN_POINT('Ctrl Pts',(-2.73080644642344,35.8862429687505,46.3403633372924));
#1716=CARTESIAN_POINT('Ctrl Pts',(-3.31300271250023,35.5862606150343,46.6653859287243));
#1717=CARTESIAN_POINT('Ctrl Pts',(-3.57169752237343,35.3951763495984,46.8712895623579));
#1718=CARTESIAN_POINT('Ctrl Pts',(-4.07702801152988,34.900006578221,47.3994205977944));
#1719=CARTESIAN_POINT('Ctrl Pts',(-4.29208710540828,34.5786290445445,47.7383658940836));
#1720=CARTESIAN_POINT('Ctrl Pts',(-4.61803654159085,33.8406980631879,48.5044010442306));
#1721=CARTESIAN_POINT('Ctrl Pts',(-4.7028723798673,33.4118184406253,48.9419490423487));
#1722=CARTESIAN_POINT('Ctrl Pts',(-4.70385914957912,32.9797556865409,49.3739678960606));
#1723=CARTESIAN_POINT('Ctrl Pts',(-4.70386201862386,32.9772426507107,49.3764803896194));
#1724=CARTESIAN_POINT('Ctrl Pts',(-4.70386201862386,32.9747294722617,49.3789927387484));
#1725=CARTESIAN_POINT('',(1.89613798137613,38.9747297487718,49.3789927387484));
#1726=CARTESIAN_POINT('',(1.89613798137613,38.9747330881159,49.3789927387484));
#1727=CARTESIAN_POINT('',(1.89605403377976,38.9747292190592,49.355454533871));
#1728=CARTESIAN_POINT('Ctrl Pts',(1.89605403378558,38.9747267038695,49.3554545346865));
#1729=CARTESIAN_POINT('Ctrl Pts',(1.89611006770229,38.9747292512637,49.3633101561584));
#1730=CARTESIAN_POINT('Ctrl Pts',(1.89613798137613,38.9747294220312,49.37115636732));
#1731=CARTESIAN_POINT('Ctrl Pts',(1.89613798137613,38.9747272335899,49.3789927387484));
#1732=CARTESIAN_POINT('',(-4.7037780710275,38.9747292190592,49.355454533871));
#1733=CARTESIAN_POINT('Origin',(-1.40386201862387,38.9688991631884,49.3789927387484));
#1734=CARTESIAN_POINT('',(-4.70386201862387,38.9747297487718,49.3789927387484));
#1735=CARTESIAN_POINT('Ctrl Pts',(-4.70386201862387,38.9747272335899,49.3789927387484));
#1736=CARTESIAN_POINT('Ctrl Pts',(-4.70386201862387,38.9747294220312,49.37115636732));
#1737=CARTESIAN_POINT('Ctrl Pts',(-4.70383410495003,38.9747292512637,49.3633101561584));
#1738=CARTESIAN_POINT('Ctrl Pts',(-4.70377807103331,38.9747267038695,49.3554545346865));
#1739=CARTESIAN_POINT('Origin',(-1.40386201862387,38.9747297487718,49.3789927387484));
#1740=CARTESIAN_POINT('Origin',(-1.40386201862387,-0.0252687304201754,49.3681013201401));
#1741=CARTESIAN_POINT('',(1.89613798137726,32.9747312695797,49.3681013201401));
#1742=CARTESIAN_POINT('Origin',(1.89613798137613,-0.025268730420288,49.3681013201401));
#1743=CARTESIAN_POINT('Origin',(1.89613798137613,-0.025268730420288,49.3681013201401));
#1744=CARTESIAN_POINT('',(-4.70386201862274,32.97473126958,49.3681013201401));
#1745=CARTESIAN_POINT('Origin',(-4.70386201862386,-0.0252687304200627,49.3681013201401));
#1746=CARTESIAN_POINT('Origin',(-4.70386201862386,-0.0252687304200627,49.3681013201401));
#1747=CARTESIAN_POINT('Origin',(4.59613798137602,38.9747292190592,49.355454533871));
#1748=CARTESIAN_POINT('',(2.59613798137602,38.9747292190589,49.3554545338709));
#1749=CARTESIAN_POINT('',(4.59613798137602,38.9747292190592,49.355454533871));
#1750=CARTESIAN_POINT('',(4.59613798137602,38.9747292190592,49.355454533871));
#1751=CARTESIAN_POINT('',(4.59613798137602,38.9747292190592,49.355454533871));
#1752=CARTESIAN_POINT('',(4.59613798137602,46.9992328681252,16.95740979533));
#1753=CARTESIAN_POINT('',(4.59613798137602,38.9747267071636,49.3554646753715));
#1754=CARTESIAN_POINT('',(4.54187422337073,46.9992328681252,16.95740979533));
#1755=CARTESIAN_POINT('',(4.59613798137602,46.9992328681252,16.95740979533));
#1756=CARTESIAN_POINT('',(0.596137981376019,45.3641607458747,23.5588323984064));
#1757=CARTESIAN_POINT('Origin',(21.2136756884011,1.18860597969882,201.912742154684));
#1758=CARTESIAN_POINT('',(0.476303986276361,45.3641607458747,23.5588323984064));
#1759=CARTESIAN_POINT('',(0.596137981376019,45.3641607458747,23.5588323984064));
#1760=CARTESIAN_POINT('',(-7.40386201862398,40.7177693859548,42.3181229084154));
#1761=CARTESIAN_POINT('Origin',(21.2136756884011,1.18860597969882,201.912742154684));
#1762=CARTESIAN_POINT('',(-7.40386201862398,38.9747292190592,49.355454533871));
#1763=CARTESIAN_POINT('',(-7.40386201862398,38.9747267071636,49.3554646753715));
#1764=CARTESIAN_POINT('',(4.59613798137602,38.9747292190592,49.355454533871));
#1765=CARTESIAN_POINT('Origin',(4.59613798137602,-0.0252687304203703,49.3681013201401));
#1766=CARTESIAN_POINT('',(4.59613798137602,38.9747297487718,49.3789927387484));
#1767=CARTESIAN_POINT('',(4.59613798137602,38.9747297487718,49.3789927387484));
#1768=CARTESIAN_POINT('Origin',(4.59613798137602,-0.0252687304203703,49.3681013201401));
#1769=CARTESIAN_POINT('Origin',(8.59613798137625,-0.0252687304205068,49.3681013201401));
#1770=CARTESIAN_POINT('',(-7.40386201862375,32.97473126958,49.3681013201401));
#1771=CARTESIAN_POINT('Origin',(-7.40386201862375,-0.0252687304199606,49.3681013201401));
#1772=CARTESIAN_POINT('',(8.59613798137737,32.9747312695795,49.3681013201401));
#1773=CARTESIAN_POINT('Origin',(-7.50386201862399,-38.2679682767806,100.805773100006));
#1774=CARTESIAN_POINT('',(-7.50386201862533,-38.2679682767797,57.016364613652));
#1775=CARTESIAN_POINT('',(-7.50386201862398,-38.2679682767806,100.805773100006));
#1776=CARTESIAN_POINT('',(-7.50386201862399,-38.2679682767806,-3.65042156139888));
#1777=CARTESIAN_POINT('',(-7.40386201862398,-38.2679682767806,100.805773100006));
#1778=CARTESIAN_POINT('',(4.59613798137602,-38.2679682767806,100.805773100006));
#1779=CARTESIAN_POINT('',(-7.40386201862533,-38.2679682767797,57.016364613652));
#1780=CARTESIAN_POINT('',(-7.40386201862399,-38.2679682767806,-3.65042156139888));
#1781=CARTESIAN_POINT('',(0.596137981375977,-38.2679682767806,57.0163646136471));
#1782=CARTESIAN_POINT('Origin',(4.59613798137602,-9.99277645632434,94.3626738832914));
#1783=CARTESIAN_POINT('',(-7.40386201862398,-9.97183573069785,123.362666322705));
#1784=CARTESIAN_POINT('Origin',(-7.40386201862398,-9.99277645632434,94.3626738832914));
#1785=CARTESIAN_POINT('',(-6.48064389398114,-38.9927688957377,94.3836146089178));
#1786=CARTESIAN_POINT('Ctrl Pts',(-7.50386201862398,-38.2679682767806,100.805773100006));
#1787=CARTESIAN_POINT('Ctrl Pts',(-6.86205365150321,-38.7350933714142,98.7558199314049));
#1788=CARTESIAN_POINT('Ctrl Pts',(-6.48297554378304,-38.9911618463282,96.6091545237083));
#1789=CARTESIAN_POINT('Ctrl Pts',(-6.48064389398114,-38.9927688957377,94.3836146089178));
#1790=CARTESIAN_POINT('',(4.59613798137602,-38.9927688957377,94.3836146089178));
#1791=CARTESIAN_POINT('',(4.59613798137602,-38.9927688957377,94.3836146089178));
#1792=CARTESIAN_POINT('',(4.59613798137602,-9.97183573069785,123.362666322705));
#1793=CARTESIAN_POINT('Origin',(4.59613798137602,-9.99277645632434,94.3626738832914));
#1794=CARTESIAN_POINT('',(4.59613798137602,-9.97183573069785,123.362666322705));
#1795=CARTESIAN_POINT('Origin',(0.596137981375977,-0.0252687304202337,49.3681013201401));
#1796=CARTESIAN_POINT('',(-7.40386201862375,-38.3405574265573,56.6439966005611));
#1797=CARTESIAN_POINT('Origin',(-7.40386201862375,-0.0252687304199606,49.3681013201401));
#1798=CARTESIAN_POINT('Ctrl Pts',(-7.40386201862341,-38.3405574265575,56.6439966005613));
#1799=CARTESIAN_POINT('Ctrl Pts',(-7.42991637329921,-38.321695112936,56.7433266436739));
#1800=CARTESIAN_POINT('Ctrl Pts',(-7.4564367395188,-38.3024561734559,56.8425325843165));
#1801=CARTESIAN_POINT('Ctrl Pts',(-7.49020148324742,-38.2779080506979,56.9665373891915));
#1802=CARTESIAN_POINT('Ctrl Pts',(-7.49701734212248,-38.2729500132651,56.9914550303493));
#1803=CARTESIAN_POINT('Ctrl Pts',(-7.50386201862533,-38.2679682767797,57.016364613652));
#1804=CARTESIAN_POINT('Origin',(-7.40386201862375,-37.4253032205922,21.9855356357278));
#1805=CARTESIAN_POINT('',(-7.40386201862242,-38.3405574265582,19.6590985017263));
#1806=CARTESIAN_POINT('',(-5.90386201862375,-39.3842590007234,20.4323156733624));
#1807=CARTESIAN_POINT('Ctrl Pts',(-7.40386201862242,-38.3405574265582,19.6590985017263));
#1808=CARTESIAN_POINT('Ctrl Pts',(-7.34685802662789,-38.3818260431892,19.6753341757506));
#1809=CARTESIAN_POINT('Ctrl Pts',(-7.28995724005203,-38.4228317923081,19.6927347787834));
#1810=CARTESIAN_POINT('Ctrl Pts',(-6.76327067156872,-38.8006835759497,19.8652264023973));
#1811=CARTESIAN_POINT('Ctrl Pts',(-6.30688429543548,-39.1145811368863,20.0985910753699));
#1812=CARTESIAN_POINT('Ctrl Pts',(-5.91870815398324,-39.3743333959418,20.4198588576374));
#1813=CARTESIAN_POINT('Ctrl Pts',(-5.9112846188881,-39.3792979844715,20.4260587286299));
#1814=CARTESIAN_POINT('Ctrl Pts',(-5.90386201862375,-39.3842590007234,20.4323156733624));
#1815=CARTESIAN_POINT('',(-5.90386201862375,-39.3842590007234,23.5387555980933));
#1816=CARTESIAN_POINT('Origin',(-5.90386201862375,-37.4253032205922,21.9855356357278));
#1817=CARTESIAN_POINT('',(-7.40386201862242,-38.3405574265582,24.3119727697294));
#1818=CARTESIAN_POINT('Ctrl Pts',(-5.90386201862375,-39.3842590007234,23.5387555980933));
#1819=CARTESIAN_POINT('Ctrl Pts',(-5.9112846188881,-39.3792979844715,23.5450125428258));
#1820=CARTESIAN_POINT('Ctrl Pts',(-5.91870815398324,-39.3743333959418,23.5512124138183));
#1821=CARTESIAN_POINT('Ctrl Pts',(-6.30688429543548,-39.1145811368863,23.8724801960858));
#1822=CARTESIAN_POINT('Ctrl Pts',(-6.76327067156872,-38.8006835759497,24.1058448690584));
#1823=CARTESIAN_POINT('Ctrl Pts',(-7.28995724005203,-38.4228317923081,24.2783364926723));
#1824=CARTESIAN_POINT('Ctrl Pts',(-7.34685802662789,-38.3818260431892,24.295737095705));
#1825=CARTESIAN_POINT('Ctrl Pts',(-7.40386201862242,-38.3405574265582,24.3119727697294));
#1826=CARTESIAN_POINT('Origin',(-7.40386201862242,-37.4253032205922,21.9855356357278));
#1827=CARTESIAN_POINT('Origin',(21.2136756884011,1.18860597969882,-3.65042156139888));
#1828=CARTESIAN_POINT('',(-6.43346995168771,-39.0252419084007,49.4243961754818));
#1829=CARTESIAN_POINT('',(-6.47014859057386,-39.0000005811453,50.784891224788));
#1830=CARTESIAN_POINT('Ctrl Pts',(-6.43346995168771,-39.0252419084007,49.4243961754818));
#1831=CARTESIAN_POINT('Ctrl Pts',(-6.4342002487984,-39.0247398268631,49.878856515976));
#1832=CARTESIAN_POINT('Ctrl Pts',(-6.44649567727503,-39.0162938331758,50.3324593152879));
#1833=CARTESIAN_POINT('Ctrl Pts',(-6.47014859057385,-39.0000005811453,50.784891224788));
#1834=CARTESIAN_POINT('Ctrl Pts',(-6.48064389398114,-38.9927688957377,94.3836146089178));
#1835=CARTESIAN_POINT('Ctrl Pts',(-6.45706645001651,-39.0090192423253,71.8848434159005));
#1836=CARTESIAN_POINT('Ctrl Pts',(-6.43346995168771,-39.0252419084007,49.4243961754818));
#1837=CARTESIAN_POINT('',(-7.40386201862373,-38.3405574265573,-3.65042156139888));
#1838=CARTESIAN_POINT('',(-5.90386201862375,-39.3842590007234,-3.65042156139888));
#1839=CARTESIAN_POINT('',(-7.40386201862398,-38.3405574265571,5.34957843860111));
#1840=CARTESIAN_POINT('',(-7.40386201862373,-38.3405574265573,-3.65042156139888));
#1841=CARTESIAN_POINT('',(0.476303986276361,-42.986948786477,5.34957843860111));
#1842=CARTESIAN_POINT('Origin',(21.2136756884011,1.18860597969882,5.34957843860111));
#1843=CARTESIAN_POINT('',(0.476303986276361,-42.986948786477,26.8919018490564));
#1844=CARTESIAN_POINT('',(0.476303986276361,-42.986948786477,-3.65042156139888));
#1845=CARTESIAN_POINT('',(-6.43343909106453,-39.0252631251577,49.3836263408632));
#1846=CARTESIAN_POINT('Origin',(21.2136756884011,1.18860597969882,277.690297283256));
#1847=CARTESIAN_POINT('',(-6.47014859057385,-39.0000005811453,50.7717669370478));
#1848=CARTESIAN_POINT('Ctrl Pts',(-6.47015222956314,-38.9999980744361,50.7717666565134));
#1849=CARTESIAN_POINT('Ctrl Pts',(-6.4460152571343,-39.0166247726484,50.3101031488981));
#1850=CARTESIAN_POINT('Ctrl Pts',(-6.43370755410064,-39.0250785562879,49.8472769226134));
#1851=CARTESIAN_POINT('Ctrl Pts',(-6.43343909106453,-39.0252631251577,49.3836263408632));
#1852=CARTESIAN_POINT('',(-6.47014859052038,-39.0000005811821,-3.65042156139888));
#1853=CARTESIAN_POINT('Origin',(-5.90386201862375,-37.4253032205922,21.9855356357278));
#1854=CARTESIAN_POINT('',(-5.90386201862375,-35.9253032205922,21.9855356357278));
#1855=CARTESIAN_POINT('Origin',(-5.90386201862375,-37.4253032205919,21.9855356357278));
#1856=CARTESIAN_POINT('Origin',(4.59613798137602,-39.0252419084007,49.4243961754818));
#1857=CARTESIAN_POINT('',(4.59613798137602,-39.0252419084007,49.4243961754818));
#1858=CARTESIAN_POINT('',(4.59613798137602,-39.0252419084007,49.4243961754818));
#1859=CARTESIAN_POINT('',(4.59613798137602,-39.0252419084007,49.4243961754818));
#1860=CARTESIAN_POINT('Origin',(-7.40386201862375,-27.3013500916443,10.4408956445568));
#1861=CARTESIAN_POINT('',(-7.40386201862375,-24.8013500916443,10.4408956445568));
#1862=CARTESIAN_POINT('Origin',(-7.40386201862242,-27.3013500916443,10.4408956445568));
#1863=CARTESIAN_POINT('',(-5.90386201862375,-24.8013500916443,10.4408956445568));
#1864=CARTESIAN_POINT('',(-7.40386201862375,-24.8013500916443,10.4408956445568));
#1865=CARTESIAN_POINT('Origin',(-5.90386201862375,-27.3013500916443,10.4408956445568));
#1866=CARTESIAN_POINT('Origin',(-5.90386201862375,-27.3013500916443,10.4408956445568));
#1867=CARTESIAN_POINT('',(-5.90386201862375,-25.8013500916443,10.4408956445568));
#1868=CARTESIAN_POINT('Origin',(-5.90386201862375,-27.301350091644,10.4408956445568));
#1869=CARTESIAN_POINT('Origin',(-7.50386201862402,-27.304378620606,111.699294964277));
#1870=CARTESIAN_POINT('',(-7.40386201862402,-24.8043786206059,111.699294964277));
#1871=CARTESIAN_POINT('Origin',(-7.40386201862398,-27.304378620606,111.699294964277));
#1872=CARTESIAN_POINT('',(-6.00386201862402,-24.8043786206059,111.699294964277));
#1873=CARTESIAN_POINT('',(-7.50386201862402,-24.8043786206059,111.699294964277));
#1874=CARTESIAN_POINT('Origin',(-6.00386201862402,-27.304378620606,111.699294964277));
#1875=CARTESIAN_POINT('Origin',(-6.00386201862402,-27.304378620606,111.699294964277));
#1876=CARTESIAN_POINT('',(-6.00386201862402,-25.8043786206059,111.699294964277));
#1877=CARTESIAN_POINT('Origin',(-6.00386201862402,-27.304378620606,111.699294964277));
#1878=CARTESIAN_POINT('Origin',(-7.50386201862402,-34.5071715874503,74.4378087152229));
#1879=CARTESIAN_POINT('',(-7.40386201862402,-32.0071715874503,74.4378087152229));
#1880=CARTESIAN_POINT('Origin',(-7.40386201862398,-34.5071715874503,74.4378087152229));
#1881=CARTESIAN_POINT('',(-6.00386201862402,-32.0071715874503,74.4378087152229));
#1882=CARTESIAN_POINT('',(-7.50386201862402,-32.0071715874503,74.4378087152229));
#1883=CARTESIAN_POINT('Origin',(-6.00386201862402,-34.5071715874503,74.4378087152229));
#1884=CARTESIAN_POINT('Origin',(-6.00386201862402,-34.5071715874503,74.4378087152229));
#1885=CARTESIAN_POINT('',(-6.00386201862402,-33.0071715874503,74.4378087152229));
#1886=CARTESIAN_POINT('Origin',(-6.00386201862402,-34.5071715874503,74.4378087152229));
#1887=CARTESIAN_POINT('Origin',(0.596137981376019,-42.986948786477,5.34957843860111));
#1888=CARTESIAN_POINT('',(0.596137981376019,-42.986948786477,5.34957843860111));
#1889=CARTESIAN_POINT('',(0.596137981376019,-42.986948786477,5.34957843860111));
#1890=CARTESIAN_POINT('',(0.596137981376019,-42.986948786477,26.8919018490564));
#1891=CARTESIAN_POINT('',(0.596137981376019,-42.986948786477,1.34957843860112));
#1892=CARTESIAN_POINT('',(0.596137981376019,-42.986948786477,26.8919018490564));
#1893=CARTESIAN_POINT('Origin',(4.59613798137602,-0.0252687304203703,49.3681013201401));
#1894=CARTESIAN_POINT('',(4.59613798137602,-39.0252631251577,49.3836263408632));
#1895=CARTESIAN_POINT('',(4.59613798137602,-39.0252631251577,49.3836263408632));
#1896=CARTESIAN_POINT('',(4.59613798137602,-39.0252281008031,49.4243961555511));
#1897=CARTESIAN_POINT('Origin',(4.59613798137602,-0.0252687304203703,49.3681013201401));
#1898=CARTESIAN_POINT('',(4.59613798137602,-39.0000005811453,50.7717669370478));
#1899=CARTESIAN_POINT('Origin',(4.59613798137602,-0.0252687304203703,49.3681013201401));
#1900=CARTESIAN_POINT('',(0.596137981376018,-39.0000005811453,50.7717669370478));
#1901=CARTESIAN_POINT('',(4.59613798137602,-39.0000005811453,50.7717669370478));
#1902=CARTESIAN_POINT('',(0.596137981376018,-39.0000005811453,50.7717669370478));
#1903=CARTESIAN_POINT('Origin',(21.2136756884011,1.18860597969882,1.34957843860112));
#1904=CARTESIAN_POINT('',(4.59613798137602,-44.6417326678555,5.34957843860111));
#1905=CARTESIAN_POINT('',(4.59613798137602,-44.6417326679207,17.4971779015437));
#1906=CARTESIAN_POINT('',(4.59613798137602,-44.6417326678555,5.34957843860111));
#1907=CARTESIAN_POINT('Origin',(21.2136756884011,1.18860597969882,277.690297283256));
#1908=CARTESIAN_POINT('Origin',(21.2136756884011,1.18860597969882,5.34957843860111));
#1909=CARTESIAN_POINT('Origin',(4.59613798137602,-44.6417326679207,17.4971779015437));
#1910=CARTESIAN_POINT('',(4.59613798137602,-44.6417326679207,17.4971779015437));
#1911=CARTESIAN_POINT('Origin',(4.59613798137602,-34.5071715874503,74.4378087152229));
#1912=CARTESIAN_POINT('',(4.59613798137602,-33.0071715874503,74.4378087152229));
#1913=CARTESIAN_POINT('',(4.59613798137602,-33.0071715874503,74.4378087152229));
#1914=CARTESIAN_POINT('Origin',(4.59613798137602,-34.5071715874503,74.4378087152229));
#1915=CARTESIAN_POINT('Origin',(4.59613798137602,-37.4253032205919,21.9855356357278));
#1916=CARTESIAN_POINT('',(4.59613798137602,-35.9253032205919,21.9855356357278));
#1917=CARTESIAN_POINT('',(4.59613798137602,-35.9253032205919,21.9855356357278));
#1918=CARTESIAN_POINT('Origin',(4.59613798137602,-37.4253032205919,21.9855356357278));
#1919=CARTESIAN_POINT('Origin',(4.59613798137602,-27.304378620606,111.699294964277));
#1920=CARTESIAN_POINT('',(4.59613798137602,-25.8043786206059,111.699294964277));
#1921=CARTESIAN_POINT('',(4.59613798137602,-25.8043786206059,111.699294964277));
#1922=CARTESIAN_POINT('Origin',(4.59613798137602,-27.304378620606,111.699294964277));
#1923=CARTESIAN_POINT('Origin',(4.59613798137602,-27.301350091644,10.4408956445568));
#1924=CARTESIAN_POINT('',(4.59613798137602,-25.801350091644,10.4408956445568));
#1925=CARTESIAN_POINT('',(4.59613798137602,-25.801350091644,10.4408956445568));
#1926=CARTESIAN_POINT('Origin',(4.59613798137602,-27.301350091644,10.4408956445568));
#1927=CARTESIAN_POINT('Origin',(4.59613798137602,-0.0252679457715166,49.3813095403062));
#1928=CARTESIAN_POINT('',(4.59613798137602,-39.0000005811453,50.784891224788));
#1929=CARTESIAN_POINT('',(4.59613798137602,-39.0000005811453,50.784891224788));
#1930=CARTESIAN_POINT('Origin',(4.59613798137602,-0.0252679457715166,49.3813095403062));
#1931=CARTESIAN_POINT('Origin',(4.59613798137602,-39.0000005811453,50.7717669370478));
#1932=CARTESIAN_POINT('',(4.59613798137602,-39.0000005811453,50.7717669370478));
#1933=CARTESIAN_POINT('Origin',(4.59613798137602,-9.97183573069785,123.362666322705));
#1934=CARTESIAN_POINT('',(4.59613798137602,0.0028883759484799,123.355464675366));
#1935=CARTESIAN_POINT('',(4.59613798137602,-9.97183573069785,123.362666322705));
#1936=CARTESIAN_POINT('',(-7.40386201862398,0.0028883759484799,123.355464675366));
#1937=CARTESIAN_POINT('',(4.59613798137602,0.0028883759484799,123.355464675366));
#1938=CARTESIAN_POINT('',(-7.40386201862398,-4.370316740432,123.358622084097));
#1939=CARTESIAN_POINT('Origin',(4.59613798137602,0.0028883759484799,123.355464675366));
#1940=CARTESIAN_POINT('',(-7.40386201862398,9.97472670715585,123.355464675365));
#1941=CARTESIAN_POINT('',(-7.40386201862398,0.595747177822456,123.355464675366));
#1942=CARTESIAN_POINT('',(4.59613798137602,9.97472670715585,123.355464675365));
#1943=CARTESIAN_POINT('',(4.59613798137602,0.0028883759484799,123.355464675366));
#1944=CARTESIAN_POINT('',(4.59613798137602,9.97472670715585,123.355464675365));
#1945=CARTESIAN_POINT('Origin',(4.59613798137602,9.9747267071563,94.3554646753655));
#1946=CARTESIAN_POINT('',(-7.40386201862398,38.9747267071563,94.3554646753655));
#1947=CARTESIAN_POINT('Origin',(-7.40386201862398,9.9747267071563,94.3554646753655));
#1948=CARTESIAN_POINT('',(4.59613798137602,38.9747267071563,94.3554646753655));
#1949=CARTESIAN_POINT('Origin',(4.59613798137602,9.9747267071563,94.3554646753655));
#1950=CARTESIAN_POINT('',(4.59613798137602,38.9747267071563,94.3554646753655));
#1951=CARTESIAN_POINT('Origin',(4.59613798137602,38.9747267071563,94.3554646753655));
#1952=CARTESIAN_POINT('',(-7.40386201862375,38.9747297487723,49.3789927387484));
#1953=CARTESIAN_POINT('',(4.59613798137602,38.9747297487718,49.3789927387484));
#1954=CARTESIAN_POINT('',(-7.40386201862398,38.9747277215361,79.3557966958335));
#1955=CARTESIAN_POINT('',(4.59613798137602,38.9747267071563,94.3554646753655));
#1956=CARTESIAN_POINT('Origin',(4.59613798137602,46.9992328681252,16.95740979533));
#1957=CARTESIAN_POINT('',(4.59613798137602,47.0189446272787,16.9342096059105));
#1958=CARTESIAN_POINT('Origin',(21.2136756884011,1.18860597969882,70.8752368627882));
#1959=CARTESIAN_POINT('',(4.59613798137602,46.9992328681252,16.95740979533));
#1960=CARTESIAN_POINT('Origin',(4.59613798137602,37.4240429776367,21.9851359889471));
#1961=CARTESIAN_POINT('',(-5.90386201862375,38.9240429776364,21.9851359889471));
#1962=CARTESIAN_POINT('Origin',(-5.90386201862375,37.4240429776367,21.9851359889471));
#1963=CARTESIAN_POINT('',(4.59613798137602,38.9240429776367,21.9851359889471));
#1964=CARTESIAN_POINT('',(4.59613798137602,38.9240429776367,21.9851359889471));
#1965=CARTESIAN_POINT('Origin',(4.59613798137602,37.4240429776367,21.9851359889471));
#1966=CARTESIAN_POINT('Origin',(4.59613798137602,27.2999665675423,10.440604109072));
#1967=CARTESIAN_POINT('',(-5.90386201862375,28.7999665675421,10.440604109072));
#1968=CARTESIAN_POINT('Origin',(-5.90386201862375,27.2999665675423,10.440604109072));
#1969=CARTESIAN_POINT('',(4.59613798137602,28.7999665675423,10.440604109072));
#1970=CARTESIAN_POINT('',(4.59613798137602,28.7999665675423,10.440604109072));
#1971=CARTESIAN_POINT('Origin',(4.59613798137602,27.2999665675423,10.440604109072));
#1972=CARTESIAN_POINT('Origin',(4.59613798137602,27.3040764043676,111.699003390678));
#1973=CARTESIAN_POINT('',(-6.00386201862402,28.8040764043677,111.699003390678));
#1974=CARTESIAN_POINT('Origin',(-6.00386201862402,27.3040764043676,111.699003390678));
#1975=CARTESIAN_POINT('',(4.59613798137602,28.8040764043677,111.699003390678));
#1976=CARTESIAN_POINT('',(4.59613798137602,28.8040764043677,111.699003390678));
#1977=CARTESIAN_POINT('Origin',(4.59613798137602,27.3040764043676,111.699003390678));
#1978=CARTESIAN_POINT('Origin',(4.59613798137602,34.5064714666436,74.4374402272978));
#1979=CARTESIAN_POINT('',(-6.00386201862402,36.0064714666436,74.4374402272978));
#1980=CARTESIAN_POINT('Origin',(-6.00386201862402,34.5064714666436,74.4374402272978));
#1981=CARTESIAN_POINT('',(4.59613798137602,36.0064714666436,74.4374402272978));
#1982=CARTESIAN_POINT('',(4.59613798137602,36.0064714666436,74.4374402272978));
#1983=CARTESIAN_POINT('Origin',(4.59613798137602,34.5064714666436,74.4374402272978));
#1984=CARTESIAN_POINT('Origin',(4.59613798137602,0.,9.50807242915439));
#1985=CARTESIAN_POINT('',(-5.90386201862375,1.5,9.50807242915439));
#1986=CARTESIAN_POINT('Origin',(-5.90386201862375,0.,9.50807242915439));
#1987=CARTESIAN_POINT('',(4.59613798137602,1.5,9.50807242915439));
#1988=CARTESIAN_POINT('',(4.59613798137602,1.5,9.50807242915439));
#1989=CARTESIAN_POINT('Origin',(4.59613798137602,0.,9.50807242915439));
#1990=CARTESIAN_POINT('Origin',(21.2136756884011,1.18860597969882,1.34957843860112));
#1991=CARTESIAN_POINT('',(4.59613798137602,47.0189446273134,5.34957843860111));
#1992=CARTESIAN_POINT('',(4.59613798137602,47.0189446272787,16.9342096059105));
#1993=CARTESIAN_POINT('',(0.596137981376019,45.3641607458747,5.34957843860111));
#1994=CARTESIAN_POINT('Origin',(21.2136756884011,1.18860597969882,5.34957843860111));
#1995=CARTESIAN_POINT('',(0.596137981376019,45.3641607458747,1.34957843860112));
#1996=CARTESIAN_POINT('Origin',(0.596137981376019,45.3641607458747,23.5588323984064));
#1997=CARTESIAN_POINT('',(0.476303986276361,45.3641607458747,5.34957843860111));
#1998=CARTESIAN_POINT('',(0.476303986276361,45.3641607458747,-3.65042156139888));
#1999=CARTESIAN_POINT('',(0.596137981376019,45.3641607458747,5.34957843860111));
#2000=CARTESIAN_POINT('Origin',(4.59613798137602,1.18860597969633,64.3561261609464));
#2001=CARTESIAN_POINT('',(4.59613798137602,47.0189446273134,5.34957843860111));
#2002=CARTESIAN_POINT('',(4.59613798137827,32.9747312695796,49.3681013201401));
#2003=CARTESIAN_POINT('Origin',(4.59613798137602,-0.0252687304202337,49.3681013201401));
#2004=CARTESIAN_POINT('',(4.59613798137602,-0.000120907073324718,117.355465314595));
#2005=CARTESIAN_POINT('',(4.59613798137602,1.50126389952928,118.855464675365));
#2006=CARTESIAN_POINT('Origin',(4.59613798137602,0.0012638995292813,118.855464675365));
#2007=CARTESIAN_POINT('',(4.59613798137602,1.49988745677676,118.855464675365));
#2008=CARTESIAN_POINT('',(4.59613798137602,0.594934939612804,118.855464675365));
#2009=CARTESIAN_POINT('Origin',(4.59613798137602,-0.000112898047950338,
118.855465669399));
#2010=CARTESIAN_POINT('Origin',(-7.50386201862402,-0.000112898047950338,
118.855465669399));
#2011=CARTESIAN_POINT('',(-6.00386201862402,1.49988745677676,118.855464675365));
#2012=CARTESIAN_POINT('',(-6.00386201862402,-0.000120907071490747,117.355465314595));
#2013=CARTESIAN_POINT('Origin',(-6.00386201862402,-0.000112898047950338,
118.855465669399));
#2014=CARTESIAN_POINT('',(4.59613798137602,-0.000120907073324718,117.355465314595));
#2015=CARTESIAN_POINT('',(-7.50386201862402,1.49988745677676,118.855464675365));
#2016=CARTESIAN_POINT('Origin',(4.59613798137602,0.0012638995292813,118.855464675365));
#2017=CARTESIAN_POINT('',(-6.00386201862402,1.50126389952928,118.855464675365));
#2018=CARTESIAN_POINT('',(-6.00386201862402,0.00057550074066548,118.855464675365));
#2019=CARTESIAN_POINT('',(-7.50386201862402,1.50126389952928,118.855464675365));
#2020=CARTESIAN_POINT('Origin',(-6.00386201862402,34.5064714666436,74.4374402272978));
#2021=CARTESIAN_POINT('',(-6.00386201862402,37.0064714666436,74.4374402272978));
#2022=CARTESIAN_POINT('Origin',(-6.00386201862402,34.5064714666436,74.4374402272978));
#2023=CARTESIAN_POINT('Origin',(-7.50386201862402,34.5064714666436,74.4374402272978));
#2024=CARTESIAN_POINT('',(-7.40386201862402,37.0064714666436,74.4374402272978));
#2025=CARTESIAN_POINT('Origin',(-7.40386201862398,34.5064714666436,74.4374402272978));
#2026=CARTESIAN_POINT('',(-7.50386201862402,37.0064714666436,74.4374402272978));
#2027=CARTESIAN_POINT('Origin',(-6.00386201862402,27.3040764043676,111.699003390678));
#2028=CARTESIAN_POINT('',(-6.00386201862402,29.8040764043677,111.699003390678));
#2029=CARTESIAN_POINT('Origin',(-6.00386201862402,27.3040764043676,111.699003390678));
#2030=CARTESIAN_POINT('Origin',(-7.50386201862402,27.3040764043676,111.699003390678));
#2031=CARTESIAN_POINT('',(-7.40386201862402,29.8040764043677,111.699003390678));
#2032=CARTESIAN_POINT('Origin',(-7.40386201862398,27.3040764043676,111.699003390678));
#2033=CARTESIAN_POINT('',(-7.50386201862402,29.8040764043677,111.699003390678));
#2034=CARTESIAN_POINT('Origin',(4.59613798137602,0.0012638995292813,118.855464675365));
#2035=CARTESIAN_POINT('Origin',(-6.00386201862402,0.0012638995292813,118.855464675365));
#2036=CARTESIAN_POINT('Origin',(-6.00386201862402,-0.000112898047950338,
118.855465669399));
#2037=CARTESIAN_POINT('',(-6.00386201862402,2.49988710195205,118.855465669399));
#2038=CARTESIAN_POINT('Origin',(-6.00386201862402,-0.000112898047950338,
118.855465669399));
#2039=CARTESIAN_POINT('Origin',(-5.90386201862375,37.4240429776364,21.9851359889471));
#2040=CARTESIAN_POINT('',(-5.90386201862375,39.9240429776364,21.9851359889471));
#2041=CARTESIAN_POINT('Origin',(-5.90386201862375,37.4240429776364,21.9851359889471));
#2042=CARTESIAN_POINT('Origin',(-7.40386201862375,37.4240429776364,21.9851359889471));
#2043=CARTESIAN_POINT('',(-7.40386201862375,39.9240429776364,21.9851359889471));
#2044=CARTESIAN_POINT('Origin',(-7.40386201862242,37.4240429776364,21.9851359889471));
#2045=CARTESIAN_POINT('',(-7.40386201862375,39.9240429776364,21.9851359889471));
#2046=CARTESIAN_POINT('Origin',(-5.90386201862375,27.2999665675421,10.440604109072));
#2047=CARTESIAN_POINT('',(-5.90386201862375,29.7999665675421,10.440604109072));
#2048=CARTESIAN_POINT('Origin',(-5.90386201862375,27.2999665675421,10.440604109072));
#2049=CARTESIAN_POINT('Origin',(-7.40386201862375,27.2999665675421,10.440604109072));
#2050=CARTESIAN_POINT('',(-7.40386201862375,29.7999665675421,10.440604109072));
#2051=CARTESIAN_POINT('Origin',(-7.40386201862242,27.2999665675421,10.440604109072));
#2052=CARTESIAN_POINT('',(-7.40386201862375,29.7999665675421,10.440604109072));
#2053=CARTESIAN_POINT('Origin',(-5.90386201862375,-2.52853293858379E-13,
9.50807242915439));
#2054=CARTESIAN_POINT('',(-5.90386201862375,2.49999999999975,9.50807242915439));
#2055=CARTESIAN_POINT('Origin',(-5.90386201862375,-2.52966087546826E-13,
9.50807242915439));
#2056=CARTESIAN_POINT('Origin',(21.2136756884011,1.18860597969882,-3.65042156139888));
#2057=CARTESIAN_POINT('',(-7.40386201862398,40.7177693859548,5.34957843860111));
#2058=CARTESIAN_POINT('Origin',(21.2136756884011,1.18860597969882,5.34957843860111));
#2059=CARTESIAN_POINT('',(-7.40386201862103,40.7177693859569,-3.65042156139888));
#2060=CARTESIAN_POINT('Origin',(4.59613798137602,-0.0252687304203703,49.3681013201401));
#2061=CARTESIAN_POINT('Origin',(-7.40386201862375,-0.0252687304199606,49.3681013201401));
#2062=CARTESIAN_POINT('Origin',(8.59613798137625,-0.0252687304205068,49.3681013201401));
#2063=CARTESIAN_POINT('',(8.59613798137737,32.9747312695795,49.3681013201401));
#2064=CARTESIAN_POINT('Origin',(-7.40386201862375,-2.52966087546826E-13,
9.50807242915439));
#2065=CARTESIAN_POINT('',(-7.40386201862242,2.49999999999975,9.50807242915439));
#2066=CARTESIAN_POINT('Origin',(-7.40386201862242,-2.52966087546826E-13,
9.50807242915439));
#2067=CARTESIAN_POINT('',(-7.40386201862375,2.49999999999975,9.50807242915439));
#2068=CARTESIAN_POINT('Origin',(-7.40386201862242,-0.0252687304199606,49.3681013201401));
#2069=CARTESIAN_POINT('',(-7.40386201862398,47.0189446273134,5.34957843860111));
#2070=CARTESIAN_POINT('',(-7.40386201862398,2.49988710195205,118.855465669399));
#2071=CARTESIAN_POINT('Origin',(-7.40386201862398,-0.000112898047950338,
118.855465669399));
#2072=CARTESIAN_POINT('Origin',(-7.50386201862402,-0.000112898047950338,
118.855465669399));
#2073=CARTESIAN_POINT('',(-7.50386201862402,2.49988710195205,118.855465669399));
#2074=CARTESIAN_POINT('Origin',(4.59613798137602,47.0189446273134,5.34957843860111));
#2075=CARTESIAN_POINT('',(0.,0.,0.));
#2076=CARTESIAN_POINT('',(0.,0.,0.));
#2077=UNCERTAINTY_MEASURE_WITH_UNIT(LENGTH_MEASURE(0.01),#2085,
'DISTANCE_ACCURACY_VALUE',
'Maximum model space distance between geometric entities at asserted c
onnectivities');
#2078=UNCERTAINTY_MEASURE_WITH_UNIT(LENGTH_MEASURE(0.01),#2085,
'DISTANCE_ACCURACY_VALUE',
'Maximum model space distance between geometric entities at asserted c
onnectivities');
#2079=UNCERTAINTY_MEASURE_WITH_UNIT(LENGTH_MEASURE(0.01),#2085,
'DISTANCE_ACCURACY_VALUE',
'Maximum model space distance between geometric entities at asserted c
onnectivities');
#2080=UNCERTAINTY_MEASURE_WITH_UNIT(LENGTH_MEASURE(0.01),#2085,
'DISTANCE_ACCURACY_VALUE',
'Maximum model space distance between geometric entities at asserted c
onnectivities');
#2081=(
GEOMETRIC_REPRESENTATION_CONTEXT(3)
GLOBAL_UNCERTAINTY_ASSIGNED_CONTEXT((#2077))
GLOBAL_UNIT_ASSIGNED_CONTEXT((#2085,#2087,#2088))
REPRESENTATION_CONTEXT('','3D')
);
#2082=(
GEOMETRIC_REPRESENTATION_CONTEXT(3)
GLOBAL_UNCERTAINTY_ASSIGNED_CONTEXT((#2078))
GLOBAL_UNIT_ASSIGNED_CONTEXT((#2085,#2087,#2088))
REPRESENTATION_CONTEXT('','3D')
);
#2083=(
GEOMETRIC_REPRESENTATION_CONTEXT(3)
GLOBAL_UNCERTAINTY_ASSIGNED_CONTEXT((#2079))
GLOBAL_UNIT_ASSIGNED_CONTEXT((#2085,#2087,#2088))
REPRESENTATION_CONTEXT('','3D')
);
#2084=(
GEOMETRIC_REPRESENTATION_CONTEXT(3)
GLOBAL_UNCERTAINTY_ASSIGNED_CONTEXT((#2080))
GLOBAL_UNIT_ASSIGNED_CONTEXT((#2085,#2087,#2088))
REPRESENTATION_CONTEXT('','3D')
);
#2085=(
LENGTH_UNIT()
NAMED_UNIT(*)
SI_UNIT(.MILLI.,.METRE.)
);
#2086=(
LENGTH_UNIT()
NAMED_UNIT(*)
SI_UNIT($,.METRE.)
);
#2087=(
NAMED_UNIT(*)
PLANE_ANGLE_UNIT()
SI_UNIT($,.RADIAN.)
);
#2088=(
NAMED_UNIT(*)
SI_UNIT($,.STERADIAN.)
SOLID_ANGLE_UNIT()
);
#2089=SHAPE_DEFINITION_REPRESENTATION(#2092,#2097);
#2090=SHAPE_DEFINITION_REPRESENTATION(#2093,#2098);
#2091=SHAPE_DEFINITION_REPRESENTATION(#2094,#2099);
#2092=PRODUCT_DEFINITION_SHAPE('',$,#2101);
#2093=PRODUCT_DEFINITION_SHAPE('',$,#2102);
#2094=PRODUCT_DEFINITION_SHAPE('',$,#2103);
#2095=PRODUCT_DEFINITION_SHAPE($,$,#17);
#2096=PRODUCT_DEFINITION_SHAPE($,$,#18);
#2097=SHAPE_REPRESENTATION('',(#1169,#1306,#1307),#2081);
#2098=SHAPE_REPRESENTATION('',(#1170),#2082);
#2099=SHAPE_REPRESENTATION('',(#1171),#2083);
#2100=PRODUCT_DEFINITION_CONTEXT('part definition',#2111,'design');
#2101=PRODUCT_DEFINITION('DSSERVO 80 kg','c_base v40',#2104,#2100);
#2102=PRODUCT_DEFINITION('joint1','joint1',#2105,#2100);
#2103=PRODUCT_DEFINITION('joint1_connector','joint1_connector',#2106,#2100);
#2104=PRODUCT_DEFINITION_FORMATION('',$,#2113);
#2105=PRODUCT_DEFINITION_FORMATION('',$,#2114);
#2106=PRODUCT_DEFINITION_FORMATION('',$,#2115);
#2107=PRODUCT_RELATED_PRODUCT_CATEGORY('c_base v40','c_base v40',(#2113));
#2108=PRODUCT_RELATED_PRODUCT_CATEGORY('joint1','joint1',(#2114));
#2109=PRODUCT_RELATED_PRODUCT_CATEGORY('joint1_connector',
'joint1_connector',(#2115));
#2110=APPLICATION_PROTOCOL_DEFINITION('international standard',
'automotive_design',2009,#2111);
#2111=APPLICATION_CONTEXT(
'Core Data for Automotive Mechanical Design Process');
#2112=PRODUCT_CONTEXT('part definition',#2111,'mechanical');
#2113=PRODUCT('DSSERVO 80 kg','c_base v40','STEP AP203',(#2112));
#2114=PRODUCT('joint1','joint1',$,(#2112));
#2115=PRODUCT('joint1_connector','joint1_connector',$,(#2112));
#2116=PRESENTATION_STYLE_ASSIGNMENT((#2117));
#2117=SURFACE_STYLE_USAGE(.BOTH.,#2118);
#2118=SURFACE_SIDE_STYLE('',(#2119));
#2119=SURFACE_STYLE_FILL_AREA(#2120);
#2120=FILL_AREA_STYLE('Steel - Satin',(#2121));
#2121=FILL_AREA_STYLE_COLOUR('Steel - Satin',#2122);
#2122=COLOUR_RGB('Steel - Satin',0.627450980392157,0.627450980392157,0.627450980392157);
ENDSEC;
END-ISO-10303-21;
