ISO-10303-21;
HEADER;
/* Generated by software containing ST-Developer
 * from STEP Tools, Inc. (www.steptools.com) 
 */

FILE_DESCRIPTION(
/* description */ ('STEP AP203'),
/* implementation_level */ '2;1');

FILE_NAME(
/* name */ 'Link1.1.step',
/* time_stamp */ '2025-12-11T15:22:09+05:30',
/* author */ (''),
/* organization */ (''),
/* preprocessor_version */ 'ST-DEVELOPER v20.1',
/* originating_system */ 'Autodesk Translation Framework v14.21.0.0',
/* authorisation */ '');

FILE_SCHEMA (('AUTOMOTIVE_DESIGN { 1 0 10303 214 3 1 1 }'));
ENDSEC;

DATA;
#10=MECHANICAL_DESIGN_GEOMETRIC_PRESENTATION_REPRESENTATION('',(#17,#18),
#2837);
#11=ITEM_DEFINED_TRANSFORMATION($,$,#1627,#1725);
#12=(
REPRESENTATION_RELATIONSHIP($,$,#2848,#2847)
REPRESENTATION_RELATIONSHIP_WITH_TRANSFORMATION(#11)
SHAPE_REPRESENTATION_RELATIONSHIP()
);
#13=CONTEXT_DEPENDENT_SHAPE_REPRESENTATION(#12,#2846);
#14=NEXT_ASSEMBLY_USAGE_OCCURRENCE('link1_m:1','link1_m:1','link1_m:1',
#2850,#2851,'link1_m:1');
#15=SHAPE_REPRESENTATION_RELATIONSHIP('SRR','None',#2848,#16);
#16=ADVANCED_BREP_SHAPE_REPRESENTATION('',(#19,#20),#2836);
#17=STYLED_ITEM('',(#2861),#19);
#18=STYLED_ITEM('',(#2861),#20);
#19=MANIFOLD_SOLID_BREP('Body1',#1612);
#20=MANIFOLD_SOLID_BREP('Body7',#1613);
#21=TOROIDAL_SURFACE('',#1680,32.25,3.24999999999999);
#22=CYLINDRICAL_SURFACE('',#1667,62.);
#23=CYLINDRICAL_SURFACE('',#1671,62.);
#24=CYLINDRICAL_SURFACE('',#1686,32.25);
#25=CYLINDRICAL_SURFACE('',#1688,35.);
#26=CYLINDRICAL_SURFACE('',#1691,14.25);
#27=CYLINDRICAL_SURFACE('',#1699,14.25);
#28=CYLINDRICAL_SURFACE('',#1702,1.5);
#29=CYLINDRICAL_SURFACE('',#1703,35.);
#30=CYLINDRICAL_SURFACE('',#1704,39.);
#31=CYLINDRICAL_SURFACE('',#1707,32.25);
#32=CYLINDRICAL_SURFACE('',#1709,1.50000000000001);
#33=CYLINDRICAL_SURFACE('',#1712,1.49999999999999);
#34=CIRCLE('',#1661,62.);
#35=CIRCLE('',#1662,35.);
#36=CIRCLE('',#1663,35.);
#37=CIRCLE('',#1664,62.);
#38=CIRCLE('',#1665,39.);
#39=CIRCLE('',#1666,1.5);
#40=CIRCLE('',#1668,62.);
#41=CIRCLE('',#1672,62.);
#42=CIRCLE('',#1675,39.);
#43=CIRCLE('',#1676,35.);
#44=CIRCLE('',#1677,35.);
#45=CIRCLE('',#1678,35.);
#46=CIRCLE('',#1679,32.25);
#47=CIRCLE('',#1681,32.25);
#48=CIRCLE('',#1682,32.25);
#49=CIRCLE('',#1683,3.24999999999999);
#50=CIRCLE('',#1684,32.25);
#51=CIRCLE('',#1685,32.25);
#52=CIRCLE('',#1687,32.25);
#53=CIRCLE('',#1692,14.25);
#54=CIRCLE('',#1693,14.25);
#55=CIRCLE('',#1696,14.25);
#56=CIRCLE('',#1697,1.5);
#57=CIRCLE('',#1700,14.25);
#58=CIRCLE('',#1710,1.50000000000001);
#59=CIRCLE('',#1711,1.50000000000001);
#60=CIRCLE('',#1713,1.49999999999999);
#61=CIRCLE('',#1714,1.49999999999999);
#62=FACE_BOUND('',#235,.T.);
#63=FACE_BOUND('',#257,.T.);
#64=FACE_BOUND('',#258,.T.);
#65=FACE_BOUND('',#259,.T.);
#66=FACE_BOUND('',#260,.T.);
#67=FACE_BOUND('',#267,.T.);
#68=FACE_BOUND('',#276,.T.);
#69=FACE_BOUND('',#285,.T.);
#70=FACE_BOUND('',#297,.T.);
#71=FACE_BOUND('',#298,.T.);
#72=FACE_BOUND('',#301,.T.);
#73=FACE_BOUND('',#302,.T.);
#74=B_SPLINE_CURVE_WITH_KNOTS('',3,(#2115,#2116,#2117,#2118,#2119),
 .UNSPECIFIED.,.F.,.F.,(4,1,4),(0.,0.112117887696121,0.257529381173151),
 .UNSPECIFIED.);
#75=B_SPLINE_CURVE_WITH_KNOTS('',3,(#2122,#2123,#2124,#2125,#2126),
 .UNSPECIFIED.,.F.,.F.,(4,1,4),(0.,0.112117887696121,0.257529381173151),
 .UNSPECIFIED.);
#76=B_SPLINE_CURVE_WITH_KNOTS('',3,(#2138,#2139,#2140,#2141,#2142),
 .UNSPECIFIED.,.F.,.F.,(4,1,4),(0.,0.0988523696909251,0.196030777716345),
 .UNSPECIFIED.);
#77=B_SPLINE_CURVE_WITH_KNOTS('',3,(#2145,#2146,#2147,#2148,#2149),
 .UNSPECIFIED.,.F.,.F.,(4,1,4),(0.,0.0988523696909251,0.196030777716345),
 .UNSPECIFIED.);
#78=B_SPLINE_CURVE_WITH_KNOTS('',3,(#2161,#2162,#2163,#2164,#2165),
 .UNSPECIFIED.,.F.,.F.,(4,1,4),(0.,0.0711859506247291,0.141854450549063),
 .UNSPECIFIED.);
#79=B_SPLINE_CURVE_WITH_KNOTS('',3,(#2168,#2169,#2170,#2171,#2172),
 .UNSPECIFIED.,.F.,.F.,(4,1,4),(0.,0.0711859506247291,0.141854450549063),
 .UNSPECIFIED.);
#80=B_SPLINE_CURVE_WITH_KNOTS('',3,(#2184,#2185,#2186,#2187,#2188),
 .UNSPECIFIED.,.F.,.F.,(4,1,4),(0.,0.0768011664274911,0.149397837458661),
 .UNSPECIFIED.);
#81=B_SPLINE_CURVE_WITH_KNOTS('',3,(#2191,#2192,#2193,#2194,#2195),
 .UNSPECIFIED.,.F.,.F.,(4,1,4),(0.,0.0768011664274911,0.149397837458661),
 .UNSPECIFIED.);
#82=B_SPLINE_CURVE_WITH_KNOTS('',3,(#2207,#2208,#2209,#2210,#2211),
 .UNSPECIFIED.,.F.,.F.,(4,1,4),(0.,0.12145236871987,0.215428149554614),
 .UNSPECIFIED.);
#83=B_SPLINE_CURVE_WITH_KNOTS('',3,(#2214,#2215,#2216,#2217,#2218),
 .UNSPECIFIED.,.F.,.F.,(4,1,4),(0.,0.12145236871987,0.215428149554614),
 .UNSPECIFIED.);
#84=B_SPLINE_CURVE_WITH_KNOTS('',3,(#2254,#2255,#2256,#2257,#2258),
 .UNSPECIFIED.,.F.,.F.,(4,1,4),(0.,0.0448319397353358,0.110851917744666),
 .UNSPECIFIED.);
#85=B_SPLINE_CURVE_WITH_KNOTS('',3,(#2261,#2262,#2263,#2264,#2265),
 .UNSPECIFIED.,.F.,.F.,(4,1,4),(0.,0.0448319397353358,0.110851917744666),
 .UNSPECIFIED.);
#86=B_SPLINE_CURVE_WITH_KNOTS('',3,(#2277,#2278,#2279,#2280,#2281),
 .UNSPECIFIED.,.F.,.F.,(4,1,4),(0.,0.0510477281296595,0.0993003092131971),
 .UNSPECIFIED.);
#87=B_SPLINE_CURVE_WITH_KNOTS('',3,(#2284,#2285,#2286,#2287,#2288),
 .UNSPECIFIED.,.F.,.F.,(4,1,4),(0.,0.0510477281296595,0.0993003092131971),
 .UNSPECIFIED.);
#88=B_SPLINE_CURVE_WITH_KNOTS('',3,(#2300,#2301,#2302,#2303,#2304),
 .UNSPECIFIED.,.F.,.F.,(4,1,4),(0.,0.0809375259605598,0.142608899731485),
 .UNSPECIFIED.);
#89=B_SPLINE_CURVE_WITH_KNOTS('',3,(#2307,#2308,#2309,#2310,#2311),
 .UNSPECIFIED.,.F.,.F.,(4,1,4),(0.,0.0809375259605598,0.142608899731485),
 .UNSPECIFIED.);
#90=B_SPLINE_CURVE_WITH_KNOTS('',3,(#2323,#2324,#2325,#2326,#2327),
 .UNSPECIFIED.,.F.,.F.,(4,1,4),(0.,0.143168407415202,0.251532665006399),
 .UNSPECIFIED.);
#91=B_SPLINE_CURVE_WITH_KNOTS('',3,(#2330,#2331,#2332,#2333,#2334),
 .UNSPECIFIED.,.F.,.F.,(4,1,4),(0.,0.143168407415202,0.251532665006399),
 .UNSPECIFIED.);
#92=B_SPLINE_CURVE_WITH_KNOTS('',3,(#2364,#2365,#2366,#2367,#2368),
 .UNSPECIFIED.,.F.,.F.,(4,1,4),(0.,0.123410788551514,0.259251371952541),
 .UNSPECIFIED.);
#93=B_SPLINE_CURVE_WITH_KNOTS('',3,(#2371,#2372,#2373,#2374,#2375),
 .UNSPECIFIED.,.F.,.F.,(4,1,4),(0.,0.123410788551514,0.259251371952541),
 .UNSPECIFIED.);
#94=B_SPLINE_CURVE_WITH_KNOTS('',3,(#2387,#2388,#2389,#2390,#2391),
 .UNSPECIFIED.,.F.,.F.,(4,1,4),(0.,0.0788631599601785,0.141433877623258),
 .UNSPECIFIED.);
#95=B_SPLINE_CURVE_WITH_KNOTS('',3,(#2394,#2395,#2396,#2397,#2398),
 .UNSPECIFIED.,.F.,.F.,(4,1,4),(0.,0.0788631599601785,0.141433877623258),
 .UNSPECIFIED.);
#96=B_SPLINE_CURVE_WITH_KNOTS('',3,(#2410,#2411,#2412,#2413,#2414),
 .UNSPECIFIED.,.F.,.F.,(4,1,4),(0.,0.159067784433848,0.353270951153595),
 .UNSPECIFIED.);
#97=B_SPLINE_CURVE_WITH_KNOTS('',3,(#2417,#2418,#2419,#2420,#2421),
 .UNSPECIFIED.,.F.,.F.,(4,1,4),(0.,0.159067784433848,0.353270951153595),
 .UNSPECIFIED.);
#98=B_SPLINE_CURVE_WITH_KNOTS('',3,(#2433,#2434,#2435,#2436,#2437),
 .UNSPECIFIED.,.F.,.F.,(4,1,4),(0.,0.149335665890091,0.29388729203574),
 .UNSPECIFIED.);
#99=B_SPLINE_CURVE_WITH_KNOTS('',3,(#2440,#2441,#2442,#2443,#2444),
 .UNSPECIFIED.,.F.,.F.,(4,1,4),(0.,0.149335665890091,0.29388729203574),
 .UNSPECIFIED.);
#100=B_SPLINE_CURVE_WITH_KNOTS('',3,(#2456,#2457,#2458,#2459,#2460),
 .UNSPECIFIED.,.F.,.F.,(4,1,4),(0.,0.117425046730501,0.23688292443513),
 .UNSPECIFIED.);
#101=B_SPLINE_CURVE_WITH_KNOTS('',3,(#2463,#2464,#2465,#2466,#2467),
 .UNSPECIFIED.,.F.,.F.,(4,1,4),(0.,0.117425046730501,0.23688292443513),
 .UNSPECIFIED.);
#102=B_SPLINE_CURVE_WITH_KNOTS('',3,(#2479,#2480,#2481,#2482,#2483),
 .UNSPECIFIED.,.F.,.F.,(4,1,4),(0.,0.109256309623429,0.222643224784373),
 .UNSPECIFIED.);
#103=B_SPLINE_CURVE_WITH_KNOTS('',3,(#2486,#2487,#2488,#2489,#2490),
 .UNSPECIFIED.,.F.,.F.,(4,1,4),(0.,0.109256309623429,0.222643224784373),
 .UNSPECIFIED.);
#104=B_SPLINE_CURVE_WITH_KNOTS('',3,(#2502,#2503,#2504,#2505,#2506),
 .UNSPECIFIED.,.F.,.F.,(4,1,4),(0.,0.176789771959625,0.30872975367899),
 .UNSPECIFIED.);
#105=B_SPLINE_CURVE_WITH_KNOTS('',3,(#2509,#2510,#2511,#2512,#2513),
 .UNSPECIFIED.,.F.,.F.,(4,1,4),(0.,0.176789771959625,0.30872975367899),
 .UNSPECIFIED.);
#106=B_SPLINE_SURFACE_WITH_KNOTS('',3,1,((#2104,#2105),(#2106,#2107),(#2108,
#2109),(#2110,#2111),(#2112,#2113)),.UNSPECIFIED.,.F.,.F.,.F.,(4,1,4),(2,
2),(0.,0.112117887696121,0.257529381173151),(0.,0.15),.UNSPECIFIED.);
#107=B_SPLINE_SURFACE_WITH_KNOTS('',3,1,((#2127,#2128),(#2129,#2130),(#2131,
#2132),(#2133,#2134),(#2135,#2136)),.UNSPECIFIED.,.F.,.F.,.F.,(4,1,4),(2,
2),(0.,0.0988523696909251,0.196030777716345),(0.,0.15),.UNSPECIFIED.);
#108=B_SPLINE_SURFACE_WITH_KNOTS('',3,1,((#2150,#2151),(#2152,#2153),(#2154,
#2155),(#2156,#2157),(#2158,#2159)),.UNSPECIFIED.,.F.,.F.,.F.,(4,1,4),(2,
2),(0.,0.0711859506247291,0.141854450549063),(0.,0.15),.UNSPECIFIED.);
#109=B_SPLINE_SURFACE_WITH_KNOTS('',3,1,((#2173,#2174),(#2175,#2176),(#2177,
#2178),(#2179,#2180),(#2181,#2182)),.UNSPECIFIED.,.F.,.F.,.F.,(4,1,4),(2,
2),(0.,0.0768011664274911,0.149397837458661),(0.,0.15),.UNSPECIFIED.);
#110=B_SPLINE_SURFACE_WITH_KNOTS('',3,1,((#2196,#2197),(#2198,#2199),(#2200,
#2201),(#2202,#2203),(#2204,#2205)),.UNSPECIFIED.,.F.,.F.,.F.,(4,1,4),(2,
2),(0.,0.12145236871987,0.215428149554614),(0.,0.15),.UNSPECIFIED.);
#111=B_SPLINE_SURFACE_WITH_KNOTS('',3,1,((#2243,#2244),(#2245,#2246),(#2247,
#2248),(#2249,#2250),(#2251,#2252)),.UNSPECIFIED.,.F.,.F.,.F.,(4,1,4),(2,
2),(0.,0.0448319397353358,0.110851917744666),(0.,0.15),.UNSPECIFIED.);
#112=B_SPLINE_SURFACE_WITH_KNOTS('',3,1,((#2266,#2267),(#2268,#2269),(#2270,
#2271),(#2272,#2273),(#2274,#2275)),.UNSPECIFIED.,.F.,.F.,.F.,(4,1,4),(2,
2),(0.,0.0510477281296595,0.0993003092131971),(0.,0.15),.UNSPECIFIED.);
#113=B_SPLINE_SURFACE_WITH_KNOTS('',3,1,((#2289,#2290),(#2291,#2292),(#2293,
#2294),(#2295,#2296),(#2297,#2298)),.UNSPECIFIED.,.F.,.F.,.F.,(4,1,4),(2,
2),(0.,0.0809375259605598,0.142608899731485),(0.,0.15),.UNSPECIFIED.);
#114=B_SPLINE_SURFACE_WITH_KNOTS('',3,1,((#2312,#2313),(#2314,#2315),(#2316,
#2317),(#2318,#2319),(#2320,#2321)),.UNSPECIFIED.,.F.,.F.,.F.,(4,1,4),(2,
2),(0.,0.143168407415202,0.251532665006399),(0.,0.15),.UNSPECIFIED.);
#115=B_SPLINE_SURFACE_WITH_KNOTS('',3,1,((#2353,#2354),(#2355,#2356),(#2357,
#2358),(#2359,#2360),(#2361,#2362)),.UNSPECIFIED.,.F.,.F.,.F.,(4,1,4),(2,
2),(0.,0.123410788551514,0.259251371952541),(0.,0.15),.UNSPECIFIED.);
#116=B_SPLINE_SURFACE_WITH_KNOTS('',3,1,((#2376,#2377),(#2378,#2379),(#2380,
#2381),(#2382,#2383),(#2384,#2385)),.UNSPECIFIED.,.F.,.F.,.F.,(4,1,4),(2,
2),(0.,0.0788631599601785,0.141433877623258),(0.,0.15),.UNSPECIFIED.);
#117=B_SPLINE_SURFACE_WITH_KNOTS('',3,1,((#2399,#2400),(#2401,#2402),(#2403,
#2404),(#2405,#2406),(#2407,#2408)),.UNSPECIFIED.,.F.,.F.,.F.,(4,1,4),(2,
2),(0.,0.159067784433848,0.353270951153595),(0.,0.15),.UNSPECIFIED.);
#118=B_SPLINE_SURFACE_WITH_KNOTS('',3,1,((#2422,#2423),(#2424,#2425),(#2426,
#2427),(#2428,#2429),(#2430,#2431)),.UNSPECIFIED.,.F.,.F.,.F.,(4,1,4),(2,
2),(0.,0.149335665890091,0.29388729203574),(0.,0.15),.UNSPECIFIED.);
#119=B_SPLINE_SURFACE_WITH_KNOTS('',3,1,((#2445,#2446),(#2447,#2448),(#2449,
#2450),(#2451,#2452),(#2453,#2454)),.UNSPECIFIED.,.F.,.F.,.F.,(4,1,4),(2,
2),(0.,0.117425046730501,0.23688292443513),(0.,0.15),.UNSPECIFIED.);
#120=B_SPLINE_SURFACE_WITH_KNOTS('',3,1,((#2468,#2469),(#2470,#2471),(#2472,
#2473),(#2474,#2475),(#2476,#2477)),.UNSPECIFIED.,.F.,.F.,.F.,(4,1,4),(2,
2),(0.,0.109256309623429,0.222643224784373),(0.,0.15),.UNSPECIFIED.);
#121=B_SPLINE_SURFACE_WITH_KNOTS('',3,1,((#2491,#2492),(#2493,#2494),(#2495,
#2496),(#2497,#2498),(#2499,#2500)),.UNSPECIFIED.,.F.,.F.,.F.,(4,1,4),(2,
2),(0.,0.176789771959625,0.30872975367899),(0.,0.15),.UNSPECIFIED.);
#122=FACE_OUTER_BOUND('',#207,.T.);
#123=FACE_OUTER_BOUND('',#208,.T.);
#124=FACE_OUTER_BOUND('',#209,.T.);
#125=FACE_OUTER_BOUND('',#210,.T.);
#126=FACE_OUTER_BOUND('',#211,.T.);
#127=FACE_OUTER_BOUND('',#212,.T.);
#128=FACE_OUTER_BOUND('',#213,.T.);
#129=FACE_OUTER_BOUND('',#214,.T.);
#130=FACE_OUTER_BOUND('',#215,.T.);
#131=FACE_OUTER_BOUND('',#216,.T.);
#132=FACE_OUTER_BOUND('',#217,.T.);
#133=FACE_OUTER_BOUND('',#218,.T.);
#134=FACE_OUTER_BOUND('',#219,.T.);
#135=FACE_OUTER_BOUND('',#220,.T.);
#136=FACE_OUTER_BOUND('',#221,.T.);
#137=FACE_OUTER_BOUND('',#222,.T.);
#138=FACE_OUTER_BOUND('',#223,.T.);
#139=FACE_OUTER_BOUND('',#224,.T.);
#140=FACE_OUTER_BOUND('',#225,.T.);
#141=FACE_OUTER_BOUND('',#226,.T.);
#142=FACE_OUTER_BOUND('',#227,.T.);
#143=FACE_OUTER_BOUND('',#228,.T.);
#144=FACE_OUTER_BOUND('',#229,.T.);
#145=FACE_OUTER_BOUND('',#230,.T.);
#146=FACE_OUTER_BOUND('',#231,.T.);
#147=FACE_OUTER_BOUND('',#232,.T.);
#148=FACE_OUTER_BOUND('',#233,.T.);
#149=FACE_OUTER_BOUND('',#234,.T.);
#150=FACE_OUTER_BOUND('',#236,.T.);
#151=FACE_OUTER_BOUND('',#237,.T.);
#152=FACE_OUTER_BOUND('',#238,.T.);
#153=FACE_OUTER_BOUND('',#239,.T.);
#154=FACE_OUTER_BOUND('',#240,.T.);
#155=FACE_OUTER_BOUND('',#241,.T.);
#156=FACE_OUTER_BOUND('',#242,.T.);
#157=FACE_OUTER_BOUND('',#243,.T.);
#158=FACE_OUTER_BOUND('',#244,.T.);
#159=FACE_OUTER_BOUND('',#245,.T.);
#160=FACE_OUTER_BOUND('',#246,.T.);
#161=FACE_OUTER_BOUND('',#247,.T.);
#162=FACE_OUTER_BOUND('',#248,.T.);
#163=FACE_OUTER_BOUND('',#249,.T.);
#164=FACE_OUTER_BOUND('',#250,.T.);
#165=FACE_OUTER_BOUND('',#251,.T.);
#166=FACE_OUTER_BOUND('',#252,.T.);
#167=FACE_OUTER_BOUND('',#253,.T.);
#168=FACE_OUTER_BOUND('',#254,.T.);
#169=FACE_OUTER_BOUND('',#255,.T.);
#170=FACE_OUTER_BOUND('',#256,.T.);
#171=FACE_OUTER_BOUND('',#261,.T.);
#172=FACE_OUTER_BOUND('',#262,.T.);
#173=FACE_OUTER_BOUND('',#263,.T.);
#174=FACE_OUTER_BOUND('',#264,.T.);
#175=FACE_OUTER_BOUND('',#265,.T.);
#176=FACE_OUTER_BOUND('',#266,.T.);
#177=FACE_OUTER_BOUND('',#268,.T.);
#178=FACE_OUTER_BOUND('',#269,.T.);
#179=FACE_OUTER_BOUND('',#270,.T.);
#180=FACE_OUTER_BOUND('',#271,.T.);
#181=FACE_OUTER_BOUND('',#272,.T.);
#182=FACE_OUTER_BOUND('',#273,.T.);
#183=FACE_OUTER_BOUND('',#274,.T.);
#184=FACE_OUTER_BOUND('',#275,.T.);
#185=FACE_OUTER_BOUND('',#277,.T.);
#186=FACE_OUTER_BOUND('',#278,.T.);
#187=FACE_OUTER_BOUND('',#279,.T.);
#188=FACE_OUTER_BOUND('',#280,.T.);
#189=FACE_OUTER_BOUND('',#281,.T.);
#190=FACE_OUTER_BOUND('',#282,.T.);
#191=FACE_OUTER_BOUND('',#283,.T.);
#192=FACE_OUTER_BOUND('',#284,.T.);
#193=FACE_OUTER_BOUND('',#286,.T.);
#194=FACE_OUTER_BOUND('',#287,.T.);
#195=FACE_OUTER_BOUND('',#288,.T.);
#196=FACE_OUTER_BOUND('',#289,.T.);
#197=FACE_OUTER_BOUND('',#290,.T.);
#198=FACE_OUTER_BOUND('',#291,.T.);
#199=FACE_OUTER_BOUND('',#292,.T.);
#200=FACE_OUTER_BOUND('',#293,.T.);
#201=FACE_OUTER_BOUND('',#294,.T.);
#202=FACE_OUTER_BOUND('',#295,.T.);
#203=FACE_OUTER_BOUND('',#296,.T.);
#204=FACE_OUTER_BOUND('',#299,.T.);
#205=FACE_OUTER_BOUND('',#300,.T.);
#206=FACE_OUTER_BOUND('',#303,.T.);
#207=EDGE_LOOP('',(#1017,#1018,#1019,#1020));
#208=EDGE_LOOP('',(#1021,#1022,#1023,#1024));
#209=EDGE_LOOP('',(#1025,#1026,#1027,#1028));
#210=EDGE_LOOP('',(#1029,#1030,#1031,#1032));
#211=EDGE_LOOP('',(#1033,#1034,#1035,#1036));
#212=EDGE_LOOP('',(#1037,#1038,#1039,#1040));
#213=EDGE_LOOP('',(#1041,#1042,#1043,#1044));
#214=EDGE_LOOP('',(#1045,#1046,#1047,#1048));
#215=EDGE_LOOP('',(#1049,#1050,#1051,#1052));
#216=EDGE_LOOP('',(#1053,#1054,#1055,#1056));
#217=EDGE_LOOP('',(#1057,#1058,#1059,#1060));
#218=EDGE_LOOP('',(#1061,#1062,#1063,#1064));
#219=EDGE_LOOP('',(#1065,#1066,#1067,#1068));
#220=EDGE_LOOP('',(#1069,#1070,#1071,#1072));
#221=EDGE_LOOP('',(#1073,#1074,#1075,#1076));
#222=EDGE_LOOP('',(#1077,#1078,#1079,#1080));
#223=EDGE_LOOP('',(#1081,#1082,#1083,#1084));
#224=EDGE_LOOP('',(#1085,#1086,#1087,#1088));
#225=EDGE_LOOP('',(#1089,#1090,#1091,#1092));
#226=EDGE_LOOP('',(#1093,#1094,#1095,#1096));
#227=EDGE_LOOP('',(#1097,#1098,#1099,#1100));
#228=EDGE_LOOP('',(#1101,#1102,#1103,#1104));
#229=EDGE_LOOP('',(#1105,#1106,#1107,#1108));
#230=EDGE_LOOP('',(#1109,#1110,#1111,#1112));
#231=EDGE_LOOP('',(#1113,#1114,#1115,#1116));
#232=EDGE_LOOP('',(#1117,#1118,#1119,#1120));
#233=EDGE_LOOP('',(#1121,#1122,#1123,#1124));
#234=EDGE_LOOP('',(#1125,#1126,#1127,#1128,#1129,#1130,#1131,#1132,#1133,
#1134,#1135,#1136,#1137,#1138,#1139,#1140,#1141,#1142,#1143));
#235=EDGE_LOOP('',(#1144,#1145,#1146,#1147,#1148,#1149,#1150,#1151));
#236=EDGE_LOOP('',(#1152,#1153,#1154,#1155));
#237=EDGE_LOOP('',(#1156,#1157,#1158,#1159));
#238=EDGE_LOOP('',(#1160,#1161,#1162,#1163));
#239=EDGE_LOOP('',(#1164,#1165,#1166,#1167));
#240=EDGE_LOOP('',(#1168,#1169,#1170,#1171));
#241=EDGE_LOOP('',(#1172,#1173,#1174,#1175));
#242=EDGE_LOOP('',(#1176,#1177,#1178,#1179,#1180,#1181));
#243=EDGE_LOOP('',(#1182,#1183,#1184,#1185));
#244=EDGE_LOOP('',(#1186,#1187,#1188,#1189));
#245=EDGE_LOOP('',(#1190,#1191,#1192,#1193));
#246=EDGE_LOOP('',(#1194,#1195,#1196,#1197));
#247=EDGE_LOOP('',(#1198,#1199,#1200,#1201));
#248=EDGE_LOOP('',(#1202,#1203,#1204,#1205));
#249=EDGE_LOOP('',(#1206,#1207,#1208,#1209));
#250=EDGE_LOOP('',(#1210,#1211,#1212,#1213));
#251=EDGE_LOOP('',(#1214,#1215,#1216,#1217));
#252=EDGE_LOOP('',(#1218,#1219,#1220,#1221));
#253=EDGE_LOOP('',(#1222,#1223,#1224,#1225));
#254=EDGE_LOOP('',(#1226,#1227,#1228,#1229));
#255=EDGE_LOOP('',(#1230,#1231,#1232,#1233,#1234,#1235,#1236,#1237,#1238,
#1239,#1240,#1241));
#256=EDGE_LOOP('',(#1242,#1243,#1244,#1245,#1246,#1247,#1248,#1249));
#257=EDGE_LOOP('',(#1250));
#258=EDGE_LOOP('',(#1251,#1252,#1253,#1254,#1255,#1256,#1257,#1258,#1259,
#1260,#1261,#1262));
#259=EDGE_LOOP('',(#1263,#1264,#1265,#1266,#1267,#1268));
#260=EDGE_LOOP('',(#1269,#1270,#1271,#1272,#1273,#1274,#1275,#1276,#1277,
#1278,#1279,#1280,#1281,#1282,#1283,#1284,#1285,#1286,#1287));
#261=EDGE_LOOP('',(#1288,#1289,#1290,#1291));
#262=EDGE_LOOP('',(#1292,#1293,#1294,#1295));
#263=EDGE_LOOP('',(#1296,#1297,#1298,#1299,#1300,#1301,#1302,#1303));
#264=EDGE_LOOP('',(#1304,#1305,#1306,#1307));
#265=EDGE_LOOP('',(#1308,#1309,#1310,#1311,#1312));
#266=EDGE_LOOP('',(#1313,#1314,#1315,#1316,#1317,#1318,#1319,#1320,#1321));
#267=EDGE_LOOP('',(#1322));
#268=EDGE_LOOP('',(#1323,#1324,#1325,#1326,#1327,#1328));
#269=EDGE_LOOP('',(#1329,#1330,#1331,#1332,#1333));
#270=EDGE_LOOP('',(#1334,#1335,#1336,#1337));
#271=EDGE_LOOP('',(#1338,#1339,#1340,#1341));
#272=EDGE_LOOP('',(#1342,#1343,#1344,#1345));
#273=EDGE_LOOP('',(#1346,#1347,#1348,#1349));
#274=EDGE_LOOP('',(#1350,#1351,#1352,#1353));
#275=EDGE_LOOP('',(#1354,#1355,#1356,#1357,#1358,#1359,#1360,#1361));
#276=EDGE_LOOP('',(#1362));
#277=EDGE_LOOP('',(#1363,#1364,#1365,#1366));
#278=EDGE_LOOP('',(#1367,#1368,#1369,#1370));
#279=EDGE_LOOP('',(#1371,#1372,#1373,#1374));
#280=EDGE_LOOP('',(#1375,#1376,#1377,#1378));
#281=EDGE_LOOP('',(#1379,#1380,#1381,#1382,#1383));
#282=EDGE_LOOP('',(#1384,#1385,#1386,#1387,#1388));
#283=EDGE_LOOP('',(#1389,#1390,#1391,#1392));
#284=EDGE_LOOP('',(#1393));
#285=EDGE_LOOP('',(#1394,#1395,#1396,#1397,#1398,#1399,#1400,#1401));
#286=EDGE_LOOP('',(#1402,#1403,#1404,#1405,#1406));
#287=EDGE_LOOP('',(#1407,#1408,#1409,#1410));
#288=EDGE_LOOP('',(#1411,#1412,#1413,#1414));
#289=EDGE_LOOP('',(#1415,#1416,#1417,#1418));
#290=EDGE_LOOP('',(#1419,#1420,#1421,#1422,#1423,#1424,#1425,#1426));
#291=EDGE_LOOP('',(#1427,#1428,#1429,#1430));
#292=EDGE_LOOP('',(#1431,#1432,#1433,#1434));
#293=EDGE_LOOP('',(#1435,#1436,#1437,#1438));
#294=EDGE_LOOP('',(#1439,#1440,#1441,#1442));
#295=EDGE_LOOP('',(#1443,#1444,#1445,#1446,#1447,#1448,#1449,#1450));
#296=EDGE_LOOP('',(#1451,#1452,#1453,#1454));
#297=EDGE_LOOP('',(#1455));
#298=EDGE_LOOP('',(#1456));
#299=EDGE_LOOP('',(#1457,#1458,#1459,#1460));
#300=EDGE_LOOP('',(#1461,#1462,#1463,#1464));
#301=EDGE_LOOP('',(#1465));
#302=EDGE_LOOP('',(#1466));
#303=EDGE_LOOP('',(#1467,#1468,#1469,#1470));
#304=LINE('',#2098,#471);
#305=LINE('',#2100,#472);
#306=LINE('',#2102,#473);
#307=LINE('',#2103,#474);
#308=LINE('',#2121,#475);
#309=LINE('',#2144,#476);
#310=LINE('',#2167,#477);
#311=LINE('',#2190,#478);
#312=LINE('',#2213,#479);
#313=LINE('',#2221,#480);
#314=LINE('',#2223,#481);
#315=LINE('',#2224,#482);
#316=LINE('',#2226,#483);
#317=LINE('',#2227,#484);
#318=LINE('',#2231,#485);
#319=LINE('',#2233,#486);
#320=LINE('',#2235,#487);
#321=LINE('',#2236,#488);
#322=LINE('',#2239,#489);
#323=LINE('',#2241,#490);
#324=LINE('',#2242,#491);
#325=LINE('',#2260,#492);
#326=LINE('',#2283,#493);
#327=LINE('',#2306,#494);
#328=LINE('',#2329,#495);
#329=LINE('',#2337,#496);
#330=LINE('',#2339,#497);
#331=LINE('',#2340,#498);
#332=LINE('',#2343,#499);
#333=LINE('',#2345,#500);
#334=LINE('',#2346,#501);
#335=LINE('',#2349,#502);
#336=LINE('',#2351,#503);
#337=LINE('',#2352,#504);
#338=LINE('',#2370,#505);
#339=LINE('',#2393,#506);
#340=LINE('',#2416,#507);
#341=LINE('',#2439,#508);
#342=LINE('',#2462,#509);
#343=LINE('',#2485,#510);
#344=LINE('',#2508,#511);
#345=LINE('',#2516,#512);
#346=LINE('',#2518,#513);
#347=LINE('',#2519,#514);
#348=LINE('',#2522,#515);
#349=LINE('',#2524,#516);
#350=LINE('',#2525,#517);
#351=LINE('',#2527,#518);
#352=LINE('',#2528,#519);
#353=LINE('',#2533,#520);
#354=LINE('',#2535,#521);
#355=LINE('',#2537,#522);
#356=LINE('',#2538,#523);
#357=LINE('',#2541,#524);
#358=LINE('',#2543,#525);
#359=LINE('',#2544,#526);
#360=LINE('',#2547,#527);
#361=LINE('',#2549,#528);
#362=LINE('',#2550,#529);
#363=LINE('',#2553,#530);
#364=LINE('',#2555,#531);
#365=LINE('',#2556,#532);
#366=LINE('',#2559,#533);
#367=LINE('',#2561,#534);
#368=LINE('',#2562,#535);
#369=LINE('',#2564,#536);
#370=LINE('',#2565,#537);
#371=LINE('',#2570,#538);
#372=LINE('',#2572,#539);
#373=LINE('',#2574,#540);
#374=LINE('',#2575,#541);
#375=LINE('',#2578,#542);
#376=LINE('',#2580,#543);
#377=LINE('',#2581,#544);
#378=LINE('',#2584,#545);
#379=LINE('',#2586,#546);
#380=LINE('',#2587,#547);
#381=LINE('',#2590,#548);
#382=LINE('',#2592,#549);
#383=LINE('',#2593,#550);
#384=LINE('',#2596,#551);
#385=LINE('',#2598,#552);
#386=LINE('',#2599,#553);
#387=LINE('',#2602,#554);
#388=LINE('',#2604,#555);
#389=LINE('',#2605,#556);
#390=LINE('',#2608,#557);
#391=LINE('',#2610,#558);
#392=LINE('',#2611,#559);
#393=LINE('',#2614,#560);
#394=LINE('',#2616,#561);
#395=LINE('',#2617,#562);
#396=LINE('',#2620,#563);
#397=LINE('',#2622,#564);
#398=LINE('',#2623,#565);
#399=LINE('',#2626,#566);
#400=LINE('',#2628,#567);
#401=LINE('',#2629,#568);
#402=LINE('',#2632,#569);
#403=LINE('',#2634,#570);
#404=LINE('',#2635,#571);
#405=LINE('',#2637,#572);
#406=LINE('',#2638,#573);
#407=LINE('',#2647,#574);
#408=LINE('',#2653,#575);
#409=LINE('',#2656,#576);
#410=LINE('',#2661,#577);
#411=LINE('',#2664,#578);
#412=LINE('',#2667,#579);
#413=LINE('',#2668,#580);
#414=LINE('',#2674,#581);
#415=LINE('',#2675,#582);
#416=LINE('',#2678,#583);
#417=LINE('',#2680,#584);
#418=LINE('',#2681,#585);
#419=LINE('',#2687,#586);
#420=LINE('',#2706,#587);
#421=LINE('',#2708,#588);
#422=LINE('',#2712,#589);
#423=LINE('',#2714,#590);
#424=LINE('',#2716,#591);
#425=LINE('',#2717,#592);
#426=LINE('',#2721,#593);
#427=LINE('',#2723,#594);
#428=LINE('',#2725,#595);
#429=LINE('',#2726,#596);
#430=LINE('',#2731,#597);
#431=LINE('',#2734,#598);
#432=LINE('',#2736,#599);
#433=LINE('',#2738,#600);
#434=LINE('',#2741,#601);
#435=LINE('',#2747,#602);
#436=LINE('',#2748,#603);
#437=LINE('',#2749,#604);
#438=LINE('',#2753,#605);
#439=LINE('',#2756,#606);
#440=LINE('',#2757,#607);
#441=LINE('',#2759,#608);
#442=LINE('',#2763,#609);
#443=LINE('',#2765,#610);
#444=LINE('',#2767,#611);
#445=LINE('',#2773,#612);
#446=LINE('',#2779,#613);
#447=LINE('',#2784,#614);
#448=LINE('',#2786,#615);
#449=LINE('',#2788,#616);
#450=LINE('',#2790,#617);
#451=LINE('',#2792,#618);
#452=LINE('',#2794,#619);
#453=LINE('',#2796,#620);
#454=LINE('',#2797,#621);
#455=LINE('',#2800,#622);
#456=LINE('',#2802,#623);
#457=LINE('',#2803,#624);
#458=LINE('',#2806,#625);
#459=LINE('',#2807,#626);
#460=LINE('',#2810,#627);
#461=LINE('',#2811,#628);
#462=LINE('',#2814,#629);
#463=LINE('',#2815,#630);
#464=LINE('',#2818,#631);
#465=LINE('',#2820,#632);
#466=LINE('',#2822,#633);
#467=LINE('',#2823,#634);
#468=LINE('',#2825,#635);
#469=LINE('',#2827,#636);
#470=LINE('',#2829,#637);
#471=VECTOR('',#1732,10.);
#472=VECTOR('',#1733,10.);
#473=VECTOR('',#1734,10.);
#474=VECTOR('',#1735,10.);
#475=VECTOR('',#1736,10.);
#476=VECTOR('',#1737,10.);
#477=VECTOR('',#1738,10.);
#478=VECTOR('',#1739,10.);
#479=VECTOR('',#1740,10.);
#480=VECTOR('',#1743,10.);
#481=VECTOR('',#1744,10.);
#482=VECTOR('',#1745,10.);
#483=VECTOR('',#1748,10.);
#484=VECTOR('',#1749,10.);
#485=VECTOR('',#1752,10.);
#486=VECTOR('',#1753,10.);
#487=VECTOR('',#1754,10.);
#488=VECTOR('',#1755,10.);
#489=VECTOR('',#1758,10.);
#490=VECTOR('',#1759,10.);
#491=VECTOR('',#1760,10.);
#492=VECTOR('',#1761,10.);
#493=VECTOR('',#1762,10.);
#494=VECTOR('',#1763,10.);
#495=VECTOR('',#1764,10.);
#496=VECTOR('',#1767,10.);
#497=VECTOR('',#1768,10.);
#498=VECTOR('',#1769,10.);
#499=VECTOR('',#1772,10.);
#500=VECTOR('',#1773,10.);
#501=VECTOR('',#1774,10.);
#502=VECTOR('',#1777,10.);
#503=VECTOR('',#1778,10.);
#504=VECTOR('',#1779,10.);
#505=VECTOR('',#1780,10.);
#506=VECTOR('',#1781,10.);
#507=VECTOR('',#1782,10.);
#508=VECTOR('',#1783,10.);
#509=VECTOR('',#1784,10.);
#510=VECTOR('',#1785,10.);
#511=VECTOR('',#1786,10.);
#512=VECTOR('',#1789,10.);
#513=VECTOR('',#1790,10.);
#514=VECTOR('',#1791,10.);
#515=VECTOR('',#1794,10.);
#516=VECTOR('',#1795,10.);
#517=VECTOR('',#1796,10.);
#518=VECTOR('',#1799,10.);
#519=VECTOR('',#1800,10.);
#520=VECTOR('',#1805,10.);
#521=VECTOR('',#1806,10.);
#522=VECTOR('',#1807,10.);
#523=VECTOR('',#1808,10.);
#524=VECTOR('',#1811,10.);
#525=VECTOR('',#1812,10.);
#526=VECTOR('',#1813,10.);
#527=VECTOR('',#1816,10.);
#528=VECTOR('',#1817,10.);
#529=VECTOR('',#1818,10.);
#530=VECTOR('',#1821,10.);
#531=VECTOR('',#1822,10.);
#532=VECTOR('',#1823,10.);
#533=VECTOR('',#1826,10.);
#534=VECTOR('',#1827,10.);
#535=VECTOR('',#1828,10.);
#536=VECTOR('',#1831,10.);
#537=VECTOR('',#1832,10.);
#538=VECTOR('',#1837,10.);
#539=VECTOR('',#1838,10.);
#540=VECTOR('',#1839,10.);
#541=VECTOR('',#1840,10.);
#542=VECTOR('',#1843,10.);
#543=VECTOR('',#1844,10.);
#544=VECTOR('',#1845,10.);
#545=VECTOR('',#1848,10.);
#546=VECTOR('',#1849,10.);
#547=VECTOR('',#1850,10.);
#548=VECTOR('',#1853,10.);
#549=VECTOR('',#1854,10.);
#550=VECTOR('',#1855,10.);
#551=VECTOR('',#1858,10.);
#552=VECTOR('',#1859,10.);
#553=VECTOR('',#1860,10.);
#554=VECTOR('',#1863,10.);
#555=VECTOR('',#1864,10.);
#556=VECTOR('',#1865,10.);
#557=VECTOR('',#1868,10.);
#558=VECTOR('',#1869,10.);
#559=VECTOR('',#1870,10.);
#560=VECTOR('',#1873,10.);
#561=VECTOR('',#1874,10.);
#562=VECTOR('',#1875,10.);
#563=VECTOR('',#1878,10.);
#564=VECTOR('',#1879,10.);
#565=VECTOR('',#1880,10.);
#566=VECTOR('',#1883,10.);
#567=VECTOR('',#1884,10.);
#568=VECTOR('',#1885,10.);
#569=VECTOR('',#1888,10.);
#570=VECTOR('',#1889,10.);
#571=VECTOR('',#1890,10.);
#572=VECTOR('',#1893,10.);
#573=VECTOR('',#1894,10.);
#574=VECTOR('',#1903,10.);
#575=VECTOR('',#1908,10.);
#576=VECTOR('',#1911,10.);
#577=VECTOR('',#1916,62.);
#578=VECTOR('',#1919,10.);
#579=VECTOR('',#1922,10.);
#580=VECTOR('',#1923,10.);
#581=VECTOR('',#1930,62.);
#582=VECTOR('',#1931,10.);
#583=VECTOR('',#1934,10.);
#584=VECTOR('',#1935,10.);
#585=VECTOR('',#1936,10.);
#586=VECTOR('',#1943,10.);
#587=VECTOR('',#1966,32.25);
#588=VECTOR('',#1969,10.);
#589=VECTOR('',#1972,10.);
#590=VECTOR('',#1973,10.);
#591=VECTOR('',#1974,10.);
#592=VECTOR('',#1975,10.);
#593=VECTOR('',#1978,10.);
#594=VECTOR('',#1979,10.);
#595=VECTOR('',#1980,10.);
#596=VECTOR('',#1981,10.);
#597=VECTOR('',#1990,10.);
#598=VECTOR('',#1993,10.);
#599=VECTOR('',#1994,10.);
#600=VECTOR('',#1995,10.);
#601=VECTOR('',#1998,10.);
#602=VECTOR('',#2003,10.);
#603=VECTOR('',#2004,10.);
#604=VECTOR('',#2005,10.);
#605=VECTOR('',#2010,10.);
#606=VECTOR('',#2013,10.);
#607=VECTOR('',#2014,10.);
#608=VECTOR('',#2017,1.5);
#609=VECTOR('',#2024,10.);
#610=VECTOR('',#2027,10.);
#611=VECTOR('',#2030,32.25);
#612=VECTOR('',#2037,1.50000000000001);
#613=VECTOR('',#2044,1.49999999999999);
#614=VECTOR('',#2049,10.);
#615=VECTOR('',#2050,10.);
#616=VECTOR('',#2051,10.);
#617=VECTOR('',#2052,10.);
#618=VECTOR('',#2053,10.);
#619=VECTOR('',#2054,10.);
#620=VECTOR('',#2055,10.);
#621=VECTOR('',#2056,10.);
#622=VECTOR('',#2059,10.);
#623=VECTOR('',#2060,10.);
#624=VECTOR('',#2061,10.);
#625=VECTOR('',#2064,10.);
#626=VECTOR('',#2065,10.);
#627=VECTOR('',#2068,10.);
#628=VECTOR('',#2069,10.);
#629=VECTOR('',#2072,10.);
#630=VECTOR('',#2073,10.);
#631=VECTOR('',#2076,10.);
#632=VECTOR('',#2077,10.);
#633=VECTOR('',#2078,10.);
#634=VECTOR('',#2079,10.);
#635=VECTOR('',#2082,10.);
#636=VECTOR('',#2085,10.);
#637=VECTOR('',#2088,10.);
#638=VERTEX_POINT('',#2096);
#639=VERTEX_POINT('',#2097);
#640=VERTEX_POINT('',#2099);
#641=VERTEX_POINT('',#2101);
#642=VERTEX_POINT('',#2114);
#643=VERTEX_POINT('',#2120);
#644=VERTEX_POINT('',#2137);
#645=VERTEX_POINT('',#2143);
#646=VERTEX_POINT('',#2160);
#647=VERTEX_POINT('',#2166);
#648=VERTEX_POINT('',#2183);
#649=VERTEX_POINT('',#2189);
#650=VERTEX_POINT('',#2206);
#651=VERTEX_POINT('',#2212);
#652=VERTEX_POINT('',#2220);
#653=VERTEX_POINT('',#2222);
#654=VERTEX_POINT('',#2229);
#655=VERTEX_POINT('',#2230);
#656=VERTEX_POINT('',#2232);
#657=VERTEX_POINT('',#2234);
#658=VERTEX_POINT('',#2238);
#659=VERTEX_POINT('',#2240);
#660=VERTEX_POINT('',#2253);
#661=VERTEX_POINT('',#2259);
#662=VERTEX_POINT('',#2276);
#663=VERTEX_POINT('',#2282);
#664=VERTEX_POINT('',#2299);
#665=VERTEX_POINT('',#2305);
#666=VERTEX_POINT('',#2322);
#667=VERTEX_POINT('',#2328);
#668=VERTEX_POINT('',#2336);
#669=VERTEX_POINT('',#2338);
#670=VERTEX_POINT('',#2342);
#671=VERTEX_POINT('',#2344);
#672=VERTEX_POINT('',#2348);
#673=VERTEX_POINT('',#2350);
#674=VERTEX_POINT('',#2363);
#675=VERTEX_POINT('',#2369);
#676=VERTEX_POINT('',#2386);
#677=VERTEX_POINT('',#2392);
#678=VERTEX_POINT('',#2409);
#679=VERTEX_POINT('',#2415);
#680=VERTEX_POINT('',#2432);
#681=VERTEX_POINT('',#2438);
#682=VERTEX_POINT('',#2455);
#683=VERTEX_POINT('',#2461);
#684=VERTEX_POINT('',#2478);
#685=VERTEX_POINT('',#2484);
#686=VERTEX_POINT('',#2501);
#687=VERTEX_POINT('',#2507);
#688=VERTEX_POINT('',#2515);
#689=VERTEX_POINT('',#2517);
#690=VERTEX_POINT('',#2521);
#691=VERTEX_POINT('',#2523);
#692=VERTEX_POINT('',#2531);
#693=VERTEX_POINT('',#2532);
#694=VERTEX_POINT('',#2534);
#695=VERTEX_POINT('',#2536);
#696=VERTEX_POINT('',#2540);
#697=VERTEX_POINT('',#2542);
#698=VERTEX_POINT('',#2546);
#699=VERTEX_POINT('',#2548);
#700=VERTEX_POINT('',#2552);
#701=VERTEX_POINT('',#2554);
#702=VERTEX_POINT('',#2558);
#703=VERTEX_POINT('',#2560);
#704=VERTEX_POINT('',#2568);
#705=VERTEX_POINT('',#2569);
#706=VERTEX_POINT('',#2571);
#707=VERTEX_POINT('',#2573);
#708=VERTEX_POINT('',#2577);
#709=VERTEX_POINT('',#2579);
#710=VERTEX_POINT('',#2583);
#711=VERTEX_POINT('',#2585);
#712=VERTEX_POINT('',#2589);
#713=VERTEX_POINT('',#2591);
#714=VERTEX_POINT('',#2595);
#715=VERTEX_POINT('',#2597);
#716=VERTEX_POINT('',#2601);
#717=VERTEX_POINT('',#2603);
#718=VERTEX_POINT('',#2607);
#719=VERTEX_POINT('',#2609);
#720=VERTEX_POINT('',#2613);
#721=VERTEX_POINT('',#2615);
#722=VERTEX_POINT('',#2619);
#723=VERTEX_POINT('',#2621);
#724=VERTEX_POINT('',#2625);
#725=VERTEX_POINT('',#2627);
#726=VERTEX_POINT('',#2631);
#727=VERTEX_POINT('',#2633);
#728=VERTEX_POINT('',#2641);
#729=VERTEX_POINT('',#2642);
#730=VERTEX_POINT('',#2644);
#731=VERTEX_POINT('',#2646);
#732=VERTEX_POINT('',#2648);
#733=VERTEX_POINT('',#2650);
#734=VERTEX_POINT('',#2652);
#735=VERTEX_POINT('',#2654);
#736=VERTEX_POINT('',#2657);
#737=VERTEX_POINT('',#2660);
#738=VERTEX_POINT('',#2662);
#739=VERTEX_POINT('',#2666);
#740=VERTEX_POINT('',#2671);
#741=VERTEX_POINT('',#2672);
#742=VERTEX_POINT('',#2677);
#743=VERTEX_POINT('',#2679);
#744=VERTEX_POINT('',#2684);
#745=VERTEX_POINT('',#2686);
#746=VERTEX_POINT('',#2688);
#747=VERTEX_POINT('',#2691);
#748=VERTEX_POINT('',#2694);
#749=VERTEX_POINT('',#2695);
#750=VERTEX_POINT('',#2698);
#751=VERTEX_POINT('',#2700);
#752=VERTEX_POINT('',#2704);
#753=VERTEX_POINT('',#2710);
#754=VERTEX_POINT('',#2711);
#755=VERTEX_POINT('',#2713);
#756=VERTEX_POINT('',#2715);
#757=VERTEX_POINT('',#2719);
#758=VERTEX_POINT('',#2720);
#759=VERTEX_POINT('',#2722);
#760=VERTEX_POINT('',#2724);
#761=VERTEX_POINT('',#2733);
#762=VERTEX_POINT('',#2735);
#763=VERTEX_POINT('',#2737);
#764=VERTEX_POINT('',#2739);
#765=VERTEX_POINT('',#2742);
#766=VERTEX_POINT('',#2745);
#767=VERTEX_POINT('',#2746);
#768=VERTEX_POINT('',#2751);
#769=VERTEX_POINT('',#2755);
#770=VERTEX_POINT('',#2770);
#771=VERTEX_POINT('',#2772);
#772=VERTEX_POINT('',#2776);
#773=VERTEX_POINT('',#2778);
#774=VERTEX_POINT('',#2782);
#775=VERTEX_POINT('',#2783);
#776=VERTEX_POINT('',#2785);
#777=VERTEX_POINT('',#2787);
#778=VERTEX_POINT('',#2789);
#779=VERTEX_POINT('',#2791);
#780=VERTEX_POINT('',#2793);
#781=VERTEX_POINT('',#2795);
#782=VERTEX_POINT('',#2799);
#783=VERTEX_POINT('',#2801);
#784=VERTEX_POINT('',#2805);
#785=VERTEX_POINT('',#2809);
#786=VERTEX_POINT('',#2813);
#787=VERTEX_POINT('',#2817);
#788=VERTEX_POINT('',#2819);
#789=VERTEX_POINT('',#2821);
#790=EDGE_CURVE('',#638,#639,#304,.T.);
#791=EDGE_CURVE('',#638,#640,#305,.T.);
#792=EDGE_CURVE('',#640,#641,#306,.T.);
#793=EDGE_CURVE('',#639,#641,#307,.T.);
#794=EDGE_CURVE('',#642,#638,#74,.T.);
#795=EDGE_CURVE('',#642,#643,#308,.T.);
#796=EDGE_CURVE('',#643,#640,#75,.T.);
#797=EDGE_CURVE('',#644,#642,#76,.T.);
#798=EDGE_CURVE('',#644,#645,#309,.T.);
#799=EDGE_CURVE('',#645,#643,#77,.T.);
#800=EDGE_CURVE('',#646,#644,#78,.T.);
#801=EDGE_CURVE('',#646,#647,#310,.T.);
#802=EDGE_CURVE('',#647,#645,#79,.T.);
#803=EDGE_CURVE('',#648,#646,#80,.T.);
#804=EDGE_CURVE('',#648,#649,#311,.T.);
#805=EDGE_CURVE('',#649,#647,#81,.T.);
#806=EDGE_CURVE('',#650,#648,#82,.T.);
#807=EDGE_CURVE('',#650,#651,#312,.T.);
#808=EDGE_CURVE('',#651,#649,#83,.T.);
#809=EDGE_CURVE('',#652,#650,#313,.T.);
#810=EDGE_CURVE('',#652,#653,#314,.T.);
#811=EDGE_CURVE('',#653,#651,#315,.T.);
#812=EDGE_CURVE('',#639,#652,#316,.T.);
#813=EDGE_CURVE('',#641,#653,#317,.T.);
#814=EDGE_CURVE('',#654,#655,#318,.T.);
#815=EDGE_CURVE('',#654,#656,#319,.T.);
#816=EDGE_CURVE('',#656,#657,#320,.T.);
#817=EDGE_CURVE('',#655,#657,#321,.T.);
#818=EDGE_CURVE('',#658,#654,#322,.T.);
#819=EDGE_CURVE('',#658,#659,#323,.T.);
#820=EDGE_CURVE('',#659,#656,#324,.T.);
#821=EDGE_CURVE('',#660,#658,#84,.T.);
#822=EDGE_CURVE('',#660,#661,#325,.T.);
#823=EDGE_CURVE('',#661,#659,#85,.T.);
#824=EDGE_CURVE('',#662,#660,#86,.T.);
#825=EDGE_CURVE('',#662,#663,#326,.T.);
#826=EDGE_CURVE('',#663,#661,#87,.T.);
#827=EDGE_CURVE('',#664,#662,#88,.T.);
#828=EDGE_CURVE('',#664,#665,#327,.T.);
#829=EDGE_CURVE('',#665,#663,#89,.T.);
#830=EDGE_CURVE('',#666,#664,#90,.T.);
#831=EDGE_CURVE('',#666,#667,#328,.T.);
#832=EDGE_CURVE('',#667,#665,#91,.T.);
#833=EDGE_CURVE('',#668,#666,#329,.T.);
#834=EDGE_CURVE('',#668,#669,#330,.T.);
#835=EDGE_CURVE('',#669,#667,#331,.T.);
#836=EDGE_CURVE('',#670,#668,#332,.T.);
#837=EDGE_CURVE('',#670,#671,#333,.T.);
#838=EDGE_CURVE('',#671,#669,#334,.T.);
#839=EDGE_CURVE('',#672,#670,#335,.T.);
#840=EDGE_CURVE('',#672,#673,#336,.T.);
#841=EDGE_CURVE('',#673,#671,#337,.T.);
#842=EDGE_CURVE('',#674,#672,#92,.T.);
#843=EDGE_CURVE('',#674,#675,#338,.T.);
#844=EDGE_CURVE('',#675,#673,#93,.T.);
#845=EDGE_CURVE('',#676,#674,#94,.T.);
#846=EDGE_CURVE('',#676,#677,#339,.T.);
#847=EDGE_CURVE('',#677,#675,#95,.T.);
#848=EDGE_CURVE('',#678,#676,#96,.T.);
#849=EDGE_CURVE('',#678,#679,#340,.T.);
#850=EDGE_CURVE('',#679,#677,#97,.T.);
#851=EDGE_CURVE('',#680,#678,#98,.T.);
#852=EDGE_CURVE('',#680,#681,#341,.T.);
#853=EDGE_CURVE('',#681,#679,#99,.T.);
#854=EDGE_CURVE('',#682,#680,#100,.T.);
#855=EDGE_CURVE('',#682,#683,#342,.T.);
#856=EDGE_CURVE('',#683,#681,#101,.T.);
#857=EDGE_CURVE('',#684,#682,#102,.T.);
#858=EDGE_CURVE('',#684,#685,#343,.T.);
#859=EDGE_CURVE('',#685,#683,#103,.T.);
#860=EDGE_CURVE('',#686,#684,#104,.T.);
#861=EDGE_CURVE('',#686,#687,#344,.T.);
#862=EDGE_CURVE('',#687,#685,#105,.T.);
#863=EDGE_CURVE('',#688,#686,#345,.T.);
#864=EDGE_CURVE('',#688,#689,#346,.T.);
#865=EDGE_CURVE('',#689,#687,#347,.T.);
#866=EDGE_CURVE('',#690,#688,#348,.T.);
#867=EDGE_CURVE('',#690,#691,#349,.T.);
#868=EDGE_CURVE('',#691,#689,#350,.T.);
#869=EDGE_CURVE('',#655,#690,#351,.T.);
#870=EDGE_CURVE('',#657,#691,#352,.T.);
#871=EDGE_CURVE('',#692,#693,#353,.T.);
#872=EDGE_CURVE('',#692,#694,#354,.T.);
#873=EDGE_CURVE('',#694,#695,#355,.T.);
#874=EDGE_CURVE('',#693,#695,#356,.T.);
#875=EDGE_CURVE('',#696,#692,#357,.T.);
#876=EDGE_CURVE('',#696,#697,#358,.T.);
#877=EDGE_CURVE('',#697,#694,#359,.T.);
#878=EDGE_CURVE('',#698,#696,#360,.T.);
#879=EDGE_CURVE('',#698,#699,#361,.T.);
#880=EDGE_CURVE('',#699,#697,#362,.T.);
#881=EDGE_CURVE('',#700,#698,#363,.T.);
#882=EDGE_CURVE('',#700,#701,#364,.T.);
#883=EDGE_CURVE('',#701,#699,#365,.T.);
#884=EDGE_CURVE('',#702,#700,#366,.T.);
#885=EDGE_CURVE('',#702,#703,#367,.T.);
#886=EDGE_CURVE('',#703,#701,#368,.T.);
#887=EDGE_CURVE('',#693,#702,#369,.T.);
#888=EDGE_CURVE('',#695,#703,#370,.T.);
#889=EDGE_CURVE('',#704,#705,#371,.T.);
#890=EDGE_CURVE('',#704,#706,#372,.T.);
#891=EDGE_CURVE('',#706,#707,#373,.T.);
#892=EDGE_CURVE('',#705,#707,#374,.T.);
#893=EDGE_CURVE('',#708,#704,#375,.T.);
#894=EDGE_CURVE('',#708,#709,#376,.T.);
#895=EDGE_CURVE('',#709,#706,#377,.T.);
#896=EDGE_CURVE('',#710,#708,#378,.T.);
#897=EDGE_CURVE('',#710,#711,#379,.T.);
#898=EDGE_CURVE('',#711,#709,#380,.T.);
#899=EDGE_CURVE('',#712,#710,#381,.T.);
#900=EDGE_CURVE('',#712,#713,#382,.T.);
#901=EDGE_CURVE('',#713,#711,#383,.T.);
#902=EDGE_CURVE('',#714,#712,#384,.T.);
#903=EDGE_CURVE('',#714,#715,#385,.T.);
#904=EDGE_CURVE('',#715,#713,#386,.T.);
#905=EDGE_CURVE('',#716,#714,#387,.T.);
#906=EDGE_CURVE('',#716,#717,#388,.T.);
#907=EDGE_CURVE('',#717,#715,#389,.T.);
#908=EDGE_CURVE('',#718,#716,#390,.T.);
#909=EDGE_CURVE('',#718,#719,#391,.T.);
#910=EDGE_CURVE('',#719,#717,#392,.T.);
#911=EDGE_CURVE('',#720,#718,#393,.T.);
#912=EDGE_CURVE('',#720,#721,#394,.T.);
#913=EDGE_CURVE('',#721,#719,#395,.T.);
#914=EDGE_CURVE('',#722,#720,#396,.T.);
#915=EDGE_CURVE('',#722,#723,#397,.T.);
#916=EDGE_CURVE('',#723,#721,#398,.T.);
#917=EDGE_CURVE('',#724,#722,#399,.T.);
#918=EDGE_CURVE('',#724,#725,#400,.T.);
#919=EDGE_CURVE('',#725,#723,#401,.T.);
#920=EDGE_CURVE('',#726,#724,#402,.T.);
#921=EDGE_CURVE('',#726,#727,#403,.T.);
#922=EDGE_CURVE('',#727,#725,#404,.T.);
#923=EDGE_CURVE('',#705,#726,#405,.T.);
#924=EDGE_CURVE('',#707,#727,#406,.T.);
#925=EDGE_CURVE('',#728,#729,#34,.T.);
#926=EDGE_CURVE('',#730,#728,#35,.T.);
#927=EDGE_CURVE('',#731,#730,#407,.T.);
#928=EDGE_CURVE('',#732,#731,#36,.T.);
#929=EDGE_CURVE('',#733,#732,#37,.T.);
#930=EDGE_CURVE('',#734,#733,#408,.T.);
#931=EDGE_CURVE('',#735,#734,#38,.T.);
#932=EDGE_CURVE('',#729,#735,#409,.T.);
#933=EDGE_CURVE('',#736,#736,#39,.T.);
#934=EDGE_CURVE('',#729,#737,#410,.T.);
#935=EDGE_CURVE('',#737,#738,#40,.T.);
#936=EDGE_CURVE('',#728,#738,#411,.T.);
#937=EDGE_CURVE('',#735,#739,#412,.T.);
#938=EDGE_CURVE('',#739,#737,#413,.T.);
#939=EDGE_CURVE('',#740,#741,#41,.T.);
#940=EDGE_CURVE('',#741,#733,#414,.T.);
#941=EDGE_CURVE('',#740,#732,#415,.T.);
#942=EDGE_CURVE('',#741,#742,#416,.T.);
#943=EDGE_CURVE('',#742,#743,#417,.T.);
#944=EDGE_CURVE('',#743,#734,#418,.T.);
#945=EDGE_CURVE('',#742,#739,#42,.T.);
#946=EDGE_CURVE('',#744,#740,#43,.T.);
#947=EDGE_CURVE('',#745,#744,#419,.T.);
#948=EDGE_CURVE('',#745,#746,#44,.T.);
#949=EDGE_CURVE('',#738,#746,#45,.T.);
#950=EDGE_CURVE('',#747,#747,#46,.T.);
#951=EDGE_CURVE('',#748,#749,#47,.T.);
#952=EDGE_CURVE('',#749,#748,#48,.T.);
#953=EDGE_CURVE('',#749,#750,#49,.T.);
#954=EDGE_CURVE('',#751,#750,#50,.T.);
#955=EDGE_CURVE('',#750,#751,#51,.T.);
#956=EDGE_CURVE('',#752,#752,#52,.T.);
#957=EDGE_CURVE('',#752,#751,#420,.T.);
#958=EDGE_CURVE('',#731,#744,#421,.T.);
#959=EDGE_CURVE('',#753,#754,#422,.T.);
#960=EDGE_CURVE('',#755,#753,#423,.T.);
#961=EDGE_CURVE('',#755,#756,#424,.T.);
#962=EDGE_CURVE('',#756,#754,#425,.T.);
#963=EDGE_CURVE('',#757,#758,#426,.T.);
#964=EDGE_CURVE('',#759,#757,#427,.T.);
#965=EDGE_CURVE('',#759,#760,#428,.T.);
#966=EDGE_CURVE('',#760,#758,#429,.T.);
#967=EDGE_CURVE('',#758,#753,#53,.T.);
#968=EDGE_CURVE('',#760,#755,#54,.T.);
#969=EDGE_CURVE('',#730,#745,#430,.T.);
#970=EDGE_CURVE('',#756,#761,#431,.T.);
#971=EDGE_CURVE('',#762,#759,#432,.T.);
#972=EDGE_CURVE('',#762,#763,#433,.T.);
#973=EDGE_CURVE('',#764,#763,#55,.T.);
#974=EDGE_CURVE('',#764,#761,#434,.T.);
#975=EDGE_CURVE('',#765,#765,#56,.T.);
#976=EDGE_CURVE('',#766,#767,#435,.T.);
#977=EDGE_CURVE('',#763,#766,#436,.T.);
#978=EDGE_CURVE('',#762,#767,#437,.T.);
#979=EDGE_CURVE('',#768,#766,#57,.T.);
#980=EDGE_CURVE('',#764,#768,#438,.T.);
#981=EDGE_CURVE('',#769,#768,#439,.T.);
#982=EDGE_CURVE('',#761,#769,#440,.T.);
#983=EDGE_CURVE('',#765,#736,#441,.T.);
#984=EDGE_CURVE('',#767,#757,#442,.T.);
#985=EDGE_CURVE('',#754,#769,#443,.T.);
#986=EDGE_CURVE('',#748,#747,#444,.T.);
#987=EDGE_CURVE('',#770,#770,#58,.T.);
#988=EDGE_CURVE('',#770,#771,#445,.T.);
#989=EDGE_CURVE('',#771,#771,#59,.T.);
#990=EDGE_CURVE('',#772,#772,#60,.T.);
#991=EDGE_CURVE('',#772,#773,#446,.T.);
#992=EDGE_CURVE('',#773,#773,#61,.T.);
#993=EDGE_CURVE('',#774,#775,#447,.T.);
#994=EDGE_CURVE('',#775,#776,#448,.T.);
#995=EDGE_CURVE('',#776,#777,#449,.T.);
#996=EDGE_CURVE('',#777,#778,#450,.T.);
#997=EDGE_CURVE('',#778,#779,#451,.T.);
#998=EDGE_CURVE('',#779,#780,#452,.T.);
#999=EDGE_CURVE('',#780,#781,#453,.T.);
#1000=EDGE_CURVE('',#781,#774,#454,.T.);
#1001=EDGE_CURVE('',#782,#781,#455,.T.);
#1002=EDGE_CURVE('',#783,#782,#456,.T.);
#1003=EDGE_CURVE('',#783,#774,#457,.T.);
#1004=EDGE_CURVE('',#784,#780,#458,.T.);
#1005=EDGE_CURVE('',#782,#784,#459,.T.);
#1006=EDGE_CURVE('',#785,#779,#460,.T.);
#1007=EDGE_CURVE('',#784,#785,#461,.T.);
#1008=EDGE_CURVE('',#786,#778,#462,.T.);
#1009=EDGE_CURVE('',#785,#786,#463,.T.);
#1010=EDGE_CURVE('',#787,#783,#464,.T.);
#1011=EDGE_CURVE('',#786,#788,#465,.T.);
#1012=EDGE_CURVE('',#788,#789,#466,.T.);
#1013=EDGE_CURVE('',#789,#787,#467,.T.);
#1014=EDGE_CURVE('',#787,#775,#468,.T.);
#1015=EDGE_CURVE('',#789,#776,#469,.T.);
#1016=EDGE_CURVE('',#788,#777,#470,.T.);
#1017=ORIENTED_EDGE('',*,*,#790,.F.);
#1018=ORIENTED_EDGE('',*,*,#791,.T.);
#1019=ORIENTED_EDGE('',*,*,#792,.T.);
#1020=ORIENTED_EDGE('',*,*,#793,.F.);
#1021=ORIENTED_EDGE('',*,*,#794,.F.);
#1022=ORIENTED_EDGE('',*,*,#795,.T.);
#1023=ORIENTED_EDGE('',*,*,#796,.T.);
#1024=ORIENTED_EDGE('',*,*,#791,.F.);
#1025=ORIENTED_EDGE('',*,*,#797,.F.);
#1026=ORIENTED_EDGE('',*,*,#798,.T.);
#1027=ORIENTED_EDGE('',*,*,#799,.T.);
#1028=ORIENTED_EDGE('',*,*,#795,.F.);
#1029=ORIENTED_EDGE('',*,*,#800,.F.);
#1030=ORIENTED_EDGE('',*,*,#801,.T.);
#1031=ORIENTED_EDGE('',*,*,#802,.T.);
#1032=ORIENTED_EDGE('',*,*,#798,.F.);
#1033=ORIENTED_EDGE('',*,*,#803,.F.);
#1034=ORIENTED_EDGE('',*,*,#804,.T.);
#1035=ORIENTED_EDGE('',*,*,#805,.T.);
#1036=ORIENTED_EDGE('',*,*,#801,.F.);
#1037=ORIENTED_EDGE('',*,*,#806,.F.);
#1038=ORIENTED_EDGE('',*,*,#807,.T.);
#1039=ORIENTED_EDGE('',*,*,#808,.T.);
#1040=ORIENTED_EDGE('',*,*,#804,.F.);
#1041=ORIENTED_EDGE('',*,*,#809,.F.);
#1042=ORIENTED_EDGE('',*,*,#810,.T.);
#1043=ORIENTED_EDGE('',*,*,#811,.T.);
#1044=ORIENTED_EDGE('',*,*,#807,.F.);
#1045=ORIENTED_EDGE('',*,*,#812,.F.);
#1046=ORIENTED_EDGE('',*,*,#793,.T.);
#1047=ORIENTED_EDGE('',*,*,#813,.T.);
#1048=ORIENTED_EDGE('',*,*,#810,.F.);
#1049=ORIENTED_EDGE('',*,*,#814,.F.);
#1050=ORIENTED_EDGE('',*,*,#815,.T.);
#1051=ORIENTED_EDGE('',*,*,#816,.T.);
#1052=ORIENTED_EDGE('',*,*,#817,.F.);
#1053=ORIENTED_EDGE('',*,*,#818,.F.);
#1054=ORIENTED_EDGE('',*,*,#819,.T.);
#1055=ORIENTED_EDGE('',*,*,#820,.T.);
#1056=ORIENTED_EDGE('',*,*,#815,.F.);
#1057=ORIENTED_EDGE('',*,*,#821,.F.);
#1058=ORIENTED_EDGE('',*,*,#822,.T.);
#1059=ORIENTED_EDGE('',*,*,#823,.T.);
#1060=ORIENTED_EDGE('',*,*,#819,.F.);
#1061=ORIENTED_EDGE('',*,*,#824,.F.);
#1062=ORIENTED_EDGE('',*,*,#825,.T.);
#1063=ORIENTED_EDGE('',*,*,#826,.T.);
#1064=ORIENTED_EDGE('',*,*,#822,.F.);
#1065=ORIENTED_EDGE('',*,*,#827,.F.);
#1066=ORIENTED_EDGE('',*,*,#828,.T.);
#1067=ORIENTED_EDGE('',*,*,#829,.T.);
#1068=ORIENTED_EDGE('',*,*,#825,.F.);
#1069=ORIENTED_EDGE('',*,*,#830,.F.);
#1070=ORIENTED_EDGE('',*,*,#831,.T.);
#1071=ORIENTED_EDGE('',*,*,#832,.T.);
#1072=ORIENTED_EDGE('',*,*,#828,.F.);
#1073=ORIENTED_EDGE('',*,*,#833,.F.);
#1074=ORIENTED_EDGE('',*,*,#834,.T.);
#1075=ORIENTED_EDGE('',*,*,#835,.T.);
#1076=ORIENTED_EDGE('',*,*,#831,.F.);
#1077=ORIENTED_EDGE('',*,*,#836,.F.);
#1078=ORIENTED_EDGE('',*,*,#837,.T.);
#1079=ORIENTED_EDGE('',*,*,#838,.T.);
#1080=ORIENTED_EDGE('',*,*,#834,.F.);
#1081=ORIENTED_EDGE('',*,*,#839,.F.);
#1082=ORIENTED_EDGE('',*,*,#840,.T.);
#1083=ORIENTED_EDGE('',*,*,#841,.T.);
#1084=ORIENTED_EDGE('',*,*,#837,.F.);
#1085=ORIENTED_EDGE('',*,*,#842,.F.);
#1086=ORIENTED_EDGE('',*,*,#843,.T.);
#1087=ORIENTED_EDGE('',*,*,#844,.T.);
#1088=ORIENTED_EDGE('',*,*,#840,.F.);
#1089=ORIENTED_EDGE('',*,*,#845,.F.);
#1090=ORIENTED_EDGE('',*,*,#846,.T.);
#1091=ORIENTED_EDGE('',*,*,#847,.T.);
#1092=ORIENTED_EDGE('',*,*,#843,.F.);
#1093=ORIENTED_EDGE('',*,*,#848,.F.);
#1094=ORIENTED_EDGE('',*,*,#849,.T.);
#1095=ORIENTED_EDGE('',*,*,#850,.T.);
#1096=ORIENTED_EDGE('',*,*,#846,.F.);
#1097=ORIENTED_EDGE('',*,*,#851,.F.);
#1098=ORIENTED_EDGE('',*,*,#852,.T.);
#1099=ORIENTED_EDGE('',*,*,#853,.T.);
#1100=ORIENTED_EDGE('',*,*,#849,.F.);
#1101=ORIENTED_EDGE('',*,*,#854,.F.);
#1102=ORIENTED_EDGE('',*,*,#855,.T.);
#1103=ORIENTED_EDGE('',*,*,#856,.T.);
#1104=ORIENTED_EDGE('',*,*,#852,.F.);
#1105=ORIENTED_EDGE('',*,*,#857,.F.);
#1106=ORIENTED_EDGE('',*,*,#858,.T.);
#1107=ORIENTED_EDGE('',*,*,#859,.T.);
#1108=ORIENTED_EDGE('',*,*,#855,.F.);
#1109=ORIENTED_EDGE('',*,*,#860,.F.);
#1110=ORIENTED_EDGE('',*,*,#861,.T.);
#1111=ORIENTED_EDGE('',*,*,#862,.T.);
#1112=ORIENTED_EDGE('',*,*,#858,.F.);
#1113=ORIENTED_EDGE('',*,*,#863,.F.);
#1114=ORIENTED_EDGE('',*,*,#864,.T.);
#1115=ORIENTED_EDGE('',*,*,#865,.T.);
#1116=ORIENTED_EDGE('',*,*,#861,.F.);
#1117=ORIENTED_EDGE('',*,*,#866,.F.);
#1118=ORIENTED_EDGE('',*,*,#867,.T.);
#1119=ORIENTED_EDGE('',*,*,#868,.T.);
#1120=ORIENTED_EDGE('',*,*,#864,.F.);
#1121=ORIENTED_EDGE('',*,*,#869,.F.);
#1122=ORIENTED_EDGE('',*,*,#817,.T.);
#1123=ORIENTED_EDGE('',*,*,#870,.T.);
#1124=ORIENTED_EDGE('',*,*,#867,.F.);
#1125=ORIENTED_EDGE('',*,*,#870,.F.);
#1126=ORIENTED_EDGE('',*,*,#816,.F.);
#1127=ORIENTED_EDGE('',*,*,#820,.F.);
#1128=ORIENTED_EDGE('',*,*,#823,.F.);
#1129=ORIENTED_EDGE('',*,*,#826,.F.);
#1130=ORIENTED_EDGE('',*,*,#829,.F.);
#1131=ORIENTED_EDGE('',*,*,#832,.F.);
#1132=ORIENTED_EDGE('',*,*,#835,.F.);
#1133=ORIENTED_EDGE('',*,*,#838,.F.);
#1134=ORIENTED_EDGE('',*,*,#841,.F.);
#1135=ORIENTED_EDGE('',*,*,#844,.F.);
#1136=ORIENTED_EDGE('',*,*,#847,.F.);
#1137=ORIENTED_EDGE('',*,*,#850,.F.);
#1138=ORIENTED_EDGE('',*,*,#853,.F.);
#1139=ORIENTED_EDGE('',*,*,#856,.F.);
#1140=ORIENTED_EDGE('',*,*,#859,.F.);
#1141=ORIENTED_EDGE('',*,*,#862,.F.);
#1142=ORIENTED_EDGE('',*,*,#865,.F.);
#1143=ORIENTED_EDGE('',*,*,#868,.F.);
#1144=ORIENTED_EDGE('',*,*,#813,.F.);
#1145=ORIENTED_EDGE('',*,*,#792,.F.);
#1146=ORIENTED_EDGE('',*,*,#796,.F.);
#1147=ORIENTED_EDGE('',*,*,#799,.F.);
#1148=ORIENTED_EDGE('',*,*,#802,.F.);
#1149=ORIENTED_EDGE('',*,*,#805,.F.);
#1150=ORIENTED_EDGE('',*,*,#808,.F.);
#1151=ORIENTED_EDGE('',*,*,#811,.F.);
#1152=ORIENTED_EDGE('',*,*,#871,.F.);
#1153=ORIENTED_EDGE('',*,*,#872,.T.);
#1154=ORIENTED_EDGE('',*,*,#873,.T.);
#1155=ORIENTED_EDGE('',*,*,#874,.F.);
#1156=ORIENTED_EDGE('',*,*,#875,.F.);
#1157=ORIENTED_EDGE('',*,*,#876,.T.);
#1158=ORIENTED_EDGE('',*,*,#877,.T.);
#1159=ORIENTED_EDGE('',*,*,#872,.F.);
#1160=ORIENTED_EDGE('',*,*,#878,.F.);
#1161=ORIENTED_EDGE('',*,*,#879,.T.);
#1162=ORIENTED_EDGE('',*,*,#880,.T.);
#1163=ORIENTED_EDGE('',*,*,#876,.F.);
#1164=ORIENTED_EDGE('',*,*,#881,.F.);
#1165=ORIENTED_EDGE('',*,*,#882,.T.);
#1166=ORIENTED_EDGE('',*,*,#883,.T.);
#1167=ORIENTED_EDGE('',*,*,#879,.F.);
#1168=ORIENTED_EDGE('',*,*,#884,.F.);
#1169=ORIENTED_EDGE('',*,*,#885,.T.);
#1170=ORIENTED_EDGE('',*,*,#886,.T.);
#1171=ORIENTED_EDGE('',*,*,#882,.F.);
#1172=ORIENTED_EDGE('',*,*,#887,.F.);
#1173=ORIENTED_EDGE('',*,*,#874,.T.);
#1174=ORIENTED_EDGE('',*,*,#888,.T.);
#1175=ORIENTED_EDGE('',*,*,#885,.F.);
#1176=ORIENTED_EDGE('',*,*,#888,.F.);
#1177=ORIENTED_EDGE('',*,*,#873,.F.);
#1178=ORIENTED_EDGE('',*,*,#877,.F.);
#1179=ORIENTED_EDGE('',*,*,#880,.F.);
#1180=ORIENTED_EDGE('',*,*,#883,.F.);
#1181=ORIENTED_EDGE('',*,*,#886,.F.);
#1182=ORIENTED_EDGE('',*,*,#889,.F.);
#1183=ORIENTED_EDGE('',*,*,#890,.T.);
#1184=ORIENTED_EDGE('',*,*,#891,.T.);
#1185=ORIENTED_EDGE('',*,*,#892,.F.);
#1186=ORIENTED_EDGE('',*,*,#893,.F.);
#1187=ORIENTED_EDGE('',*,*,#894,.T.);
#1188=ORIENTED_EDGE('',*,*,#895,.T.);
#1189=ORIENTED_EDGE('',*,*,#890,.F.);
#1190=ORIENTED_EDGE('',*,*,#896,.F.);
#1191=ORIENTED_EDGE('',*,*,#897,.T.);
#1192=ORIENTED_EDGE('',*,*,#898,.T.);
#1193=ORIENTED_EDGE('',*,*,#894,.F.);
#1194=ORIENTED_EDGE('',*,*,#899,.F.);
#1195=ORIENTED_EDGE('',*,*,#900,.T.);
#1196=ORIENTED_EDGE('',*,*,#901,.T.);
#1197=ORIENTED_EDGE('',*,*,#897,.F.);
#1198=ORIENTED_EDGE('',*,*,#902,.F.);
#1199=ORIENTED_EDGE('',*,*,#903,.T.);
#1200=ORIENTED_EDGE('',*,*,#904,.T.);
#1201=ORIENTED_EDGE('',*,*,#900,.F.);
#1202=ORIENTED_EDGE('',*,*,#905,.F.);
#1203=ORIENTED_EDGE('',*,*,#906,.T.);
#1204=ORIENTED_EDGE('',*,*,#907,.T.);
#1205=ORIENTED_EDGE('',*,*,#903,.F.);
#1206=ORIENTED_EDGE('',*,*,#908,.F.);
#1207=ORIENTED_EDGE('',*,*,#909,.T.);
#1208=ORIENTED_EDGE('',*,*,#910,.T.);
#1209=ORIENTED_EDGE('',*,*,#906,.F.);
#1210=ORIENTED_EDGE('',*,*,#911,.F.);
#1211=ORIENTED_EDGE('',*,*,#912,.T.);
#1212=ORIENTED_EDGE('',*,*,#913,.T.);
#1213=ORIENTED_EDGE('',*,*,#909,.F.);
#1214=ORIENTED_EDGE('',*,*,#914,.F.);
#1215=ORIENTED_EDGE('',*,*,#915,.T.);
#1216=ORIENTED_EDGE('',*,*,#916,.T.);
#1217=ORIENTED_EDGE('',*,*,#912,.F.);
#1218=ORIENTED_EDGE('',*,*,#917,.F.);
#1219=ORIENTED_EDGE('',*,*,#918,.T.);
#1220=ORIENTED_EDGE('',*,*,#919,.T.);
#1221=ORIENTED_EDGE('',*,*,#915,.F.);
#1222=ORIENTED_EDGE('',*,*,#920,.F.);
#1223=ORIENTED_EDGE('',*,*,#921,.T.);
#1224=ORIENTED_EDGE('',*,*,#922,.T.);
#1225=ORIENTED_EDGE('',*,*,#918,.F.);
#1226=ORIENTED_EDGE('',*,*,#923,.F.);
#1227=ORIENTED_EDGE('',*,*,#892,.T.);
#1228=ORIENTED_EDGE('',*,*,#924,.T.);
#1229=ORIENTED_EDGE('',*,*,#921,.F.);
#1230=ORIENTED_EDGE('',*,*,#924,.F.);
#1231=ORIENTED_EDGE('',*,*,#891,.F.);
#1232=ORIENTED_EDGE('',*,*,#895,.F.);
#1233=ORIENTED_EDGE('',*,*,#898,.F.);
#1234=ORIENTED_EDGE('',*,*,#901,.F.);
#1235=ORIENTED_EDGE('',*,*,#904,.F.);
#1236=ORIENTED_EDGE('',*,*,#907,.F.);
#1237=ORIENTED_EDGE('',*,*,#910,.F.);
#1238=ORIENTED_EDGE('',*,*,#913,.F.);
#1239=ORIENTED_EDGE('',*,*,#916,.F.);
#1240=ORIENTED_EDGE('',*,*,#919,.F.);
#1241=ORIENTED_EDGE('',*,*,#922,.F.);
#1242=ORIENTED_EDGE('',*,*,#925,.F.);
#1243=ORIENTED_EDGE('',*,*,#926,.F.);
#1244=ORIENTED_EDGE('',*,*,#927,.F.);
#1245=ORIENTED_EDGE('',*,*,#928,.F.);
#1246=ORIENTED_EDGE('',*,*,#929,.F.);
#1247=ORIENTED_EDGE('',*,*,#930,.F.);
#1248=ORIENTED_EDGE('',*,*,#931,.F.);
#1249=ORIENTED_EDGE('',*,*,#932,.F.);
#1250=ORIENTED_EDGE('',*,*,#933,.T.);
#1251=ORIENTED_EDGE('',*,*,#889,.T.);
#1252=ORIENTED_EDGE('',*,*,#923,.T.);
#1253=ORIENTED_EDGE('',*,*,#920,.T.);
#1254=ORIENTED_EDGE('',*,*,#917,.T.);
#1255=ORIENTED_EDGE('',*,*,#914,.T.);
#1256=ORIENTED_EDGE('',*,*,#911,.T.);
#1257=ORIENTED_EDGE('',*,*,#908,.T.);
#1258=ORIENTED_EDGE('',*,*,#905,.T.);
#1259=ORIENTED_EDGE('',*,*,#902,.T.);
#1260=ORIENTED_EDGE('',*,*,#899,.T.);
#1261=ORIENTED_EDGE('',*,*,#896,.T.);
#1262=ORIENTED_EDGE('',*,*,#893,.T.);
#1263=ORIENTED_EDGE('',*,*,#871,.T.);
#1264=ORIENTED_EDGE('',*,*,#887,.T.);
#1265=ORIENTED_EDGE('',*,*,#884,.T.);
#1266=ORIENTED_EDGE('',*,*,#881,.T.);
#1267=ORIENTED_EDGE('',*,*,#878,.T.);
#1268=ORIENTED_EDGE('',*,*,#875,.T.);
#1269=ORIENTED_EDGE('',*,*,#814,.T.);
#1270=ORIENTED_EDGE('',*,*,#869,.T.);
#1271=ORIENTED_EDGE('',*,*,#866,.T.);
#1272=ORIENTED_EDGE('',*,*,#863,.T.);
#1273=ORIENTED_EDGE('',*,*,#860,.T.);
#1274=ORIENTED_EDGE('',*,*,#857,.T.);
#1275=ORIENTED_EDGE('',*,*,#854,.T.);
#1276=ORIENTED_EDGE('',*,*,#851,.T.);
#1277=ORIENTED_EDGE('',*,*,#848,.T.);
#1278=ORIENTED_EDGE('',*,*,#845,.T.);
#1279=ORIENTED_EDGE('',*,*,#842,.T.);
#1280=ORIENTED_EDGE('',*,*,#839,.T.);
#1281=ORIENTED_EDGE('',*,*,#836,.T.);
#1282=ORIENTED_EDGE('',*,*,#833,.T.);
#1283=ORIENTED_EDGE('',*,*,#830,.T.);
#1284=ORIENTED_EDGE('',*,*,#827,.T.);
#1285=ORIENTED_EDGE('',*,*,#824,.T.);
#1286=ORIENTED_EDGE('',*,*,#821,.T.);
#1287=ORIENTED_EDGE('',*,*,#818,.T.);
#1288=ORIENTED_EDGE('',*,*,#925,.T.);
#1289=ORIENTED_EDGE('',*,*,#934,.T.);
#1290=ORIENTED_EDGE('',*,*,#935,.T.);
#1291=ORIENTED_EDGE('',*,*,#936,.F.);
#1292=ORIENTED_EDGE('',*,*,#934,.F.);
#1293=ORIENTED_EDGE('',*,*,#932,.T.);
#1294=ORIENTED_EDGE('',*,*,#937,.T.);
#1295=ORIENTED_EDGE('',*,*,#938,.T.);
#1296=ORIENTED_EDGE('',*,*,#790,.T.);
#1297=ORIENTED_EDGE('',*,*,#812,.T.);
#1298=ORIENTED_EDGE('',*,*,#809,.T.);
#1299=ORIENTED_EDGE('',*,*,#806,.T.);
#1300=ORIENTED_EDGE('',*,*,#803,.T.);
#1301=ORIENTED_EDGE('',*,*,#800,.T.);
#1302=ORIENTED_EDGE('',*,*,#797,.T.);
#1303=ORIENTED_EDGE('',*,*,#794,.T.);
#1304=ORIENTED_EDGE('',*,*,#939,.T.);
#1305=ORIENTED_EDGE('',*,*,#940,.T.);
#1306=ORIENTED_EDGE('',*,*,#929,.T.);
#1307=ORIENTED_EDGE('',*,*,#941,.F.);
#1308=ORIENTED_EDGE('',*,*,#940,.F.);
#1309=ORIENTED_EDGE('',*,*,#942,.T.);
#1310=ORIENTED_EDGE('',*,*,#943,.T.);
#1311=ORIENTED_EDGE('',*,*,#944,.T.);
#1312=ORIENTED_EDGE('',*,*,#930,.T.);
#1313=ORIENTED_EDGE('',*,*,#935,.F.);
#1314=ORIENTED_EDGE('',*,*,#938,.F.);
#1315=ORIENTED_EDGE('',*,*,#945,.F.);
#1316=ORIENTED_EDGE('',*,*,#942,.F.);
#1317=ORIENTED_EDGE('',*,*,#939,.F.);
#1318=ORIENTED_EDGE('',*,*,#946,.F.);
#1319=ORIENTED_EDGE('',*,*,#947,.F.);
#1320=ORIENTED_EDGE('',*,*,#948,.T.);
#1321=ORIENTED_EDGE('',*,*,#949,.F.);
#1322=ORIENTED_EDGE('',*,*,#950,.T.);
#1323=ORIENTED_EDGE('',*,*,#951,.F.);
#1324=ORIENTED_EDGE('',*,*,#952,.F.);
#1325=ORIENTED_EDGE('',*,*,#953,.T.);
#1326=ORIENTED_EDGE('',*,*,#954,.F.);
#1327=ORIENTED_EDGE('',*,*,#955,.F.);
#1328=ORIENTED_EDGE('',*,*,#953,.F.);
#1329=ORIENTED_EDGE('',*,*,#956,.T.);
#1330=ORIENTED_EDGE('',*,*,#957,.T.);
#1331=ORIENTED_EDGE('',*,*,#954,.T.);
#1332=ORIENTED_EDGE('',*,*,#955,.T.);
#1333=ORIENTED_EDGE('',*,*,#957,.F.);
#1334=ORIENTED_EDGE('',*,*,#941,.T.);
#1335=ORIENTED_EDGE('',*,*,#928,.T.);
#1336=ORIENTED_EDGE('',*,*,#958,.T.);
#1337=ORIENTED_EDGE('',*,*,#946,.T.);
#1338=ORIENTED_EDGE('',*,*,#959,.F.);
#1339=ORIENTED_EDGE('',*,*,#960,.F.);
#1340=ORIENTED_EDGE('',*,*,#961,.T.);
#1341=ORIENTED_EDGE('',*,*,#962,.T.);
#1342=ORIENTED_EDGE('',*,*,#963,.F.);
#1343=ORIENTED_EDGE('',*,*,#964,.F.);
#1344=ORIENTED_EDGE('',*,*,#965,.T.);
#1345=ORIENTED_EDGE('',*,*,#966,.T.);
#1346=ORIENTED_EDGE('',*,*,#967,.F.);
#1347=ORIENTED_EDGE('',*,*,#966,.F.);
#1348=ORIENTED_EDGE('',*,*,#968,.T.);
#1349=ORIENTED_EDGE('',*,*,#960,.T.);
#1350=ORIENTED_EDGE('',*,*,#927,.T.);
#1351=ORIENTED_EDGE('',*,*,#969,.T.);
#1352=ORIENTED_EDGE('',*,*,#947,.T.);
#1353=ORIENTED_EDGE('',*,*,#958,.F.);
#1354=ORIENTED_EDGE('',*,*,#970,.F.);
#1355=ORIENTED_EDGE('',*,*,#961,.F.);
#1356=ORIENTED_EDGE('',*,*,#968,.F.);
#1357=ORIENTED_EDGE('',*,*,#965,.F.);
#1358=ORIENTED_EDGE('',*,*,#971,.F.);
#1359=ORIENTED_EDGE('',*,*,#972,.T.);
#1360=ORIENTED_EDGE('',*,*,#973,.F.);
#1361=ORIENTED_EDGE('',*,*,#974,.T.);
#1362=ORIENTED_EDGE('',*,*,#975,.F.);
#1363=ORIENTED_EDGE('',*,*,#976,.F.);
#1364=ORIENTED_EDGE('',*,*,#977,.F.);
#1365=ORIENTED_EDGE('',*,*,#972,.F.);
#1366=ORIENTED_EDGE('',*,*,#978,.T.);
#1367=ORIENTED_EDGE('',*,*,#979,.F.);
#1368=ORIENTED_EDGE('',*,*,#980,.F.);
#1369=ORIENTED_EDGE('',*,*,#973,.T.);
#1370=ORIENTED_EDGE('',*,*,#977,.T.);
#1371=ORIENTED_EDGE('',*,*,#981,.F.);
#1372=ORIENTED_EDGE('',*,*,#982,.F.);
#1373=ORIENTED_EDGE('',*,*,#974,.F.);
#1374=ORIENTED_EDGE('',*,*,#980,.T.);
#1375=ORIENTED_EDGE('',*,*,#975,.T.);
#1376=ORIENTED_EDGE('',*,*,#983,.T.);
#1377=ORIENTED_EDGE('',*,*,#933,.F.);
#1378=ORIENTED_EDGE('',*,*,#983,.F.);
#1379=ORIENTED_EDGE('',*,*,#969,.F.);
#1380=ORIENTED_EDGE('',*,*,#926,.T.);
#1381=ORIENTED_EDGE('',*,*,#936,.T.);
#1382=ORIENTED_EDGE('',*,*,#949,.T.);
#1383=ORIENTED_EDGE('',*,*,#948,.F.);
#1384=ORIENTED_EDGE('',*,*,#945,.T.);
#1385=ORIENTED_EDGE('',*,*,#937,.F.);
#1386=ORIENTED_EDGE('',*,*,#931,.T.);
#1387=ORIENTED_EDGE('',*,*,#944,.F.);
#1388=ORIENTED_EDGE('',*,*,#943,.F.);
#1389=ORIENTED_EDGE('',*,*,#984,.F.);
#1390=ORIENTED_EDGE('',*,*,#978,.F.);
#1391=ORIENTED_EDGE('',*,*,#971,.T.);
#1392=ORIENTED_EDGE('',*,*,#964,.T.);
#1393=ORIENTED_EDGE('',*,*,#956,.F.);
#1394=ORIENTED_EDGE('',*,*,#985,.T.);
#1395=ORIENTED_EDGE('',*,*,#981,.T.);
#1396=ORIENTED_EDGE('',*,*,#979,.T.);
#1397=ORIENTED_EDGE('',*,*,#976,.T.);
#1398=ORIENTED_EDGE('',*,*,#984,.T.);
#1399=ORIENTED_EDGE('',*,*,#963,.T.);
#1400=ORIENTED_EDGE('',*,*,#967,.T.);
#1401=ORIENTED_EDGE('',*,*,#959,.T.);
#1402=ORIENTED_EDGE('',*,*,#951,.T.);
#1403=ORIENTED_EDGE('',*,*,#952,.T.);
#1404=ORIENTED_EDGE('',*,*,#986,.T.);
#1405=ORIENTED_EDGE('',*,*,#950,.F.);
#1406=ORIENTED_EDGE('',*,*,#986,.F.);
#1407=ORIENTED_EDGE('',*,*,#970,.T.);
#1408=ORIENTED_EDGE('',*,*,#982,.T.);
#1409=ORIENTED_EDGE('',*,*,#985,.F.);
#1410=ORIENTED_EDGE('',*,*,#962,.F.);
#1411=ORIENTED_EDGE('',*,*,#987,.F.);
#1412=ORIENTED_EDGE('',*,*,#988,.T.);
#1413=ORIENTED_EDGE('',*,*,#989,.F.);
#1414=ORIENTED_EDGE('',*,*,#988,.F.);
#1415=ORIENTED_EDGE('',*,*,#990,.F.);
#1416=ORIENTED_EDGE('',*,*,#991,.T.);
#1417=ORIENTED_EDGE('',*,*,#992,.F.);
#1418=ORIENTED_EDGE('',*,*,#991,.F.);
#1419=ORIENTED_EDGE('',*,*,#993,.T.);
#1420=ORIENTED_EDGE('',*,*,#994,.T.);
#1421=ORIENTED_EDGE('',*,*,#995,.T.);
#1422=ORIENTED_EDGE('',*,*,#996,.T.);
#1423=ORIENTED_EDGE('',*,*,#997,.T.);
#1424=ORIENTED_EDGE('',*,*,#998,.T.);
#1425=ORIENTED_EDGE('',*,*,#999,.T.);
#1426=ORIENTED_EDGE('',*,*,#1000,.T.);
#1427=ORIENTED_EDGE('',*,*,#1001,.F.);
#1428=ORIENTED_EDGE('',*,*,#1002,.F.);
#1429=ORIENTED_EDGE('',*,*,#1003,.T.);
#1430=ORIENTED_EDGE('',*,*,#1000,.F.);
#1431=ORIENTED_EDGE('',*,*,#1004,.F.);
#1432=ORIENTED_EDGE('',*,*,#1005,.F.);
#1433=ORIENTED_EDGE('',*,*,#1001,.T.);
#1434=ORIENTED_EDGE('',*,*,#999,.F.);
#1435=ORIENTED_EDGE('',*,*,#1006,.F.);
#1436=ORIENTED_EDGE('',*,*,#1007,.F.);
#1437=ORIENTED_EDGE('',*,*,#1004,.T.);
#1438=ORIENTED_EDGE('',*,*,#998,.F.);
#1439=ORIENTED_EDGE('',*,*,#1008,.F.);
#1440=ORIENTED_EDGE('',*,*,#1009,.F.);
#1441=ORIENTED_EDGE('',*,*,#1006,.T.);
#1442=ORIENTED_EDGE('',*,*,#997,.F.);
#1443=ORIENTED_EDGE('',*,*,#1010,.T.);
#1444=ORIENTED_EDGE('',*,*,#1002,.T.);
#1445=ORIENTED_EDGE('',*,*,#1005,.T.);
#1446=ORIENTED_EDGE('',*,*,#1007,.T.);
#1447=ORIENTED_EDGE('',*,*,#1009,.T.);
#1448=ORIENTED_EDGE('',*,*,#1011,.T.);
#1449=ORIENTED_EDGE('',*,*,#1012,.T.);
#1450=ORIENTED_EDGE('',*,*,#1013,.T.);
#1451=ORIENTED_EDGE('',*,*,#1003,.F.);
#1452=ORIENTED_EDGE('',*,*,#1010,.F.);
#1453=ORIENTED_EDGE('',*,*,#1014,.T.);
#1454=ORIENTED_EDGE('',*,*,#993,.F.);
#1455=ORIENTED_EDGE('',*,*,#987,.T.);
#1456=ORIENTED_EDGE('',*,*,#990,.T.);
#1457=ORIENTED_EDGE('',*,*,#1014,.F.);
#1458=ORIENTED_EDGE('',*,*,#1013,.F.);
#1459=ORIENTED_EDGE('',*,*,#1015,.T.);
#1460=ORIENTED_EDGE('',*,*,#994,.F.);
#1461=ORIENTED_EDGE('',*,*,#1015,.F.);
#1462=ORIENTED_EDGE('',*,*,#1012,.F.);
#1463=ORIENTED_EDGE('',*,*,#1016,.T.);
#1464=ORIENTED_EDGE('',*,*,#995,.F.);
#1465=ORIENTED_EDGE('',*,*,#989,.T.);
#1466=ORIENTED_EDGE('',*,*,#992,.T.);
#1467=ORIENTED_EDGE('',*,*,#1016,.F.);
#1468=ORIENTED_EDGE('',*,*,#1011,.F.);
#1469=ORIENTED_EDGE('',*,*,#1008,.T.);
#1470=ORIENTED_EDGE('',*,*,#996,.F.);
#1471=PLANE('',#1628);
#1472=PLANE('',#1629);
#1473=PLANE('',#1630);
#1474=PLANE('',#1631);
#1475=PLANE('',#1632);
#1476=PLANE('',#1633);
#1477=PLANE('',#1634);
#1478=PLANE('',#1635);
#1479=PLANE('',#1636);
#1480=PLANE('',#1637);
#1481=PLANE('',#1638);
#1482=PLANE('',#1639);
#1483=PLANE('',#1640);
#1484=PLANE('',#1641);
#1485=PLANE('',#1642);
#1486=PLANE('',#1643);
#1487=PLANE('',#1644);
#1488=PLANE('',#1645);
#1489=PLANE('',#1646);
#1490=PLANE('',#1647);
#1491=PLANE('',#1648);
#1492=PLANE('',#1649);
#1493=PLANE('',#1650);
#1494=PLANE('',#1651);
#1495=PLANE('',#1652);
#1496=PLANE('',#1653);
#1497=PLANE('',#1654);
#1498=PLANE('',#1655);
#1499=PLANE('',#1656);
#1500=PLANE('',#1657);
#1501=PLANE('',#1658);
#1502=PLANE('',#1659);
#1503=PLANE('',#1660);
#1504=PLANE('',#1669);
#1505=PLANE('',#1670);
#1506=PLANE('',#1673);
#1507=PLANE('',#1674);
#1508=PLANE('',#1689);
#1509=PLANE('',#1690);
#1510=PLANE('',#1694);
#1511=PLANE('',#1695);
#1512=PLANE('',#1698);
#1513=PLANE('',#1701);
#1514=PLANE('',#1705);
#1515=PLANE('',#1706);
#1516=PLANE('',#1708);
#1517=PLANE('',#1715);
#1518=PLANE('',#1716);
#1519=PLANE('',#1717);
#1520=PLANE('',#1718);
#1521=PLANE('',#1719);
#1522=PLANE('',#1720);
#1523=PLANE('',#1721);
#1524=PLANE('',#1722);
#1525=PLANE('',#1723);
#1526=PLANE('',#1724);
#1527=ADVANCED_FACE('',(#122),#1471,.F.);
#1528=ADVANCED_FACE('',(#123),#106,.F.);
#1529=ADVANCED_FACE('',(#124),#107,.F.);
#1530=ADVANCED_FACE('',(#125),#108,.F.);
#1531=ADVANCED_FACE('',(#126),#109,.F.);
#1532=ADVANCED_FACE('',(#127),#110,.F.);
#1533=ADVANCED_FACE('',(#128),#1472,.F.);
#1534=ADVANCED_FACE('',(#129),#1473,.F.);
#1535=ADVANCED_FACE('',(#130),#1474,.F.);
#1536=ADVANCED_FACE('',(#131),#1475,.F.);
#1537=ADVANCED_FACE('',(#132),#111,.F.);
#1538=ADVANCED_FACE('',(#133),#112,.F.);
#1539=ADVANCED_FACE('',(#134),#113,.F.);
#1540=ADVANCED_FACE('',(#135),#114,.F.);
#1541=ADVANCED_FACE('',(#136),#1476,.F.);
#1542=ADVANCED_FACE('',(#137),#1477,.F.);
#1543=ADVANCED_FACE('',(#138),#1478,.F.);
#1544=ADVANCED_FACE('',(#139),#115,.F.);
#1545=ADVANCED_FACE('',(#140),#116,.F.);
#1546=ADVANCED_FACE('',(#141),#117,.F.);
#1547=ADVANCED_FACE('',(#142),#118,.F.);
#1548=ADVANCED_FACE('',(#143),#119,.F.);
#1549=ADVANCED_FACE('',(#144),#120,.F.);
#1550=ADVANCED_FACE('',(#145),#121,.F.);
#1551=ADVANCED_FACE('',(#146),#1479,.F.);
#1552=ADVANCED_FACE('',(#147),#1480,.F.);
#1553=ADVANCED_FACE('',(#148),#1481,.F.);
#1554=ADVANCED_FACE('',(#149,#62),#1482,.T.);
#1555=ADVANCED_FACE('',(#150),#1483,.F.);
#1556=ADVANCED_FACE('',(#151),#1484,.F.);
#1557=ADVANCED_FACE('',(#152),#1485,.F.);
#1558=ADVANCED_FACE('',(#153),#1486,.F.);
#1559=ADVANCED_FACE('',(#154),#1487,.F.);
#1560=ADVANCED_FACE('',(#155),#1488,.F.);
#1561=ADVANCED_FACE('',(#156),#1489,.F.);
#1562=ADVANCED_FACE('',(#157),#1490,.F.);
#1563=ADVANCED_FACE('',(#158),#1491,.F.);
#1564=ADVANCED_FACE('',(#159),#1492,.F.);
#1565=ADVANCED_FACE('',(#160),#1493,.F.);
#1566=ADVANCED_FACE('',(#161),#1494,.F.);
#1567=ADVANCED_FACE('',(#162),#1495,.F.);
#1568=ADVANCED_FACE('',(#163),#1496,.F.);
#1569=ADVANCED_FACE('',(#164),#1497,.F.);
#1570=ADVANCED_FACE('',(#165),#1498,.F.);
#1571=ADVANCED_FACE('',(#166),#1499,.F.);
#1572=ADVANCED_FACE('',(#167),#1500,.F.);
#1573=ADVANCED_FACE('',(#168),#1501,.F.);
#1574=ADVANCED_FACE('',(#169),#1502,.F.);
#1575=ADVANCED_FACE('',(#170,#63,#64,#65,#66),#1503,.F.);
#1576=ADVANCED_FACE('',(#171),#22,.T.);
#1577=ADVANCED_FACE('',(#172),#1504,.F.);
#1578=ADVANCED_FACE('',(#173),#1505,.F.);
#1579=ADVANCED_FACE('',(#174),#23,.T.);
#1580=ADVANCED_FACE('',(#175),#1506,.F.);
#1581=ADVANCED_FACE('',(#176,#67),#1507,.T.);
#1582=ADVANCED_FACE('',(#177),#21,.F.);
#1583=ADVANCED_FACE('',(#178),#24,.T.);
#1584=ADVANCED_FACE('',(#179),#25,.T.);
#1585=ADVANCED_FACE('',(#180),#1508,.F.);
#1586=ADVANCED_FACE('',(#181),#1509,.F.);
#1587=ADVANCED_FACE('',(#182),#26,.F.);
#1588=ADVANCED_FACE('',(#183),#1510,.F.);
#1589=ADVANCED_FACE('',(#184,#68),#1511,.F.);
#1590=ADVANCED_FACE('',(#185),#1512,.F.);
#1591=ADVANCED_FACE('',(#186),#27,.F.);
#1592=ADVANCED_FACE('',(#187),#1513,.F.);
#1593=ADVANCED_FACE('',(#188),#28,.F.);
#1594=ADVANCED_FACE('',(#189),#29,.T.);
#1595=ADVANCED_FACE('',(#190),#30,.T.);
#1596=ADVANCED_FACE('',(#191),#1514,.F.);
#1597=ADVANCED_FACE('',(#192,#69),#1515,.T.);
#1598=ADVANCED_FACE('',(#193),#31,.T.);
#1599=ADVANCED_FACE('',(#194),#1516,.F.);
#1600=ADVANCED_FACE('',(#195),#32,.F.);
#1601=ADVANCED_FACE('',(#196),#33,.F.);
#1602=ADVANCED_FACE('',(#197),#1517,.T.);
#1603=ADVANCED_FACE('',(#198),#1518,.F.);
#1604=ADVANCED_FACE('',(#199),#1519,.F.);
#1605=ADVANCED_FACE('',(#200),#1520,.F.);
#1606=ADVANCED_FACE('',(#201),#1521,.F.);
#1607=ADVANCED_FACE('',(#202),#1522,.T.);
#1608=ADVANCED_FACE('',(#203,#70,#71),#1523,.F.);
#1609=ADVANCED_FACE('',(#204),#1524,.F.);
#1610=ADVANCED_FACE('',(#205,#72,#73),#1525,.F.);
#1611=ADVANCED_FACE('',(#206),#1526,.F.);
#1612=CLOSED_SHELL('',(#1527,#1528,#1529,#1530,#1531,#1532,#1533,#1534,
#1535,#1536,#1537,#1538,#1539,#1540,#1541,#1542,#1543,#1544,#1545,#1546,
#1547,#1548,#1549,#1550,#1551,#1552,#1553,#1554,#1555,#1556,#1557,#1558,
#1559,#1560,#1561,#1562,#1563,#1564,#1565,#1566,#1567,#1568,#1569,#1570,
#1571,#1572,#1573,#1574,#1575,#1576,#1577,#1578,#1579,#1580,#1581,#1582,
#1583,#1584,#1585,#1586,#1587,#1588,#1589,#1590,#1591,#1592,#1593,#1594,
#1595,#1596,#1597,#1598,#1599));
#1613=CLOSED_SHELL('',(#1600,#1601,#1602,#1603,#1604,#1605,#1606,#1607,
#1608,#1609,#1610,#1611));
#1614=DERIVED_UNIT_ELEMENT(#1616,1.);
#1615=DERIVED_UNIT_ELEMENT(#2839,-3.);
#1616=(
MASS_UNIT()
NAMED_UNIT(*)
SI_UNIT(.KILO.,.GRAM.)
);
#1617=DERIVED_UNIT((#1614,#1615));
#1618=MEASURE_REPRESENTATION_ITEM('density measure',
POSITIVE_RATIO_MEASURE(7850.),#1617);
#1619=PROPERTY_DEFINITION_REPRESENTATION(#1624,#1621);
#1620=PROPERTY_DEFINITION_REPRESENTATION(#1625,#1622);
#1621=REPRESENTATION('material name',(#1623),#2836);
#1622=REPRESENTATION('density',(#1618),#2836);
#1623=DESCRIPTIVE_REPRESENTATION_ITEM('Steel','Steel');
#1624=PROPERTY_DEFINITION('material property','material name',#2851);
#1625=PROPERTY_DEFINITION('material property','density of part',#2851);
#1626=AXIS2_PLACEMENT_3D('',#2093,#1726,#1727);
#1627=AXIS2_PLACEMENT_3D('',#2094,#1728,#1729);
#1628=AXIS2_PLACEMENT_3D('',#2095,#1730,#1731);
#1629=AXIS2_PLACEMENT_3D('',#2219,#1741,#1742);
#1630=AXIS2_PLACEMENT_3D('',#2225,#1746,#1747);
#1631=AXIS2_PLACEMENT_3D('',#2228,#1750,#1751);
#1632=AXIS2_PLACEMENT_3D('',#2237,#1756,#1757);
#1633=AXIS2_PLACEMENT_3D('',#2335,#1765,#1766);
#1634=AXIS2_PLACEMENT_3D('',#2341,#1770,#1771);
#1635=AXIS2_PLACEMENT_3D('',#2347,#1775,#1776);
#1636=AXIS2_PLACEMENT_3D('',#2514,#1787,#1788);
#1637=AXIS2_PLACEMENT_3D('',#2520,#1792,#1793);
#1638=AXIS2_PLACEMENT_3D('',#2526,#1797,#1798);
#1639=AXIS2_PLACEMENT_3D('',#2529,#1801,#1802);
#1640=AXIS2_PLACEMENT_3D('',#2530,#1803,#1804);
#1641=AXIS2_PLACEMENT_3D('',#2539,#1809,#1810);
#1642=AXIS2_PLACEMENT_3D('',#2545,#1814,#1815);
#1643=AXIS2_PLACEMENT_3D('',#2551,#1819,#1820);
#1644=AXIS2_PLACEMENT_3D('',#2557,#1824,#1825);
#1645=AXIS2_PLACEMENT_3D('',#2563,#1829,#1830);
#1646=AXIS2_PLACEMENT_3D('',#2566,#1833,#1834);
#1647=AXIS2_PLACEMENT_3D('',#2567,#1835,#1836);
#1648=AXIS2_PLACEMENT_3D('',#2576,#1841,#1842);
#1649=AXIS2_PLACEMENT_3D('',#2582,#1846,#1847);
#1650=AXIS2_PLACEMENT_3D('',#2588,#1851,#1852);
#1651=AXIS2_PLACEMENT_3D('',#2594,#1856,#1857);
#1652=AXIS2_PLACEMENT_3D('',#2600,#1861,#1862);
#1653=AXIS2_PLACEMENT_3D('',#2606,#1866,#1867);
#1654=AXIS2_PLACEMENT_3D('',#2612,#1871,#1872);
#1655=AXIS2_PLACEMENT_3D('',#2618,#1876,#1877);
#1656=AXIS2_PLACEMENT_3D('',#2624,#1881,#1882);
#1657=AXIS2_PLACEMENT_3D('',#2630,#1886,#1887);
#1658=AXIS2_PLACEMENT_3D('',#2636,#1891,#1892);
#1659=AXIS2_PLACEMENT_3D('',#2639,#1895,#1896);
#1660=AXIS2_PLACEMENT_3D('',#2640,#1897,#1898);
#1661=AXIS2_PLACEMENT_3D('',#2643,#1899,#1900);
#1662=AXIS2_PLACEMENT_3D('',#2645,#1901,#1902);
#1663=AXIS2_PLACEMENT_3D('',#2649,#1904,#1905);
#1664=AXIS2_PLACEMENT_3D('',#2651,#1906,#1907);
#1665=AXIS2_PLACEMENT_3D('',#2655,#1909,#1910);
#1666=AXIS2_PLACEMENT_3D('',#2658,#1912,#1913);
#1667=AXIS2_PLACEMENT_3D('',#2659,#1914,#1915);
#1668=AXIS2_PLACEMENT_3D('',#2663,#1917,#1918);
#1669=AXIS2_PLACEMENT_3D('',#2665,#1920,#1921);
#1670=AXIS2_PLACEMENT_3D('',#2669,#1924,#1925);
#1671=AXIS2_PLACEMENT_3D('',#2670,#1926,#1927);
#1672=AXIS2_PLACEMENT_3D('',#2673,#1928,#1929);
#1673=AXIS2_PLACEMENT_3D('',#2676,#1932,#1933);
#1674=AXIS2_PLACEMENT_3D('',#2682,#1937,#1938);
#1675=AXIS2_PLACEMENT_3D('',#2683,#1939,#1940);
#1676=AXIS2_PLACEMENT_3D('',#2685,#1941,#1942);
#1677=AXIS2_PLACEMENT_3D('',#2689,#1944,#1945);
#1678=AXIS2_PLACEMENT_3D('',#2690,#1946,#1947);
#1679=AXIS2_PLACEMENT_3D('',#2692,#1948,#1949);
#1680=AXIS2_PLACEMENT_3D('',#2693,#1950,#1951);
#1681=AXIS2_PLACEMENT_3D('',#2696,#1952,#1953);
#1682=AXIS2_PLACEMENT_3D('',#2697,#1954,#1955);
#1683=AXIS2_PLACEMENT_3D('',#2699,#1956,#1957);
#1684=AXIS2_PLACEMENT_3D('',#2701,#1958,#1959);
#1685=AXIS2_PLACEMENT_3D('',#2702,#1960,#1961);
#1686=AXIS2_PLACEMENT_3D('',#2703,#1962,#1963);
#1687=AXIS2_PLACEMENT_3D('',#2705,#1964,#1965);
#1688=AXIS2_PLACEMENT_3D('',#2707,#1967,#1968);
#1689=AXIS2_PLACEMENT_3D('',#2709,#1970,#1971);
#1690=AXIS2_PLACEMENT_3D('',#2718,#1976,#1977);
#1691=AXIS2_PLACEMENT_3D('',#2727,#1982,#1983);
#1692=AXIS2_PLACEMENT_3D('',#2728,#1984,#1985);
#1693=AXIS2_PLACEMENT_3D('',#2729,#1986,#1987);
#1694=AXIS2_PLACEMENT_3D('',#2730,#1988,#1989);
#1695=AXIS2_PLACEMENT_3D('',#2732,#1991,#1992);
#1696=AXIS2_PLACEMENT_3D('',#2740,#1996,#1997);
#1697=AXIS2_PLACEMENT_3D('',#2743,#1999,#2000);
#1698=AXIS2_PLACEMENT_3D('',#2744,#2001,#2002);
#1699=AXIS2_PLACEMENT_3D('',#2750,#2006,#2007);
#1700=AXIS2_PLACEMENT_3D('',#2752,#2008,#2009);
#1701=AXIS2_PLACEMENT_3D('',#2754,#2011,#2012);
#1702=AXIS2_PLACEMENT_3D('',#2758,#2015,#2016);
#1703=AXIS2_PLACEMENT_3D('',#2760,#2018,#2019);
#1704=AXIS2_PLACEMENT_3D('',#2761,#2020,#2021);
#1705=AXIS2_PLACEMENT_3D('',#2762,#2022,#2023);
#1706=AXIS2_PLACEMENT_3D('',#2764,#2025,#2026);
#1707=AXIS2_PLACEMENT_3D('',#2766,#2028,#2029);
#1708=AXIS2_PLACEMENT_3D('',#2768,#2031,#2032);
#1709=AXIS2_PLACEMENT_3D('',#2769,#2033,#2034);
#1710=AXIS2_PLACEMENT_3D('',#2771,#2035,#2036);
#1711=AXIS2_PLACEMENT_3D('',#2774,#2038,#2039);
#1712=AXIS2_PLACEMENT_3D('',#2775,#2040,#2041);
#1713=AXIS2_PLACEMENT_3D('',#2777,#2042,#2043);
#1714=AXIS2_PLACEMENT_3D('',#2780,#2045,#2046);
#1715=AXIS2_PLACEMENT_3D('',#2781,#2047,#2048);
#1716=AXIS2_PLACEMENT_3D('',#2798,#2057,#2058);
#1717=AXIS2_PLACEMENT_3D('',#2804,#2062,#2063);
#1718=AXIS2_PLACEMENT_3D('',#2808,#2066,#2067);
#1719=AXIS2_PLACEMENT_3D('',#2812,#2070,#2071);
#1720=AXIS2_PLACEMENT_3D('',#2816,#2074,#2075);
#1721=AXIS2_PLACEMENT_3D('',#2824,#2080,#2081);
#1722=AXIS2_PLACEMENT_3D('',#2826,#2083,#2084);
#1723=AXIS2_PLACEMENT_3D('',#2828,#2086,#2087);
#1724=AXIS2_PLACEMENT_3D('',#2830,#2089,#2090);
#1725=AXIS2_PLACEMENT_3D('',#2831,#2091,#2092);
#1726=DIRECTION('axis',(0.,0.,1.));
#1727=DIRECTION('refdir',(1.,0.,0.));
#1728=DIRECTION('axis',(0.,0.,1.));
#1729=DIRECTION('refdir',(1.,0.,0.));
#1730=DIRECTION('center_axis',(0.,-1.,0.));
#1731=DIRECTION('ref_axis',(0.,0.,1.));
#1732=DIRECTION('',(-1.1161986242991E-103,0.,1.));
#1733=DIRECTION('',(-1.,0.,0.));
#1734=DIRECTION('',(0.,0.,1.));
#1735=DIRECTION('',(-1.,0.,0.));
#1736=DIRECTION('',(-1.,0.,0.));
#1737=DIRECTION('',(-1.,0.,0.));
#1738=DIRECTION('',(-1.,0.,0.));
#1739=DIRECTION('',(-1.,0.,0.));
#1740=DIRECTION('',(-1.,0.,0.));
#1741=DIRECTION('center_axis',(0.,1.,0.));
#1742=DIRECTION('ref_axis',(0.,0.,-1.));
#1743=DIRECTION('',(1.1161986242991E-103,0.,-1.));
#1744=DIRECTION('',(-1.,0.,0.));
#1745=DIRECTION('',(0.,0.,-1.));
#1746=DIRECTION('center_axis',(0.,0.,-1.));
#1747=DIRECTION('ref_axis',(0.,-1.,0.));
#1748=DIRECTION('',(1.72591293489895E-72,-1.,0.));
#1749=DIRECTION('',(0.,-1.,0.));
#1750=DIRECTION('center_axis',(0.,0.,-1.));
#1751=DIRECTION('ref_axis',(0.,-1.,0.));
#1752=DIRECTION('',(1.72591293489895E-72,-1.,0.));
#1753=DIRECTION('',(-1.,0.,0.));
#1754=DIRECTION('',(0.,-1.,0.));
#1755=DIRECTION('',(-1.,0.,0.));
#1756=DIRECTION('center_axis',(0.,-1.,0.));
#1757=DIRECTION('ref_axis',(0.,0.,1.));
#1758=DIRECTION('',(-1.1161986242991E-103,0.,1.));
#1759=DIRECTION('',(-1.,0.,0.));
#1760=DIRECTION('',(0.,0.,1.));
#1761=DIRECTION('',(-1.,0.,0.));
#1762=DIRECTION('',(-1.,0.,0.));
#1763=DIRECTION('',(-1.,0.,0.));
#1764=DIRECTION('',(-1.,0.,0.));
#1765=DIRECTION('center_axis',(0.,-0.536696204949423,0.843775552853297));
#1766=DIRECTION('ref_axis',(0.,0.843775552853297,0.536696204949423));
#1767=DIRECTION('',(-1.45628314082102E-72,0.843775552853297,0.536696204949423));
#1768=DIRECTION('',(-1.,0.,0.));
#1769=DIRECTION('',(0.,0.843775552853297,0.536696204949423));
#1770=DIRECTION('center_axis',(0.,-1.,0.));
#1771=DIRECTION('ref_axis',(0.,0.,1.));
#1772=DIRECTION('',(-1.1161986242991E-103,0.,1.));
#1773=DIRECTION('',(-1.,0.,0.));
#1774=DIRECTION('',(0.,0.,1.));
#1775=DIRECTION('center_axis',(0.,0.538514722773334,-0.842616100817187));
#1776=DIRECTION('ref_axis',(0.,-0.842616100817186,-0.538514722773334));
#1777=DIRECTION('',(1.4542820275545E-72,-0.842616100817186,-0.538514722773334));
#1778=DIRECTION('',(-1.,0.,0.));
#1779=DIRECTION('',(0.,-0.842616100817186,-0.538514722773334));
#1780=DIRECTION('',(-1.,0.,0.));
#1781=DIRECTION('',(-1.,0.,0.));
#1782=DIRECTION('',(-1.,0.,0.));
#1783=DIRECTION('',(-1.,0.,0.));
#1784=DIRECTION('',(-1.,0.,0.));
#1785=DIRECTION('',(-1.,0.,0.));
#1786=DIRECTION('',(-1.,0.,0.));
#1787=DIRECTION('center_axis',(0.,1.,0.));
#1788=DIRECTION('ref_axis',(0.,0.,-1.));
#1789=DIRECTION('',(1.1161986242991E-103,0.,-1.));
#1790=DIRECTION('',(-1.,0.,0.));
#1791=DIRECTION('',(0.,0.,-1.));
#1792=DIRECTION('center_axis',(0.,0.,1.));
#1793=DIRECTION('ref_axis',(0.,1.,0.));
#1794=DIRECTION('',(-1.72591293489895E-72,1.,0.));
#1795=DIRECTION('',(-1.,0.,0.));
#1796=DIRECTION('',(0.,1.,0.));
#1797=DIRECTION('center_axis',(0.,-1.,0.));
#1798=DIRECTION('ref_axis',(0.,0.,1.));
#1799=DIRECTION('',(-1.1161986242991E-103,0.,1.));
#1800=DIRECTION('',(0.,0.,1.));
#1801=DIRECTION('center_axis',(1.,0.,0.));
#1802=DIRECTION('ref_axis',(0.,1.,0.));
#1803=DIRECTION('center_axis',(0.,0.,-1.));
#1804=DIRECTION('ref_axis',(0.,-1.,0.));
#1805=DIRECTION('',(1.72591293489895E-72,-1.,0.));
#1806=DIRECTION('',(-1.,0.,0.));
#1807=DIRECTION('',(0.,-1.,0.));
#1808=DIRECTION('',(-1.,0.,0.));
#1809=DIRECTION('center_axis',(0.,1.,0.));
#1810=DIRECTION('ref_axis',(0.,0.,-1.));
#1811=DIRECTION('',(1.1161986242991E-103,0.,-1.));
#1812=DIRECTION('',(-1.,0.,0.));
#1813=DIRECTION('',(0.,0.,-1.));
#1814=DIRECTION('center_axis',(0.,0.,-1.));
#1815=DIRECTION('ref_axis',(0.,-1.,0.));
#1816=DIRECTION('',(1.72591293489895E-72,-1.,0.));
#1817=DIRECTION('',(-1.,0.,0.));
#1818=DIRECTION('',(0.,-1.,0.));
#1819=DIRECTION('center_axis',(0.,1.,0.));
#1820=DIRECTION('ref_axis',(0.,0.,-1.));
#1821=DIRECTION('',(1.1161986242991E-103,0.,-1.));
#1822=DIRECTION('',(-1.,0.,0.));
#1823=DIRECTION('',(0.,0.,-1.));
#1824=DIRECTION('center_axis',(0.,0.,1.));
#1825=DIRECTION('ref_axis',(0.,1.,0.));
#1826=DIRECTION('',(-1.72591293489895E-72,1.,0.));
#1827=DIRECTION('',(-1.,0.,0.));
#1828=DIRECTION('',(0.,1.,0.));
#1829=DIRECTION('center_axis',(0.,-1.,0.));
#1830=DIRECTION('ref_axis',(0.,0.,1.));
#1831=DIRECTION('',(-1.1161986242991E-103,0.,1.));
#1832=DIRECTION('',(0.,0.,1.));
#1833=DIRECTION('center_axis',(-1.,0.,0.));
#1834=DIRECTION('ref_axis',(0.,0.,1.));
#1835=DIRECTION('center_axis',(0.,0.,-1.));
#1836=DIRECTION('ref_axis',(0.,-1.,0.));
#1837=DIRECTION('',(1.72591293489895E-72,-1.,0.));
#1838=DIRECTION('',(-1.,0.,0.));
#1839=DIRECTION('',(0.,-1.,0.));
#1840=DIRECTION('',(-1.,0.,0.));
#1841=DIRECTION('center_axis',(0.,-1.,0.));
#1842=DIRECTION('ref_axis',(0.,0.,1.));
#1843=DIRECTION('',(-1.1161986242991E-103,0.,1.));
#1844=DIRECTION('',(-1.,0.,0.));
#1845=DIRECTION('',(0.,0.,1.));
#1846=DIRECTION('center_axis',(0.,0.,1.));
#1847=DIRECTION('ref_axis',(0.,1.,0.));
#1848=DIRECTION('',(-1.72591293489895E-72,1.,0.));
#1849=DIRECTION('',(-1.,0.,0.));
#1850=DIRECTION('',(0.,1.,0.));
#1851=DIRECTION('center_axis',(0.,-1.,0.));
#1852=DIRECTION('ref_axis',(0.,0.,1.));
#1853=DIRECTION('',(-1.1161986242991E-103,0.,1.));
#1854=DIRECTION('',(-1.,0.,0.));
#1855=DIRECTION('',(0.,0.,1.));
#1856=DIRECTION('center_axis',(0.,0.,-1.));
#1857=DIRECTION('ref_axis',(0.,-1.,0.));
#1858=DIRECTION('',(1.72591293489895E-72,-1.,0.));
#1859=DIRECTION('',(-1.,0.,0.));
#1860=DIRECTION('',(0.,-1.,0.));
#1861=DIRECTION('center_axis',(0.,1.,0.));
#1862=DIRECTION('ref_axis',(0.,0.,-1.));
#1863=DIRECTION('',(1.1161986242991E-103,0.,-1.));
#1864=DIRECTION('',(-1.,0.,0.));
#1865=DIRECTION('',(0.,0.,-1.));
#1866=DIRECTION('center_axis',(0.,0.,1.));
#1867=DIRECTION('ref_axis',(0.,1.,0.));
#1868=DIRECTION('',(-1.72591293489895E-72,1.,0.));
#1869=DIRECTION('',(-1.,0.,0.));
#1870=DIRECTION('',(0.,1.,0.));
#1871=DIRECTION('center_axis',(0.,1.,0.));
#1872=DIRECTION('ref_axis',(0.,0.,-1.));
#1873=DIRECTION('',(1.1161986242991E-103,0.,-1.));
#1874=DIRECTION('',(-1.,0.,0.));
#1875=DIRECTION('',(0.,0.,-1.));
#1876=DIRECTION('center_axis',(0.,0.,-1.));
#1877=DIRECTION('ref_axis',(0.,-1.,0.));
#1878=DIRECTION('',(1.72591293489895E-72,-1.,0.));
#1879=DIRECTION('',(-1.,0.,0.));
#1880=DIRECTION('',(0.,-1.,0.));
#1881=DIRECTION('center_axis',(0.,1.,0.));
#1882=DIRECTION('ref_axis',(0.,0.,-1.));
#1883=DIRECTION('',(1.1161986242991E-103,0.,-1.));
#1884=DIRECTION('',(-1.,0.,0.));
#1885=DIRECTION('',(0.,0.,-1.));
#1886=DIRECTION('center_axis',(0.,0.,1.));
#1887=DIRECTION('ref_axis',(0.,1.,0.));
#1888=DIRECTION('',(-1.72591293489895E-72,1.,0.));
#1889=DIRECTION('',(-1.,0.,0.));
#1890=DIRECTION('',(0.,1.,0.));
#1891=DIRECTION('center_axis',(0.,-1.,0.));
#1892=DIRECTION('ref_axis',(0.,0.,1.));
#1893=DIRECTION('',(-1.1161986242991E-103,0.,1.));
#1894=DIRECTION('',(0.,0.,1.));
#1895=DIRECTION('center_axis',(-1.,0.,0.));
#1896=DIRECTION('ref_axis',(0.,0.,1.));
#1897=DIRECTION('center_axis',(-1.,-1.72591293489895E-72,-1.1161986242991E-103));
#1898=DIRECTION('ref_axis',(1.72591293489895E-72,-1.,0.));
#1899=DIRECTION('center_axis',(-1.,-1.72591293489895E-72,-1.1161986242991E-103));
#1900=DIRECTION('ref_axis',(0.,0.994209937925444,0.107455103788904));
#1901=DIRECTION('center_axis',(-1.,0.,1.19461515081849E-88));
#1902=DIRECTION('ref_axis',(-2.31143850370586E-88,-1.14194368247159E-15,
1.));
#1903=DIRECTION('',(0.,1.,0.));
#1904=DIRECTION('center_axis',(-1.,0.,1.19461515081849E-88));
#1905=DIRECTION('ref_axis',(0.,-1.,-1.01506105108586E-15));
#1906=DIRECTION('center_axis',(-1.,-1.72591293489895E-72,-1.1161986242991E-103));
#1907=DIRECTION('ref_axis',(0.,-0.994209937925444,0.107455103788905));
#1908=DIRECTION('',(-1.70861193149629E-88,-1.15849359091321E-16,1.));
#1909=DIRECTION('center_axis',(-1.,0.,1.19461515081849E-88));
#1910=DIRECTION('ref_axis',(-2.5779034402384E-88,-1.,0.));
#1911=DIRECTION('',(1.19461515081849E-88,0.,-1.));
#1912=DIRECTION('center_axis',(-1.,-1.72591293489895E-72,-1.1161986242991E-103));
#1913=DIRECTION('ref_axis',(0.,1.,0.));
#1914=DIRECTION('center_axis',(-1.,0.,1.19461515081849E-88));
#1915=DIRECTION('ref_axis',(0.,0.994209937925444,0.107455103788904));
#1916=DIRECTION('',(-1.,0.,1.19461515081849E-88));
#1917=DIRECTION('center_axis',(1.,0.,-1.19461515081849E-88));
#1918=DIRECTION('ref_axis',(0.,0.994209937925444,0.107455103788904));
#1919=DIRECTION('',(-1.,0.,1.19461515081849E-88));
#1920=DIRECTION('center_axis',(0.,-1.,0.));
#1921=DIRECTION('ref_axis',(-1.19461515081849E-88,0.,1.));
#1922=DIRECTION('',(-1.,0.,1.19461515081849E-88));
#1923=DIRECTION('',(-1.19461515081849E-88,0.,1.));
#1924=DIRECTION('center_axis',(-1.,-1.72591293489895E-72,-1.1161986242991E-103));
#1925=DIRECTION('ref_axis',(1.72591293489895E-72,-1.,0.));
#1926=DIRECTION('center_axis',(1.,-2.51345585423244E-88,-1.19461515081849E-88));
#1927=DIRECTION('ref_axis',(0.,-0.994209937925444,0.107455103788905));
#1928=DIRECTION('center_axis',(1.,0.,-1.19461515081849E-88));
#1929=DIRECTION('ref_axis',(0.,-0.994209937925444,0.107455103788905));
#1930=DIRECTION('',(1.,-2.51345585423244E-88,-1.19461515081849E-88));
#1931=DIRECTION('',(1.,0.,-1.19461515081849E-88));
#1932=DIRECTION('center_axis',(2.51345585423244E-88,1.,1.15849359091321E-16));
#1933=DIRECTION('ref_axis',(1.70861193149629E-88,1.15849359091321E-16,-1.));
#1934=DIRECTION('',(1.70861193149629E-88,1.15849359091321E-16,-1.));
#1935=DIRECTION('',(1.,0.,-1.19461515081849E-88));
#1936=DIRECTION('',(1.,0.,-1.19461515081849E-88));
#1937=DIRECTION('center_axis',(-1.,0.,1.19461515081849E-88));
#1938=DIRECTION('ref_axis',(0.,-1.,0.));
#1939=DIRECTION('center_axis',(1.,0.,-1.19461515081849E-88));
#1940=DIRECTION('ref_axis',(-2.5779034402384E-88,-1.,0.));
#1941=DIRECTION('center_axis',(1.,0.,-1.19461515081849E-88));
#1942=DIRECTION('ref_axis',(0.,-1.,-1.01506105108586E-15));
#1943=DIRECTION('',(0.,-1.,0.));
#1944=DIRECTION('center_axis',(-1.,2.53620336864684E-15,0.));
#1945=DIRECTION('ref_axis',(-2.31143850370586E-88,-1.14194368247159E-15,
1.));
#1946=DIRECTION('center_axis',(1.,0.,-1.19461515081849E-88));
#1947=DIRECTION('ref_axis',(-2.31143850370586E-88,-1.14194368247159E-15,
1.));
#1948=DIRECTION('center_axis',(1.,0.,-1.19461515081849E-88));
#1949=DIRECTION('ref_axis',(0.,-1.,0.));
#1950=DIRECTION('center_axis',(1.,0.,0.));
#1951=DIRECTION('ref_axis',(0.,0.,-1.));
#1952=DIRECTION('center_axis',(1.,0.,-1.19461515081849E-88));
#1953=DIRECTION('ref_axis',(0.,-1.,0.));
#1954=DIRECTION('center_axis',(1.,0.,-1.19461515081849E-88));
#1955=DIRECTION('ref_axis',(0.,-1.,0.));
#1956=DIRECTION('center_axis',(0.,1.,1.2509555207044E-16));
#1957=DIRECTION('ref_axis',(0.,-1.2509555207044E-16,1.));
#1958=DIRECTION('center_axis',(-1.,0.,1.19461515081849E-88));
#1959=DIRECTION('ref_axis',(0.,-1.,0.));
#1960=DIRECTION('center_axis',(-1.,0.,1.19461515081849E-88));
#1961=DIRECTION('ref_axis',(0.,-1.,0.));
#1962=DIRECTION('center_axis',(1.,0.,-1.19461515081849E-88));
#1963=DIRECTION('ref_axis',(0.,-1.,0.));
#1964=DIRECTION('center_axis',(1.,1.72591293489895E-72,1.1161986242991E-103));
#1965=DIRECTION('ref_axis',(1.72591293489895E-72,-1.,0.));
#1966=DIRECTION('',(1.,0.,-1.19461515081849E-88));
#1967=DIRECTION('center_axis',(1.,0.,-1.19461515081849E-88));
#1968=DIRECTION('ref_axis',(0.,-1.,-1.01506105108586E-15));
#1969=DIRECTION('',(-1.,0.,1.19461515081849E-88));
#1970=DIRECTION('center_axis',(1.0378340065058E-15,-0.939355070024872,-0.342946136322554));
#1971=DIRECTION('ref_axis',(-6.19405611715222E-15,-0.342946136322554,0.939355070024872));
#1972=DIRECTION('',(-5.91895172652714E-73,0.342946136322554,-0.939355070024872));
#1973=DIRECTION('',(-1.,6.66133814775094E-16,-4.85082059990068E-15));
#1974=DIRECTION('',(6.19405611715222E-15,0.342946136322554,-0.939355070024872));
#1975=DIRECTION('',(-1.,6.66133814775094E-16,-4.85082059990068E-15));
#1976=DIRECTION('center_axis',(-9.88039908962224E-16,-0.997775303139718,
0.0666666666666686));
#1977=DIRECTION('ref_axis',(-4.46279843601648E-15,0.0666666666666686,0.997775303139718));
#1978=DIRECTION('',(1.150608623266E-73,-0.0666666666666686,-0.997775303139718));
#1979=DIRECTION('',(-1.,6.66133814775094E-16,-4.85082059990068E-15));
#1980=DIRECTION('',(4.46279843601648E-15,-0.0666666666666686,-0.997775303139718));
#1981=DIRECTION('',(-1.,6.66133814775094E-16,-4.85082059990068E-15));
#1982=DIRECTION('center_axis',(-1.,6.66133814775094E-16,-4.85082059990068E-15));
#1983=DIRECTION('ref_axis',(-9.88039908962229E-16,-0.997775303139718,0.0666666666666696));
#1984=DIRECTION('center_axis',(1.,1.72591293489895E-72,1.1161986242991E-103));
#1985=DIRECTION('ref_axis',(-9.88039908962229E-16,-0.997775303139718,0.0666666666666696));
#1986=DIRECTION('center_axis',(1.,-6.65266453037113E-16,4.82947015711945E-15));
#1987=DIRECTION('ref_axis',(-9.85751113989101E-16,-0.997775303139718,0.0666666666666696));
#1988=DIRECTION('center_axis',(1.19461515081849E-88,0.,-1.));
#1989=DIRECTION('ref_axis',(0.,-1.,0.));
#1990=DIRECTION('',(-1.,0.,1.19461515081849E-88));
#1991=DIRECTION('center_axis',(1.,-6.65266453037113E-16,4.82947015711945E-15));
#1992=DIRECTION('ref_axis',(6.65266453037113E-16,1.,0.));
#1993=DIRECTION('',(6.65266453037124E-16,1.,-2.26310268720522E-15));
#1994=DIRECTION('',(-6.65266453037113E-16,-1.,0.));
#1995=DIRECTION('',(4.55150062975476E-15,0.0666666666666626,-0.997775303139718));
#1996=DIRECTION('center_axis',(1.,-6.65266453037113E-16,4.82947015711945E-15));
#1997=DIRECTION('ref_axis',(2.28116954644709E-15,0.93935507002487,-0.342946136322559));
#1998=DIRECTION('',(5.73775499776403E-15,-0.342946136322559,-0.93935507002487));
#1999=DIRECTION('center_axis',(-1.,6.65266453037113E-16,-4.82947015711945E-15));
#2000=DIRECTION('ref_axis',(6.65266453037113E-16,1.,0.));
#2001=DIRECTION('center_axis',(3.41263828975477E-16,0.997775303139718,0.0666666666666626));
#2002=DIRECTION('ref_axis',(4.55150062975476E-15,0.0666666666666626,-0.997775303139718));
#2003=DIRECTION('',(1.15060862326589E-73,-0.0666666666666626,0.997775303139718));
#2004=DIRECTION('',(-1.,6.66133814775094E-16,-4.85082059990068E-15));
#2005=DIRECTION('',(-1.,6.66133814775094E-16,-4.85082059990068E-15));
#2006=DIRECTION('center_axis',(-1.,6.66133814775094E-16,-4.85082059990068E-15));
#2007=DIRECTION('ref_axis',(2.28930635895381E-15,0.93935507002487,-0.342946136322559));
#2008=DIRECTION('center_axis',(1.,1.72591293489895E-72,1.1161986242991E-103));
#2009=DIRECTION('ref_axis',(2.28930635895381E-15,0.93935507002487,-0.342946136322559));
#2010=DIRECTION('',(-1.,6.66133814775094E-16,-4.85082059990068E-15));
#2011=DIRECTION('center_axis',(2.28930635895381E-15,0.93935507002487,-0.342946136322559));
#2012=DIRECTION('ref_axis',(5.73775499776403E-15,-0.342946136322559,-0.93935507002487));
#2013=DIRECTION('',(-5.91895172652723E-73,0.342946136322559,0.93935507002487));
#2014=DIRECTION('',(-1.,6.66133814775094E-16,-4.85082059990068E-15));
#2015=DIRECTION('center_axis',(1.,0.,-1.19461515081849E-88));
#2016=DIRECTION('ref_axis',(0.,1.,0.));
#2017=DIRECTION('',(1.,0.,-1.19461515081849E-88));
#2018=DIRECTION('center_axis',(1.,0.,-1.19461515081849E-88));
#2019=DIRECTION('ref_axis',(-2.31143850370586E-88,-1.14194368247159E-15,
1.));
#2020=DIRECTION('center_axis',(1.,0.,-1.19461515081849E-88));
#2021=DIRECTION('ref_axis',(-3.77245357101532E-88,0.0104332280551795,-0.999945572394992));
#2022=DIRECTION('center_axis',(-4.85082059990068E-15,3.22939933074852E-30,
1.));
#2023=DIRECTION('ref_axis',(6.65266453037113E-16,1.,0.));
#2024=DIRECTION('',(1.72591293489895E-72,-1.,3.22939933074852E-30));
#2025=DIRECTION('center_axis',(-1.,-1.72591293489895E-72,-1.1161986242991E-103));
#2026=DIRECTION('ref_axis',(1.72591293489895E-72,-1.,0.));
#2027=DIRECTION('',(-1.72591293489895E-72,1.,-2.26310268720523E-15));
#2028=DIRECTION('center_axis',(1.,0.,-1.19461515081849E-88));
#2029=DIRECTION('ref_axis',(0.,-1.,0.));
#2030=DIRECTION('',(1.,0.,-1.19461515081849E-88));
#2031=DIRECTION('center_axis',(4.85082059990068E-15,-2.26310268720523E-15,
-1.));
#2032=DIRECTION('ref_axis',(-6.65266453037124E-16,-1.,2.26310268720522E-15));
#2033=DIRECTION('center_axis',(0.,1.,-8.88178419700125E-16));
#2034=DIRECTION('ref_axis',(1.,-3.81032722110053E-47,-4.290047063277E-32));
#2035=DIRECTION('center_axis',(0.,1.,-1.04916075827077E-15));
#2036=DIRECTION('ref_axis',(1.,-3.81032722110053E-47,-4.290047063277E-32));
#2037=DIRECTION('',(0.,1.,-8.88178419700125E-16));
#2038=DIRECTION('center_axis',(0.,-1.,4.44089209850063E-17));
#2039=DIRECTION('ref_axis',(1.,-3.81032722110053E-47,-4.290047063277E-32));
#2040=DIRECTION('center_axis',(0.,1.,-8.88178419700125E-16));
#2041=DIRECTION('ref_axis',(1.,-3.81032722110053E-47,-4.290047063277E-32));
#2042=DIRECTION('center_axis',(0.,1.,-1.04916075827077E-15));
#2043=DIRECTION('ref_axis',(1.,-3.81032722110053E-47,-4.290047063277E-32));
#2044=DIRECTION('',(0.,1.,-8.88178419700125E-16));
#2045=DIRECTION('center_axis',(0.,-1.,4.44089209850063E-17));
#2046=DIRECTION('ref_axis',(1.,-3.81032722110053E-47,-4.290047063277E-32));
#2047=DIRECTION('center_axis',(-1.,0.,0.));
#2048=DIRECTION('ref_axis',(0.,0.,1.));
#2049=DIRECTION('',(0.,1.04916075827077E-15,1.));
#2050=DIRECTION('',(0.,1.,0.));
#2051=DIRECTION('',(0.,-4.44089209850063E-17,-1.));
#2052=DIRECTION('',(0.,1.,0.));
#2053=DIRECTION('',(0.,-8.88178419700122E-16,-1.));
#2054=DIRECTION('',(0.,-1.,7.105427357601E-16));
#2055=DIRECTION('',(0.,0.,1.));
#2056=DIRECTION('',(0.,1.,0.));
#2057=DIRECTION('center_axis',(0.,0.,-1.));
#2058=DIRECTION('ref_axis',(1.34151948808873E-17,-1.,0.));
#2059=DIRECTION('',(-1.,0.,0.));
#2060=DIRECTION('',(-1.36642833800019E-15,-1.,0.));
#2061=DIRECTION('',(-1.,0.,0.));
#2062=DIRECTION('center_axis',(0.,1.,0.));
#2063=DIRECTION('ref_axis',(-2.31296463463574E-17,0.,-1.));
#2064=DIRECTION('',(-1.,0.,0.));
#2065=DIRECTION('',(3.27942801120046E-14,0.,-1.));
#2066=DIRECTION('center_axis',(0.,7.105427357601E-16,1.));
#2067=DIRECTION('ref_axis',(-4.62592926927154E-19,1.,-7.105427357601E-16));
#2068=DIRECTION('',(-1.,0.,0.));
#2069=DIRECTION('',(1.36642833800022E-15,1.,-7.105427357601E-16));
#2070=DIRECTION('center_axis',(0.,-1.,8.88178419700122E-16));
#2071=DIRECTION('ref_axis',(0.,8.88178419700122E-16,1.));
#2072=DIRECTION('',(-1.,0.,0.));
#2073=DIRECTION('',(-3.27942801120046E-14,8.88178419700122E-16,1.));
#2074=DIRECTION('center_axis',(1.,-1.38747896539877E-15,0.));
#2075=DIRECTION('ref_axis',(0.,0.,-1.));
#2076=DIRECTION('',(3.27942801120046E-14,-1.04916075827077E-15,-1.));
#2077=DIRECTION('',(-1.36642833800019E-15,-1.,0.));
#2078=DIRECTION('',(-3.27942801120046E-14,4.44089209850063E-17,1.));
#2079=DIRECTION('',(-1.36642833800019E-15,-1.,0.));
#2080=DIRECTION('center_axis',(0.,1.,-1.04916075827077E-15));
#2081=DIRECTION('ref_axis',(-7.40148683083439E-19,-1.04916075827077E-15,
-1.));
#2082=DIRECTION('',(-1.,0.,0.));
#2083=DIRECTION('center_axis',(0.,0.,-1.));
#2084=DIRECTION('ref_axis',(-2.48874994686807E-17,-1.,0.));
#2085=DIRECTION('',(-1.,0.,0.));
#2086=DIRECTION('center_axis',(0.,-1.,4.44089209850063E-17));
#2087=DIRECTION('ref_axis',(5.55111512312578E-18,4.44089209850063E-17,1.));
#2088=DIRECTION('',(-1.,0.,0.));
#2089=DIRECTION('center_axis',(0.,0.,-1.));
#2090=DIRECTION('ref_axis',(-2.77555756156293E-19,-1.,0.));
#2091=DIRECTION('',(-4.02102700235269E-15,-5.99055519598968E-17,1.));
#2092=DIRECTION('',(0.999999999999994,6.65085230887558E-32,-2.27595720048156E-15));
#2093=CARTESIAN_POINT('',(0.,0.,0.));
#2094=CARTESIAN_POINT('',(0.,0.,0.));
#2095=CARTESIAN_POINT('Origin',(93.4601379813762,10.8424282073975,112.912688553333));
#2096=CARTESIAN_POINT('',(93.4601379813762,10.8424282073975,112.912688553333));
#2097=CARTESIAN_POINT('',(93.4601379813762,10.8424282073975,117.660301029682));
#2098=CARTESIAN_POINT('',(93.4601379813762,10.8424282073975,83.1399519780365));
#2099=CARTESIAN_POINT('',(91.9601379813762,10.8424282073975,112.912688553333));
#2100=CARTESIAN_POINT('',(93.4601379813762,10.8424282073975,112.912688553333));
#2101=CARTESIAN_POINT('',(91.9601379813762,10.8424282073975,117.660301029682));
#2102=CARTESIAN_POINT('',(91.9601379813762,10.8424282073975,112.912688553333));
#2103=CARTESIAN_POINT('',(93.4601379813762,10.8424282073975,117.660301029682));
#2104=CARTESIAN_POINT('Ctrl Pts',(93.4601379813762,10.156888961792,110.47237187624));
#2105=CARTESIAN_POINT('Ctrl Pts',(91.9601379813762,10.156888961792,110.47237187624));
#2106=CARTESIAN_POINT('Ctrl Pts',(93.4601379813762,10.3559924013888,110.795992694593));
#2107=CARTESIAN_POINT('Ctrl Pts',(91.9601379813762,10.3559924013888,110.795992694593));
#2108=CARTESIAN_POINT('Ctrl Pts',(93.4601379813762,10.8133234004155,111.539334107795));
#2109=CARTESIAN_POINT('Ctrl Pts',(91.9601379813762,10.8133234004155,111.539334107795));
#2110=CARTESIAN_POINT('Ctrl Pts',(93.4601379813762,10.8319249953461,112.417078567942));
#2111=CARTESIAN_POINT('Ctrl Pts',(91.9601379813762,10.8319249953461,112.417078567942));
#2112=CARTESIAN_POINT('Ctrl Pts',(93.4601379813762,10.8424282073975,112.912688553333));
#2113=CARTESIAN_POINT('Ctrl Pts',(91.9601379813762,10.8424282073975,112.912688553333));
#2114=CARTESIAN_POINT('',(93.4601379813762,10.156888961792,110.47237187624));
#2115=CARTESIAN_POINT('Ctrl Pts',(93.4601379813762,10.156888961792,110.47237187624));
#2116=CARTESIAN_POINT('Ctrl Pts',(93.4601379813762,10.3559924013888,110.795992694593));
#2117=CARTESIAN_POINT('Ctrl Pts',(93.4601379813762,10.8133234004155,111.539334107795));
#2118=CARTESIAN_POINT('Ctrl Pts',(93.4601379813762,10.8319249953461,112.417078567942));
#2119=CARTESIAN_POINT('Ctrl Pts',(93.4601379813762,10.8424282073975,112.912688553333));
#2120=CARTESIAN_POINT('',(91.9601379813762,10.156888961792,110.47237187624));
#2121=CARTESIAN_POINT('',(93.4601379813762,10.156888961792,110.47237187624));
#2122=CARTESIAN_POINT('Ctrl Pts',(91.9601379813762,10.156888961792,110.47237187624));
#2123=CARTESIAN_POINT('Ctrl Pts',(91.9601379813762,10.3559924013888,110.795992694593));
#2124=CARTESIAN_POINT('Ctrl Pts',(91.9601379813762,10.8133234004155,111.539334107795));
#2125=CARTESIAN_POINT('Ctrl Pts',(91.9601379813762,10.8319249953461,112.417078567942));
#2126=CARTESIAN_POINT('Ctrl Pts',(91.9601379813762,10.8424282073975,112.912688553333));
#2127=CARTESIAN_POINT('Ctrl Pts',(93.4601379813762,8.40723037719727,109.699867069721));
#2128=CARTESIAN_POINT('Ctrl Pts',(91.9601379813762,8.40723037719727,109.699867069721));
#2129=CARTESIAN_POINT('Ctrl Pts',(93.4601379813762,8.7451678575681,109.730942325894));
#2130=CARTESIAN_POINT('Ctrl Pts',(91.9601379813762,8.7451678575681,109.730942325894));
#2131=CARTESIAN_POINT('Ctrl Pts',(93.4601379813762,9.415320199932,109.792566611222));
#2132=CARTESIAN_POINT('Ctrl Pts',(91.9601379813762,9.415320199932,109.792566611222));
#2133=CARTESIAN_POINT('Ctrl Pts',(93.4601379813762,9.91111060550815,110.247063814166));
#2134=CARTESIAN_POINT('Ctrl Pts',(91.9601379813762,9.91111060550815,110.247063814166));
#2135=CARTESIAN_POINT('Ctrl Pts',(93.4601379813762,10.156888961792,110.47237187624));
#2136=CARTESIAN_POINT('Ctrl Pts',(91.9601379813762,10.156888961792,110.47237187624));
#2137=CARTESIAN_POINT('',(93.4601379813762,8.40723037719727,109.699867069721));
#2138=CARTESIAN_POINT('Ctrl Pts',(93.4601379813762,8.40723037719727,109.699867069721));
#2139=CARTESIAN_POINT('Ctrl Pts',(93.4601379813762,8.7451678575681,109.730942325894));
#2140=CARTESIAN_POINT('Ctrl Pts',(93.4601379813762,9.415320199932,109.792566611222));
#2141=CARTESIAN_POINT('Ctrl Pts',(93.4601379813762,9.91111060550815,110.247063814166));
#2142=CARTESIAN_POINT('Ctrl Pts',(93.4601379813762,10.156888961792,110.47237187624));
#2143=CARTESIAN_POINT('',(91.9601379813762,8.40723037719727,109.699867069721));
#2144=CARTESIAN_POINT('',(93.4601379813762,8.40723037719727,109.699867069721));
#2145=CARTESIAN_POINT('Ctrl Pts',(91.9601379813762,8.40723037719727,109.699867069721));
#2146=CARTESIAN_POINT('Ctrl Pts',(91.9601379813762,8.7451678575681,109.730942325894));
#2147=CARTESIAN_POINT('Ctrl Pts',(91.9601379813762,9.415320199932,109.792566611222));
#2148=CARTESIAN_POINT('Ctrl Pts',(91.9601379813762,9.91111060550815,110.247063814166));
#2149=CARTESIAN_POINT('Ctrl Pts',(91.9601379813762,10.156888961792,110.47237187624));
#2150=CARTESIAN_POINT('Ctrl Pts',(93.4601379813762,7.06173181533813,110.098908245564));
#2151=CARTESIAN_POINT('Ctrl Pts',(91.9601379813762,7.06173181533813,110.098908245564));
#2152=CARTESIAN_POINT('Ctrl Pts',(93.4601379813762,7.27210727588956,109.982521082536));
#2153=CARTESIAN_POINT('Ctrl Pts',(91.9601379813762,7.27210727588956,109.982521082536));
#2154=CARTESIAN_POINT('Ctrl Pts',(93.4601379813762,7.69132897769487,109.750592774811));
#2155=CARTESIAN_POINT('Ctrl Pts',(91.9601379813762,7.69132897769487,109.750592774811));
#2156=CARTESIAN_POINT('Ctrl Pts',(93.4601379813762,8.16917760273751,109.716734469117));
#2157=CARTESIAN_POINT('Ctrl Pts',(91.9601379813762,8.16917760273751,109.716734469117));
#2158=CARTESIAN_POINT('Ctrl Pts',(93.4601379813762,8.40723037719727,109.699867069721));
#2159=CARTESIAN_POINT('Ctrl Pts',(91.9601379813762,8.40723037719727,109.699867069721));
#2160=CARTESIAN_POINT('',(93.4601379813762,7.06173181533813,110.098908245564));
#2161=CARTESIAN_POINT('Ctrl Pts',(93.4601379813762,7.06173181533813,110.098908245564));
#2162=CARTESIAN_POINT('Ctrl Pts',(93.4601379813762,7.27210727588956,109.982521082536));
#2163=CARTESIAN_POINT('Ctrl Pts',(93.4601379813762,7.69132897769487,109.750592774811));
#2164=CARTESIAN_POINT('Ctrl Pts',(93.4601379813762,8.16917760273751,109.716734469117));
#2165=CARTESIAN_POINT('Ctrl Pts',(93.4601379813762,8.40723037719727,109.699867069721));
#2166=CARTESIAN_POINT('',(91.9601379813762,7.06173181533813,110.098908245564));
#2167=CARTESIAN_POINT('',(93.4601379813762,7.06173181533813,110.098908245564));
#2168=CARTESIAN_POINT('Ctrl Pts',(91.9601379813762,7.06173181533813,110.098908245564));
#2169=CARTESIAN_POINT('Ctrl Pts',(91.9601379813762,7.27210727588956,109.982521082536));
#2170=CARTESIAN_POINT('Ctrl Pts',(91.9601379813762,7.69132897769487,109.750592774811));
#2171=CARTESIAN_POINT('Ctrl Pts',(91.9601379813762,8.16917760273751,109.716734469117));
#2172=CARTESIAN_POINT('Ctrl Pts',(91.9601379813762,8.40723037719727,109.699867069721));
#2173=CARTESIAN_POINT('Ctrl Pts',(93.4601379813762,6.16132259368896,111.26534730196));
#2174=CARTESIAN_POINT('Ctrl Pts',(91.9601379813762,6.16132259368896,111.26534730196));
#2175=CARTESIAN_POINT('Ctrl Pts',(93.4601379813762,6.26613536108254,111.026902536015));
#2176=CARTESIAN_POINT('Ctrl Pts',(91.9601379813762,6.26613536108254,111.026902536015));
#2177=CARTESIAN_POINT('Ctrl Pts',(93.4601379813762,6.47002289971049,110.563066711084));
#2178=CARTESIAN_POINT('Ctrl Pts',(91.9601379813762,6.47002289971049,110.563066711084));
#2179=CARTESIAN_POINT('Ctrl Pts',(93.4601379813762,6.8682310941435,110.250697403128));
#2180=CARTESIAN_POINT('Ctrl Pts',(91.9601379813762,6.8682310941435,110.250697403128));
#2181=CARTESIAN_POINT('Ctrl Pts',(93.4601379813762,7.06173181533813,110.098908245564));
#2182=CARTESIAN_POINT('Ctrl Pts',(91.9601379813762,7.06173181533813,110.098908245564));
#2183=CARTESIAN_POINT('',(93.4601379813762,6.16132259368896,111.26534730196));
#2184=CARTESIAN_POINT('Ctrl Pts',(93.4601379813762,6.16132259368896,111.26534730196));
#2185=CARTESIAN_POINT('Ctrl Pts',(93.4601379813762,6.26613536108254,111.026902536015));
#2186=CARTESIAN_POINT('Ctrl Pts',(93.4601379813762,6.47002289971049,110.563066711084));
#2187=CARTESIAN_POINT('Ctrl Pts',(93.4601379813762,6.8682310941435,110.250697403128));
#2188=CARTESIAN_POINT('Ctrl Pts',(93.4601379813762,7.06173181533813,110.098908245564));
#2189=CARTESIAN_POINT('',(91.9601379813762,6.16132259368896,111.26534730196));
#2190=CARTESIAN_POINT('',(93.4601379813762,6.16132259368896,111.26534730196));
#2191=CARTESIAN_POINT('Ctrl Pts',(91.9601379813762,6.16132259368896,111.26534730196));
#2192=CARTESIAN_POINT('Ctrl Pts',(91.9601379813762,6.26613536108254,111.026902536015));
#2193=CARTESIAN_POINT('Ctrl Pts',(91.9601379813762,6.47002289971049,110.563066711084));
#2194=CARTESIAN_POINT('Ctrl Pts',(91.9601379813762,6.8682310941435,110.250697403128));
#2195=CARTESIAN_POINT('Ctrl Pts',(91.9601379813762,7.06173181533813,110.098908245564));
#2196=CARTESIAN_POINT('Ctrl Pts',(93.4601379813762,5.87994456291199,113.393588364124));
#2197=CARTESIAN_POINT('Ctrl Pts',(91.9601379813762,5.87994456291199,113.393588364124));
#2198=CARTESIAN_POINT('Ctrl Pts',(93.4601379813762,5.88437551494065,112.98670370458));
#2199=CARTESIAN_POINT('Ctrl Pts',(91.9601379813762,5.88437551494065,112.98670370458));
#2200=CARTESIAN_POINT('Ctrl Pts',(93.4601379813762,5.89223498945202,112.264985304093));
#2201=CARTESIAN_POINT('Ctrl Pts',(91.9601379813762,5.89223498945202,112.264985304093));
#2202=CARTESIAN_POINT('Ctrl Pts',(93.4601379813762,6.07959215901319,111.568969048731));
#2203=CARTESIAN_POINT('Ctrl Pts',(91.9601379813762,6.07959215901319,111.568969048731));
#2204=CARTESIAN_POINT('Ctrl Pts',(93.4601379813762,6.16132259368896,111.26534730196));
#2205=CARTESIAN_POINT('Ctrl Pts',(91.9601379813762,6.16132259368896,111.26534730196));
#2206=CARTESIAN_POINT('',(93.4601379813762,5.87994456291199,113.393588364124));
#2207=CARTESIAN_POINT('Ctrl Pts',(93.4601379813762,5.87994456291199,113.393588364124));
#2208=CARTESIAN_POINT('Ctrl Pts',(93.4601379813762,5.88437551494065,112.98670370458));
#2209=CARTESIAN_POINT('Ctrl Pts',(93.4601379813762,5.89223498945202,112.264985304093));
#2210=CARTESIAN_POINT('Ctrl Pts',(93.4601379813762,6.07959215901319,111.568969048731));
#2211=CARTESIAN_POINT('Ctrl Pts',(93.4601379813762,6.16132259368896,111.26534730196));
#2212=CARTESIAN_POINT('',(91.9601379813762,5.87994456291199,113.393588364124));
#2213=CARTESIAN_POINT('',(93.4601379813762,5.87994456291199,113.393588364124));
#2214=CARTESIAN_POINT('Ctrl Pts',(91.9601379813762,5.87994456291199,113.393588364124));
#2215=CARTESIAN_POINT('Ctrl Pts',(91.9601379813762,5.88437551494065,112.98670370458));
#2216=CARTESIAN_POINT('Ctrl Pts',(91.9601379813762,5.89223498945202,112.264985304093));
#2217=CARTESIAN_POINT('Ctrl Pts',(91.9601379813762,6.07959215901319,111.568969048731));
#2218=CARTESIAN_POINT('Ctrl Pts',(91.9601379813762,6.16132259368896,111.26534730196));
#2219=CARTESIAN_POINT('Origin',(93.4601379813762,5.87994456291199,117.660301029682));
#2220=CARTESIAN_POINT('',(93.4601379813762,5.87994456291199,117.660301029682));
#2221=CARTESIAN_POINT('',(93.4601379813762,5.87994456291199,85.5137582162109));
#2222=CARTESIAN_POINT('',(91.9601379813762,5.87994456291199,117.660301029682));
#2223=CARTESIAN_POINT('',(93.4601379813762,5.87994456291199,117.660301029682));
#2224=CARTESIAN_POINT('',(91.9601379813762,5.87994456291199,117.660301029682));
#2225=CARTESIAN_POINT('Origin',(93.4601379813762,10.8424282073975,117.660301029682));
#2226=CARTESIAN_POINT('',(93.4601379813762,7.40145781351391,117.660301029682));
#2227=CARTESIAN_POINT('',(91.9601379813762,10.8424282073975,117.660301029682));
#2228=CARTESIAN_POINT('Origin',(93.4601379813762,4.16098237037659,117.660301029682));
#2229=CARTESIAN_POINT('',(93.4601379813762,4.16098237037659,117.660301029682));
#2230=CARTESIAN_POINT('',(93.4601379813762,-2.5000011920929,117.660301029682));
#2231=CARTESIAN_POINT('',(93.4601379813762,4.06073489500347,117.660301029682));
#2232=CARTESIAN_POINT('',(91.9601379813762,4.16098237037659,117.660301029682));
#2233=CARTESIAN_POINT('',(93.4601379813762,4.16098237037659,117.660301029682));
#2234=CARTESIAN_POINT('',(91.9601379813762,-2.5000011920929,117.660301029682));
#2235=CARTESIAN_POINT('',(91.9601379813762,4.16098237037659,117.660301029682));
#2236=CARTESIAN_POINT('',(93.4601379813762,-2.5000011920929,117.660301029682));
#2237=CARTESIAN_POINT('Origin',(93.4601379813762,4.16098237037659,115.358116924763));
#2238=CARTESIAN_POINT('',(93.4601379813762,4.16098237037659,115.358116924763));
#2239=CARTESIAN_POINT('',(93.4601379813762,4.16098237037659,84.3626661637512));
#2240=CARTESIAN_POINT('',(91.9601379813762,4.16098237037659,115.358116924763));
#2241=CARTESIAN_POINT('',(93.4601379813762,4.16098237037659,115.358116924763));
#2242=CARTESIAN_POINT('',(91.9601379813762,4.16098237037659,115.358116924763));
#2243=CARTESIAN_POINT('Ctrl Pts',(93.4601379813762,4.08935785293579,114.253070652485));
#2244=CARTESIAN_POINT('Ctrl Pts',(91.9601379813762,4.08935785293579,114.253070652485));
#2245=CARTESIAN_POINT('Ctrl Pts',(93.4601379813762,4.11006566800438,114.401227159184));
#2246=CARTESIAN_POINT('Ctrl Pts',(91.9601379813762,4.11006566800438,114.401227159184));
#2247=CARTESIAN_POINT('Ctrl Pts',(93.4601379813762,4.16126802565845,114.767560469562));
#2248=CARTESIAN_POINT('Ctrl Pts',(91.9601379813762,4.16126802565845,114.767560469562));
#2249=CARTESIAN_POINT('Ctrl Pts',(93.4601379813762,4.16108899531746,115.137683237322));
#2250=CARTESIAN_POINT('Ctrl Pts',(91.9601379813762,4.16108899531746,115.137683237322));
#2251=CARTESIAN_POINT('Ctrl Pts',(93.4601379813762,4.16098237037659,115.358116924763));
#2252=CARTESIAN_POINT('Ctrl Pts',(91.9601379813762,4.16098237037659,115.358116924763));
#2253=CARTESIAN_POINT('',(93.4601379813762,4.08935785293579,114.253070652485));
#2254=CARTESIAN_POINT('Ctrl Pts',(93.4601379813762,4.08935785293579,114.253070652485));
#2255=CARTESIAN_POINT('Ctrl Pts',(93.4601379813762,4.11006566800438,114.401227159184));
#2256=CARTESIAN_POINT('Ctrl Pts',(93.4601379813762,4.16126802565845,114.767560469562));
#2257=CARTESIAN_POINT('Ctrl Pts',(93.4601379813762,4.16108899531746,115.137683237322));
#2258=CARTESIAN_POINT('Ctrl Pts',(93.4601379813762,4.16098237037659,115.358116924763));
#2259=CARTESIAN_POINT('',(91.9601379813762,4.08935785293579,114.253070652485));
#2260=CARTESIAN_POINT('',(93.4601379813762,4.08935785293579,114.253070652485));
#2261=CARTESIAN_POINT('Ctrl Pts',(91.9601379813762,4.08935785293579,114.253070652485));
#2262=CARTESIAN_POINT('Ctrl Pts',(91.9601379813762,4.11006566800438,114.401227159184));
#2263=CARTESIAN_POINT('Ctrl Pts',(91.9601379813762,4.16126802565845,114.767560469562));
#2264=CARTESIAN_POINT('Ctrl Pts',(91.9601379813762,4.16108899531746,115.137683237322));
#2265=CARTESIAN_POINT('Ctrl Pts',(91.9601379813762,4.16098237037659,115.358116924763));
#2266=CARTESIAN_POINT('Ctrl Pts',(93.4601379813762,3.69031310081482,113.347544968128));
#2267=CARTESIAN_POINT('Ctrl Pts',(91.9601379813762,3.69031310081482,113.347544968128));
#2268=CARTESIAN_POINT('Ctrl Pts',(93.4601379813762,3.77799301370068,113.494263057567));
#2269=CARTESIAN_POINT('Ctrl Pts',(91.9601379813762,3.77799301370068,113.494263057567));
#2270=CARTESIAN_POINT('Ctrl Pts',(93.4601379813762,3.9485518765601,113.779665604993));
#2271=CARTESIAN_POINT('Ctrl Pts',(91.9601379813762,3.9485518765601,113.779665604993));
#2272=CARTESIAN_POINT('Ctrl Pts',(93.4601379813762,4.0433116400934,114.098258263561));
#2273=CARTESIAN_POINT('Ctrl Pts',(91.9601379813762,4.0433116400934,114.098258263561));
#2274=CARTESIAN_POINT('Ctrl Pts',(93.4601379813762,4.08935785293579,114.253070652485));
#2275=CARTESIAN_POINT('Ctrl Pts',(91.9601379813762,4.08935785293579,114.253070652485));
#2276=CARTESIAN_POINT('',(93.4601379813762,3.69031310081482,113.347544968128));
#2277=CARTESIAN_POINT('Ctrl Pts',(93.4601379813762,3.69031310081482,113.347544968128));
#2278=CARTESIAN_POINT('Ctrl Pts',(93.4601379813762,3.77799301370068,113.494263057567));
#2279=CARTESIAN_POINT('Ctrl Pts',(93.4601379813762,3.9485518765601,113.779665604993));
#2280=CARTESIAN_POINT('Ctrl Pts',(93.4601379813762,4.0433116400934,114.098258263561));
#2281=CARTESIAN_POINT('Ctrl Pts',(93.4601379813762,4.08935785293579,114.253070652485));
#2282=CARTESIAN_POINT('',(91.9601379813762,3.69031310081482,113.347544968128));
#2283=CARTESIAN_POINT('',(93.4601379813762,3.69031310081482,113.347544968128));
#2284=CARTESIAN_POINT('Ctrl Pts',(91.9601379813762,3.69031310081482,113.347544968128));
#2285=CARTESIAN_POINT('Ctrl Pts',(91.9601379813762,3.77799301370068,113.494263057567));
#2286=CARTESIAN_POINT('Ctrl Pts',(91.9601379813762,3.9485518765601,113.779665604993));
#2287=CARTESIAN_POINT('Ctrl Pts',(91.9601379813762,4.0433116400934,114.098258263561));
#2288=CARTESIAN_POINT('Ctrl Pts',(91.9601379813762,4.08935785293579,114.253070652485));
#2289=CARTESIAN_POINT('Ctrl Pts',(93.4601379813762,2.68758416175842,112.339699566364));
#2290=CARTESIAN_POINT('Ctrl Pts',(91.9601379813762,2.68758416175842,112.339699566364));
#2291=CARTESIAN_POINT('Ctrl Pts',(93.4601379813762,2.89920140951457,112.509022979964));
#2292=CARTESIAN_POINT('Ctrl Pts',(91.9601379813762,2.89920140951457,112.509022979964));
#2293=CARTESIAN_POINT('Ctrl Pts',(93.4601379813762,3.27206310140043,112.807364514693));
#2294=CARTESIAN_POINT('Ctrl Pts',(91.9601379813762,3.27206310140043,112.807364514693));
#2295=CARTESIAN_POINT('Ctrl Pts',(93.4601379813762,3.56404514747144,113.184466712571));
#2296=CARTESIAN_POINT('Ctrl Pts',(91.9601379813762,3.56404514747144,113.184466712571));
#2297=CARTESIAN_POINT('Ctrl Pts',(93.4601379813762,3.69031310081482,113.347544968128));
#2298=CARTESIAN_POINT('Ctrl Pts',(91.9601379813762,3.69031310081482,113.347544968128));
#2299=CARTESIAN_POINT('',(93.4601379813762,2.68758416175842,112.339699566364));
#2300=CARTESIAN_POINT('Ctrl Pts',(93.4601379813762,2.68758416175842,112.339699566364));
#2301=CARTESIAN_POINT('Ctrl Pts',(93.4601379813762,2.89920140951457,112.509022979964));
#2302=CARTESIAN_POINT('Ctrl Pts',(93.4601379813762,3.27206310140043,112.807364514693));
#2303=CARTESIAN_POINT('Ctrl Pts',(93.4601379813762,3.56404514747144,113.184466712571));
#2304=CARTESIAN_POINT('Ctrl Pts',(93.4601379813762,3.69031310081482,113.347544968128));
#2305=CARTESIAN_POINT('',(91.9601379813762,2.68758416175842,112.339699566364));
#2306=CARTESIAN_POINT('',(93.4601379813762,2.68758416175842,112.339699566364));
#2307=CARTESIAN_POINT('Ctrl Pts',(91.9601379813762,2.68758416175842,112.339699566364));
#2308=CARTESIAN_POINT('Ctrl Pts',(91.9601379813762,2.89920140951457,112.509022979964));
#2309=CARTESIAN_POINT('Ctrl Pts',(91.9601379813762,3.27206310140043,112.807364514693));
#2310=CARTESIAN_POINT('Ctrl Pts',(91.9601379813762,3.56404514747144,113.184466712571));
#2311=CARTESIAN_POINT('Ctrl Pts',(91.9601379813762,3.69031310081482,113.347544968128));
#2312=CARTESIAN_POINT('Ctrl Pts',(93.4601379813762,0.620735883712769,110.907228291035));
#2313=CARTESIAN_POINT('Ctrl Pts',(91.9601379813762,0.620735883712769,110.907228291035));
#2314=CARTESIAN_POINT('Ctrl Pts',(93.4601379813762,1.02151098005437,111.166628848392));
#2315=CARTESIAN_POINT('Ctrl Pts',(91.9601379813762,1.02151098005437,111.166628848392));
#2316=CARTESIAN_POINT('Ctrl Pts',(93.4601379813762,1.72563299880844,111.622369850713));
#2317=CARTESIAN_POINT('Ctrl Pts',(91.9601379813762,1.72563299880844,111.622369850713));
#2318=CARTESIAN_POINT('Ctrl Pts',(93.4601379813762,2.39794255310089,112.123712995755));
#2319=CARTESIAN_POINT('Ctrl Pts',(91.9601379813762,2.39794255310089,112.123712995755));
#2320=CARTESIAN_POINT('Ctrl Pts',(93.4601379813762,2.68758416175842,112.339699566364));
#2321=CARTESIAN_POINT('Ctrl Pts',(91.9601379813762,2.68758416175842,112.339699566364));
#2322=CARTESIAN_POINT('',(93.4601379813762,0.620735883712769,110.907228291035));
#2323=CARTESIAN_POINT('Ctrl Pts',(93.4601379813762,0.620735883712769,110.907228291035));
#2324=CARTESIAN_POINT('Ctrl Pts',(93.4601379813762,1.02151098005437,111.166628848392));
#2325=CARTESIAN_POINT('Ctrl Pts',(93.4601379813762,1.72563299880844,111.622369850713));
#2326=CARTESIAN_POINT('Ctrl Pts',(93.4601379813762,2.39794255310089,112.123712995755));
#2327=CARTESIAN_POINT('Ctrl Pts',(93.4601379813762,2.68758416175842,112.339699566364));
#2328=CARTESIAN_POINT('',(91.9601379813762,0.620735883712769,110.907228291035));
#2329=CARTESIAN_POINT('',(93.4601379813762,0.620735883712769,110.907228291035));
#2330=CARTESIAN_POINT('Ctrl Pts',(91.9601379813762,0.620735883712769,110.907228291035));
#2331=CARTESIAN_POINT('Ctrl Pts',(91.9601379813762,1.02151098005437,111.166628848392));
#2332=CARTESIAN_POINT('Ctrl Pts',(91.9601379813762,1.72563299880844,111.622369850713));
#2333=CARTESIAN_POINT('Ctrl Pts',(91.9601379813762,2.39794255310089,112.123712995755));
#2334=CARTESIAN_POINT('Ctrl Pts',(91.9601379813762,2.68758416175842,112.339699566364));
#2335=CARTESIAN_POINT('Origin',(93.4601379813762,-2.5000011920929,108.922236263752));
#2336=CARTESIAN_POINT('',(93.4601379813762,-2.5000011920929,108.922236263752));
#2337=CARTESIAN_POINT('',(93.4601379813762,-12.7792827365217,102.383943733415));
#2338=CARTESIAN_POINT('',(91.9601379813762,-2.5000011920929,108.922236263752));
#2339=CARTESIAN_POINT('',(93.4601379813762,-2.5000011920929,108.922236263752));
#2340=CARTESIAN_POINT('',(91.9601379813762,-2.5000011920929,108.922236263752));
#2341=CARTESIAN_POINT('Origin',(93.4601379813762,-2.5000011920929,106.425645649433));
#2342=CARTESIAN_POINT('',(93.4601379813762,-2.5000011920929,106.425645649433));
#2343=CARTESIAN_POINT('',(93.4601379813762,-2.5000011920929,79.8964305260864));
#2344=CARTESIAN_POINT('',(91.9601379813762,-2.5000011920929,106.425645649433));
#2345=CARTESIAN_POINT('',(93.4601379813762,-2.5000011920929,106.425645649433));
#2346=CARTESIAN_POINT('',(91.9601379813762,-2.5000011920929,106.425645649433));
#2347=CARTESIAN_POINT('Origin',(93.4601379813762,1.5825355052948,109.034788906574));
#2348=CARTESIAN_POINT('',(93.4601379813762,1.5825355052948,109.034788906574));
#2349=CARTESIAN_POINT('',(93.4601379813762,-10.2031811212604,101.502554576279));
#2350=CARTESIAN_POINT('',(91.9601379813762,1.5825355052948,109.034788906574));
#2351=CARTESIAN_POINT('',(93.4601379813762,1.5825355052948,109.034788906574));
#2352=CARTESIAN_POINT('',(91.9601379813762,1.5825355052948,109.034788906574));
#2353=CARTESIAN_POINT('Ctrl Pts',(93.4601379813762,3.57776045799255,110.682127773762));
#2354=CARTESIAN_POINT('Ctrl Pts',(91.9601379813762,3.57776045799255,110.682127773762));
#2355=CARTESIAN_POINT('Ctrl Pts',(93.4601379813762,3.28633998958671,110.390431992916));
#2356=CARTESIAN_POINT('Ctrl Pts',(91.9601379813762,3.28633998958671,110.390431992916));
#2357=CARTESIAN_POINT('Ctrl Pts',(93.4601379813762,2.67414751325608,109.77766116255));
#2358=CARTESIAN_POINT('Ctrl Pts',(91.9601379813762,2.67414751325608,109.77766116255));
#2359=CARTESIAN_POINT('Ctrl Pts',(93.4601379813762,1.95785373184873,109.290203372186));
#2360=CARTESIAN_POINT('Ctrl Pts',(91.9601379813762,1.95785373184873,109.290203372186));
#2361=CARTESIAN_POINT('Ctrl Pts',(93.4601379813762,1.5825355052948,109.034788906574));
#2362=CARTESIAN_POINT('Ctrl Pts',(91.9601379813762,1.5825355052948,109.034788906574));
#2363=CARTESIAN_POINT('',(93.4601379813762,3.57776045799255,110.682127773762));
#2364=CARTESIAN_POINT('Ctrl Pts',(93.4601379813762,3.57776045799255,110.682127773762));
#2365=CARTESIAN_POINT('Ctrl Pts',(93.4601379813762,3.28633998958671,110.390431992916));
#2366=CARTESIAN_POINT('Ctrl Pts',(93.4601379813762,2.67414751325608,109.77766116255));
#2367=CARTESIAN_POINT('Ctrl Pts',(93.4601379813762,1.95785373184873,109.290203372186));
#2368=CARTESIAN_POINT('Ctrl Pts',(93.4601379813762,1.5825355052948,109.034788906574));
#2369=CARTESIAN_POINT('',(91.9601379813762,3.57776045799255,110.682127773762));
#2370=CARTESIAN_POINT('',(93.4601379813762,3.57776045799255,110.682127773762));
#2371=CARTESIAN_POINT('Ctrl Pts',(91.9601379813762,3.57776045799255,110.682127773762));
#2372=CARTESIAN_POINT('Ctrl Pts',(91.9601379813762,3.28633998958671,110.390431992916));
#2373=CARTESIAN_POINT('Ctrl Pts',(91.9601379813762,2.67414751325608,109.77766116255));
#2374=CARTESIAN_POINT('Ctrl Pts',(91.9601379813762,1.95785373184873,109.290203372186));
#2375=CARTESIAN_POINT('Ctrl Pts',(91.9601379813762,1.5825355052948,109.034788906574));
#2376=CARTESIAN_POINT('Ctrl Pts',(93.4601379813762,4.32469248771667,111.879263222218));
#2377=CARTESIAN_POINT('Ctrl Pts',(91.9601379813762,4.32469248771667,111.879263222218));
#2378=CARTESIAN_POINT('Ctrl Pts',(93.4601379813762,4.2078509157048,111.642794449711));
#2379=CARTESIAN_POINT('Ctrl Pts',(91.9601379813762,4.2078509157048,111.642794449711));
#2380=CARTESIAN_POINT('Ctrl Pts',(93.4601379813762,3.99830622328338,111.218709294497));
#2381=CARTESIAN_POINT('Ctrl Pts',(91.9601379813762,3.99830622328338,111.218709294497));
#2382=CARTESIAN_POINT('Ctrl Pts',(93.4601379813762,3.70674701492517,110.846703923579));
#2383=CARTESIAN_POINT('Ctrl Pts',(91.9601379813762,3.70674701492517,110.846703923579));
#2384=CARTESIAN_POINT('Ctrl Pts',(93.4601379813762,3.57776045799255,110.682127773762));
#2385=CARTESIAN_POINT('Ctrl Pts',(91.9601379813762,3.57776045799255,110.682127773762));
#2386=CARTESIAN_POINT('',(93.4601379813762,4.32469248771667,111.879263222218));
#2387=CARTESIAN_POINT('Ctrl Pts',(93.4601379813762,4.32469248771667,111.879263222218));
#2388=CARTESIAN_POINT('Ctrl Pts',(93.4601379813762,4.2078509157048,111.642794449711));
#2389=CARTESIAN_POINT('Ctrl Pts',(93.4601379813762,3.99830622328338,111.218709294497));
#2390=CARTESIAN_POINT('Ctrl Pts',(93.4601379813762,3.70674701492517,110.846703923579));
#2391=CARTESIAN_POINT('Ctrl Pts',(93.4601379813762,3.57776045799255,110.682127773762));
#2392=CARTESIAN_POINT('',(91.9601379813762,4.32469248771667,111.879263222218));
#2393=CARTESIAN_POINT('',(93.4601379813762,4.32469248771667,111.879263222218));
#2394=CARTESIAN_POINT('Ctrl Pts',(91.9601379813762,4.32469248771667,111.879263222218));
#2395=CARTESIAN_POINT('Ctrl Pts',(91.9601379813762,4.2078509157048,111.642794449711));
#2396=CARTESIAN_POINT('Ctrl Pts',(91.9601379813762,3.99830622328338,111.218709294497));
#2397=CARTESIAN_POINT('Ctrl Pts',(91.9601379813762,3.70674701492517,110.846703923579));
#2398=CARTESIAN_POINT('Ctrl Pts',(91.9601379813762,3.57776045799255,110.682127773762));
#2399=CARTESIAN_POINT('Ctrl Pts',(93.4601379813762,5.7162344455719,108.686902821064));
#2400=CARTESIAN_POINT('Ctrl Pts',(91.9601379813762,5.7162344455719,108.686902821064));
#2401=CARTESIAN_POINT('Ctrl Pts',(93.4601379813762,5.38111895930097,109.108430111613));
#2402=CARTESIAN_POINT('Ctrl Pts',(91.9601379813762,5.38111895930097,109.108430111613));
#2403=CARTESIAN_POINT('Ctrl Pts',(93.4601379813762,4.63686664571911,110.044592939299));
#2404=CARTESIAN_POINT('Ctrl Pts',(91.9601379813762,4.63686664571911,110.044592939299));
#2405=CARTESIAN_POINT('Ctrl Pts',(93.4601379813762,4.43542869984601,111.228458431274));
#2406=CARTESIAN_POINT('Ctrl Pts',(91.9601379813762,4.43542869984601,111.228458431274));
#2407=CARTESIAN_POINT('Ctrl Pts',(93.4601379813762,4.32469248771667,111.879263222218));
#2408=CARTESIAN_POINT('Ctrl Pts',(91.9601379813762,4.32469248771667,111.879263222218));
#2409=CARTESIAN_POINT('',(93.4601379813762,5.7162344455719,108.686902821064));
#2410=CARTESIAN_POINT('Ctrl Pts',(93.4601379813762,5.7162344455719,108.686902821064));
#2411=CARTESIAN_POINT('Ctrl Pts',(93.4601379813762,5.38111895930097,109.108430111613));
#2412=CARTESIAN_POINT('Ctrl Pts',(93.4601379813762,4.63686664571911,110.044592939299));
#2413=CARTESIAN_POINT('Ctrl Pts',(93.4601379813762,4.43542869984601,111.228458431274));
#2414=CARTESIAN_POINT('Ctrl Pts',(93.4601379813762,4.32469248771667,111.879263222218));
#2415=CARTESIAN_POINT('',(91.9601379813762,5.7162344455719,108.686902821064));
#2416=CARTESIAN_POINT('',(93.4601379813762,5.7162344455719,108.686902821064));
#2417=CARTESIAN_POINT('Ctrl Pts',(91.9601379813762,5.7162344455719,108.686902821064));
#2418=CARTESIAN_POINT('Ctrl Pts',(91.9601379813762,5.38111895930097,109.108430111613));
#2419=CARTESIAN_POINT('Ctrl Pts',(91.9601379813762,4.63686664571911,110.044592939299));
#2420=CARTESIAN_POINT('Ctrl Pts',(91.9601379813762,4.43542869984601,111.228458431274));
#2421=CARTESIAN_POINT('Ctrl Pts',(91.9601379813762,4.32469248771667,111.879263222218));
#2422=CARTESIAN_POINT('Ctrl Pts',(93.4601379813762,8.40723037719727,107.653477489948));
#2423=CARTESIAN_POINT('Ctrl Pts',(91.9601379813762,8.40723037719727,107.653477489948));
#2424=CARTESIAN_POINT('Ctrl Pts',(93.4601379813762,7.89914053025406,107.693662915246));
#2425=CARTESIAN_POINT('Ctrl Pts',(91.9601379813762,7.89914053025406,107.693662915246));
#2426=CARTESIAN_POINT('Ctrl Pts',(93.4601379813762,6.89923773851985,107.772746406452));
#2427=CARTESIAN_POINT('Ctrl Pts',(91.9601379813762,6.89923773851985,107.772746406452));
#2428=CARTESIAN_POINT('Ctrl Pts',(93.4601379813762,6.10626608427906,108.385508964808));
#2429=CARTESIAN_POINT('Ctrl Pts',(91.9601379813762,6.10626608427906,108.385508964808));
#2430=CARTESIAN_POINT('Ctrl Pts',(93.4601379813762,5.7162344455719,108.686902821064));
#2431=CARTESIAN_POINT('Ctrl Pts',(91.9601379813762,5.7162344455719,108.686902821064));
#2432=CARTESIAN_POINT('',(93.4601379813762,8.40723037719727,107.653477489948));
#2433=CARTESIAN_POINT('Ctrl Pts',(93.4601379813762,8.40723037719727,107.653477489948));
#2434=CARTESIAN_POINT('Ctrl Pts',(93.4601379813762,7.89914053025406,107.693662915246));
#2435=CARTESIAN_POINT('Ctrl Pts',(93.4601379813762,6.89923773851985,107.772746406452));
#2436=CARTESIAN_POINT('Ctrl Pts',(93.4601379813762,6.10626608427906,108.385508964808));
#2437=CARTESIAN_POINT('Ctrl Pts',(93.4601379813762,5.7162344455719,108.686902821064));
#2438=CARTESIAN_POINT('',(91.9601379813762,8.40723037719727,107.653477489948));
#2439=CARTESIAN_POINT('',(93.4601379813762,8.40723037719727,107.653477489948));
#2440=CARTESIAN_POINT('Ctrl Pts',(91.9601379813762,8.40723037719727,107.653477489948));
#2441=CARTESIAN_POINT('Ctrl Pts',(91.9601379813762,7.89914053025406,107.693662915246));
#2442=CARTESIAN_POINT('Ctrl Pts',(91.9601379813762,6.89923773851985,107.772746406452));
#2443=CARTESIAN_POINT('Ctrl Pts',(91.9601379813762,6.10626608427906,108.385508964808));
#2444=CARTESIAN_POINT('Ctrl Pts',(91.9601379813762,5.7162344455719,108.686902821064));
#2445=CARTESIAN_POINT('Ctrl Pts',(93.4601379813762,10.6684851646423,108.277623951435));
#2446=CARTESIAN_POINT('Ctrl Pts',(91.9601379813762,10.6684851646423,108.277623951435));
#2447=CARTESIAN_POINT('Ctrl Pts',(93.4601379813762,10.3167258868975,108.095584438611));
#2448=CARTESIAN_POINT('Ctrl Pts',(91.9601379813762,10.3167258868975,108.095584438611));
#2449=CARTESIAN_POINT('Ctrl Pts',(93.4601379813762,9.60711776895795,107.72835399365));
#2450=CARTESIAN_POINT('Ctrl Pts',(91.9601379813762,9.60711776895795,107.72835399365));
#2451=CARTESIAN_POINT('Ctrl Pts',(93.4601379813762,8.80947452225045,107.678578708132));
#2452=CARTESIAN_POINT('Ctrl Pts',(91.9601379813762,8.80947452225045,107.678578708132));
#2453=CARTESIAN_POINT('Ctrl Pts',(93.4601379813762,8.40723037719727,107.653477489948));
#2454=CARTESIAN_POINT('Ctrl Pts',(91.9601379813762,8.40723037719727,107.653477489948));
#2455=CARTESIAN_POINT('',(93.4601379813762,10.6684851646423,108.277623951435));
#2456=CARTESIAN_POINT('Ctrl Pts',(93.4601379813762,10.6684851646423,108.277623951435));
#2457=CARTESIAN_POINT('Ctrl Pts',(93.4601379813762,10.3167258868975,108.095584438611));
#2458=CARTESIAN_POINT('Ctrl Pts',(93.4601379813762,9.60711776895795,107.72835399365));
#2459=CARTESIAN_POINT('Ctrl Pts',(93.4601379813762,8.80947452225045,107.678578708132));
#2460=CARTESIAN_POINT('Ctrl Pts',(93.4601379813762,8.40723037719727,107.653477489948));
#2461=CARTESIAN_POINT('',(91.9601379813762,10.6684851646423,108.277623951435));
#2462=CARTESIAN_POINT('',(93.4601379813762,10.6684851646423,108.277623951435));
#2463=CARTESIAN_POINT('Ctrl Pts',(91.9601379813762,10.6684851646423,108.277623951435));
#2464=CARTESIAN_POINT('Ctrl Pts',(91.9601379813762,10.3167258868975,108.095584438611));
#2465=CARTESIAN_POINT('Ctrl Pts',(91.9601379813762,9.60711776895795,107.72835399365));
#2466=CARTESIAN_POINT('Ctrl Pts',(91.9601379813762,8.80947452225045,107.678578708132));
#2467=CARTESIAN_POINT('Ctrl Pts',(91.9601379813762,8.40723037719727,107.653477489948));
#2468=CARTESIAN_POINT('Ctrl Pts',(93.4601379813762,12.0958387851715,109.945428669453));
#2469=CARTESIAN_POINT('Ctrl Pts',(91.9601379813762,12.0958387851715,109.945428669453));
#2470=CARTESIAN_POINT('Ctrl Pts',(93.4601379813762,11.9322595748362,109.613175618235));
#2471=CARTESIAN_POINT('Ctrl Pts',(91.9601379813762,11.9322595748362,109.613175618235));
#2472=CARTESIAN_POINT('Ctrl Pts',(93.4601379813762,11.5989167864675,108.936108169935));
#2473=CARTESIAN_POINT('Ctrl Pts',(91.9601379813762,11.5989167864675,108.936108169935));
#2474=CARTESIAN_POINT('Ctrl Pts',(93.4601379813762,10.9824414406601,108.499816800654));
#2475=CARTESIAN_POINT('Ctrl Pts',(91.9601379813762,10.9824414406601,108.499816800654));
#2476=CARTESIAN_POINT('Ctrl Pts',(93.4601379813762,10.6684851646423,108.277623951435));
#2477=CARTESIAN_POINT('Ctrl Pts',(91.9601379813762,10.6684851646423,108.277623951435));
#2478=CARTESIAN_POINT('',(93.4601379813762,12.0958387851715,109.945428669453));
#2479=CARTESIAN_POINT('Ctrl Pts',(93.4601379813762,12.0958387851715,109.945428669453));
#2480=CARTESIAN_POINT('Ctrl Pts',(93.4601379813762,11.9322595748362,109.613175618235));
#2481=CARTESIAN_POINT('Ctrl Pts',(93.4601379813762,11.5989167864675,108.936108169935));
#2482=CARTESIAN_POINT('Ctrl Pts',(93.4601379813762,10.9824414406601,108.499816800654));
#2483=CARTESIAN_POINT('Ctrl Pts',(93.4601379813762,10.6684851646423,108.277623951435));
#2484=CARTESIAN_POINT('',(91.9601379813762,12.0958387851715,109.945428669453));
#2485=CARTESIAN_POINT('',(93.4601379813762,12.0958387851715,109.945428669453));
#2486=CARTESIAN_POINT('Ctrl Pts',(91.9601379813762,12.0958387851715,109.945428669453));
#2487=CARTESIAN_POINT('Ctrl Pts',(91.9601379813762,11.9322595748362,109.613175618235));
#2488=CARTESIAN_POINT('Ctrl Pts',(91.9601379813762,11.5989167864675,108.936108169935));
#2489=CARTESIAN_POINT('Ctrl Pts',(91.9601379813762,10.9824414406601,108.499816800654));
#2490=CARTESIAN_POINT('Ctrl Pts',(91.9601379813762,10.6684851646423,108.277623951435));
#2491=CARTESIAN_POINT('Ctrl Pts',(93.4601379813762,12.5,112.994544804096));
#2492=CARTESIAN_POINT('Ctrl Pts',(91.9601379813762,12.5,112.994544804096));
#2493=CARTESIAN_POINT('Ctrl Pts',(93.4601379813762,12.4954401054882,112.401971454809));
#2494=CARTESIAN_POINT('Ctrl Pts',(91.9601379813762,12.4954401054882,112.401971454809));
#2495=CARTESIAN_POINT('Ctrl Pts',(93.4601379813762,12.4874771159225,111.367154665724));
#2496=CARTESIAN_POINT('Ctrl Pts',(91.9601379813762,12.4874771159225,111.367154665724));
#2497=CARTESIAN_POINT('Ctrl Pts',(93.4601379813762,12.2130983790331,110.37110460517));
#2498=CARTESIAN_POINT('Ctrl Pts',(91.9601379813762,12.2130983790331,110.37110460517));
#2499=CARTESIAN_POINT('Ctrl Pts',(93.4601379813762,12.0958387851715,109.945428669453));
#2500=CARTESIAN_POINT('Ctrl Pts',(91.9601379813762,12.0958387851715,109.945428669453));
#2501=CARTESIAN_POINT('',(93.4601379813762,12.5,112.994544804096));
#2502=CARTESIAN_POINT('Ctrl Pts',(93.4601379813762,12.5,112.994544804096));
#2503=CARTESIAN_POINT('Ctrl Pts',(93.4601379813762,12.4954401054882,112.401971454809));
#2504=CARTESIAN_POINT('Ctrl Pts',(93.4601379813762,12.4874771159225,111.367154665724));
#2505=CARTESIAN_POINT('Ctrl Pts',(93.4601379813762,12.2130983790331,110.37110460517));
#2506=CARTESIAN_POINT('Ctrl Pts',(93.4601379813762,12.0958387851715,109.945428669453));
#2507=CARTESIAN_POINT('',(91.9601379813762,12.5,112.994544804096));
#2508=CARTESIAN_POINT('',(93.4601379813762,12.5,112.994544804096));
#2509=CARTESIAN_POINT('Ctrl Pts',(91.9601379813762,12.5,112.994544804096));
#2510=CARTESIAN_POINT('Ctrl Pts',(91.9601379813762,12.4954401054882,112.401971454809));
#2511=CARTESIAN_POINT('Ctrl Pts',(91.9601379813762,12.4874771159225,111.367154665724));
#2512=CARTESIAN_POINT('Ctrl Pts',(91.9601379813762,12.2130983790331,110.37110460517));
#2513=CARTESIAN_POINT('Ctrl Pts',(91.9601379813762,12.0958387851715,109.945428669453));
#2514=CARTESIAN_POINT('Origin',(93.4601379813762,12.5,119.645293056965));
#2515=CARTESIAN_POINT('',(93.4601379813762,12.5,119.645293056965));
#2516=CARTESIAN_POINT('',(93.4601379813762,12.5,86.5062542298523));
#2517=CARTESIAN_POINT('',(91.9601379813762,12.5,119.645293056965));
#2518=CARTESIAN_POINT('',(93.4601379813762,12.5,119.645293056965));
#2519=CARTESIAN_POINT('',(91.9601379813762,12.5,119.645293056965));
#2520=CARTESIAN_POINT('Origin',(93.4601379813762,-2.5000011920929,119.645293056965));
#2521=CARTESIAN_POINT('',(93.4601379813762,-2.5000011920929,119.645293056965));
#2522=CARTESIAN_POINT('',(93.4601379813762,0.730243113768729,119.645293056965));
#2523=CARTESIAN_POINT('',(91.9601379813762,-2.5000011920929,119.645293056965));
#2524=CARTESIAN_POINT('',(93.4601379813762,-2.5000011920929,119.645293056965));
#2525=CARTESIAN_POINT('',(91.9601379813762,-2.5000011920929,119.645293056965));
#2526=CARTESIAN_POINT('Origin',(93.4601379813762,-2.5000011920929,117.660301029682));
#2527=CARTESIAN_POINT('',(93.4601379813762,-2.5000011920929,85.5137582162109));
#2528=CARTESIAN_POINT('',(91.9601379813762,-2.5000011920929,117.660301029682));
#2529=CARTESIAN_POINT('Origin',(91.9601379813762,4.99999940395355,115.000001490116));
#2530=CARTESIAN_POINT('Origin',(93.4601379813762,-0.729879140853882,95.2523878216743));
#2531=CARTESIAN_POINT('',(93.4601379813762,-0.729879140853882,95.2523878216743));
#2532=CARTESIAN_POINT('',(93.4601379813762,-2.5000011920929,95.2523878216743));
#2533=CARTESIAN_POINT('',(93.4601379813762,1.61530413938824,95.2523878216743));
#2534=CARTESIAN_POINT('',(91.9601379813762,-0.729879140853882,95.2523878216743));
#2535=CARTESIAN_POINT('',(93.4601379813762,-0.729879140853882,95.2523878216743));
#2536=CARTESIAN_POINT('',(91.9601379813762,-2.5000011920929,95.2523878216743));
#2537=CARTESIAN_POINT('',(91.9601379813762,-0.729879140853882,95.2523878216743));
#2538=CARTESIAN_POINT('',(93.4601379813762,-2.5000011920929,95.2523878216743));
#2539=CARTESIAN_POINT('Origin',(93.4601379813762,-0.729879140853882,102.639835178852));
#2540=CARTESIAN_POINT('',(93.4601379813762,-0.729879140853882,102.639835178852));
#2541=CARTESIAN_POINT('',(93.4601379813762,-0.729879140853882,78.0035252907959));
#2542=CARTESIAN_POINT('',(91.9601379813762,-0.729879140853882,102.639835178852));
#2543=CARTESIAN_POINT('',(93.4601379813762,-0.729879140853882,102.639835178852));
#2544=CARTESIAN_POINT('',(91.9601379813762,-0.729879140853882,102.639835178852));
#2545=CARTESIAN_POINT('Origin',(93.4601379813762,12.5,102.639835178852));
#2546=CARTESIAN_POINT('',(93.4601379813762,12.5,102.639835178852));
#2547=CARTESIAN_POINT('',(93.4601379813762,8.23024370981518,102.639835178852));
#2548=CARTESIAN_POINT('',(91.9601379813762,12.5,102.639835178852));
#2549=CARTESIAN_POINT('',(93.4601379813762,12.5,102.639835178852));
#2550=CARTESIAN_POINT('',(91.9601379813762,12.5,102.639835178852));
#2551=CARTESIAN_POINT('Origin',(93.4601379813762,12.5,104.624831974506));
#2552=CARTESIAN_POINT('',(93.4601379813762,12.5,104.624831974506));
#2553=CARTESIAN_POINT('',(93.4601379813762,12.5,78.996023688623));
#2554=CARTESIAN_POINT('',(91.9601379813762,12.5,104.624831974506));
#2555=CARTESIAN_POINT('',(93.4601379813762,12.5,104.624831974506));
#2556=CARTESIAN_POINT('',(91.9601379813762,12.5,104.624831974506));
#2557=CARTESIAN_POINT('Origin',(93.4601379813762,-2.5000011920929,104.624831974506));
#2558=CARTESIAN_POINT('',(93.4601379813762,-2.5000011920929,104.624831974506));
#2559=CARTESIAN_POINT('',(93.4601379813762,0.730243113768729,104.624831974506));
#2560=CARTESIAN_POINT('',(91.9601379813762,-2.5000011920929,104.624831974506));
#2561=CARTESIAN_POINT('',(93.4601379813762,-2.5000011920929,104.624831974506));
#2562=CARTESIAN_POINT('',(91.9601379813762,-2.5000011920929,104.624831974506));
#2563=CARTESIAN_POINT('Origin',(93.4601379813762,-2.5000011920929,95.2523878216743));
#2564=CARTESIAN_POINT('',(93.4601379813762,-2.5000011920929,74.309801612207));
#2565=CARTESIAN_POINT('',(91.9601379813762,-2.5000011920929,95.2523878216743));
#2566=CARTESIAN_POINT('Origin',(91.9601379813762,4.99999940395355,115.000001490116));
#2567=CARTESIAN_POINT('Origin',(93.4601379813762,4.5702588558197,132.762620747089));
#2568=CARTESIAN_POINT('',(93.4601379813762,4.5702588558197,132.762620747089));
#2569=CARTESIAN_POINT('',(93.4601379813762,-2.5000011920929,132.762620747089));
#2570=CARTESIAN_POINT('',(93.4601379813762,4.26537313772503,132.762620747089));
#2571=CARTESIAN_POINT('',(91.9601379813762,4.5702588558197,132.762620747089));
#2572=CARTESIAN_POINT('',(93.4601379813762,4.5702588558197,132.762620747089));
#2573=CARTESIAN_POINT('',(91.9601379813762,-2.5000011920929,132.762620747089));
#2574=CARTESIAN_POINT('',(91.9601379813762,4.5702588558197,132.762620747089));
#2575=CARTESIAN_POINT('',(93.4601379813762,-2.5000011920929,132.762620747089));
#2576=CARTESIAN_POINT('Origin',(93.4601379813762,4.5702588558197,124.965894520283));
#2577=CARTESIAN_POINT('',(93.4601379813762,4.5702588558197,124.965894520283));
#2578=CARTESIAN_POINT('',(93.4601379813762,4.5702588558197,89.1665549615112));
#2579=CARTESIAN_POINT('',(91.9601379813762,4.5702588558197,124.965894520283));
#2580=CARTESIAN_POINT('',(93.4601379813762,4.5702588558197,124.965894520283));
#2581=CARTESIAN_POINT('',(91.9601379813762,4.5702588558197,124.965894520283));
#2582=CARTESIAN_POINT('Origin',(93.4601379813762,-2.5000011920929,124.965894520283));
#2583=CARTESIAN_POINT('',(93.4601379813762,-2.5000011920929,124.965894520283));
#2584=CARTESIAN_POINT('',(93.4601379813762,0.730243113768729,124.965894520283));
#2585=CARTESIAN_POINT('',(91.9601379813762,-2.5000011920929,124.965894520283));
#2586=CARTESIAN_POINT('',(93.4601379813762,-2.5000011920929,124.965894520283));
#2587=CARTESIAN_POINT('',(91.9601379813762,-2.5000011920929,124.965894520283));
#2588=CARTESIAN_POINT('Origin',(93.4601379813762,-2.5000011920929,122.980902493));
#2589=CARTESIAN_POINT('',(93.4601379813762,-2.5000011920929,122.980902493));
#2590=CARTESIAN_POINT('',(93.4601379813762,-2.5000011920929,88.1740589478698));
#2591=CARTESIAN_POINT('',(91.9601379813762,-2.5000011920929,122.980902493));
#2592=CARTESIAN_POINT('',(93.4601379813762,-2.5000011920929,122.980902493));
#2593=CARTESIAN_POINT('',(91.9601379813762,-2.5000011920929,122.980902493));
#2594=CARTESIAN_POINT('Origin',(93.4601379813762,12.5,122.980902493));
#2595=CARTESIAN_POINT('',(93.4601379813762,12.5,122.980902493));
#2596=CARTESIAN_POINT('',(93.4601379813762,8.23024370981518,122.980902493));
#2597=CARTESIAN_POINT('',(91.9601379813762,12.5,122.980902493));
#2598=CARTESIAN_POINT('',(93.4601379813762,12.5,122.980902493));
#2599=CARTESIAN_POINT('',(91.9601379813762,12.5,122.980902493));
#2600=CARTESIAN_POINT('Origin',(93.4601379813762,12.5,124.965894520283));
#2601=CARTESIAN_POINT('',(93.4601379813762,12.5,124.965894520283));
#2602=CARTESIAN_POINT('',(93.4601379813762,12.5,89.1665549615112));
#2603=CARTESIAN_POINT('',(91.9601379813762,12.5,124.965894520283));
#2604=CARTESIAN_POINT('',(93.4601379813762,12.5,124.965894520283));
#2605=CARTESIAN_POINT('',(91.9601379813762,12.5,124.965894520283));
#2606=CARTESIAN_POINT('Origin',(93.4601379813762,6.34038090705872,124.965894520283));
#2607=CARTESIAN_POINT('',(93.4601379813762,6.34038090705872,124.965894520283));
#2608=CARTESIAN_POINT('',(93.4601379813762,5.15043416334453,124.965894520283));
#2609=CARTESIAN_POINT('',(91.9601379813762,6.34038090705872,124.965894520283));
#2610=CARTESIAN_POINT('',(93.4601379813762,6.34038090705872,124.965894520283));
#2611=CARTESIAN_POINT('',(91.9601379813762,6.34038090705872,124.965894520283));
#2612=CARTESIAN_POINT('Origin',(93.4601379813762,6.34038090705872,132.762620747089));
#2613=CARTESIAN_POINT('',(93.4601379813762,6.34038090705872,132.762620747089));
#2614=CARTESIAN_POINT('',(93.4601379813762,6.34038090705872,93.0649180749145));
#2615=CARTESIAN_POINT('',(91.9601379813762,6.34038090705872,132.762620747089));
#2616=CARTESIAN_POINT('',(93.4601379813762,6.34038090705872,132.762620747089));
#2617=CARTESIAN_POINT('',(91.9601379813762,6.34038090705872,132.762620747089));
#2618=CARTESIAN_POINT('Origin',(93.4601379813762,12.5,132.762620747089));
#2619=CARTESIAN_POINT('',(93.4601379813762,12.5,132.762620747089));
#2620=CARTESIAN_POINT('',(93.4601379813762,8.23024370981518,132.762620747089));
#2621=CARTESIAN_POINT('',(91.9601379813762,12.5,132.762620747089));
#2622=CARTESIAN_POINT('',(93.4601379813762,12.5,132.762620747089));
#2623=CARTESIAN_POINT('',(91.9601379813762,12.5,132.762620747089));
#2624=CARTESIAN_POINT('Origin',(93.4601379813762,12.5,134.747615158558));
#2625=CARTESIAN_POINT('',(93.4601379813762,12.5,134.747615158558));
#2626=CARTESIAN_POINT('',(93.4601379813762,12.5,94.0574152806488));
#2627=CARTESIAN_POINT('',(91.9601379813762,12.5,134.747615158558));
#2628=CARTESIAN_POINT('',(93.4601379813762,12.5,134.747615158558));
#2629=CARTESIAN_POINT('',(91.9601379813762,12.5,134.747615158558));
#2630=CARTESIAN_POINT('Origin',(93.4601379813762,-2.5000011920929,134.747615158558));
#2631=CARTESIAN_POINT('',(93.4601379813762,-2.5000011920929,134.747615158558));
#2632=CARTESIAN_POINT('',(93.4601379813762,0.730243113768729,134.747615158558));
#2633=CARTESIAN_POINT('',(91.9601379813762,-2.5000011920929,134.747615158558));
#2634=CARTESIAN_POINT('',(93.4601379813762,-2.5000011920929,134.747615158558));
#2635=CARTESIAN_POINT('',(91.9601379813762,-2.5000011920929,134.747615158558));
#2636=CARTESIAN_POINT('Origin',(93.4601379813762,-2.5000011920929,132.762620747089));
#2637=CARTESIAN_POINT('',(93.4601379813762,-2.5000011920929,93.0649180749145));
#2638=CARTESIAN_POINT('',(91.9601379813762,-2.5000011920929,132.762620747089));
#2639=CARTESIAN_POINT('Origin',(91.9601379813762,4.99999940395355,115.000001490116));
#2640=CARTESIAN_POINT('Origin',(93.4601379813762,3.96048741963035,53.3672154027396));
#2641=CARTESIAN_POINT('',(93.4601379813762,42.5993807788788,172.960308435704));
#2642=CARTESIAN_POINT('',(93.4601379813762,42.9583646275013,166.298092000792));
#2643=CARTESIAN_POINT('Origin',(93.4601379813762,-19.0416353724987,166.298092000792));
#2644=CARTESIAN_POINT('',(93.4601379813762,7.95836462750128,202.960308435704));
#2645=CARTESIAN_POINT('Origin',(93.4601379813762,7.95836462750132,167.960308435704));
#2646=CARTESIAN_POINT('',(93.4601379813762,-0.0416353724987317,202.960308435704));
#2647=CARTESIAN_POINT('',(93.4601379813762,-0.0416353724987317,202.960308435704));
#2648=CARTESIAN_POINT('',(93.4601379813762,-34.6826515238763,172.960308435704));
#2649=CARTESIAN_POINT('Origin',(93.4601379813762,-0.041635372498785,167.960308435704));
#2650=CARTESIAN_POINT('',(93.4601379813762,-35.0416353724987,166.298092000792));
#2651=CARTESIAN_POINT('Origin',(93.4601379813762,26.9583646275013,166.298092000792));
#2652=CARTESIAN_POINT('',(93.4601379813762,-35.0395125803696,52.9603084357044));
#2653=CARTESIAN_POINT('',(93.4601379813762,-35.0416353724987,52.9603084357044));
#2654=CARTESIAN_POINT('',(93.4601379813762,42.9583646275013,53.7741223696931));
#2655=CARTESIAN_POINT('Origin',(93.4601379813762,3.96048741963035,53.3672154027396));
#2656=CARTESIAN_POINT('',(93.4601379813762,42.9583646275013,167.960308435704));
#2657=CARTESIAN_POINT('',(93.4601379813762,2.46716638590482,49.3747802864146));
#2658=CARTESIAN_POINT('Origin',(93.4601379813762,3.96716638590482,49.3747802864146));
#2659=CARTESIAN_POINT('Origin',(93.4601379813762,-19.0416353724987,166.298092000792));
#2660=CARTESIAN_POINT('',(82.5601379813762,42.9583646275013,166.298092000792));
#2661=CARTESIAN_POINT('',(93.4601379813762,42.9583646275013,166.298092000792));
#2662=CARTESIAN_POINT('',(82.5601379813762,42.5993807788788,172.960308435704));
#2663=CARTESIAN_POINT('Origin',(82.5601379813762,-19.0416353724987,166.298092000792));
#2664=CARTESIAN_POINT('',(93.4601379813762,42.5993807788788,172.960308435704));
#2665=CARTESIAN_POINT('Origin',(93.4601379813762,42.9583646275013,53.7741223696931));
#2666=CARTESIAN_POINT('',(82.5601379813762,42.9583646275013,53.7741223696931));
#2667=CARTESIAN_POINT('',(88.4601379813762,42.9583646275013,53.7741223697746));
#2668=CARTESIAN_POINT('',(82.5601379813762,42.9583646275013,167.960308435704));
#2669=CARTESIAN_POINT('Origin',(93.4601379813762,3.96048741963035,53.3672154027396));
#2670=CARTESIAN_POINT('Origin',(93.4601379813762,26.9583646275013,166.298092000792));
#2671=CARTESIAN_POINT('',(82.5601379813762,-34.6826515238763,172.960308435704));
#2672=CARTESIAN_POINT('',(82.5601379813762,-35.0416353724987,166.298092000792));
#2673=CARTESIAN_POINT('Origin',(82.5601379813762,26.9583646275013,166.298092000792));
#2674=CARTESIAN_POINT('',(93.4601379813762,-35.0416353724987,166.298092000792));
#2675=CARTESIAN_POINT('',(93.4601379813762,-34.6826515238763,172.960308435704));
#2676=CARTESIAN_POINT('Origin',(93.4601379813762,-35.0416353724987,167.960308435704));
#2677=CARTESIAN_POINT('',(82.5601379813762,-35.0373897882406,52.9603084357044));
#2678=CARTESIAN_POINT('',(82.5601379813762,-35.0416353724987,52.9603084357044));
#2679=CARTESIAN_POINT('',(87.5601379813762,-35.0373897882406,52.9603084357044));
#2680=CARTESIAN_POINT('',(88.4601379813762,-35.0373897882406,52.9603084357044));
#2681=CARTESIAN_POINT('',(88.4601379813762,-35.0373897882406,52.9603084357044));
#2682=CARTESIAN_POINT('Origin',(82.5601379813762,3.96048741963035,53.3672154027396));
#2683=CARTESIAN_POINT('Origin',(82.5601379813762,3.96048741963035,53.3672154027396));
#2684=CARTESIAN_POINT('',(82.5601379813762,-0.0416353724987317,202.960308435704));
#2685=CARTESIAN_POINT('Origin',(82.5601379813762,-0.041635372498785,167.960308435704));
#2686=CARTESIAN_POINT('',(82.560150025253,7.95836462750128,202.960308435704));
#2687=CARTESIAN_POINT('',(82.5601379813762,-0.0416353724987317,202.960308435704));
#2688=CARTESIAN_POINT('',(82.560150025253,29.1954993231988,195.780878342103));
#2689=CARTESIAN_POINT('Origin',(82.560150025253,7.95836462750132,167.960308435704));
#2690=CARTESIAN_POINT('Origin',(82.5601379813762,7.95836462750132,167.960308435704));
#2691=CARTESIAN_POINT('',(82.5601379813762,36.2104874196304,53.3672154027396));
#2692=CARTESIAN_POINT('Origin',(82.5601379813762,3.96048741963035,53.3672154027396));
#2693=CARTESIAN_POINT('Origin',(76.5601379813762,3.96048741963035,53.3672154027396));
#2694=CARTESIAN_POINT('',(79.8101379813762,36.2104874196304,53.3672154027396));
#2695=CARTESIAN_POINT('',(79.8101379813762,3.96048741963035,85.6172154027396));
#2696=CARTESIAN_POINT('Origin',(79.8101379813762,3.96048741963035,53.3672154027396));
#2697=CARTESIAN_POINT('Origin',(79.8101379813762,3.96048741963035,53.3672154027396));
#2698=CARTESIAN_POINT('',(73.3101379813762,3.96048741963035,85.6172154027396));
#2699=CARTESIAN_POINT('Origin',(76.5601379813762,3.96048741963035,85.6172154027396));
#2700=CARTESIAN_POINT('',(73.3101379813762,36.2104874196304,53.3672154027396));
#2701=CARTESIAN_POINT('Origin',(73.3101379813762,3.96048741963035,53.3672154027396));
#2702=CARTESIAN_POINT('Origin',(73.3101379813762,3.96048741963035,53.3672154027396));
#2703=CARTESIAN_POINT('Origin',(82.4601379813762,3.96048741963035,53.3672154027396));
#2704=CARTESIAN_POINT('',(70.4601379813762,36.2104874196304,53.3672154027396));
#2705=CARTESIAN_POINT('Origin',(70.4601379813762,3.96048741963035,53.3672154027396));
#2706=CARTESIAN_POINT('',(82.4601379813762,36.2104874196304,53.3672154027396));
#2707=CARTESIAN_POINT('Origin',(93.4601379813762,-0.041635372498785,167.960308435704));
#2708=CARTESIAN_POINT('',(93.4601379813762,-0.0416353724987317,202.960308435704));
#2709=CARTESIAN_POINT('Origin',(79.5137406855933,-0.457438647360249,39.6247802864146));
#2710=CARTESIAN_POINT('',(70.4601379813762,-2.58850603590977,45.4619329584478));
#2711=CARTESIAN_POINT('',(70.4601379813762,-0.45743864736024,39.6247802864146));
#2712=CARTESIAN_POINT('',(70.4601379813762,-2.41118828378793,44.9762463977326));
#2713=CARTESIAN_POINT('',(79.5137406855932,-2.58850603590977,45.4619329584478));
#2714=CARTESIAN_POINT('',(79.5137406855932,-2.58850603590977,45.4619329584478));
#2715=CARTESIAN_POINT('',(79.5137406855933,-0.45743864736024,39.6247802864146));
#2716=CARTESIAN_POINT('',(79.5137406855932,-2.58850603590977,45.4619329584478));
#2717=CARTESIAN_POINT('',(79.5137406855933,-0.45743864736024,39.6247802864146));
#2718=CARTESIAN_POINT('Origin',(79.5137406855932,-3.42099435779632,51.2989154010443));
#2719=CARTESIAN_POINT('',(70.4601379813762,-1.7407798279242,76.446063829287));
#2720=CARTESIAN_POINT('',(70.4601379813762,-3.42099435779631,51.2989154010442));
#2721=CARTESIAN_POINT('',(70.4601379813762,-3.33580110958507,52.5739711869357));
#2722=CARTESIAN_POINT('',(79.5137406855931,-1.7407798279242,76.446063829287));
#2723=CARTESIAN_POINT('',(79.5137406855931,-1.7407798279242,76.446063829287));
#2724=CARTESIAN_POINT('',(79.5137406855932,-3.42099435779632,51.2989154010443));
#2725=CARTESIAN_POINT('',(79.5137406855931,-1.52059778136358,79.7414469530814));
#2726=CARTESIAN_POINT('',(79.5137406855932,-3.42099435779632,51.2989154010443));
#2727=CARTESIAN_POINT('Origin',(79.5137406855932,10.7973037119447,50.3489154010442));
#2728=CARTESIAN_POINT('Origin',(70.4601379813762,10.7973037119447,50.3489154010442));
#2729=CARTESIAN_POINT('Origin',(79.5137406855932,10.7973037119447,50.3489154010442));
#2730=CARTESIAN_POINT('Origin',(93.4601379813762,7.95836462750128,202.960308435704));
#2731=CARTESIAN_POINT('',(93.4601379813762,7.95836462750128,202.960308435704));
#2732=CARTESIAN_POINT('Origin',(79.5137406855932,3.96716638590481,58.0354220578508));
#2733=CARTESIAN_POINT('',(79.5137406855933,8.39177141916982,39.6247802864146));
#2734=CARTESIAN_POINT('',(79.5137406855933,-0.45743864736024,39.6247802864146));
#2735=CARTESIAN_POINT('',(79.5137406855931,9.675112599734,76.446063829287));
#2736=CARTESIAN_POINT('',(79.5137406855931,9.675112599734,76.446063829287));
#2737=CARTESIAN_POINT('',(79.5137406855932,11.3553271296059,51.2989154010442));
#2738=CARTESIAN_POINT('',(79.5137406855931,9.45493055317339,79.7414469530813));
#2739=CARTESIAN_POINT('',(79.5137406855933,10.5228388077194,45.4619329584478));
#2740=CARTESIAN_POINT('Origin',(79.5137406855932,-2.86297094013503,50.3489154010443));
#2741=CARTESIAN_POINT('',(79.5137406855933,10.5228388077194,45.4619329584478));
#2742=CARTESIAN_POINT('',(79.5137406855932,2.46716638590482,49.3747802864146));
#2743=CARTESIAN_POINT('Origin',(79.5137406855932,3.96716638590481,49.3747802864146));
#2744=CARTESIAN_POINT('Origin',(79.5137406855931,9.675112599734,76.446063829287));
#2745=CARTESIAN_POINT('',(70.4601379813762,11.355327129606,51.2989154010442));
#2746=CARTESIAN_POINT('',(70.4601379813762,9.67511259973401,76.4460638292869));
#2747=CARTESIAN_POINT('',(70.4601379813762,10.4299969321642,65.147989674897));
#2748=CARTESIAN_POINT('',(79.5137406855932,11.3553271296059,51.2989154010442));
#2749=CARTESIAN_POINT('',(79.5137406855931,9.675112599734,76.446063829287));
#2750=CARTESIAN_POINT('Origin',(79.5137406855932,-2.86297094013503,50.3489154010443));
#2751=CARTESIAN_POINT('',(70.4601379813762,10.5228388077194,45.4619329584478));
#2752=CARTESIAN_POINT('Origin',(70.4601379813762,-2.86297094013502,50.3489154010442));
#2753=CARTESIAN_POINT('',(79.5137406855933,10.5228388077194,45.4619329584478));
#2754=CARTESIAN_POINT('Origin',(79.5137406855933,10.5228388077194,45.4619329584478));
#2755=CARTESIAN_POINT('',(70.4601379813762,8.39177141916982,39.6247802864146));
#2756=CARTESIAN_POINT('',(70.4601379813762,11.4102692229407,47.8926711168401));
#2757=CARTESIAN_POINT('',(79.5137406855933,8.39177141916982,39.6247802864146));
#2758=CARTESIAN_POINT('Origin',(70.4601379813762,3.96716638590482,49.3747802864146));
#2759=CARTESIAN_POINT('',(70.4601379813762,2.46716638590482,49.3747802864146));
#2760=CARTESIAN_POINT('Origin',(93.4601379813762,7.95836462750132,167.960308435704));
#2761=CARTESIAN_POINT('Origin',(88.4601379813762,3.96048741963035,53.3672154027396));
#2762=CARTESIAN_POINT('Origin',(79.5137406855931,-1.7407798279242,76.446063829287));
#2763=CARTESIAN_POINT('',(70.4601379813762,1.10985379585308,76.446063829287));
#2764=CARTESIAN_POINT('Origin',(70.4601379813762,3.96048741963035,53.3672154027396));
#2765=CARTESIAN_POINT('',(70.4601379813762,6.17612941940007,39.6247802864146));
#2766=CARTESIAN_POINT('Origin',(82.4601379813762,3.96048741963035,53.3672154027396));
#2767=CARTESIAN_POINT('',(82.4601379813762,36.2104874196304,53.3672154027396));
#2768=CARTESIAN_POINT('Origin',(79.5137406855933,8.39177141916982,39.6247802864146));
#2769=CARTESIAN_POINT('Origin',(78.4411379813762,-0.790256826851776,167.152924599258));
#2770=CARTESIAN_POINT('',(76.9411379813762,-0.790256826851773,167.152924599258));
#2771=CARTESIAN_POINT('Origin',(78.4411379813762,-0.790256826851773,167.152924599258));
#2772=CARTESIAN_POINT('',(76.9411379813762,4.20974317314822,167.152924599258));
#2773=CARTESIAN_POINT('',(76.9411379813762,-0.790256826851776,167.152924599258));
#2774=CARTESIAN_POINT('Origin',(78.4411379813762,4.20974317314822,167.152924599258));
#2775=CARTESIAN_POINT('Origin',(78.4411379813762,-0.790256826851763,179.652924599258));
#2776=CARTESIAN_POINT('',(76.9411379813762,-0.790256826851762,179.652924599258));
#2777=CARTESIAN_POINT('Origin',(78.4411379813762,-0.790256826851762,179.652924599258));
#2778=CARTESIAN_POINT('',(76.9411379813762,4.20974317314823,179.652924599258));
#2779=CARTESIAN_POINT('',(76.9411379813762,-0.790256826851763,179.652924599258));
#2780=CARTESIAN_POINT('Origin',(78.4411379813762,4.20974317314823,179.652924599258));
#2781=CARTESIAN_POINT('Origin',(72.7601379813762,-0.026330126484766,104.664647836622));
#2782=CARTESIAN_POINT('',(72.7601379813762,-0.79025682685189,160.902924599258));
#2783=CARTESIAN_POINT('',(72.7601379813762,-0.790256826851757,185.902924599258));
#2784=CARTESIAN_POINT('',(72.7601379813762,-0.790256826851799,145.28378621794));
#2785=CARTESIAN_POINT('',(72.7601379813762,4.20974317314822,185.902924599258));
#2786=CARTESIAN_POINT('',(72.7601379813762,2.09170652333173,185.902924599258));
#2787=CARTESIAN_POINT('',(72.7601379813762,4.20974317314822,160.902924599258));
#2788=CARTESIAN_POINT('',(72.7601379813762,4.20974317314822,132.78378621794));
#2789=CARTESIAN_POINT('',(72.7601379813762,14.2097431731482,160.902924599258));
#2790=CARTESIAN_POINT('',(72.7601379813762,7.09170652333173,160.902924599258));
#2791=CARTESIAN_POINT('',(72.7601379813762,14.2097431731482,155.902924599258));
#2792=CARTESIAN_POINT('',(72.7601379813762,14.2097431731482,130.28378621794));
#2793=CARTESIAN_POINT('',(72.7601379813762,-10.7902568268518,155.902924599258));
#2794=CARTESIAN_POINT('',(72.7601379813762,-5.40829347666826,155.902924599258));
#2795=CARTESIAN_POINT('',(72.7601379813762,-10.7902568268518,160.902924599258));
#2796=CARTESIAN_POINT('',(72.7601379813762,-10.7902568268518,132.78378621794));
#2797=CARTESIAN_POINT('',(72.7601379813762,-0.408293476668274,160.902924599258));
#2798=CARTESIAN_POINT('Origin',(-1.05822799524828,-0.790256826851783,160.902924599258));
#2799=CARTESIAN_POINT('',(82.5597720047517,-10.7902568268519,160.902924599258));
#2800=CARTESIAN_POINT('',(75.7601379813762,-10.7902568268518,160.902924599258));
#2801=CARTESIAN_POINT('',(82.5597720047517,-0.790256826851899,160.902924599258));
#2802=CARTESIAN_POINT('',(82.559772004752,0.459743173148103,160.902924599258));
#2803=CARTESIAN_POINT('',(75.7601379813762,-0.79025682685189,160.902924599258));
#2804=CARTESIAN_POINT('Origin',(-1.05822799524828,-10.7902568268518,160.902924599258));
#2805=CARTESIAN_POINT('',(82.5597720047517,-10.7902568268519,155.902924599258));
#2806=CARTESIAN_POINT('',(75.7601379813762,-10.7902568268518,155.902924599258));
#2807=CARTESIAN_POINT('',(82.5597720047519,-10.7902568268519,165.902924599258));
#2808=CARTESIAN_POINT('Origin',(-1.05822799524828,-10.7902568268518,155.902924599258));
#2809=CARTESIAN_POINT('',(82.5597720047517,14.2097431731481,155.902924599258));
#2810=CARTESIAN_POINT('',(75.7601379813762,14.2097431731482,155.902924599258));
#2811=CARTESIAN_POINT('',(82.5597720047522,-4.5402568268519,155.902924599258));
#2812=CARTESIAN_POINT('Origin',(-1.05822799524828,14.2097431731482,155.902924599258));
#2813=CARTESIAN_POINT('',(82.5597720047517,14.2097431731481,160.902924599258));
#2814=CARTESIAN_POINT('',(-1.05822799524828,14.2097431731482,160.902924599258));
#2815=CARTESIAN_POINT('',(82.559772004752,14.2097431731481,163.402924599258));
#2816=CARTESIAN_POINT('Origin',(82.5597720047517,1.70974317314811,170.902924599258));
#2817=CARTESIAN_POINT('',(82.5597720047517,-0.790256826851873,185.902924599258));
#2818=CARTESIAN_POINT('',(82.5597720047515,-0.790256826851881,178.402924599258));
#2819=CARTESIAN_POINT('',(82.5597720047517,4.2097431731481,160.902924599258));
#2820=CARTESIAN_POINT('',(82.5597720047521,7.95974317314811,160.902924599258));
#2821=CARTESIAN_POINT('',(82.5597720047517,4.2097431731481,185.902924599258));
#2822=CARTESIAN_POINT('',(82.5597720047519,4.2097431731481,165.902924599258));
#2823=CARTESIAN_POINT('',(82.5597720047512,2.9597431731481,185.902924599258));
#2824=CARTESIAN_POINT('Origin',(-1.05822799524828,-0.790256826851757,185.902924599258));
#2825=CARTESIAN_POINT('',(75.7601379813762,-0.790256826851757,185.902924599258));
#2826=CARTESIAN_POINT('Origin',(-1.05822799524828,4.20974317314822,185.902924599258));
#2827=CARTESIAN_POINT('',(75.7601379813762,4.20974317314822,185.902924599258));
#2828=CARTESIAN_POINT('Origin',(-1.05822799524828,4.20974317314822,160.902924599258));
#2829=CARTESIAN_POINT('',(75.7601379813762,4.20974317314822,160.902924599258));
#2830=CARTESIAN_POINT('Origin',(-1.05822799524828,14.2097431731482,160.902924599258));
#2831=CARTESIAN_POINT('',(0.628261042457083,-3.60037205610912,-3.72602426460056));
#2832=UNCERTAINTY_MEASURE_WITH_UNIT(LENGTH_MEASURE(0.01),#2838,
'DISTANCE_ACCURACY_VALUE',
'Maximum model space distance between geometric entities at asserted c
onnectivities');
#2833=UNCERTAINTY_MEASURE_WITH_UNIT(LENGTH_MEASURE(0.01),#2838,
'DISTANCE_ACCURACY_VALUE',
'Maximum model space distance between geometric entities at asserted c
onnectivities');
#2834=UNCERTAINTY_MEASURE_WITH_UNIT(LENGTH_MEASURE(0.01),#2838,
'DISTANCE_ACCURACY_VALUE',
'Maximum model space distance between geometric entities at asserted c
onnectivities');
#2835=(
GEOMETRIC_REPRESENTATION_CONTEXT(3)
GLOBAL_UNCERTAINTY_ASSIGNED_CONTEXT((#2832))
GLOBAL_UNIT_ASSIGNED_CONTEXT((#2838,#2840,#2841))
REPRESENTATION_CONTEXT('','3D')
);
#2836=(
GEOMETRIC_REPRESENTATION_CONTEXT(3)
GLOBAL_UNCERTAINTY_ASSIGNED_CONTEXT((#2833))
GLOBAL_UNIT_ASSIGNED_CONTEXT((#2838,#2840,#2841))
REPRESENTATION_CONTEXT('','3D')
);
#2837=(
GEOMETRIC_REPRESENTATION_CONTEXT(3)
GLOBAL_UNCERTAINTY_ASSIGNED_CONTEXT((#2834))
GLOBAL_UNIT_ASSIGNED_CONTEXT((#2838,#2840,#2841))
REPRESENTATION_CONTEXT('','3D')
);
#2838=(
LENGTH_UNIT()
NAMED_UNIT(*)
SI_UNIT(.MILLI.,.METRE.)
);
#2839=(
LENGTH_UNIT()
NAMED_UNIT(*)
SI_UNIT($,.METRE.)
);
#2840=(
NAMED_UNIT(*)
PLANE_ANGLE_UNIT()
SI_UNIT($,.RADIAN.)
);
#2841=(
NAMED_UNIT(*)
SI_UNIT($,.STERADIAN.)
SOLID_ANGLE_UNIT()
);
#2842=SHAPE_DEFINITION_REPRESENTATION(#2844,#2847);
#2843=SHAPE_DEFINITION_REPRESENTATION(#2845,#2848);
#2844=PRODUCT_DEFINITION_SHAPE('',$,#2850);
#2845=PRODUCT_DEFINITION_SHAPE('',$,#2851);
#2846=PRODUCT_DEFINITION_SHAPE($,$,#14);
#2847=SHAPE_REPRESENTATION('',(#1626,#1725),#2835);
#2848=SHAPE_REPRESENTATION('',(#1627),#2836);
#2849=PRODUCT_DEFINITION_CONTEXT('part definition',#2857,'design');
#2850=PRODUCT_DEFINITION('DSSERVO 80 kg','c_base v40',#2852,#2849);
#2851=PRODUCT_DEFINITION('link1_m','link1_m',#2853,#2849);
#2852=PRODUCT_DEFINITION_FORMATION('',$,#2859);
#2853=PRODUCT_DEFINITION_FORMATION('',$,#2860);
#2854=PRODUCT_RELATED_PRODUCT_CATEGORY('c_base v40','c_base v40',(#2859));
#2855=PRODUCT_RELATED_PRODUCT_CATEGORY('link1_m','link1_m',(#2860));
#2856=APPLICATION_PROTOCOL_DEFINITION('international standard',
'automotive_design',2009,#2857);
#2857=APPLICATION_CONTEXT(
'Core Data for Automotive Mechanical Design Process');
#2858=PRODUCT_CONTEXT('part definition',#2857,'mechanical');
#2859=PRODUCT('DSSERVO 80 kg','c_base v40','STEP AP203',(#2858));
#2860=PRODUCT('link1_m','link1_m',$,(#2858));
#2861=PRESENTATION_STYLE_ASSIGNMENT((#2862));
#2862=SURFACE_STYLE_USAGE(.BOTH.,#2863);
#2863=SURFACE_SIDE_STYLE('',(#2864));
#2864=SURFACE_STYLE_FILL_AREA(#2865);
#2865=FILL_AREA_STYLE('Steel - Satin',(#2866));
#2866=FILL_AREA_STYLE_COLOUR('Steel - Satin',#2867);
#2867=COLOUR_RGB('Steel - Satin',0.627450980392157,0.627450980392157,0.627450980392157);
ENDSEC;
END-ISO-10303-21;
