ISO-10303-21;
HEADER;
/* Generated by software containing ST-Developer
 * from STEP Tools, Inc. (www.steptools.com) 
 */

FILE_DESCRIPTION(
/* description */ ('STEP AP203'),
/* implementation_level */ '2;1');

FILE_NAME(
/* name */ 'Link1.2.step',
/* time_stamp */ '2025-12-11T15:22:26+05:30',
/* author */ (''),
/* organization */ (''),
/* preprocessor_version */ 'ST-DEVELOPER v20.1',
/* originating_system */ 'Autodesk Translation Framework v14.21.0.0',
/* authorisation */ '');

FILE_SCHEMA (('AUTOMOTIVE_DESIGN { 1 0 10303 214 3 1 1 }'));
ENDSEC;

DATA;
#10=MECHANICAL_DESIGN_GEOMETRIC_PRESENTATION_REPRESENTATION('',(#17),#2646);
#11=ITEM_DEFINED_TRANSFORMATION($,$,#1516,#1601);
#12=(
REPRESENTATION_RELATIONSHIP($,$,#2657,#2656)
REPRESENTATION_RELATIONSHIP_WITH_TRANSFORMATION(#11)
SHAPE_REPRESENTATION_RELATIONSHIP()
);
#13=CONTEXT_DEPENDENT_SHAPE_REPRESENTATION(#12,#2655);
#14=NEXT_ASSEMBLY_USAGE_OCCURRENCE('link1_mirr:1','link1_mirr:1',
'link1_mirr:1',#2659,#2660,'link1_mirr:1');
#15=SHAPE_REPRESENTATION_RELATIONSHIP('SRR','None',#2657,#16);
#16=ADVANCED_BREP_SHAPE_REPRESENTATION('',(#18),#2645);
#17=STYLED_ITEM('',(#2670),#18);
#18=MANIFOLD_SOLID_BREP('Body3',#1502);
#19=TOROIDAL_SURFACE('',#1566,32.25,3.25);
#20=CYLINDRICAL_SURFACE('',#1556,62.5);
#21=CYLINDRICAL_SURFACE('',#1564,62.);
#22=CYLINDRICAL_SURFACE('',#1572,32.25);
#23=CYLINDRICAL_SURFACE('',#1579,35.);
#24=CYLINDRICAL_SURFACE('',#1581,35.);
#25=CYLINDRICAL_SURFACE('',#1591,1.50000000000001);
#26=CYLINDRICAL_SURFACE('',#1592,1.49999999999999);
#27=CYLINDRICAL_SURFACE('',#1593,39.);
#28=CYLINDRICAL_SURFACE('',#1595,5.);
#29=CYLINDRICAL_SURFACE('',#1597,32.25);
#30=CIRCLE('',#1550,62.5);
#31=CIRCLE('',#1551,35.);
#32=CIRCLE('',#1552,35.);
#33=CIRCLE('',#1553,62.);
#34=CIRCLE('',#1554,39.);
#35=CIRCLE('',#1555,5.);
#36=CIRCLE('',#1557,62.5);
#37=CIRCLE('',#1559,39.);
#38=CIRCLE('',#1560,62.);
#39=CIRCLE('',#1561,35.);
#40=CIRCLE('',#1562,35.);
#41=CIRCLE('',#1563,32.25);
#42=CIRCLE('',#1567,32.25);
#43=CIRCLE('',#1568,32.25);
#44=CIRCLE('',#1569,3.25);
#45=CIRCLE('',#1570,32.25);
#46=CIRCLE('',#1571,32.25);
#47=CIRCLE('',#1576,1.49999999999999);
#48=CIRCLE('',#1577,1.50000000000001);
#49=CIRCLE('',#1584,1.49999999999999);
#50=CIRCLE('',#1585,1.50000000000001);
#51=CIRCLE('',#1596,5.);
#52=CIRCLE('',#1598,32.25);
#53=FACE_BOUND('',#219,.T.);
#54=FACE_BOUND('',#241,.T.);
#55=FACE_BOUND('',#242,.T.);
#56=FACE_BOUND('',#243,.T.);
#57=FACE_BOUND('',#244,.T.);
#58=FACE_BOUND('',#247,.T.);
#59=FACE_BOUND('',#248,.T.);
#60=FACE_BOUND('',#256,.T.);
#61=FACE_BOUND('',#257,.T.);
#62=FACE_BOUND('',#263,.T.);
#63=FACE_BOUND('',#265,.T.);
#64=FACE_BOUND('',#266,.T.);
#65=FACE_BOUND('',#279,.T.);
#66=B_SPLINE_CURVE_WITH_KNOTS('',3,(#1955,#1956,#1957,#1958,#1959),
 .UNSPECIFIED.,.F.,.F.,(4,1,4),(0.,0.112117887696121,0.257529381173151),
 .UNSPECIFIED.);
#67=B_SPLINE_CURVE_WITH_KNOTS('',3,(#1962,#1963,#1964,#1965,#1966),
 .UNSPECIFIED.,.F.,.F.,(4,1,4),(0.,0.112117887696121,0.257529381173151),
 .UNSPECIFIED.);
#68=B_SPLINE_CURVE_WITH_KNOTS('',3,(#1978,#1979,#1980,#1981,#1982),
 .UNSPECIFIED.,.F.,.F.,(4,1,4),(0.,0.0988524866029905,0.19603089462841),
 .UNSPECIFIED.);
#69=B_SPLINE_CURVE_WITH_KNOTS('',3,(#1985,#1986,#1987,#1988,#1989),
 .UNSPECIFIED.,.F.,.F.,(4,1,4),(0.,0.0988524866029905,0.19603089462841),
 .UNSPECIFIED.);
#70=B_SPLINE_CURVE_WITH_KNOTS('',3,(#2001,#2002,#2003,#2004,#2005),
 .UNSPECIFIED.,.F.,.F.,(4,1,4),(0.,0.0711859506247291,0.141854214517991),
 .UNSPECIFIED.);
#71=B_SPLINE_CURVE_WITH_KNOTS('',3,(#2008,#2009,#2010,#2011,#2012),
 .UNSPECIFIED.,.F.,.F.,(4,1,4),(0.,0.0711859506247291,0.141854214517991),
 .UNSPECIFIED.);
#72=B_SPLINE_CURVE_WITH_KNOTS('',3,(#2024,#2025,#2026,#2027,#2028),
 .UNSPECIFIED.,.F.,.F.,(4,1,4),(0.,0.0768011664274911,0.149398013035541),
 .UNSPECIFIED.);
#73=B_SPLINE_CURVE_WITH_KNOTS('',3,(#2031,#2032,#2033,#2034,#2035),
 .UNSPECIFIED.,.F.,.F.,(4,1,4),(0.,0.0768011664274911,0.149398013035541),
 .UNSPECIFIED.);
#74=B_SPLINE_CURVE_WITH_KNOTS('',3,(#2047,#2048,#2049,#2050,#2051),
 .UNSPECIFIED.,.F.,.F.,(4,1,4),(0.,0.121452361815424,0.215428142650168),
 .UNSPECIFIED.);
#75=B_SPLINE_CURVE_WITH_KNOTS('',3,(#2054,#2055,#2056,#2057,#2058),
 .UNSPECIFIED.,.F.,.F.,(4,1,4),(0.,0.121452361815424,0.215428142650168),
 .UNSPECIFIED.);
#76=B_SPLINE_CURVE_WITH_KNOTS('',3,(#2094,#2095,#2096,#2097,#2098),
 .UNSPECIFIED.,.F.,.F.,(4,1,4),(0.,0.0448319254513957,0.110851903460726),
 .UNSPECIFIED.);
#77=B_SPLINE_CURVE_WITH_KNOTS('',3,(#2101,#2102,#2103,#2104,#2105),
 .UNSPECIFIED.,.F.,.F.,(4,1,4),(0.,0.0448319254513957,0.110851903460726),
 .UNSPECIFIED.);
#78=B_SPLINE_CURVE_WITH_KNOTS('',3,(#2117,#2118,#2119,#2120,#2121),
 .UNSPECIFIED.,.F.,.F.,(4,1,4),(0.,0.0510477281296595,0.0993003477625913),
 .UNSPECIFIED.);
#79=B_SPLINE_CURVE_WITH_KNOTS('',3,(#2124,#2125,#2126,#2127,#2128),
 .UNSPECIFIED.,.F.,.F.,(4,1,4),(0.,0.0510477281296595,0.0993003477625913),
 .UNSPECIFIED.);
#80=B_SPLINE_CURVE_WITH_KNOTS('',3,(#2140,#2141,#2142,#2143,#2144),
 .UNSPECIFIED.,.F.,.F.,(4,1,4),(0.,0.0809375259605598,0.142608899731485),
 .UNSPECIFIED.);
#81=B_SPLINE_CURVE_WITH_KNOTS('',3,(#2147,#2148,#2149,#2150,#2151),
 .UNSPECIFIED.,.F.,.F.,(4,1,4),(0.,0.0809375259605598,0.142608899731485),
 .UNSPECIFIED.);
#82=B_SPLINE_CURVE_WITH_KNOTS('',3,(#2163,#2164,#2165,#2166,#2167),
 .UNSPECIFIED.,.F.,.F.,(4,1,4),(0.,0.14316820890815,0.251532658975778),
 .UNSPECIFIED.);
#83=B_SPLINE_CURVE_WITH_KNOTS('',3,(#2170,#2171,#2172,#2173,#2174),
 .UNSPECIFIED.,.F.,.F.,(4,1,4),(0.,0.14316820890815,0.251532658975778),
 .UNSPECIFIED.);
#84=B_SPLINE_CURVE_WITH_KNOTS('',3,(#2204,#2205,#2206,#2207,#2208),
 .UNSPECIFIED.,.F.,.F.,(4,1,4),(0.,0.123410788551514,0.259251371952541),
 .UNSPECIFIED.);
#85=B_SPLINE_CURVE_WITH_KNOTS('',3,(#2211,#2212,#2213,#2214,#2215),
 .UNSPECIFIED.,.F.,.F.,(4,1,4),(0.,0.123410788551514,0.259251371952541),
 .UNSPECIFIED.);
#86=B_SPLINE_CURVE_WITH_KNOTS('',3,(#2227,#2228,#2229,#2230,#2231),
 .UNSPECIFIED.,.F.,.F.,(4,1,4),(0.,0.0788631599601785,0.141433877623258),
 .UNSPECIFIED.);
#87=B_SPLINE_CURVE_WITH_KNOTS('',3,(#2234,#2235,#2236,#2237,#2238),
 .UNSPECIFIED.,.F.,.F.,(4,1,4),(0.,0.0788631599601785,0.141433877623258),
 .UNSPECIFIED.);
#88=B_SPLINE_CURVE_WITH_KNOTS('',3,(#2250,#2251,#2252,#2253,#2254),
 .UNSPECIFIED.,.F.,.F.,(4,1,4),(0.,0.15906771733836,0.35327091451973),
 .UNSPECIFIED.);
#89=B_SPLINE_CURVE_WITH_KNOTS('',3,(#2257,#2258,#2259,#2260,#2261),
 .UNSPECIFIED.,.F.,.F.,(4,1,4),(0.,0.15906771733836,0.35327091451973),
 .UNSPECIFIED.);
#90=B_SPLINE_CURVE_WITH_KNOTS('',3,(#2273,#2274,#2275,#2276,#2277),
 .UNSPECIFIED.,.F.,.F.,(4,1,4),(0.,0.149335548478324,0.293887174623973),
 .UNSPECIFIED.);
#91=B_SPLINE_CURVE_WITH_KNOTS('',3,(#2280,#2281,#2282,#2283,#2284),
 .UNSPECIFIED.,.F.,.F.,(4,1,4),(0.,0.149335548478324,0.293887174623973),
 .UNSPECIFIED.);
#92=B_SPLINE_CURVE_WITH_KNOTS('',3,(#2296,#2297,#2298,#2299,#2300),
 .UNSPECIFIED.,.F.,.F.,(4,1,4),(0.,0.117425046730501,0.236883042623102),
 .UNSPECIFIED.);
#93=B_SPLINE_CURVE_WITH_KNOTS('',3,(#2303,#2304,#2305,#2306,#2307),
 .UNSPECIFIED.,.F.,.F.,(4,1,4),(0.,0.117425046730501,0.236883042623102),
 .UNSPECIFIED.);
#94=B_SPLINE_CURVE_WITH_KNOTS('',3,(#2319,#2320,#2321,#2322,#2323),
 .UNSPECIFIED.,.F.,.F.,(4,1,4),(0.,0.109256309623429,0.222643224784373),
 .UNSPECIFIED.);
#95=B_SPLINE_CURVE_WITH_KNOTS('',3,(#2326,#2327,#2328,#2329,#2330),
 .UNSPECIFIED.,.F.,.F.,(4,1,4),(0.,0.109256309623429,0.222643224784373),
 .UNSPECIFIED.);
#96=B_SPLINE_CURVE_WITH_KNOTS('',3,(#2342,#2343,#2344,#2345,#2346),
 .UNSPECIFIED.,.F.,.F.,(4,1,4),(0.,0.176789771959625,0.30872975367899),
 .UNSPECIFIED.);
#97=B_SPLINE_CURVE_WITH_KNOTS('',3,(#2349,#2350,#2351,#2352,#2353),
 .UNSPECIFIED.,.F.,.F.,(4,1,4),(0.,0.176789771959625,0.30872975367899),
 .UNSPECIFIED.);
#98=B_SPLINE_SURFACE_WITH_KNOTS('',3,1,((#1944,#1945),(#1946,#1947),(#1948,
#1949),(#1950,#1951),(#1952,#1953)),.UNSPECIFIED.,.F.,.F.,.F.,(4,1,4),(2,
2),(0.,0.112117887696121,0.257529381173151),(0.,0.15),.UNSPECIFIED.);
#99=B_SPLINE_SURFACE_WITH_KNOTS('',3,1,((#1967,#1968),(#1969,#1970),(#1971,
#1972),(#1973,#1974),(#1975,#1976)),.UNSPECIFIED.,.F.,.F.,.F.,(4,1,4),(2,
2),(0.,0.0988524866029905,0.19603089462841),(0.,0.15),.UNSPECIFIED.);
#100=B_SPLINE_SURFACE_WITH_KNOTS('',3,1,((#1990,#1991),(#1992,#1993),(#1994,
#1995),(#1996,#1997),(#1998,#1999)),.UNSPECIFIED.,.F.,.F.,.F.,(4,1,4),(2,
2),(0.,0.0711859506247291,0.141854214517991),(0.,0.15),.UNSPECIFIED.);
#101=B_SPLINE_SURFACE_WITH_KNOTS('',3,1,((#2013,#2014),(#2015,#2016),(#2017,
#2018),(#2019,#2020),(#2021,#2022)),.UNSPECIFIED.,.F.,.F.,.F.,(4,1,4),(2,
2),(0.,0.0768011664274911,0.149398013035541),(0.,0.15),.UNSPECIFIED.);
#102=B_SPLINE_SURFACE_WITH_KNOTS('',3,1,((#2036,#2037),(#2038,#2039),(#2040,
#2041),(#2042,#2043),(#2044,#2045)),.UNSPECIFIED.,.F.,.F.,.F.,(4,1,4),(2,
2),(0.,0.121452361815424,0.215428142650168),(0.,0.15),.UNSPECIFIED.);
#103=B_SPLINE_SURFACE_WITH_KNOTS('',3,1,((#2083,#2084),(#2085,#2086),(#2087,
#2088),(#2089,#2090),(#2091,#2092)),.UNSPECIFIED.,.F.,.F.,.F.,(4,1,4),(2,
2),(0.,0.0448319254513957,0.110851903460726),(0.,0.15),.UNSPECIFIED.);
#104=B_SPLINE_SURFACE_WITH_KNOTS('',3,1,((#2106,#2107),(#2108,#2109),(#2110,
#2111),(#2112,#2113),(#2114,#2115)),.UNSPECIFIED.,.F.,.F.,.F.,(4,1,4),(2,
2),(0.,0.0510477281296595,0.0993003477625913),(0.,0.15),.UNSPECIFIED.);
#105=B_SPLINE_SURFACE_WITH_KNOTS('',3,1,((#2129,#2130),(#2131,#2132),(#2133,
#2134),(#2135,#2136),(#2137,#2138)),.UNSPECIFIED.,.F.,.F.,.F.,(4,1,4),(2,
2),(0.,0.0809375259605598,0.142608899731485),(0.,0.15),.UNSPECIFIED.);
#106=B_SPLINE_SURFACE_WITH_KNOTS('',3,1,((#2152,#2153),(#2154,#2155),(#2156,
#2157),(#2158,#2159),(#2160,#2161)),.UNSPECIFIED.,.F.,.F.,.F.,(4,1,4),(2,
2),(0.,0.14316820890815,0.251532658975778),(0.,0.15),.UNSPECIFIED.);
#107=B_SPLINE_SURFACE_WITH_KNOTS('',3,1,((#2193,#2194),(#2195,#2196),(#2197,
#2198),(#2199,#2200),(#2201,#2202)),.UNSPECIFIED.,.F.,.F.,.F.,(4,1,4),(2,
2),(0.,0.123410788551514,0.259251371952541),(0.,0.15),.UNSPECIFIED.);
#108=B_SPLINE_SURFACE_WITH_KNOTS('',3,1,((#2216,#2217),(#2218,#2219),(#2220,
#2221),(#2222,#2223),(#2224,#2225)),.UNSPECIFIED.,.F.,.F.,.F.,(4,1,4),(2,
2),(0.,0.0788631599601785,0.141433877623258),(0.,0.15),.UNSPECIFIED.);
#109=B_SPLINE_SURFACE_WITH_KNOTS('',3,1,((#2239,#2240),(#2241,#2242),(#2243,
#2244),(#2245,#2246),(#2247,#2248)),.UNSPECIFIED.,.F.,.F.,.F.,(4,1,4),(2,
2),(0.,0.15906771733836,0.35327091451973),(0.,0.15),.UNSPECIFIED.);
#110=B_SPLINE_SURFACE_WITH_KNOTS('',3,1,((#2262,#2263),(#2264,#2265),(#2266,
#2267),(#2268,#2269),(#2270,#2271)),.UNSPECIFIED.,.F.,.F.,.F.,(4,1,4),(2,
2),(0.,0.149335548478324,0.293887174623973),(0.,0.15),.UNSPECIFIED.);
#111=B_SPLINE_SURFACE_WITH_KNOTS('',3,1,((#2285,#2286),(#2287,#2288),(#2289,
#2290),(#2291,#2292),(#2293,#2294)),.UNSPECIFIED.,.F.,.F.,.F.,(4,1,4),(2,
2),(0.,0.117425046730501,0.236883042623102),(0.,0.15),.UNSPECIFIED.);
#112=B_SPLINE_SURFACE_WITH_KNOTS('',3,1,((#2308,#2309),(#2310,#2311),(#2312,
#2313),(#2314,#2315),(#2316,#2317)),.UNSPECIFIED.,.F.,.F.,.F.,(4,1,4),(2,
2),(0.,0.109256309623429,0.222643224784373),(0.,0.15),.UNSPECIFIED.);
#113=B_SPLINE_SURFACE_WITH_KNOTS('',3,1,((#2331,#2332),(#2333,#2334),(#2335,
#2336),(#2337,#2338),(#2339,#2340)),.UNSPECIFIED.,.F.,.F.,.F.,(4,1,4),(2,
2),(0.,0.176789771959625,0.30872975367899),(0.,0.15),.UNSPECIFIED.);
#114=FACE_OUTER_BOUND('',#191,.T.);
#115=FACE_OUTER_BOUND('',#192,.T.);
#116=FACE_OUTER_BOUND('',#193,.T.);
#117=FACE_OUTER_BOUND('',#194,.T.);
#118=FACE_OUTER_BOUND('',#195,.T.);
#119=FACE_OUTER_BOUND('',#196,.T.);
#120=FACE_OUTER_BOUND('',#197,.T.);
#121=FACE_OUTER_BOUND('',#198,.T.);
#122=FACE_OUTER_BOUND('',#199,.T.);
#123=FACE_OUTER_BOUND('',#200,.T.);
#124=FACE_OUTER_BOUND('',#201,.T.);
#125=FACE_OUTER_BOUND('',#202,.T.);
#126=FACE_OUTER_BOUND('',#203,.T.);
#127=FACE_OUTER_BOUND('',#204,.T.);
#128=FACE_OUTER_BOUND('',#205,.T.);
#129=FACE_OUTER_BOUND('',#206,.T.);
#130=FACE_OUTER_BOUND('',#207,.T.);
#131=FACE_OUTER_BOUND('',#208,.T.);
#132=FACE_OUTER_BOUND('',#209,.T.);
#133=FACE_OUTER_BOUND('',#210,.T.);
#134=FACE_OUTER_BOUND('',#211,.T.);
#135=FACE_OUTER_BOUND('',#212,.T.);
#136=FACE_OUTER_BOUND('',#213,.T.);
#137=FACE_OUTER_BOUND('',#214,.T.);
#138=FACE_OUTER_BOUND('',#215,.T.);
#139=FACE_OUTER_BOUND('',#216,.T.);
#140=FACE_OUTER_BOUND('',#217,.T.);
#141=FACE_OUTER_BOUND('',#218,.T.);
#142=FACE_OUTER_BOUND('',#220,.T.);
#143=FACE_OUTER_BOUND('',#221,.T.);
#144=FACE_OUTER_BOUND('',#222,.T.);
#145=FACE_OUTER_BOUND('',#223,.T.);
#146=FACE_OUTER_BOUND('',#224,.T.);
#147=FACE_OUTER_BOUND('',#225,.T.);
#148=FACE_OUTER_BOUND('',#226,.T.);
#149=FACE_OUTER_BOUND('',#227,.T.);
#150=FACE_OUTER_BOUND('',#228,.T.);
#151=FACE_OUTER_BOUND('',#229,.T.);
#152=FACE_OUTER_BOUND('',#230,.T.);
#153=FACE_OUTER_BOUND('',#231,.T.);
#154=FACE_OUTER_BOUND('',#232,.T.);
#155=FACE_OUTER_BOUND('',#233,.T.);
#156=FACE_OUTER_BOUND('',#234,.T.);
#157=FACE_OUTER_BOUND('',#235,.T.);
#158=FACE_OUTER_BOUND('',#236,.T.);
#159=FACE_OUTER_BOUND('',#237,.T.);
#160=FACE_OUTER_BOUND('',#238,.T.);
#161=FACE_OUTER_BOUND('',#239,.T.);
#162=FACE_OUTER_BOUND('',#240,.T.);
#163=FACE_OUTER_BOUND('',#245,.T.);
#164=FACE_OUTER_BOUND('',#246,.T.);
#165=FACE_OUTER_BOUND('',#249,.T.);
#166=FACE_OUTER_BOUND('',#250,.T.);
#167=FACE_OUTER_BOUND('',#251,.T.);
#168=FACE_OUTER_BOUND('',#252,.T.);
#169=FACE_OUTER_BOUND('',#253,.T.);
#170=FACE_OUTER_BOUND('',#254,.T.);
#171=FACE_OUTER_BOUND('',#255,.T.);
#172=FACE_OUTER_BOUND('',#258,.T.);
#173=FACE_OUTER_BOUND('',#259,.T.);
#174=FACE_OUTER_BOUND('',#260,.T.);
#175=FACE_OUTER_BOUND('',#261,.T.);
#176=FACE_OUTER_BOUND('',#262,.T.);
#177=FACE_OUTER_BOUND('',#264,.T.);
#178=FACE_OUTER_BOUND('',#267,.T.);
#179=FACE_OUTER_BOUND('',#268,.T.);
#180=FACE_OUTER_BOUND('',#269,.T.);
#181=FACE_OUTER_BOUND('',#270,.T.);
#182=FACE_OUTER_BOUND('',#271,.T.);
#183=FACE_OUTER_BOUND('',#272,.T.);
#184=FACE_OUTER_BOUND('',#273,.T.);
#185=FACE_OUTER_BOUND('',#274,.T.);
#186=FACE_OUTER_BOUND('',#275,.T.);
#187=FACE_OUTER_BOUND('',#276,.T.);
#188=FACE_OUTER_BOUND('',#277,.T.);
#189=FACE_OUTER_BOUND('',#278,.T.);
#190=FACE_OUTER_BOUND('',#280,.T.);
#191=EDGE_LOOP('',(#951,#952,#953,#954));
#192=EDGE_LOOP('',(#955,#956,#957,#958));
#193=EDGE_LOOP('',(#959,#960,#961,#962));
#194=EDGE_LOOP('',(#963,#964,#965,#966));
#195=EDGE_LOOP('',(#967,#968,#969,#970));
#196=EDGE_LOOP('',(#971,#972,#973,#974));
#197=EDGE_LOOP('',(#975,#976,#977,#978));
#198=EDGE_LOOP('',(#979,#980,#981,#982));
#199=EDGE_LOOP('',(#983,#984,#985,#986));
#200=EDGE_LOOP('',(#987,#988,#989,#990));
#201=EDGE_LOOP('',(#991,#992,#993,#994));
#202=EDGE_LOOP('',(#995,#996,#997,#998));
#203=EDGE_LOOP('',(#999,#1000,#1001,#1002));
#204=EDGE_LOOP('',(#1003,#1004,#1005,#1006));
#205=EDGE_LOOP('',(#1007,#1008,#1009,#1010));
#206=EDGE_LOOP('',(#1011,#1012,#1013,#1014));
#207=EDGE_LOOP('',(#1015,#1016,#1017,#1018));
#208=EDGE_LOOP('',(#1019,#1020,#1021,#1022));
#209=EDGE_LOOP('',(#1023,#1024,#1025,#1026));
#210=EDGE_LOOP('',(#1027,#1028,#1029,#1030));
#211=EDGE_LOOP('',(#1031,#1032,#1033,#1034));
#212=EDGE_LOOP('',(#1035,#1036,#1037,#1038));
#213=EDGE_LOOP('',(#1039,#1040,#1041,#1042));
#214=EDGE_LOOP('',(#1043,#1044,#1045,#1046));
#215=EDGE_LOOP('',(#1047,#1048,#1049,#1050));
#216=EDGE_LOOP('',(#1051,#1052,#1053,#1054));
#217=EDGE_LOOP('',(#1055,#1056,#1057,#1058));
#218=EDGE_LOOP('',(#1059,#1060,#1061,#1062,#1063,#1064,#1065,#1066,#1067,
#1068,#1069,#1070,#1071,#1072,#1073,#1074,#1075,#1076,#1077));
#219=EDGE_LOOP('',(#1078,#1079,#1080,#1081,#1082,#1083,#1084,#1085));
#220=EDGE_LOOP('',(#1086,#1087,#1088,#1089));
#221=EDGE_LOOP('',(#1090,#1091,#1092,#1093));
#222=EDGE_LOOP('',(#1094,#1095,#1096,#1097));
#223=EDGE_LOOP('',(#1098,#1099,#1100,#1101));
#224=EDGE_LOOP('',(#1102,#1103,#1104,#1105));
#225=EDGE_LOOP('',(#1106,#1107,#1108,#1109));
#226=EDGE_LOOP('',(#1110,#1111,#1112,#1113,#1114,#1115));
#227=EDGE_LOOP('',(#1116,#1117,#1118,#1119));
#228=EDGE_LOOP('',(#1120,#1121,#1122,#1123));
#229=EDGE_LOOP('',(#1124,#1125,#1126,#1127));
#230=EDGE_LOOP('',(#1128,#1129,#1130,#1131));
#231=EDGE_LOOP('',(#1132,#1133,#1134,#1135));
#232=EDGE_LOOP('',(#1136,#1137,#1138,#1139));
#233=EDGE_LOOP('',(#1140,#1141,#1142,#1143));
#234=EDGE_LOOP('',(#1144,#1145,#1146,#1147));
#235=EDGE_LOOP('',(#1148,#1149,#1150,#1151));
#236=EDGE_LOOP('',(#1152,#1153,#1154,#1155));
#237=EDGE_LOOP('',(#1156,#1157,#1158,#1159));
#238=EDGE_LOOP('',(#1160,#1161,#1162,#1163));
#239=EDGE_LOOP('',(#1164,#1165,#1166,#1167,#1168,#1169,#1170,#1171,#1172,
#1173,#1174,#1175));
#240=EDGE_LOOP('',(#1176,#1177,#1178,#1179,#1180,#1181,#1182,#1183,#1184));
#241=EDGE_LOOP('',(#1185));
#242=EDGE_LOOP('',(#1186,#1187,#1188,#1189,#1190,#1191,#1192,#1193,#1194,
#1195,#1196,#1197));
#243=EDGE_LOOP('',(#1198,#1199,#1200,#1201,#1202,#1203));
#244=EDGE_LOOP('',(#1204,#1205,#1206,#1207,#1208,#1209,#1210,#1211,#1212,
#1213,#1214,#1215,#1216,#1217,#1218,#1219,#1220,#1221,#1222));
#245=EDGE_LOOP('',(#1223,#1224,#1225,#1226));
#246=EDGE_LOOP('',(#1227,#1228,#1229,#1230,#1231,#1232,#1233,#1234,#1235));
#247=EDGE_LOOP('',(#1236,#1237,#1238,#1239,#1240,#1241,#1242,#1243));
#248=EDGE_LOOP('',(#1244));
#249=EDGE_LOOP('',(#1245,#1246,#1247,#1248));
#250=EDGE_LOOP('',(#1249,#1250,#1251,#1252));
#251=EDGE_LOOP('',(#1253,#1254,#1255,#1256,#1257,#1258));
#252=EDGE_LOOP('',(#1259,#1260,#1261,#1262,#1263));
#253=EDGE_LOOP('',(#1264,#1265,#1266,#1267));
#254=EDGE_LOOP('',(#1268,#1269,#1270,#1271));
#255=EDGE_LOOP('',(#1272,#1273,#1274,#1275));
#256=EDGE_LOOP('',(#1276));
#257=EDGE_LOOP('',(#1277));
#258=EDGE_LOOP('',(#1278,#1279,#1280,#1281));
#259=EDGE_LOOP('',(#1282,#1283,#1284,#1285));
#260=EDGE_LOOP('',(#1286,#1287,#1288,#1289));
#261=EDGE_LOOP('',(#1290,#1291,#1292,#1293));
#262=EDGE_LOOP('',(#1294,#1295,#1296,#1297,#1298,#1299,#1300,#1301));
#263=EDGE_LOOP('',(#1302,#1303,#1304,#1305,#1306,#1307,#1308,#1309));
#264=EDGE_LOOP('',(#1310,#1311,#1312,#1313));
#265=EDGE_LOOP('',(#1314));
#266=EDGE_LOOP('',(#1315));
#267=EDGE_LOOP('',(#1316,#1317,#1318,#1319));
#268=EDGE_LOOP('',(#1320,#1321,#1322,#1323));
#269=EDGE_LOOP('',(#1324,#1325,#1326,#1327));
#270=EDGE_LOOP('',(#1328,#1329,#1330,#1331));
#271=EDGE_LOOP('',(#1332,#1333,#1334,#1335,#1336,#1337,#1338,#1339));
#272=EDGE_LOOP('',(#1340,#1341,#1342,#1343));
#273=EDGE_LOOP('',(#1344,#1345,#1346,#1347));
#274=EDGE_LOOP('',(#1348,#1349,#1350,#1351));
#275=EDGE_LOOP('',(#1352,#1353,#1354,#1355,#1356,#1357,#1358,#1359));
#276=EDGE_LOOP('',(#1360,#1361,#1362,#1363));
#277=EDGE_LOOP('',(#1364,#1365,#1366,#1367,#1368));
#278=EDGE_LOOP('',(#1369));
#279=EDGE_LOOP('',(#1370));
#280=EDGE_LOOP('',(#1371,#1372,#1373,#1374));
#281=LINE('',#1938,#438);
#282=LINE('',#1940,#439);
#283=LINE('',#1942,#440);
#284=LINE('',#1943,#441);
#285=LINE('',#1961,#442);
#286=LINE('',#1984,#443);
#287=LINE('',#2007,#444);
#288=LINE('',#2030,#445);
#289=LINE('',#2053,#446);
#290=LINE('',#2061,#447);
#291=LINE('',#2063,#448);
#292=LINE('',#2064,#449);
#293=LINE('',#2066,#450);
#294=LINE('',#2067,#451);
#295=LINE('',#2071,#452);
#296=LINE('',#2073,#453);
#297=LINE('',#2075,#454);
#298=LINE('',#2076,#455);
#299=LINE('',#2079,#456);
#300=LINE('',#2081,#457);
#301=LINE('',#2082,#458);
#302=LINE('',#2100,#459);
#303=LINE('',#2123,#460);
#304=LINE('',#2146,#461);
#305=LINE('',#2169,#462);
#306=LINE('',#2177,#463);
#307=LINE('',#2179,#464);
#308=LINE('',#2180,#465);
#309=LINE('',#2183,#466);
#310=LINE('',#2185,#467);
#311=LINE('',#2186,#468);
#312=LINE('',#2189,#469);
#313=LINE('',#2191,#470);
#314=LINE('',#2192,#471);
#315=LINE('',#2210,#472);
#316=LINE('',#2233,#473);
#317=LINE('',#2256,#474);
#318=LINE('',#2279,#475);
#319=LINE('',#2302,#476);
#320=LINE('',#2325,#477);
#321=LINE('',#2348,#478);
#322=LINE('',#2356,#479);
#323=LINE('',#2358,#480);
#324=LINE('',#2359,#481);
#325=LINE('',#2362,#482);
#326=LINE('',#2364,#483);
#327=LINE('',#2365,#484);
#328=LINE('',#2367,#485);
#329=LINE('',#2368,#486);
#330=LINE('',#2373,#487);
#331=LINE('',#2375,#488);
#332=LINE('',#2377,#489);
#333=LINE('',#2378,#490);
#334=LINE('',#2381,#491);
#335=LINE('',#2383,#492);
#336=LINE('',#2384,#493);
#337=LINE('',#2387,#494);
#338=LINE('',#2389,#495);
#339=LINE('',#2390,#496);
#340=LINE('',#2393,#497);
#341=LINE('',#2395,#498);
#342=LINE('',#2396,#499);
#343=LINE('',#2399,#500);
#344=LINE('',#2401,#501);
#345=LINE('',#2402,#502);
#346=LINE('',#2404,#503);
#347=LINE('',#2405,#504);
#348=LINE('',#2410,#505);
#349=LINE('',#2412,#506);
#350=LINE('',#2414,#507);
#351=LINE('',#2415,#508);
#352=LINE('',#2418,#509);
#353=LINE('',#2420,#510);
#354=LINE('',#2421,#511);
#355=LINE('',#2424,#512);
#356=LINE('',#2426,#513);
#357=LINE('',#2427,#514);
#358=LINE('',#2430,#515);
#359=LINE('',#2432,#516);
#360=LINE('',#2433,#517);
#361=LINE('',#2436,#518);
#362=LINE('',#2438,#519);
#363=LINE('',#2439,#520);
#364=LINE('',#2442,#521);
#365=LINE('',#2444,#522);
#366=LINE('',#2445,#523);
#367=LINE('',#2448,#524);
#368=LINE('',#2450,#525);
#369=LINE('',#2451,#526);
#370=LINE('',#2454,#527);
#371=LINE('',#2456,#528);
#372=LINE('',#2457,#529);
#373=LINE('',#2460,#530);
#374=LINE('',#2462,#531);
#375=LINE('',#2463,#532);
#376=LINE('',#2466,#533);
#377=LINE('',#2468,#534);
#378=LINE('',#2469,#535);
#379=LINE('',#2472,#536);
#380=LINE('',#2474,#537);
#381=LINE('',#2475,#538);
#382=LINE('',#2477,#539);
#383=LINE('',#2478,#540);
#384=LINE('',#2487,#541);
#385=LINE('',#2493,#542);
#386=LINE('',#2497,#543);
#387=LINE('',#2498,#544);
#388=LINE('',#2503,#545);
#389=LINE('',#2506,#546);
#390=LINE('',#2509,#547);
#391=LINE('',#2511,#548);
#392=LINE('',#2515,#549);
#393=LINE('',#2521,#550);
#394=LINE('',#2525,#551);
#395=LINE('',#2527,#552);
#396=LINE('',#2529,#553);
#397=LINE('',#2531,#554);
#398=LINE('',#2533,#555);
#399=LINE('',#2535,#556);
#400=LINE('',#2537,#557);
#401=LINE('',#2538,#558);
#402=LINE('',#2542,#559);
#403=LINE('',#2543,#560);
#404=LINE('',#2545,#561);
#405=LINE('',#2557,#562);
#406=LINE('',#2561,#563);
#407=LINE('',#2563,#564);
#408=LINE('',#2565,#565);
#409=LINE('',#2566,#566);
#410=LINE('',#2570,#567);
#411=LINE('',#2571,#568);
#412=LINE('',#2572,#569);
#413=LINE('',#2576,#570);
#414=LINE('',#2577,#571);
#415=LINE('',#2578,#572);
#416=LINE('',#2584,#573);
#417=LINE('',#2586,#574);
#418=LINE('',#2588,#575);
#419=LINE('',#2590,#576);
#420=LINE('',#2593,#577);
#421=LINE('',#2595,#578);
#422=LINE('',#2597,#579);
#423=LINE('',#2599,#580);
#424=LINE('',#2600,#581);
#425=LINE('',#2603,#582);
#426=LINE('',#2605,#583);
#427=LINE('',#2606,#584);
#428=LINE('',#2612,#585);
#429=LINE('',#2615,#586);
#430=LINE('',#2616,#587);
#431=LINE('',#2619,#588);
#432=LINE('',#2620,#589);
#433=LINE('',#2622,#590);
#434=LINE('',#2625,#591);
#435=LINE('',#2627,#592);
#436=LINE('',#2633,#593);
#437=LINE('',#2637,#594);
#438=VECTOR('',#1608,10.);
#439=VECTOR('',#1609,10.);
#440=VECTOR('',#1610,10.);
#441=VECTOR('',#1611,10.);
#442=VECTOR('',#1612,10.);
#443=VECTOR('',#1613,10.);
#444=VECTOR('',#1614,10.);
#445=VECTOR('',#1615,10.);
#446=VECTOR('',#1616,10.);
#447=VECTOR('',#1619,10.);
#448=VECTOR('',#1620,10.);
#449=VECTOR('',#1621,10.);
#450=VECTOR('',#1624,10.);
#451=VECTOR('',#1625,10.);
#452=VECTOR('',#1628,10.);
#453=VECTOR('',#1629,10.);
#454=VECTOR('',#1630,10.);
#455=VECTOR('',#1631,10.);
#456=VECTOR('',#1634,10.);
#457=VECTOR('',#1635,10.);
#458=VECTOR('',#1636,10.);
#459=VECTOR('',#1637,10.);
#460=VECTOR('',#1638,10.);
#461=VECTOR('',#1639,10.);
#462=VECTOR('',#1640,10.);
#463=VECTOR('',#1643,10.);
#464=VECTOR('',#1644,10.);
#465=VECTOR('',#1645,10.);
#466=VECTOR('',#1648,10.);
#467=VECTOR('',#1649,10.);
#468=VECTOR('',#1650,10.);
#469=VECTOR('',#1653,10.);
#470=VECTOR('',#1654,10.);
#471=VECTOR('',#1655,10.);
#472=VECTOR('',#1656,10.);
#473=VECTOR('',#1657,10.);
#474=VECTOR('',#1658,10.);
#475=VECTOR('',#1659,10.);
#476=VECTOR('',#1660,10.);
#477=VECTOR('',#1661,10.);
#478=VECTOR('',#1662,10.);
#479=VECTOR('',#1665,10.);
#480=VECTOR('',#1666,10.);
#481=VECTOR('',#1667,10.);
#482=VECTOR('',#1670,10.);
#483=VECTOR('',#1671,10.);
#484=VECTOR('',#1672,10.);
#485=VECTOR('',#1675,10.);
#486=VECTOR('',#1676,10.);
#487=VECTOR('',#1681,10.);
#488=VECTOR('',#1682,10.);
#489=VECTOR('',#1683,10.);
#490=VECTOR('',#1684,10.);
#491=VECTOR('',#1687,10.);
#492=VECTOR('',#1688,10.);
#493=VECTOR('',#1689,10.);
#494=VECTOR('',#1692,10.);
#495=VECTOR('',#1693,10.);
#496=VECTOR('',#1694,10.);
#497=VECTOR('',#1697,10.);
#498=VECTOR('',#1698,10.);
#499=VECTOR('',#1699,10.);
#500=VECTOR('',#1702,10.);
#501=VECTOR('',#1703,10.);
#502=VECTOR('',#1704,10.);
#503=VECTOR('',#1707,10.);
#504=VECTOR('',#1708,10.);
#505=VECTOR('',#1713,10.);
#506=VECTOR('',#1714,10.);
#507=VECTOR('',#1715,10.);
#508=VECTOR('',#1716,10.);
#509=VECTOR('',#1719,10.);
#510=VECTOR('',#1720,10.);
#511=VECTOR('',#1721,10.);
#512=VECTOR('',#1724,10.);
#513=VECTOR('',#1725,10.);
#514=VECTOR('',#1726,10.);
#515=VECTOR('',#1729,10.);
#516=VECTOR('',#1730,10.);
#517=VECTOR('',#1731,10.);
#518=VECTOR('',#1734,10.);
#519=VECTOR('',#1735,10.);
#520=VECTOR('',#1736,10.);
#521=VECTOR('',#1739,10.);
#522=VECTOR('',#1740,10.);
#523=VECTOR('',#1741,10.);
#524=VECTOR('',#1744,10.);
#525=VECTOR('',#1745,10.);
#526=VECTOR('',#1746,10.);
#527=VECTOR('',#1749,10.);
#528=VECTOR('',#1750,10.);
#529=VECTOR('',#1751,10.);
#530=VECTOR('',#1754,10.);
#531=VECTOR('',#1755,10.);
#532=VECTOR('',#1756,10.);
#533=VECTOR('',#1759,10.);
#534=VECTOR('',#1760,10.);
#535=VECTOR('',#1761,10.);
#536=VECTOR('',#1764,10.);
#537=VECTOR('',#1765,10.);
#538=VECTOR('',#1766,10.);
#539=VECTOR('',#1769,10.);
#540=VECTOR('',#1770,10.);
#541=VECTOR('',#1779,10.);
#542=VECTOR('',#1784,10.);
#543=VECTOR('',#1787,10.);
#544=VECTOR('',#1788,10.);
#545=VECTOR('',#1793,62.5);
#546=VECTOR('',#1796,10.);
#547=VECTOR('',#1799,10.);
#548=VECTOR('',#1800,10.);
#549=VECTOR('',#1803,10.);
#550=VECTOR('',#1808,10.);
#551=VECTOR('',#1811,10.);
#552=VECTOR('',#1812,10.);
#553=VECTOR('',#1813,10.);
#554=VECTOR('',#1814,10.);
#555=VECTOR('',#1815,10.);
#556=VECTOR('',#1816,10.);
#557=VECTOR('',#1817,10.);
#558=VECTOR('',#1818,10.);
#559=VECTOR('',#1823,62.);
#560=VECTOR('',#1824,10.);
#561=VECTOR('',#1827,10.);
#562=VECTOR('',#1842,32.25);
#563=VECTOR('',#1845,10.);
#564=VECTOR('',#1846,10.);
#565=VECTOR('',#1847,10.);
#566=VECTOR('',#1848,10.);
#567=VECTOR('',#1851,10.);
#568=VECTOR('',#1852,10.);
#569=VECTOR('',#1853,10.);
#570=VECTOR('',#1856,10.);
#571=VECTOR('',#1857,10.);
#572=VECTOR('',#1858,10.);
#573=VECTOR('',#1865,10.);
#574=VECTOR('',#1868,10.);
#575=VECTOR('',#1871,10.);
#576=VECTOR('',#1874,10.);
#577=VECTOR('',#1877,10.);
#578=VECTOR('',#1878,10.);
#579=VECTOR('',#1879,10.);
#580=VECTOR('',#1880,10.);
#581=VECTOR('',#1881,10.);
#582=VECTOR('',#1884,10.);
#583=VECTOR('',#1885,10.);
#584=VECTOR('',#1886,10.);
#585=VECTOR('',#1893,10.);
#586=VECTOR('',#1896,10.);
#587=VECTOR('',#1897,10.);
#588=VECTOR('',#1900,10.);
#589=VECTOR('',#1901,10.);
#590=VECTOR('',#1904,10.);
#591=VECTOR('',#1909,1.50000000000001);
#592=VECTOR('',#1912,1.49999999999999);
#593=VECTOR('',#1921,5.);
#594=VECTOR('',#1926,32.25);
#595=VERTEX_POINT('',#1936);
#596=VERTEX_POINT('',#1937);
#597=VERTEX_POINT('',#1939);
#598=VERTEX_POINT('',#1941);
#599=VERTEX_POINT('',#1954);
#600=VERTEX_POINT('',#1960);
#601=VERTEX_POINT('',#1977);
#602=VERTEX_POINT('',#1983);
#603=VERTEX_POINT('',#2000);
#604=VERTEX_POINT('',#2006);
#605=VERTEX_POINT('',#2023);
#606=VERTEX_POINT('',#2029);
#607=VERTEX_POINT('',#2046);
#608=VERTEX_POINT('',#2052);
#609=VERTEX_POINT('',#2060);
#610=VERTEX_POINT('',#2062);
#611=VERTEX_POINT('',#2069);
#612=VERTEX_POINT('',#2070);
#613=VERTEX_POINT('',#2072);
#614=VERTEX_POINT('',#2074);
#615=VERTEX_POINT('',#2078);
#616=VERTEX_POINT('',#2080);
#617=VERTEX_POINT('',#2093);
#618=VERTEX_POINT('',#2099);
#619=VERTEX_POINT('',#2116);
#620=VERTEX_POINT('',#2122);
#621=VERTEX_POINT('',#2139);
#622=VERTEX_POINT('',#2145);
#623=VERTEX_POINT('',#2162);
#624=VERTEX_POINT('',#2168);
#625=VERTEX_POINT('',#2176);
#626=VERTEX_POINT('',#2178);
#627=VERTEX_POINT('',#2182);
#628=VERTEX_POINT('',#2184);
#629=VERTEX_POINT('',#2188);
#630=VERTEX_POINT('',#2190);
#631=VERTEX_POINT('',#2203);
#632=VERTEX_POINT('',#2209);
#633=VERTEX_POINT('',#2226);
#634=VERTEX_POINT('',#2232);
#635=VERTEX_POINT('',#2249);
#636=VERTEX_POINT('',#2255);
#637=VERTEX_POINT('',#2272);
#638=VERTEX_POINT('',#2278);
#639=VERTEX_POINT('',#2295);
#640=VERTEX_POINT('',#2301);
#641=VERTEX_POINT('',#2318);
#642=VERTEX_POINT('',#2324);
#643=VERTEX_POINT('',#2341);
#644=VERTEX_POINT('',#2347);
#645=VERTEX_POINT('',#2355);
#646=VERTEX_POINT('',#2357);
#647=VERTEX_POINT('',#2361);
#648=VERTEX_POINT('',#2363);
#649=VERTEX_POINT('',#2371);
#650=VERTEX_POINT('',#2372);
#651=VERTEX_POINT('',#2374);
#652=VERTEX_POINT('',#2376);
#653=VERTEX_POINT('',#2380);
#654=VERTEX_POINT('',#2382);
#655=VERTEX_POINT('',#2386);
#656=VERTEX_POINT('',#2388);
#657=VERTEX_POINT('',#2392);
#658=VERTEX_POINT('',#2394);
#659=VERTEX_POINT('',#2398);
#660=VERTEX_POINT('',#2400);
#661=VERTEX_POINT('',#2408);
#662=VERTEX_POINT('',#2409);
#663=VERTEX_POINT('',#2411);
#664=VERTEX_POINT('',#2413);
#665=VERTEX_POINT('',#2417);
#666=VERTEX_POINT('',#2419);
#667=VERTEX_POINT('',#2423);
#668=VERTEX_POINT('',#2425);
#669=VERTEX_POINT('',#2429);
#670=VERTEX_POINT('',#2431);
#671=VERTEX_POINT('',#2435);
#672=VERTEX_POINT('',#2437);
#673=VERTEX_POINT('',#2441);
#674=VERTEX_POINT('',#2443);
#675=VERTEX_POINT('',#2447);
#676=VERTEX_POINT('',#2449);
#677=VERTEX_POINT('',#2453);
#678=VERTEX_POINT('',#2455);
#679=VERTEX_POINT('',#2459);
#680=VERTEX_POINT('',#2461);
#681=VERTEX_POINT('',#2465);
#682=VERTEX_POINT('',#2467);
#683=VERTEX_POINT('',#2471);
#684=VERTEX_POINT('',#2473);
#685=VERTEX_POINT('',#2481);
#686=VERTEX_POINT('',#2482);
#687=VERTEX_POINT('',#2484);
#688=VERTEX_POINT('',#2486);
#689=VERTEX_POINT('',#2488);
#690=VERTEX_POINT('',#2490);
#691=VERTEX_POINT('',#2492);
#692=VERTEX_POINT('',#2494);
#693=VERTEX_POINT('',#2496);
#694=VERTEX_POINT('',#2499);
#695=VERTEX_POINT('',#2502);
#696=VERTEX_POINT('',#2504);
#697=VERTEX_POINT('',#2508);
#698=VERTEX_POINT('',#2510);
#699=VERTEX_POINT('',#2512);
#700=VERTEX_POINT('',#2514);
#701=VERTEX_POINT('',#2516);
#702=VERTEX_POINT('',#2518);
#703=VERTEX_POINT('',#2520);
#704=VERTEX_POINT('',#2523);
#705=VERTEX_POINT('',#2524);
#706=VERTEX_POINT('',#2526);
#707=VERTEX_POINT('',#2528);
#708=VERTEX_POINT('',#2530);
#709=VERTEX_POINT('',#2532);
#710=VERTEX_POINT('',#2534);
#711=VERTEX_POINT('',#2536);
#712=VERTEX_POINT('',#2539);
#713=VERTEX_POINT('',#2547);
#714=VERTEX_POINT('',#2548);
#715=VERTEX_POINT('',#2551);
#716=VERTEX_POINT('',#2553);
#717=VERTEX_POINT('',#2559);
#718=VERTEX_POINT('',#2560);
#719=VERTEX_POINT('',#2562);
#720=VERTEX_POINT('',#2564);
#721=VERTEX_POINT('',#2568);
#722=VERTEX_POINT('',#2569);
#723=VERTEX_POINT('',#2574);
#724=VERTEX_POINT('',#2575);
#725=VERTEX_POINT('',#2579);
#726=VERTEX_POINT('',#2581);
#727=VERTEX_POINT('',#2592);
#728=VERTEX_POINT('',#2594);
#729=VERTEX_POINT('',#2596);
#730=VERTEX_POINT('',#2598);
#731=VERTEX_POINT('',#2602);
#732=VERTEX_POINT('',#2604);
#733=VERTEX_POINT('',#2607);
#734=VERTEX_POINT('',#2609);
#735=VERTEX_POINT('',#2614);
#736=VERTEX_POINT('',#2618);
#737=VERTEX_POINT('',#2631);
#738=VERTEX_POINT('',#2635);
#739=EDGE_CURVE('',#595,#596,#281,.T.);
#740=EDGE_CURVE('',#595,#597,#282,.T.);
#741=EDGE_CURVE('',#597,#598,#283,.T.);
#742=EDGE_CURVE('',#596,#598,#284,.T.);
#743=EDGE_CURVE('',#599,#595,#66,.T.);
#744=EDGE_CURVE('',#599,#600,#285,.T.);
#745=EDGE_CURVE('',#600,#597,#67,.T.);
#746=EDGE_CURVE('',#601,#599,#68,.T.);
#747=EDGE_CURVE('',#601,#602,#286,.T.);
#748=EDGE_CURVE('',#602,#600,#69,.T.);
#749=EDGE_CURVE('',#603,#601,#70,.T.);
#750=EDGE_CURVE('',#603,#604,#287,.T.);
#751=EDGE_CURVE('',#604,#602,#71,.T.);
#752=EDGE_CURVE('',#605,#603,#72,.T.);
#753=EDGE_CURVE('',#605,#606,#288,.T.);
#754=EDGE_CURVE('',#606,#604,#73,.T.);
#755=EDGE_CURVE('',#607,#605,#74,.T.);
#756=EDGE_CURVE('',#607,#608,#289,.T.);
#757=EDGE_CURVE('',#608,#606,#75,.T.);
#758=EDGE_CURVE('',#609,#607,#290,.T.);
#759=EDGE_CURVE('',#609,#610,#291,.T.);
#760=EDGE_CURVE('',#610,#608,#292,.T.);
#761=EDGE_CURVE('',#596,#609,#293,.T.);
#762=EDGE_CURVE('',#598,#610,#294,.T.);
#763=EDGE_CURVE('',#611,#612,#295,.T.);
#764=EDGE_CURVE('',#611,#613,#296,.T.);
#765=EDGE_CURVE('',#613,#614,#297,.T.);
#766=EDGE_CURVE('',#612,#614,#298,.T.);
#767=EDGE_CURVE('',#615,#611,#299,.T.);
#768=EDGE_CURVE('',#615,#616,#300,.T.);
#769=EDGE_CURVE('',#616,#613,#301,.T.);
#770=EDGE_CURVE('',#617,#615,#76,.T.);
#771=EDGE_CURVE('',#617,#618,#302,.T.);
#772=EDGE_CURVE('',#618,#616,#77,.T.);
#773=EDGE_CURVE('',#619,#617,#78,.T.);
#774=EDGE_CURVE('',#619,#620,#303,.T.);
#775=EDGE_CURVE('',#620,#618,#79,.T.);
#776=EDGE_CURVE('',#621,#619,#80,.T.);
#777=EDGE_CURVE('',#621,#622,#304,.T.);
#778=EDGE_CURVE('',#622,#620,#81,.T.);
#779=EDGE_CURVE('',#623,#621,#82,.T.);
#780=EDGE_CURVE('',#623,#624,#305,.T.);
#781=EDGE_CURVE('',#624,#622,#83,.T.);
#782=EDGE_CURVE('',#625,#623,#306,.T.);
#783=EDGE_CURVE('',#625,#626,#307,.T.);
#784=EDGE_CURVE('',#626,#624,#308,.T.);
#785=EDGE_CURVE('',#627,#625,#309,.T.);
#786=EDGE_CURVE('',#627,#628,#310,.T.);
#787=EDGE_CURVE('',#628,#626,#311,.T.);
#788=EDGE_CURVE('',#629,#627,#312,.T.);
#789=EDGE_CURVE('',#629,#630,#313,.T.);
#790=EDGE_CURVE('',#630,#628,#314,.T.);
#791=EDGE_CURVE('',#631,#629,#84,.T.);
#792=EDGE_CURVE('',#631,#632,#315,.T.);
#793=EDGE_CURVE('',#632,#630,#85,.T.);
#794=EDGE_CURVE('',#633,#631,#86,.T.);
#795=EDGE_CURVE('',#633,#634,#316,.T.);
#796=EDGE_CURVE('',#634,#632,#87,.T.);
#797=EDGE_CURVE('',#635,#633,#88,.T.);
#798=EDGE_CURVE('',#635,#636,#317,.T.);
#799=EDGE_CURVE('',#636,#634,#89,.T.);
#800=EDGE_CURVE('',#637,#635,#90,.T.);
#801=EDGE_CURVE('',#637,#638,#318,.T.);
#802=EDGE_CURVE('',#638,#636,#91,.T.);
#803=EDGE_CURVE('',#639,#637,#92,.T.);
#804=EDGE_CURVE('',#639,#640,#319,.T.);
#805=EDGE_CURVE('',#640,#638,#93,.T.);
#806=EDGE_CURVE('',#641,#639,#94,.T.);
#807=EDGE_CURVE('',#641,#642,#320,.T.);
#808=EDGE_CURVE('',#642,#640,#95,.T.);
#809=EDGE_CURVE('',#643,#641,#96,.T.);
#810=EDGE_CURVE('',#643,#644,#321,.T.);
#811=EDGE_CURVE('',#644,#642,#97,.T.);
#812=EDGE_CURVE('',#645,#643,#322,.T.);
#813=EDGE_CURVE('',#645,#646,#323,.T.);
#814=EDGE_CURVE('',#646,#644,#324,.T.);
#815=EDGE_CURVE('',#647,#645,#325,.T.);
#816=EDGE_CURVE('',#647,#648,#326,.T.);
#817=EDGE_CURVE('',#648,#646,#327,.T.);
#818=EDGE_CURVE('',#612,#647,#328,.T.);
#819=EDGE_CURVE('',#614,#648,#329,.T.);
#820=EDGE_CURVE('',#649,#650,#330,.T.);
#821=EDGE_CURVE('',#649,#651,#331,.T.);
#822=EDGE_CURVE('',#651,#652,#332,.T.);
#823=EDGE_CURVE('',#650,#652,#333,.T.);
#824=EDGE_CURVE('',#653,#649,#334,.T.);
#825=EDGE_CURVE('',#653,#654,#335,.T.);
#826=EDGE_CURVE('',#654,#651,#336,.T.);
#827=EDGE_CURVE('',#655,#653,#337,.T.);
#828=EDGE_CURVE('',#655,#656,#338,.T.);
#829=EDGE_CURVE('',#656,#654,#339,.T.);
#830=EDGE_CURVE('',#657,#655,#340,.T.);
#831=EDGE_CURVE('',#657,#658,#341,.T.);
#832=EDGE_CURVE('',#658,#656,#342,.T.);
#833=EDGE_CURVE('',#659,#657,#343,.T.);
#834=EDGE_CURVE('',#659,#660,#344,.T.);
#835=EDGE_CURVE('',#660,#658,#345,.T.);
#836=EDGE_CURVE('',#650,#659,#346,.T.);
#837=EDGE_CURVE('',#652,#660,#347,.T.);
#838=EDGE_CURVE('',#661,#662,#348,.T.);
#839=EDGE_CURVE('',#661,#663,#349,.T.);
#840=EDGE_CURVE('',#663,#664,#350,.T.);
#841=EDGE_CURVE('',#662,#664,#351,.T.);
#842=EDGE_CURVE('',#665,#661,#352,.T.);
#843=EDGE_CURVE('',#665,#666,#353,.T.);
#844=EDGE_CURVE('',#666,#663,#354,.T.);
#845=EDGE_CURVE('',#667,#665,#355,.T.);
#846=EDGE_CURVE('',#667,#668,#356,.T.);
#847=EDGE_CURVE('',#668,#666,#357,.T.);
#848=EDGE_CURVE('',#669,#667,#358,.T.);
#849=EDGE_CURVE('',#669,#670,#359,.T.);
#850=EDGE_CURVE('',#670,#668,#360,.T.);
#851=EDGE_CURVE('',#671,#669,#361,.T.);
#852=EDGE_CURVE('',#671,#672,#362,.T.);
#853=EDGE_CURVE('',#672,#670,#363,.T.);
#854=EDGE_CURVE('',#673,#671,#364,.T.);
#855=EDGE_CURVE('',#673,#674,#365,.T.);
#856=EDGE_CURVE('',#674,#672,#366,.T.);
#857=EDGE_CURVE('',#675,#673,#367,.T.);
#858=EDGE_CURVE('',#675,#676,#368,.T.);
#859=EDGE_CURVE('',#676,#674,#369,.T.);
#860=EDGE_CURVE('',#677,#675,#370,.T.);
#861=EDGE_CURVE('',#677,#678,#371,.T.);
#862=EDGE_CURVE('',#678,#676,#372,.T.);
#863=EDGE_CURVE('',#679,#677,#373,.T.);
#864=EDGE_CURVE('',#679,#680,#374,.T.);
#865=EDGE_CURVE('',#680,#678,#375,.T.);
#866=EDGE_CURVE('',#681,#679,#376,.T.);
#867=EDGE_CURVE('',#681,#682,#377,.T.);
#868=EDGE_CURVE('',#682,#680,#378,.T.);
#869=EDGE_CURVE('',#683,#681,#379,.T.);
#870=EDGE_CURVE('',#683,#684,#380,.T.);
#871=EDGE_CURVE('',#684,#682,#381,.T.);
#872=EDGE_CURVE('',#662,#683,#382,.T.);
#873=EDGE_CURVE('',#664,#684,#383,.T.);
#874=EDGE_CURVE('',#685,#686,#30,.T.);
#875=EDGE_CURVE('',#685,#687,#31,.T.);
#876=EDGE_CURVE('',#687,#688,#384,.T.);
#877=EDGE_CURVE('',#688,#689,#32,.T.);
#878=EDGE_CURVE('',#690,#689,#33,.T.);
#879=EDGE_CURVE('',#690,#691,#385,.T.);
#880=EDGE_CURVE('',#691,#692,#34,.T.);
#881=EDGE_CURVE('',#692,#693,#386,.T.);
#882=EDGE_CURVE('',#693,#686,#387,.T.);
#883=EDGE_CURVE('',#694,#694,#35,.T.);
#884=EDGE_CURVE('',#686,#695,#388,.T.);
#885=EDGE_CURVE('',#695,#696,#36,.T.);
#886=EDGE_CURVE('',#685,#696,#389,.T.);
#887=EDGE_CURVE('',#697,#695,#390,.T.);
#888=EDGE_CURVE('',#697,#698,#391,.T.);
#889=EDGE_CURVE('',#698,#699,#37,.T.);
#890=EDGE_CURVE('',#699,#700,#392,.T.);
#891=EDGE_CURVE('',#701,#700,#38,.T.);
#892=EDGE_CURVE('',#701,#702,#39,.T.);
#893=EDGE_CURVE('',#702,#703,#393,.T.);
#894=EDGE_CURVE('',#703,#696,#40,.T.);
#895=EDGE_CURVE('',#704,#705,#394,.T.);
#896=EDGE_CURVE('',#705,#706,#395,.T.);
#897=EDGE_CURVE('',#706,#707,#396,.T.);
#898=EDGE_CURVE('',#707,#708,#397,.T.);
#899=EDGE_CURVE('',#708,#709,#398,.T.);
#900=EDGE_CURVE('',#709,#710,#399,.T.);
#901=EDGE_CURVE('',#710,#711,#400,.T.);
#902=EDGE_CURVE('',#711,#704,#401,.T.);
#903=EDGE_CURVE('',#712,#712,#41,.T.);
#904=EDGE_CURVE('',#700,#690,#402,.T.);
#905=EDGE_CURVE('',#701,#689,#403,.T.);
#906=EDGE_CURVE('',#691,#699,#404,.T.);
#907=EDGE_CURVE('',#713,#714,#42,.T.);
#908=EDGE_CURVE('',#714,#713,#43,.T.);
#909=EDGE_CURVE('',#714,#715,#44,.T.);
#910=EDGE_CURVE('',#716,#715,#45,.T.);
#911=EDGE_CURVE('',#715,#716,#46,.T.);
#912=EDGE_CURVE('',#716,#712,#405,.T.);
#913=EDGE_CURVE('',#717,#718,#406,.T.);
#914=EDGE_CURVE('',#718,#719,#407,.T.);
#915=EDGE_CURVE('',#720,#719,#408,.T.);
#916=EDGE_CURVE('',#717,#720,#409,.T.);
#917=EDGE_CURVE('',#721,#722,#410,.T.);
#918=EDGE_CURVE('',#721,#718,#411,.T.);
#919=EDGE_CURVE('',#722,#717,#412,.T.);
#920=EDGE_CURVE('',#723,#724,#413,.T.);
#921=EDGE_CURVE('',#724,#721,#414,.T.);
#922=EDGE_CURVE('',#723,#722,#415,.T.);
#923=EDGE_CURVE('',#725,#725,#47,.T.);
#924=EDGE_CURVE('',#726,#726,#48,.T.);
#925=EDGE_CURVE('',#693,#697,#416,.T.);
#926=EDGE_CURVE('',#687,#703,#417,.T.);
#927=EDGE_CURVE('',#698,#692,#418,.T.);
#928=EDGE_CURVE('',#688,#702,#419,.T.);
#929=EDGE_CURVE('',#727,#724,#420,.T.);
#930=EDGE_CURVE('',#728,#727,#421,.T.);
#931=EDGE_CURVE('',#729,#728,#422,.T.);
#932=EDGE_CURVE('',#730,#729,#423,.T.);
#933=EDGE_CURVE('',#719,#730,#424,.T.);
#934=EDGE_CURVE('',#731,#728,#425,.T.);
#935=EDGE_CURVE('',#732,#727,#426,.T.);
#936=EDGE_CURVE('',#731,#732,#427,.T.);
#937=EDGE_CURVE('',#733,#733,#49,.T.);
#938=EDGE_CURVE('',#734,#734,#50,.T.);
#939=EDGE_CURVE('',#732,#723,#428,.T.);
#940=EDGE_CURVE('',#735,#730,#429,.T.);
#941=EDGE_CURVE('',#720,#735,#430,.T.);
#942=EDGE_CURVE('',#736,#729,#431,.T.);
#943=EDGE_CURVE('',#735,#736,#432,.T.);
#944=EDGE_CURVE('',#736,#731,#433,.T.);
#945=EDGE_CURVE('',#726,#734,#434,.T.);
#946=EDGE_CURVE('',#725,#733,#435,.T.);
#947=EDGE_CURVE('',#737,#737,#51,.T.);
#948=EDGE_CURVE('',#737,#694,#436,.T.);
#949=EDGE_CURVE('',#738,#738,#52,.T.);
#950=EDGE_CURVE('',#738,#713,#437,.T.);
#951=ORIENTED_EDGE('',*,*,#739,.F.);
#952=ORIENTED_EDGE('',*,*,#740,.T.);
#953=ORIENTED_EDGE('',*,*,#741,.T.);
#954=ORIENTED_EDGE('',*,*,#742,.F.);
#955=ORIENTED_EDGE('',*,*,#743,.F.);
#956=ORIENTED_EDGE('',*,*,#744,.T.);
#957=ORIENTED_EDGE('',*,*,#745,.T.);
#958=ORIENTED_EDGE('',*,*,#740,.F.);
#959=ORIENTED_EDGE('',*,*,#746,.F.);
#960=ORIENTED_EDGE('',*,*,#747,.T.);
#961=ORIENTED_EDGE('',*,*,#748,.T.);
#962=ORIENTED_EDGE('',*,*,#744,.F.);
#963=ORIENTED_EDGE('',*,*,#749,.F.);
#964=ORIENTED_EDGE('',*,*,#750,.T.);
#965=ORIENTED_EDGE('',*,*,#751,.T.);
#966=ORIENTED_EDGE('',*,*,#747,.F.);
#967=ORIENTED_EDGE('',*,*,#752,.F.);
#968=ORIENTED_EDGE('',*,*,#753,.T.);
#969=ORIENTED_EDGE('',*,*,#754,.T.);
#970=ORIENTED_EDGE('',*,*,#750,.F.);
#971=ORIENTED_EDGE('',*,*,#755,.F.);
#972=ORIENTED_EDGE('',*,*,#756,.T.);
#973=ORIENTED_EDGE('',*,*,#757,.T.);
#974=ORIENTED_EDGE('',*,*,#753,.F.);
#975=ORIENTED_EDGE('',*,*,#758,.F.);
#976=ORIENTED_EDGE('',*,*,#759,.T.);
#977=ORIENTED_EDGE('',*,*,#760,.T.);
#978=ORIENTED_EDGE('',*,*,#756,.F.);
#979=ORIENTED_EDGE('',*,*,#761,.F.);
#980=ORIENTED_EDGE('',*,*,#742,.T.);
#981=ORIENTED_EDGE('',*,*,#762,.T.);
#982=ORIENTED_EDGE('',*,*,#759,.F.);
#983=ORIENTED_EDGE('',*,*,#763,.F.);
#984=ORIENTED_EDGE('',*,*,#764,.T.);
#985=ORIENTED_EDGE('',*,*,#765,.T.);
#986=ORIENTED_EDGE('',*,*,#766,.F.);
#987=ORIENTED_EDGE('',*,*,#767,.F.);
#988=ORIENTED_EDGE('',*,*,#768,.T.);
#989=ORIENTED_EDGE('',*,*,#769,.T.);
#990=ORIENTED_EDGE('',*,*,#764,.F.);
#991=ORIENTED_EDGE('',*,*,#770,.F.);
#992=ORIENTED_EDGE('',*,*,#771,.T.);
#993=ORIENTED_EDGE('',*,*,#772,.T.);
#994=ORIENTED_EDGE('',*,*,#768,.F.);
#995=ORIENTED_EDGE('',*,*,#773,.F.);
#996=ORIENTED_EDGE('',*,*,#774,.T.);
#997=ORIENTED_EDGE('',*,*,#775,.T.);
#998=ORIENTED_EDGE('',*,*,#771,.F.);
#999=ORIENTED_EDGE('',*,*,#776,.F.);
#1000=ORIENTED_EDGE('',*,*,#777,.T.);
#1001=ORIENTED_EDGE('',*,*,#778,.T.);
#1002=ORIENTED_EDGE('',*,*,#774,.F.);
#1003=ORIENTED_EDGE('',*,*,#779,.F.);
#1004=ORIENTED_EDGE('',*,*,#780,.T.);
#1005=ORIENTED_EDGE('',*,*,#781,.T.);
#1006=ORIENTED_EDGE('',*,*,#777,.F.);
#1007=ORIENTED_EDGE('',*,*,#782,.F.);
#1008=ORIENTED_EDGE('',*,*,#783,.T.);
#1009=ORIENTED_EDGE('',*,*,#784,.T.);
#1010=ORIENTED_EDGE('',*,*,#780,.F.);
#1011=ORIENTED_EDGE('',*,*,#785,.F.);
#1012=ORIENTED_EDGE('',*,*,#786,.T.);
#1013=ORIENTED_EDGE('',*,*,#787,.T.);
#1014=ORIENTED_EDGE('',*,*,#783,.F.);
#1015=ORIENTED_EDGE('',*,*,#788,.F.);
#1016=ORIENTED_EDGE('',*,*,#789,.T.);
#1017=ORIENTED_EDGE('',*,*,#790,.T.);
#1018=ORIENTED_EDGE('',*,*,#786,.F.);
#1019=ORIENTED_EDGE('',*,*,#791,.F.);
#1020=ORIENTED_EDGE('',*,*,#792,.T.);
#1021=ORIENTED_EDGE('',*,*,#793,.T.);
#1022=ORIENTED_EDGE('',*,*,#789,.F.);
#1023=ORIENTED_EDGE('',*,*,#794,.F.);
#1024=ORIENTED_EDGE('',*,*,#795,.T.);
#1025=ORIENTED_EDGE('',*,*,#796,.T.);
#1026=ORIENTED_EDGE('',*,*,#792,.F.);
#1027=ORIENTED_EDGE('',*,*,#797,.F.);
#1028=ORIENTED_EDGE('',*,*,#798,.T.);
#1029=ORIENTED_EDGE('',*,*,#799,.T.);
#1030=ORIENTED_EDGE('',*,*,#795,.F.);
#1031=ORIENTED_EDGE('',*,*,#800,.F.);
#1032=ORIENTED_EDGE('',*,*,#801,.T.);
#1033=ORIENTED_EDGE('',*,*,#802,.T.);
#1034=ORIENTED_EDGE('',*,*,#798,.F.);
#1035=ORIENTED_EDGE('',*,*,#803,.F.);
#1036=ORIENTED_EDGE('',*,*,#804,.T.);
#1037=ORIENTED_EDGE('',*,*,#805,.T.);
#1038=ORIENTED_EDGE('',*,*,#801,.F.);
#1039=ORIENTED_EDGE('',*,*,#806,.F.);
#1040=ORIENTED_EDGE('',*,*,#807,.T.);
#1041=ORIENTED_EDGE('',*,*,#808,.T.);
#1042=ORIENTED_EDGE('',*,*,#804,.F.);
#1043=ORIENTED_EDGE('',*,*,#809,.F.);
#1044=ORIENTED_EDGE('',*,*,#810,.T.);
#1045=ORIENTED_EDGE('',*,*,#811,.T.);
#1046=ORIENTED_EDGE('',*,*,#807,.F.);
#1047=ORIENTED_EDGE('',*,*,#812,.F.);
#1048=ORIENTED_EDGE('',*,*,#813,.T.);
#1049=ORIENTED_EDGE('',*,*,#814,.T.);
#1050=ORIENTED_EDGE('',*,*,#810,.F.);
#1051=ORIENTED_EDGE('',*,*,#815,.F.);
#1052=ORIENTED_EDGE('',*,*,#816,.T.);
#1053=ORIENTED_EDGE('',*,*,#817,.T.);
#1054=ORIENTED_EDGE('',*,*,#813,.F.);
#1055=ORIENTED_EDGE('',*,*,#818,.F.);
#1056=ORIENTED_EDGE('',*,*,#766,.T.);
#1057=ORIENTED_EDGE('',*,*,#819,.T.);
#1058=ORIENTED_EDGE('',*,*,#816,.F.);
#1059=ORIENTED_EDGE('',*,*,#819,.F.);
#1060=ORIENTED_EDGE('',*,*,#765,.F.);
#1061=ORIENTED_EDGE('',*,*,#769,.F.);
#1062=ORIENTED_EDGE('',*,*,#772,.F.);
#1063=ORIENTED_EDGE('',*,*,#775,.F.);
#1064=ORIENTED_EDGE('',*,*,#778,.F.);
#1065=ORIENTED_EDGE('',*,*,#781,.F.);
#1066=ORIENTED_EDGE('',*,*,#784,.F.);
#1067=ORIENTED_EDGE('',*,*,#787,.F.);
#1068=ORIENTED_EDGE('',*,*,#790,.F.);
#1069=ORIENTED_EDGE('',*,*,#793,.F.);
#1070=ORIENTED_EDGE('',*,*,#796,.F.);
#1071=ORIENTED_EDGE('',*,*,#799,.F.);
#1072=ORIENTED_EDGE('',*,*,#802,.F.);
#1073=ORIENTED_EDGE('',*,*,#805,.F.);
#1074=ORIENTED_EDGE('',*,*,#808,.F.);
#1075=ORIENTED_EDGE('',*,*,#811,.F.);
#1076=ORIENTED_EDGE('',*,*,#814,.F.);
#1077=ORIENTED_EDGE('',*,*,#817,.F.);
#1078=ORIENTED_EDGE('',*,*,#762,.F.);
#1079=ORIENTED_EDGE('',*,*,#741,.F.);
#1080=ORIENTED_EDGE('',*,*,#745,.F.);
#1081=ORIENTED_EDGE('',*,*,#748,.F.);
#1082=ORIENTED_EDGE('',*,*,#751,.F.);
#1083=ORIENTED_EDGE('',*,*,#754,.F.);
#1084=ORIENTED_EDGE('',*,*,#757,.F.);
#1085=ORIENTED_EDGE('',*,*,#760,.F.);
#1086=ORIENTED_EDGE('',*,*,#820,.F.);
#1087=ORIENTED_EDGE('',*,*,#821,.T.);
#1088=ORIENTED_EDGE('',*,*,#822,.T.);
#1089=ORIENTED_EDGE('',*,*,#823,.F.);
#1090=ORIENTED_EDGE('',*,*,#824,.F.);
#1091=ORIENTED_EDGE('',*,*,#825,.T.);
#1092=ORIENTED_EDGE('',*,*,#826,.T.);
#1093=ORIENTED_EDGE('',*,*,#821,.F.);
#1094=ORIENTED_EDGE('',*,*,#827,.F.);
#1095=ORIENTED_EDGE('',*,*,#828,.T.);
#1096=ORIENTED_EDGE('',*,*,#829,.T.);
#1097=ORIENTED_EDGE('',*,*,#825,.F.);
#1098=ORIENTED_EDGE('',*,*,#830,.F.);
#1099=ORIENTED_EDGE('',*,*,#831,.T.);
#1100=ORIENTED_EDGE('',*,*,#832,.T.);
#1101=ORIENTED_EDGE('',*,*,#828,.F.);
#1102=ORIENTED_EDGE('',*,*,#833,.F.);
#1103=ORIENTED_EDGE('',*,*,#834,.T.);
#1104=ORIENTED_EDGE('',*,*,#835,.T.);
#1105=ORIENTED_EDGE('',*,*,#831,.F.);
#1106=ORIENTED_EDGE('',*,*,#836,.F.);
#1107=ORIENTED_EDGE('',*,*,#823,.T.);
#1108=ORIENTED_EDGE('',*,*,#837,.T.);
#1109=ORIENTED_EDGE('',*,*,#834,.F.);
#1110=ORIENTED_EDGE('',*,*,#837,.F.);
#1111=ORIENTED_EDGE('',*,*,#822,.F.);
#1112=ORIENTED_EDGE('',*,*,#826,.F.);
#1113=ORIENTED_EDGE('',*,*,#829,.F.);
#1114=ORIENTED_EDGE('',*,*,#832,.F.);
#1115=ORIENTED_EDGE('',*,*,#835,.F.);
#1116=ORIENTED_EDGE('',*,*,#838,.F.);
#1117=ORIENTED_EDGE('',*,*,#839,.T.);
#1118=ORIENTED_EDGE('',*,*,#840,.T.);
#1119=ORIENTED_EDGE('',*,*,#841,.F.);
#1120=ORIENTED_EDGE('',*,*,#842,.F.);
#1121=ORIENTED_EDGE('',*,*,#843,.T.);
#1122=ORIENTED_EDGE('',*,*,#844,.T.);
#1123=ORIENTED_EDGE('',*,*,#839,.F.);
#1124=ORIENTED_EDGE('',*,*,#845,.F.);
#1125=ORIENTED_EDGE('',*,*,#846,.T.);
#1126=ORIENTED_EDGE('',*,*,#847,.T.);
#1127=ORIENTED_EDGE('',*,*,#843,.F.);
#1128=ORIENTED_EDGE('',*,*,#848,.F.);
#1129=ORIENTED_EDGE('',*,*,#849,.T.);
#1130=ORIENTED_EDGE('',*,*,#850,.T.);
#1131=ORIENTED_EDGE('',*,*,#846,.F.);
#1132=ORIENTED_EDGE('',*,*,#851,.F.);
#1133=ORIENTED_EDGE('',*,*,#852,.T.);
#1134=ORIENTED_EDGE('',*,*,#853,.T.);
#1135=ORIENTED_EDGE('',*,*,#849,.F.);
#1136=ORIENTED_EDGE('',*,*,#854,.F.);
#1137=ORIENTED_EDGE('',*,*,#855,.T.);
#1138=ORIENTED_EDGE('',*,*,#856,.T.);
#1139=ORIENTED_EDGE('',*,*,#852,.F.);
#1140=ORIENTED_EDGE('',*,*,#857,.F.);
#1141=ORIENTED_EDGE('',*,*,#858,.T.);
#1142=ORIENTED_EDGE('',*,*,#859,.T.);
#1143=ORIENTED_EDGE('',*,*,#855,.F.);
#1144=ORIENTED_EDGE('',*,*,#860,.F.);
#1145=ORIENTED_EDGE('',*,*,#861,.T.);
#1146=ORIENTED_EDGE('',*,*,#862,.T.);
#1147=ORIENTED_EDGE('',*,*,#858,.F.);
#1148=ORIENTED_EDGE('',*,*,#863,.F.);
#1149=ORIENTED_EDGE('',*,*,#864,.T.);
#1150=ORIENTED_EDGE('',*,*,#865,.T.);
#1151=ORIENTED_EDGE('',*,*,#861,.F.);
#1152=ORIENTED_EDGE('',*,*,#866,.F.);
#1153=ORIENTED_EDGE('',*,*,#867,.T.);
#1154=ORIENTED_EDGE('',*,*,#868,.T.);
#1155=ORIENTED_EDGE('',*,*,#864,.F.);
#1156=ORIENTED_EDGE('',*,*,#869,.F.);
#1157=ORIENTED_EDGE('',*,*,#870,.T.);
#1158=ORIENTED_EDGE('',*,*,#871,.T.);
#1159=ORIENTED_EDGE('',*,*,#867,.F.);
#1160=ORIENTED_EDGE('',*,*,#872,.F.);
#1161=ORIENTED_EDGE('',*,*,#841,.T.);
#1162=ORIENTED_EDGE('',*,*,#873,.T.);
#1163=ORIENTED_EDGE('',*,*,#870,.F.);
#1164=ORIENTED_EDGE('',*,*,#873,.F.);
#1165=ORIENTED_EDGE('',*,*,#840,.F.);
#1166=ORIENTED_EDGE('',*,*,#844,.F.);
#1167=ORIENTED_EDGE('',*,*,#847,.F.);
#1168=ORIENTED_EDGE('',*,*,#850,.F.);
#1169=ORIENTED_EDGE('',*,*,#853,.F.);
#1170=ORIENTED_EDGE('',*,*,#856,.F.);
#1171=ORIENTED_EDGE('',*,*,#859,.F.);
#1172=ORIENTED_EDGE('',*,*,#862,.F.);
#1173=ORIENTED_EDGE('',*,*,#865,.F.);
#1174=ORIENTED_EDGE('',*,*,#868,.F.);
#1175=ORIENTED_EDGE('',*,*,#871,.F.);
#1176=ORIENTED_EDGE('',*,*,#874,.F.);
#1177=ORIENTED_EDGE('',*,*,#875,.T.);
#1178=ORIENTED_EDGE('',*,*,#876,.T.);
#1179=ORIENTED_EDGE('',*,*,#877,.T.);
#1180=ORIENTED_EDGE('',*,*,#878,.F.);
#1181=ORIENTED_EDGE('',*,*,#879,.T.);
#1182=ORIENTED_EDGE('',*,*,#880,.T.);
#1183=ORIENTED_EDGE('',*,*,#881,.T.);
#1184=ORIENTED_EDGE('',*,*,#882,.T.);
#1185=ORIENTED_EDGE('',*,*,#883,.T.);
#1186=ORIENTED_EDGE('',*,*,#838,.T.);
#1187=ORIENTED_EDGE('',*,*,#872,.T.);
#1188=ORIENTED_EDGE('',*,*,#869,.T.);
#1189=ORIENTED_EDGE('',*,*,#866,.T.);
#1190=ORIENTED_EDGE('',*,*,#863,.T.);
#1191=ORIENTED_EDGE('',*,*,#860,.T.);
#1192=ORIENTED_EDGE('',*,*,#857,.T.);
#1193=ORIENTED_EDGE('',*,*,#854,.T.);
#1194=ORIENTED_EDGE('',*,*,#851,.T.);
#1195=ORIENTED_EDGE('',*,*,#848,.T.);
#1196=ORIENTED_EDGE('',*,*,#845,.T.);
#1197=ORIENTED_EDGE('',*,*,#842,.T.);
#1198=ORIENTED_EDGE('',*,*,#820,.T.);
#1199=ORIENTED_EDGE('',*,*,#836,.T.);
#1200=ORIENTED_EDGE('',*,*,#833,.T.);
#1201=ORIENTED_EDGE('',*,*,#830,.T.);
#1202=ORIENTED_EDGE('',*,*,#827,.T.);
#1203=ORIENTED_EDGE('',*,*,#824,.T.);
#1204=ORIENTED_EDGE('',*,*,#763,.T.);
#1205=ORIENTED_EDGE('',*,*,#818,.T.);
#1206=ORIENTED_EDGE('',*,*,#815,.T.);
#1207=ORIENTED_EDGE('',*,*,#812,.T.);
#1208=ORIENTED_EDGE('',*,*,#809,.T.);
#1209=ORIENTED_EDGE('',*,*,#806,.T.);
#1210=ORIENTED_EDGE('',*,*,#803,.T.);
#1211=ORIENTED_EDGE('',*,*,#800,.T.);
#1212=ORIENTED_EDGE('',*,*,#797,.T.);
#1213=ORIENTED_EDGE('',*,*,#794,.T.);
#1214=ORIENTED_EDGE('',*,*,#791,.T.);
#1215=ORIENTED_EDGE('',*,*,#788,.T.);
#1216=ORIENTED_EDGE('',*,*,#785,.T.);
#1217=ORIENTED_EDGE('',*,*,#782,.T.);
#1218=ORIENTED_EDGE('',*,*,#779,.T.);
#1219=ORIENTED_EDGE('',*,*,#776,.T.);
#1220=ORIENTED_EDGE('',*,*,#773,.T.);
#1221=ORIENTED_EDGE('',*,*,#770,.T.);
#1222=ORIENTED_EDGE('',*,*,#767,.T.);
#1223=ORIENTED_EDGE('',*,*,#874,.T.);
#1224=ORIENTED_EDGE('',*,*,#884,.T.);
#1225=ORIENTED_EDGE('',*,*,#885,.T.);
#1226=ORIENTED_EDGE('',*,*,#886,.F.);
#1227=ORIENTED_EDGE('',*,*,#885,.F.);
#1228=ORIENTED_EDGE('',*,*,#887,.F.);
#1229=ORIENTED_EDGE('',*,*,#888,.T.);
#1230=ORIENTED_EDGE('',*,*,#889,.T.);
#1231=ORIENTED_EDGE('',*,*,#890,.T.);
#1232=ORIENTED_EDGE('',*,*,#891,.F.);
#1233=ORIENTED_EDGE('',*,*,#892,.T.);
#1234=ORIENTED_EDGE('',*,*,#893,.T.);
#1235=ORIENTED_EDGE('',*,*,#894,.T.);
#1236=ORIENTED_EDGE('',*,*,#895,.T.);
#1237=ORIENTED_EDGE('',*,*,#896,.T.);
#1238=ORIENTED_EDGE('',*,*,#897,.T.);
#1239=ORIENTED_EDGE('',*,*,#898,.T.);
#1240=ORIENTED_EDGE('',*,*,#899,.T.);
#1241=ORIENTED_EDGE('',*,*,#900,.T.);
#1242=ORIENTED_EDGE('',*,*,#901,.T.);
#1243=ORIENTED_EDGE('',*,*,#902,.T.);
#1244=ORIENTED_EDGE('',*,*,#903,.F.);
#1245=ORIENTED_EDGE('',*,*,#891,.T.);
#1246=ORIENTED_EDGE('',*,*,#904,.T.);
#1247=ORIENTED_EDGE('',*,*,#878,.T.);
#1248=ORIENTED_EDGE('',*,*,#905,.F.);
#1249=ORIENTED_EDGE('',*,*,#904,.F.);
#1250=ORIENTED_EDGE('',*,*,#890,.F.);
#1251=ORIENTED_EDGE('',*,*,#906,.F.);
#1252=ORIENTED_EDGE('',*,*,#879,.F.);
#1253=ORIENTED_EDGE('',*,*,#907,.F.);
#1254=ORIENTED_EDGE('',*,*,#908,.F.);
#1255=ORIENTED_EDGE('',*,*,#909,.T.);
#1256=ORIENTED_EDGE('',*,*,#910,.F.);
#1257=ORIENTED_EDGE('',*,*,#911,.F.);
#1258=ORIENTED_EDGE('',*,*,#909,.F.);
#1259=ORIENTED_EDGE('',*,*,#910,.T.);
#1260=ORIENTED_EDGE('',*,*,#911,.T.);
#1261=ORIENTED_EDGE('',*,*,#912,.T.);
#1262=ORIENTED_EDGE('',*,*,#903,.T.);
#1263=ORIENTED_EDGE('',*,*,#912,.F.);
#1264=ORIENTED_EDGE('',*,*,#913,.T.);
#1265=ORIENTED_EDGE('',*,*,#914,.T.);
#1266=ORIENTED_EDGE('',*,*,#915,.F.);
#1267=ORIENTED_EDGE('',*,*,#916,.F.);
#1268=ORIENTED_EDGE('',*,*,#917,.F.);
#1269=ORIENTED_EDGE('',*,*,#918,.T.);
#1270=ORIENTED_EDGE('',*,*,#913,.F.);
#1271=ORIENTED_EDGE('',*,*,#919,.F.);
#1272=ORIENTED_EDGE('',*,*,#920,.T.);
#1273=ORIENTED_EDGE('',*,*,#921,.T.);
#1274=ORIENTED_EDGE('',*,*,#917,.T.);
#1275=ORIENTED_EDGE('',*,*,#922,.F.);
#1276=ORIENTED_EDGE('',*,*,#923,.T.);
#1277=ORIENTED_EDGE('',*,*,#924,.T.);
#1278=ORIENTED_EDGE('',*,*,#884,.F.);
#1279=ORIENTED_EDGE('',*,*,#882,.F.);
#1280=ORIENTED_EDGE('',*,*,#925,.T.);
#1281=ORIENTED_EDGE('',*,*,#887,.T.);
#1282=ORIENTED_EDGE('',*,*,#926,.F.);
#1283=ORIENTED_EDGE('',*,*,#875,.F.);
#1284=ORIENTED_EDGE('',*,*,#886,.T.);
#1285=ORIENTED_EDGE('',*,*,#894,.F.);
#1286=ORIENTED_EDGE('',*,*,#925,.F.);
#1287=ORIENTED_EDGE('',*,*,#881,.F.);
#1288=ORIENTED_EDGE('',*,*,#927,.F.);
#1289=ORIENTED_EDGE('',*,*,#888,.F.);
#1290=ORIENTED_EDGE('',*,*,#928,.T.);
#1291=ORIENTED_EDGE('',*,*,#892,.F.);
#1292=ORIENTED_EDGE('',*,*,#905,.T.);
#1293=ORIENTED_EDGE('',*,*,#877,.F.);
#1294=ORIENTED_EDGE('',*,*,#895,.F.);
#1295=ORIENTED_EDGE('',*,*,#902,.F.);
#1296=ORIENTED_EDGE('',*,*,#901,.F.);
#1297=ORIENTED_EDGE('',*,*,#900,.F.);
#1298=ORIENTED_EDGE('',*,*,#899,.F.);
#1299=ORIENTED_EDGE('',*,*,#898,.F.);
#1300=ORIENTED_EDGE('',*,*,#897,.F.);
#1301=ORIENTED_EDGE('',*,*,#896,.F.);
#1302=ORIENTED_EDGE('',*,*,#929,.F.);
#1303=ORIENTED_EDGE('',*,*,#930,.F.);
#1304=ORIENTED_EDGE('',*,*,#931,.F.);
#1305=ORIENTED_EDGE('',*,*,#932,.F.);
#1306=ORIENTED_EDGE('',*,*,#933,.F.);
#1307=ORIENTED_EDGE('',*,*,#914,.F.);
#1308=ORIENTED_EDGE('',*,*,#918,.F.);
#1309=ORIENTED_EDGE('',*,*,#921,.F.);
#1310=ORIENTED_EDGE('',*,*,#934,.T.);
#1311=ORIENTED_EDGE('',*,*,#930,.T.);
#1312=ORIENTED_EDGE('',*,*,#935,.F.);
#1313=ORIENTED_EDGE('',*,*,#936,.F.);
#1314=ORIENTED_EDGE('',*,*,#937,.T.);
#1315=ORIENTED_EDGE('',*,*,#938,.T.);
#1316=ORIENTED_EDGE('',*,*,#939,.F.);
#1317=ORIENTED_EDGE('',*,*,#935,.T.);
#1318=ORIENTED_EDGE('',*,*,#929,.T.);
#1319=ORIENTED_EDGE('',*,*,#920,.F.);
#1320=ORIENTED_EDGE('',*,*,#933,.T.);
#1321=ORIENTED_EDGE('',*,*,#940,.F.);
#1322=ORIENTED_EDGE('',*,*,#941,.F.);
#1323=ORIENTED_EDGE('',*,*,#915,.T.);
#1324=ORIENTED_EDGE('',*,*,#940,.T.);
#1325=ORIENTED_EDGE('',*,*,#932,.T.);
#1326=ORIENTED_EDGE('',*,*,#942,.F.);
#1327=ORIENTED_EDGE('',*,*,#943,.F.);
#1328=ORIENTED_EDGE('',*,*,#942,.T.);
#1329=ORIENTED_EDGE('',*,*,#931,.T.);
#1330=ORIENTED_EDGE('',*,*,#934,.F.);
#1331=ORIENTED_EDGE('',*,*,#944,.F.);
#1332=ORIENTED_EDGE('',*,*,#941,.T.);
#1333=ORIENTED_EDGE('',*,*,#943,.T.);
#1334=ORIENTED_EDGE('',*,*,#944,.T.);
#1335=ORIENTED_EDGE('',*,*,#936,.T.);
#1336=ORIENTED_EDGE('',*,*,#939,.T.);
#1337=ORIENTED_EDGE('',*,*,#922,.T.);
#1338=ORIENTED_EDGE('',*,*,#919,.T.);
#1339=ORIENTED_EDGE('',*,*,#916,.T.);
#1340=ORIENTED_EDGE('',*,*,#924,.F.);
#1341=ORIENTED_EDGE('',*,*,#945,.T.);
#1342=ORIENTED_EDGE('',*,*,#938,.F.);
#1343=ORIENTED_EDGE('',*,*,#945,.F.);
#1344=ORIENTED_EDGE('',*,*,#923,.F.);
#1345=ORIENTED_EDGE('',*,*,#946,.T.);
#1346=ORIENTED_EDGE('',*,*,#937,.F.);
#1347=ORIENTED_EDGE('',*,*,#946,.F.);
#1348=ORIENTED_EDGE('',*,*,#880,.F.);
#1349=ORIENTED_EDGE('',*,*,#906,.T.);
#1350=ORIENTED_EDGE('',*,*,#889,.F.);
#1351=ORIENTED_EDGE('',*,*,#927,.T.);
#1352=ORIENTED_EDGE('',*,*,#739,.T.);
#1353=ORIENTED_EDGE('',*,*,#761,.T.);
#1354=ORIENTED_EDGE('',*,*,#758,.T.);
#1355=ORIENTED_EDGE('',*,*,#755,.T.);
#1356=ORIENTED_EDGE('',*,*,#752,.T.);
#1357=ORIENTED_EDGE('',*,*,#749,.T.);
#1358=ORIENTED_EDGE('',*,*,#746,.T.);
#1359=ORIENTED_EDGE('',*,*,#743,.T.);
#1360=ORIENTED_EDGE('',*,*,#947,.F.);
#1361=ORIENTED_EDGE('',*,*,#948,.T.);
#1362=ORIENTED_EDGE('',*,*,#883,.F.);
#1363=ORIENTED_EDGE('',*,*,#948,.F.);
#1364=ORIENTED_EDGE('',*,*,#949,.F.);
#1365=ORIENTED_EDGE('',*,*,#950,.T.);
#1366=ORIENTED_EDGE('',*,*,#907,.T.);
#1367=ORIENTED_EDGE('',*,*,#908,.T.);
#1368=ORIENTED_EDGE('',*,*,#950,.F.);
#1369=ORIENTED_EDGE('',*,*,#949,.T.);
#1370=ORIENTED_EDGE('',*,*,#947,.T.);
#1371=ORIENTED_EDGE('',*,*,#893,.F.);
#1372=ORIENTED_EDGE('',*,*,#928,.F.);
#1373=ORIENTED_EDGE('',*,*,#876,.F.);
#1374=ORIENTED_EDGE('',*,*,#926,.T.);
#1375=PLANE('',#1517);
#1376=PLANE('',#1518);
#1377=PLANE('',#1519);
#1378=PLANE('',#1520);
#1379=PLANE('',#1521);
#1380=PLANE('',#1522);
#1381=PLANE('',#1523);
#1382=PLANE('',#1524);
#1383=PLANE('',#1525);
#1384=PLANE('',#1526);
#1385=PLANE('',#1527);
#1386=PLANE('',#1528);
#1387=PLANE('',#1529);
#1388=PLANE('',#1530);
#1389=PLANE('',#1531);
#1390=PLANE('',#1532);
#1391=PLANE('',#1533);
#1392=PLANE('',#1534);
#1393=PLANE('',#1535);
#1394=PLANE('',#1536);
#1395=PLANE('',#1537);
#1396=PLANE('',#1538);
#1397=PLANE('',#1539);
#1398=PLANE('',#1540);
#1399=PLANE('',#1541);
#1400=PLANE('',#1542);
#1401=PLANE('',#1543);
#1402=PLANE('',#1544);
#1403=PLANE('',#1545);
#1404=PLANE('',#1546);
#1405=PLANE('',#1547);
#1406=PLANE('',#1548);
#1407=PLANE('',#1549);
#1408=PLANE('',#1558);
#1409=PLANE('',#1565);
#1410=PLANE('',#1573);
#1411=PLANE('',#1574);
#1412=PLANE('',#1575);
#1413=PLANE('',#1578);
#1414=PLANE('',#1580);
#1415=PLANE('',#1582);
#1416=PLANE('',#1583);
#1417=PLANE('',#1586);
#1418=PLANE('',#1587);
#1419=PLANE('',#1588);
#1420=PLANE('',#1589);
#1421=PLANE('',#1590);
#1422=PLANE('',#1594);
#1423=PLANE('',#1599);
#1424=PLANE('',#1600);
#1425=ADVANCED_FACE('',(#114),#1375,.F.);
#1426=ADVANCED_FACE('',(#115),#98,.F.);
#1427=ADVANCED_FACE('',(#116),#99,.F.);
#1428=ADVANCED_FACE('',(#117),#100,.F.);
#1429=ADVANCED_FACE('',(#118),#101,.F.);
#1430=ADVANCED_FACE('',(#119),#102,.F.);
#1431=ADVANCED_FACE('',(#120),#1376,.F.);
#1432=ADVANCED_FACE('',(#121),#1377,.F.);
#1433=ADVANCED_FACE('',(#122),#1378,.F.);
#1434=ADVANCED_FACE('',(#123),#1379,.F.);
#1435=ADVANCED_FACE('',(#124),#103,.F.);
#1436=ADVANCED_FACE('',(#125),#104,.F.);
#1437=ADVANCED_FACE('',(#126),#105,.F.);
#1438=ADVANCED_FACE('',(#127),#106,.F.);
#1439=ADVANCED_FACE('',(#128),#1380,.F.);
#1440=ADVANCED_FACE('',(#129),#1381,.F.);
#1441=ADVANCED_FACE('',(#130),#1382,.F.);
#1442=ADVANCED_FACE('',(#131),#107,.F.);
#1443=ADVANCED_FACE('',(#132),#108,.F.);
#1444=ADVANCED_FACE('',(#133),#109,.F.);
#1445=ADVANCED_FACE('',(#134),#110,.F.);
#1446=ADVANCED_FACE('',(#135),#111,.F.);
#1447=ADVANCED_FACE('',(#136),#112,.F.);
#1448=ADVANCED_FACE('',(#137),#113,.F.);
#1449=ADVANCED_FACE('',(#138),#1383,.F.);
#1450=ADVANCED_FACE('',(#139),#1384,.F.);
#1451=ADVANCED_FACE('',(#140),#1385,.F.);
#1452=ADVANCED_FACE('',(#141,#53),#1386,.T.);
#1453=ADVANCED_FACE('',(#142),#1387,.F.);
#1454=ADVANCED_FACE('',(#143),#1388,.F.);
#1455=ADVANCED_FACE('',(#144),#1389,.F.);
#1456=ADVANCED_FACE('',(#145),#1390,.F.);
#1457=ADVANCED_FACE('',(#146),#1391,.F.);
#1458=ADVANCED_FACE('',(#147),#1392,.F.);
#1459=ADVANCED_FACE('',(#148),#1393,.F.);
#1460=ADVANCED_FACE('',(#149),#1394,.F.);
#1461=ADVANCED_FACE('',(#150),#1395,.F.);
#1462=ADVANCED_FACE('',(#151),#1396,.F.);
#1463=ADVANCED_FACE('',(#152),#1397,.F.);
#1464=ADVANCED_FACE('',(#153),#1398,.F.);
#1465=ADVANCED_FACE('',(#154),#1399,.F.);
#1466=ADVANCED_FACE('',(#155),#1400,.F.);
#1467=ADVANCED_FACE('',(#156),#1401,.F.);
#1468=ADVANCED_FACE('',(#157),#1402,.F.);
#1469=ADVANCED_FACE('',(#158),#1403,.F.);
#1470=ADVANCED_FACE('',(#159),#1404,.F.);
#1471=ADVANCED_FACE('',(#160),#1405,.F.);
#1472=ADVANCED_FACE('',(#161),#1406,.F.);
#1473=ADVANCED_FACE('',(#162,#54,#55,#56,#57),#1407,.T.);
#1474=ADVANCED_FACE('',(#163),#20,.T.);
#1475=ADVANCED_FACE('',(#164,#58,#59),#1408,.F.);
#1476=ADVANCED_FACE('',(#165),#21,.T.);
#1477=ADVANCED_FACE('',(#166),#1409,.T.);
#1478=ADVANCED_FACE('',(#167),#19,.F.);
#1479=ADVANCED_FACE('',(#168),#22,.T.);
#1480=ADVANCED_FACE('',(#169),#1410,.F.);
#1481=ADVANCED_FACE('',(#170),#1411,.F.);
#1482=ADVANCED_FACE('',(#171,#60,#61),#1412,.F.);
#1483=ADVANCED_FACE('',(#172),#1413,.T.);
#1484=ADVANCED_FACE('',(#173),#23,.T.);
#1485=ADVANCED_FACE('',(#174),#1414,.T.);
#1486=ADVANCED_FACE('',(#175),#24,.T.);
#1487=ADVANCED_FACE('',(#176,#62),#1415,.F.);
#1488=ADVANCED_FACE('',(#177,#63,#64),#1416,.F.);
#1489=ADVANCED_FACE('',(#178),#1417,.F.);
#1490=ADVANCED_FACE('',(#179),#1418,.F.);
#1491=ADVANCED_FACE('',(#180),#1419,.F.);
#1492=ADVANCED_FACE('',(#181),#1420,.F.);
#1493=ADVANCED_FACE('',(#182),#1421,.T.);
#1494=ADVANCED_FACE('',(#183),#25,.F.);
#1495=ADVANCED_FACE('',(#184),#26,.F.);
#1496=ADVANCED_FACE('',(#185),#27,.T.);
#1497=ADVANCED_FACE('',(#186),#1422,.T.);
#1498=ADVANCED_FACE('',(#187),#28,.F.);
#1499=ADVANCED_FACE('',(#188),#29,.T.);
#1500=ADVANCED_FACE('',(#189,#65),#1423,.F.);
#1501=ADVANCED_FACE('',(#190),#1424,.T.);
#1502=CLOSED_SHELL('',(#1425,#1426,#1427,#1428,#1429,#1430,#1431,#1432,
#1433,#1434,#1435,#1436,#1437,#1438,#1439,#1440,#1441,#1442,#1443,#1444,
#1445,#1446,#1447,#1448,#1449,#1450,#1451,#1452,#1453,#1454,#1455,#1456,
#1457,#1458,#1459,#1460,#1461,#1462,#1463,#1464,#1465,#1466,#1467,#1468,
#1469,#1470,#1471,#1472,#1473,#1474,#1475,#1476,#1477,#1478,#1479,#1480,
#1481,#1482,#1483,#1484,#1485,#1486,#1487,#1488,#1489,#1490,#1491,#1492,
#1493,#1494,#1495,#1496,#1497,#1498,#1499,#1500,#1501));
#1503=DERIVED_UNIT_ELEMENT(#1505,1.);
#1504=DERIVED_UNIT_ELEMENT(#2648,-3.);
#1505=(
MASS_UNIT()
NAMED_UNIT(*)
SI_UNIT(.KILO.,.GRAM.)
);
#1506=DERIVED_UNIT((#1503,#1504));
#1507=MEASURE_REPRESENTATION_ITEM('density measure',
POSITIVE_RATIO_MEASURE(7850.),#1506);
#1508=PROPERTY_DEFINITION_REPRESENTATION(#1513,#1510);
#1509=PROPERTY_DEFINITION_REPRESENTATION(#1514,#1511);
#1510=REPRESENTATION('material name',(#1512),#2645);
#1511=REPRESENTATION('density',(#1507),#2645);
#1512=DESCRIPTIVE_REPRESENTATION_ITEM('Steel','Steel');
#1513=PROPERTY_DEFINITION('material property','material name',#2660);
#1514=PROPERTY_DEFINITION('material property','density of part',#2660);
#1515=AXIS2_PLACEMENT_3D('',#1933,#1602,#1603);
#1516=AXIS2_PLACEMENT_3D('',#1934,#1604,#1605);
#1517=AXIS2_PLACEMENT_3D('',#1935,#1606,#1607);
#1518=AXIS2_PLACEMENT_3D('',#2059,#1617,#1618);
#1519=AXIS2_PLACEMENT_3D('',#2065,#1622,#1623);
#1520=AXIS2_PLACEMENT_3D('',#2068,#1626,#1627);
#1521=AXIS2_PLACEMENT_3D('',#2077,#1632,#1633);
#1522=AXIS2_PLACEMENT_3D('',#2175,#1641,#1642);
#1523=AXIS2_PLACEMENT_3D('',#2181,#1646,#1647);
#1524=AXIS2_PLACEMENT_3D('',#2187,#1651,#1652);
#1525=AXIS2_PLACEMENT_3D('',#2354,#1663,#1664);
#1526=AXIS2_PLACEMENT_3D('',#2360,#1668,#1669);
#1527=AXIS2_PLACEMENT_3D('',#2366,#1673,#1674);
#1528=AXIS2_PLACEMENT_3D('',#2369,#1677,#1678);
#1529=AXIS2_PLACEMENT_3D('',#2370,#1679,#1680);
#1530=AXIS2_PLACEMENT_3D('',#2379,#1685,#1686);
#1531=AXIS2_PLACEMENT_3D('',#2385,#1690,#1691);
#1532=AXIS2_PLACEMENT_3D('',#2391,#1695,#1696);
#1533=AXIS2_PLACEMENT_3D('',#2397,#1700,#1701);
#1534=AXIS2_PLACEMENT_3D('',#2403,#1705,#1706);
#1535=AXIS2_PLACEMENT_3D('',#2406,#1709,#1710);
#1536=AXIS2_PLACEMENT_3D('',#2407,#1711,#1712);
#1537=AXIS2_PLACEMENT_3D('',#2416,#1717,#1718);
#1538=AXIS2_PLACEMENT_3D('',#2422,#1722,#1723);
#1539=AXIS2_PLACEMENT_3D('',#2428,#1727,#1728);
#1540=AXIS2_PLACEMENT_3D('',#2434,#1732,#1733);
#1541=AXIS2_PLACEMENT_3D('',#2440,#1737,#1738);
#1542=AXIS2_PLACEMENT_3D('',#2446,#1742,#1743);
#1543=AXIS2_PLACEMENT_3D('',#2452,#1747,#1748);
#1544=AXIS2_PLACEMENT_3D('',#2458,#1752,#1753);
#1545=AXIS2_PLACEMENT_3D('',#2464,#1757,#1758);
#1546=AXIS2_PLACEMENT_3D('',#2470,#1762,#1763);
#1547=AXIS2_PLACEMENT_3D('',#2476,#1767,#1768);
#1548=AXIS2_PLACEMENT_3D('',#2479,#1771,#1772);
#1549=AXIS2_PLACEMENT_3D('',#2480,#1773,#1774);
#1550=AXIS2_PLACEMENT_3D('',#2483,#1775,#1776);
#1551=AXIS2_PLACEMENT_3D('',#2485,#1777,#1778);
#1552=AXIS2_PLACEMENT_3D('',#2489,#1780,#1781);
#1553=AXIS2_PLACEMENT_3D('',#2491,#1782,#1783);
#1554=AXIS2_PLACEMENT_3D('',#2495,#1785,#1786);
#1555=AXIS2_PLACEMENT_3D('',#2500,#1789,#1790);
#1556=AXIS2_PLACEMENT_3D('',#2501,#1791,#1792);
#1557=AXIS2_PLACEMENT_3D('',#2505,#1794,#1795);
#1558=AXIS2_PLACEMENT_3D('',#2507,#1797,#1798);
#1559=AXIS2_PLACEMENT_3D('',#2513,#1801,#1802);
#1560=AXIS2_PLACEMENT_3D('',#2517,#1804,#1805);
#1561=AXIS2_PLACEMENT_3D('',#2519,#1806,#1807);
#1562=AXIS2_PLACEMENT_3D('',#2522,#1809,#1810);
#1563=AXIS2_PLACEMENT_3D('',#2540,#1819,#1820);
#1564=AXIS2_PLACEMENT_3D('',#2541,#1821,#1822);
#1565=AXIS2_PLACEMENT_3D('',#2544,#1825,#1826);
#1566=AXIS2_PLACEMENT_3D('',#2546,#1828,#1829);
#1567=AXIS2_PLACEMENT_3D('',#2549,#1830,#1831);
#1568=AXIS2_PLACEMENT_3D('',#2550,#1832,#1833);
#1569=AXIS2_PLACEMENT_3D('',#2552,#1834,#1835);
#1570=AXIS2_PLACEMENT_3D('',#2554,#1836,#1837);
#1571=AXIS2_PLACEMENT_3D('',#2555,#1838,#1839);
#1572=AXIS2_PLACEMENT_3D('',#2556,#1840,#1841);
#1573=AXIS2_PLACEMENT_3D('',#2558,#1843,#1844);
#1574=AXIS2_PLACEMENT_3D('',#2567,#1849,#1850);
#1575=AXIS2_PLACEMENT_3D('',#2573,#1854,#1855);
#1576=AXIS2_PLACEMENT_3D('',#2580,#1859,#1860);
#1577=AXIS2_PLACEMENT_3D('',#2582,#1861,#1862);
#1578=AXIS2_PLACEMENT_3D('',#2583,#1863,#1864);
#1579=AXIS2_PLACEMENT_3D('',#2585,#1866,#1867);
#1580=AXIS2_PLACEMENT_3D('',#2587,#1869,#1870);
#1581=AXIS2_PLACEMENT_3D('',#2589,#1872,#1873);
#1582=AXIS2_PLACEMENT_3D('',#2591,#1875,#1876);
#1583=AXIS2_PLACEMENT_3D('',#2601,#1882,#1883);
#1584=AXIS2_PLACEMENT_3D('',#2608,#1887,#1888);
#1585=AXIS2_PLACEMENT_3D('',#2610,#1889,#1890);
#1586=AXIS2_PLACEMENT_3D('',#2611,#1891,#1892);
#1587=AXIS2_PLACEMENT_3D('',#2613,#1894,#1895);
#1588=AXIS2_PLACEMENT_3D('',#2617,#1898,#1899);
#1589=AXIS2_PLACEMENT_3D('',#2621,#1902,#1903);
#1590=AXIS2_PLACEMENT_3D('',#2623,#1905,#1906);
#1591=AXIS2_PLACEMENT_3D('',#2624,#1907,#1908);
#1592=AXIS2_PLACEMENT_3D('',#2626,#1910,#1911);
#1593=AXIS2_PLACEMENT_3D('',#2628,#1913,#1914);
#1594=AXIS2_PLACEMENT_3D('',#2629,#1915,#1916);
#1595=AXIS2_PLACEMENT_3D('',#2630,#1917,#1918);
#1596=AXIS2_PLACEMENT_3D('',#2632,#1919,#1920);
#1597=AXIS2_PLACEMENT_3D('',#2634,#1922,#1923);
#1598=AXIS2_PLACEMENT_3D('',#2636,#1924,#1925);
#1599=AXIS2_PLACEMENT_3D('',#2638,#1927,#1928);
#1600=AXIS2_PLACEMENT_3D('',#2639,#1929,#1930);
#1601=AXIS2_PLACEMENT_3D('',#2640,#1931,#1932);
#1602=DIRECTION('axis',(0.,0.,1.));
#1603=DIRECTION('refdir',(1.,0.,0.));
#1604=DIRECTION('axis',(0.,0.,1.));
#1605=DIRECTION('refdir',(1.,0.,0.));
#1606=DIRECTION('center_axis',(0.,-1.,-6.12323399573676E-17));
#1607=DIRECTION('ref_axis',(-1.09476442525376E-47,6.12323399573676E-17,
-1.));
#1608=DIRECTION('',(1.0568168756655E-88,6.12323399573676E-17,-1.));
#1609=DIRECTION('',(1.,0.,0.));
#1610=DIRECTION('',(-1.09476442525376E-47,6.12323399573676E-17,-1.));
#1611=DIRECTION('',(1.,0.,0.));
#1612=DIRECTION('',(1.,0.,0.));
#1613=DIRECTION('',(1.,0.,0.));
#1614=DIRECTION('',(1.,0.,0.));
#1615=DIRECTION('',(1.,0.,0.));
#1616=DIRECTION('',(1.,0.,0.));
#1617=DIRECTION('center_axis',(0.,1.,6.12323399573676E-17));
#1618=DIRECTION('ref_axis',(1.09476442525376E-47,-6.12323399573676E-17,
1.));
#1619=DIRECTION('',(-1.0568168756655E-88,-6.12323399573676E-17,1.));
#1620=DIRECTION('',(1.,0.,0.));
#1621=DIRECTION('',(1.09476442525376E-47,-6.12323399573676E-17,1.));
#1622=DIRECTION('center_axis',(0.,-6.12323399573676E-17,1.));
#1623=DIRECTION('ref_axis',(-4.89113678622167E-48,-1.,-6.12323399573676E-17));
#1624=DIRECTION('',(-1.72591293489895E-72,-1.,-6.12323399573676E-17));
#1625=DIRECTION('',(-4.89113678622167E-48,-1.,-6.12323399573676E-17));
#1626=DIRECTION('center_axis',(0.,-6.12323399573676E-17,1.));
#1627=DIRECTION('ref_axis',(-4.89113678622167E-48,-1.,-6.12323399573676E-17));
#1628=DIRECTION('',(-1.72591293489895E-72,-1.,-6.12323399573676E-17));
#1629=DIRECTION('',(1.,0.,0.));
#1630=DIRECTION('',(-4.89113678622167E-48,-1.,-6.12323399573676E-17));
#1631=DIRECTION('',(1.,0.,0.));
#1632=DIRECTION('center_axis',(0.,-1.,-6.12323399573676E-17));
#1633=DIRECTION('ref_axis',(-1.09476442525376E-47,6.12323399573676E-17,
-1.));
#1634=DIRECTION('',(1.0568168756655E-88,6.12323399573676E-17,-1.));
#1635=DIRECTION('',(1.,0.,0.));
#1636=DIRECTION('',(-1.09476442525376E-47,6.12323399573676E-17,-1.));
#1637=DIRECTION('',(1.,0.,0.));
#1638=DIRECTION('',(1.,0.,0.));
#1639=DIRECTION('',(1.,0.,0.));
#1640=DIRECTION('',(1.,0.,0.));
#1641=DIRECTION('center_axis',(0.,-0.536696204949423,-0.843775552853297));
#1642=DIRECTION('ref_axis',(-1.74853747759802E-48,0.843775552853297,-0.536696204949423));
#1643=DIRECTION('',(1.45628314082102E-72,0.843775552853297,-0.536696204949423));
#1644=DIRECTION('',(1.,0.,0.));
#1645=DIRECTION('',(-1.74853747759802E-48,0.843775552853297,-0.536696204949423));
#1646=DIRECTION('center_axis',(0.,-1.,-6.12323399573676E-17));
#1647=DIRECTION('ref_axis',(-1.09476442525376E-47,6.12323399573676E-17,
-1.));
#1648=DIRECTION('',(1.0568168756655E-88,6.12323399573676E-17,-1.));
#1649=DIRECTION('',(1.,0.,0.));
#1650=DIRECTION('',(-1.09476442525376E-47,6.12323399573676E-17,-1.));
#1651=DIRECTION('center_axis',(0.,0.538514722773334,0.842616100817187));
#1652=DIRECTION('ref_axis',(1.77411700230678E-48,-0.842616100817186,0.538514722773334));
#1653=DIRECTION('',(-1.4542820275545E-72,-0.842616100817186,0.538514722773334));
#1654=DIRECTION('',(1.,0.,0.));
#1655=DIRECTION('',(1.77411700230678E-48,-0.842616100817186,0.538514722773334));
#1656=DIRECTION('',(1.,0.,0.));
#1657=DIRECTION('',(1.,0.,0.));
#1658=DIRECTION('',(1.,0.,0.));
#1659=DIRECTION('',(1.,0.,0.));
#1660=DIRECTION('',(1.,0.,0.));
#1661=DIRECTION('',(1.,0.,0.));
#1662=DIRECTION('',(1.,0.,0.));
#1663=DIRECTION('center_axis',(0.,1.,6.12323399573676E-17));
#1664=DIRECTION('ref_axis',(1.09476442525376E-47,-6.12323399573676E-17,
1.));
#1665=DIRECTION('',(-1.0568168756655E-88,-6.12323399573676E-17,1.));
#1666=DIRECTION('',(1.,0.,0.));
#1667=DIRECTION('',(1.09476442525376E-47,-6.12323399573676E-17,1.));
#1668=DIRECTION('center_axis',(0.,6.12323399573676E-17,-1.));
#1669=DIRECTION('ref_axis',(4.89113678622167E-48,1.,6.12323399573676E-17));
#1670=DIRECTION('',(1.72591293489895E-72,1.,6.12323399573676E-17));
#1671=DIRECTION('',(1.,0.,0.));
#1672=DIRECTION('',(4.89113678622167E-48,1.,6.12323399573676E-17));
#1673=DIRECTION('center_axis',(0.,-1.,-6.12323399573676E-17));
#1674=DIRECTION('ref_axis',(-1.09476442525376E-47,6.12323399573676E-17,
-1.));
#1675=DIRECTION('',(1.0568168756655E-88,6.12323399573676E-17,-1.));
#1676=DIRECTION('',(-1.09476442525376E-47,6.12323399573676E-17,-1.));
#1677=DIRECTION('center_axis',(-1.,4.89113678622167E-48,1.09476442525376E-47));
#1678=DIRECTION('ref_axis',(-4.89113678622167E-48,-1.,-6.12323399573676E-17));
#1679=DIRECTION('center_axis',(0.,-6.12323399573676E-17,1.));
#1680=DIRECTION('ref_axis',(-4.89113678622167E-48,-1.,-6.12323399573676E-17));
#1681=DIRECTION('',(-1.72591293489895E-72,-1.,-6.12323399573676E-17));
#1682=DIRECTION('',(1.,0.,0.));
#1683=DIRECTION('',(-4.89113678622167E-48,-1.,-6.12323399573676E-17));
#1684=DIRECTION('',(1.,0.,0.));
#1685=DIRECTION('center_axis',(0.,1.,6.12323399573676E-17));
#1686=DIRECTION('ref_axis',(1.09476442525376E-47,-6.12323399573676E-17,
1.));
#1687=DIRECTION('',(-1.0568168756655E-88,-6.12323399573676E-17,1.));
#1688=DIRECTION('',(1.,0.,0.));
#1689=DIRECTION('',(1.09476442525376E-47,-6.12323399573676E-17,1.));
#1690=DIRECTION('center_axis',(0.,-6.12323399573676E-17,1.));
#1691=DIRECTION('ref_axis',(-4.89113678622167E-48,-1.,-6.12323399573676E-17));
#1692=DIRECTION('',(-1.72591293489895E-72,-1.,-6.12323399573676E-17));
#1693=DIRECTION('',(1.,0.,0.));
#1694=DIRECTION('',(-4.89113678622167E-48,-1.,-6.12323399573676E-17));
#1695=DIRECTION('center_axis',(0.,1.,6.12323399573676E-17));
#1696=DIRECTION('ref_axis',(1.09476442525376E-47,-6.12323399573676E-17,
1.));
#1697=DIRECTION('',(-1.0568168756655E-88,-6.12323399573676E-17,1.));
#1698=DIRECTION('',(1.,0.,0.));
#1699=DIRECTION('',(1.09476442525376E-47,-6.12323399573676E-17,1.));
#1700=DIRECTION('center_axis',(0.,6.12323399573676E-17,-1.));
#1701=DIRECTION('ref_axis',(4.89113678622167E-48,1.,6.12323399573676E-17));
#1702=DIRECTION('',(1.72591293489895E-72,1.,6.12323399573676E-17));
#1703=DIRECTION('',(1.,0.,0.));
#1704=DIRECTION('',(4.89113678622167E-48,1.,6.12323399573676E-17));
#1705=DIRECTION('center_axis',(0.,-1.,-6.12323399573676E-17));
#1706=DIRECTION('ref_axis',(-1.09476442525376E-47,6.12323399573676E-17,
-1.));
#1707=DIRECTION('',(1.0568168756655E-88,6.12323399573676E-17,-1.));
#1708=DIRECTION('',(-1.09476442525376E-47,6.12323399573676E-17,-1.));
#1709=DIRECTION('center_axis',(1.,0.,0.));
#1710=DIRECTION('ref_axis',(0.,0.,-1.));
#1711=DIRECTION('center_axis',(0.,-6.12323399573676E-17,1.));
#1712=DIRECTION('ref_axis',(-4.89113678622167E-48,-1.,-6.12323399573676E-17));
#1713=DIRECTION('',(-1.72591293489895E-72,-1.,-6.12323399573676E-17));
#1714=DIRECTION('',(1.,0.,0.));
#1715=DIRECTION('',(-4.89113678622167E-48,-1.,-6.12323399573676E-17));
#1716=DIRECTION('',(1.,0.,0.));
#1717=DIRECTION('center_axis',(0.,-1.,-6.12323399573676E-17));
#1718=DIRECTION('ref_axis',(-1.09476442525376E-47,6.12323399573676E-17,
-1.));
#1719=DIRECTION('',(1.0568168756655E-88,6.12323399573676E-17,-1.));
#1720=DIRECTION('',(1.,0.,0.));
#1721=DIRECTION('',(-1.09476442525376E-47,6.12323399573676E-17,-1.));
#1722=DIRECTION('center_axis',(0.,6.12323399573676E-17,-1.));
#1723=DIRECTION('ref_axis',(4.89113678622167E-48,1.,6.12323399573676E-17));
#1724=DIRECTION('',(1.72591293489895E-72,1.,6.12323399573676E-17));
#1725=DIRECTION('',(1.,0.,0.));
#1726=DIRECTION('',(4.89113678622167E-48,1.,6.12323399573676E-17));
#1727=DIRECTION('center_axis',(0.,-1.,-6.12323399573676E-17));
#1728=DIRECTION('ref_axis',(-1.09476442525376E-47,6.12323399573676E-17,
-1.));
#1729=DIRECTION('',(1.0568168756655E-88,6.12323399573676E-17,-1.));
#1730=DIRECTION('',(1.,0.,0.));
#1731=DIRECTION('',(-1.09476442525376E-47,6.12323399573676E-17,-1.));
#1732=DIRECTION('center_axis',(0.,-6.12323399573676E-17,1.));
#1733=DIRECTION('ref_axis',(-4.89113678622167E-48,-1.,-6.12323399573676E-17));
#1734=DIRECTION('',(-1.72591293489895E-72,-1.,-6.12323399573676E-17));
#1735=DIRECTION('',(1.,0.,0.));
#1736=DIRECTION('',(-4.89113678622167E-48,-1.,-6.12323399573676E-17));
#1737=DIRECTION('center_axis',(0.,1.,6.12323399573676E-17));
#1738=DIRECTION('ref_axis',(1.09476442525376E-47,-6.12323399573676E-17,
1.));
#1739=DIRECTION('',(-1.0568168756655E-88,-6.12323399573676E-17,1.));
#1740=DIRECTION('',(1.,0.,0.));
#1741=DIRECTION('',(1.09476442525376E-47,-6.12323399573676E-17,1.));
#1742=DIRECTION('center_axis',(0.,6.12323399573676E-17,-1.));
#1743=DIRECTION('ref_axis',(4.89113678622167E-48,1.,6.12323399573676E-17));
#1744=DIRECTION('',(1.72591293489895E-72,1.,6.12323399573676E-17));
#1745=DIRECTION('',(1.,0.,0.));
#1746=DIRECTION('',(4.89113678622167E-48,1.,6.12323399573676E-17));
#1747=DIRECTION('center_axis',(0.,1.,6.12323399573676E-17));
#1748=DIRECTION('ref_axis',(1.09476442525376E-47,-6.12323399573676E-17,
1.));
#1749=DIRECTION('',(-1.0568168756655E-88,-6.12323399573676E-17,1.));
#1750=DIRECTION('',(1.,0.,0.));
#1751=DIRECTION('',(1.09476442525376E-47,-6.12323399573676E-17,1.));
#1752=DIRECTION('center_axis',(0.,-6.12323399573676E-17,1.));
#1753=DIRECTION('ref_axis',(-4.89113678622167E-48,-1.,-6.12323399573676E-17));
#1754=DIRECTION('',(-1.72591293489895E-72,-1.,-6.12323399573676E-17));
#1755=DIRECTION('',(1.,0.,0.));
#1756=DIRECTION('',(-4.89113678622167E-48,-1.,-6.12323399573676E-17));
#1757=DIRECTION('center_axis',(0.,1.,6.12323399573676E-17));
#1758=DIRECTION('ref_axis',(1.09476442525376E-47,-6.12323399573676E-17,
1.));
#1759=DIRECTION('',(-1.0568168756655E-88,-6.12323399573676E-17,1.));
#1760=DIRECTION('',(1.,0.,0.));
#1761=DIRECTION('',(1.09476442525376E-47,-6.12323399573676E-17,1.));
#1762=DIRECTION('center_axis',(0.,6.12323399573676E-17,-1.));
#1763=DIRECTION('ref_axis',(4.89113678622167E-48,1.,6.12323399573676E-17));
#1764=DIRECTION('',(1.72591293489895E-72,1.,6.12323399573676E-17));
#1765=DIRECTION('',(1.,0.,0.));
#1766=DIRECTION('',(4.89113678622167E-48,1.,6.12323399573676E-17));
#1767=DIRECTION('center_axis',(0.,-1.,-6.12323399573676E-17));
#1768=DIRECTION('ref_axis',(-1.09476442525376E-47,6.12323399573676E-17,
-1.));
#1769=DIRECTION('',(1.0568168756655E-88,6.12323399573676E-17,-1.));
#1770=DIRECTION('',(-1.09476442525376E-47,6.12323399573676E-17,-1.));
#1771=DIRECTION('center_axis',(1.,0.,0.));
#1772=DIRECTION('ref_axis',(0.,0.,-1.));
#1773=DIRECTION('center_axis',(-1.,1.72591293489895E-72,0.));
#1774=DIRECTION('ref_axis',(-1.72591293489895E-72,-1.,0.));
#1775=DIRECTION('center_axis',(1.,-1.72591293489895E-72,0.));
#1776=DIRECTION('ref_axis',(0.,-0.994256258422041,0.107025663224312));
#1777=DIRECTION('center_axis',(-1.,0.,0.));
#1778=DIRECTION('ref_axis',(0.,-1.,-1.01506105108586E-15));
#1779=DIRECTION('',(0.,1.,0.));
#1780=DIRECTION('center_axis',(-1.,0.,0.));
#1781=DIRECTION('ref_axis',(0.,-1.14194368247159E-15,1.));
#1782=DIRECTION('center_axis',(1.,-1.72591293489895E-72,0.));
#1783=DIRECTION('ref_axis',(0.,0.994209937925444,0.107455103788903));
#1784=DIRECTION('',(0.,0.,-1.));
#1785=DIRECTION('center_axis',(-1.,0.,0.));
#1786=DIRECTION('ref_axis',(0.,-1.,0.));
#1787=DIRECTION('',(0.,-1.,0.));
#1788=DIRECTION('',(0.,-1.15849359091321E-16,1.));
#1789=DIRECTION('center_axis',(1.,-1.72591293489895E-72,0.));
#1790=DIRECTION('ref_axis',(0.,1.,0.));
#1791=DIRECTION('center_axis',(1.,0.,0.));
#1792=DIRECTION('ref_axis',(0.,-0.994256258422041,0.107025663224312));
#1793=DIRECTION('',(1.,0.,0.));
#1794=DIRECTION('center_axis',(-1.,0.,0.));
#1795=DIRECTION('ref_axis',(0.,-0.994256258422041,0.107025663224312));
#1796=DIRECTION('',(1.,0.,0.));
#1797=DIRECTION('center_axis',(-1.,0.,0.));
#1798=DIRECTION('ref_axis',(0.,-1.,0.));
#1799=DIRECTION('',(0.,0.,1.));
#1800=DIRECTION('',(0.,1.,0.));
#1801=DIRECTION('center_axis',(1.,0.,0.));
#1802=DIRECTION('ref_axis',(0.,-1.,0.));
#1803=DIRECTION('',(0.,0.,1.));
#1804=DIRECTION('center_axis',(-1.,0.,0.));
#1805=DIRECTION('ref_axis',(0.,0.994209937925444,0.107455103788903));
#1806=DIRECTION('center_axis',(1.,0.,0.));
#1807=DIRECTION('ref_axis',(0.,-1.14194368247159E-15,1.));
#1808=DIRECTION('',(0.,-1.,0.));
#1809=DIRECTION('center_axis',(1.,0.,0.));
#1810=DIRECTION('ref_axis',(0.,-1.,-1.01506105108586E-15));
#1811=DIRECTION('',(0.,1.,-4.91521025560785E-29));
#1812=DIRECTION('',(0.,-4.53381686723633E-30,-1.));
#1813=DIRECTION('',(-8.26619394522053E-44,1.,0.));
#1814=DIRECTION('',(0.,-1.48029736616687E-15,-1.));
#1815=DIRECTION('',(0.,-1.,6.83214169000096E-16));
#1816=DIRECTION('',(2.31296463463574E-17,0.,1.));
#1817=DIRECTION('',(-1.38777878078145E-17,1.,0.));
#1818=DIRECTION('',(0.,9.86813842309837E-16,1.));
#1819=DIRECTION('center_axis',(1.,0.,0.));
#1820=DIRECTION('ref_axis',(0.,-1.,0.));
#1821=DIRECTION('center_axis',(-1.,0.,0.));
#1822=DIRECTION('ref_axis',(0.,0.994209937925444,0.107455103788903));
#1823=DIRECTION('',(-1.,0.,0.));
#1824=DIRECTION('',(-1.,0.,0.));
#1825=DIRECTION('center_axis',(0.,1.,0.));
#1826=DIRECTION('ref_axis',(0.,0.,1.));
#1827=DIRECTION('',(1.,0.,0.));
#1828=DIRECTION('center_axis',(1.,4.89113678622167E-48,-2.99495750471912E-64));
#1829=DIRECTION('ref_axis',(0.,0.,-1.));
#1830=DIRECTION('center_axis',(1.,0.,0.));
#1831=DIRECTION('ref_axis',(0.,-1.,0.));
#1832=DIRECTION('center_axis',(1.,0.,0.));
#1833=DIRECTION('ref_axis',(0.,-1.,0.));
#1834=DIRECTION('center_axis',(-4.89113678622167E-48,1.,1.22407952318927E-16));
#1835=DIRECTION('ref_axis',(0.,-1.22407952318927E-16,1.));
#1836=DIRECTION('center_axis',(-1.,0.,0.));
#1837=DIRECTION('ref_axis',(0.,-1.,0.));
#1838=DIRECTION('center_axis',(-1.,0.,0.));
#1839=DIRECTION('ref_axis',(0.,-1.,0.));
#1840=DIRECTION('center_axis',(1.,0.,0.));
#1841=DIRECTION('ref_axis',(0.,-1.,0.));
#1842=DIRECTION('',(-1.,0.,0.));
#1843=DIRECTION('center_axis',(0.,1.,0.));
#1844=DIRECTION('ref_axis',(-2.31296463463574E-17,0.,-1.));
#1845=DIRECTION('',(-1.,0.,0.));
#1846=DIRECTION('',(-2.31296463463574E-17,0.,-1.));
#1847=DIRECTION('',(-1.,0.,0.));
#1848=DIRECTION('',(0.,0.,-1.));
#1849=DIRECTION('center_axis',(0.,0.,-1.));
#1850=DIRECTION('ref_axis',(1.34151948808873E-17,-1.,0.));
#1851=DIRECTION('',(1.,-1.38777878078145E-15,0.));
#1852=DIRECTION('',(1.34151948808873E-17,-1.,0.));
#1853=DIRECTION('',(0.,-1.,0.));
#1854=DIRECTION('center_axis',(0.,1.,-1.04916075827077E-15));
#1855=DIRECTION('ref_axis',(-7.40148683083439E-19,-1.04916075827077E-15,
-1.));
#1856=DIRECTION('',(-1.,0.,0.));
#1857=DIRECTION('',(-7.40148683083439E-19,-1.04916075827077E-15,-1.));
#1858=DIRECTION('',(0.,-1.04916075827077E-15,-1.));
#1859=DIRECTION('center_axis',(0.,1.,-1.04916075827077E-15));
#1860=DIRECTION('ref_axis',(1.,-3.81032722110053E-47,-4.29004706327701E-32));
#1861=DIRECTION('center_axis',(0.,1.,-1.04916075827077E-15));
#1862=DIRECTION('ref_axis',(1.,-3.81032722110053E-47,-4.290047063277E-32));
#1863=DIRECTION('center_axis',(0.,-1.,-1.15849359091321E-16));
#1864=DIRECTION('ref_axis',(0.,1.15849359091321E-16,-1.));
#1865=DIRECTION('',(1.,0.,0.));
#1866=DIRECTION('center_axis',(1.,0.,0.));
#1867=DIRECTION('ref_axis',(0.,-1.,-1.01506105108586E-15));
#1868=DIRECTION('',(1.,0.,0.));
#1869=DIRECTION('center_axis',(0.,0.,-1.));
#1870=DIRECTION('ref_axis',(0.,1.,0.));
#1871=DIRECTION('',(-1.,0.,0.));
#1872=DIRECTION('center_axis',(1.,0.,0.));
#1873=DIRECTION('ref_axis',(0.,-1.14194368247159E-15,1.));
#1874=DIRECTION('',(1.,0.,0.));
#1875=DIRECTION('center_axis',(-1.,0.,0.));
#1876=DIRECTION('ref_axis',(0.,0.,1.));
#1877=DIRECTION('',(-2.48874994686807E-17,-1.,0.));
#1878=DIRECTION('',(5.55111512312578E-18,4.44089209850063E-17,1.));
#1879=DIRECTION('',(-2.77555756156293E-19,-1.,0.));
#1880=DIRECTION('',(0.,8.88178419700122E-16,1.));
#1881=DIRECTION('',(-4.62592926927154E-19,1.,-7.105427357601E-16));
#1882=DIRECTION('center_axis',(0.,-1.,4.44089209850063E-17));
#1883=DIRECTION('ref_axis',(5.55111512312578E-18,4.44089209850063E-17,1.));
#1884=DIRECTION('',(-1.,0.,0.));
#1885=DIRECTION('',(-1.,0.,0.));
#1886=DIRECTION('',(0.,4.44089209850063E-17,1.));
#1887=DIRECTION('center_axis',(0.,-1.,4.44089209850063E-17));
#1888=DIRECTION('ref_axis',(1.,-3.81032722110053E-47,-4.29004706327701E-32));
#1889=DIRECTION('center_axis',(0.,-1.,4.44089209850063E-17));
#1890=DIRECTION('ref_axis',(1.,-3.81032722110053E-47,-4.290047063277E-32));
#1891=DIRECTION('center_axis',(0.,0.,-1.));
#1892=DIRECTION('ref_axis',(-2.48874994686807E-17,-1.,0.));
#1893=DIRECTION('',(0.,-1.,0.));
#1894=DIRECTION('center_axis',(0.,7.105427357601E-16,1.));
#1895=DIRECTION('ref_axis',(-4.62592926927154E-19,1.,-7.105427357601E-16));
#1896=DIRECTION('',(-1.,0.,0.));
#1897=DIRECTION('',(0.,1.,-7.105427357601E-16));
#1898=DIRECTION('center_axis',(0.,-1.,8.88178419700122E-16));
#1899=DIRECTION('ref_axis',(0.,8.88178419700122E-16,1.));
#1900=DIRECTION('',(-1.,0.,0.));
#1901=DIRECTION('',(0.,8.88178419700122E-16,1.));
#1902=DIRECTION('center_axis',(0.,0.,-1.));
#1903=DIRECTION('ref_axis',(-2.77555756156293E-19,-1.,0.));
#1904=DIRECTION('',(0.,-1.,0.));
#1905=DIRECTION('center_axis',(1.,0.,0.));
#1906=DIRECTION('ref_axis',(0.,0.,-1.));
#1907=DIRECTION('center_axis',(0.,1.,-8.88178419700125E-16));
#1908=DIRECTION('ref_axis',(1.,-3.81032722110053E-47,-4.290047063277E-32));
#1909=DIRECTION('',(0.,1.,-8.88178419700125E-16));
#1910=DIRECTION('center_axis',(0.,1.,-8.88178419700125E-16));
#1911=DIRECTION('ref_axis',(1.,-3.81032722110053E-47,-4.29004706327701E-32));
#1912=DIRECTION('',(0.,1.,-8.88178419700125E-16));
#1913=DIRECTION('center_axis',(1.,0.,0.));
#1914=DIRECTION('ref_axis',(0.,0.0104335119752598,-0.999945569432588));
#1915=DIRECTION('center_axis',(-1.,1.72591293489895E-72,0.));
#1916=DIRECTION('ref_axis',(-1.72591293489895E-72,-1.,0.));
#1917=DIRECTION('center_axis',(-1.,0.,0.));
#1918=DIRECTION('ref_axis',(0.,1.,0.));
#1919=DIRECTION('center_axis',(-1.,1.72591293489895E-72,0.));
#1920=DIRECTION('ref_axis',(0.,1.,0.));
#1921=DIRECTION('',(-1.,0.,0.));
#1922=DIRECTION('center_axis',(1.,0.,0.));
#1923=DIRECTION('ref_axis',(0.,-1.,0.));
#1924=DIRECTION('center_axis',(1.,-1.72591293489895E-72,0.));
#1925=DIRECTION('ref_axis',(-1.72591293489895E-72,-1.,0.));
#1926=DIRECTION('',(-1.,0.,0.));
#1927=DIRECTION('center_axis',(-1.,1.72591293489895E-72,0.));
#1928=DIRECTION('ref_axis',(-1.72591293489895E-72,-1.,0.));
#1929=DIRECTION('center_axis',(0.,0.,1.));
#1930=DIRECTION('ref_axis',(0.,-1.,0.));
#1931=DIRECTION('',(-2.47686061597898E-16,7.13789982955388E-18,1.));
#1932=DIRECTION('',(0.999999999999994,-2.77555756156285E-16,-3.4694469519536E-16));
#1933=CARTESIAN_POINT('',(0.,0.,0.));
#1934=CARTESIAN_POINT('',(0.,0.,0.));
#1935=CARTESIAN_POINT('Origin',(-18.4038620186238,4.12636135423409,117.131966838827));
#1936=CARTESIAN_POINT('',(-18.4038620186238,4.12636135423409,117.131966838827));
#1937=CARTESIAN_POINT('',(-18.4038620186238,4.12636135423409,112.384354362478));
#1938=CARTESIAN_POINT('',(-18.4038620186238,4.12636135423409,83.2500340794836));
#1939=CARTESIAN_POINT('',(-16.9038620186238,4.12636135423409,117.131966838827));
#1940=CARTESIAN_POINT('',(-18.4038620186238,4.12636135423409,117.131966838827));
#1941=CARTESIAN_POINT('',(-16.9038620186238,4.12636135423409,112.384354362478));
#1942=CARTESIAN_POINT('',(-16.9038620186238,4.12636135423409,117.131966838827));
#1943=CARTESIAN_POINT('',(-18.4038620186238,4.12636135423409,112.384354362478));
#1944=CARTESIAN_POINT('Ctrl Pts',(-18.4038620186238,3.44082210862862,119.572283515921));
#1945=CARTESIAN_POINT('Ctrl Pts',(-16.9038620186238,3.44082210862862,119.572283515921));
#1946=CARTESIAN_POINT('Ctrl Pts',(-18.4038620186238,3.63992554822547,119.248662697567));
#1947=CARTESIAN_POINT('Ctrl Pts',(-16.9038620186238,3.63992554822547,119.248662697567));
#1948=CARTESIAN_POINT('Ctrl Pts',(-18.4038620186238,4.0972565472521,118.505321284366));
#1949=CARTESIAN_POINT('Ctrl Pts',(-16.9038620186238,4.0972565472521,118.505321284366));
#1950=CARTESIAN_POINT('Ctrl Pts',(-18.4038620186238,4.11585814218273,117.627576824219));
#1951=CARTESIAN_POINT('Ctrl Pts',(-16.9038620186238,4.11585814218273,117.627576824219));
#1952=CARTESIAN_POINT('Ctrl Pts',(-18.4038620186238,4.12636135423409,117.131966838827));
#1953=CARTESIAN_POINT('Ctrl Pts',(-16.9038620186238,4.12636135423409,117.131966838827));
#1954=CARTESIAN_POINT('',(-18.4038620186238,3.44082210862862,119.572283515921));
#1955=CARTESIAN_POINT('Ctrl Pts',(-18.4038620186238,3.44082210862862,119.572283515921));
#1956=CARTESIAN_POINT('Ctrl Pts',(-18.4038620186238,3.63992554822547,119.248662697567));
#1957=CARTESIAN_POINT('Ctrl Pts',(-18.4038620186238,4.0972565472521,118.505321284366));
#1958=CARTESIAN_POINT('Ctrl Pts',(-18.4038620186238,4.11585814218273,117.627576824219));
#1959=CARTESIAN_POINT('Ctrl Pts',(-18.4038620186238,4.12636135423409,117.131966838827));
#1960=CARTESIAN_POINT('',(-16.9038620186238,3.44082210862862,119.572283515921));
#1961=CARTESIAN_POINT('',(-18.4038620186238,3.44082210862862,119.572283515921));
#1962=CARTESIAN_POINT('Ctrl Pts',(-16.9038620186238,3.44082210862862,119.572283515921));
#1963=CARTESIAN_POINT('Ctrl Pts',(-16.9038620186238,3.63992554822547,119.248662697567));
#1964=CARTESIAN_POINT('Ctrl Pts',(-16.9038620186238,4.0972565472521,118.505321284366));
#1965=CARTESIAN_POINT('Ctrl Pts',(-16.9038620186238,4.11585814218273,117.627576824219));
#1966=CARTESIAN_POINT('Ctrl Pts',(-16.9038620186238,4.12636135423409,117.131966838827));
#1967=CARTESIAN_POINT('Ctrl Pts',(-18.4038620186238,1.691162331941,120.344788322439));
#1968=CARTESIAN_POINT('Ctrl Pts',(-16.9038620186238,1.691162331941,120.344788322439));
#1969=CARTESIAN_POINT('Ctrl Pts',(-18.4038620186238,2.02910023964491,120.313713144373));
#1970=CARTESIAN_POINT('Ctrl Pts',(-16.9038620186238,2.02910023964491,120.313713144373));
#1971=CARTESIAN_POINT('Ctrl Pts',(-18.4038620186238,2.69925303653011,120.252089050064));
#1972=CARTESIAN_POINT('Ctrl Pts',(-16.9038620186238,2.69925303653011,120.252089050064));
#1973=CARTESIAN_POINT('Ctrl Pts',(-18.4038620186238,3.19504374752218,119.797591577353));
#1974=CARTESIAN_POINT('Ctrl Pts',(-16.9038620186238,3.19504374752218,119.797591577353));
#1975=CARTESIAN_POINT('Ctrl Pts',(-18.4038620186238,3.44082210862862,119.572283515921));
#1976=CARTESIAN_POINT('Ctrl Pts',(-16.9038620186238,3.44082210862862,119.572283515921));
#1977=CARTESIAN_POINT('',(-18.4038620186238,1.691162331941,120.344788322439));
#1978=CARTESIAN_POINT('Ctrl Pts',(-18.4038620186238,1.691162331941,120.344788322439));
#1979=CARTESIAN_POINT('Ctrl Pts',(-18.4038620186238,2.02910023964491,120.313713144373));
#1980=CARTESIAN_POINT('Ctrl Pts',(-18.4038620186238,2.69925303653011,120.252089050064));
#1981=CARTESIAN_POINT('Ctrl Pts',(-18.4038620186238,3.19504374752218,119.797591577353));
#1982=CARTESIAN_POINT('Ctrl Pts',(-18.4038620186238,3.44082210862862,119.572283515921));
#1983=CARTESIAN_POINT('',(-16.9038620186238,1.691162331941,120.344788322439));
#1984=CARTESIAN_POINT('',(-18.4038620186238,1.691162331941,120.344788322439));
#1985=CARTESIAN_POINT('Ctrl Pts',(-16.9038620186238,1.691162331941,120.344788322439));
#1986=CARTESIAN_POINT('Ctrl Pts',(-16.9038620186238,2.02910023964491,120.313713144373));
#1987=CARTESIAN_POINT('Ctrl Pts',(-16.9038620186238,2.69925303653011,120.252089050064));
#1988=CARTESIAN_POINT('Ctrl Pts',(-16.9038620186238,3.19504374752218,119.797591577353));
#1989=CARTESIAN_POINT('Ctrl Pts',(-16.9038620186238,3.44082210862862,119.572283515921));
#1990=CARTESIAN_POINT('Ctrl Pts',(-18.4038620186238,0.34566615426766,119.945747146597));
#1991=CARTESIAN_POINT('Ctrl Pts',(-16.9038620186238,0.34566615426766,119.945747146597));
#1992=CARTESIAN_POINT('Ctrl Pts',(-18.4038620186238,0.556041610633372,120.062134309217));
#1993=CARTESIAN_POINT('Ctrl Pts',(-16.9038620186238,0.556041610633372,120.062134309217));
#1994=CARTESIAN_POINT('Ctrl Pts',(-18.4038620186238,0.975262606556334,120.294062230227));
#1995=CARTESIAN_POINT('Ctrl Pts',(-16.9038620186238,0.975262606556334,120.294062230227));
#1996=CARTESIAN_POINT('Ctrl Pts',(-18.4038620186238,1.45311038048249,120.327920813188));
#1997=CARTESIAN_POINT('Ctrl Pts',(-16.9038620186238,1.45311038048249,120.327920813188));
#1998=CARTESIAN_POINT('Ctrl Pts',(-18.4038620186238,1.691162331941,120.344788322439));
#1999=CARTESIAN_POINT('Ctrl Pts',(-16.9038620186238,1.691162331941,120.344788322439));
#2000=CARTESIAN_POINT('',(-18.4038620186238,0.34566615426766,119.945747146597));
#2001=CARTESIAN_POINT('Ctrl Pts',(-18.4038620186238,0.34566615426766,119.945747146597));
#2002=CARTESIAN_POINT('Ctrl Pts',(-18.4038620186238,0.556041610633372,120.062134309217));
#2003=CARTESIAN_POINT('Ctrl Pts',(-18.4038620186238,0.975262606556334,120.294062230227));
#2004=CARTESIAN_POINT('Ctrl Pts',(-18.4038620186238,1.45311038048249,120.327920813188));
#2005=CARTESIAN_POINT('Ctrl Pts',(-18.4038620186238,1.691162331941,120.344788322439));
#2006=CARTESIAN_POINT('',(-16.9038620186238,0.34566615426766,119.945747146597));
#2007=CARTESIAN_POINT('',(-18.4038620186238,0.34566615426766,119.945747146597));
#2008=CARTESIAN_POINT('Ctrl Pts',(-16.9038620186238,0.34566615426766,119.945747146597));
#2009=CARTESIAN_POINT('Ctrl Pts',(-16.9038620186238,0.556041610633372,120.062134309217));
#2010=CARTESIAN_POINT('Ctrl Pts',(-16.9038620186238,0.975262606556334,120.294062230227));
#2011=CARTESIAN_POINT('Ctrl Pts',(-16.9038620186238,1.45311038048249,120.327920813188));
#2012=CARTESIAN_POINT('Ctrl Pts',(-16.9038620186238,1.691162331941,120.344788322439));
#2013=CARTESIAN_POINT('Ctrl Pts',(-18.4038620186238,-0.554745451567301,
118.7793080902));
#2014=CARTESIAN_POINT('Ctrl Pts',(-16.9038620186238,-0.554745451567301,
118.7793080902));
#2015=CARTESIAN_POINT('Ctrl Pts',(-18.4038620186238,-0.449932762963251,
119.017752948129));
#2016=CARTESIAN_POINT('Ctrl Pts',(-16.9038620186238,-0.449932762963251,
119.017752948129));
#2017=CARTESIAN_POINT('Ctrl Pts',(-18.4038620186238,-0.246045137986325,
119.481589497105));
#2018=CARTESIAN_POINT('Ctrl Pts',(-16.9038620186238,-0.246045137986325,
119.481589497105));
#2019=CARTESIAN_POINT('Ctrl Pts',(-18.4038620186238,0.15216449396355,119.793958128886));
#2020=CARTESIAN_POINT('Ctrl Pts',(-16.9038620186238,0.15216449396355,119.793958128886));
#2021=CARTESIAN_POINT('Ctrl Pts',(-18.4038620186238,0.34566615426766,119.945747146597));
#2022=CARTESIAN_POINT('Ctrl Pts',(-16.9038620186238,0.34566615426766,119.945747146597));
#2023=CARTESIAN_POINT('',(-18.4038620186238,-0.554745451567301,118.7793080902));
#2024=CARTESIAN_POINT('Ctrl Pts',(-18.4038620186238,-0.554745451567301,
118.7793080902));
#2025=CARTESIAN_POINT('Ctrl Pts',(-18.4038620186238,-0.449932762963251,
119.017752948129));
#2026=CARTESIAN_POINT('Ctrl Pts',(-18.4038620186238,-0.246045137986325,
119.481589497105));
#2027=CARTESIAN_POINT('Ctrl Pts',(-18.4038620186238,0.15216449396355,119.793958128886));
#2028=CARTESIAN_POINT('Ctrl Pts',(-18.4038620186238,0.34566615426766,119.945747146597));
#2029=CARTESIAN_POINT('',(-16.9038620186238,-0.554745451567301,118.7793080902));
#2030=CARTESIAN_POINT('',(-18.4038620186238,-0.554745451567301,118.7793080902));
#2031=CARTESIAN_POINT('Ctrl Pts',(-16.9038620186238,-0.554745451567301,
118.7793080902));
#2032=CARTESIAN_POINT('Ctrl Pts',(-16.9038620186238,-0.449932762963251,
119.017752948129));
#2033=CARTESIAN_POINT('Ctrl Pts',(-16.9038620186238,-0.246045137986325,
119.481589497105));
#2034=CARTESIAN_POINT('Ctrl Pts',(-16.9038620186238,0.15216449396355,119.793958128886));
#2035=CARTESIAN_POINT('Ctrl Pts',(-16.9038620186238,0.34566615426766,119.945747146597));
#2036=CARTESIAN_POINT('Ctrl Pts',(-18.4038620186238,-0.836122290251383,
116.651067028036));
#2037=CARTESIAN_POINT('Ctrl Pts',(-16.9038620186238,-0.836122290251383,
116.651067028036));
#2038=CARTESIAN_POINT('Ctrl Pts',(-18.4038620186238,-0.831691845669996,
117.057951693835));
#2039=CARTESIAN_POINT('Ctrl Pts',(-16.9038620186238,-0.831691845669996,
117.057951693835));
#2040=CARTESIAN_POINT('Ctrl Pts',(-18.4038620186238,-0.823833271056736,
117.779670123313));
#2041=CARTESIAN_POINT('Ctrl Pts',(-16.9038620186238,-0.823833271056736,
117.779670123313));
#2042=CARTESIAN_POINT('Ctrl Pts',(-18.4038620186238,-0.636475953445926,
118.475686347359));
#2043=CARTESIAN_POINT('Ctrl Pts',(-16.9038620186238,-0.636475953445926,
118.475686347359));
#2044=CARTESIAN_POINT('Ctrl Pts',(-18.4038620186238,-0.554745451567301,
118.7793080902));
#2045=CARTESIAN_POINT('Ctrl Pts',(-16.9038620186238,-0.554745451567301,
118.7793080902));
#2046=CARTESIAN_POINT('',(-18.4038620186238,-0.836122290251383,116.651067028036));
#2047=CARTESIAN_POINT('Ctrl Pts',(-18.4038620186238,-0.836122290251383,
116.651067028036));
#2048=CARTESIAN_POINT('Ctrl Pts',(-18.4038620186238,-0.831691845669996,
117.057951693835));
#2049=CARTESIAN_POINT('Ctrl Pts',(-18.4038620186238,-0.823833271056736,
117.779670123313));
#2050=CARTESIAN_POINT('Ctrl Pts',(-18.4038620186238,-0.636475953445926,
118.475686347359));
#2051=CARTESIAN_POINT('Ctrl Pts',(-18.4038620186238,-0.554745451567301,
118.7793080902));
#2052=CARTESIAN_POINT('',(-16.9038620186238,-0.836122290251383,116.651067028036));
#2053=CARTESIAN_POINT('',(-18.4038620186238,-0.836122290251383,116.651067028036));
#2054=CARTESIAN_POINT('Ctrl Pts',(-16.9038620186238,-0.836122290251383,
116.651067028036));
#2055=CARTESIAN_POINT('Ctrl Pts',(-16.9038620186238,-0.831691845669996,
117.057951693835));
#2056=CARTESIAN_POINT('Ctrl Pts',(-16.9038620186238,-0.823833271056736,
117.779670123313));
#2057=CARTESIAN_POINT('Ctrl Pts',(-16.9038620186238,-0.636475953445926,
118.475686347359));
#2058=CARTESIAN_POINT('Ctrl Pts',(-16.9038620186238,-0.554745451567301,
118.7793080902));
#2059=CARTESIAN_POINT('Origin',(-18.4038620186238,-0.836122290251383,112.384354362478));
#2060=CARTESIAN_POINT('',(-18.4038620186238,-0.836122290251383,112.384354362478));
#2061=CARTESIAN_POINT('',(-18.4038620186238,-0.836122290251381,80.8762278413091));
#2062=CARTESIAN_POINT('',(-16.9038620186238,-0.836122290251383,112.384354362478));
#2063=CARTESIAN_POINT('',(-18.4038620186238,-0.836122290251383,112.384354362478));
#2064=CARTESIAN_POINT('',(-16.9038620186238,-0.836122290251383,112.384354362478));
#2065=CARTESIAN_POINT('Origin',(-18.4038620186238,4.12636135423409,112.384354362478));
#2066=CARTESIAN_POINT('',(-18.4038620186238,2.05054631190694,112.384354362478));
#2067=CARTESIAN_POINT('',(-16.9038620186238,4.12636135423409,112.384354362478));
#2068=CARTESIAN_POINT('Origin',(-18.4038620186238,-2.55508448278678,112.384354362478));
#2069=CARTESIAN_POINT('',(-18.4038620186238,-2.55508448278678,112.384354362478));
#2070=CARTESIAN_POINT('',(-18.4038620186238,-9.21606804525626,112.384354362478));
#2071=CARTESIAN_POINT('',(-18.4038620186238,-1.2901766066035,112.384354362478));
#2072=CARTESIAN_POINT('',(-16.9038620186238,-2.55508448278678,112.384354362478));
#2073=CARTESIAN_POINT('',(-18.4038620186238,-2.55508448278678,112.384354362478));
#2074=CARTESIAN_POINT('',(-16.9038620186238,-9.21606804525626,112.384354362478));
#2075=CARTESIAN_POINT('',(-16.9038620186238,-2.55508448278678,112.384354362478));
#2076=CARTESIAN_POINT('',(-18.4038620186238,-9.21606804525626,112.384354362478));
#2077=CARTESIAN_POINT('Origin',(-18.4038620186238,-2.55508448278678,114.686538467398));
#2078=CARTESIAN_POINT('',(-18.4038620186238,-2.55508448278678,114.686538467398));
#2079=CARTESIAN_POINT('',(-18.4038620186238,-2.55508448278678,82.0273198937688));
#2080=CARTESIAN_POINT('',(-16.9038620186238,-2.55508448278678,114.686538467398));
#2081=CARTESIAN_POINT('',(-18.4038620186238,-2.55508448278678,114.686538467398));
#2082=CARTESIAN_POINT('',(-16.9038620186238,-2.55508448278678,114.686538467398));
#2083=CARTESIAN_POINT('Ctrl Pts',(-18.4038620186238,-2.62670780813468,115.791584739675));
#2084=CARTESIAN_POINT('Ctrl Pts',(-16.9038620186238,-2.62670780813468,115.791584739675));
#2085=CARTESIAN_POINT('Ctrl Pts',(-18.4038620186238,-2.60600047105404,115.643428223313));
#2086=CARTESIAN_POINT('Ctrl Pts',(-16.9038620186238,-2.60600047105404,115.643428223313));
#2087=CARTESIAN_POINT('Ctrl Pts',(-18.4038620186238,-2.5547992855622,115.277094819526));
#2088=CARTESIAN_POINT('Ctrl Pts',(-16.9038620186238,-2.5547992855622,115.277094819526));
#2089=CARTESIAN_POINT('Ctrl Pts',(-18.4038620186238,-2.55497802881378,114.906972134167));
#2090=CARTESIAN_POINT('Ctrl Pts',(-16.9038620186238,-2.55497802881378,114.906972134167));
#2091=CARTESIAN_POINT('Ctrl Pts',(-18.4038620186238,-2.55508448278678,114.686538467398));
#2092=CARTESIAN_POINT('Ctrl Pts',(-16.9038620186238,-2.55508448278678,114.686538467398));
#2093=CARTESIAN_POINT('',(-18.4038620186238,-2.62670780813468,115.791584739675));
#2094=CARTESIAN_POINT('Ctrl Pts',(-18.4038620186238,-2.62670780813468,115.791584739675));
#2095=CARTESIAN_POINT('Ctrl Pts',(-18.4038620186238,-2.60600047105404,115.643428223313));
#2096=CARTESIAN_POINT('Ctrl Pts',(-18.4038620186238,-2.5547992855622,115.277094819526));
#2097=CARTESIAN_POINT('Ctrl Pts',(-18.4038620186238,-2.55497802881378,114.906972134167));
#2098=CARTESIAN_POINT('Ctrl Pts',(-18.4038620186238,-2.55508448278678,114.686538467398));
#2099=CARTESIAN_POINT('',(-16.9038620186238,-2.62670780813468,115.791584739675));
#2100=CARTESIAN_POINT('',(-18.4038620186238,-2.62670780813468,115.791584739675));
#2101=CARTESIAN_POINT('Ctrl Pts',(-16.9038620186238,-2.62670780813468,115.791584739675));
#2102=CARTESIAN_POINT('Ctrl Pts',(-16.9038620186238,-2.60600047105404,115.643428223313));
#2103=CARTESIAN_POINT('Ctrl Pts',(-16.9038620186238,-2.5547992855622,115.277094819526));
#2104=CARTESIAN_POINT('Ctrl Pts',(-16.9038620186238,-2.55497802881378,114.906972134167));
#2105=CARTESIAN_POINT('Ctrl Pts',(-16.9038620186238,-2.55508448278678,114.686538467398));
#2106=CARTESIAN_POINT('Ctrl Pts',(-18.4038620186238,-3.02575375234855,116.697110424032));
#2107=CARTESIAN_POINT('Ctrl Pts',(-16.9038620186238,-3.02575375234855,116.697110424032));
#2108=CARTESIAN_POINT('Ctrl Pts',(-18.4038620186238,-2.93807393880929,116.550392300393));
#2109=CARTESIAN_POINT('Ctrl Pts',(-16.9038620186238,-2.93807393880929,116.550392300393));
#2110=CARTESIAN_POINT('Ctrl Pts',(-18.4038620186238,-2.76751520299067,116.264989575645));
#2111=CARTESIAN_POINT('Ctrl Pts',(-16.9038620186238,-2.76751520299067,116.264989575645));
#2112=CARTESIAN_POINT('Ctrl Pts',(-18.4038620186238,-2.67275449757386,115.946397102216));
#2113=CARTESIAN_POINT('Ctrl Pts',(-16.9038620186238,-2.67275449757386,115.946397102216));
#2114=CARTESIAN_POINT('Ctrl Pts',(-18.4038620186238,-2.62670780813468,115.791584739675));
#2115=CARTESIAN_POINT('Ctrl Pts',(-16.9038620186238,-2.62670780813468,115.791584739675));
#2116=CARTESIAN_POINT('',(-18.4038620186238,-3.02575375234855,116.697110424032));
#2117=CARTESIAN_POINT('Ctrl Pts',(-18.4038620186238,-3.02575375234855,116.697110424032));
#2118=CARTESIAN_POINT('Ctrl Pts',(-18.4038620186238,-2.93807393880929,116.550392300393));
#2119=CARTESIAN_POINT('Ctrl Pts',(-18.4038620186238,-2.76751520299067,116.264989575645));
#2120=CARTESIAN_POINT('Ctrl Pts',(-18.4038620186238,-2.67275449757386,115.946397102216));
#2121=CARTESIAN_POINT('Ctrl Pts',(-18.4038620186238,-2.62670780813468,115.791584739675));
#2122=CARTESIAN_POINT('',(-16.9038620186238,-3.02575375234855,116.697110424032));
#2123=CARTESIAN_POINT('',(-18.4038620186238,-3.02575375234855,116.697110424032));
#2124=CARTESIAN_POINT('Ctrl Pts',(-16.9038620186238,-3.02575375234855,116.697110424032));
#2125=CARTESIAN_POINT('Ctrl Pts',(-16.9038620186238,-2.93807393880929,116.550392300393));
#2126=CARTESIAN_POINT('Ctrl Pts',(-16.9038620186238,-2.76751520299067,116.264989575645));
#2127=CARTESIAN_POINT('Ctrl Pts',(-16.9038620186238,-2.67275449757386,115.946397102216));
#2128=CARTESIAN_POINT('Ctrl Pts',(-16.9038620186238,-2.62670780813468,115.791584739675));
#2129=CARTESIAN_POINT('Ctrl Pts',(-18.4038620186238,-4.02848269140495,117.704955825796));
#2130=CARTESIAN_POINT('Ctrl Pts',(-16.9038620186238,-4.02848269140495,117.704955825796));
#2131=CARTESIAN_POINT('Ctrl Pts',(-18.4038620186238,-3.8168654436488,117.535632412196));
#2132=CARTESIAN_POINT('Ctrl Pts',(-16.9038620186238,-3.8168654436488,117.535632412196));
#2133=CARTESIAN_POINT('Ctrl Pts',(-18.4038620186238,-3.44400375176294,117.237290877467));
#2134=CARTESIAN_POINT('Ctrl Pts',(-16.9038620186238,-3.44400375176294,117.237290877467));
#2135=CARTESIAN_POINT('Ctrl Pts',(-18.4038620186238,-3.15202170569193,116.860188679589));
#2136=CARTESIAN_POINT('Ctrl Pts',(-16.9038620186238,-3.15202170569193,116.860188679589));
#2137=CARTESIAN_POINT('Ctrl Pts',(-18.4038620186238,-3.02575375234855,116.697110424032));
#2138=CARTESIAN_POINT('Ctrl Pts',(-16.9038620186238,-3.02575375234855,116.697110424032));
#2139=CARTESIAN_POINT('',(-18.4038620186238,-4.02848269140495,117.704955825796));
#2140=CARTESIAN_POINT('Ctrl Pts',(-18.4038620186238,-4.02848269140495,117.704955825796));
#2141=CARTESIAN_POINT('Ctrl Pts',(-18.4038620186238,-3.8168654436488,117.535632412196));
#2142=CARTESIAN_POINT('Ctrl Pts',(-18.4038620186238,-3.44400375176294,117.237290877467));
#2143=CARTESIAN_POINT('Ctrl Pts',(-18.4038620186238,-3.15202170569193,116.860188679589));
#2144=CARTESIAN_POINT('Ctrl Pts',(-18.4038620186238,-3.02575375234855,116.697110424032));
#2145=CARTESIAN_POINT('',(-16.9038620186238,-4.02848269140495,117.704955825796));
#2146=CARTESIAN_POINT('',(-18.4038620186238,-4.02848269140495,117.704955825796));
#2147=CARTESIAN_POINT('Ctrl Pts',(-16.9038620186238,-4.02848269140495,117.704955825796));
#2148=CARTESIAN_POINT('Ctrl Pts',(-16.9038620186238,-3.8168654436488,117.535632412196));
#2149=CARTESIAN_POINT('Ctrl Pts',(-16.9038620186238,-3.44400375176294,117.237290877467));
#2150=CARTESIAN_POINT('Ctrl Pts',(-16.9038620186238,-3.15202170569193,116.860188679589));
#2151=CARTESIAN_POINT('Ctrl Pts',(-16.9038620186238,-3.02575375234855,116.697110424032));
#2152=CARTESIAN_POINT('Ctrl Pts',(-18.4038620186238,-6.0953309694506,119.137427101126));
#2153=CARTESIAN_POINT('Ctrl Pts',(-16.9038620186238,-6.0953309694506,119.137427101126));
#2154=CARTESIAN_POINT('Ctrl Pts',(-18.4038620186238,-5.6945568507318,118.878026283569));
#2155=CARTESIAN_POINT('Ctrl Pts',(-16.9038620186238,-5.6945568507318,118.878026283569));
#2156=CARTESIAN_POINT('Ctrl Pts',(-18.4038620186238,-4.99043559016138,118.42228420313));
#2157=CARTESIAN_POINT('Ctrl Pts',(-16.9038620186238,-4.99043559016138,118.42228420313));
#2158=CARTESIAN_POINT('Ctrl Pts',(-18.4038620186238,-4.31812518712205,117.920942265182));
#2159=CARTESIAN_POINT('Ctrl Pts',(-16.9038620186238,-4.31812518712205,117.920942265182));
#2160=CARTESIAN_POINT('Ctrl Pts',(-18.4038620186238,-4.02848269140495,117.704955825796));
#2161=CARTESIAN_POINT('Ctrl Pts',(-16.9038620186238,-4.02848269140495,117.704955825796));
#2162=CARTESIAN_POINT('',(-18.4038620186238,-6.0953309694506,119.137427101126));
#2163=CARTESIAN_POINT('Ctrl Pts',(-18.4038620186238,-6.0953309694506,119.137427101126));
#2164=CARTESIAN_POINT('Ctrl Pts',(-18.4038620186238,-5.6945568507318,118.878026283569));
#2165=CARTESIAN_POINT('Ctrl Pts',(-18.4038620186238,-4.99043559016138,118.42228420313));
#2166=CARTESIAN_POINT('Ctrl Pts',(-18.4038620186238,-4.31812518712205,117.920942265182));
#2167=CARTESIAN_POINT('Ctrl Pts',(-18.4038620186238,-4.02848269140495,117.704955825796));
#2168=CARTESIAN_POINT('',(-16.9038620186238,-6.0953309694506,119.137427101126));
#2169=CARTESIAN_POINT('',(-18.4038620186238,-6.0953309694506,119.137427101126));
#2170=CARTESIAN_POINT('Ctrl Pts',(-16.9038620186238,-6.0953309694506,119.137427101126));
#2171=CARTESIAN_POINT('Ctrl Pts',(-16.9038620186238,-5.6945568507318,118.878026283569));
#2172=CARTESIAN_POINT('Ctrl Pts',(-16.9038620186238,-4.99043559016138,118.42228420313));
#2173=CARTESIAN_POINT('Ctrl Pts',(-16.9038620186238,-4.31812518712205,117.920942265182));
#2174=CARTESIAN_POINT('Ctrl Pts',(-16.9038620186238,-4.02848269140495,117.704955825796));
#2175=CARTESIAN_POINT('Origin',(-18.4038620186238,-9.21606804525627,121.122419128408));
#2176=CARTESIAN_POINT('',(-18.4038620186238,-9.21606804525627,121.122419128408));
#2177=CARTESIAN_POINT('',(-18.4038620186238,10.3026719560208,108.707229272936));
#2178=CARTESIAN_POINT('',(-16.9038620186238,-9.21606804525627,121.122419128408));
#2179=CARTESIAN_POINT('',(-18.4038620186238,-9.21606804525627,121.122419128408));
#2180=CARTESIAN_POINT('',(-16.9038620186238,-9.21606804525627,121.122419128408));
#2181=CARTESIAN_POINT('Origin',(-18.4038620186238,-9.21606804525627,123.619009742727));
#2182=CARTESIAN_POINT('',(-18.4038620186238,-9.21606804525627,123.619009742727));
#2183=CARTESIAN_POINT('',(-18.4038620186238,-9.21606804525626,86.4935555314336));
#2184=CARTESIAN_POINT('',(-16.9038620186238,-9.21606804525627,123.619009742727));
#2185=CARTESIAN_POINT('',(-18.4038620186238,-9.21606804525627,123.619009742727));
#2186=CARTESIAN_POINT('',(-16.9038620186238,-9.21606804525627,123.619009742727));
#2187=CARTESIAN_POINT('Origin',(-18.4038620186238,-5.13353134786857,121.009866485586));
#2188=CARTESIAN_POINT('',(-18.4038620186238,-5.13353134786857,121.009866485586));
#2189=CARTESIAN_POINT('',(-18.4038620186238,12.9340325210051,109.462912732151));
#2190=CARTESIAN_POINT('',(-16.9038620186238,-5.13353134786857,121.009866485586));
#2191=CARTESIAN_POINT('',(-18.4038620186238,-5.13353134786857,121.009866485586));
#2192=CARTESIAN_POINT('',(-16.9038620186238,-5.13353134786857,121.009866485586));
#2193=CARTESIAN_POINT('Ctrl Pts',(-18.4038620186238,-3.13830639517082,119.362527618399));
#2194=CARTESIAN_POINT('Ctrl Pts',(-16.9038620186238,-3.13830639517082,119.362527618399));
#2195=CARTESIAN_POINT('Ctrl Pts',(-18.4038620186238,-3.42972686357666,119.654223399244));
#2196=CARTESIAN_POINT('Ctrl Pts',(-16.9038620186238,-3.42972686357666,119.654223399244));
#2197=CARTESIAN_POINT('Ctrl Pts',(-18.4038620186238,-4.04191933990729,120.26699422961));
#2198=CARTESIAN_POINT('Ctrl Pts',(-16.9038620186238,-4.04191933990729,120.26699422961));
#2199=CARTESIAN_POINT('Ctrl Pts',(-18.4038620186238,-4.75821312131464,120.754452019974));
#2200=CARTESIAN_POINT('Ctrl Pts',(-16.9038620186238,-4.75821312131464,120.754452019974));
#2201=CARTESIAN_POINT('Ctrl Pts',(-18.4038620186238,-5.13353134786857,121.009866485586));
#2202=CARTESIAN_POINT('Ctrl Pts',(-16.9038620186238,-5.13353134786857,121.009866485586));
#2203=CARTESIAN_POINT('',(-18.4038620186238,-3.13830639517082,119.362527618399));
#2204=CARTESIAN_POINT('Ctrl Pts',(-18.4038620186238,-3.13830639517082,119.362527618399));
#2205=CARTESIAN_POINT('Ctrl Pts',(-18.4038620186238,-3.42972686357666,119.654223399244));
#2206=CARTESIAN_POINT('Ctrl Pts',(-18.4038620186238,-4.04191933990729,120.26699422961));
#2207=CARTESIAN_POINT('Ctrl Pts',(-18.4038620186238,-4.75821312131464,120.754452019974));
#2208=CARTESIAN_POINT('Ctrl Pts',(-18.4038620186238,-5.13353134786857,121.009866485586));
#2209=CARTESIAN_POINT('',(-16.9038620186238,-3.13830639517082,119.362527618399));
#2210=CARTESIAN_POINT('',(-18.4038620186238,-3.13830639517082,119.362527618399));
#2211=CARTESIAN_POINT('Ctrl Pts',(-16.9038620186238,-3.13830639517082,119.362527618399));
#2212=CARTESIAN_POINT('Ctrl Pts',(-16.9038620186238,-3.42972686357666,119.654223399244));
#2213=CARTESIAN_POINT('Ctrl Pts',(-16.9038620186238,-4.04191933990729,120.26699422961));
#2214=CARTESIAN_POINT('Ctrl Pts',(-16.9038620186238,-4.75821312131464,120.754452019974));
#2215=CARTESIAN_POINT('Ctrl Pts',(-16.9038620186238,-5.13353134786857,121.009866485586));
#2216=CARTESIAN_POINT('Ctrl Pts',(-18.4038620186238,-2.3913743654467,118.165392169943));
#2217=CARTESIAN_POINT('Ctrl Pts',(-16.9038620186238,-2.3913743654467,118.165392169943));
#2218=CARTESIAN_POINT('Ctrl Pts',(-18.4038620186238,-2.50821593745857,118.401860942449));
#2219=CARTESIAN_POINT('Ctrl Pts',(-16.9038620186238,-2.50821593745857,118.401860942449));
#2220=CARTESIAN_POINT('Ctrl Pts',(-18.4038620186238,-2.71776062987999,118.825946097663));
#2221=CARTESIAN_POINT('Ctrl Pts',(-16.9038620186238,-2.71776062987999,118.825946097663));
#2222=CARTESIAN_POINT('Ctrl Pts',(-18.4038620186238,-3.0093198382382,119.197951468582));
#2223=CARTESIAN_POINT('Ctrl Pts',(-16.9038620186238,-3.0093198382382,119.197951468582));
#2224=CARTESIAN_POINT('Ctrl Pts',(-18.4038620186238,-3.13830639517082,119.362527618399));
#2225=CARTESIAN_POINT('Ctrl Pts',(-16.9038620186238,-3.13830639517082,119.362527618399));
#2226=CARTESIAN_POINT('',(-18.4038620186238,-2.3913743654467,118.165392169943));
#2227=CARTESIAN_POINT('Ctrl Pts',(-18.4038620186238,-2.3913743654467,118.165392169943));
#2228=CARTESIAN_POINT('Ctrl Pts',(-18.4038620186238,-2.50821593745857,118.401860942449));
#2229=CARTESIAN_POINT('Ctrl Pts',(-18.4038620186238,-2.71776062987999,118.825946097663));
#2230=CARTESIAN_POINT('Ctrl Pts',(-18.4038620186238,-3.0093198382382,119.197951468582));
#2231=CARTESIAN_POINT('Ctrl Pts',(-18.4038620186238,-3.13830639517082,119.362527618399));
#2232=CARTESIAN_POINT('',(-16.9038620186238,-2.3913743654467,118.165392169943));
#2233=CARTESIAN_POINT('',(-18.4038620186238,-2.3913743654467,118.165392169943));
#2234=CARTESIAN_POINT('Ctrl Pts',(-16.9038620186238,-2.3913743654467,118.165392169943));
#2235=CARTESIAN_POINT('Ctrl Pts',(-16.9038620186238,-2.50821593745857,118.401860942449));
#2236=CARTESIAN_POINT('Ctrl Pts',(-16.9038620186238,-2.71776062987999,118.825946097663));
#2237=CARTESIAN_POINT('Ctrl Pts',(-16.9038620186238,-3.0093198382382,119.197951468582));
#2238=CARTESIAN_POINT('Ctrl Pts',(-16.9038620186238,-3.13830639517082,119.362527618399));
#2239=CARTESIAN_POINT('Ctrl Pts',(-18.4038620186238,-0.999832407591471,
121.357752571096));
#2240=CARTESIAN_POINT('Ctrl Pts',(-16.9038620186238,-0.999832407591471,
121.357752571096));
#2241=CARTESIAN_POINT('Ctrl Pts',(-18.4038620186238,-1.33494733974337,120.93622520844));
#2242=CARTESIAN_POINT('Ctrl Pts',(-16.9038620186238,-1.33494733974337,120.93622520844));
#2243=CARTESIAN_POINT('Ctrl Pts',(-18.4038620186238,-2.07919865944198,120.000061922812));
#2244=CARTESIAN_POINT('Ctrl Pts',(-16.9038620186238,-2.07919865944198,120.000061922812));
#2245=CARTESIAN_POINT('Ctrl Pts',(-18.4038620186238,-2.28063758558309,118.816196882283));
#2246=CARTESIAN_POINT('Ctrl Pts',(-16.9038620186238,-2.28063758558309,118.816196882283));
#2247=CARTESIAN_POINT('Ctrl Pts',(-18.4038620186238,-2.3913743654467,118.165392169943));
#2248=CARTESIAN_POINT('Ctrl Pts',(-16.9038620186238,-2.3913743654467,118.165392169943));
#2249=CARTESIAN_POINT('',(-18.4038620186238,-0.999832407591471,121.357752571096));
#2250=CARTESIAN_POINT('Ctrl Pts',(-18.4038620186238,-0.999832407591471,
121.357752571096));
#2251=CARTESIAN_POINT('Ctrl Pts',(-18.4038620186238,-1.33494733974337,120.93622520844));
#2252=CARTESIAN_POINT('Ctrl Pts',(-18.4038620186238,-2.07919865944198,120.000061922812));
#2253=CARTESIAN_POINT('Ctrl Pts',(-18.4038620186238,-2.28063758558309,118.816196882283));
#2254=CARTESIAN_POINT('Ctrl Pts',(-18.4038620186238,-2.3913743654467,118.165392169943));
#2255=CARTESIAN_POINT('',(-16.9038620186238,-0.999832407591472,121.357752571096));
#2256=CARTESIAN_POINT('',(-18.4038620186238,-0.999832407591471,121.357752571096));
#2257=CARTESIAN_POINT('Ctrl Pts',(-16.9038620186238,-0.999832407591471,
121.357752571096));
#2258=CARTESIAN_POINT('Ctrl Pts',(-16.9038620186238,-1.33494733974337,120.93622520844));
#2259=CARTESIAN_POINT('Ctrl Pts',(-16.9038620186238,-2.07919865944198,120.000061922812));
#2260=CARTESIAN_POINT('Ctrl Pts',(-16.9038620186238,-2.28063758558309,118.816196882283));
#2261=CARTESIAN_POINT('Ctrl Pts',(-16.9038620186238,-2.3913743654467,118.165392169943));
#2262=CARTESIAN_POINT('Ctrl Pts',(-18.4038620186238,1.691162331941,122.391177902212));
#2263=CARTESIAN_POINT('Ctrl Pts',(-16.9038620186238,1.691162331941,122.391177902212));
#2264=CARTESIAN_POINT('Ctrl Pts',(-18.4038620186238,1.18307290627416,122.350992405835));
#2265=CARTESIAN_POINT('Ctrl Pts',(-16.9038620186238,1.18307290627416,122.350992405835));
#2266=CARTESIAN_POINT('Ctrl Pts',(-18.4038620186238,0.183170556920157,122.271908744164));
#2267=CARTESIAN_POINT('Ctrl Pts',(-16.9038620186238,0.183170556920157,122.271908744164));
#2268=CARTESIAN_POINT('Ctrl Pts',(-18.4038620186238,-0.609800772719961,
121.659146428428));
#2269=CARTESIAN_POINT('Ctrl Pts',(-16.9038620186238,-0.609800772719961,
121.659146428428));
#2270=CARTESIAN_POINT('Ctrl Pts',(-18.4038620186238,-0.999832407591471,
121.357752571096));
#2271=CARTESIAN_POINT('Ctrl Pts',(-16.9038620186238,-0.999832407591471,
121.357752571096));
#2272=CARTESIAN_POINT('',(-18.4038620186238,1.691162331941,122.391177902212));
#2273=CARTESIAN_POINT('Ctrl Pts',(-18.4038620186238,1.691162331941,122.391177902212));
#2274=CARTESIAN_POINT('Ctrl Pts',(-18.4038620186238,1.18307290627416,122.350992405835));
#2275=CARTESIAN_POINT('Ctrl Pts',(-18.4038620186238,0.183170556920157,122.271908744164));
#2276=CARTESIAN_POINT('Ctrl Pts',(-18.4038620186238,-0.609800772719961,
121.659146428428));
#2277=CARTESIAN_POINT('Ctrl Pts',(-18.4038620186238,-0.999832407591471,
121.357752571096));
#2278=CARTESIAN_POINT('',(-16.9038620186238,1.691162331941,122.391177902212));
#2279=CARTESIAN_POINT('',(-18.4038620186238,1.691162331941,122.391177902212));
#2280=CARTESIAN_POINT('Ctrl Pts',(-16.9038620186238,1.691162331941,122.391177902212));
#2281=CARTESIAN_POINT('Ctrl Pts',(-16.9038620186238,1.18307290627416,122.350992405835));
#2282=CARTESIAN_POINT('Ctrl Pts',(-16.9038620186238,0.183170556920157,122.271908744164));
#2283=CARTESIAN_POINT('Ctrl Pts',(-16.9038620186238,-0.609800772719961,
121.659146428428));
#2284=CARTESIAN_POINT('Ctrl Pts',(-16.9038620186238,-0.999832407591471,
121.357752571096));
#2285=CARTESIAN_POINT('Ctrl Pts',(-18.4038620186238,3.95241831147896,121.767031440725));
#2286=CARTESIAN_POINT('Ctrl Pts',(-16.9038620186238,3.95241831147896,121.767031440725));
#2287=CARTESIAN_POINT('Ctrl Pts',(-18.4038620186238,3.60065903178814,121.949070953113));
#2288=CARTESIAN_POINT('Ctrl Pts',(-16.9038620186238,3.60065903178814,121.949070953113));
#2289=CARTESIAN_POINT('Ctrl Pts',(-18.4038620186238,2.89105055587829,122.316301580417));
#2290=CARTESIAN_POINT('Ctrl Pts',(-16.9038620186238,2.89105055587829,122.316301580417));
#2291=CARTESIAN_POINT('Ctrl Pts',(-18.4038620186238,2.09340688711133,122.366076736826));
#2292=CARTESIAN_POINT('Ctrl Pts',(-16.9038620186238,2.09340688711133,122.366076736826));
#2293=CARTESIAN_POINT('Ctrl Pts',(-18.4038620186238,1.691162331941,122.391177902212));
#2294=CARTESIAN_POINT('Ctrl Pts',(-16.9038620186238,1.691162331941,122.391177902212));
#2295=CARTESIAN_POINT('',(-18.4038620186238,3.95241831147896,121.767031440725));
#2296=CARTESIAN_POINT('Ctrl Pts',(-18.4038620186238,3.95241831147896,121.767031440725));
#2297=CARTESIAN_POINT('Ctrl Pts',(-18.4038620186238,3.60065903178814,121.949070953113));
#2298=CARTESIAN_POINT('Ctrl Pts',(-18.4038620186238,2.89105055587829,122.316301580417));
#2299=CARTESIAN_POINT('Ctrl Pts',(-18.4038620186238,2.09340688711133,122.366076736826));
#2300=CARTESIAN_POINT('Ctrl Pts',(-18.4038620186238,1.691162331941,122.391177902212));
#2301=CARTESIAN_POINT('',(-16.9038620186238,3.95241831147896,121.767031440725));
#2302=CARTESIAN_POINT('',(-18.4038620186238,3.95241831147896,121.767031440725));
#2303=CARTESIAN_POINT('Ctrl Pts',(-16.9038620186238,3.95241831147896,121.767031440725));
#2304=CARTESIAN_POINT('Ctrl Pts',(-16.9038620186238,3.60065903178814,121.949070953113));
#2305=CARTESIAN_POINT('Ctrl Pts',(-16.9038620186238,2.89105055587829,122.316301580417));
#2306=CARTESIAN_POINT('Ctrl Pts',(-16.9038620186238,2.09340688711133,122.366076736826));
#2307=CARTESIAN_POINT('Ctrl Pts',(-16.9038620186238,1.691162331941,122.391177902212));
#2308=CARTESIAN_POINT('Ctrl Pts',(-18.4038620186238,5.37977193200814,120.099226722708));
#2309=CARTESIAN_POINT('Ctrl Pts',(-16.9038620186238,5.37977193200814,120.099226722708));
#2310=CARTESIAN_POINT('Ctrl Pts',(-18.4038620186238,5.2161927216728,120.431479773925));
#2311=CARTESIAN_POINT('Ctrl Pts',(-16.9038620186238,5.2161927216728,120.431479773925));
#2312=CARTESIAN_POINT('Ctrl Pts',(-18.4038620186238,4.88284993330415,121.108547222226));
#2313=CARTESIAN_POINT('Ctrl Pts',(-16.9038620186238,4.88284993330415,121.108547222226));
#2314=CARTESIAN_POINT('Ctrl Pts',(-18.4038620186238,4.2663745874967,121.544838591506));
#2315=CARTESIAN_POINT('Ctrl Pts',(-16.9038620186238,4.2663745874967,121.544838591506));
#2316=CARTESIAN_POINT('Ctrl Pts',(-18.4038620186238,3.95241831147896,121.767031440725));
#2317=CARTESIAN_POINT('Ctrl Pts',(-16.9038620186238,3.95241831147896,121.767031440725));
#2318=CARTESIAN_POINT('',(-18.4038620186238,5.37977193200814,120.099226722708));
#2319=CARTESIAN_POINT('Ctrl Pts',(-18.4038620186238,5.37977193200814,120.099226722708));
#2320=CARTESIAN_POINT('Ctrl Pts',(-18.4038620186238,5.2161927216728,120.431479773925));
#2321=CARTESIAN_POINT('Ctrl Pts',(-18.4038620186238,4.88284993330415,121.108547222226));
#2322=CARTESIAN_POINT('Ctrl Pts',(-18.4038620186238,4.2663745874967,121.544838591506));
#2323=CARTESIAN_POINT('Ctrl Pts',(-18.4038620186238,3.95241831147896,121.767031440725));
#2324=CARTESIAN_POINT('',(-16.9038620186238,5.37977193200814,120.099226722708));
#2325=CARTESIAN_POINT('',(-18.4038620186238,5.37977193200814,120.099226722708));
#2326=CARTESIAN_POINT('Ctrl Pts',(-16.9038620186238,5.37977193200814,120.099226722708));
#2327=CARTESIAN_POINT('Ctrl Pts',(-16.9038620186238,5.2161927216728,120.431479773925));
#2328=CARTESIAN_POINT('Ctrl Pts',(-16.9038620186238,4.88284993330415,121.108547222226));
#2329=CARTESIAN_POINT('Ctrl Pts',(-16.9038620186238,4.2663745874967,121.544838591506));
#2330=CARTESIAN_POINT('Ctrl Pts',(-16.9038620186238,3.95241831147896,121.767031440725));
#2331=CARTESIAN_POINT('Ctrl Pts',(-18.4038620186238,5.78393314683663,117.050110588064));
#2332=CARTESIAN_POINT('Ctrl Pts',(-16.9038620186238,5.78393314683663,117.050110588064));
#2333=CARTESIAN_POINT('Ctrl Pts',(-18.4038620186238,5.77937325232483,117.642683937352));
#2334=CARTESIAN_POINT('Ctrl Pts',(-16.9038620186238,5.77937325232483,117.642683937352));
#2335=CARTESIAN_POINT('Ctrl Pts',(-18.4038620186238,5.77141026275915,118.677500726436));
#2336=CARTESIAN_POINT('Ctrl Pts',(-16.9038620186238,5.77141026275915,118.677500726436));
#2337=CARTESIAN_POINT('Ctrl Pts',(-18.4038620186238,5.4970315258697,119.67355078699));
#2338=CARTESIAN_POINT('Ctrl Pts',(-16.9038620186238,5.4970315258697,119.67355078699));
#2339=CARTESIAN_POINT('Ctrl Pts',(-18.4038620186238,5.37977193200814,120.099226722708));
#2340=CARTESIAN_POINT('Ctrl Pts',(-16.9038620186238,5.37977193200814,120.099226722708));
#2341=CARTESIAN_POINT('',(-18.4038620186238,5.78393314683663,117.050110588064));
#2342=CARTESIAN_POINT('Ctrl Pts',(-18.4038620186238,5.78393314683663,117.050110588064));
#2343=CARTESIAN_POINT('Ctrl Pts',(-18.4038620186238,5.77937325232483,117.642683937352));
#2344=CARTESIAN_POINT('Ctrl Pts',(-18.4038620186238,5.77141026275915,118.677500726436));
#2345=CARTESIAN_POINT('Ctrl Pts',(-18.4038620186238,5.4970315258697,119.67355078699));
#2346=CARTESIAN_POINT('Ctrl Pts',(-18.4038620186238,5.37977193200814,120.099226722708));
#2347=CARTESIAN_POINT('',(-16.9038620186238,5.78393314683663,117.050110588064));
#2348=CARTESIAN_POINT('',(-18.4038620186238,5.78393314683663,117.050110588064));
#2349=CARTESIAN_POINT('Ctrl Pts',(-16.9038620186238,5.78393314683663,117.050110588064));
#2350=CARTESIAN_POINT('Ctrl Pts',(-16.9038620186238,5.77937325232483,117.642683937352));
#2351=CARTESIAN_POINT('Ctrl Pts',(-16.9038620186238,5.77141026275915,118.677500726436));
#2352=CARTESIAN_POINT('Ctrl Pts',(-16.9038620186238,5.4970315258697,119.67355078699));
#2353=CARTESIAN_POINT('Ctrl Pts',(-16.9038620186238,5.37977193200814,120.099226722708));
#2354=CARTESIAN_POINT('Origin',(-18.4038620186238,5.78393314683663,110.399362335195));
#2355=CARTESIAN_POINT('',(-18.4038620186238,5.78393314683663,110.399362335195));
#2356=CARTESIAN_POINT('',(-18.4038620186238,5.78393314683663,79.8837318276678));
#2357=CARTESIAN_POINT('',(-16.9038620186238,5.78393314683663,110.399362335195));
#2358=CARTESIAN_POINT('',(-18.4038620186238,5.78393314683663,110.399362335195));
#2359=CARTESIAN_POINT('',(-16.9038620186238,5.78393314683663,110.399362335195));
#2360=CARTESIAN_POINT('Origin',(-18.4038620186238,-9.21606804525626,110.399362335195));
#2361=CARTESIAN_POINT('',(-18.4038620186238,-9.21606804525626,110.399362335195));
#2362=CARTESIAN_POINT('',(-18.4038620186238,-4.62066838783824,110.399362335195));
#2363=CARTESIAN_POINT('',(-16.9038620186238,-9.21606804525626,110.399362335195));
#2364=CARTESIAN_POINT('',(-18.4038620186238,-9.21606804525626,110.399362335195));
#2365=CARTESIAN_POINT('',(-16.9038620186238,-9.21606804525626,110.399362335195));
#2366=CARTESIAN_POINT('Origin',(-18.4038620186238,-9.21606804525626,112.384354362478));
#2367=CARTESIAN_POINT('',(-18.4038620186238,-9.21606804525626,80.8762278413091));
#2368=CARTESIAN_POINT('',(-16.9038620186238,-9.21606804525626,112.384354362478));
#2369=CARTESIAN_POINT('Origin',(-16.9038620186238,-1.71606744920982,115.044653902044));
#2370=CARTESIAN_POINT('Origin',(-18.4038620186238,-7.44594599401725,134.792267570486));
#2371=CARTESIAN_POINT('',(-18.4038620186238,-7.44594599401725,134.792267570486));
#2372=CARTESIAN_POINT('',(-18.4038620186238,-9.21606804525627,134.792267570486));
#2373=CARTESIAN_POINT('',(-18.4038620186238,-3.73560736221874,134.792267570486));
#2374=CARTESIAN_POINT('',(-16.9038620186238,-7.44594599401725,134.792267570486));
#2375=CARTESIAN_POINT('',(-18.4038620186238,-7.44594599401725,134.792267570486));
#2376=CARTESIAN_POINT('',(-16.9038620186238,-9.21606804525627,134.792267570486));
#2377=CARTESIAN_POINT('',(-16.9038620186238,-7.44594599401725,134.792267570486));
#2378=CARTESIAN_POINT('',(-18.4038620186238,-9.21606804525627,134.792267570486));
#2379=CARTESIAN_POINT('Origin',(-18.4038620186238,-7.44594599401725,127.404820213308));
#2380=CARTESIAN_POINT('',(-18.4038620186238,-7.44594599401725,127.404820213308));
#2381=CARTESIAN_POINT('',(-18.4038620186238,-7.44594599401725,88.3864607667242));
#2382=CARTESIAN_POINT('',(-16.9038620186238,-7.44594599401725,127.404820213308));
#2383=CARTESIAN_POINT('',(-18.4038620186238,-7.44594599401725,127.404820213308));
#2384=CARTESIAN_POINT('',(-16.9038620186238,-7.44594599401725,127.404820213308));
#2385=CARTESIAN_POINT('Origin',(-18.4038620186238,5.78393314683663,127.404820213308));
#2386=CARTESIAN_POINT('',(-18.4038620186238,5.78393314683663,127.404820213308));
#2387=CARTESIAN_POINT('',(-18.4038620186238,2.87933220820821,127.404820213308));
#2388=CARTESIAN_POINT('',(-16.9038620186238,5.78393314683663,127.404820213308));
#2389=CARTESIAN_POINT('',(-18.4038620186238,5.78393314683663,127.404820213308));
#2390=CARTESIAN_POINT('',(-16.9038620186238,5.78393314683663,127.404820213308));
#2391=CARTESIAN_POINT('Origin',(-18.4038620186238,5.78393314683663,125.419823417654));
#2392=CARTESIAN_POINT('',(-18.4038620186238,5.78393314683663,125.419823417654));
#2393=CARTESIAN_POINT('',(-18.4038620186238,5.78393314683663,87.393962368897));
#2394=CARTESIAN_POINT('',(-16.9038620186238,5.78393314683663,125.419823417654));
#2395=CARTESIAN_POINT('',(-18.4038620186238,5.78393314683663,125.419823417654));
#2396=CARTESIAN_POINT('',(-16.9038620186238,5.78393314683663,125.419823417654));
#2397=CARTESIAN_POINT('Origin',(-18.4038620186238,-9.21606804525627,125.419823417654));
#2398=CARTESIAN_POINT('',(-18.4038620186238,-9.21606804525627,125.419823417654));
#2399=CARTESIAN_POINT('',(-18.4038620186238,-4.62066838783824,125.419823417654));
#2400=CARTESIAN_POINT('',(-16.9038620186238,-9.21606804525627,125.419823417654));
#2401=CARTESIAN_POINT('',(-18.4038620186238,-9.21606804525627,125.419823417654));
#2402=CARTESIAN_POINT('',(-16.9038620186238,-9.21606804525627,125.419823417654));
#2403=CARTESIAN_POINT('Origin',(-18.4038620186238,-9.21606804525627,134.792267570486));
#2404=CARTESIAN_POINT('',(-18.4038620186238,-9.21606804525626,92.080184445313));
#2405=CARTESIAN_POINT('',(-16.9038620186238,-9.21606804525627,134.792267570486));
#2406=CARTESIAN_POINT('Origin',(-16.9038620186238,-1.71606744920982,115.044653902044));
#2407=CARTESIAN_POINT('Origin',(-18.4038620186238,-2.14580799734367,97.2820346450709));
#2408=CARTESIAN_POINT('',(-18.4038620186238,-2.14580799734367,97.2820346450709));
#2409=CARTESIAN_POINT('',(-18.4038620186238,-9.21606804525626,97.2820346450709));
#2410=CARTESIAN_POINT('',(-18.4038620186238,-1.08553836388194,97.2820346450709));
#2411=CARTESIAN_POINT('',(-16.9038620186238,-2.14580799734367,97.2820346450709));
#2412=CARTESIAN_POINT('',(-18.4038620186238,-2.14580799734367,97.2820346450709));
#2413=CARTESIAN_POINT('',(-16.9038620186238,-9.21606804525626,97.2820346450709));
#2414=CARTESIAN_POINT('',(-16.9038620186238,-2.14580799734367,97.2820346450709));
#2415=CARTESIAN_POINT('',(-18.4038620186238,-9.21606804525626,97.2820346450709));
#2416=CARTESIAN_POINT('Origin',(-18.4038620186238,-2.14580799734367,105.078760871878));
#2417=CARTESIAN_POINT('',(-18.4038620186238,-2.14580799734367,105.078760871878));
#2418=CARTESIAN_POINT('',(-18.4038620186238,-2.14580799734367,77.2234310960088));
#2419=CARTESIAN_POINT('',(-16.9038620186238,-2.14580799734367,105.078760871878));
#2420=CARTESIAN_POINT('',(-18.4038620186238,-2.14580799734367,105.078760871878));
#2421=CARTESIAN_POINT('',(-16.9038620186238,-2.14580799734367,105.078760871878));
#2422=CARTESIAN_POINT('Origin',(-18.4038620186238,-9.21606804525626,105.078760871878));
#2423=CARTESIAN_POINT('',(-18.4038620186238,-9.21606804525626,105.078760871878));
#2424=CARTESIAN_POINT('',(-18.4038620186238,-4.62066838783824,105.078760871878));
#2425=CARTESIAN_POINT('',(-16.9038620186238,-9.21606804525626,105.078760871878));
#2426=CARTESIAN_POINT('',(-18.4038620186238,-9.21606804525626,105.078760871878));
#2427=CARTESIAN_POINT('',(-16.9038620186238,-9.21606804525626,105.078760871878));
#2428=CARTESIAN_POINT('Origin',(-18.4038620186238,-9.21606804525626,107.06375289916));
#2429=CARTESIAN_POINT('',(-18.4038620186238,-9.21606804525626,107.06375289916));
#2430=CARTESIAN_POINT('',(-18.4038620186238,-9.21606804525626,78.2159271096502));
#2431=CARTESIAN_POINT('',(-16.9038620186238,-9.21606804525626,107.06375289916));
#2432=CARTESIAN_POINT('',(-18.4038620186238,-9.21606804525626,107.06375289916));
#2433=CARTESIAN_POINT('',(-16.9038620186238,-9.21606804525626,107.06375289916));
#2434=CARTESIAN_POINT('Origin',(-18.4038620186238,5.78393314683663,107.06375289916));
#2435=CARTESIAN_POINT('',(-18.4038620186238,5.78393314683663,107.06375289916));
#2436=CARTESIAN_POINT('',(-18.4038620186238,2.87933220820821,107.06375289916));
#2437=CARTESIAN_POINT('',(-16.9038620186238,5.78393314683663,107.06375289916));
#2438=CARTESIAN_POINT('',(-18.4038620186238,5.78393314683663,107.06375289916));
#2439=CARTESIAN_POINT('',(-16.9038620186238,5.78393314683663,107.06375289916));
#2440=CARTESIAN_POINT('Origin',(-18.4038620186238,5.78393314683663,105.078760871878));
#2441=CARTESIAN_POINT('',(-18.4038620186238,5.78393314683663,105.078760871878));
#2442=CARTESIAN_POINT('',(-18.4038620186238,5.78393314683663,77.2234310960088));
#2443=CARTESIAN_POINT('',(-16.9038620186238,5.78393314683663,105.078760871878));
#2444=CARTESIAN_POINT('',(-18.4038620186238,5.78393314683663,105.078760871878));
#2445=CARTESIAN_POINT('',(-16.9038620186238,5.78393314683663,105.078760871878));
#2446=CARTESIAN_POINT('Origin',(-18.4038620186238,-0.375685946104654,105.078760871878));
#2447=CARTESIAN_POINT('',(-18.4038620186238,-0.375685946104654,105.078760871878));
#2448=CARTESIAN_POINT('',(-18.4038620186238,-0.200477338262435,105.078760871878));
#2449=CARTESIAN_POINT('',(-16.9038620186238,-0.375685946104654,105.078760871878));
#2450=CARTESIAN_POINT('',(-18.4038620186238,-0.375685946104654,105.078760871878));
#2451=CARTESIAN_POINT('',(-16.9038620186238,-0.375685946104654,105.078760871878));
#2452=CARTESIAN_POINT('Origin',(-18.4038620186238,-0.375685946104653,97.2820346450709));
#2453=CARTESIAN_POINT('',(-18.4038620186238,-0.375685946104653,97.2820346450709));
#2454=CARTESIAN_POINT('',(-18.4038620186238,-0.375685946104652,73.3250679826055));
#2455=CARTESIAN_POINT('',(-16.9038620186238,-0.375685946104654,97.2820346450709));
#2456=CARTESIAN_POINT('',(-18.4038620186238,-0.375685946104653,97.2820346450709));
#2457=CARTESIAN_POINT('',(-16.9038620186238,-0.375685946104653,97.2820346450709));
#2458=CARTESIAN_POINT('Origin',(-18.4038620186238,5.78393314683663,97.2820346450709));
#2459=CARTESIAN_POINT('',(-18.4038620186238,5.78393314683663,97.2820346450709));
#2460=CARTESIAN_POINT('',(-18.4038620186238,2.87933220820821,97.2820346450709));
#2461=CARTESIAN_POINT('',(-16.9038620186238,5.78393314683663,97.2820346450709));
#2462=CARTESIAN_POINT('',(-18.4038620186238,5.78393314683663,97.2820346450709));
#2463=CARTESIAN_POINT('',(-16.9038620186238,5.78393314683663,97.2820346450709));
#2464=CARTESIAN_POINT('Origin',(-18.4038620186238,5.78393314683663,95.2970402336024));
#2465=CARTESIAN_POINT('',(-18.4038620186238,5.78393314683663,95.2970402336024));
#2466=CARTESIAN_POINT('',(-18.4038620186238,5.78393314683663,72.3325707768713));
#2467=CARTESIAN_POINT('',(-16.9038620186238,5.78393314683663,95.2970402336024));
#2468=CARTESIAN_POINT('',(-18.4038620186238,5.78393314683663,95.2970402336024));
#2469=CARTESIAN_POINT('',(-16.9038620186238,5.78393314683663,95.2970402336024));
#2470=CARTESIAN_POINT('Origin',(-18.4038620186238,-9.21606804525626,95.2970402336024));
#2471=CARTESIAN_POINT('',(-18.4038620186238,-9.21606804525626,95.2970402336024));
#2472=CARTESIAN_POINT('',(-18.4038620186238,-4.62066838783824,95.2970402336024));
#2473=CARTESIAN_POINT('',(-16.9038620186238,-9.21606804525626,95.2970402336024));
#2474=CARTESIAN_POINT('',(-18.4038620186238,-9.21606804525626,95.2970402336024));
#2475=CARTESIAN_POINT('',(-16.9038620186238,-9.21606804525626,95.2970402336024));
#2476=CARTESIAN_POINT('Origin',(-18.4038620186238,-9.21606804525626,97.2820346450709));
#2477=CARTESIAN_POINT('',(-18.4038620186238,-9.21606804525626,73.3250679826055));
#2478=CARTESIAN_POINT('',(-16.9038620186238,-9.21606804525626,97.2820346450709));
#2479=CARTESIAN_POINT('Origin',(-16.9038620186238,-1.71606744920982,115.044653902044));
#2480=CARTESIAN_POINT('Origin',(-18.4038620186238,-0.0252687304202137,49.3681013201401));
#2481=CARTESIAN_POINT('',(-18.4038620186238,-38.6684076739269,168.961194353105));
#2482=CARTESIAN_POINT('',(-18.4038620186238,-39.0273915225493,162.272090401585));
#2483=CARTESIAN_POINT('Origin',(-18.4038620186238,23.4726084774507,162.272090401585));
#2484=CARTESIAN_POINT('',(-18.4038620186238,-4.0273915225493,198.961194353105));
#2485=CARTESIAN_POINT('Origin',(-18.4038620186238,-4.02739152254935,163.961194353105));
#2486=CARTESIAN_POINT('',(-18.4038620186238,3.97260847745071,198.961194353105));
#2487=CARTESIAN_POINT('',(-18.4038620186238,-4.0273915225493,198.961194353105));
#2488=CARTESIAN_POINT('',(-18.4038620186238,38.6136246288283,168.961194353105));
#2489=CARTESIAN_POINT('Origin',(-18.4038620186238,3.97260847745075,163.961194353105));
#2490=CARTESIAN_POINT('',(-18.4038620186238,38.9726084774507,162.298977918193));
#2491=CARTESIAN_POINT('Origin',(-18.4038620186238,-23.0273915225493,162.298977918193));
#2492=CARTESIAN_POINT('',(-18.4038620186238,38.9726084774507,49.7750082870936));
#2493=CARTESIAN_POINT('',(-18.4038620186238,38.9726084774507,163.961194353105));
#2494=CARTESIAN_POINT('',(-18.4038620186238,-39.0231459382911,48.9611943531049));
#2495=CARTESIAN_POINT('Origin',(-18.4038620186238,-0.0252687304202135,49.3681013201401));
#2496=CARTESIAN_POINT('',(-18.4038620186238,-39.0273915225493,48.9611943531049));
#2497=CARTESIAN_POINT('',(-18.4038620186238,38.9726084774507,48.9611943531049));
#2498=CARTESIAN_POINT('',(-18.4038620186238,-39.0273915225493,48.9611943531049));
#2499=CARTESIAN_POINT('',(-18.4038620186238,-5.02526873042021,49.3681013201401));
#2500=CARTESIAN_POINT('Origin',(-18.4038620186238,-0.0252687304202135,49.3681013201401));
#2501=CARTESIAN_POINT('Origin',(-18.4038620186238,23.4726084774507,162.272090401585));
#2502=CARTESIAN_POINT('',(-7.50386201862375,-39.0273915225493,162.272090401585));
#2503=CARTESIAN_POINT('',(-18.4038620186238,-39.0273915225493,162.272090401585));
#2504=CARTESIAN_POINT('',(-7.50386201862375,-38.6684076739269,168.961194353105));
#2505=CARTESIAN_POINT('Origin',(-7.50386201862375,23.4726084774507,162.272090401585));
#2506=CARTESIAN_POINT('',(-18.4038620186238,-38.6684076739269,168.961194353105));
#2507=CARTESIAN_POINT('Origin',(-7.50386201862375,-0.0252687304202137,49.3681013201401));
#2508=CARTESIAN_POINT('',(-7.50386201862375,-39.0273915225493,48.9611943531049));
#2509=CARTESIAN_POINT('',(-7.50386201862375,-39.0273915225493,148.961194353105));
#2510=CARTESIAN_POINT('',(-7.50386201862375,-39.0231459382911,48.9611943531049));
#2511=CARTESIAN_POINT('',(-7.50386201862375,38.9726084774507,48.9611943531049));
#2512=CARTESIAN_POINT('',(-7.50386201862375,38.9726084774507,49.7750082870936));
#2513=CARTESIAN_POINT('Origin',(-7.50386201862375,-0.0252687304202135,49.3681013201401));
#2514=CARTESIAN_POINT('',(-7.50386201862375,38.9726084774507,162.298977918193));
#2515=CARTESIAN_POINT('',(-7.50386201862375,38.9726084774507,163.961194353105));
#2516=CARTESIAN_POINT('',(-7.50386201862375,38.6136246288283,168.961194353105));
#2517=CARTESIAN_POINT('Origin',(-7.50386201862375,-23.0273915225493,162.298977918193));
#2518=CARTESIAN_POINT('',(-7.50386201862375,3.97260847745072,198.961194353105));
#2519=CARTESIAN_POINT('Origin',(-7.50386201862375,3.97260847745075,163.961194353105));
#2520=CARTESIAN_POINT('',(-7.50386201862375,-4.0273915225493,198.961194353105));
#2521=CARTESIAN_POINT('',(-7.50386201862375,-4.0273915225493,198.961194353105));
#2522=CARTESIAN_POINT('Origin',(-7.50386201862375,-4.02739152254935,163.961194353105));
#2523=CARTESIAN_POINT('',(-7.50386201862375,-1.29025682685175,186.402924599258));
#2524=CARTESIAN_POINT('',(-7.50386201862375,4.70974317314823,186.402924599258));
#2525=CARTESIAN_POINT('',(-7.50386201862375,2.34223722136401,186.402924599258));
#2526=CARTESIAN_POINT('',(-7.50404500693602,4.70974317314822,161.402924599258));
#2527=CARTESIAN_POINT('',(-7.50386201862375,4.70974317314823,105.385512959699));
#2528=CARTESIAN_POINT('',(-7.50404500659169,14.7097431731482,161.402924599258));
#2529=CARTESIAN_POINT('',(-7.50422799524828,14.7097431731482,161.402924599258));
#2530=CARTESIAN_POINT('',(-7.50404500693602,14.7097431731482,155.402924599258));
#2531=CARTESIAN_POINT('',(-7.50386201862375,14.7097431731481,102.385512959699));
#2532=CARTESIAN_POINT('',(-7.50422799524828,-11.2902568268518,155.402924599258));
#2533=CARTESIAN_POINT('',(-7.50422799524828,-11.2902568268518,155.402924599258));
#2534=CARTESIAN_POINT('',(-7.50422799524828,-11.2902568268518,161.402924599258));
#2535=CARTESIAN_POINT('',(-7.50422799524828,-11.2902568268518,161.402924599258));
#2536=CARTESIAN_POINT('',(-7.50404500659169,-1.29025682685177,161.402924599258));
#2537=CARTESIAN_POINT('',(-7.50422799524828,-1.29025682685178,161.402924599258));
#2538=CARTESIAN_POINT('',(-7.50386201862375,-1.29025682685181,117.885512959699));
#2539=CARTESIAN_POINT('',(-7.50386201862375,32.2247312695798,49.3681013201401));
#2540=CARTESIAN_POINT('Origin',(-7.50386201862375,-0.0252687304202135,49.3681013201401));
#2541=CARTESIAN_POINT('Origin',(-18.4038620186238,-23.0273915225493,162.298977918193));
#2542=CARTESIAN_POINT('',(-18.4038620186238,38.9726084774507,162.298977918193));
#2543=CARTESIAN_POINT('',(-18.4038620186238,38.6136246288283,168.961194353105));
#2544=CARTESIAN_POINT('Origin',(-18.4038620186238,38.9726084774507,49.7750082870936));
#2545=CARTESIAN_POINT('',(-13.4038620186238,38.9726084774507,49.7750082871751));
#2546=CARTESIAN_POINT('Origin',(-1.50386201862375,-0.0252687304202181,49.3681013201401));
#2547=CARTESIAN_POINT('',(1.74613798137625,32.2247312695798,49.3681013201401));
#2548=CARTESIAN_POINT('',(1.74613798137625,-0.0252687304202221,81.6181013201401));
#2549=CARTESIAN_POINT('Origin',(1.74613798137625,-0.0252687304202181,49.3681013201401));
#2550=CARTESIAN_POINT('Origin',(1.74613798137625,-0.0252687304202181,49.3681013201401));
#2551=CARTESIAN_POINT('',(-4.75386201862375,-0.0252687304202221,81.6181013201401));
#2552=CARTESIAN_POINT('Origin',(-1.50386201862375,-0.0252687304202221,81.6181013201401));
#2553=CARTESIAN_POINT('',(-4.75386201862375,32.2247312695798,49.3681013201401));
#2554=CARTESIAN_POINT('Origin',(-4.75386201862375,-0.0252687304202181,49.3681013201401));
#2555=CARTESIAN_POINT('Origin',(-4.75386201862375,-0.0252687304202181,49.3681013201401));
#2556=CARTESIAN_POINT('Origin',(-7.40386201862375,-0.0252687304202135,49.3681013201401));
#2557=CARTESIAN_POINT('',(-7.40386201862375,32.2247312695798,49.3681013201401));
#2558=CARTESIAN_POINT('Origin',(-1.05822799524828,-10.7902568268518,160.902924599258));
#2559=CARTESIAN_POINT('',(2.29413798137624,-10.7902568268518,160.902924599258));
#2560=CARTESIAN_POINT('',(-7.50422799524828,-10.7902568268518,160.902924599258));
#2561=CARTESIAN_POINT('',(-1.05822799524828,-10.7902568268518,160.902924599258));
#2562=CARTESIAN_POINT('',(-7.50422799524828,-10.7902568268518,155.902924599258));
#2563=CARTESIAN_POINT('',(-7.50422799524828,-10.7902568268518,160.902924599258));
#2564=CARTESIAN_POINT('',(2.29413798137624,-10.7902568268518,155.902924599258));
#2565=CARTESIAN_POINT('',(-1.05822799524828,-10.7902568268518,155.902924599258));
#2566=CARTESIAN_POINT('',(2.29413798137624,-10.7902568268518,132.78378621794));
#2567=CARTESIAN_POINT('Origin',(-1.05822799524828,-0.790256826851783,160.902924599258));
#2568=CARTESIAN_POINT('',(-7.50422799524828,-0.790256826851783,160.902924599258));
#2569=CARTESIAN_POINT('',(2.29413798137624,-0.79025682685189,160.902924599258));
#2570=CARTESIAN_POINT('',(-1.05822799524828,-0.790256826851783,160.902924599258));
#2571=CARTESIAN_POINT('',(-7.50422799524828,-0.790256826851783,160.902924599258));
#2572=CARTESIAN_POINT('',(2.29413798137624,-0.408293476668274,160.902924599258));
#2573=CARTESIAN_POINT('Origin',(-1.05822799524828,-0.790256826851757,185.902924599258));
#2574=CARTESIAN_POINT('',(2.29413798137624,-0.790256826851757,185.902924599258));
#2575=CARTESIAN_POINT('',(-7.50422799524828,-0.790256826851756,185.902924599258));
#2576=CARTESIAN_POINT('',(-1.05822799524828,-0.790256826851757,185.902924599258));
#2577=CARTESIAN_POINT('',(-7.50422799524828,-0.790256826851757,185.902924599258));
#2578=CARTESIAN_POINT('',(2.29413798137624,-0.790256826851799,145.28378621794));
#2579=CARTESIAN_POINT('',(-4.10586201862375,-0.790256826851762,179.652924599258));
#2580=CARTESIAN_POINT('Origin',(-2.60586201862376,-0.790256826851762,179.652924599258));
#2581=CARTESIAN_POINT('',(-4.10586201862377,-0.790256826851773,167.152924599258));
#2582=CARTESIAN_POINT('Origin',(-2.60586201862376,-0.790256826851773,167.152924599258));
#2583=CARTESIAN_POINT('Origin',(-18.4038620186238,-39.0273915225493,163.961194353105));
#2584=CARTESIAN_POINT('',(-18.4038620186238,-39.0273915225493,48.9611943531049));
#2585=CARTESIAN_POINT('Origin',(-18.4038620186238,-4.02739152254935,163.961194353105));
#2586=CARTESIAN_POINT('',(-18.4038620186238,-4.0273915225493,198.961194353105));
#2587=CARTESIAN_POINT('Origin',(-18.4038620186238,-39.0273915225493,48.9611943531049));
#2588=CARTESIAN_POINT('',(-13.4038620186238,-39.0231459382911,48.9611943531049));
#2589=CARTESIAN_POINT('Origin',(-18.4038620186238,3.97260847745075,163.961194353105));
#2590=CARTESIAN_POINT('',(-18.4038620186238,3.97260847745071,198.961194353105));
#2591=CARTESIAN_POINT('Origin',(-7.50422799524828,1.70974317314822,170.902924599258));
#2592=CARTESIAN_POINT('',(-7.50422799524828,4.20974317314822,185.902924599258));
#2593=CARTESIAN_POINT('',(-7.50422799524828,4.20974317314822,185.902924599258));
#2594=CARTESIAN_POINT('',(-7.50422799524828,4.20974317314822,160.902924599258));
#2595=CARTESIAN_POINT('',(-7.50422799524828,4.20974317314822,160.902924599258));
#2596=CARTESIAN_POINT('',(-7.50422799524828,14.2097431731482,160.902924599258));
#2597=CARTESIAN_POINT('',(-7.50422799524828,14.2097431731482,160.902924599258));
#2598=CARTESIAN_POINT('',(-7.50422799524828,14.2097431731482,155.902924599258));
#2599=CARTESIAN_POINT('',(-7.50422799524828,14.2097431731482,155.902924599258));
#2600=CARTESIAN_POINT('',(-7.50422799524828,-10.7902568268518,155.902924599258));
#2601=CARTESIAN_POINT('Origin',(-1.05822799524828,4.20974317314822,160.902924599258));
#2602=CARTESIAN_POINT('',(2.29413798137624,4.20974317314822,160.902924599258));
#2603=CARTESIAN_POINT('',(-1.05822799524828,4.20974317314822,160.902924599258));
#2604=CARTESIAN_POINT('',(2.29413798137624,4.20974317314822,185.902924599258));
#2605=CARTESIAN_POINT('',(-1.05822799524828,4.20974317314822,185.902924599258));
#2606=CARTESIAN_POINT('',(2.29413798137624,4.20974317314822,132.78378621794));
#2607=CARTESIAN_POINT('',(-4.10586201862375,4.20974317314823,179.652924599258));
#2608=CARTESIAN_POINT('Origin',(-2.60586201862376,4.20974317314823,179.652924599258));
#2609=CARTESIAN_POINT('',(-4.10586201862377,4.20974317314822,167.152924599258));
#2610=CARTESIAN_POINT('Origin',(-2.60586201862376,4.20974317314822,167.152924599258));
#2611=CARTESIAN_POINT('Origin',(-1.05822799524828,4.20974317314822,185.902924599258));
#2612=CARTESIAN_POINT('',(2.29413798137624,2.09170652333173,185.902924599258));
#2613=CARTESIAN_POINT('Origin',(-1.05822799524828,-10.7902568268518,155.902924599258));
#2614=CARTESIAN_POINT('',(2.29413798137624,14.2097431731482,155.902924599258));
#2615=CARTESIAN_POINT('',(-1.05822799524828,14.2097431731482,155.902924599258));
#2616=CARTESIAN_POINT('',(2.29413798137624,-5.40829347666826,155.902924599258));
#2617=CARTESIAN_POINT('Origin',(-1.05822799524828,14.2097431731482,155.902924599258));
#2618=CARTESIAN_POINT('',(2.29413798137624,14.2097431731482,160.902924599258));
#2619=CARTESIAN_POINT('',(-1.05822799524828,14.2097431731482,160.902924599258));
#2620=CARTESIAN_POINT('',(2.29413798137624,14.2097431731482,130.28378621794));
#2621=CARTESIAN_POINT('Origin',(-1.05822799524828,14.2097431731482,160.902924599258));
#2622=CARTESIAN_POINT('',(2.29413798137624,7.09170652333173,160.902924599258));
#2623=CARTESIAN_POINT('Origin',(2.29413798137624,-0.026330126484766,104.664647836622));
#2624=CARTESIAN_POINT('Origin',(-2.60586201862376,-0.790256826851776,167.152924599258));
#2625=CARTESIAN_POINT('',(-4.10586201862377,-0.790256826851776,167.152924599258));
#2626=CARTESIAN_POINT('Origin',(-2.60586201862376,-0.790256826851763,179.652924599258));
#2627=CARTESIAN_POINT('',(-4.10586201862375,-0.790256826851763,179.652924599258));
#2628=CARTESIAN_POINT('Origin',(-13.4038620186238,-0.0252687304202135,49.3681013201401));
#2629=CARTESIAN_POINT('Origin',(-18.4038620186238,-0.0252687304202137,49.3681013201401));
#2630=CARTESIAN_POINT('Origin',(4.59613798137625,-0.0252687304202135,49.3681013201401));
#2631=CARTESIAN_POINT('',(4.59613798137625,-5.02526873042021,49.3681013201401));
#2632=CARTESIAN_POINT('Origin',(4.59613798137625,-0.0252687304202135,49.3681013201401));
#2633=CARTESIAN_POINT('',(4.59613798137625,-5.02526873042021,49.3681013201401));
#2634=CARTESIAN_POINT('Origin',(-7.40386201862375,-0.0252687304202135,49.3681013201401));
#2635=CARTESIAN_POINT('',(4.59613798137625,32.2247312695798,49.3681013201401));
#2636=CARTESIAN_POINT('Origin',(4.59613798137625,-0.0252687304202135,49.3681013201401));
#2637=CARTESIAN_POINT('',(-7.40386201862375,32.2247312695798,49.3681013201401));
#2638=CARTESIAN_POINT('Origin',(4.59613798137625,-0.0252687304202137,49.3681013201401));
#2639=CARTESIAN_POINT('Origin',(-18.4038620186238,3.97260847745071,198.961194353105));
#2640=CARTESIAN_POINT('',(0.875527039235017,0.389896224125569,-4.34730564645498));
#2641=UNCERTAINTY_MEASURE_WITH_UNIT(LENGTH_MEASURE(0.01),#2647,
'DISTANCE_ACCURACY_VALUE',
'Maximum model space distance between geometric entities at asserted c
onnectivities');
#2642=UNCERTAINTY_MEASURE_WITH_UNIT(LENGTH_MEASURE(0.01),#2647,
'DISTANCE_ACCURACY_VALUE',
'Maximum model space distance between geometric entities at asserted c
onnectivities');
#2643=UNCERTAINTY_MEASURE_WITH_UNIT(LENGTH_MEASURE(0.01),#2647,
'DISTANCE_ACCURACY_VALUE',
'Maximum model space distance between geometric entities at asserted c
onnectivities');
#2644=(
GEOMETRIC_REPRESENTATION_CONTEXT(3)
GLOBAL_UNCERTAINTY_ASSIGNED_CONTEXT((#2641))
GLOBAL_UNIT_ASSIGNED_CONTEXT((#2647,#2649,#2650))
REPRESENTATION_CONTEXT('','3D')
);
#2645=(
GEOMETRIC_REPRESENTATION_CONTEXT(3)
GLOBAL_UNCERTAINTY_ASSIGNED_CONTEXT((#2642))
GLOBAL_UNIT_ASSIGNED_CONTEXT((#2647,#2649,#2650))
REPRESENTATION_CONTEXT('','3D')
);
#2646=(
GEOMETRIC_REPRESENTATION_CONTEXT(3)
GLOBAL_UNCERTAINTY_ASSIGNED_CONTEXT((#2643))
GLOBAL_UNIT_ASSIGNED_CONTEXT((#2647,#2649,#2650))
REPRESENTATION_CONTEXT('','3D')
);
#2647=(
LENGTH_UNIT()
NAMED_UNIT(*)
SI_UNIT(.MILLI.,.METRE.)
);
#2648=(
LENGTH_UNIT()
NAMED_UNIT(*)
SI_UNIT($,.METRE.)
);
#2649=(
NAMED_UNIT(*)
PLANE_ANGLE_UNIT()
SI_UNIT($,.RADIAN.)
);
#2650=(
NAMED_UNIT(*)
SI_UNIT($,.STERADIAN.)
SOLID_ANGLE_UNIT()
);
#2651=SHAPE_DEFINITION_REPRESENTATION(#2653,#2656);
#2652=SHAPE_DEFINITION_REPRESENTATION(#2654,#2657);
#2653=PRODUCT_DEFINITION_SHAPE('',$,#2659);
#2654=PRODUCT_DEFINITION_SHAPE('',$,#2660);
#2655=PRODUCT_DEFINITION_SHAPE($,$,#14);
#2656=SHAPE_REPRESENTATION('',(#1515,#1601),#2644);
#2657=SHAPE_REPRESENTATION('',(#1516),#2645);
#2658=PRODUCT_DEFINITION_CONTEXT('part definition',#2666,'design');
#2659=PRODUCT_DEFINITION('DSSERVO 80 kg','c_base v40',#2661,#2658);
#2660=PRODUCT_DEFINITION('link1_mirr','link1_mirr',#2662,#2658);
#2661=PRODUCT_DEFINITION_FORMATION('',$,#2668);
#2662=PRODUCT_DEFINITION_FORMATION('',$,#2669);
#2663=PRODUCT_RELATED_PRODUCT_CATEGORY('c_base v40','c_base v40',(#2668));
#2664=PRODUCT_RELATED_PRODUCT_CATEGORY('link1_mirr','link1_mirr',(#2669));
#2665=APPLICATION_PROTOCOL_DEFINITION('international standard',
'automotive_design',2009,#2666);
#2666=APPLICATION_CONTEXT(
'Core Data for Automotive Mechanical Design Process');
#2667=PRODUCT_CONTEXT('part definition',#2666,'mechanical');
#2668=PRODUCT('DSSERVO 80 kg','c_base v40','STEP AP203',(#2667));
#2669=PRODUCT('link1_mirr','link1_mirr',$,(#2667));
#2670=PRESENTATION_STYLE_ASSIGNMENT((#2671));
#2671=SURFACE_STYLE_USAGE(.BOTH.,#2672);
#2672=SURFACE_SIDE_STYLE('',(#2673));
#2673=SURFACE_STYLE_FILL_AREA(#2674);
#2674=FILL_AREA_STYLE('Steel - Satin',(#2675));
#2675=FILL_AREA_STYLE_COLOUR('Steel - Satin',#2676);
#2676=COLOUR_RGB('Steel - Satin',0.627450980392157,0.627450980392157,0.627450980392157);
ENDSEC;
END-ISO-10303-21;
