ISO-10303-21;
HEADER;
/* Generated by software containing ST-Developer
 * from STEP Tools, Inc. (www.steptools.com) 
 */

FILE_DESCRIPTION(
/* description */ ('STEP AP203'),
/* implementation_level */ '2;1');

FILE_NAME(
/* name */ 'Link2.2.step',
/* time_stamp */ '2025-12-11T15:23:37+05:30',
/* author */ (''),
/* organization */ (''),
/* preprocessor_version */ 'ST-DEVELOPER v20.1',
/* originating_system */ 'Autodesk Translation Framework v14.21.0.0',
/* authorisation */ '');

FILE_SCHEMA (('AUTOMOTIVE_DESIGN { 1 0 10303 214 3 1 1 }'));
ENDSEC;

DATA;
#10=MECHANICAL_DESIGN_GEOMETRIC_PRESENTATION_REPRESENTATION('',(#17),#3795);
#11=ITEM_DEFINED_TRANSFORMATION($,$,#2146,#2287);
#12=(
REPRESENTATION_RELATIONSHIP($,$,#3805,#3804)
REPRESENTATION_RELATIONSHIP_WITH_TRANSFORMATION(#11)
SHAPE_REPRESENTATION_RELATIONSHIP()
);
#13=CONTEXT_DEPENDENT_SHAPE_REPRESENTATION(#12,#3803);
#14=NEXT_ASSEMBLY_USAGE_OCCURRENCE('link3 v28:1','link3 v28:1',
'link3 v28:1',#3807,#3808,'link3 v28:1');
#15=SHAPE_REPRESENTATION_RELATIONSHIP('SRR','None',#3805,#16);
#16=ADVANCED_BREP_SHAPE_REPRESENTATION('',(#18),#3794);
#17=STYLED_ITEM('',(#3818),#18);
#18=MANIFOLD_SOLID_BREP('Body17',#2144);
#19=TOROIDAL_SURFACE('',#2220,14.55,0.5);
#20=B_SPLINE_CURVE_WITH_KNOTS('',3,(#2863,#2864,#2865,#2866,#2867),
 .UNSPECIFIED.,.F.,.F.,(4,1,4),(0.,0.0224235112445831,0.051505796697127),
 .UNSPECIFIED.);
#21=B_SPLINE_CURVE_WITH_KNOTS('',3,(#2870,#2871,#2872,#2873,#2874),
 .UNSPECIFIED.,.F.,.F.,(4,1,4),(0.,0.0224235112445831,0.051505796697127),
 .UNSPECIFIED.);
#22=B_SPLINE_CURVE_WITH_KNOTS('',3,(#2886,#2887,#2888,#2889,#2890),
 .UNSPECIFIED.,.F.,.F.,(4,1,4),(0.,0.0197704949916039,0.0392062737764663),
 .UNSPECIFIED.);
#23=B_SPLINE_CURVE_WITH_KNOTS('',3,(#2893,#2894,#2895,#2896,#2897),
 .UNSPECIFIED.,.F.,.F.,(4,1,4),(0.,0.0197704949916039,0.0392062737764663),
 .UNSPECIFIED.);
#24=B_SPLINE_CURVE_WITH_KNOTS('',3,(#2909,#2910,#2911,#2912,#2913),
 .UNSPECIFIED.,.F.,.F.,(4,1,4),(0.,0.0142372159766642,0.0283708923368562),
 .UNSPECIFIED.);
#25=B_SPLINE_CURVE_WITH_KNOTS('',3,(#2916,#2917,#2918,#2919,#2920),
 .UNSPECIFIED.,.F.,.F.,(4,1,4),(0.,0.0142372159766642,0.0283708923368562),
 .UNSPECIFIED.);
#26=B_SPLINE_CURVE_WITH_KNOTS('',3,(#2932,#2933,#2934,#2935,#2936),
 .UNSPECIFIED.,.F.,.F.,(4,1,4),(0.,0.0153602695356897,0.0298795714828645),
 .UNSPECIFIED.);
#27=B_SPLINE_CURVE_WITH_KNOTS('',3,(#2939,#2940,#2941,#2942,#2943),
 .UNSPECIFIED.,.F.,.F.,(4,1,4),(0.,0.0153602695356897,0.0298795714828645),
 .UNSPECIFIED.);
#28=B_SPLINE_CURVE_WITH_KNOTS('',3,(#2955,#2956,#2957,#2958,#2959),
 .UNSPECIFIED.,.F.,.F.,(4,1,4),(0.,0.0242903918184725,0.0430856150072527),
 .UNSPECIFIED.);
#29=B_SPLINE_CURVE_WITH_KNOTS('',3,(#2962,#2963,#2964,#2965,#2966),
 .UNSPECIFIED.,.F.,.F.,(4,1,4),(0.,0.0242903918184725,0.0430856150072527),
 .UNSPECIFIED.);
#30=B_SPLINE_CURVE_WITH_KNOTS('',3,(#3002,#3003,#3004,#3005,#3006),
 .UNSPECIFIED.,.F.,.F.,(4,1,4),(0.,0.00896637468362268,0.0221704417847526),
 .UNSPECIFIED.);
#31=B_SPLINE_CURVE_WITH_KNOTS('',3,(#3009,#3010,#3011,#3012,#3013),
 .UNSPECIFIED.,.F.,.F.,(4,1,4),(0.,0.00896637468362268,0.0221704417847526),
 .UNSPECIFIED.);
#32=B_SPLINE_CURVE_WITH_KNOTS('',3,(#3025,#3026,#3027,#3028,#3029),
 .UNSPECIFIED.,.F.,.F.,(4,1,4),(0.,0.0102095770765657,0.019860065234416),
 .UNSPECIFIED.);
#33=B_SPLINE_CURVE_WITH_KNOTS('',3,(#3032,#3033,#3034,#3035,#3036),
 .UNSPECIFIED.,.F.,.F.,(4,1,4),(0.,0.0102095770765657,0.019860065234416),
 .UNSPECIFIED.);
#34=B_SPLINE_CURVE_WITH_KNOTS('',3,(#3048,#3049,#3050,#3051,#3052),
 .UNSPECIFIED.,.F.,.F.,(4,1,4),(0.,0.0161874659532153,0.0285217666661171),
 .UNSPECIFIED.);
#35=B_SPLINE_CURVE_WITH_KNOTS('',3,(#3055,#3056,#3057,#3058,#3059),
 .UNSPECIFIED.,.F.,.F.,(4,1,4),(0.,0.0161874659532153,0.0285217666661171),
 .UNSPECIFIED.);
#36=B_SPLINE_CURVE_WITH_KNOTS('',3,(#3071,#3072,#3073,#3074,#3075),
 .UNSPECIFIED.,.F.,.F.,(4,1,4),(0.,0.0286336831656569,0.0503064924741998),
 .UNSPECIFIED.);
#37=B_SPLINE_CURVE_WITH_KNOTS('',3,(#3078,#3079,#3080,#3081,#3082),
 .UNSPECIFIED.,.F.,.F.,(4,1,4),(0.,0.0286336831656569,0.0503064924741998),
 .UNSPECIFIED.);
#38=B_SPLINE_CURVE_WITH_KNOTS('',3,(#3112,#3113,#3114,#3115,#3116),
 .UNSPECIFIED.,.F.,.F.,(4,1,4),(0.,0.024682253494524,0.0518503372547538),
 .UNSPECIFIED.);
#39=B_SPLINE_CURVE_WITH_KNOTS('',3,(#3119,#3120,#3121,#3122,#3123),
 .UNSPECIFIED.,.F.,.F.,(4,1,4),(0.,0.024682253494524,0.0518503372547538),
 .UNSPECIFIED.);
#40=B_SPLINE_CURVE_WITH_KNOTS('',3,(#3135,#3136,#3137,#3138,#3139),
 .UNSPECIFIED.,.F.,.F.,(4,1,4),(0.,0.0157726376760091,0.0282867458761727),
 .UNSPECIFIED.);
#41=B_SPLINE_CURVE_WITH_KNOTS('',3,(#3142,#3143,#3144,#3145,#3146),
 .UNSPECIFIED.,.F.,.F.,(4,1,4),(0.,0.0157726376760091,0.0282867458761727),
 .UNSPECIFIED.);
#42=B_SPLINE_CURVE_WITH_KNOTS('',3,(#3158,#3159,#3160,#3161,#3162),
 .UNSPECIFIED.,.F.,.F.,(4,1,4),(0.,0.0318135931566707,0.0706542234544627),
 .UNSPECIFIED.);
#43=B_SPLINE_CURVE_WITH_KNOTS('',3,(#3165,#3166,#3167,#3168,#3169),
 .UNSPECIFIED.,.F.,.F.,(4,1,4),(0.,0.0318135931566707,0.0706542234544627),
 .UNSPECIFIED.);
#44=B_SPLINE_CURVE_WITH_KNOTS('',3,(#3181,#3182,#3183,#3184,#3185),
 .UNSPECIFIED.,.F.,.F.,(4,1,4),(0.,0.0298671314321522,0.0587773968245879),
 .UNSPECIFIED.);
#45=B_SPLINE_CURVE_WITH_KNOTS('',3,(#3188,#3189,#3190,#3191,#3192),
 .UNSPECIFIED.,.F.,.F.,(4,1,4),(0.,0.0298671314321522,0.0587773968245879),
 .UNSPECIFIED.);
#46=B_SPLINE_CURVE_WITH_KNOTS('',3,(#3204,#3205,#3206,#3207,#3208),
 .UNSPECIFIED.,.F.,.F.,(4,1,4),(0.,0.0234850257452094,0.0473766028432453),
 .UNSPECIFIED.);
#47=B_SPLINE_CURVE_WITH_KNOTS('',3,(#3211,#3212,#3213,#3214,#3215),
 .UNSPECIFIED.,.F.,.F.,(4,1,4),(0.,0.0234850257452094,0.0473766028432453),
 .UNSPECIFIED.);
#48=B_SPLINE_CURVE_WITH_KNOTS('',3,(#3227,#3228,#3229,#3230,#3231),
 .UNSPECIFIED.,.F.,.F.,(4,1,4),(0.,0.0218512824106546,0.0445286393495414),
 .UNSPECIFIED.);
#49=B_SPLINE_CURVE_WITH_KNOTS('',3,(#3234,#3235,#3236,#3237,#3238),
 .UNSPECIFIED.,.F.,.F.,(4,1,4),(0.,0.0218512824106546,0.0445286393495414),
 .UNSPECIFIED.);
#50=B_SPLINE_CURVE_WITH_KNOTS('',3,(#3250,#3251,#3252,#3253,#3254),
 .UNSPECIFIED.,.F.,.F.,(4,1,4),(0.,0.0353579302483802,0.0617459163595547),
 .UNSPECIFIED.);
#51=B_SPLINE_CURVE_WITH_KNOTS('',3,(#3257,#3258,#3259,#3260,#3261),
 .UNSPECIFIED.,.F.,.F.,(4,1,4),(0.,0.0353579302483802,0.0617459163595547),
 .UNSPECIFIED.);
#52=B_SPLINE_CURVE_WITH_KNOTS('',3,(#3396,#3397,#3398,#3399,#3400,#3401,
#3402,#3403,#3404,#3405,#3406,#3407),.UNSPECIFIED.,.F.,.F.,(4,2,2,2,2,4),
(-0.000347036165645284,0.,0.0198755090518841,0.0394153782538655,0.0589433983379563,
0.0784654649316643),.UNSPECIFIED.);
#53=B_SPLINE_CURVE_WITH_KNOTS('',3,(#3428,#3429,#3430,#3431,#3432,#3433,
#3434,#3435,#3436,#3437),.UNSPECIFIED.,.F.,.F.,(4,2,2,2,4),(0.301660231191432,
0.339381007600617,0.377101784009803,0.414858185193384,0.452614586376964),
 .UNSPECIFIED.);
#54=B_SPLINE_CURVE_WITH_KNOTS('',3,(#3441,#3442,#3443,#3444,#3445,#3446,
#3447,#3448,#3449,#3450),.UNSPECIFIED.,.F.,.F.,(4,2,2,2,4),(0.150694514192808,
0.188437533737258,0.226180553281709,0.263863501754131,0.301546450226553),
 .UNSPECIFIED.);
#55=B_SPLINE_CURVE_WITH_KNOTS('',3,(#3455,#3456,#3457,#3458,#3459,#3460,
#3461,#3462,#3463,#3464),.UNSPECIFIED.,.F.,.F.,(4,2,2,2,4),(1.22500384505919,
1.30023204203606,1.37546023901294,1.45222665662776,1.52899307424258),
 .UNSPECIFIED.);
#56=B_SPLINE_CURVE_WITH_KNOTS('',3,(#3468,#3469,#3470,#3471,#3472,#3473,
#3474,#3475,#3476,#3477),.UNSPECIFIED.,.F.,.F.,(4,2,2,2,4),(0.932020981170331,
1.00964798002876,1.08727497888718,1.16243766336047,1.23760034783377),
 .UNSPECIFIED.);
#57=B_SPLINE_CURVE_WITH_KNOTS('',3,(#3483,#3484,#3485,#3486,#3487,#3488,
#3489),.UNSPECIFIED.,.F.,.F.,(4,3,4),(-0.106651179380844,0.,0.106642777797914),
 .UNSPECIFIED.);
#58=B_SPLINE_CURVE_WITH_KNOTS('',3,(#3557,#3558,#3559,#3560,#3561,#3562,
#3563,#3564,#3565,#3566,#3567,#3568),.UNSPECIFIED.,.F.,.F.,(4,2,2,2,2,4),
(0.,0.019521574159194,0.0390491016585954,0.0585884779770043,0.0784634856789641,
0.0788105130907933),.UNSPECIFIED.);
#59=B_SPLINE_CURVE_WITH_KNOTS('',3,(#3654,#3655,#3656,#3657,#3658,#3659,
#3660,#3661,#3662,#3663),.UNSPECIFIED.,.F.,.F.,(4,2,2,2,4),(0.30404512935858,
0.341946895095076,0.379848660831572,0.418165943001579,0.456483225171587),
 .UNSPECIFIED.);
#60=B_SPLINE_CURVE_WITH_KNOTS('',3,(#3667,#3668,#3669,#3670,#3671,#3672,
#3673,#3674,#3675,#3676),.UNSPECIFIED.,.F.,.F.,(4,2,2,2,4),(0.152159988248577,
0.191244328544963,0.230328668841349,0.268001240413322,0.305673811985294),
 .UNSPECIFIED.);
#61=B_SPLINE_CURVE_WITH_KNOTS('',3,(#3681,#3682,#3683,#3684,#3685,#3686,
#3687,#3688,#3689,#3690),.UNSPECIFIED.,.F.,.F.,(4,2,2,2,4),(0.948281614983805,
1.02844979340368,1.10861797182356,1.18358380075808,1.2585496296926),
 .UNSPECIFIED.);
#62=B_SPLINE_CURVE_WITH_KNOTS('',3,(#3694,#3695,#3696,#3697,#3698,#3699,
#3700,#3701,#3702,#3703),.UNSPECIFIED.,.F.,.F.,(4,2,2,2,4),(1.29857962530055,
1.37329951082067,1.44801939634079,1.53142260366209,1.6148258109834),
 .UNSPECIFIED.);
#63=B_SPLINE_CURVE_WITH_KNOTS('',3,(#3709,#3710,#3711,#3712,#3713,#3714),
 .UNSPECIFIED.,.F.,.F.,(4,2,4),(5.10205524366092,5.20869802145884,5.31534920264332),
 .UNSPECIFIED.);
#64=B_SPLINE_SURFACE_WITH_KNOTS('',3,1,((#2852,#2853),(#2854,#2855),(#2856,
#2857),(#2858,#2859),(#2860,#2861)),.UNSPECIFIED.,.F.,.F.,.F.,(4,1,4),(2,
2),(0.,0.0224235112445831,0.051505796697127),(0.,0.15),.UNSPECIFIED.);
#65=B_SPLINE_SURFACE_WITH_KNOTS('',3,1,((#2875,#2876),(#2877,#2878),(#2879,
#2880),(#2881,#2882),(#2883,#2884)),.UNSPECIFIED.,.F.,.F.,.F.,(4,1,4),(2,
2),(0.,0.0197704949916039,0.0392062737764663),(0.,0.15),.UNSPECIFIED.);
#66=B_SPLINE_SURFACE_WITH_KNOTS('',3,1,((#2898,#2899),(#2900,#2901),(#2902,
#2903),(#2904,#2905),(#2906,#2907)),.UNSPECIFIED.,.F.,.F.,.F.,(4,1,4),(2,
2),(0.,0.0142372159766642,0.0283708923368562),(0.,0.15),.UNSPECIFIED.);
#67=B_SPLINE_SURFACE_WITH_KNOTS('',3,1,((#2921,#2922),(#2923,#2924),(#2925,
#2926),(#2927,#2928),(#2929,#2930)),.UNSPECIFIED.,.F.,.F.,.F.,(4,1,4),(2,
2),(0.,0.0153602695356897,0.0298795714828645),(0.,0.15),.UNSPECIFIED.);
#68=B_SPLINE_SURFACE_WITH_KNOTS('',3,1,((#2944,#2945),(#2946,#2947),(#2948,
#2949),(#2950,#2951),(#2952,#2953)),.UNSPECIFIED.,.F.,.F.,.F.,(4,1,4),(2,
2),(0.,0.0242903918184725,0.0430856150072527),(0.,0.15),.UNSPECIFIED.);
#69=B_SPLINE_SURFACE_WITH_KNOTS('',3,1,((#2991,#2992),(#2993,#2994),(#2995,
#2996),(#2997,#2998),(#2999,#3000)),.UNSPECIFIED.,.F.,.F.,.F.,(4,1,4),(2,
2),(0.,0.00896637468362268,0.0221704417847526),(0.,0.15),.UNSPECIFIED.);
#70=B_SPLINE_SURFACE_WITH_KNOTS('',3,1,((#3014,#3015),(#3016,#3017),(#3018,
#3019),(#3020,#3021),(#3022,#3023)),.UNSPECIFIED.,.F.,.F.,.F.,(4,1,4),(2,
2),(0.,0.0102095770765657,0.019860065234416),(0.,0.15),.UNSPECIFIED.);
#71=B_SPLINE_SURFACE_WITH_KNOTS('',3,1,((#3037,#3038),(#3039,#3040),(#3041,
#3042),(#3043,#3044),(#3045,#3046)),.UNSPECIFIED.,.F.,.F.,.F.,(4,1,4),(2,
2),(0.,0.0161874659532153,0.0285217666661171),(0.,0.15),.UNSPECIFIED.);
#72=B_SPLINE_SURFACE_WITH_KNOTS('',3,1,((#3060,#3061),(#3062,#3063),(#3064,
#3065),(#3066,#3067),(#3068,#3069)),.UNSPECIFIED.,.F.,.F.,.F.,(4,1,4),(2,
2),(0.,0.0286336831656569,0.0503064924741998),(0.,0.15),.UNSPECIFIED.);
#73=B_SPLINE_SURFACE_WITH_KNOTS('',3,1,((#3101,#3102),(#3103,#3104),(#3105,
#3106),(#3107,#3108),(#3109,#3110)),.UNSPECIFIED.,.F.,.F.,.F.,(4,1,4),(2,
2),(0.,0.024682253494524,0.0518503372547538),(0.,0.15),.UNSPECIFIED.);
#74=B_SPLINE_SURFACE_WITH_KNOTS('',3,1,((#3124,#3125),(#3126,#3127),(#3128,
#3129),(#3130,#3131),(#3132,#3133)),.UNSPECIFIED.,.F.,.F.,.F.,(4,1,4),(2,
2),(0.,0.0157726376760091,0.0282867458761727),(0.,0.15),.UNSPECIFIED.);
#75=B_SPLINE_SURFACE_WITH_KNOTS('',3,1,((#3147,#3148),(#3149,#3150),(#3151,
#3152),(#3153,#3154),(#3155,#3156)),.UNSPECIFIED.,.F.,.F.,.F.,(4,1,4),(2,
2),(0.,0.0318135931566707,0.0706542234544627),(0.,0.15),.UNSPECIFIED.);
#76=B_SPLINE_SURFACE_WITH_KNOTS('',3,1,((#3170,#3171),(#3172,#3173),(#3174,
#3175),(#3176,#3177),(#3178,#3179)),.UNSPECIFIED.,.F.,.F.,.F.,(4,1,4),(2,
2),(0.,0.0298671314321522,0.0587773968245879),(0.,0.15),.UNSPECIFIED.);
#77=B_SPLINE_SURFACE_WITH_KNOTS('',3,1,((#3193,#3194),(#3195,#3196),(#3197,
#3198),(#3199,#3200),(#3201,#3202)),.UNSPECIFIED.,.F.,.F.,.F.,(4,1,4),(2,
2),(0.,0.0234850257452094,0.0473766028432453),(0.,0.15),.UNSPECIFIED.);
#78=B_SPLINE_SURFACE_WITH_KNOTS('',3,1,((#3216,#3217),(#3218,#3219),(#3220,
#3221),(#3222,#3223),(#3224,#3225)),.UNSPECIFIED.,.F.,.F.,.F.,(4,1,4),(2,
2),(0.,0.0218512824106546,0.0445286393495414),(0.,0.15),.UNSPECIFIED.);
#79=B_SPLINE_SURFACE_WITH_KNOTS('',3,1,((#3239,#3240),(#3241,#3242),(#3243,
#3244),(#3245,#3246),(#3247,#3248)),.UNSPECIFIED.,.F.,.F.,.F.,(4,1,4),(2,
2),(0.,0.0353579302483802,0.0617459163595547),(0.,0.15),.UNSPECIFIED.);
#80=FACE_BOUND('',#292,.T.);
#81=FACE_BOUND('',#324,.T.);
#82=FACE_BOUND('',#363,.T.);
#83=FACE_BOUND('',#364,.T.);
#84=FACE_BOUND('',#365,.T.);
#85=FACE_BOUND('',#366,.T.);
#86=FACE_BOUND('',#367,.T.);
#87=FACE_BOUND('',#371,.T.);
#88=FACE_BOUND('',#372,.T.);
#89=FACE_BOUND('',#378,.T.);
#90=FACE_BOUND('',#401,.T.);
#91=FACE_BOUND('',#404,.T.);
#92=FACE_BOUND('',#405,.T.);
#93=FACE_BOUND('',#407,.T.);
#94=FACE_BOUND('',#408,.T.);
#95=FACE_BOUND('',#412,.T.);
#96=FACE_BOUND('',#413,.T.);
#97=FACE_BOUND('',#416,.T.);
#98=FACE_BOUND('',#417,.T.);
#99=PLANE('',#2150);
#100=PLANE('',#2154);
#101=PLANE('',#2156);
#102=PLANE('',#2157);
#103=PLANE('',#2158);
#104=PLANE('',#2159);
#105=PLANE('',#2160);
#106=PLANE('',#2161);
#107=PLANE('',#2162);
#108=PLANE('',#2163);
#109=PLANE('',#2164);
#110=PLANE('',#2165);
#111=PLANE('',#2166);
#112=PLANE('',#2167);
#113=PLANE('',#2168);
#114=PLANE('',#2169);
#115=PLANE('',#2170);
#116=PLANE('',#2171);
#117=PLANE('',#2172);
#118=PLANE('',#2173);
#119=PLANE('',#2174);
#120=PLANE('',#2175);
#121=PLANE('',#2176);
#122=PLANE('',#2177);
#123=PLANE('',#2178);
#124=PLANE('',#2179);
#125=PLANE('',#2180);
#126=PLANE('',#2181);
#127=PLANE('',#2182);
#128=PLANE('',#2183);
#129=PLANE('',#2184);
#130=PLANE('',#2185);
#131=PLANE('',#2186);
#132=PLANE('',#2187);
#133=PLANE('',#2188);
#134=PLANE('',#2189);
#135=PLANE('',#2190);
#136=PLANE('',#2193);
#137=PLANE('',#2197);
#138=PLANE('',#2200);
#139=PLANE('',#2202);
#140=PLANE('',#2203);
#141=PLANE('',#2204);
#142=PLANE('',#2207);
#143=PLANE('',#2208);
#144=PLANE('',#2209);
#145=PLANE('',#2210);
#146=PLANE('',#2214);
#147=PLANE('',#2219);
#148=PLANE('',#2223);
#149=PLANE('',#2225);
#150=PLANE('',#2231);
#151=PLANE('',#2232);
#152=PLANE('',#2234);
#153=PLANE('',#2235);
#154=PLANE('',#2236);
#155=PLANE('',#2238);
#156=PLANE('',#2242);
#157=PLANE('',#2245);
#158=PLANE('',#2247);
#159=PLANE('',#2248);
#160=PLANE('',#2249);
#161=PLANE('',#2252);
#162=PLANE('',#2253);
#163=PLANE('',#2254);
#164=PLANE('',#2265);
#165=PLANE('',#2268);
#166=PLANE('',#2270);
#167=PLANE('',#2273);
#168=PLANE('',#2274);
#169=PLANE('',#2281);
#170=PLANE('',#2282);
#171=PLANE('',#2283);
#172=PLANE('',#2286);
#173=FACE_OUTER_BOUND('',#288,.T.);
#174=FACE_OUTER_BOUND('',#289,.T.);
#175=FACE_OUTER_BOUND('',#290,.T.);
#176=FACE_OUTER_BOUND('',#291,.T.);
#177=FACE_OUTER_BOUND('',#293,.T.);
#178=FACE_OUTER_BOUND('',#294,.T.);
#179=FACE_OUTER_BOUND('',#295,.T.);
#180=FACE_OUTER_BOUND('',#296,.T.);
#181=FACE_OUTER_BOUND('',#297,.T.);
#182=FACE_OUTER_BOUND('',#298,.T.);
#183=FACE_OUTER_BOUND('',#299,.T.);
#184=FACE_OUTER_BOUND('',#300,.T.);
#185=FACE_OUTER_BOUND('',#301,.T.);
#186=FACE_OUTER_BOUND('',#302,.T.);
#187=FACE_OUTER_BOUND('',#303,.T.);
#188=FACE_OUTER_BOUND('',#304,.T.);
#189=FACE_OUTER_BOUND('',#305,.T.);
#190=FACE_OUTER_BOUND('',#306,.T.);
#191=FACE_OUTER_BOUND('',#307,.T.);
#192=FACE_OUTER_BOUND('',#308,.T.);
#193=FACE_OUTER_BOUND('',#309,.T.);
#194=FACE_OUTER_BOUND('',#310,.T.);
#195=FACE_OUTER_BOUND('',#311,.T.);
#196=FACE_OUTER_BOUND('',#312,.T.);
#197=FACE_OUTER_BOUND('',#313,.T.);
#198=FACE_OUTER_BOUND('',#314,.T.);
#199=FACE_OUTER_BOUND('',#315,.T.);
#200=FACE_OUTER_BOUND('',#316,.T.);
#201=FACE_OUTER_BOUND('',#317,.T.);
#202=FACE_OUTER_BOUND('',#318,.T.);
#203=FACE_OUTER_BOUND('',#319,.T.);
#204=FACE_OUTER_BOUND('',#320,.T.);
#205=FACE_OUTER_BOUND('',#321,.T.);
#206=FACE_OUTER_BOUND('',#322,.T.);
#207=FACE_OUTER_BOUND('',#323,.T.);
#208=FACE_OUTER_BOUND('',#325,.T.);
#209=FACE_OUTER_BOUND('',#326,.T.);
#210=FACE_OUTER_BOUND('',#327,.T.);
#211=FACE_OUTER_BOUND('',#328,.T.);
#212=FACE_OUTER_BOUND('',#329,.T.);
#213=FACE_OUTER_BOUND('',#330,.T.);
#214=FACE_OUTER_BOUND('',#331,.T.);
#215=FACE_OUTER_BOUND('',#332,.T.);
#216=FACE_OUTER_BOUND('',#333,.T.);
#217=FACE_OUTER_BOUND('',#334,.T.);
#218=FACE_OUTER_BOUND('',#335,.T.);
#219=FACE_OUTER_BOUND('',#336,.T.);
#220=FACE_OUTER_BOUND('',#337,.T.);
#221=FACE_OUTER_BOUND('',#338,.T.);
#222=FACE_OUTER_BOUND('',#339,.T.);
#223=FACE_OUTER_BOUND('',#340,.T.);
#224=FACE_OUTER_BOUND('',#341,.T.);
#225=FACE_OUTER_BOUND('',#342,.T.);
#226=FACE_OUTER_BOUND('',#343,.T.);
#227=FACE_OUTER_BOUND('',#344,.T.);
#228=FACE_OUTER_BOUND('',#345,.T.);
#229=FACE_OUTER_BOUND('',#346,.T.);
#230=FACE_OUTER_BOUND('',#347,.T.);
#231=FACE_OUTER_BOUND('',#348,.T.);
#232=FACE_OUTER_BOUND('',#349,.T.);
#233=FACE_OUTER_BOUND('',#350,.T.);
#234=FACE_OUTER_BOUND('',#351,.T.);
#235=FACE_OUTER_BOUND('',#352,.T.);
#236=FACE_OUTER_BOUND('',#353,.T.);
#237=FACE_OUTER_BOUND('',#354,.T.);
#238=FACE_OUTER_BOUND('',#355,.T.);
#239=FACE_OUTER_BOUND('',#356,.T.);
#240=FACE_OUTER_BOUND('',#357,.T.);
#241=FACE_OUTER_BOUND('',#358,.T.);
#242=FACE_OUTER_BOUND('',#359,.T.);
#243=FACE_OUTER_BOUND('',#360,.T.);
#244=FACE_OUTER_BOUND('',#361,.T.);
#245=FACE_OUTER_BOUND('',#362,.T.);
#246=FACE_OUTER_BOUND('',#368,.T.);
#247=FACE_OUTER_BOUND('',#369,.T.);
#248=FACE_OUTER_BOUND('',#370,.T.);
#249=FACE_OUTER_BOUND('',#373,.T.);
#250=FACE_OUTER_BOUND('',#374,.T.);
#251=FACE_OUTER_BOUND('',#375,.T.);
#252=FACE_OUTER_BOUND('',#376,.T.);
#253=FACE_OUTER_BOUND('',#377,.T.);
#254=FACE_OUTER_BOUND('',#379,.T.);
#255=FACE_OUTER_BOUND('',#380,.T.);
#256=FACE_OUTER_BOUND('',#381,.T.);
#257=FACE_OUTER_BOUND('',#382,.T.);
#258=FACE_OUTER_BOUND('',#383,.T.);
#259=FACE_OUTER_BOUND('',#384,.T.);
#260=FACE_OUTER_BOUND('',#385,.T.);
#261=FACE_OUTER_BOUND('',#386,.T.);
#262=FACE_OUTER_BOUND('',#387,.T.);
#263=FACE_OUTER_BOUND('',#388,.T.);
#264=FACE_OUTER_BOUND('',#389,.T.);
#265=FACE_OUTER_BOUND('',#390,.T.);
#266=FACE_OUTER_BOUND('',#391,.T.);
#267=FACE_OUTER_BOUND('',#392,.T.);
#268=FACE_OUTER_BOUND('',#393,.T.);
#269=FACE_OUTER_BOUND('',#394,.T.);
#270=FACE_OUTER_BOUND('',#395,.T.);
#271=FACE_OUTER_BOUND('',#396,.T.);
#272=FACE_OUTER_BOUND('',#397,.T.);
#273=FACE_OUTER_BOUND('',#398,.T.);
#274=FACE_OUTER_BOUND('',#399,.T.);
#275=FACE_OUTER_BOUND('',#400,.T.);
#276=FACE_OUTER_BOUND('',#402,.T.);
#277=FACE_OUTER_BOUND('',#403,.T.);
#278=FACE_OUTER_BOUND('',#406,.T.);
#279=FACE_OUTER_BOUND('',#409,.T.);
#280=FACE_OUTER_BOUND('',#410,.T.);
#281=FACE_OUTER_BOUND('',#411,.T.);
#282=FACE_OUTER_BOUND('',#414,.T.);
#283=FACE_OUTER_BOUND('',#415,.T.);
#284=FACE_OUTER_BOUND('',#418,.T.);
#285=FACE_OUTER_BOUND('',#419,.T.);
#286=FACE_OUTER_BOUND('',#420,.T.);
#287=FACE_OUTER_BOUND('',#421,.T.);
#288=EDGE_LOOP('',(#1401,#1402,#1403,#1404));
#289=EDGE_LOOP('',(#1405,#1406,#1407,#1408));
#290=EDGE_LOOP('',(#1409,#1410,#1411,#1412));
#291=EDGE_LOOP('',(#1413,#1414,#1415,#1416,#1417,#1418));
#292=EDGE_LOOP('',(#1419));
#293=EDGE_LOOP('',(#1420,#1421,#1422,#1423));
#294=EDGE_LOOP('',(#1424,#1425,#1426,#1427));
#295=EDGE_LOOP('',(#1428,#1429,#1430,#1431));
#296=EDGE_LOOP('',(#1432,#1433,#1434,#1435));
#297=EDGE_LOOP('',(#1436,#1437,#1438,#1439));
#298=EDGE_LOOP('',(#1440,#1441,#1442,#1443));
#299=EDGE_LOOP('',(#1444,#1445,#1446,#1447));
#300=EDGE_LOOP('',(#1448,#1449,#1450,#1451));
#301=EDGE_LOOP('',(#1452,#1453,#1454,#1455));
#302=EDGE_LOOP('',(#1456,#1457,#1458,#1459));
#303=EDGE_LOOP('',(#1460,#1461,#1462,#1463));
#304=EDGE_LOOP('',(#1464,#1465,#1466,#1467));
#305=EDGE_LOOP('',(#1468,#1469,#1470,#1471));
#306=EDGE_LOOP('',(#1472,#1473,#1474,#1475));
#307=EDGE_LOOP('',(#1476,#1477,#1478,#1479));
#308=EDGE_LOOP('',(#1480,#1481,#1482,#1483));
#309=EDGE_LOOP('',(#1484,#1485,#1486,#1487));
#310=EDGE_LOOP('',(#1488,#1489,#1490,#1491));
#311=EDGE_LOOP('',(#1492,#1493,#1494,#1495));
#312=EDGE_LOOP('',(#1496,#1497,#1498,#1499));
#313=EDGE_LOOP('',(#1500,#1501,#1502,#1503));
#314=EDGE_LOOP('',(#1504,#1505,#1506,#1507));
#315=EDGE_LOOP('',(#1508,#1509,#1510,#1511));
#316=EDGE_LOOP('',(#1512,#1513,#1514,#1515));
#317=EDGE_LOOP('',(#1516,#1517,#1518,#1519));
#318=EDGE_LOOP('',(#1520,#1521,#1522,#1523));
#319=EDGE_LOOP('',(#1524,#1525,#1526,#1527));
#320=EDGE_LOOP('',(#1528,#1529,#1530,#1531));
#321=EDGE_LOOP('',(#1532,#1533,#1534,#1535));
#322=EDGE_LOOP('',(#1536,#1537,#1538,#1539));
#323=EDGE_LOOP('',(#1540,#1541,#1542,#1543,#1544,#1545,#1546,#1547,#1548,
#1549,#1550,#1551,#1552,#1553,#1554,#1555,#1556,#1557,#1558));
#324=EDGE_LOOP('',(#1559,#1560,#1561,#1562,#1563,#1564,#1565,#1566));
#325=EDGE_LOOP('',(#1567,#1568,#1569,#1570));
#326=EDGE_LOOP('',(#1571,#1572,#1573,#1574));
#327=EDGE_LOOP('',(#1575,#1576,#1577,#1578));
#328=EDGE_LOOP('',(#1579,#1580,#1581,#1582));
#329=EDGE_LOOP('',(#1583,#1584,#1585,#1586));
#330=EDGE_LOOP('',(#1587,#1588,#1589,#1590));
#331=EDGE_LOOP('',(#1591,#1592,#1593,#1594,#1595,#1596));
#332=EDGE_LOOP('',(#1597,#1598,#1599,#1600));
#333=EDGE_LOOP('',(#1601,#1602,#1603,#1604));
#334=EDGE_LOOP('',(#1605,#1606,#1607,#1608));
#335=EDGE_LOOP('',(#1609,#1610,#1611,#1612));
#336=EDGE_LOOP('',(#1613,#1614,#1615,#1616));
#337=EDGE_LOOP('',(#1617,#1618,#1619,#1620));
#338=EDGE_LOOP('',(#1621,#1622,#1623,#1624));
#339=EDGE_LOOP('',(#1625,#1626,#1627,#1628));
#340=EDGE_LOOP('',(#1629,#1630,#1631,#1632));
#341=EDGE_LOOP('',(#1633,#1634,#1635,#1636));
#342=EDGE_LOOP('',(#1637,#1638,#1639,#1640));
#343=EDGE_LOOP('',(#1641,#1642,#1643,#1644));
#344=EDGE_LOOP('',(#1645,#1646,#1647,#1648,#1649,#1650,#1651,#1652,#1653,
#1654,#1655,#1656));
#345=EDGE_LOOP('',(#1657,#1658,#1659,#1660));
#346=EDGE_LOOP('',(#1661,#1662,#1663,#1664,#1665,#1666));
#347=EDGE_LOOP('',(#1667,#1668,#1669,#1670));
#348=EDGE_LOOP('',(#1671));
#349=EDGE_LOOP('',(#1672,#1673,#1674,#1675));
#350=EDGE_LOOP('',(#1676,#1677,#1678,#1679));
#351=EDGE_LOOP('',(#1680,#1681,#1682,#1683));
#352=EDGE_LOOP('',(#1684,#1685));
#353=EDGE_LOOP('',(#1686,#1687,#1688,#1689));
#354=EDGE_LOOP('',(#1690,#1691,#1692,#1693));
#355=EDGE_LOOP('',(#1694));
#356=EDGE_LOOP('',(#1695,#1696,#1697,#1698));
#357=EDGE_LOOP('',(#1699,#1700,#1701,#1702));
#358=EDGE_LOOP('',(#1703,#1704,#1705,#1706));
#359=EDGE_LOOP('',(#1707,#1708,#1709,#1710));
#360=EDGE_LOOP('',(#1711,#1712,#1713,#1714,#1715,#1716,#1717,#1718));
#361=EDGE_LOOP('',(#1719,#1720,#1721,#1722));
#362=EDGE_LOOP('',(#1723,#1724,#1725,#1726,#1727,#1728,#1729,#1730));
#363=EDGE_LOOP('',(#1731,#1732,#1733,#1734,#1735,#1736));
#364=EDGE_LOOP('',(#1737,#1738,#1739,#1740,#1741,#1742,#1743,#1744,#1745,
#1746,#1747,#1748,#1749,#1750,#1751,#1752,#1753,#1754,#1755));
#365=EDGE_LOOP('',(#1756,#1757,#1758,#1759,#1760,#1761));
#366=EDGE_LOOP('',(#1762,#1763,#1764,#1765,#1766,#1767,#1768,#1769,#1770,
#1771,#1772,#1773));
#367=EDGE_LOOP('',(#1774));
#368=EDGE_LOOP('',(#1775,#1776,#1777,#1778));
#369=EDGE_LOOP('',(#1779,#1780,#1781,#1782));
#370=EDGE_LOOP('',(#1783));
#371=EDGE_LOOP('',(#1784,#1785,#1786,#1787));
#372=EDGE_LOOP('',(#1788,#1789,#1790,#1791));
#373=EDGE_LOOP('',(#1792,#1793,#1794,#1795));
#374=EDGE_LOOP('',(#1796,#1797,#1798,#1799));
#375=EDGE_LOOP('',(#1800,#1801,#1802,#1803));
#376=EDGE_LOOP('',(#1804,#1805,#1806,#1807));
#377=EDGE_LOOP('',(#1808,#1809,#1810,#1811,#1812,#1813));
#378=EDGE_LOOP('',(#1814));
#379=EDGE_LOOP('',(#1815,#1816,#1817,#1818));
#380=EDGE_LOOP('',(#1819,#1820,#1821,#1822));
#381=EDGE_LOOP('',(#1823,#1824,#1825,#1826));
#382=EDGE_LOOP('',(#1827,#1828,#1829,#1830));
#383=EDGE_LOOP('',(#1831,#1832,#1833,#1834,#1835,#1836));
#384=EDGE_LOOP('',(#1837,#1838,#1839,#1840));
#385=EDGE_LOOP('',(#1841));
#386=EDGE_LOOP('',(#1842,#1843,#1844,#1845));
#387=EDGE_LOOP('',(#1846,#1847,#1848,#1849));
#388=EDGE_LOOP('',(#1850,#1851,#1852,#1853));
#389=EDGE_LOOP('',(#1854,#1855));
#390=EDGE_LOOP('',(#1856,#1857,#1858,#1859));
#391=EDGE_LOOP('',(#1860,#1861,#1862,#1863));
#392=EDGE_LOOP('',(#1864));
#393=EDGE_LOOP('',(#1865,#1866,#1867,#1868));
#394=EDGE_LOOP('',(#1869,#1870,#1871,#1872));
#395=EDGE_LOOP('',(#1873,#1874,#1875,#1876));
#396=EDGE_LOOP('',(#1877,#1878,#1879,#1880));
#397=EDGE_LOOP('',(#1881,#1882,#1883,#1884));
#398=EDGE_LOOP('',(#1885,#1886,#1887,#1888));
#399=EDGE_LOOP('',(#1889,#1890,#1891,#1892,#1893,#1894,#1895,#1896,#1897,
#1898,#1899,#1900));
#400=EDGE_LOOP('',(#1901,#1902,#1903));
#401=EDGE_LOOP('',(#1904));
#402=EDGE_LOOP('',(#1905,#1906,#1907,#1908));
#403=EDGE_LOOP('',(#1909,#1910,#1911,#1912,#1913,#1914,#1915,#1916));
#404=EDGE_LOOP('',(#1917,#1918,#1919));
#405=EDGE_LOOP('',(#1920));
#406=EDGE_LOOP('',(#1921));
#407=EDGE_LOOP('',(#1922,#1923,#1924,#1925,#1926,#1927));
#408=EDGE_LOOP('',(#1928,#1929,#1930,#1931,#1932,#1933));
#409=EDGE_LOOP('',(#1934,#1935,#1936,#1937));
#410=EDGE_LOOP('',(#1938,#1939,#1940,#1941));
#411=EDGE_LOOP('',(#1942,#1943,#1944,#1945,#1946,#1947,#1948,#1949,#1950));
#412=EDGE_LOOP('',(#1951));
#413=EDGE_LOOP('',(#1952));
#414=EDGE_LOOP('',(#1953,#1954,#1955,#1956,#1957,#1958,#1959,#1960,#1961,
#1962,#1963,#1964));
#415=EDGE_LOOP('',(#1965,#1966,#1967,#1968));
#416=EDGE_LOOP('',(#1969,#1970,#1971,#1972));
#417=EDGE_LOOP('',(#1973,#1974,#1975,#1976));
#418=EDGE_LOOP('',(#1977,#1978,#1979,#1980));
#419=EDGE_LOOP('',(#1981,#1982,#1983,#1984));
#420=EDGE_LOOP('',(#1985,#1986,#1987,#1988,#1989,#1990,#1991,#1992,#1993,
#1994,#1995,#1996,#1997,#1998,#1999,#2000));
#421=EDGE_LOOP('',(#2001,#2002,#2003,#2004));
#422=LINE('',#2798,#639);
#423=LINE('',#2801,#640);
#424=LINE('',#2804,#641);
#425=LINE('',#2806,#642);
#426=LINE('',#2807,#643);
#427=LINE('',#2812,#644);
#428=LINE('',#2817,#645);
#429=LINE('',#2819,#646);
#430=LINE('',#2821,#647);
#431=LINE('',#2823,#648);
#432=LINE('',#2825,#649);
#433=LINE('',#2826,#650);
#434=LINE('',#2832,#651);
#435=LINE('',#2833,#652);
#436=LINE('',#2834,#653);
#437=LINE('',#2837,#654);
#438=LINE('',#2838,#655);
#439=LINE('',#2841,#656);
#440=LINE('',#2842,#657);
#441=LINE('',#2846,#658);
#442=LINE('',#2848,#659);
#443=LINE('',#2850,#660);
#444=LINE('',#2851,#661);
#445=LINE('',#2869,#662);
#446=LINE('',#2892,#663);
#447=LINE('',#2915,#664);
#448=LINE('',#2938,#665);
#449=LINE('',#2961,#666);
#450=LINE('',#2969,#667);
#451=LINE('',#2971,#668);
#452=LINE('',#2972,#669);
#453=LINE('',#2974,#670);
#454=LINE('',#2975,#671);
#455=LINE('',#2979,#672);
#456=LINE('',#2981,#673);
#457=LINE('',#2983,#674);
#458=LINE('',#2984,#675);
#459=LINE('',#2987,#676);
#460=LINE('',#2989,#677);
#461=LINE('',#2990,#678);
#462=LINE('',#3008,#679);
#463=LINE('',#3031,#680);
#464=LINE('',#3054,#681);
#465=LINE('',#3077,#682);
#466=LINE('',#3085,#683);
#467=LINE('',#3087,#684);
#468=LINE('',#3088,#685);
#469=LINE('',#3091,#686);
#470=LINE('',#3093,#687);
#471=LINE('',#3094,#688);
#472=LINE('',#3097,#689);
#473=LINE('',#3099,#690);
#474=LINE('',#3100,#691);
#475=LINE('',#3118,#692);
#476=LINE('',#3141,#693);
#477=LINE('',#3164,#694);
#478=LINE('',#3187,#695);
#479=LINE('',#3210,#696);
#480=LINE('',#3233,#697);
#481=LINE('',#3256,#698);
#482=LINE('',#3264,#699);
#483=LINE('',#3266,#700);
#484=LINE('',#3267,#701);
#485=LINE('',#3270,#702);
#486=LINE('',#3272,#703);
#487=LINE('',#3273,#704);
#488=LINE('',#3275,#705);
#489=LINE('',#3276,#706);
#490=LINE('',#3281,#707);
#491=LINE('',#3283,#708);
#492=LINE('',#3285,#709);
#493=LINE('',#3286,#710);
#494=LINE('',#3289,#711);
#495=LINE('',#3291,#712);
#496=LINE('',#3292,#713);
#497=LINE('',#3295,#714);
#498=LINE('',#3297,#715);
#499=LINE('',#3298,#716);
#500=LINE('',#3301,#717);
#501=LINE('',#3303,#718);
#502=LINE('',#3304,#719);
#503=LINE('',#3307,#720);
#504=LINE('',#3309,#721);
#505=LINE('',#3310,#722);
#506=LINE('',#3312,#723);
#507=LINE('',#3313,#724);
#508=LINE('',#3318,#725);
#509=LINE('',#3320,#726);
#510=LINE('',#3322,#727);
#511=LINE('',#3323,#728);
#512=LINE('',#3326,#729);
#513=LINE('',#3328,#730);
#514=LINE('',#3329,#731);
#515=LINE('',#3332,#732);
#516=LINE('',#3334,#733);
#517=LINE('',#3335,#734);
#518=LINE('',#3338,#735);
#519=LINE('',#3340,#736);
#520=LINE('',#3341,#737);
#521=LINE('',#3344,#738);
#522=LINE('',#3346,#739);
#523=LINE('',#3347,#740);
#524=LINE('',#3350,#741);
#525=LINE('',#3352,#742);
#526=LINE('',#3353,#743);
#527=LINE('',#3356,#744);
#528=LINE('',#3358,#745);
#529=LINE('',#3359,#746);
#530=LINE('',#3362,#747);
#531=LINE('',#3364,#748);
#532=LINE('',#3365,#749);
#533=LINE('',#3368,#750);
#534=LINE('',#3370,#751);
#535=LINE('',#3371,#752);
#536=LINE('',#3374,#753);
#537=LINE('',#3376,#754);
#538=LINE('',#3377,#755);
#539=LINE('',#3380,#756);
#540=LINE('',#3382,#757);
#541=LINE('',#3383,#758);
#542=LINE('',#3385,#759);
#543=LINE('',#3386,#760);
#544=LINE('',#3391,#761);
#545=LINE('',#3395,#762);
#546=LINE('',#3410,#763);
#547=LINE('',#3412,#764);
#548=LINE('',#3414,#765);
#549=LINE('',#3416,#766);
#550=LINE('',#3417,#767);
#551=LINE('',#3422,#768);
#552=LINE('',#3439,#769);
#553=LINE('',#3451,#770);
#554=LINE('',#3466,#771);
#555=LINE('',#3478,#772);
#556=LINE('',#3480,#773);
#557=LINE('',#3481,#774);
#558=LINE('',#3493,#775);
#559=LINE('',#3495,#776);
#560=LINE('',#3497,#777);
#561=LINE('',#3498,#778);
#562=LINE('',#3502,#779);
#563=LINE('',#3504,#780);
#564=LINE('',#3506,#781);
#565=LINE('',#3507,#782);
#566=LINE('',#3512,#783);
#567=LINE('',#3515,#784);
#568=LINE('',#3516,#785);
#569=LINE('',#3519,#786);
#570=LINE('',#3520,#787);
#571=LINE('',#3522,#788);
#572=LINE('',#3528,#789);
#573=LINE('',#3532,#790);
#574=LINE('',#3536,#791);
#575=LINE('',#3541,#792);
#576=LINE('',#3545,#793);
#577=LINE('',#3546,#794);
#578=LINE('',#3549,#795);
#579=LINE('',#3551,#796);
#580=LINE('',#3552,#797);
#581=LINE('',#3574,#798);
#582=LINE('',#3576,#799);
#583=LINE('',#3577,#800);
#584=LINE('',#3579,#801);
#585=LINE('',#3580,#802);
#586=LINE('',#3583,#803);
#587=LINE('',#3584,#804);
#588=LINE('',#3590,#805);
#589=LINE('',#3593,#806);
#590=LINE('',#3596,#807);
#591=LINE('',#3599,#808);
#592=LINE('',#3602,#809);
#593=LINE('',#3603,#810);
#594=LINE('',#3607,#811);
#595=LINE('',#3609,#812);
#596=LINE('',#3611,#813);
#597=LINE('',#3613,#814);
#598=LINE('',#3615,#815);
#599=LINE('',#3616,#816);
#600=LINE('',#3622,#817);
#601=LINE('',#3623,#818);
#602=LINE('',#3624,#819);
#603=LINE('',#3627,#820);
#604=LINE('',#3628,#821);
#605=LINE('',#3631,#822);
#606=LINE('',#3632,#823);
#607=LINE('',#3634,#824);
#608=LINE('',#3635,#825);
#609=LINE('',#3638,#826);
#610=LINE('',#3640,#827);
#611=LINE('',#3642,#828);
#612=LINE('',#3643,#829);
#613=LINE('',#3648,#830);
#614=LINE('',#3665,#831);
#615=LINE('',#3677,#832);
#616=LINE('',#3692,#833);
#617=LINE('',#3704,#834);
#618=LINE('',#3706,#835);
#619=LINE('',#3707,#836);
#620=LINE('',#3717,#837);
#621=LINE('',#3718,#838);
#622=LINE('',#3721,#839);
#623=LINE('',#3722,#840);
#624=LINE('',#3727,#841);
#625=LINE('',#3730,#842);
#626=LINE('',#3731,#843);
#627=LINE('',#3734,#844);
#628=LINE('',#3735,#845);
#629=LINE('',#3737,#846);
#630=LINE('',#3741,#847);
#631=LINE('',#3747,#848);
#632=LINE('',#3750,#849);
#633=LINE('',#3755,#850);
#634=LINE('',#3763,#851);
#635=LINE('',#3770,#852);
#636=LINE('',#3780,#853);
#637=LINE('',#3782,#854);
#638=LINE('',#3783,#855);
#639=VECTOR('',#2296,10.);
#640=VECTOR('',#2299,10.);
#641=VECTOR('',#2302,10.);
#642=VECTOR('',#2303,10.);
#643=VECTOR('',#2304,10.);
#644=VECTOR('',#2309,10.);
#645=VECTOR('',#2314,10.);
#646=VECTOR('',#2315,10.);
#647=VECTOR('',#2316,10.);
#648=VECTOR('',#2317,10.);
#649=VECTOR('',#2318,10.);
#650=VECTOR('',#2319,10.);
#651=VECTOR('',#2324,10.);
#652=VECTOR('',#2325,10.);
#653=VECTOR('',#2326,10.);
#654=VECTOR('',#2329,10.);
#655=VECTOR('',#2330,10.);
#656=VECTOR('',#2333,10.);
#657=VECTOR('',#2334,10.);
#658=VECTOR('',#2337,10.);
#659=VECTOR('',#2338,10.);
#660=VECTOR('',#2339,10.);
#661=VECTOR('',#2340,10.);
#662=VECTOR('',#2341,10.);
#663=VECTOR('',#2342,10.);
#664=VECTOR('',#2343,10.);
#665=VECTOR('',#2344,10.);
#666=VECTOR('',#2345,10.);
#667=VECTOR('',#2348,10.);
#668=VECTOR('',#2349,10.);
#669=VECTOR('',#2350,10.);
#670=VECTOR('',#2353,10.);
#671=VECTOR('',#2354,10.);
#672=VECTOR('',#2357,10.);
#673=VECTOR('',#2358,10.);
#674=VECTOR('',#2359,10.);
#675=VECTOR('',#2360,10.);
#676=VECTOR('',#2363,10.);
#677=VECTOR('',#2364,10.);
#678=VECTOR('',#2365,10.);
#679=VECTOR('',#2366,10.);
#680=VECTOR('',#2367,10.);
#681=VECTOR('',#2368,10.);
#682=VECTOR('',#2369,10.);
#683=VECTOR('',#2372,10.);
#684=VECTOR('',#2373,10.);
#685=VECTOR('',#2374,10.);
#686=VECTOR('',#2377,10.);
#687=VECTOR('',#2378,10.);
#688=VECTOR('',#2379,10.);
#689=VECTOR('',#2382,10.);
#690=VECTOR('',#2383,10.);
#691=VECTOR('',#2384,10.);
#692=VECTOR('',#2385,10.);
#693=VECTOR('',#2386,10.);
#694=VECTOR('',#2387,10.);
#695=VECTOR('',#2388,10.);
#696=VECTOR('',#2389,10.);
#697=VECTOR('',#2390,10.);
#698=VECTOR('',#2391,10.);
#699=VECTOR('',#2394,10.);
#700=VECTOR('',#2395,10.);
#701=VECTOR('',#2396,10.);
#702=VECTOR('',#2399,10.);
#703=VECTOR('',#2400,10.);
#704=VECTOR('',#2401,10.);
#705=VECTOR('',#2404,10.);
#706=VECTOR('',#2405,10.);
#707=VECTOR('',#2410,10.);
#708=VECTOR('',#2411,10.);
#709=VECTOR('',#2412,10.);
#710=VECTOR('',#2413,10.);
#711=VECTOR('',#2416,10.);
#712=VECTOR('',#2417,10.);
#713=VECTOR('',#2418,10.);
#714=VECTOR('',#2421,10.);
#715=VECTOR('',#2422,10.);
#716=VECTOR('',#2423,10.);
#717=VECTOR('',#2426,10.);
#718=VECTOR('',#2427,10.);
#719=VECTOR('',#2428,10.);
#720=VECTOR('',#2431,10.);
#721=VECTOR('',#2432,10.);
#722=VECTOR('',#2433,10.);
#723=VECTOR('',#2436,10.);
#724=VECTOR('',#2437,10.);
#725=VECTOR('',#2442,10.);
#726=VECTOR('',#2443,10.);
#727=VECTOR('',#2444,10.);
#728=VECTOR('',#2445,10.);
#729=VECTOR('',#2448,10.);
#730=VECTOR('',#2449,10.);
#731=VECTOR('',#2450,10.);
#732=VECTOR('',#2453,10.);
#733=VECTOR('',#2454,10.);
#734=VECTOR('',#2455,10.);
#735=VECTOR('',#2458,10.);
#736=VECTOR('',#2459,10.);
#737=VECTOR('',#2460,10.);
#738=VECTOR('',#2463,10.);
#739=VECTOR('',#2464,10.);
#740=VECTOR('',#2465,10.);
#741=VECTOR('',#2468,10.);
#742=VECTOR('',#2469,10.);
#743=VECTOR('',#2470,10.);
#744=VECTOR('',#2473,10.);
#745=VECTOR('',#2474,10.);
#746=VECTOR('',#2475,10.);
#747=VECTOR('',#2478,10.);
#748=VECTOR('',#2479,10.);
#749=VECTOR('',#2480,10.);
#750=VECTOR('',#2483,10.);
#751=VECTOR('',#2484,10.);
#752=VECTOR('',#2485,10.);
#753=VECTOR('',#2488,10.);
#754=VECTOR('',#2489,10.);
#755=VECTOR('',#2490,10.);
#756=VECTOR('',#2493,10.);
#757=VECTOR('',#2494,10.);
#758=VECTOR('',#2495,10.);
#759=VECTOR('',#2498,10.);
#760=VECTOR('',#2499,10.);
#761=VECTOR('',#2504,10.);
#762=VECTOR('',#2507,10.);
#763=VECTOR('',#2510,10.);
#764=VECTOR('',#2511,10.);
#765=VECTOR('',#2512,10.);
#766=VECTOR('',#2513,10.);
#767=VECTOR('',#2514,10.);
#768=VECTOR('',#2519,1.25);
#769=VECTOR('',#2526,10.);
#770=VECTOR('',#2527,10.);
#771=VECTOR('',#2530,10.);
#772=VECTOR('',#2531,10.);
#773=VECTOR('',#2534,10.);
#774=VECTOR('',#2535,10.);
#775=VECTOR('',#2540,10.);
#776=VECTOR('',#2541,10.);
#777=VECTOR('',#2542,10.);
#778=VECTOR('',#2543,10.);
#779=VECTOR('',#2546,10.);
#780=VECTOR('',#2547,10.);
#781=VECTOR('',#2548,10.);
#782=VECTOR('',#2549,10.);
#783=VECTOR('',#2556,1.5);
#784=VECTOR('',#2559,10.);
#785=VECTOR('',#2560,10.);
#786=VECTOR('',#2563,10.);
#787=VECTOR('',#2564,10.);
#788=VECTOR('',#2567,10.);
#789=VECTOR('',#2574,4.99999999999999);
#790=VECTOR('',#2579,10.);
#791=VECTOR('',#2582,10.);
#792=VECTOR('',#2587,10.);
#793=VECTOR('',#2590,10.);
#794=VECTOR('',#2591,10.);
#795=VECTOR('',#2594,10.);
#796=VECTOR('',#2595,10.);
#797=VECTOR('',#2596,10.);
#798=VECTOR('',#2607,10.);
#799=VECTOR('',#2608,10.);
#800=VECTOR('',#2609,10.);
#801=VECTOR('',#2610,10.);
#802=VECTOR('',#2611,10.);
#803=VECTOR('',#2614,10.);
#804=VECTOR('',#2615,10.);
#805=VECTOR('',#2620,10.);
#806=VECTOR('',#2623,10.);
#807=VECTOR('',#2626,10.);
#808=VECTOR('',#2629,10.);
#809=VECTOR('',#2632,10.);
#810=VECTOR('',#2633,10.);
#811=VECTOR('',#2636,10.);
#812=VECTOR('',#2637,10.);
#813=VECTOR('',#2638,10.);
#814=VECTOR('',#2639,10.);
#815=VECTOR('',#2640,10.);
#816=VECTOR('',#2641,10.);
#817=VECTOR('',#2646,10.);
#818=VECTOR('',#2647,10.);
#819=VECTOR('',#2648,10.);
#820=VECTOR('',#2651,10.);
#821=VECTOR('',#2652,10.);
#822=VECTOR('',#2655,10.);
#823=VECTOR('',#2656,10.);
#824=VECTOR('',#2659,10.);
#825=VECTOR('',#2660,10.);
#826=VECTOR('',#2663,10.);
#827=VECTOR('',#2664,10.);
#828=VECTOR('',#2665,10.);
#829=VECTOR('',#2666,10.);
#830=VECTOR('',#2671,1.25);
#831=VECTOR('',#2678,10.);
#832=VECTOR('',#2679,10.);
#833=VECTOR('',#2682,10.);
#834=VECTOR('',#2683,10.);
#835=VECTOR('',#2686,10.);
#836=VECTOR('',#2687,10.);
#837=VECTOR('',#2692,10.);
#838=VECTOR('',#2693,10.);
#839=VECTOR('',#2696,10.);
#840=VECTOR('',#2697,10.);
#841=VECTOR('',#2704,1.5);
#842=VECTOR('',#2707,10.);
#843=VECTOR('',#2708,10.);
#844=VECTOR('',#2711,10.);
#845=VECTOR('',#2712,10.);
#846=VECTOR('',#2715,10.);
#847=VECTOR('',#2720,10.);
#848=VECTOR('',#2725,10.);
#849=VECTOR('',#2728,10.);
#850=VECTOR('',#2733,38.1499999999994);
#851=VECTOR('',#2748,10.);
#852=VECTOR('',#2757,10.);
#853=VECTOR('',#2774,12.);
#854=VECTOR('',#2777,10.);
#855=VECTOR('',#2778,10.);
#856=CIRCLE('',#2148,40.);
#857=CIRCLE('',#2149,40.);
#858=CIRCLE('',#2152,144.274488314552);
#859=CIRCLE('',#2153,144.274488314552);
#860=CIRCLE('',#2155,1.5);
#861=CIRCLE('',#2192,0.5);
#862=CIRCLE('',#2195,1.25);
#863=CIRCLE('',#2196,1.25);
#864=CIRCLE('',#2205,1.5);
#865=CIRCLE('',#2212,4.99999999999999);
#866=CIRCLE('',#2213,4.99999999999999);
#867=CIRCLE('',#2215,40.);
#868=CIRCLE('',#2216,144.274488314553);
#869=CIRCLE('',#2217,43.25);
#870=CIRCLE('',#2218,0.5);
#871=CIRCLE('',#2221,15.05);
#872=CIRCLE('',#2222,14.55);
#873=CIRCLE('',#2224,12.);
#874=CIRCLE('',#2227,38.15);
#875=CIRCLE('',#2228,38.15);
#876=CIRCLE('',#2230,40.);
#877=CIRCLE('',#2233,1.5);
#878=CIRCLE('',#2240,1.25);
#879=CIRCLE('',#2241,1.25);
#880=CIRCLE('',#2250,1.5);
#881=CIRCLE('',#2256,144.274488314553);
#882=CIRCLE('',#2258,38.15);
#883=CIRCLE('',#2259,38.15);
#884=CIRCLE('',#2261,38.1499999999994);
#885=CIRCLE('',#2262,38.1499999999994);
#886=CIRCLE('',#2263,38.1499999999994);
#887=CIRCLE('',#2264,38.1499999999994);
#888=CIRCLE('',#2267,43.25);
#889=CIRCLE('',#2269,10.);
#890=CIRCLE('',#2271,10.);
#891=CIRCLE('',#2275,15.05);
#892=CIRCLE('',#2276,12.);
#893=CIRCLE('',#2277,12.);
#894=CIRCLE('',#2278,15.05);
#895=CIRCLE('',#2280,12.);
#896=CIRCLE('',#2284,15.05);
#897=VERTEX_POINT('',#2794);
#898=VERTEX_POINT('',#2795);
#899=VERTEX_POINT('',#2797);
#900=VERTEX_POINT('',#2799);
#901=VERTEX_POINT('',#2803);
#902=VERTEX_POINT('',#2805);
#903=VERTEX_POINT('',#2809);
#904=VERTEX_POINT('',#2811);
#905=VERTEX_POINT('',#2815);
#906=VERTEX_POINT('',#2816);
#907=VERTEX_POINT('',#2818);
#908=VERTEX_POINT('',#2820);
#909=VERTEX_POINT('',#2822);
#910=VERTEX_POINT('',#2824);
#911=VERTEX_POINT('',#2827);
#912=VERTEX_POINT('',#2830);
#913=VERTEX_POINT('',#2831);
#914=VERTEX_POINT('',#2836);
#915=VERTEX_POINT('',#2840);
#916=VERTEX_POINT('',#2844);
#917=VERTEX_POINT('',#2845);
#918=VERTEX_POINT('',#2847);
#919=VERTEX_POINT('',#2849);
#920=VERTEX_POINT('',#2862);
#921=VERTEX_POINT('',#2868);
#922=VERTEX_POINT('',#2885);
#923=VERTEX_POINT('',#2891);
#924=VERTEX_POINT('',#2908);
#925=VERTEX_POINT('',#2914);
#926=VERTEX_POINT('',#2931);
#927=VERTEX_POINT('',#2937);
#928=VERTEX_POINT('',#2954);
#929=VERTEX_POINT('',#2960);
#930=VERTEX_POINT('',#2968);
#931=VERTEX_POINT('',#2970);
#932=VERTEX_POINT('',#2977);
#933=VERTEX_POINT('',#2978);
#934=VERTEX_POINT('',#2980);
#935=VERTEX_POINT('',#2982);
#936=VERTEX_POINT('',#2986);
#937=VERTEX_POINT('',#2988);
#938=VERTEX_POINT('',#3001);
#939=VERTEX_POINT('',#3007);
#940=VERTEX_POINT('',#3024);
#941=VERTEX_POINT('',#3030);
#942=VERTEX_POINT('',#3047);
#943=VERTEX_POINT('',#3053);
#944=VERTEX_POINT('',#3070);
#945=VERTEX_POINT('',#3076);
#946=VERTEX_POINT('',#3084);
#947=VERTEX_POINT('',#3086);
#948=VERTEX_POINT('',#3090);
#949=VERTEX_POINT('',#3092);
#950=VERTEX_POINT('',#3096);
#951=VERTEX_POINT('',#3098);
#952=VERTEX_POINT('',#3111);
#953=VERTEX_POINT('',#3117);
#954=VERTEX_POINT('',#3134);
#955=VERTEX_POINT('',#3140);
#956=VERTEX_POINT('',#3157);
#957=VERTEX_POINT('',#3163);
#958=VERTEX_POINT('',#3180);
#959=VERTEX_POINT('',#3186);
#960=VERTEX_POINT('',#3203);
#961=VERTEX_POINT('',#3209);
#962=VERTEX_POINT('',#3226);
#963=VERTEX_POINT('',#3232);
#964=VERTEX_POINT('',#3249);
#965=VERTEX_POINT('',#3255);
#966=VERTEX_POINT('',#3263);
#967=VERTEX_POINT('',#3265);
#968=VERTEX_POINT('',#3269);
#969=VERTEX_POINT('',#3271);
#970=VERTEX_POINT('',#3279);
#971=VERTEX_POINT('',#3280);
#972=VERTEX_POINT('',#3282);
#973=VERTEX_POINT('',#3284);
#974=VERTEX_POINT('',#3288);
#975=VERTEX_POINT('',#3290);
#976=VERTEX_POINT('',#3294);
#977=VERTEX_POINT('',#3296);
#978=VERTEX_POINT('',#3300);
#979=VERTEX_POINT('',#3302);
#980=VERTEX_POINT('',#3306);
#981=VERTEX_POINT('',#3308);
#982=VERTEX_POINT('',#3316);
#983=VERTEX_POINT('',#3317);
#984=VERTEX_POINT('',#3319);
#985=VERTEX_POINT('',#3321);
#986=VERTEX_POINT('',#3325);
#987=VERTEX_POINT('',#3327);
#988=VERTEX_POINT('',#3331);
#989=VERTEX_POINT('',#3333);
#990=VERTEX_POINT('',#3337);
#991=VERTEX_POINT('',#3339);
#992=VERTEX_POINT('',#3343);
#993=VERTEX_POINT('',#3345);
#994=VERTEX_POINT('',#3349);
#995=VERTEX_POINT('',#3351);
#996=VERTEX_POINT('',#3355);
#997=VERTEX_POINT('',#3357);
#998=VERTEX_POINT('',#3361);
#999=VERTEX_POINT('',#3363);
#1000=VERTEX_POINT('',#3367);
#1001=VERTEX_POINT('',#3369);
#1002=VERTEX_POINT('',#3373);
#1003=VERTEX_POINT('',#3375);
#1004=VERTEX_POINT('',#3379);
#1005=VERTEX_POINT('',#3381);
#1006=VERTEX_POINT('',#3389);
#1007=VERTEX_POINT('',#3390);
#1008=VERTEX_POINT('',#3392);
#1009=VERTEX_POINT('',#3394);
#1010=VERTEX_POINT('',#3409);
#1011=VERTEX_POINT('',#3411);
#1012=VERTEX_POINT('',#3413);
#1013=VERTEX_POINT('',#3415);
#1014=VERTEX_POINT('',#3419);
#1015=VERTEX_POINT('',#3421);
#1016=VERTEX_POINT('',#3426);
#1017=VERTEX_POINT('',#3427);
#1018=VERTEX_POINT('',#3438);
#1019=VERTEX_POINT('',#3440);
#1020=VERTEX_POINT('',#3453);
#1021=VERTEX_POINT('',#3454);
#1022=VERTEX_POINT('',#3465);
#1023=VERTEX_POINT('',#3467);
#1024=VERTEX_POINT('',#3491);
#1025=VERTEX_POINT('',#3492);
#1026=VERTEX_POINT('',#3494);
#1027=VERTEX_POINT('',#3496);
#1028=VERTEX_POINT('',#3500);
#1029=VERTEX_POINT('',#3501);
#1030=VERTEX_POINT('',#3503);
#1031=VERTEX_POINT('',#3505);
#1032=VERTEX_POINT('',#3509);
#1033=VERTEX_POINT('',#3514);
#1034=VERTEX_POINT('',#3518);
#1035=VERTEX_POINT('',#3525);
#1036=VERTEX_POINT('',#3527);
#1037=VERTEX_POINT('',#3531);
#1038=VERTEX_POINT('',#3533);
#1039=VERTEX_POINT('',#3535);
#1040=VERTEX_POINT('',#3537);
#1041=VERTEX_POINT('',#3540);
#1042=VERTEX_POINT('',#3542);
#1043=VERTEX_POINT('',#3544);
#1044=VERTEX_POINT('',#3548);
#1045=VERTEX_POINT('',#3550);
#1046=VERTEX_POINT('',#3554);
#1047=VERTEX_POINT('',#3556);
#1048=VERTEX_POINT('',#3571);
#1049=VERTEX_POINT('',#3573);
#1050=VERTEX_POINT('',#3575);
#1051=VERTEX_POINT('',#3578);
#1052=VERTEX_POINT('',#3582);
#1053=VERTEX_POINT('',#3586);
#1054=VERTEX_POINT('',#3587);
#1055=VERTEX_POINT('',#3589);
#1056=VERTEX_POINT('',#3591);
#1057=VERTEX_POINT('',#3595);
#1058=VERTEX_POINT('',#3597);
#1059=VERTEX_POINT('',#3601);
#1060=VERTEX_POINT('',#3605);
#1061=VERTEX_POINT('',#3606);
#1062=VERTEX_POINT('',#3608);
#1063=VERTEX_POINT('',#3610);
#1064=VERTEX_POINT('',#3612);
#1065=VERTEX_POINT('',#3614);
#1066=VERTEX_POINT('',#3617);
#1067=VERTEX_POINT('',#3620);
#1068=VERTEX_POINT('',#3621);
#1069=VERTEX_POINT('',#3626);
#1070=VERTEX_POINT('',#3630);
#1071=VERTEX_POINT('',#3637);
#1072=VERTEX_POINT('',#3639);
#1073=VERTEX_POINT('',#3641);
#1074=VERTEX_POINT('',#3645);
#1075=VERTEX_POINT('',#3647);
#1076=VERTEX_POINT('',#3652);
#1077=VERTEX_POINT('',#3653);
#1078=VERTEX_POINT('',#3664);
#1079=VERTEX_POINT('',#3666);
#1080=VERTEX_POINT('',#3679);
#1081=VERTEX_POINT('',#3680);
#1082=VERTEX_POINT('',#3691);
#1083=VERTEX_POINT('',#3693);
#1084=VERTEX_POINT('',#3716);
#1085=VERTEX_POINT('',#3720);
#1086=VERTEX_POINT('',#3724);
#1087=VERTEX_POINT('',#3729);
#1088=VERTEX_POINT('',#3733);
#1089=VERTEX_POINT('',#3739);
#1090=VERTEX_POINT('',#3743);
#1091=VERTEX_POINT('',#3744);
#1092=VERTEX_POINT('',#3746);
#1093=VERTEX_POINT('',#3748);
#1094=VERTEX_POINT('',#3752);
#1095=VERTEX_POINT('',#3754);
#1096=VERTEX_POINT('',#3764);
#1097=VERTEX_POINT('',#3767);
#1098=VERTEX_POINT('',#3774);
#1099=EDGE_CURVE('',#897,#898,#856,.T.);
#1100=EDGE_CURVE('',#897,#899,#422,.T.);
#1101=EDGE_CURVE('',#900,#899,#857,.T.);
#1102=EDGE_CURVE('',#898,#900,#423,.T.);
#1103=EDGE_CURVE('',#901,#897,#424,.T.);
#1104=EDGE_CURVE('',#902,#901,#425,.T.);
#1105=EDGE_CURVE('',#899,#902,#426,.T.);
#1106=EDGE_CURVE('',#901,#903,#858,.T.);
#1107=EDGE_CURVE('',#904,#903,#427,.T.);
#1108=EDGE_CURVE('',#902,#904,#859,.T.);
#1109=EDGE_CURVE('',#905,#906,#428,.T.);
#1110=EDGE_CURVE('',#907,#905,#429,.T.);
#1111=EDGE_CURVE('',#908,#907,#430,.T.);
#1112=EDGE_CURVE('',#909,#908,#431,.T.);
#1113=EDGE_CURVE('',#910,#909,#432,.T.);
#1114=EDGE_CURVE('',#906,#910,#433,.T.);
#1115=EDGE_CURVE('',#911,#911,#860,.T.);
#1116=EDGE_CURVE('',#912,#913,#434,.T.);
#1117=EDGE_CURVE('',#913,#906,#435,.T.);
#1118=EDGE_CURVE('',#912,#910,#436,.T.);
#1119=EDGE_CURVE('',#913,#914,#437,.T.);
#1120=EDGE_CURVE('',#914,#905,#438,.T.);
#1121=EDGE_CURVE('',#914,#915,#439,.T.);
#1122=EDGE_CURVE('',#915,#907,#440,.T.);
#1123=EDGE_CURVE('',#916,#917,#441,.T.);
#1124=EDGE_CURVE('',#916,#918,#442,.T.);
#1125=EDGE_CURVE('',#918,#919,#443,.T.);
#1126=EDGE_CURVE('',#917,#919,#444,.T.);
#1127=EDGE_CURVE('',#920,#916,#20,.T.);
#1128=EDGE_CURVE('',#920,#921,#445,.T.);
#1129=EDGE_CURVE('',#921,#918,#21,.T.);
#1130=EDGE_CURVE('',#922,#920,#22,.T.);
#1131=EDGE_CURVE('',#922,#923,#446,.T.);
#1132=EDGE_CURVE('',#923,#921,#23,.T.);
#1133=EDGE_CURVE('',#924,#922,#24,.T.);
#1134=EDGE_CURVE('',#924,#925,#447,.T.);
#1135=EDGE_CURVE('',#925,#923,#25,.T.);
#1136=EDGE_CURVE('',#926,#924,#26,.T.);
#1137=EDGE_CURVE('',#926,#927,#448,.T.);
#1138=EDGE_CURVE('',#927,#925,#27,.T.);
#1139=EDGE_CURVE('',#928,#926,#28,.T.);
#1140=EDGE_CURVE('',#928,#929,#449,.T.);
#1141=EDGE_CURVE('',#929,#927,#29,.T.);
#1142=EDGE_CURVE('',#930,#928,#450,.T.);
#1143=EDGE_CURVE('',#930,#931,#451,.T.);
#1144=EDGE_CURVE('',#931,#929,#452,.T.);
#1145=EDGE_CURVE('',#917,#930,#453,.T.);
#1146=EDGE_CURVE('',#919,#931,#454,.T.);
#1147=EDGE_CURVE('',#932,#933,#455,.T.);
#1148=EDGE_CURVE('',#932,#934,#456,.T.);
#1149=EDGE_CURVE('',#934,#935,#457,.T.);
#1150=EDGE_CURVE('',#933,#935,#458,.T.);
#1151=EDGE_CURVE('',#936,#932,#459,.T.);
#1152=EDGE_CURVE('',#936,#937,#460,.T.);
#1153=EDGE_CURVE('',#937,#934,#461,.T.);
#1154=EDGE_CURVE('',#938,#936,#30,.T.);
#1155=EDGE_CURVE('',#938,#939,#462,.T.);
#1156=EDGE_CURVE('',#939,#937,#31,.T.);
#1157=EDGE_CURVE('',#940,#938,#32,.T.);
#1158=EDGE_CURVE('',#940,#941,#463,.T.);
#1159=EDGE_CURVE('',#941,#939,#33,.T.);
#1160=EDGE_CURVE('',#942,#940,#34,.T.);
#1161=EDGE_CURVE('',#942,#943,#464,.T.);
#1162=EDGE_CURVE('',#943,#941,#35,.T.);
#1163=EDGE_CURVE('',#944,#942,#36,.T.);
#1164=EDGE_CURVE('',#944,#945,#465,.T.);
#1165=EDGE_CURVE('',#945,#943,#37,.T.);
#1166=EDGE_CURVE('',#946,#944,#466,.T.);
#1167=EDGE_CURVE('',#946,#947,#467,.T.);
#1168=EDGE_CURVE('',#947,#945,#468,.T.);
#1169=EDGE_CURVE('',#948,#946,#469,.T.);
#1170=EDGE_CURVE('',#948,#949,#470,.T.);
#1171=EDGE_CURVE('',#949,#947,#471,.T.);
#1172=EDGE_CURVE('',#950,#948,#472,.T.);
#1173=EDGE_CURVE('',#950,#951,#473,.T.);
#1174=EDGE_CURVE('',#951,#949,#474,.T.);
#1175=EDGE_CURVE('',#952,#950,#38,.T.);
#1176=EDGE_CURVE('',#952,#953,#475,.T.);
#1177=EDGE_CURVE('',#953,#951,#39,.T.);
#1178=EDGE_CURVE('',#954,#952,#40,.T.);
#1179=EDGE_CURVE('',#954,#955,#476,.T.);
#1180=EDGE_CURVE('',#955,#953,#41,.T.);
#1181=EDGE_CURVE('',#956,#954,#42,.T.);
#1182=EDGE_CURVE('',#956,#957,#477,.T.);
#1183=EDGE_CURVE('',#957,#955,#43,.T.);
#1184=EDGE_CURVE('',#958,#956,#44,.T.);
#1185=EDGE_CURVE('',#958,#959,#478,.T.);
#1186=EDGE_CURVE('',#959,#957,#45,.T.);
#1187=EDGE_CURVE('',#960,#958,#46,.T.);
#1188=EDGE_CURVE('',#960,#961,#479,.T.);
#1189=EDGE_CURVE('',#961,#959,#47,.T.);
#1190=EDGE_CURVE('',#962,#960,#48,.T.);
#1191=EDGE_CURVE('',#962,#963,#480,.T.);
#1192=EDGE_CURVE('',#963,#961,#49,.T.);
#1193=EDGE_CURVE('',#964,#962,#50,.T.);
#1194=EDGE_CURVE('',#964,#965,#481,.T.);
#1195=EDGE_CURVE('',#965,#963,#51,.T.);
#1196=EDGE_CURVE('',#966,#964,#482,.T.);
#1197=EDGE_CURVE('',#966,#967,#483,.T.);
#1198=EDGE_CURVE('',#967,#965,#484,.T.);
#1199=EDGE_CURVE('',#968,#966,#485,.T.);
#1200=EDGE_CURVE('',#968,#969,#486,.T.);
#1201=EDGE_CURVE('',#969,#967,#487,.T.);
#1202=EDGE_CURVE('',#933,#968,#488,.T.);
#1203=EDGE_CURVE('',#935,#969,#489,.T.);
#1204=EDGE_CURVE('',#970,#971,#490,.T.);
#1205=EDGE_CURVE('',#970,#972,#491,.T.);
#1206=EDGE_CURVE('',#972,#973,#492,.T.);
#1207=EDGE_CURVE('',#971,#973,#493,.T.);
#1208=EDGE_CURVE('',#974,#970,#494,.T.);
#1209=EDGE_CURVE('',#974,#975,#495,.T.);
#1210=EDGE_CURVE('',#975,#972,#496,.T.);
#1211=EDGE_CURVE('',#976,#974,#497,.T.);
#1212=EDGE_CURVE('',#976,#977,#498,.T.);
#1213=EDGE_CURVE('',#977,#975,#499,.T.);
#1214=EDGE_CURVE('',#978,#976,#500,.T.);
#1215=EDGE_CURVE('',#978,#979,#501,.T.);
#1216=EDGE_CURVE('',#979,#977,#502,.T.);
#1217=EDGE_CURVE('',#980,#978,#503,.T.);
#1218=EDGE_CURVE('',#980,#981,#504,.T.);
#1219=EDGE_CURVE('',#981,#979,#505,.T.);
#1220=EDGE_CURVE('',#971,#980,#506,.T.);
#1221=EDGE_CURVE('',#973,#981,#507,.T.);
#1222=EDGE_CURVE('',#982,#983,#508,.T.);
#1223=EDGE_CURVE('',#982,#984,#509,.T.);
#1224=EDGE_CURVE('',#984,#985,#510,.T.);
#1225=EDGE_CURVE('',#983,#985,#511,.T.);
#1226=EDGE_CURVE('',#986,#982,#512,.T.);
#1227=EDGE_CURVE('',#986,#987,#513,.T.);
#1228=EDGE_CURVE('',#987,#984,#514,.T.);
#1229=EDGE_CURVE('',#988,#986,#515,.T.);
#1230=EDGE_CURVE('',#988,#989,#516,.T.);
#1231=EDGE_CURVE('',#989,#987,#517,.T.);
#1232=EDGE_CURVE('',#990,#988,#518,.T.);
#1233=EDGE_CURVE('',#990,#991,#519,.T.);
#1234=EDGE_CURVE('',#991,#989,#520,.T.);
#1235=EDGE_CURVE('',#992,#990,#521,.T.);
#1236=EDGE_CURVE('',#992,#993,#522,.T.);
#1237=EDGE_CURVE('',#993,#991,#523,.T.);
#1238=EDGE_CURVE('',#994,#992,#524,.T.);
#1239=EDGE_CURVE('',#994,#995,#525,.T.);
#1240=EDGE_CURVE('',#995,#993,#526,.T.);
#1241=EDGE_CURVE('',#996,#994,#527,.T.);
#1242=EDGE_CURVE('',#996,#997,#528,.T.);
#1243=EDGE_CURVE('',#997,#995,#529,.T.);
#1244=EDGE_CURVE('',#998,#996,#530,.T.);
#1245=EDGE_CURVE('',#998,#999,#531,.T.);
#1246=EDGE_CURVE('',#999,#997,#532,.T.);
#1247=EDGE_CURVE('',#1000,#998,#533,.T.);
#1248=EDGE_CURVE('',#1000,#1001,#534,.T.);
#1249=EDGE_CURVE('',#1001,#999,#535,.T.);
#1250=EDGE_CURVE('',#1002,#1000,#536,.T.);
#1251=EDGE_CURVE('',#1002,#1003,#537,.T.);
#1252=EDGE_CURVE('',#1003,#1001,#538,.T.);
#1253=EDGE_CURVE('',#1004,#1002,#539,.T.);
#1254=EDGE_CURVE('',#1004,#1005,#540,.T.);
#1255=EDGE_CURVE('',#1005,#1003,#541,.T.);
#1256=EDGE_CURVE('',#983,#1004,#542,.T.);
#1257=EDGE_CURVE('',#985,#1005,#543,.T.);
#1258=EDGE_CURVE('',#1006,#1007,#544,.T.);
#1259=EDGE_CURVE('',#1007,#1008,#861,.F.);
#1260=EDGE_CURVE('',#1008,#1009,#545,.T.);
#1261=EDGE_CURVE('',#1006,#1009,#52,.T.);
#1262=EDGE_CURVE('',#1010,#1008,#546,.T.);
#1263=EDGE_CURVE('',#1011,#1010,#547,.T.);
#1264=EDGE_CURVE('',#1012,#1011,#548,.T.);
#1265=EDGE_CURVE('',#1013,#1012,#549,.T.);
#1266=EDGE_CURVE('',#1009,#1013,#550,.T.);
#1267=EDGE_CURVE('',#1014,#1014,#862,.T.);
#1268=EDGE_CURVE('',#1014,#1015,#551,.T.);
#1269=EDGE_CURVE('',#1015,#1015,#863,.T.);
#1270=EDGE_CURVE('',#1016,#1017,#53,.T.);
#1271=EDGE_CURVE('',#1017,#1018,#552,.T.);
#1272=EDGE_CURVE('',#1018,#1019,#54,.T.);
#1273=EDGE_CURVE('',#1019,#1016,#553,.T.);
#1274=EDGE_CURVE('',#1020,#1021,#55,.T.);
#1275=EDGE_CURVE('',#1021,#1022,#554,.T.);
#1276=EDGE_CURVE('',#1022,#1023,#56,.T.);
#1277=EDGE_CURVE('',#1023,#1020,#555,.T.);
#1278=EDGE_CURVE('',#1020,#1019,#556,.T.);
#1279=EDGE_CURVE('',#1016,#1023,#557,.T.);
#1280=EDGE_CURVE('',#1012,#1013,#57,.T.);
#1281=EDGE_CURVE('',#1024,#1025,#558,.T.);
#1282=EDGE_CURVE('',#1025,#1026,#559,.T.);
#1283=EDGE_CURVE('',#1027,#1026,#560,.T.);
#1284=EDGE_CURVE('',#1024,#1027,#561,.T.);
#1285=EDGE_CURVE('',#1028,#1029,#562,.T.);
#1286=EDGE_CURVE('',#1029,#1030,#563,.T.);
#1287=EDGE_CURVE('',#1031,#1030,#564,.T.);
#1288=EDGE_CURVE('',#1028,#1031,#565,.T.);
#1289=EDGE_CURVE('',#1032,#1032,#864,.T.);
#1290=EDGE_CURVE('',#1032,#911,#566,.T.);
#1291=EDGE_CURVE('',#915,#1033,#567,.T.);
#1292=EDGE_CURVE('',#1033,#908,#568,.T.);
#1293=EDGE_CURVE('',#1033,#1034,#569,.T.);
#1294=EDGE_CURVE('',#1034,#909,#570,.T.);
#1295=EDGE_CURVE('',#1034,#912,#571,.T.);
#1296=EDGE_CURVE('',#1035,#1035,#865,.T.);
#1297=EDGE_CURVE('',#1035,#1036,#572,.T.);
#1298=EDGE_CURVE('',#1036,#1036,#866,.T.);
#1299=EDGE_CURVE('',#898,#1037,#573,.T.);
#1300=EDGE_CURVE('',#1037,#1038,#867,.T.);
#1301=EDGE_CURVE('',#1038,#1039,#574,.T.);
#1302=EDGE_CURVE('',#1040,#1039,#868,.T.);
#1303=EDGE_CURVE('',#903,#1040,#869,.T.);
#1304=EDGE_CURVE('',#1007,#1041,#575,.T.);
#1305=EDGE_CURVE('',#1042,#1041,#870,.F.);
#1306=EDGE_CURVE('',#1042,#1043,#576,.T.);
#1307=EDGE_CURVE('',#1043,#1010,#577,.T.);
#1308=EDGE_CURVE('',#1025,#1044,#578,.T.);
#1309=EDGE_CURVE('',#1044,#1045,#579,.T.);
#1310=EDGE_CURVE('',#1026,#1045,#580,.T.);
#1311=EDGE_CURVE('',#1009,#1046,#871,.T.);
#1312=EDGE_CURVE('',#1046,#1047,#58,.T.);
#1313=EDGE_CURVE('',#1047,#1006,#872,.T.);
#1314=EDGE_CURVE('',#1048,#1048,#873,.T.);
#1315=EDGE_CURVE('',#1030,#1049,#581,.T.);
#1316=EDGE_CURVE('',#1049,#1050,#582,.T.);
#1317=EDGE_CURVE('',#1050,#1031,#583,.T.);
#1318=EDGE_CURVE('',#1051,#1027,#584,.T.);
#1319=EDGE_CURVE('',#1045,#1051,#585,.T.);
#1320=EDGE_CURVE('',#1029,#1052,#586,.T.);
#1321=EDGE_CURVE('',#1052,#1049,#587,.T.);
#1322=EDGE_CURVE('',#1053,#1054,#874,.T.);
#1323=EDGE_CURVE('',#1054,#1055,#588,.T.);
#1324=EDGE_CURVE('',#1055,#1056,#875,.T.);
#1325=EDGE_CURVE('',#1056,#1053,#589,.T.);
#1326=EDGE_CURVE('',#1037,#1057,#590,.T.);
#1327=EDGE_CURVE('',#1058,#1057,#876,.T.);
#1328=EDGE_CURVE('',#1038,#1058,#591,.T.);
#1329=EDGE_CURVE('',#1059,#1058,#592,.T.);
#1330=EDGE_CURVE('',#1039,#1059,#593,.T.);
#1331=EDGE_CURVE('',#1060,#1061,#594,.T.);
#1332=EDGE_CURVE('',#1062,#1060,#595,.T.);
#1333=EDGE_CURVE('',#1063,#1062,#596,.T.);
#1334=EDGE_CURVE('',#1064,#1063,#597,.T.);
#1335=EDGE_CURVE('',#1065,#1064,#598,.T.);
#1336=EDGE_CURVE('',#1061,#1065,#599,.T.);
#1337=EDGE_CURVE('',#1066,#1066,#877,.T.);
#1338=EDGE_CURVE('',#1067,#1068,#600,.T.);
#1339=EDGE_CURVE('',#1068,#1061,#601,.T.);
#1340=EDGE_CURVE('',#1067,#1065,#602,.T.);
#1341=EDGE_CURVE('',#1068,#1069,#603,.T.);
#1342=EDGE_CURVE('',#1069,#1060,#604,.T.);
#1343=EDGE_CURVE('',#1069,#1070,#605,.T.);
#1344=EDGE_CURVE('',#1070,#1062,#606,.T.);
#1345=EDGE_CURVE('',#1046,#1042,#607,.T.);
#1346=EDGE_CURVE('',#1041,#1047,#608,.T.);
#1347=EDGE_CURVE('',#1046,#1071,#609,.T.);
#1348=EDGE_CURVE('',#1072,#1071,#610,.T.);
#1349=EDGE_CURVE('',#1073,#1072,#611,.T.);
#1350=EDGE_CURVE('',#1043,#1073,#612,.T.);
#1351=EDGE_CURVE('',#1074,#1074,#878,.T.);
#1352=EDGE_CURVE('',#1074,#1075,#613,.T.);
#1353=EDGE_CURVE('',#1075,#1075,#879,.T.);
#1354=EDGE_CURVE('',#1076,#1077,#59,.T.);
#1355=EDGE_CURVE('',#1077,#1078,#614,.T.);
#1356=EDGE_CURVE('',#1078,#1079,#60,.T.);
#1357=EDGE_CURVE('',#1079,#1076,#615,.T.);
#1358=EDGE_CURVE('',#1080,#1081,#61,.T.);
#1359=EDGE_CURVE('',#1081,#1082,#616,.T.);
#1360=EDGE_CURVE('',#1082,#1083,#62,.T.);
#1361=EDGE_CURVE('',#1083,#1080,#617,.T.);
#1362=EDGE_CURVE('',#1082,#1079,#618,.T.);
#1363=EDGE_CURVE('',#1076,#1081,#619,.T.);
#1364=EDGE_CURVE('',#1071,#1072,#63,.T.);
#1365=EDGE_CURVE('',#1044,#1084,#620,.T.);
#1366=EDGE_CURVE('',#1084,#1051,#621,.T.);
#1367=EDGE_CURVE('',#1052,#1085,#622,.T.);
#1368=EDGE_CURVE('',#1085,#1050,#623,.T.);
#1369=EDGE_CURVE('',#1086,#1086,#880,.T.);
#1370=EDGE_CURVE('',#1086,#1066,#624,.T.);
#1371=EDGE_CURVE('',#1070,#1087,#625,.T.);
#1372=EDGE_CURVE('',#1087,#1063,#626,.T.);
#1373=EDGE_CURVE('',#1087,#1088,#627,.T.);
#1374=EDGE_CURVE('',#1088,#1064,#628,.T.);
#1375=EDGE_CURVE('',#1088,#1067,#629,.T.);
#1376=EDGE_CURVE('',#1089,#1059,#881,.T.);
#1377=EDGE_CURVE('',#1089,#1040,#630,.T.);
#1378=EDGE_CURVE('',#1090,#1091,#882,.T.);
#1379=EDGE_CURVE('',#1091,#1092,#631,.T.);
#1380=EDGE_CURVE('',#1092,#1093,#883,.T.);
#1381=EDGE_CURVE('',#1093,#1090,#632,.T.);
#1382=EDGE_CURVE('',#1094,#1056,#884,.T.);
#1383=EDGE_CURVE('',#1094,#1095,#633,.T.);
#1384=EDGE_CURVE('',#1095,#1090,#885,.T.);
#1385=EDGE_CURVE('',#1091,#1095,#886,.T.);
#1386=EDGE_CURVE('',#1055,#1094,#887,.T.);
#1387=EDGE_CURVE('',#1089,#904,#888,.T.);
#1388=EDGE_CURVE('',#1057,#900,#634,.T.);
#1389=EDGE_CURVE('',#1096,#1096,#889,.T.);
#1390=EDGE_CURVE('',#1097,#1097,#890,.T.);
#1391=EDGE_CURVE('',#1097,#1096,#635,.T.);
#1392=EDGE_CURVE('',#1073,#1080,#891,.T.);
#1393=EDGE_CURVE('',#1083,#1098,#892,.T.);
#1394=EDGE_CURVE('',#1098,#1022,#893,.T.);
#1395=EDGE_CURVE('',#1021,#1011,#894,.T.);
#1396=EDGE_CURVE('',#1078,#1017,#895,.T.);
#1397=EDGE_CURVE('',#1098,#1048,#636,.T.);
#1398=EDGE_CURVE('',#1084,#1024,#637,.T.);
#1399=EDGE_CURVE('',#1085,#1028,#638,.T.);
#1400=EDGE_CURVE('',#1018,#1077,#896,.T.);
#1401=ORIENTED_EDGE('',*,*,#1099,.F.);
#1402=ORIENTED_EDGE('',*,*,#1100,.T.);
#1403=ORIENTED_EDGE('',*,*,#1101,.F.);
#1404=ORIENTED_EDGE('',*,*,#1102,.F.);
#1405=ORIENTED_EDGE('',*,*,#1103,.F.);
#1406=ORIENTED_EDGE('',*,*,#1104,.F.);
#1407=ORIENTED_EDGE('',*,*,#1105,.F.);
#1408=ORIENTED_EDGE('',*,*,#1100,.F.);
#1409=ORIENTED_EDGE('',*,*,#1104,.T.);
#1410=ORIENTED_EDGE('',*,*,#1106,.T.);
#1411=ORIENTED_EDGE('',*,*,#1107,.F.);
#1412=ORIENTED_EDGE('',*,*,#1108,.F.);
#1413=ORIENTED_EDGE('',*,*,#1109,.F.);
#1414=ORIENTED_EDGE('',*,*,#1110,.F.);
#1415=ORIENTED_EDGE('',*,*,#1111,.F.);
#1416=ORIENTED_EDGE('',*,*,#1112,.F.);
#1417=ORIENTED_EDGE('',*,*,#1113,.F.);
#1418=ORIENTED_EDGE('',*,*,#1114,.F.);
#1419=ORIENTED_EDGE('',*,*,#1115,.F.);
#1420=ORIENTED_EDGE('',*,*,#1116,.T.);
#1421=ORIENTED_EDGE('',*,*,#1117,.T.);
#1422=ORIENTED_EDGE('',*,*,#1114,.T.);
#1423=ORIENTED_EDGE('',*,*,#1118,.F.);
#1424=ORIENTED_EDGE('',*,*,#1119,.T.);
#1425=ORIENTED_EDGE('',*,*,#1120,.T.);
#1426=ORIENTED_EDGE('',*,*,#1109,.T.);
#1427=ORIENTED_EDGE('',*,*,#1117,.F.);
#1428=ORIENTED_EDGE('',*,*,#1121,.T.);
#1429=ORIENTED_EDGE('',*,*,#1122,.T.);
#1430=ORIENTED_EDGE('',*,*,#1110,.T.);
#1431=ORIENTED_EDGE('',*,*,#1120,.F.);
#1432=ORIENTED_EDGE('',*,*,#1123,.F.);
#1433=ORIENTED_EDGE('',*,*,#1124,.T.);
#1434=ORIENTED_EDGE('',*,*,#1125,.T.);
#1435=ORIENTED_EDGE('',*,*,#1126,.F.);
#1436=ORIENTED_EDGE('',*,*,#1127,.F.);
#1437=ORIENTED_EDGE('',*,*,#1128,.T.);
#1438=ORIENTED_EDGE('',*,*,#1129,.T.);
#1439=ORIENTED_EDGE('',*,*,#1124,.F.);
#1440=ORIENTED_EDGE('',*,*,#1130,.F.);
#1441=ORIENTED_EDGE('',*,*,#1131,.T.);
#1442=ORIENTED_EDGE('',*,*,#1132,.T.);
#1443=ORIENTED_EDGE('',*,*,#1128,.F.);
#1444=ORIENTED_EDGE('',*,*,#1133,.F.);
#1445=ORIENTED_EDGE('',*,*,#1134,.T.);
#1446=ORIENTED_EDGE('',*,*,#1135,.T.);
#1447=ORIENTED_EDGE('',*,*,#1131,.F.);
#1448=ORIENTED_EDGE('',*,*,#1136,.F.);
#1449=ORIENTED_EDGE('',*,*,#1137,.T.);
#1450=ORIENTED_EDGE('',*,*,#1138,.T.);
#1451=ORIENTED_EDGE('',*,*,#1134,.F.);
#1452=ORIENTED_EDGE('',*,*,#1139,.F.);
#1453=ORIENTED_EDGE('',*,*,#1140,.T.);
#1454=ORIENTED_EDGE('',*,*,#1141,.T.);
#1455=ORIENTED_EDGE('',*,*,#1137,.F.);
#1456=ORIENTED_EDGE('',*,*,#1142,.F.);
#1457=ORIENTED_EDGE('',*,*,#1143,.T.);
#1458=ORIENTED_EDGE('',*,*,#1144,.T.);
#1459=ORIENTED_EDGE('',*,*,#1140,.F.);
#1460=ORIENTED_EDGE('',*,*,#1145,.F.);
#1461=ORIENTED_EDGE('',*,*,#1126,.T.);
#1462=ORIENTED_EDGE('',*,*,#1146,.T.);
#1463=ORIENTED_EDGE('',*,*,#1143,.F.);
#1464=ORIENTED_EDGE('',*,*,#1147,.F.);
#1465=ORIENTED_EDGE('',*,*,#1148,.T.);
#1466=ORIENTED_EDGE('',*,*,#1149,.T.);
#1467=ORIENTED_EDGE('',*,*,#1150,.F.);
#1468=ORIENTED_EDGE('',*,*,#1151,.F.);
#1469=ORIENTED_EDGE('',*,*,#1152,.T.);
#1470=ORIENTED_EDGE('',*,*,#1153,.T.);
#1471=ORIENTED_EDGE('',*,*,#1148,.F.);
#1472=ORIENTED_EDGE('',*,*,#1154,.F.);
#1473=ORIENTED_EDGE('',*,*,#1155,.T.);
#1474=ORIENTED_EDGE('',*,*,#1156,.T.);
#1475=ORIENTED_EDGE('',*,*,#1152,.F.);
#1476=ORIENTED_EDGE('',*,*,#1157,.F.);
#1477=ORIENTED_EDGE('',*,*,#1158,.T.);
#1478=ORIENTED_EDGE('',*,*,#1159,.T.);
#1479=ORIENTED_EDGE('',*,*,#1155,.F.);
#1480=ORIENTED_EDGE('',*,*,#1160,.F.);
#1481=ORIENTED_EDGE('',*,*,#1161,.T.);
#1482=ORIENTED_EDGE('',*,*,#1162,.T.);
#1483=ORIENTED_EDGE('',*,*,#1158,.F.);
#1484=ORIENTED_EDGE('',*,*,#1163,.F.);
#1485=ORIENTED_EDGE('',*,*,#1164,.T.);
#1486=ORIENTED_EDGE('',*,*,#1165,.T.);
#1487=ORIENTED_EDGE('',*,*,#1161,.F.);
#1488=ORIENTED_EDGE('',*,*,#1166,.F.);
#1489=ORIENTED_EDGE('',*,*,#1167,.T.);
#1490=ORIENTED_EDGE('',*,*,#1168,.T.);
#1491=ORIENTED_EDGE('',*,*,#1164,.F.);
#1492=ORIENTED_EDGE('',*,*,#1169,.F.);
#1493=ORIENTED_EDGE('',*,*,#1170,.T.);
#1494=ORIENTED_EDGE('',*,*,#1171,.T.);
#1495=ORIENTED_EDGE('',*,*,#1167,.F.);
#1496=ORIENTED_EDGE('',*,*,#1172,.F.);
#1497=ORIENTED_EDGE('',*,*,#1173,.T.);
#1498=ORIENTED_EDGE('',*,*,#1174,.T.);
#1499=ORIENTED_EDGE('',*,*,#1170,.F.);
#1500=ORIENTED_EDGE('',*,*,#1175,.F.);
#1501=ORIENTED_EDGE('',*,*,#1176,.T.);
#1502=ORIENTED_EDGE('',*,*,#1177,.T.);
#1503=ORIENTED_EDGE('',*,*,#1173,.F.);
#1504=ORIENTED_EDGE('',*,*,#1178,.F.);
#1505=ORIENTED_EDGE('',*,*,#1179,.T.);
#1506=ORIENTED_EDGE('',*,*,#1180,.T.);
#1507=ORIENTED_EDGE('',*,*,#1176,.F.);
#1508=ORIENTED_EDGE('',*,*,#1181,.F.);
#1509=ORIENTED_EDGE('',*,*,#1182,.T.);
#1510=ORIENTED_EDGE('',*,*,#1183,.T.);
#1511=ORIENTED_EDGE('',*,*,#1179,.F.);
#1512=ORIENTED_EDGE('',*,*,#1184,.F.);
#1513=ORIENTED_EDGE('',*,*,#1185,.T.);
#1514=ORIENTED_EDGE('',*,*,#1186,.T.);
#1515=ORIENTED_EDGE('',*,*,#1182,.F.);
#1516=ORIENTED_EDGE('',*,*,#1187,.F.);
#1517=ORIENTED_EDGE('',*,*,#1188,.T.);
#1518=ORIENTED_EDGE('',*,*,#1189,.T.);
#1519=ORIENTED_EDGE('',*,*,#1185,.F.);
#1520=ORIENTED_EDGE('',*,*,#1190,.F.);
#1521=ORIENTED_EDGE('',*,*,#1191,.T.);
#1522=ORIENTED_EDGE('',*,*,#1192,.T.);
#1523=ORIENTED_EDGE('',*,*,#1188,.F.);
#1524=ORIENTED_EDGE('',*,*,#1193,.F.);
#1525=ORIENTED_EDGE('',*,*,#1194,.T.);
#1526=ORIENTED_EDGE('',*,*,#1195,.T.);
#1527=ORIENTED_EDGE('',*,*,#1191,.F.);
#1528=ORIENTED_EDGE('',*,*,#1196,.F.);
#1529=ORIENTED_EDGE('',*,*,#1197,.T.);
#1530=ORIENTED_EDGE('',*,*,#1198,.T.);
#1531=ORIENTED_EDGE('',*,*,#1194,.F.);
#1532=ORIENTED_EDGE('',*,*,#1199,.F.);
#1533=ORIENTED_EDGE('',*,*,#1200,.T.);
#1534=ORIENTED_EDGE('',*,*,#1201,.T.);
#1535=ORIENTED_EDGE('',*,*,#1197,.F.);
#1536=ORIENTED_EDGE('',*,*,#1202,.F.);
#1537=ORIENTED_EDGE('',*,*,#1150,.T.);
#1538=ORIENTED_EDGE('',*,*,#1203,.T.);
#1539=ORIENTED_EDGE('',*,*,#1200,.F.);
#1540=ORIENTED_EDGE('',*,*,#1203,.F.);
#1541=ORIENTED_EDGE('',*,*,#1149,.F.);
#1542=ORIENTED_EDGE('',*,*,#1153,.F.);
#1543=ORIENTED_EDGE('',*,*,#1156,.F.);
#1544=ORIENTED_EDGE('',*,*,#1159,.F.);
#1545=ORIENTED_EDGE('',*,*,#1162,.F.);
#1546=ORIENTED_EDGE('',*,*,#1165,.F.);
#1547=ORIENTED_EDGE('',*,*,#1168,.F.);
#1548=ORIENTED_EDGE('',*,*,#1171,.F.);
#1549=ORIENTED_EDGE('',*,*,#1174,.F.);
#1550=ORIENTED_EDGE('',*,*,#1177,.F.);
#1551=ORIENTED_EDGE('',*,*,#1180,.F.);
#1552=ORIENTED_EDGE('',*,*,#1183,.F.);
#1553=ORIENTED_EDGE('',*,*,#1186,.F.);
#1554=ORIENTED_EDGE('',*,*,#1189,.F.);
#1555=ORIENTED_EDGE('',*,*,#1192,.F.);
#1556=ORIENTED_EDGE('',*,*,#1195,.F.);
#1557=ORIENTED_EDGE('',*,*,#1198,.F.);
#1558=ORIENTED_EDGE('',*,*,#1201,.F.);
#1559=ORIENTED_EDGE('',*,*,#1146,.F.);
#1560=ORIENTED_EDGE('',*,*,#1125,.F.);
#1561=ORIENTED_EDGE('',*,*,#1129,.F.);
#1562=ORIENTED_EDGE('',*,*,#1132,.F.);
#1563=ORIENTED_EDGE('',*,*,#1135,.F.);
#1564=ORIENTED_EDGE('',*,*,#1138,.F.);
#1565=ORIENTED_EDGE('',*,*,#1141,.F.);
#1566=ORIENTED_EDGE('',*,*,#1144,.F.);
#1567=ORIENTED_EDGE('',*,*,#1204,.F.);
#1568=ORIENTED_EDGE('',*,*,#1205,.T.);
#1569=ORIENTED_EDGE('',*,*,#1206,.T.);
#1570=ORIENTED_EDGE('',*,*,#1207,.F.);
#1571=ORIENTED_EDGE('',*,*,#1208,.F.);
#1572=ORIENTED_EDGE('',*,*,#1209,.T.);
#1573=ORIENTED_EDGE('',*,*,#1210,.T.);
#1574=ORIENTED_EDGE('',*,*,#1205,.F.);
#1575=ORIENTED_EDGE('',*,*,#1211,.F.);
#1576=ORIENTED_EDGE('',*,*,#1212,.T.);
#1577=ORIENTED_EDGE('',*,*,#1213,.T.);
#1578=ORIENTED_EDGE('',*,*,#1209,.F.);
#1579=ORIENTED_EDGE('',*,*,#1214,.F.);
#1580=ORIENTED_EDGE('',*,*,#1215,.T.);
#1581=ORIENTED_EDGE('',*,*,#1216,.T.);
#1582=ORIENTED_EDGE('',*,*,#1212,.F.);
#1583=ORIENTED_EDGE('',*,*,#1217,.F.);
#1584=ORIENTED_EDGE('',*,*,#1218,.T.);
#1585=ORIENTED_EDGE('',*,*,#1219,.T.);
#1586=ORIENTED_EDGE('',*,*,#1215,.F.);
#1587=ORIENTED_EDGE('',*,*,#1220,.F.);
#1588=ORIENTED_EDGE('',*,*,#1207,.T.);
#1589=ORIENTED_EDGE('',*,*,#1221,.T.);
#1590=ORIENTED_EDGE('',*,*,#1218,.F.);
#1591=ORIENTED_EDGE('',*,*,#1221,.F.);
#1592=ORIENTED_EDGE('',*,*,#1206,.F.);
#1593=ORIENTED_EDGE('',*,*,#1210,.F.);
#1594=ORIENTED_EDGE('',*,*,#1213,.F.);
#1595=ORIENTED_EDGE('',*,*,#1216,.F.);
#1596=ORIENTED_EDGE('',*,*,#1219,.F.);
#1597=ORIENTED_EDGE('',*,*,#1222,.F.);
#1598=ORIENTED_EDGE('',*,*,#1223,.T.);
#1599=ORIENTED_EDGE('',*,*,#1224,.T.);
#1600=ORIENTED_EDGE('',*,*,#1225,.F.);
#1601=ORIENTED_EDGE('',*,*,#1226,.F.);
#1602=ORIENTED_EDGE('',*,*,#1227,.T.);
#1603=ORIENTED_EDGE('',*,*,#1228,.T.);
#1604=ORIENTED_EDGE('',*,*,#1223,.F.);
#1605=ORIENTED_EDGE('',*,*,#1229,.F.);
#1606=ORIENTED_EDGE('',*,*,#1230,.T.);
#1607=ORIENTED_EDGE('',*,*,#1231,.T.);
#1608=ORIENTED_EDGE('',*,*,#1227,.F.);
#1609=ORIENTED_EDGE('',*,*,#1232,.F.);
#1610=ORIENTED_EDGE('',*,*,#1233,.T.);
#1611=ORIENTED_EDGE('',*,*,#1234,.T.);
#1612=ORIENTED_EDGE('',*,*,#1230,.F.);
#1613=ORIENTED_EDGE('',*,*,#1235,.F.);
#1614=ORIENTED_EDGE('',*,*,#1236,.T.);
#1615=ORIENTED_EDGE('',*,*,#1237,.T.);
#1616=ORIENTED_EDGE('',*,*,#1233,.F.);
#1617=ORIENTED_EDGE('',*,*,#1238,.F.);
#1618=ORIENTED_EDGE('',*,*,#1239,.T.);
#1619=ORIENTED_EDGE('',*,*,#1240,.T.);
#1620=ORIENTED_EDGE('',*,*,#1236,.F.);
#1621=ORIENTED_EDGE('',*,*,#1241,.F.);
#1622=ORIENTED_EDGE('',*,*,#1242,.T.);
#1623=ORIENTED_EDGE('',*,*,#1243,.T.);
#1624=ORIENTED_EDGE('',*,*,#1239,.F.);
#1625=ORIENTED_EDGE('',*,*,#1244,.F.);
#1626=ORIENTED_EDGE('',*,*,#1245,.T.);
#1627=ORIENTED_EDGE('',*,*,#1246,.T.);
#1628=ORIENTED_EDGE('',*,*,#1242,.F.);
#1629=ORIENTED_EDGE('',*,*,#1247,.F.);
#1630=ORIENTED_EDGE('',*,*,#1248,.T.);
#1631=ORIENTED_EDGE('',*,*,#1249,.T.);
#1632=ORIENTED_EDGE('',*,*,#1245,.F.);
#1633=ORIENTED_EDGE('',*,*,#1250,.F.);
#1634=ORIENTED_EDGE('',*,*,#1251,.T.);
#1635=ORIENTED_EDGE('',*,*,#1252,.T.);
#1636=ORIENTED_EDGE('',*,*,#1248,.F.);
#1637=ORIENTED_EDGE('',*,*,#1253,.F.);
#1638=ORIENTED_EDGE('',*,*,#1254,.T.);
#1639=ORIENTED_EDGE('',*,*,#1255,.T.);
#1640=ORIENTED_EDGE('',*,*,#1251,.F.);
#1641=ORIENTED_EDGE('',*,*,#1256,.F.);
#1642=ORIENTED_EDGE('',*,*,#1225,.T.);
#1643=ORIENTED_EDGE('',*,*,#1257,.T.);
#1644=ORIENTED_EDGE('',*,*,#1254,.F.);
#1645=ORIENTED_EDGE('',*,*,#1257,.F.);
#1646=ORIENTED_EDGE('',*,*,#1224,.F.);
#1647=ORIENTED_EDGE('',*,*,#1228,.F.);
#1648=ORIENTED_EDGE('',*,*,#1231,.F.);
#1649=ORIENTED_EDGE('',*,*,#1234,.F.);
#1650=ORIENTED_EDGE('',*,*,#1237,.F.);
#1651=ORIENTED_EDGE('',*,*,#1240,.F.);
#1652=ORIENTED_EDGE('',*,*,#1243,.F.);
#1653=ORIENTED_EDGE('',*,*,#1246,.F.);
#1654=ORIENTED_EDGE('',*,*,#1249,.F.);
#1655=ORIENTED_EDGE('',*,*,#1252,.F.);
#1656=ORIENTED_EDGE('',*,*,#1255,.F.);
#1657=ORIENTED_EDGE('',*,*,#1258,.T.);
#1658=ORIENTED_EDGE('',*,*,#1259,.T.);
#1659=ORIENTED_EDGE('',*,*,#1260,.T.);
#1660=ORIENTED_EDGE('',*,*,#1261,.F.);
#1661=ORIENTED_EDGE('',*,*,#1260,.F.);
#1662=ORIENTED_EDGE('',*,*,#1262,.F.);
#1663=ORIENTED_EDGE('',*,*,#1263,.F.);
#1664=ORIENTED_EDGE('',*,*,#1264,.F.);
#1665=ORIENTED_EDGE('',*,*,#1265,.F.);
#1666=ORIENTED_EDGE('',*,*,#1266,.F.);
#1667=ORIENTED_EDGE('',*,*,#1267,.F.);
#1668=ORIENTED_EDGE('',*,*,#1268,.T.);
#1669=ORIENTED_EDGE('',*,*,#1269,.T.);
#1670=ORIENTED_EDGE('',*,*,#1268,.F.);
#1671=ORIENTED_EDGE('',*,*,#1269,.F.);
#1672=ORIENTED_EDGE('',*,*,#1270,.T.);
#1673=ORIENTED_EDGE('',*,*,#1271,.T.);
#1674=ORIENTED_EDGE('',*,*,#1272,.T.);
#1675=ORIENTED_EDGE('',*,*,#1273,.T.);
#1676=ORIENTED_EDGE('',*,*,#1274,.T.);
#1677=ORIENTED_EDGE('',*,*,#1275,.T.);
#1678=ORIENTED_EDGE('',*,*,#1276,.T.);
#1679=ORIENTED_EDGE('',*,*,#1277,.T.);
#1680=ORIENTED_EDGE('',*,*,#1273,.F.);
#1681=ORIENTED_EDGE('',*,*,#1278,.F.);
#1682=ORIENTED_EDGE('',*,*,#1277,.F.);
#1683=ORIENTED_EDGE('',*,*,#1279,.F.);
#1684=ORIENTED_EDGE('',*,*,#1265,.T.);
#1685=ORIENTED_EDGE('',*,*,#1280,.T.);
#1686=ORIENTED_EDGE('',*,*,#1281,.T.);
#1687=ORIENTED_EDGE('',*,*,#1282,.T.);
#1688=ORIENTED_EDGE('',*,*,#1283,.F.);
#1689=ORIENTED_EDGE('',*,*,#1284,.F.);
#1690=ORIENTED_EDGE('',*,*,#1285,.T.);
#1691=ORIENTED_EDGE('',*,*,#1286,.T.);
#1692=ORIENTED_EDGE('',*,*,#1287,.F.);
#1693=ORIENTED_EDGE('',*,*,#1288,.F.);
#1694=ORIENTED_EDGE('',*,*,#1289,.F.);
#1695=ORIENTED_EDGE('',*,*,#1289,.T.);
#1696=ORIENTED_EDGE('',*,*,#1290,.T.);
#1697=ORIENTED_EDGE('',*,*,#1115,.T.);
#1698=ORIENTED_EDGE('',*,*,#1290,.F.);
#1699=ORIENTED_EDGE('',*,*,#1291,.T.);
#1700=ORIENTED_EDGE('',*,*,#1292,.T.);
#1701=ORIENTED_EDGE('',*,*,#1111,.T.);
#1702=ORIENTED_EDGE('',*,*,#1122,.F.);
#1703=ORIENTED_EDGE('',*,*,#1293,.T.);
#1704=ORIENTED_EDGE('',*,*,#1294,.T.);
#1705=ORIENTED_EDGE('',*,*,#1112,.T.);
#1706=ORIENTED_EDGE('',*,*,#1292,.F.);
#1707=ORIENTED_EDGE('',*,*,#1295,.T.);
#1708=ORIENTED_EDGE('',*,*,#1118,.T.);
#1709=ORIENTED_EDGE('',*,*,#1113,.T.);
#1710=ORIENTED_EDGE('',*,*,#1294,.F.);
#1711=ORIENTED_EDGE('',*,*,#1123,.T.);
#1712=ORIENTED_EDGE('',*,*,#1145,.T.);
#1713=ORIENTED_EDGE('',*,*,#1142,.T.);
#1714=ORIENTED_EDGE('',*,*,#1139,.T.);
#1715=ORIENTED_EDGE('',*,*,#1136,.T.);
#1716=ORIENTED_EDGE('',*,*,#1133,.T.);
#1717=ORIENTED_EDGE('',*,*,#1130,.T.);
#1718=ORIENTED_EDGE('',*,*,#1127,.T.);
#1719=ORIENTED_EDGE('',*,*,#1296,.F.);
#1720=ORIENTED_EDGE('',*,*,#1297,.T.);
#1721=ORIENTED_EDGE('',*,*,#1298,.T.);
#1722=ORIENTED_EDGE('',*,*,#1297,.F.);
#1723=ORIENTED_EDGE('',*,*,#1299,.T.);
#1724=ORIENTED_EDGE('',*,*,#1300,.T.);
#1725=ORIENTED_EDGE('',*,*,#1301,.T.);
#1726=ORIENTED_EDGE('',*,*,#1302,.F.);
#1727=ORIENTED_EDGE('',*,*,#1303,.F.);
#1728=ORIENTED_EDGE('',*,*,#1106,.F.);
#1729=ORIENTED_EDGE('',*,*,#1103,.T.);
#1730=ORIENTED_EDGE('',*,*,#1099,.T.);
#1731=ORIENTED_EDGE('',*,*,#1304,.T.);
#1732=ORIENTED_EDGE('',*,*,#1305,.F.);
#1733=ORIENTED_EDGE('',*,*,#1306,.T.);
#1734=ORIENTED_EDGE('',*,*,#1307,.T.);
#1735=ORIENTED_EDGE('',*,*,#1262,.T.);
#1736=ORIENTED_EDGE('',*,*,#1259,.F.);
#1737=ORIENTED_EDGE('',*,*,#1147,.T.);
#1738=ORIENTED_EDGE('',*,*,#1202,.T.);
#1739=ORIENTED_EDGE('',*,*,#1199,.T.);
#1740=ORIENTED_EDGE('',*,*,#1196,.T.);
#1741=ORIENTED_EDGE('',*,*,#1193,.T.);
#1742=ORIENTED_EDGE('',*,*,#1190,.T.);
#1743=ORIENTED_EDGE('',*,*,#1187,.T.);
#1744=ORIENTED_EDGE('',*,*,#1184,.T.);
#1745=ORIENTED_EDGE('',*,*,#1181,.T.);
#1746=ORIENTED_EDGE('',*,*,#1178,.T.);
#1747=ORIENTED_EDGE('',*,*,#1175,.T.);
#1748=ORIENTED_EDGE('',*,*,#1172,.T.);
#1749=ORIENTED_EDGE('',*,*,#1169,.T.);
#1750=ORIENTED_EDGE('',*,*,#1166,.T.);
#1751=ORIENTED_EDGE('',*,*,#1163,.T.);
#1752=ORIENTED_EDGE('',*,*,#1160,.T.);
#1753=ORIENTED_EDGE('',*,*,#1157,.T.);
#1754=ORIENTED_EDGE('',*,*,#1154,.T.);
#1755=ORIENTED_EDGE('',*,*,#1151,.T.);
#1756=ORIENTED_EDGE('',*,*,#1204,.T.);
#1757=ORIENTED_EDGE('',*,*,#1220,.T.);
#1758=ORIENTED_EDGE('',*,*,#1217,.T.);
#1759=ORIENTED_EDGE('',*,*,#1214,.T.);
#1760=ORIENTED_EDGE('',*,*,#1211,.T.);
#1761=ORIENTED_EDGE('',*,*,#1208,.T.);
#1762=ORIENTED_EDGE('',*,*,#1222,.T.);
#1763=ORIENTED_EDGE('',*,*,#1256,.T.);
#1764=ORIENTED_EDGE('',*,*,#1253,.T.);
#1765=ORIENTED_EDGE('',*,*,#1250,.T.);
#1766=ORIENTED_EDGE('',*,*,#1247,.T.);
#1767=ORIENTED_EDGE('',*,*,#1244,.T.);
#1768=ORIENTED_EDGE('',*,*,#1241,.T.);
#1769=ORIENTED_EDGE('',*,*,#1238,.T.);
#1770=ORIENTED_EDGE('',*,*,#1235,.T.);
#1771=ORIENTED_EDGE('',*,*,#1232,.T.);
#1772=ORIENTED_EDGE('',*,*,#1229,.T.);
#1773=ORIENTED_EDGE('',*,*,#1226,.T.);
#1774=ORIENTED_EDGE('',*,*,#1296,.T.);
#1775=ORIENTED_EDGE('',*,*,#1308,.T.);
#1776=ORIENTED_EDGE('',*,*,#1309,.T.);
#1777=ORIENTED_EDGE('',*,*,#1310,.F.);
#1778=ORIENTED_EDGE('',*,*,#1282,.F.);
#1779=ORIENTED_EDGE('',*,*,#1311,.T.);
#1780=ORIENTED_EDGE('',*,*,#1312,.T.);
#1781=ORIENTED_EDGE('',*,*,#1313,.T.);
#1782=ORIENTED_EDGE('',*,*,#1261,.T.);
#1783=ORIENTED_EDGE('',*,*,#1314,.F.);
#1784=ORIENTED_EDGE('',*,*,#1315,.T.);
#1785=ORIENTED_EDGE('',*,*,#1316,.T.);
#1786=ORIENTED_EDGE('',*,*,#1317,.T.);
#1787=ORIENTED_EDGE('',*,*,#1287,.T.);
#1788=ORIENTED_EDGE('',*,*,#1318,.T.);
#1789=ORIENTED_EDGE('',*,*,#1283,.T.);
#1790=ORIENTED_EDGE('',*,*,#1310,.T.);
#1791=ORIENTED_EDGE('',*,*,#1319,.T.);
#1792=ORIENTED_EDGE('',*,*,#1320,.T.);
#1793=ORIENTED_EDGE('',*,*,#1321,.T.);
#1794=ORIENTED_EDGE('',*,*,#1315,.F.);
#1795=ORIENTED_EDGE('',*,*,#1286,.F.);
#1796=ORIENTED_EDGE('',*,*,#1322,.T.);
#1797=ORIENTED_EDGE('',*,*,#1323,.T.);
#1798=ORIENTED_EDGE('',*,*,#1324,.T.);
#1799=ORIENTED_EDGE('',*,*,#1325,.T.);
#1800=ORIENTED_EDGE('',*,*,#1300,.F.);
#1801=ORIENTED_EDGE('',*,*,#1326,.T.);
#1802=ORIENTED_EDGE('',*,*,#1327,.F.);
#1803=ORIENTED_EDGE('',*,*,#1328,.F.);
#1804=ORIENTED_EDGE('',*,*,#1301,.F.);
#1805=ORIENTED_EDGE('',*,*,#1328,.T.);
#1806=ORIENTED_EDGE('',*,*,#1329,.F.);
#1807=ORIENTED_EDGE('',*,*,#1330,.F.);
#1808=ORIENTED_EDGE('',*,*,#1331,.F.);
#1809=ORIENTED_EDGE('',*,*,#1332,.F.);
#1810=ORIENTED_EDGE('',*,*,#1333,.F.);
#1811=ORIENTED_EDGE('',*,*,#1334,.F.);
#1812=ORIENTED_EDGE('',*,*,#1335,.F.);
#1813=ORIENTED_EDGE('',*,*,#1336,.F.);
#1814=ORIENTED_EDGE('',*,*,#1337,.F.);
#1815=ORIENTED_EDGE('',*,*,#1338,.T.);
#1816=ORIENTED_EDGE('',*,*,#1339,.T.);
#1817=ORIENTED_EDGE('',*,*,#1336,.T.);
#1818=ORIENTED_EDGE('',*,*,#1340,.F.);
#1819=ORIENTED_EDGE('',*,*,#1341,.T.);
#1820=ORIENTED_EDGE('',*,*,#1342,.T.);
#1821=ORIENTED_EDGE('',*,*,#1331,.T.);
#1822=ORIENTED_EDGE('',*,*,#1339,.F.);
#1823=ORIENTED_EDGE('',*,*,#1343,.T.);
#1824=ORIENTED_EDGE('',*,*,#1344,.T.);
#1825=ORIENTED_EDGE('',*,*,#1332,.T.);
#1826=ORIENTED_EDGE('',*,*,#1342,.F.);
#1827=ORIENTED_EDGE('',*,*,#1345,.T.);
#1828=ORIENTED_EDGE('',*,*,#1305,.T.);
#1829=ORIENTED_EDGE('',*,*,#1346,.T.);
#1830=ORIENTED_EDGE('',*,*,#1312,.F.);
#1831=ORIENTED_EDGE('',*,*,#1345,.F.);
#1832=ORIENTED_EDGE('',*,*,#1347,.T.);
#1833=ORIENTED_EDGE('',*,*,#1348,.F.);
#1834=ORIENTED_EDGE('',*,*,#1349,.F.);
#1835=ORIENTED_EDGE('',*,*,#1350,.F.);
#1836=ORIENTED_EDGE('',*,*,#1306,.F.);
#1837=ORIENTED_EDGE('',*,*,#1351,.F.);
#1838=ORIENTED_EDGE('',*,*,#1352,.T.);
#1839=ORIENTED_EDGE('',*,*,#1353,.T.);
#1840=ORIENTED_EDGE('',*,*,#1352,.F.);
#1841=ORIENTED_EDGE('',*,*,#1353,.F.);
#1842=ORIENTED_EDGE('',*,*,#1354,.T.);
#1843=ORIENTED_EDGE('',*,*,#1355,.T.);
#1844=ORIENTED_EDGE('',*,*,#1356,.T.);
#1845=ORIENTED_EDGE('',*,*,#1357,.T.);
#1846=ORIENTED_EDGE('',*,*,#1358,.T.);
#1847=ORIENTED_EDGE('',*,*,#1359,.T.);
#1848=ORIENTED_EDGE('',*,*,#1360,.T.);
#1849=ORIENTED_EDGE('',*,*,#1361,.T.);
#1850=ORIENTED_EDGE('',*,*,#1357,.F.);
#1851=ORIENTED_EDGE('',*,*,#1362,.F.);
#1852=ORIENTED_EDGE('',*,*,#1359,.F.);
#1853=ORIENTED_EDGE('',*,*,#1363,.F.);
#1854=ORIENTED_EDGE('',*,*,#1348,.T.);
#1855=ORIENTED_EDGE('',*,*,#1364,.T.);
#1856=ORIENTED_EDGE('',*,*,#1365,.T.);
#1857=ORIENTED_EDGE('',*,*,#1366,.T.);
#1858=ORIENTED_EDGE('',*,*,#1319,.F.);
#1859=ORIENTED_EDGE('',*,*,#1309,.F.);
#1860=ORIENTED_EDGE('',*,*,#1367,.T.);
#1861=ORIENTED_EDGE('',*,*,#1368,.T.);
#1862=ORIENTED_EDGE('',*,*,#1316,.F.);
#1863=ORIENTED_EDGE('',*,*,#1321,.F.);
#1864=ORIENTED_EDGE('',*,*,#1369,.F.);
#1865=ORIENTED_EDGE('',*,*,#1369,.T.);
#1866=ORIENTED_EDGE('',*,*,#1370,.T.);
#1867=ORIENTED_EDGE('',*,*,#1337,.T.);
#1868=ORIENTED_EDGE('',*,*,#1370,.F.);
#1869=ORIENTED_EDGE('',*,*,#1371,.T.);
#1870=ORIENTED_EDGE('',*,*,#1372,.T.);
#1871=ORIENTED_EDGE('',*,*,#1333,.T.);
#1872=ORIENTED_EDGE('',*,*,#1344,.F.);
#1873=ORIENTED_EDGE('',*,*,#1373,.T.);
#1874=ORIENTED_EDGE('',*,*,#1374,.T.);
#1875=ORIENTED_EDGE('',*,*,#1334,.T.);
#1876=ORIENTED_EDGE('',*,*,#1372,.F.);
#1877=ORIENTED_EDGE('',*,*,#1375,.T.);
#1878=ORIENTED_EDGE('',*,*,#1340,.T.);
#1879=ORIENTED_EDGE('',*,*,#1335,.T.);
#1880=ORIENTED_EDGE('',*,*,#1374,.F.);
#1881=ORIENTED_EDGE('',*,*,#1330,.T.);
#1882=ORIENTED_EDGE('',*,*,#1376,.F.);
#1883=ORIENTED_EDGE('',*,*,#1377,.T.);
#1884=ORIENTED_EDGE('',*,*,#1302,.T.);
#1885=ORIENTED_EDGE('',*,*,#1378,.T.);
#1886=ORIENTED_EDGE('',*,*,#1379,.T.);
#1887=ORIENTED_EDGE('',*,*,#1380,.T.);
#1888=ORIENTED_EDGE('',*,*,#1381,.T.);
#1889=ORIENTED_EDGE('',*,*,#1322,.F.);
#1890=ORIENTED_EDGE('',*,*,#1325,.F.);
#1891=ORIENTED_EDGE('',*,*,#1382,.F.);
#1892=ORIENTED_EDGE('',*,*,#1383,.T.);
#1893=ORIENTED_EDGE('',*,*,#1384,.T.);
#1894=ORIENTED_EDGE('',*,*,#1381,.F.);
#1895=ORIENTED_EDGE('',*,*,#1380,.F.);
#1896=ORIENTED_EDGE('',*,*,#1379,.F.);
#1897=ORIENTED_EDGE('',*,*,#1385,.T.);
#1898=ORIENTED_EDGE('',*,*,#1383,.F.);
#1899=ORIENTED_EDGE('',*,*,#1386,.F.);
#1900=ORIENTED_EDGE('',*,*,#1323,.F.);
#1901=ORIENTED_EDGE('',*,*,#1378,.F.);
#1902=ORIENTED_EDGE('',*,*,#1384,.F.);
#1903=ORIENTED_EDGE('',*,*,#1385,.F.);
#1904=ORIENTED_EDGE('',*,*,#1298,.F.);
#1905=ORIENTED_EDGE('',*,*,#1303,.T.);
#1906=ORIENTED_EDGE('',*,*,#1377,.F.);
#1907=ORIENTED_EDGE('',*,*,#1387,.T.);
#1908=ORIENTED_EDGE('',*,*,#1107,.T.);
#1909=ORIENTED_EDGE('',*,*,#1388,.T.);
#1910=ORIENTED_EDGE('',*,*,#1101,.T.);
#1911=ORIENTED_EDGE('',*,*,#1105,.T.);
#1912=ORIENTED_EDGE('',*,*,#1108,.T.);
#1913=ORIENTED_EDGE('',*,*,#1387,.F.);
#1914=ORIENTED_EDGE('',*,*,#1376,.T.);
#1915=ORIENTED_EDGE('',*,*,#1329,.T.);
#1916=ORIENTED_EDGE('',*,*,#1327,.T.);
#1917=ORIENTED_EDGE('',*,*,#1324,.F.);
#1918=ORIENTED_EDGE('',*,*,#1386,.T.);
#1919=ORIENTED_EDGE('',*,*,#1382,.T.);
#1920=ORIENTED_EDGE('',*,*,#1389,.T.);
#1921=ORIENTED_EDGE('',*,*,#1390,.F.);
#1922=ORIENTED_EDGE('',*,*,#1121,.F.);
#1923=ORIENTED_EDGE('',*,*,#1119,.F.);
#1924=ORIENTED_EDGE('',*,*,#1116,.F.);
#1925=ORIENTED_EDGE('',*,*,#1295,.F.);
#1926=ORIENTED_EDGE('',*,*,#1293,.F.);
#1927=ORIENTED_EDGE('',*,*,#1291,.F.);
#1928=ORIENTED_EDGE('',*,*,#1343,.F.);
#1929=ORIENTED_EDGE('',*,*,#1341,.F.);
#1930=ORIENTED_EDGE('',*,*,#1338,.F.);
#1931=ORIENTED_EDGE('',*,*,#1375,.F.);
#1932=ORIENTED_EDGE('',*,*,#1373,.F.);
#1933=ORIENTED_EDGE('',*,*,#1371,.F.);
#1934=ORIENTED_EDGE('',*,*,#1390,.T.);
#1935=ORIENTED_EDGE('',*,*,#1391,.T.);
#1936=ORIENTED_EDGE('',*,*,#1389,.F.);
#1937=ORIENTED_EDGE('',*,*,#1391,.F.);
#1938=ORIENTED_EDGE('',*,*,#1388,.F.);
#1939=ORIENTED_EDGE('',*,*,#1326,.F.);
#1940=ORIENTED_EDGE('',*,*,#1299,.F.);
#1941=ORIENTED_EDGE('',*,*,#1102,.T.);
#1942=ORIENTED_EDGE('',*,*,#1307,.F.);
#1943=ORIENTED_EDGE('',*,*,#1350,.T.);
#1944=ORIENTED_EDGE('',*,*,#1392,.T.);
#1945=ORIENTED_EDGE('',*,*,#1361,.F.);
#1946=ORIENTED_EDGE('',*,*,#1393,.T.);
#1947=ORIENTED_EDGE('',*,*,#1394,.T.);
#1948=ORIENTED_EDGE('',*,*,#1275,.F.);
#1949=ORIENTED_EDGE('',*,*,#1395,.T.);
#1950=ORIENTED_EDGE('',*,*,#1263,.T.);
#1951=ORIENTED_EDGE('',*,*,#1267,.T.);
#1952=ORIENTED_EDGE('',*,*,#1351,.T.);
#1953=ORIENTED_EDGE('',*,*,#1396,.T.);
#1954=ORIENTED_EDGE('',*,*,#1270,.F.);
#1955=ORIENTED_EDGE('',*,*,#1279,.T.);
#1956=ORIENTED_EDGE('',*,*,#1276,.F.);
#1957=ORIENTED_EDGE('',*,*,#1394,.F.);
#1958=ORIENTED_EDGE('',*,*,#1397,.T.);
#1959=ORIENTED_EDGE('',*,*,#1314,.T.);
#1960=ORIENTED_EDGE('',*,*,#1397,.F.);
#1961=ORIENTED_EDGE('',*,*,#1393,.F.);
#1962=ORIENTED_EDGE('',*,*,#1360,.F.);
#1963=ORIENTED_EDGE('',*,*,#1362,.T.);
#1964=ORIENTED_EDGE('',*,*,#1356,.F.);
#1965=ORIENTED_EDGE('',*,*,#1313,.F.);
#1966=ORIENTED_EDGE('',*,*,#1346,.F.);
#1967=ORIENTED_EDGE('',*,*,#1304,.F.);
#1968=ORIENTED_EDGE('',*,*,#1258,.F.);
#1969=ORIENTED_EDGE('',*,*,#1398,.F.);
#1970=ORIENTED_EDGE('',*,*,#1365,.F.);
#1971=ORIENTED_EDGE('',*,*,#1308,.F.);
#1972=ORIENTED_EDGE('',*,*,#1281,.F.);
#1973=ORIENTED_EDGE('',*,*,#1320,.F.);
#1974=ORIENTED_EDGE('',*,*,#1285,.F.);
#1975=ORIENTED_EDGE('',*,*,#1399,.F.);
#1976=ORIENTED_EDGE('',*,*,#1367,.F.);
#1977=ORIENTED_EDGE('',*,*,#1317,.F.);
#1978=ORIENTED_EDGE('',*,*,#1368,.F.);
#1979=ORIENTED_EDGE('',*,*,#1399,.T.);
#1980=ORIENTED_EDGE('',*,*,#1288,.T.);
#1981=ORIENTED_EDGE('',*,*,#1396,.F.);
#1982=ORIENTED_EDGE('',*,*,#1355,.F.);
#1983=ORIENTED_EDGE('',*,*,#1400,.F.);
#1984=ORIENTED_EDGE('',*,*,#1271,.F.);
#1985=ORIENTED_EDGE('',*,*,#1400,.T.);
#1986=ORIENTED_EDGE('',*,*,#1354,.F.);
#1987=ORIENTED_EDGE('',*,*,#1363,.T.);
#1988=ORIENTED_EDGE('',*,*,#1358,.F.);
#1989=ORIENTED_EDGE('',*,*,#1392,.F.);
#1990=ORIENTED_EDGE('',*,*,#1349,.T.);
#1991=ORIENTED_EDGE('',*,*,#1364,.F.);
#1992=ORIENTED_EDGE('',*,*,#1347,.F.);
#1993=ORIENTED_EDGE('',*,*,#1311,.F.);
#1994=ORIENTED_EDGE('',*,*,#1266,.T.);
#1995=ORIENTED_EDGE('',*,*,#1280,.F.);
#1996=ORIENTED_EDGE('',*,*,#1264,.T.);
#1997=ORIENTED_EDGE('',*,*,#1395,.F.);
#1998=ORIENTED_EDGE('',*,*,#1274,.F.);
#1999=ORIENTED_EDGE('',*,*,#1278,.T.);
#2000=ORIENTED_EDGE('',*,*,#1272,.F.);
#2001=ORIENTED_EDGE('',*,*,#1318,.F.);
#2002=ORIENTED_EDGE('',*,*,#1366,.F.);
#2003=ORIENTED_EDGE('',*,*,#1398,.T.);
#2004=ORIENTED_EDGE('',*,*,#1284,.T.);
#2005=CYLINDRICAL_SURFACE('',#2147,40.);
#2006=CYLINDRICAL_SURFACE('',#2151,144.274488314552);
#2007=CYLINDRICAL_SURFACE('',#2191,0.5);
#2008=CYLINDRICAL_SURFACE('',#2194,1.25);
#2009=CYLINDRICAL_SURFACE('',#2198,1.);
#2010=CYLINDRICAL_SURFACE('',#2199,2.);
#2011=CYLINDRICAL_SURFACE('',#2201,16.);
#2012=CYLINDRICAL_SURFACE('',#2206,1.5);
#2013=CYLINDRICAL_SURFACE('',#2211,4.99999999999999);
#2014=CYLINDRICAL_SURFACE('',#2226,38.15);
#2015=CYLINDRICAL_SURFACE('',#2229,40.);
#2016=CYLINDRICAL_SURFACE('',#2237,0.5);
#2017=CYLINDRICAL_SURFACE('',#2239,1.25);
#2018=CYLINDRICAL_SURFACE('',#2243,1.);
#2019=CYLINDRICAL_SURFACE('',#2244,2.);
#2020=CYLINDRICAL_SURFACE('',#2246,16.);
#2021=CYLINDRICAL_SURFACE('',#2251,1.5);
#2022=CYLINDRICAL_SURFACE('',#2255,144.274488314553);
#2023=CYLINDRICAL_SURFACE('',#2257,38.15);
#2024=CYLINDRICAL_SURFACE('',#2260,38.1499999999994);
#2025=CYLINDRICAL_SURFACE('',#2266,43.25);
#2026=CYLINDRICAL_SURFACE('',#2272,10.);
#2027=CYLINDRICAL_SURFACE('',#2279,12.);
#2028=CYLINDRICAL_SURFACE('',#2285,15.05);
#2029=ADVANCED_FACE('',(#173),#2005,.T.);
#2030=ADVANCED_FACE('',(#174),#99,.T.);
#2031=ADVANCED_FACE('',(#175),#2006,.T.);
#2032=ADVANCED_FACE('',(#176,#80),#100,.F.);
#2033=ADVANCED_FACE('',(#177),#101,.F.);
#2034=ADVANCED_FACE('',(#178),#102,.F.);
#2035=ADVANCED_FACE('',(#179),#103,.F.);
#2036=ADVANCED_FACE('',(#180),#104,.F.);
#2037=ADVANCED_FACE('',(#181),#64,.F.);
#2038=ADVANCED_FACE('',(#182),#65,.F.);
#2039=ADVANCED_FACE('',(#183),#66,.F.);
#2040=ADVANCED_FACE('',(#184),#67,.F.);
#2041=ADVANCED_FACE('',(#185),#68,.F.);
#2042=ADVANCED_FACE('',(#186),#105,.F.);
#2043=ADVANCED_FACE('',(#187),#106,.F.);
#2044=ADVANCED_FACE('',(#188),#107,.F.);
#2045=ADVANCED_FACE('',(#189),#108,.F.);
#2046=ADVANCED_FACE('',(#190),#69,.F.);
#2047=ADVANCED_FACE('',(#191),#70,.F.);
#2048=ADVANCED_FACE('',(#192),#71,.F.);
#2049=ADVANCED_FACE('',(#193),#72,.F.);
#2050=ADVANCED_FACE('',(#194),#109,.F.);
#2051=ADVANCED_FACE('',(#195),#110,.F.);
#2052=ADVANCED_FACE('',(#196),#111,.F.);
#2053=ADVANCED_FACE('',(#197),#73,.F.);
#2054=ADVANCED_FACE('',(#198),#74,.F.);
#2055=ADVANCED_FACE('',(#199),#75,.F.);
#2056=ADVANCED_FACE('',(#200),#76,.F.);
#2057=ADVANCED_FACE('',(#201),#77,.F.);
#2058=ADVANCED_FACE('',(#202),#78,.F.);
#2059=ADVANCED_FACE('',(#203),#79,.F.);
#2060=ADVANCED_FACE('',(#204),#112,.F.);
#2061=ADVANCED_FACE('',(#205),#113,.F.);
#2062=ADVANCED_FACE('',(#206),#114,.F.);
#2063=ADVANCED_FACE('',(#207,#81),#115,.T.);
#2064=ADVANCED_FACE('',(#208),#116,.F.);
#2065=ADVANCED_FACE('',(#209),#117,.F.);
#2066=ADVANCED_FACE('',(#210),#118,.F.);
#2067=ADVANCED_FACE('',(#211),#119,.F.);
#2068=ADVANCED_FACE('',(#212),#120,.F.);
#2069=ADVANCED_FACE('',(#213),#121,.F.);
#2070=ADVANCED_FACE('',(#214),#122,.F.);
#2071=ADVANCED_FACE('',(#215),#123,.F.);
#2072=ADVANCED_FACE('',(#216),#124,.F.);
#2073=ADVANCED_FACE('',(#217),#125,.F.);
#2074=ADVANCED_FACE('',(#218),#126,.F.);
#2075=ADVANCED_FACE('',(#219),#127,.F.);
#2076=ADVANCED_FACE('',(#220),#128,.F.);
#2077=ADVANCED_FACE('',(#221),#129,.F.);
#2078=ADVANCED_FACE('',(#222),#130,.F.);
#2079=ADVANCED_FACE('',(#223),#131,.F.);
#2080=ADVANCED_FACE('',(#224),#132,.F.);
#2081=ADVANCED_FACE('',(#225),#133,.F.);
#2082=ADVANCED_FACE('',(#226),#134,.F.);
#2083=ADVANCED_FACE('',(#227),#135,.F.);
#2084=ADVANCED_FACE('',(#228),#2007,.T.);
#2085=ADVANCED_FACE('',(#229),#136,.T.);
#2086=ADVANCED_FACE('',(#230),#2008,.F.);
#2087=ADVANCED_FACE('',(#231),#137,.T.);
#2088=ADVANCED_FACE('',(#232),#2009,.F.);
#2089=ADVANCED_FACE('',(#233),#2010,.T.);
#2090=ADVANCED_FACE('',(#234),#138,.F.);
#2091=ADVANCED_FACE('',(#235),#2011,.T.);
#2092=ADVANCED_FACE('',(#236),#139,.F.);
#2093=ADVANCED_FACE('',(#237),#140,.F.);
#2094=ADVANCED_FACE('',(#238),#141,.T.);
#2095=ADVANCED_FACE('',(#239),#2012,.F.);
#2096=ADVANCED_FACE('',(#240),#142,.F.);
#2097=ADVANCED_FACE('',(#241),#143,.F.);
#2098=ADVANCED_FACE('',(#242),#144,.F.);
#2099=ADVANCED_FACE('',(#243),#145,.F.);
#2100=ADVANCED_FACE('',(#244),#2013,.F.);
#2101=ADVANCED_FACE('',(#245,#82,#83,#84,#85,#86),#146,.F.);
#2102=ADVANCED_FACE('',(#246),#147,.F.);
#2103=ADVANCED_FACE('',(#247),#19,.T.);
#2104=ADVANCED_FACE('',(#248,#87,#88),#148,.T.);
#2105=ADVANCED_FACE('',(#249),#149,.F.);
#2106=ADVANCED_FACE('',(#250),#2014,.T.);
#2107=ADVANCED_FACE('',(#251),#2015,.T.);
#2108=ADVANCED_FACE('',(#252),#150,.T.);
#2109=ADVANCED_FACE('',(#253,#89),#151,.F.);
#2110=ADVANCED_FACE('',(#254),#152,.F.);
#2111=ADVANCED_FACE('',(#255),#153,.F.);
#2112=ADVANCED_FACE('',(#256),#154,.F.);
#2113=ADVANCED_FACE('',(#257),#2016,.T.);
#2114=ADVANCED_FACE('',(#258),#155,.T.);
#2115=ADVANCED_FACE('',(#259),#2017,.F.);
#2116=ADVANCED_FACE('',(#260),#156,.T.);
#2117=ADVANCED_FACE('',(#261),#2018,.F.);
#2118=ADVANCED_FACE('',(#262),#2019,.T.);
#2119=ADVANCED_FACE('',(#263),#157,.F.);
#2120=ADVANCED_FACE('',(#264),#2020,.T.);
#2121=ADVANCED_FACE('',(#265),#158,.F.);
#2122=ADVANCED_FACE('',(#266),#159,.F.);
#2123=ADVANCED_FACE('',(#267),#160,.T.);
#2124=ADVANCED_FACE('',(#268),#2021,.F.);
#2125=ADVANCED_FACE('',(#269),#161,.F.);
#2126=ADVANCED_FACE('',(#270),#162,.F.);
#2127=ADVANCED_FACE('',(#271),#163,.F.);
#2128=ADVANCED_FACE('',(#272),#2022,.T.);
#2129=ADVANCED_FACE('',(#273),#2023,.T.);
#2130=ADVANCED_FACE('',(#274),#2024,.T.);
#2131=ADVANCED_FACE('',(#275,#90),#164,.T.);
#2132=ADVANCED_FACE('',(#276),#2025,.T.);
#2133=ADVANCED_FACE('',(#277,#91,#92),#165,.F.);
#2134=ADVANCED_FACE('',(#278,#93,#94),#166,.T.);
#2135=ADVANCED_FACE('',(#279),#2026,.T.);
#2136=ADVANCED_FACE('',(#280),#167,.T.);
#2137=ADVANCED_FACE('',(#281,#95,#96),#168,.T.);
#2138=ADVANCED_FACE('',(#282),#2027,.F.);
#2139=ADVANCED_FACE('',(#283,#97,#98),#169,.F.);
#2140=ADVANCED_FACE('',(#284),#170,.F.);
#2141=ADVANCED_FACE('',(#285),#171,.T.);
#2142=ADVANCED_FACE('',(#286),#2028,.T.);
#2143=ADVANCED_FACE('',(#287),#172,.F.);
#2144=CLOSED_SHELL('',(#2029,#2030,#2031,#2032,#2033,#2034,#2035,#2036,
#2037,#2038,#2039,#2040,#2041,#2042,#2043,#2044,#2045,#2046,#2047,#2048,
#2049,#2050,#2051,#2052,#2053,#2054,#2055,#2056,#2057,#2058,#2059,#2060,
#2061,#2062,#2063,#2064,#2065,#2066,#2067,#2068,#2069,#2070,#2071,#2072,
#2073,#2074,#2075,#2076,#2077,#2078,#2079,#2080,#2081,#2082,#2083,#2084,
#2085,#2086,#2087,#2088,#2089,#2090,#2091,#2092,#2093,#2094,#2095,#2096,
#2097,#2098,#2099,#2100,#2101,#2102,#2103,#2104,#2105,#2106,#2107,#2108,
#2109,#2110,#2111,#2112,#2113,#2114,#2115,#2116,#2117,#2118,#2119,#2120,
#2121,#2122,#2123,#2124,#2125,#2126,#2127,#2128,#2129,#2130,#2131,#2132,
#2133,#2134,#2135,#2136,#2137,#2138,#2139,#2140,#2141,#2142,#2143));
#2145=AXIS2_PLACEMENT_3D('',#2791,#2288,#2289);
#2146=AXIS2_PLACEMENT_3D('',#2792,#2290,#2291);
#2147=AXIS2_PLACEMENT_3D('',#2793,#2292,#2293);
#2148=AXIS2_PLACEMENT_3D('',#2796,#2294,#2295);
#2149=AXIS2_PLACEMENT_3D('',#2800,#2297,#2298);
#2150=AXIS2_PLACEMENT_3D('',#2802,#2300,#2301);
#2151=AXIS2_PLACEMENT_3D('',#2808,#2305,#2306);
#2152=AXIS2_PLACEMENT_3D('',#2810,#2307,#2308);
#2153=AXIS2_PLACEMENT_3D('',#2813,#2310,#2311);
#2154=AXIS2_PLACEMENT_3D('',#2814,#2312,#2313);
#2155=AXIS2_PLACEMENT_3D('',#2828,#2320,#2321);
#2156=AXIS2_PLACEMENT_3D('',#2829,#2322,#2323);
#2157=AXIS2_PLACEMENT_3D('',#2835,#2327,#2328);
#2158=AXIS2_PLACEMENT_3D('',#2839,#2331,#2332);
#2159=AXIS2_PLACEMENT_3D('',#2843,#2335,#2336);
#2160=AXIS2_PLACEMENT_3D('',#2967,#2346,#2347);
#2161=AXIS2_PLACEMENT_3D('',#2973,#2351,#2352);
#2162=AXIS2_PLACEMENT_3D('',#2976,#2355,#2356);
#2163=AXIS2_PLACEMENT_3D('',#2985,#2361,#2362);
#2164=AXIS2_PLACEMENT_3D('',#3083,#2370,#2371);
#2165=AXIS2_PLACEMENT_3D('',#3089,#2375,#2376);
#2166=AXIS2_PLACEMENT_3D('',#3095,#2380,#2381);
#2167=AXIS2_PLACEMENT_3D('',#3262,#2392,#2393);
#2168=AXIS2_PLACEMENT_3D('',#3268,#2397,#2398);
#2169=AXIS2_PLACEMENT_3D('',#3274,#2402,#2403);
#2170=AXIS2_PLACEMENT_3D('',#3277,#2406,#2407);
#2171=AXIS2_PLACEMENT_3D('',#3278,#2408,#2409);
#2172=AXIS2_PLACEMENT_3D('',#3287,#2414,#2415);
#2173=AXIS2_PLACEMENT_3D('',#3293,#2419,#2420);
#2174=AXIS2_PLACEMENT_3D('',#3299,#2424,#2425);
#2175=AXIS2_PLACEMENT_3D('',#3305,#2429,#2430);
#2176=AXIS2_PLACEMENT_3D('',#3311,#2434,#2435);
#2177=AXIS2_PLACEMENT_3D('',#3314,#2438,#2439);
#2178=AXIS2_PLACEMENT_3D('',#3315,#2440,#2441);
#2179=AXIS2_PLACEMENT_3D('',#3324,#2446,#2447);
#2180=AXIS2_PLACEMENT_3D('',#3330,#2451,#2452);
#2181=AXIS2_PLACEMENT_3D('',#3336,#2456,#2457);
#2182=AXIS2_PLACEMENT_3D('',#3342,#2461,#2462);
#2183=AXIS2_PLACEMENT_3D('',#3348,#2466,#2467);
#2184=AXIS2_PLACEMENT_3D('',#3354,#2471,#2472);
#2185=AXIS2_PLACEMENT_3D('',#3360,#2476,#2477);
#2186=AXIS2_PLACEMENT_3D('',#3366,#2481,#2482);
#2187=AXIS2_PLACEMENT_3D('',#3372,#2486,#2487);
#2188=AXIS2_PLACEMENT_3D('',#3378,#2491,#2492);
#2189=AXIS2_PLACEMENT_3D('',#3384,#2496,#2497);
#2190=AXIS2_PLACEMENT_3D('',#3387,#2500,#2501);
#2191=AXIS2_PLACEMENT_3D('',#3388,#2502,#2503);
#2192=AXIS2_PLACEMENT_3D('',#3393,#2505,#2506);
#2193=AXIS2_PLACEMENT_3D('',#3408,#2508,#2509);
#2194=AXIS2_PLACEMENT_3D('',#3418,#2515,#2516);
#2195=AXIS2_PLACEMENT_3D('',#3420,#2517,#2518);
#2196=AXIS2_PLACEMENT_3D('',#3423,#2520,#2521);
#2197=AXIS2_PLACEMENT_3D('',#3424,#2522,#2523);
#2198=AXIS2_PLACEMENT_3D('',#3425,#2524,#2525);
#2199=AXIS2_PLACEMENT_3D('',#3452,#2528,#2529);
#2200=AXIS2_PLACEMENT_3D('',#3479,#2532,#2533);
#2201=AXIS2_PLACEMENT_3D('',#3482,#2536,#2537);
#2202=AXIS2_PLACEMENT_3D('',#3490,#2538,#2539);
#2203=AXIS2_PLACEMENT_3D('',#3499,#2544,#2545);
#2204=AXIS2_PLACEMENT_3D('',#3508,#2550,#2551);
#2205=AXIS2_PLACEMENT_3D('',#3510,#2552,#2553);
#2206=AXIS2_PLACEMENT_3D('',#3511,#2554,#2555);
#2207=AXIS2_PLACEMENT_3D('',#3513,#2557,#2558);
#2208=AXIS2_PLACEMENT_3D('',#3517,#2561,#2562);
#2209=AXIS2_PLACEMENT_3D('',#3521,#2565,#2566);
#2210=AXIS2_PLACEMENT_3D('',#3523,#2568,#2569);
#2211=AXIS2_PLACEMENT_3D('',#3524,#2570,#2571);
#2212=AXIS2_PLACEMENT_3D('',#3526,#2572,#2573);
#2213=AXIS2_PLACEMENT_3D('',#3529,#2575,#2576);
#2214=AXIS2_PLACEMENT_3D('',#3530,#2577,#2578);
#2215=AXIS2_PLACEMENT_3D('',#3534,#2580,#2581);
#2216=AXIS2_PLACEMENT_3D('',#3538,#2583,#2584);
#2217=AXIS2_PLACEMENT_3D('',#3539,#2585,#2586);
#2218=AXIS2_PLACEMENT_3D('',#3543,#2588,#2589);
#2219=AXIS2_PLACEMENT_3D('',#3547,#2592,#2593);
#2220=AXIS2_PLACEMENT_3D('',#3553,#2597,#2598);
#2221=AXIS2_PLACEMENT_3D('',#3555,#2599,#2600);
#2222=AXIS2_PLACEMENT_3D('',#3569,#2601,#2602);
#2223=AXIS2_PLACEMENT_3D('',#3570,#2603,#2604);
#2224=AXIS2_PLACEMENT_3D('',#3572,#2605,#2606);
#2225=AXIS2_PLACEMENT_3D('',#3581,#2612,#2613);
#2226=AXIS2_PLACEMENT_3D('',#3585,#2616,#2617);
#2227=AXIS2_PLACEMENT_3D('',#3588,#2618,#2619);
#2228=AXIS2_PLACEMENT_3D('',#3592,#2621,#2622);
#2229=AXIS2_PLACEMENT_3D('',#3594,#2624,#2625);
#2230=AXIS2_PLACEMENT_3D('',#3598,#2627,#2628);
#2231=AXIS2_PLACEMENT_3D('',#3600,#2630,#2631);
#2232=AXIS2_PLACEMENT_3D('',#3604,#2634,#2635);
#2233=AXIS2_PLACEMENT_3D('',#3618,#2642,#2643);
#2234=AXIS2_PLACEMENT_3D('',#3619,#2644,#2645);
#2235=AXIS2_PLACEMENT_3D('',#3625,#2649,#2650);
#2236=AXIS2_PLACEMENT_3D('',#3629,#2653,#2654);
#2237=AXIS2_PLACEMENT_3D('',#3633,#2657,#2658);
#2238=AXIS2_PLACEMENT_3D('',#3636,#2661,#2662);
#2239=AXIS2_PLACEMENT_3D('',#3644,#2667,#2668);
#2240=AXIS2_PLACEMENT_3D('',#3646,#2669,#2670);
#2241=AXIS2_PLACEMENT_3D('',#3649,#2672,#2673);
#2242=AXIS2_PLACEMENT_3D('',#3650,#2674,#2675);
#2243=AXIS2_PLACEMENT_3D('',#3651,#2676,#2677);
#2244=AXIS2_PLACEMENT_3D('',#3678,#2680,#2681);
#2245=AXIS2_PLACEMENT_3D('',#3705,#2684,#2685);
#2246=AXIS2_PLACEMENT_3D('',#3708,#2688,#2689);
#2247=AXIS2_PLACEMENT_3D('',#3715,#2690,#2691);
#2248=AXIS2_PLACEMENT_3D('',#3719,#2694,#2695);
#2249=AXIS2_PLACEMENT_3D('',#3723,#2698,#2699);
#2250=AXIS2_PLACEMENT_3D('',#3725,#2700,#2701);
#2251=AXIS2_PLACEMENT_3D('',#3726,#2702,#2703);
#2252=AXIS2_PLACEMENT_3D('',#3728,#2705,#2706);
#2253=AXIS2_PLACEMENT_3D('',#3732,#2709,#2710);
#2254=AXIS2_PLACEMENT_3D('',#3736,#2713,#2714);
#2255=AXIS2_PLACEMENT_3D('',#3738,#2716,#2717);
#2256=AXIS2_PLACEMENT_3D('',#3740,#2718,#2719);
#2257=AXIS2_PLACEMENT_3D('',#3742,#2721,#2722);
#2258=AXIS2_PLACEMENT_3D('',#3745,#2723,#2724);
#2259=AXIS2_PLACEMENT_3D('',#3749,#2726,#2727);
#2260=AXIS2_PLACEMENT_3D('',#3751,#2729,#2730);
#2261=AXIS2_PLACEMENT_3D('',#3753,#2731,#2732);
#2262=AXIS2_PLACEMENT_3D('',#3756,#2734,#2735);
#2263=AXIS2_PLACEMENT_3D('',#3757,#2736,#2737);
#2264=AXIS2_PLACEMENT_3D('',#3758,#2738,#2739);
#2265=AXIS2_PLACEMENT_3D('',#3759,#2740,#2741);
#2266=AXIS2_PLACEMENT_3D('',#3760,#2742,#2743);
#2267=AXIS2_PLACEMENT_3D('',#3761,#2744,#2745);
#2268=AXIS2_PLACEMENT_3D('',#3762,#2746,#2747);
#2269=AXIS2_PLACEMENT_3D('',#3765,#2749,#2750);
#2270=AXIS2_PLACEMENT_3D('',#3766,#2751,#2752);
#2271=AXIS2_PLACEMENT_3D('',#3768,#2753,#2754);
#2272=AXIS2_PLACEMENT_3D('',#3769,#2755,#2756);
#2273=AXIS2_PLACEMENT_3D('',#3771,#2758,#2759);
#2274=AXIS2_PLACEMENT_3D('',#3772,#2760,#2761);
#2275=AXIS2_PLACEMENT_3D('',#3773,#2762,#2763);
#2276=AXIS2_PLACEMENT_3D('',#3775,#2764,#2765);
#2277=AXIS2_PLACEMENT_3D('',#3776,#2766,#2767);
#2278=AXIS2_PLACEMENT_3D('',#3777,#2768,#2769);
#2279=AXIS2_PLACEMENT_3D('',#3778,#2770,#2771);
#2280=AXIS2_PLACEMENT_3D('',#3779,#2772,#2773);
#2281=AXIS2_PLACEMENT_3D('',#3781,#2775,#2776);
#2282=AXIS2_PLACEMENT_3D('',#3784,#2779,#2780);
#2283=AXIS2_PLACEMENT_3D('',#3785,#2781,#2782);
#2284=AXIS2_PLACEMENT_3D('',#3786,#2783,#2784);
#2285=AXIS2_PLACEMENT_3D('',#3787,#2785,#2786);
#2286=AXIS2_PLACEMENT_3D('',#3788,#2787,#2788);
#2287=AXIS2_PLACEMENT_3D('',#3789,#2789,#2790);
#2288=DIRECTION('axis',(0.,0.,1.));
#2289=DIRECTION('refdir',(1.,0.,0.));
#2290=DIRECTION('axis',(0.,0.,1.));
#2291=DIRECTION('refdir',(1.,0.,0.));
#2292=DIRECTION('center_axis',(1.,4.04996867917652E-15,-1.88826365327217E-14));
#2293=DIRECTION('ref_axis',(4.04996867917629E-15,-1.,-1.21828887859289E-14));
#2294=DIRECTION('center_axis',(-1.,-3.93788626792267E-15,1.77802197637384E-14));
#2295=DIRECTION('ref_axis',(3.93788626792245E-15,-1.,-1.21828887859289E-14));
#2296=DIRECTION('',(1.,4.04996867917652E-15,-1.88826365327217E-14));
#2297=DIRECTION('center_axis',(1.,3.93788626792267E-15,-1.77802197637384E-14));
#2298=DIRECTION('ref_axis',(3.93788626792245E-15,-1.,-1.21828887859289E-14));
#2299=DIRECTION('',(1.,4.04996867917652E-15,-1.88826365327217E-14));
#2300=DIRECTION('center_axis',(4.0499686791763E-15,-1.,-1.14374037858205E-14));
#2301=DIRECTION('ref_axis',(-1.77802197637384E-14,1.14374037858204E-14,
-1.));
#2302=DIRECTION('',(1.77802197637384E-14,-1.14374037858204E-14,1.));
#2303=DIRECTION('',(-1.,-4.29408037759901E-16,1.77802197637385E-14));
#2304=DIRECTION('',(-1.77802197637384E-14,1.14374037858204E-14,-1.));
#2305=DIRECTION('center_axis',(-1.,-4.29408037759901E-16,1.77802197637385E-14));
#2306=DIRECTION('ref_axis',(1.20791794841193E-14,-0.750171582648118,0.661243220447075));
#2307=DIRECTION('center_axis',(1.,4.29408037759901E-16,-1.77802197637385E-14));
#2308=DIRECTION('ref_axis',(1.20791794841193E-14,-0.750171582648118,0.661243220447075));
#2309=DIRECTION('',(-1.,-4.29408037759901E-16,1.77802197637385E-14));
#2310=DIRECTION('center_axis',(1.,4.29408037759901E-16,-1.77802197637385E-14));
#2311=DIRECTION('ref_axis',(1.20791794841193E-14,-0.750171582648118,0.661243220447075));
#2312=DIRECTION('center_axis',(-1.,-4.29408037759901E-16,1.77802197637385E-14));
#2313=DIRECTION('ref_axis',(1.77802197637385E-14,-1.12741105249515E-14,
1.));
#2314=DIRECTION('',(1.51834179813878E-14,0.499999999999991,0.866025403784444));
#2315=DIRECTION('',(1.56128260191475E-14,-0.50000000000001,0.866025403784433));
#2316=DIRECTION('',(4.29408037759699E-16,-1.,-1.12741105249515E-14));
#2317=DIRECTION('',(-1.51834179813878E-14,-0.49999999999999,-0.866025403784444));
#2318=DIRECTION('',(-1.56128260191475E-14,0.50000000000001,-0.866025403784433));
#2319=DIRECTION('',(-4.29408037759699E-16,1.,1.12741105249515E-14));
#2320=DIRECTION('center_axis',(1.,4.29408037759901E-16,-1.77802197637385E-14));
#2321=DIRECTION('ref_axis',(-4.29408037759697E-16,1.,1.12741105249515E-14));
#2322=DIRECTION('center_axis',(1.77802197637385E-14,-1.12741105249515E-14,
1.));
#2323=DIRECTION('ref_axis',(-4.29408037759699E-16,1.,1.12741105249515E-14));
#2324=DIRECTION('',(4.29408037759699E-16,-1.,-1.12741105249515E-14));
#2325=DIRECTION('',(-1.,-4.29408037759901E-16,1.77802197637385E-14));
#2326=DIRECTION('',(-1.,-4.29408037759901E-16,1.77802197637385E-14));
#2327=DIRECTION('center_axis',(9.26198815115838E-15,-0.866025403784444,
0.499999999999991));
#2328=DIRECTION('ref_axis',(1.51834179813878E-14,0.499999999999991,0.866025403784444));
#2329=DIRECTION('',(-1.51834179813878E-14,-0.499999999999991,-0.866025403784444));
#2330=DIRECTION('',(-1.,-4.29408037759901E-16,1.77802197637385E-14));
#2331=DIRECTION('center_axis',(-8.51823161258012E-15,-0.866025403784433,
-0.50000000000001));
#2332=DIRECTION('ref_axis',(1.56128260191475E-14,-0.50000000000001,0.866025403784433));
#2333=DIRECTION('',(-1.56128260191475E-14,0.50000000000001,-0.866025403784433));
#2334=DIRECTION('',(-1.,-4.29408037759901E-16,1.77802197637385E-14));
#2335=DIRECTION('center_axis',(-1.77802197637385E-14,1.12741105249515E-14,
-1.));
#2336=DIRECTION('ref_axis',(-4.29408037759699E-16,1.,1.12741105249515E-14));
#2337=DIRECTION('',(-4.29408037759699E-16,1.,1.12741105249515E-14));
#2338=DIRECTION('',(1.,4.29408037759901E-16,-1.77802197637385E-14));
#2339=DIRECTION('',(-4.29408037759699E-16,1.,1.12741105249515E-14));
#2340=DIRECTION('',(1.,4.29408037759901E-16,-1.77802197637385E-14));
#2341=DIRECTION('',(1.,4.29408037759901E-16,-1.77802197637385E-14));
#2342=DIRECTION('',(1.,4.29408037759901E-16,-1.77802197637385E-14));
#2343=DIRECTION('',(1.,4.29408037759901E-16,-1.77802197637385E-14));
#2344=DIRECTION('',(1.,4.29408037759901E-16,-1.77802197637385E-14));
#2345=DIRECTION('',(1.,4.29408037759901E-16,-1.77802197637385E-14));
#2346=DIRECTION('center_axis',(1.77802197637385E-14,-1.12741105249515E-14,
1.));
#2347=DIRECTION('ref_axis',(4.29408037759699E-16,-1.,-1.12741105249515E-14));
#2348=DIRECTION('',(4.29408037759699E-16,-1.,-1.12741105249515E-14));
#2349=DIRECTION('',(1.,4.29408037759901E-16,-1.77802197637385E-14));
#2350=DIRECTION('',(4.29408037759699E-16,-1.,-1.12741105249515E-14));
#2351=DIRECTION('center_axis',(4.29408037759699E-16,-1.,-1.12741105249515E-14));
#2352=DIRECTION('ref_axis',(-1.77802197637385E-14,1.12741105249515E-14,
-1.));
#2353=DIRECTION('',(-1.77802197637385E-14,1.12741105249515E-14,-1.));
#2354=DIRECTION('',(-1.77802197637385E-14,1.12741105249515E-14,-1.));
#2355=DIRECTION('center_axis',(4.29408037759699E-16,-1.,-1.12741105249515E-14));
#2356=DIRECTION('ref_axis',(-1.77802197637385E-14,1.12741105249515E-14,
-1.));
#2357=DIRECTION('',(-1.77802197637385E-14,1.12741105249515E-14,-1.));
#2358=DIRECTION('',(1.,4.29408037759901E-16,-1.77802197637385E-14));
#2359=DIRECTION('',(-1.77802197637385E-14,1.12741105249515E-14,-1.));
#2360=DIRECTION('',(1.,4.29408037759901E-16,-1.77802197637385E-14));
#2361=DIRECTION('center_axis',(-1.77802197637385E-14,1.12741105249515E-14,
-1.));
#2362=DIRECTION('ref_axis',(-4.29408037759699E-16,1.,1.12741105249515E-14));
#2363=DIRECTION('',(-4.29408037759699E-16,1.,1.12741105249515E-14));
#2364=DIRECTION('',(1.,4.29408037759901E-16,-1.77802197637385E-14));
#2365=DIRECTION('',(-4.29408037759699E-16,1.,1.12741105249515E-14));
#2366=DIRECTION('',(1.,4.29408037759901E-16,-1.77802197637385E-14));
#2367=DIRECTION('',(1.,4.29408037759901E-16,-1.77802197637385E-14));
#2368=DIRECTION('',(1.,4.29408037759901E-16,-1.77802197637385E-14));
#2369=DIRECTION('',(1.,4.29408037759901E-16,-1.77802197637385E-14));
#2370=DIRECTION('center_axis',(-9.90491316592354E-15,0.843775091761628,
-0.536696929861404));
#2371=DIRECTION('ref_axis',(1.47720445871668E-14,0.536696929861404,0.843775091761628));
#2372=DIRECTION('',(1.47720445871668E-14,0.536696929861404,0.843775091761628));
#2373=DIRECTION('',(1.,4.29408037759901E-16,-1.77802197637385E-14));
#2374=DIRECTION('',(1.47720445871668E-14,0.536696929861404,0.843775091761628));
#2375=DIRECTION('center_axis',(-1.77802197637385E-14,1.12741105249515E-14,
-1.));
#2376=DIRECTION('ref_axis',(-4.29408037759699E-16,1.,1.12741105249515E-14));
#2377=DIRECTION('',(-4.29408037759699E-16,1.,1.12741105249515E-14));
#2378=DIRECTION('',(1.,4.29408037759901E-16,-1.77802197637385E-14));
#2379=DIRECTION('',(-4.29408037759699E-16,1.,1.12741105249515E-14));
#2380=DIRECTION('center_axis',(9.93672706906682E-15,-0.842616435750476,
0.538514198701543));
#2381=DIRECTION('ref_axis',(-1.47506630788112E-14,-0.538514198701543,-0.842616435750476));
#2382=DIRECTION('',(-1.47506630788112E-14,-0.538514198701543,-0.842616435750476));
#2383=DIRECTION('',(1.,4.29408037759901E-16,-1.77802197637385E-14));
#2384=DIRECTION('',(-1.47506630788112E-14,-0.538514198701543,-0.842616435750476));
#2385=DIRECTION('',(1.,4.29408037759901E-16,-1.77802197637385E-14));
#2386=DIRECTION('',(1.,4.29408037759901E-16,-1.77802197637385E-14));
#2387=DIRECTION('',(1.,4.29408037759901E-16,-1.77802197637385E-14));
#2388=DIRECTION('',(1.,4.29408037759901E-16,-1.77802197637385E-14));
#2389=DIRECTION('',(1.,4.29408037759901E-16,-1.77802197637385E-14));
#2390=DIRECTION('',(1.,4.29408037759901E-16,-1.77802197637385E-14));
#2391=DIRECTION('',(1.,4.29408037759901E-16,-1.77802197637385E-14));
#2392=DIRECTION('center_axis',(1.77802197637385E-14,-1.12741105249515E-14,
1.));
#2393=DIRECTION('ref_axis',(4.29408037759699E-16,-1.,-1.12741105249515E-14));
#2394=DIRECTION('',(4.29408037759699E-16,-1.,-1.12741105249515E-14));
#2395=DIRECTION('',(1.,4.29408037759901E-16,-1.77802197637385E-14));
#2396=DIRECTION('',(4.29408037759699E-16,-1.,-1.12741105249515E-14));
#2397=DIRECTION('center_axis',(-4.29408037759699E-16,1.,1.12741105249515E-14));
#2398=DIRECTION('ref_axis',(1.77802197637385E-14,-1.12741105249515E-14,
1.));
#2399=DIRECTION('',(1.77802197637385E-14,-1.12741105249515E-14,1.));
#2400=DIRECTION('',(1.,4.29408037759901E-16,-1.77802197637385E-14));
#2401=DIRECTION('',(1.77802197637385E-14,-1.12741105249515E-14,1.));
#2402=DIRECTION('center_axis',(-1.77802197637385E-14,1.12741105249515E-14,
-1.));
#2403=DIRECTION('ref_axis',(-4.29408037759699E-16,1.,1.12741105249515E-14));
#2404=DIRECTION('',(-4.29408037759699E-16,1.,1.12741105249515E-14));
#2405=DIRECTION('',(-4.29408037759699E-16,1.,1.12741105249515E-14));
#2406=DIRECTION('center_axis',(-1.,-4.29408037759901E-16,1.77802197637385E-14));
#2407=DIRECTION('ref_axis',(4.29408037759699E-16,-1.,-1.12741105249515E-14));
#2408=DIRECTION('center_axis',(4.29408037759699E-16,-1.,-1.12741105249515E-14));
#2409=DIRECTION('ref_axis',(-1.77802197637385E-14,1.12741105249515E-14,
-1.));
#2410=DIRECTION('',(-1.77802197637385E-14,1.12741105249515E-14,-1.));
#2411=DIRECTION('',(1.,4.29408037759901E-16,-1.77802197637385E-14));
#2412=DIRECTION('',(-1.77802197637385E-14,1.12741105249515E-14,-1.));
#2413=DIRECTION('',(1.,4.29408037759901E-16,-1.77802197637385E-14));
#2414=DIRECTION('center_axis',(1.77802197637385E-14,-1.12741105249515E-14,
1.));
#2415=DIRECTION('ref_axis',(4.29408037759699E-16,-1.,-1.12741105249515E-14));
#2416=DIRECTION('',(4.29408037759699E-16,-1.,-1.12741105249515E-14));
#2417=DIRECTION('',(1.,4.29408037759901E-16,-1.77802197637385E-14));
#2418=DIRECTION('',(4.29408037759699E-16,-1.,-1.12741105249515E-14));
#2419=DIRECTION('center_axis',(4.29408037759699E-16,-1.,-1.12741105249515E-14));
#2420=DIRECTION('ref_axis',(-1.77802197637385E-14,1.12741105249515E-14,
-1.));
#2421=DIRECTION('',(-1.77802197637385E-14,1.12741105249515E-14,-1.));
#2422=DIRECTION('',(1.,4.29408037759901E-16,-1.77802197637385E-14));
#2423=DIRECTION('',(-1.77802197637385E-14,1.12741105249515E-14,-1.));
#2424=DIRECTION('center_axis',(1.77802197637385E-14,-1.12741105249515E-14,
1.));
#2425=DIRECTION('ref_axis',(4.29408037759699E-16,-1.,-1.12741105249515E-14));
#2426=DIRECTION('',(4.29408037759699E-16,-1.,-1.12741105249515E-14));
#2427=DIRECTION('',(1.,4.29408037759901E-16,-1.77802197637385E-14));
#2428=DIRECTION('',(4.29408037759699E-16,-1.,-1.12741105249515E-14));
#2429=DIRECTION('center_axis',(-4.29408037759699E-16,1.,1.12741105249515E-14));
#2430=DIRECTION('ref_axis',(1.77802197637385E-14,-1.12741105249515E-14,
1.));
#2431=DIRECTION('',(1.77802197637385E-14,-1.12741105249515E-14,1.));
#2432=DIRECTION('',(1.,4.29408037759901E-16,-1.77802197637385E-14));
#2433=DIRECTION('',(1.77802197637385E-14,-1.12741105249515E-14,1.));
#2434=DIRECTION('center_axis',(-1.77802197637385E-14,1.12741105249515E-14,
-1.));
#2435=DIRECTION('ref_axis',(-4.29408037759699E-16,1.,1.12741105249515E-14));
#2436=DIRECTION('',(-4.29408037759699E-16,1.,1.12741105249515E-14));
#2437=DIRECTION('',(-4.29408037759699E-16,1.,1.12741105249515E-14));
#2438=DIRECTION('center_axis',(1.,4.29408037759901E-16,-1.77802197637385E-14));
#2439=DIRECTION('ref_axis',(-1.77802197637385E-14,1.12741105249515E-14,
-1.));
#2440=DIRECTION('center_axis',(4.29408037759699E-16,-1.,-1.12741105249515E-14));
#2441=DIRECTION('ref_axis',(-1.77802197637385E-14,1.12741105249515E-14,
-1.));
#2442=DIRECTION('',(-1.77802197637385E-14,1.12741105249515E-14,-1.));
#2443=DIRECTION('',(1.,4.29408037759901E-16,-1.77802197637385E-14));
#2444=DIRECTION('',(-1.77802197637385E-14,1.12741105249515E-14,-1.));
#2445=DIRECTION('',(1.,4.29408037759901E-16,-1.77802197637385E-14));
#2446=DIRECTION('center_axis',(-1.77802197637385E-14,1.12741105249515E-14,
-1.));
#2447=DIRECTION('ref_axis',(-4.29408037759699E-16,1.,1.12741105249515E-14));
#2448=DIRECTION('',(-4.29408037759699E-16,1.,1.12741105249515E-14));
#2449=DIRECTION('',(1.,4.29408037759901E-16,-1.77802197637385E-14));
#2450=DIRECTION('',(-4.29408037759699E-16,1.,1.12741105249515E-14));
#2451=DIRECTION('center_axis',(-4.29408037759699E-16,1.,1.12741105249515E-14));
#2452=DIRECTION('ref_axis',(1.77802197637385E-14,-1.12741105249515E-14,
1.));
#2453=DIRECTION('',(1.77802197637385E-14,-1.12741105249515E-14,1.));
#2454=DIRECTION('',(1.,4.29408037759901E-16,-1.77802197637385E-14));
#2455=DIRECTION('',(1.77802197637385E-14,-1.12741105249515E-14,1.));
#2456=DIRECTION('center_axis',(-1.77802197637385E-14,1.12741105249515E-14,
-1.));
#2457=DIRECTION('ref_axis',(-4.29408037759699E-16,1.,1.12741105249515E-14));
#2458=DIRECTION('',(-4.29408037759699E-16,1.,1.12741105249515E-14));
#2459=DIRECTION('',(1.,4.29408037759901E-16,-1.77802197637385E-14));
#2460=DIRECTION('',(-4.29408037759699E-16,1.,1.12741105249515E-14));
#2461=DIRECTION('center_axis',(4.29408037759699E-16,-1.,-1.12741105249515E-14));
#2462=DIRECTION('ref_axis',(-1.77802197637385E-14,1.12741105249515E-14,
-1.));
#2463=DIRECTION('',(-1.77802197637385E-14,1.12741105249515E-14,-1.));
#2464=DIRECTION('',(1.,4.29408037759901E-16,-1.77802197637385E-14));
#2465=DIRECTION('',(-1.77802197637385E-14,1.12741105249515E-14,-1.));
#2466=DIRECTION('center_axis',(1.77802197637385E-14,-1.12741105249515E-14,
1.));
#2467=DIRECTION('ref_axis',(4.29408037759699E-16,-1.,-1.12741105249515E-14));
#2468=DIRECTION('',(4.29408037759699E-16,-1.,-1.12741105249515E-14));
#2469=DIRECTION('',(1.,4.29408037759901E-16,-1.77802197637385E-14));
#2470=DIRECTION('',(4.29408037759699E-16,-1.,-1.12741105249515E-14));
#2471=DIRECTION('center_axis',(-4.29408037759699E-16,1.,1.12741105249515E-14));
#2472=DIRECTION('ref_axis',(1.77802197637385E-14,-1.12741105249515E-14,
1.));
#2473=DIRECTION('',(1.77802197637385E-14,-1.12741105249515E-14,1.));
#2474=DIRECTION('',(1.,4.29408037759901E-16,-1.77802197637385E-14));
#2475=DIRECTION('',(1.77802197637385E-14,-1.12741105249515E-14,1.));
#2476=DIRECTION('center_axis',(1.77802197637385E-14,-1.12741105249515E-14,
1.));
#2477=DIRECTION('ref_axis',(4.29408037759699E-16,-1.,-1.12741105249515E-14));
#2478=DIRECTION('',(4.29408037759699E-16,-1.,-1.12741105249515E-14));
#2479=DIRECTION('',(1.,4.29408037759901E-16,-1.77802197637385E-14));
#2480=DIRECTION('',(4.29408037759699E-16,-1.,-1.12741105249515E-14));
#2481=DIRECTION('center_axis',(4.29408037759699E-16,-1.,-1.12741105249515E-14));
#2482=DIRECTION('ref_axis',(-1.77802197637385E-14,1.12741105249515E-14,
-1.));
#2483=DIRECTION('',(-1.77802197637385E-14,1.12741105249515E-14,-1.));
#2484=DIRECTION('',(1.,4.29408037759901E-16,-1.77802197637385E-14));
#2485=DIRECTION('',(-1.77802197637385E-14,1.12741105249515E-14,-1.));
#2486=DIRECTION('center_axis',(1.77802197637385E-14,-1.12741105249515E-14,
1.));
#2487=DIRECTION('ref_axis',(4.29408037759699E-16,-1.,-1.12741105249515E-14));
#2488=DIRECTION('',(4.29408037759699E-16,-1.,-1.12741105249515E-14));
#2489=DIRECTION('',(1.,4.29408037759901E-16,-1.77802197637385E-14));
#2490=DIRECTION('',(4.29408037759699E-16,-1.,-1.12741105249515E-14));
#2491=DIRECTION('center_axis',(-4.29408037759699E-16,1.,1.12741105249515E-14));
#2492=DIRECTION('ref_axis',(1.77802197637385E-14,-1.12741105249515E-14,
1.));
#2493=DIRECTION('',(1.77802197637385E-14,-1.12741105249515E-14,1.));
#2494=DIRECTION('',(1.,4.29408037759901E-16,-1.77802197637385E-14));
#2495=DIRECTION('',(1.77802197637385E-14,-1.12741105249515E-14,1.));
#2496=DIRECTION('center_axis',(-1.77802197637385E-14,1.12741105249515E-14,
-1.));
#2497=DIRECTION('ref_axis',(-4.29408037759699E-16,1.,1.12741105249515E-14));
#2498=DIRECTION('',(-4.29408037759699E-16,1.,1.12741105249515E-14));
#2499=DIRECTION('',(-4.29408037759699E-16,1.,1.12741105249515E-14));
#2500=DIRECTION('center_axis',(1.,4.29408037759901E-16,-1.77802197637385E-14));
#2501=DIRECTION('ref_axis',(-1.77802197637385E-14,1.12741105249515E-14,
-1.));
#2502=DIRECTION('center_axis',(1.,6.62531658423215E-16,-1.77802197637385E-14));
#2503=DIRECTION('ref_axis',(-1.22688766305307E-14,-0.707106781186539,-0.707106781186556));
#2504=DIRECTION('',(1.,6.62531658423215E-16,-1.77802197637385E-14));
#2505=DIRECTION('center_axis',(1.,4.29408037759901E-16,-1.77802197637385E-14));
#2506=DIRECTION('ref_axis',(-1.22688766305307E-14,-0.707106781186539,-0.707106781186556));
#2507=DIRECTION('',(-1.,-6.62531658423215E-16,1.77802197637385E-14));
#2508=DIRECTION('center_axis',(6.62531658423016E-16,-1.,-1.12741105249515E-14));
#2509=DIRECTION('ref_axis',(1.,6.62531658423215E-16,-1.77802197637385E-14));
#2510=DIRECTION('',(-1.77802197637385E-14,1.12741105249515E-14,-1.));
#2511=DIRECTION('',(1.,6.62531658423215E-16,-1.77802197637385E-14));
#2512=DIRECTION('',(1.77802197637385E-14,-1.12741105249515E-14,1.));
#2513=DIRECTION('',(1.,4.29408037759901E-16,-1.77802197637385E-14));
#2514=DIRECTION('',(1.77802197637385E-14,-1.12741105249515E-14,1.));
#2515=DIRECTION('center_axis',(-1.77802197637385E-14,1.12741105249515E-14,
-1.));
#2516=DIRECTION('ref_axis',(-1.,-4.29408037759901E-16,1.77802197637385E-14));
#2517=DIRECTION('center_axis',(-1.77802197637385E-14,1.12741105249515E-14,
-1.));
#2518=DIRECTION('ref_axis',(-1.,-4.29408037759901E-16,1.77802197637385E-14));
#2519=DIRECTION('',(-1.77802197637385E-14,1.12741105249515E-14,-1.));
#2520=DIRECTION('center_axis',(-1.77802197637385E-14,1.12741105249515E-14,
-1.));
#2521=DIRECTION('ref_axis',(-1.,-4.29408037759901E-16,1.77802197637385E-14));
#2522=DIRECTION('center_axis',(1.77802197637385E-14,-1.12741105249515E-14,
1.));
#2523=DIRECTION('ref_axis',(-1.,-4.29408037759901E-16,1.77802197637385E-14));
#2524=DIRECTION('center_axis',(-1.,-4.29408037759901E-16,1.77802197637385E-14));
#2525=DIRECTION('ref_axis',(-1.22688766305305E-14,-0.707106781186547,-0.707106781186548));
#2526=DIRECTION('',(-1.,-4.29408037759901E-16,1.77802197637385E-14));
#2527=DIRECTION('',(1.,4.29408037759901E-16,-1.77802197637385E-14));
#2528=DIRECTION('center_axis',(-1.,-4.29408037759901E-16,1.77802197637385E-14));
#2529=DIRECTION('ref_axis',(1.22688766305306E-14,0.707106781186541,0.707106781186554));
#2530=DIRECTION('',(1.,4.29408037759901E-16,-1.77802197637385E-14));
#2531=DIRECTION('',(-1.,-4.29408037759901E-16,1.77802197637385E-14));
#2532=DIRECTION('center_axis',(4.29408037759699E-16,-1.,-1.12741105249515E-14));
#2533=DIRECTION('ref_axis',(-1.,-4.29408037759901E-16,1.77802197637385E-14));
#2534=DIRECTION('',(-1.77802197637385E-14,1.12741105249515E-14,-1.));
#2535=DIRECTION('',(1.77802197637385E-14,-1.12741105249515E-14,1.));
#2536=DIRECTION('center_axis',(-1.,-4.29408037759901E-16,1.77802197637385E-14));
#2537=DIRECTION('ref_axis',(4.29408037759699E-16,-1.,-1.12741105249515E-14));
#2538=DIRECTION('center_axis',(4.29408037759699E-16,-1.,-1.12741105249515E-14));
#2539=DIRECTION('ref_axis',(1.,4.29408037759901E-16,-1.77802197637385E-14));
#2540=DIRECTION('',(-1.,-4.29408037759901E-16,1.77802197637385E-14));
#2541=DIRECTION('',(1.77802197637385E-14,-1.12741105249515E-14,1.));
#2542=DIRECTION('',(-1.,-4.29408037759901E-16,1.77802197637385E-14));
#2543=DIRECTION('',(1.77802197637385E-14,-1.12741105249515E-14,1.));
#2544=DIRECTION('center_axis',(4.29408037759699E-16,-1.,-1.12741105249515E-14));
#2545=DIRECTION('ref_axis',(1.,4.29408037759901E-16,-1.77802197637385E-14));
#2546=DIRECTION('',(-1.,-4.29408037759901E-16,1.77802197637385E-14));
#2547=DIRECTION('',(1.77802197637385E-14,-1.12741105249515E-14,1.));
#2548=DIRECTION('',(-1.,-4.29408037759901E-16,1.77802197637385E-14));
#2549=DIRECTION('',(1.77802197637385E-14,-1.12741105249515E-14,1.));
#2550=DIRECTION('center_axis',(1.,4.29408037759901E-16,-1.77802197637385E-14));
#2551=DIRECTION('ref_axis',(-4.29408037759699E-16,1.,1.12741105249515E-14));
#2552=DIRECTION('center_axis',(-1.,-4.29408037759901E-16,1.77802197637385E-14));
#2553=DIRECTION('ref_axis',(-4.29408037759697E-16,1.,1.12741105249515E-14));
#2554=DIRECTION('center_axis',(1.,4.29408037759901E-16,-1.77802197637385E-14));
#2555=DIRECTION('ref_axis',(-4.29408037759697E-16,1.,1.12741105249515E-14));
#2556=DIRECTION('',(1.,4.29408037759901E-16,-1.77802197637385E-14));
#2557=DIRECTION('center_axis',(-1.77802197637385E-14,1.12741105249515E-14,
-1.));
#2558=DIRECTION('ref_axis',(4.29408037759699E-16,-1.,-1.12741105249515E-14));
#2559=DIRECTION('',(-4.29408037759699E-16,1.,1.12741105249515E-14));
#2560=DIRECTION('',(-1.,-4.29408037759901E-16,1.77802197637385E-14));
#2561=DIRECTION('center_axis',(-9.26198815115837E-15,0.866025403784444,
-0.499999999999991));
#2562=DIRECTION('ref_axis',(-1.51834179813878E-14,-0.49999999999999,-0.866025403784444));
#2563=DIRECTION('',(1.51834179813878E-14,0.499999999999991,0.866025403784444));
#2564=DIRECTION('',(-1.,-4.29408037759901E-16,1.77802197637385E-14));
#2565=DIRECTION('center_axis',(8.51823161258011E-15,0.866025403784433,0.50000000000001));
#2566=DIRECTION('ref_axis',(-1.56128260191475E-14,0.50000000000001,-0.866025403784433));
#2567=DIRECTION('',(1.56128260191475E-14,-0.50000000000001,0.866025403784433));
#2568=DIRECTION('center_axis',(1.,4.29408037759901E-16,-1.77802197637385E-14));
#2569=DIRECTION('ref_axis',(-4.29408037759699E-16,1.,1.12741105249515E-14));
#2570=DIRECTION('center_axis',(1.,3.93454072979075E-15,-1.77802197637384E-14));
#2571=DIRECTION('ref_axis',(3.93454072979055E-15,-1.,-1.12947103662287E-14));
#2572=DIRECTION('center_axis',(1.,4.29408037759901E-16,-1.77802197637385E-14));
#2573=DIRECTION('ref_axis',(3.93454072979055E-15,-1.,-1.12947103662287E-14));
#2574=DIRECTION('',(1.,3.93454072979075E-15,-1.77802197637384E-14));
#2575=DIRECTION('center_axis',(1.,4.29408037759901E-16,-1.77802197637385E-14));
#2576=DIRECTION('ref_axis',(3.93454072979055E-15,-1.,-1.12947103662287E-14));
#2577=DIRECTION('center_axis',(1.,4.29408037759901E-16,-1.77802197637385E-14));
#2578=DIRECTION('ref_axis',(-4.29408037759699E-16,1.,1.12741105249515E-14));
#2579=DIRECTION('',(-3.93788626792247E-15,1.,1.12947103662287E-14));
#2580=DIRECTION('center_axis',(-1.,-3.93788626792267E-15,1.77802197637384E-14));
#2581=DIRECTION('ref_axis',(1.77802197637384E-14,-1.16277772736162E-14,
1.));
#2582=DIRECTION('',(-1.77802197637384E-14,1.12947103662287E-14,-1.));
#2583=DIRECTION('center_axis',(1.,4.29408037759901E-16,-1.77802197637385E-14));
#2584=DIRECTION('ref_axis',(-6.97040857164003E-16,0.999886666830723,-0.0150550155810701));
#2585=DIRECTION('center_axis',(1.,4.29408037759901E-16,-1.77802197637385E-14));
#2586=DIRECTION('ref_axis',(-4.29408037759699E-16,1.,1.12741105249515E-14));
#2587=DIRECTION('',(-4.29408037759699E-16,1.,1.12741105249515E-14));
#2588=DIRECTION('center_axis',(1.,4.29408037759901E-16,-1.77802197637385E-14));
#2589=DIRECTION('ref_axis',(-1.28761513013225E-14,0.707106781186556,-0.707106781186539));
#2590=DIRECTION('',(1.77802197637385E-14,-1.12741105249515E-14,1.));
#2591=DIRECTION('',(4.29408037759699E-16,-1.,-1.12741105249515E-14));
#2592=DIRECTION('center_axis',(-1.,-4.29408037759901E-16,1.77802197637385E-14));
#2593=DIRECTION('ref_axis',(4.29408037759699E-16,-1.,-1.12741105249515E-14));
#2594=DIRECTION('',(-4.29408037759699E-16,1.,1.12741105249515E-14));
#2595=DIRECTION('',(1.77802197637385E-14,-1.12741105249515E-14,1.));
#2596=DIRECTION('',(-4.29408037759699E-16,1.,1.12741105249515E-14));
#2597=DIRECTION('center_axis',(1.77802197637385E-14,-1.12741105249515E-14,
1.));
#2598=DIRECTION('ref_axis',(-1.,1.22456493081579E-15,1.74684925070589E-14));
#2599=DIRECTION('center_axis',(-1.77802197637385E-14,1.12741105249515E-14,
-1.));
#2600=DIRECTION('ref_axis',(-1.,-2.08101122552226E-16,1.77802197637385E-14));
#2601=DIRECTION('center_axis',(1.77802197637385E-14,-1.12741105249515E-14,
1.));
#2602=DIRECTION('ref_axis',(-1.,-2.08101122552225E-16,1.77802197637385E-14));
#2603=DIRECTION('center_axis',(1.77802197637385E-14,-1.12741105249515E-14,
1.));
#2604=DIRECTION('ref_axis',(-1.,-4.29408037759901E-16,1.77802197637385E-14));
#2605=DIRECTION('center_axis',(-1.77802197637385E-14,1.12741105249515E-14,
-1.));
#2606=DIRECTION('ref_axis',(-1.,-4.29408037759899E-16,1.77802197637385E-14));
#2607=DIRECTION('',(-4.29408037759699E-16,1.,1.12741105249515E-14));
#2608=DIRECTION('',(1.,4.29408037759901E-16,-1.77802197637385E-14));
#2609=DIRECTION('',(4.29408037759699E-16,-1.,-1.12741105249515E-14));
#2610=DIRECTION('',(4.29408037759699E-16,-1.,-1.12741105249515E-14));
#2611=DIRECTION('',(1.,4.29408037759901E-16,-1.77802197637385E-14));
#2612=DIRECTION('center_axis',(-1.,-4.29408037759901E-16,1.77802197637385E-14));
#2613=DIRECTION('ref_axis',(4.29408037759699E-16,-1.,-1.12741105249515E-14));
#2614=DIRECTION('',(-4.29408037759699E-16,1.,1.12741105249515E-14));
#2615=DIRECTION('',(1.77802197637385E-14,-1.12741105249515E-14,1.));
#2616=DIRECTION('center_axis',(1.,4.29408037759901E-16,-1.77802197637385E-14));
#2617=DIRECTION('ref_axis',(1.77802197637385E-14,-1.29892350243943E-14,
1.));
#2618=DIRECTION('center_axis',(-1.,-4.29408037759901E-16,1.77802197637385E-14));
#2619=DIRECTION('ref_axis',(-4.29408037759696E-16,1.,1.12741105249515E-14));
#2620=DIRECTION('',(-1.,-4.29408037759901E-16,1.77802197637385E-14));
#2621=DIRECTION('center_axis',(1.,4.29408037759901E-16,-1.77802197637385E-14));
#2622=DIRECTION('ref_axis',(-4.29408037759696E-16,1.,1.12741105249515E-14));
#2623=DIRECTION('',(1.,4.29408037759901E-16,-1.77802197637385E-14));
#2624=DIRECTION('center_axis',(1.,4.04996867917652E-15,-1.88826365327217E-14));
#2625=DIRECTION('ref_axis',(1.88826365327217E-14,-1.16277772736162E-14,
1.));
#2626=DIRECTION('',(1.,4.04996867917652E-15,-1.88826365327217E-14));
#2627=DIRECTION('center_axis',(1.,3.93788626792267E-15,-1.77802197637384E-14));
#2628=DIRECTION('ref_axis',(1.77802197637384E-14,-1.16277772736162E-14,
1.));
#2629=DIRECTION('',(1.,4.04996867917652E-15,-1.88826365327217E-14));
#2630=DIRECTION('center_axis',(-4.04996867917631E-15,1.,1.12947103662287E-14));
#2631=DIRECTION('ref_axis',(1.77802197637384E-14,-1.12947103662287E-14,
1.));
#2632=DIRECTION('',(1.77802197637384E-14,-1.12947103662287E-14,1.));
#2633=DIRECTION('',(1.,4.29408037759901E-16,-1.77802197637385E-14));
#2634=DIRECTION('center_axis',(-1.,-4.29408037759901E-16,1.77802197637385E-14));
#2635=DIRECTION('ref_axis',(1.77802197637385E-14,-1.12741105249515E-14,
1.));
#2636=DIRECTION('',(-1.51834179813878E-14,-0.499999999999993,-0.866025403784443));
#2637=DIRECTION('',(-1.56128260191475E-14,0.500000000000011,-0.866025403784432));
#2638=DIRECTION('',(-4.29408037759699E-16,1.,1.12741105249515E-14));
#2639=DIRECTION('',(1.51834179813878E-14,0.499999999999991,0.866025403784444));
#2640=DIRECTION('',(1.56128260191475E-14,-0.50000000000001,0.866025403784433));
#2641=DIRECTION('',(4.29408037759699E-16,-1.,-1.12741105249515E-14));
#2642=DIRECTION('center_axis',(1.,4.29408037759901E-16,-1.77802197637385E-14));
#2643=DIRECTION('ref_axis',(-4.29408037759698E-16,1.,1.12741105249515E-14));
#2644=DIRECTION('center_axis',(-1.77802197637385E-14,1.12741105249515E-14,
-1.));
#2645=DIRECTION('ref_axis',(4.29408037759699E-16,-1.,-1.12741105249515E-14));
#2646=DIRECTION('',(-4.29408037759699E-16,1.,1.12741105249515E-14));
#2647=DIRECTION('',(-1.,-4.29408037759901E-16,1.77802197637385E-14));
#2648=DIRECTION('',(-1.,-4.29408037759901E-16,1.77802197637385E-14));
#2649=DIRECTION('center_axis',(-9.26198815115841E-15,0.866025403784443,
-0.499999999999993));
#2650=DIRECTION('ref_axis',(-1.51834179813878E-14,-0.499999999999993,-0.866025403784443));
#2651=DIRECTION('',(1.51834179813878E-14,0.499999999999993,0.866025403784443));
#2652=DIRECTION('',(-1.,-4.29408037759901E-16,1.77802197637385E-14));
#2653=DIRECTION('center_axis',(8.51823161258015E-15,0.866025403784432,0.500000000000011));
#2654=DIRECTION('ref_axis',(-1.56128260191475E-14,0.500000000000011,-0.866025403784432));
#2655=DIRECTION('',(1.56128260191475E-14,-0.500000000000011,0.866025403784432));
#2656=DIRECTION('',(-1.,-4.29408037759901E-16,1.77802197637385E-14));
#2657=DIRECTION('center_axis',(1.,4.29408037759901E-16,-1.77802197637385E-14));
#2658=DIRECTION('ref_axis',(-1.28761513013225E-14,0.707106781186556,-0.707106781186539));
#2659=DIRECTION('',(1.,4.29408037759901E-16,-1.77802197637385E-14));
#2660=DIRECTION('',(-1.,-4.29408037759901E-16,1.77802197637385E-14));
#2661=DIRECTION('center_axis',(-4.29408037759699E-16,1.,1.12741105249515E-14));
#2662=DIRECTION('ref_axis',(-1.,-4.29408037759901E-16,1.77802197637385E-14));
#2663=DIRECTION('',(1.77802197637385E-14,-1.12741105249515E-14,1.));
#2664=DIRECTION('',(-1.,-4.29408037759901E-16,1.77802197637385E-14));
#2665=DIRECTION('',(-1.77802197637385E-14,1.12741105249515E-14,-1.));
#2666=DIRECTION('',(-1.,-4.29408037759901E-16,1.77802197637385E-14));
#2667=DIRECTION('center_axis',(-1.77802197637385E-14,1.12741105249515E-14,
-1.));
#2668=DIRECTION('ref_axis',(-1.,-4.29408037759901E-16,1.77802197637385E-14));
#2669=DIRECTION('center_axis',(-1.77802197637385E-14,1.12741105249515E-14,
-1.));
#2670=DIRECTION('ref_axis',(-1.,-4.29408037759901E-16,1.77802197637385E-14));
#2671=DIRECTION('',(-1.77802197637385E-14,1.12741105249515E-14,-1.));
#2672=DIRECTION('center_axis',(-1.77802197637385E-14,1.12741105249515E-14,
-1.));
#2673=DIRECTION('ref_axis',(-1.,-4.29408037759901E-16,1.77802197637385E-14));
#2674=DIRECTION('center_axis',(1.77802197637385E-14,-1.12741105249515E-14,
1.));
#2675=DIRECTION('ref_axis',(-1.,-4.29408037759901E-16,1.77802197637385E-14));
#2676=DIRECTION('center_axis',(1.,4.29408037759901E-16,-1.77802197637385E-14));
#2677=DIRECTION('ref_axis',(-1.28761513013223E-14,0.707106781186563,-0.707106781186532));
#2678=DIRECTION('',(1.,4.29408037759901E-16,-1.77802197637385E-14));
#2679=DIRECTION('',(-1.,-4.29408037759901E-16,1.77802197637385E-14));
#2680=DIRECTION('center_axis',(1.,4.29408037759901E-16,-1.77802197637385E-14));
#2681=DIRECTION('ref_axis',(1.28761513013224E-14,-0.707106781186557,0.707106781186538));
#2682=DIRECTION('',(1.,4.29408037759901E-16,-1.77802197637385E-14));
#2683=DIRECTION('',(-1.,-4.29408037759901E-16,1.77802197637385E-14));
#2684=DIRECTION('center_axis',(-4.29408037759699E-16,1.,1.12741105249515E-14));
#2685=DIRECTION('ref_axis',(1.,4.29408037759901E-16,-1.77802197637385E-14));
#2686=DIRECTION('',(-1.77802197637385E-14,1.12741105249515E-14,-1.));
#2687=DIRECTION('',(1.77802197637385E-14,-1.12741105249515E-14,1.));
#2688=DIRECTION('center_axis',(-1.,-4.29408037759901E-16,1.77802197637385E-14));
#2689=DIRECTION('ref_axis',(4.29408037759699E-16,-1.,-1.12741105249515E-14));
#2690=DIRECTION('center_axis',(-4.29408037759699E-16,1.,1.12741105249515E-14));
#2691=DIRECTION('ref_axis',(-1.,-4.29408037759901E-16,1.77802197637385E-14));
#2692=DIRECTION('',(1.,4.29408037759901E-16,-1.77802197637385E-14));
#2693=DIRECTION('',(1.77802197637385E-14,-1.12741105249515E-14,1.));
#2694=DIRECTION('center_axis',(-4.29408037759699E-16,1.,1.12741105249515E-14));
#2695=DIRECTION('ref_axis',(-1.,-4.29408037759901E-16,1.77802197637385E-14));
#2696=DIRECTION('',(1.,4.29408037759901E-16,-1.77802197637385E-14));
#2697=DIRECTION('',(1.77802197637385E-14,-1.12741105249515E-14,1.));
#2698=DIRECTION('center_axis',(1.,4.29408037759901E-16,-1.77802197637385E-14));
#2699=DIRECTION('ref_axis',(-4.29408037759699E-16,1.,1.12741105249515E-14));
#2700=DIRECTION('center_axis',(-1.,-4.29408037759901E-16,1.77802197637385E-14));
#2701=DIRECTION('ref_axis',(-4.29408037759698E-16,1.,1.12741105249515E-14));
#2702=DIRECTION('center_axis',(1.,4.29408037759901E-16,-1.77802197637385E-14));
#2703=DIRECTION('ref_axis',(-4.29408037759698E-16,1.,1.12741105249515E-14));
#2704=DIRECTION('',(1.,4.29408037759901E-16,-1.77802197637385E-14));
#2705=DIRECTION('center_axis',(1.77802197637385E-14,-1.12741105249515E-14,
1.));
#2706=DIRECTION('ref_axis',(-4.29408037759699E-16,1.,1.12741105249515E-14));
#2707=DIRECTION('',(4.29408037759699E-16,-1.,-1.12741105249515E-14));
#2708=DIRECTION('',(-1.,-4.29408037759901E-16,1.77802197637385E-14));
#2709=DIRECTION('center_axis',(9.26198815115837E-15,-0.866025403784444,
0.499999999999991));
#2710=DIRECTION('ref_axis',(1.51834179813878E-14,0.499999999999991,0.866025403784444));
#2711=DIRECTION('',(-1.51834179813878E-14,-0.499999999999991,-0.866025403784444));
#2712=DIRECTION('',(-1.,-4.29408037759901E-16,1.77802197637385E-14));
#2713=DIRECTION('center_axis',(-8.51823161258011E-15,-0.866025403784433,
-0.50000000000001));
#2714=DIRECTION('ref_axis',(1.56128260191475E-14,-0.50000000000001,0.866025403784433));
#2715=DIRECTION('',(-1.56128260191475E-14,0.50000000000001,-0.866025403784433));
#2716=DIRECTION('center_axis',(-1.,-4.29408037759901E-16,1.77802197637385E-14));
#2717=DIRECTION('ref_axis',(-6.97040857164003E-16,0.999886666830723,-0.0150550155810701));
#2718=DIRECTION('center_axis',(1.,4.29408037759901E-16,-1.77802197637385E-14));
#2719=DIRECTION('ref_axis',(-6.97040857164003E-16,0.999886666830723,-0.0150550155810701));
#2720=DIRECTION('',(-1.,-4.29408037759901E-16,1.77802197637385E-14));
#2721=DIRECTION('center_axis',(1.,4.29408037759901E-16,-1.77802197637385E-14));
#2722=DIRECTION('ref_axis',(1.77802197637385E-14,-8.77038753081874E-15,
1.));
#2723=DIRECTION('center_axis',(-1.,-4.29408037759901E-16,1.77802197637385E-14));
#2724=DIRECTION('ref_axis',(-4.29408037759696E-16,1.,1.12741105249515E-14));
#2725=DIRECTION('',(-1.,-4.29408037759901E-16,1.77802197637385E-14));
#2726=DIRECTION('center_axis',(1.,4.29408037759901E-16,-1.77802197637385E-14));
#2727=DIRECTION('ref_axis',(-4.29408037759696E-16,1.,1.12741105249515E-14));
#2728=DIRECTION('',(1.,4.29408037759901E-16,-1.77802197637385E-14));
#2729=DIRECTION('center_axis',(-1.,4.75606612509221E-15,4.05970524398667E-14));
#2730=DIRECTION('ref_axis',(4.05970524398666E-14,-1.86180623605E-14,1.));
#2731=DIRECTION('center_axis',(-1.,-4.29408037759901E-16,1.77802197637385E-14));
#2732=DIRECTION('ref_axis',(4.05970524398666E-14,-1.86180623605E-14,1.));
#2733=DIRECTION('',(1.,-4.75606612509221E-15,-4.05970524398667E-14));
#2734=DIRECTION('center_axis',(-1.,-4.29408037759901E-16,1.77802197637385E-14));
#2735=DIRECTION('ref_axis',(4.05970524398666E-14,-1.86180623605E-14,1.));
#2736=DIRECTION('center_axis',(-1.,-4.29408037759901E-16,1.77802197637385E-14));
#2737=DIRECTION('ref_axis',(4.05970524398666E-14,-1.86180623605E-14,1.));
#2738=DIRECTION('center_axis',(-1.,-4.29408037759901E-16,1.77802197637385E-14));
#2739=DIRECTION('ref_axis',(4.05970524398666E-14,-1.86180623605E-14,1.));
#2740=DIRECTION('center_axis',(1.,4.29408037759901E-16,-1.77802197637385E-14));
#2741=DIRECTION('ref_axis',(-4.29408037759699E-16,1.,1.12741105249515E-14));
#2742=DIRECTION('center_axis',(1.,4.29408037759901E-16,-1.77802197637385E-14));
#2743=DIRECTION('ref_axis',(-4.29408037759699E-16,1.,1.12741105249515E-14));
#2744=DIRECTION('center_axis',(-1.,-4.29408037759901E-16,1.77802197637385E-14));
#2745=DIRECTION('ref_axis',(-4.29408037759699E-16,1.,1.12741105249515E-14));
#2746=DIRECTION('center_axis',(-1.,-4.29408037759901E-16,1.77802197637385E-14));
#2747=DIRECTION('ref_axis',(4.29408037759699E-16,-1.,-1.12741105249515E-14));
#2748=DIRECTION('',(3.93788626792247E-15,-1.,-1.12947103662287E-14));
#2749=DIRECTION('center_axis',(-1.,-4.29408037759901E-16,1.77802197637385E-14));
#2750=DIRECTION('ref_axis',(-4.29408037759699E-16,1.,1.12741105249515E-14));
#2751=DIRECTION('center_axis',(1.,4.29408037759901E-16,-1.77802197637385E-14));
#2752=DIRECTION('ref_axis',(-4.29408037759699E-16,1.,1.12741105249515E-14));
#2753=DIRECTION('center_axis',(-1.,-4.29408037759901E-16,1.77802197637385E-14));
#2754=DIRECTION('ref_axis',(-4.29408037759699E-16,1.,1.12741105249515E-14));
#2755=DIRECTION('center_axis',(1.,4.29408037759901E-16,-1.77802197637385E-14));
#2756=DIRECTION('ref_axis',(-4.29408037759699E-16,1.,1.12741105249515E-14));
#2757=DIRECTION('',(-1.,-4.29408037759901E-16,1.77802197637385E-14));
#2758=DIRECTION('center_axis',(1.88826365327217E-14,-1.12947103662287E-14,
1.));
#2759=DIRECTION('ref_axis',(3.93788626792247E-15,-1.,-1.12947103662287E-14));
#2760=DIRECTION('center_axis',(1.77802197637385E-14,-1.12741105249515E-14,
1.));
#2761=DIRECTION('ref_axis',(-1.,-4.29408037759901E-16,1.77802197637385E-14));
#2762=DIRECTION('center_axis',(1.77802197637385E-14,-1.12741105249515E-14,
1.));
#2763=DIRECTION('ref_axis',(-1.,-4.29408037759898E-16,1.77802197637385E-14));
#2764=DIRECTION('center_axis',(-1.77802197637385E-14,1.12741105249515E-14,
-1.));
#2765=DIRECTION('ref_axis',(-1.,-4.29408037759899E-16,1.77802197637385E-14));
#2766=DIRECTION('center_axis',(-1.77802197637385E-14,1.12741105249515E-14,
-1.));
#2767=DIRECTION('ref_axis',(-1.,-4.29408037759899E-16,1.77802197637385E-14));
#2768=DIRECTION('center_axis',(1.77802197637385E-14,-1.12741105249515E-14,
1.));
#2769=DIRECTION('ref_axis',(-1.,-4.29408037759898E-16,1.77802197637385E-14));
#2770=DIRECTION('center_axis',(-1.77802197637385E-14,1.12741105249515E-14,
-1.));
#2771=DIRECTION('ref_axis',(-1.,-4.29408037759899E-16,1.77802197637385E-14));
#2772=DIRECTION('center_axis',(1.77802197637385E-14,-1.12741105249515E-14,
1.));
#2773=DIRECTION('ref_axis',(-1.,-4.29408037759899E-16,1.77802197637385E-14));
#2774=DIRECTION('',(-1.77802197637385E-14,1.12741105249514E-14,-1.));
#2775=DIRECTION('center_axis',(1.77802197637385E-14,-1.12741105249515E-14,
1.));
#2776=DIRECTION('ref_axis',(1.,4.29408037759901E-16,-1.77802197637385E-14));
#2777=DIRECTION('',(4.29408037759699E-16,-1.,-1.12741105249515E-14));
#2778=DIRECTION('',(4.29408037759699E-16,-1.,-1.12741105249515E-14));
#2779=DIRECTION('center_axis',(1.,4.29408037759901E-16,-1.77802197637385E-14));
#2780=DIRECTION('ref_axis',(-4.29408037759699E-16,1.,1.12741105249515E-14));
#2781=DIRECTION('center_axis',(1.77802197637385E-14,-1.12741105249515E-14,
1.));
#2782=DIRECTION('ref_axis',(-1.,-4.29408037759901E-16,1.77802197637385E-14));
#2783=DIRECTION('center_axis',(-1.77802197637385E-14,1.12741105249515E-14,
-1.));
#2784=DIRECTION('ref_axis',(-1.,-4.29408037759898E-16,1.77802197637385E-14));
#2785=DIRECTION('center_axis',(-1.77802197637385E-14,1.12741105249515E-14,
-1.));
#2786=DIRECTION('ref_axis',(-1.,-4.29408037759898E-16,1.77802197637385E-14));
#2787=DIRECTION('center_axis',(1.,4.29408037759901E-16,-1.77802197637385E-14));
#2788=DIRECTION('ref_axis',(-4.29408037759699E-16,1.,1.12741105249515E-14));
#2789=DIRECTION('',(-4.83200680896716E-16,-1.37323280594423E-14,0.999999999999993));
#2790=DIRECTION('',(1.22428109317064E-14,0.999999999999961,2.96377505870631E-15));
#2791=CARTESIAN_POINT('',(0.,0.,0.));
#2792=CARTESIAN_POINT('',(0.,0.,0.));
#2793=CARTESIAN_POINT('Origin',(-66.0357034882167,-3.24509834043699,61.3491168018401));
#2794=CARTESIAN_POINT('',(-66.0357034882165,-43.2450983404369,61.3491168018396));
#2795=CARTESIAN_POINT('',(-66.035703488216,-3.2450983404374,101.34911680184));
#2796=CARTESIAN_POINT('Origin',(-66.0357034882167,-3.24509834043699,61.3491168018401));
#2797=CARTESIAN_POINT('',(-52.5357034882165,-43.2450983404369,61.3491168018393));
#2798=CARTESIAN_POINT('',(-66.0357034882165,-43.2450983404369,61.3491168018396));
#2799=CARTESIAN_POINT('',(-52.535703488216,-3.24509834043734,101.34911680184));
#2800=CARTESIAN_POINT('Origin',(-52.5357034882167,-3.24509834043694,61.3491168018398));
#2801=CARTESIAN_POINT('',(-66.035703488216,-3.2450983404374,101.34911680184));
#2802=CARTESIAN_POINT('Origin',(-66.0357034882165,-43.2450983404369,61.3491168018396));
#2803=CARTESIAN_POINT('',(-66.0357034882176,-43.2450983404363,3.44940142623769));
#2804=CARTESIAN_POINT('',(-66.0357034882176,-43.2450983404363,-0.894707912811735));
#2805=CARTESIAN_POINT('',(-52.5357034882175,-43.2450983404362,3.44940142623743));
#2806=CARTESIAN_POINT('',(-75.0357034882164,-43.2450983404363,3.44940142613956));
#2807=CARTESIAN_POINT('',(-52.5357034882176,-43.2450983404362,-0.894707912811999));
#2808=CARTESIAN_POINT('Origin',(-75.0357034882165,101.013038889111,1.27734675671863));
#2809=CARTESIAN_POINT('',(-66.0357034882165,-43.2450983404347,-0.894707912811238));
#2810=CARTESIAN_POINT('Origin',(-66.0357034882165,101.013038889111,1.27734675671848));
#2811=CARTESIAN_POINT('',(-52.5357034882165,-43.2450983404356,-0.894707912811502));
#2812=CARTESIAN_POINT('',(-75.0357034882165,-43.2450983404347,-0.894707912811121));
#2813=CARTESIAN_POINT('Origin',(-52.5357034882165,101.013038889111,1.27734675671823));
#2814=CARTESIAN_POINT('Origin',(-2.52870348821522,-3.53553390594037,71.220887605137));
#2815=CARTESIAN_POINT('',(-2.52870348821521,-6.63553390594037,71.220887605137));
#2816=CARTESIAN_POINT('',(-2.52870348821515,-5.0855339059404,73.9055663568688));
#2817=CARTESIAN_POINT('',(-2.52870348821515,-5.0855339059404,73.9055663568688));
#2818=CARTESIAN_POINT('',(-2.52870348821526,-5.08553390594034,68.5362088534053));
#2819=CARTESIAN_POINT('',(-2.52870348821521,-6.63553390594037,71.220887605137));
#2820=CARTESIAN_POINT('',(-2.52870348821526,-1.98553390594034,68.5362088534053));
#2821=CARTESIAN_POINT('',(-2.52870348821526,-5.08553390594034,68.5362088534053));
#2822=CARTESIAN_POINT('',(-2.52870348821522,-0.435533905940364,71.2208876051371));
#2823=CARTESIAN_POINT('',(-2.52870348821526,-1.98553390594034,68.5362088534053));
#2824=CARTESIAN_POINT('',(-2.52870348821517,-1.98553390594041,73.9055663568688));
#2825=CARTESIAN_POINT('',(-2.52870348821522,-0.435533905940364,71.2208876051371));
#2826=CARTESIAN_POINT('',(-2.52870348821517,-1.98553390594041,73.9055663568688));
#2827=CARTESIAN_POINT('',(-2.52870348821521,-5.03553390594037,71.220887605137));
#2828=CARTESIAN_POINT('Origin',(-2.52870348821522,-3.53553390594037,71.220887605137));
#2829=CARTESIAN_POINT('Origin',(4.97129651178485,-5.0855339059404,73.9055663568686));
#2830=CARTESIAN_POINT('',(1.47129651178483,-1.98553390594039,73.9055663568688));
#2831=CARTESIAN_POINT('',(1.47129651178483,-5.0855339059404,73.9055663568687));
#2832=CARTESIAN_POINT('',(1.47129651178481,-2.54276695297403,73.9055663568688));
#2833=CARTESIAN_POINT('',(4.97129651178485,-5.0855339059404,73.9055663568686));
#2834=CARTESIAN_POINT('',(4.97129651178483,-1.98553390594041,73.9055663568687));
#2835=CARTESIAN_POINT('Origin',(4.97129651178479,-6.63553390594037,71.2208876051369));
#2836=CARTESIAN_POINT('',(1.4712965117848,-6.63553390594036,71.2208876051369));
#2837=CARTESIAN_POINT('',(1.47129651178483,-5.04062662307906,73.9833480524144));
#2838=CARTESIAN_POINT('',(4.97129651178479,-6.63553390594037,71.2208876051369));
#2839=CARTESIAN_POINT('Origin',(4.97129651178474,-5.08553390594034,68.5362088534051));
#2840=CARTESIAN_POINT('',(1.47129651178474,-5.08553390594033,68.5362088534052));
#2841=CARTESIAN_POINT('',(1.47129651178476,-5.79655771231851,69.7677382114432));
#2842=CARTESIAN_POINT('',(4.97129651178474,-5.08553390594034,68.5362088534051));
#2843=CARTESIAN_POINT('Origin',(-66.0357034882167,-27.91746344418,-16.07509323488));
#2844=CARTESIAN_POINT('',(-66.0357034882167,-27.91746344418,-16.07509323488));
#2845=CARTESIAN_POINT('',(-66.0357034882168,-26.9679405912824,-16.07509323488));
#2846=CARTESIAN_POINT('',(-66.0357034882168,-13.9587317220934,-16.0750932348799));
#2847=CARTESIAN_POINT('',(-64.5357034882167,-27.91746344418,-16.0750932348801));
#2848=CARTESIAN_POINT('',(-66.0357034882167,-27.91746344418,-16.07509323488));
#2849=CARTESIAN_POINT('',(-64.5357034882168,-26.9679405912824,-16.0750932348801));
#2850=CARTESIAN_POINT('',(-64.5357034882167,-27.91746344418,-16.0750932348801));
#2851=CARTESIAN_POINT('',(-66.0357034882168,-26.9679405912824,-16.07509323488));
#2852=CARTESIAN_POINT('Ctrl Pts',(-66.0357034882167,-28.4055259451337,-16.2122009051872));
#2853=CARTESIAN_POINT('Ctrl Pts',(-64.5357034882167,-28.4055259451337,-16.2122009051872));
#2854=CARTESIAN_POINT('Ctrl Pts',(-66.0357034882167,-28.340802022302,-16.1723802378243));
#2855=CARTESIAN_POINT('Ctrl Pts',(-64.5357034882167,-28.340802022302,-16.1723802378244));
#2856=CARTESIAN_POINT('Ctrl Pts',(-66.0357034882167,-28.1921340829036,-16.0809139560648));
#2857=CARTESIAN_POINT('Ctrl Pts',(-64.5357034882167,-28.1921340829036,-16.0809139560648));
#2858=CARTESIAN_POINT('Ctrl Pts',(-66.0357034882167,-28.016585419883,-16.0771937920656));
#2859=CARTESIAN_POINT('Ctrl Pts',(-64.5357034882167,-28.016585419883,-16.0771937920657));
#2860=CARTESIAN_POINT('Ctrl Pts',(-66.0357034882167,-27.91746344418,-16.07509323488));
#2861=CARTESIAN_POINT('Ctrl Pts',(-64.5357034882167,-27.91746344418,-16.0750932348801));
#2862=CARTESIAN_POINT('',(-66.0357034882167,-28.4055259451337,-16.2122009051872));
#2863=CARTESIAN_POINT('Ctrl Pts',(-66.0357034882167,-28.4055259451337,-16.2122009051872));
#2864=CARTESIAN_POINT('Ctrl Pts',(-66.0357034882167,-28.340802022302,-16.1723802378243));
#2865=CARTESIAN_POINT('Ctrl Pts',(-66.0357034882167,-28.1921340829036,-16.0809139560648));
#2866=CARTESIAN_POINT('Ctrl Pts',(-66.0357034882167,-28.016585419883,-16.0771937920656));
#2867=CARTESIAN_POINT('Ctrl Pts',(-66.0357034882167,-27.91746344418,-16.07509323488));
#2868=CARTESIAN_POINT('',(-64.5357034882167,-28.4055259451337,-16.2122009051872));
#2869=CARTESIAN_POINT('',(-66.0357034882167,-28.4055259451337,-16.2122009051872));
#2870=CARTESIAN_POINT('Ctrl Pts',(-64.5357034882167,-28.4055259451337,-16.2122009051872));
#2871=CARTESIAN_POINT('Ctrl Pts',(-64.5357034882167,-28.340802022302,-16.1723802378244));
#2872=CARTESIAN_POINT('Ctrl Pts',(-64.5357034882167,-28.1921340829036,-16.0809139560648));
#2873=CARTESIAN_POINT('Ctrl Pts',(-64.5357034882167,-28.016585419883,-16.0771937920657));
#2874=CARTESIAN_POINT('Ctrl Pts',(-64.5357034882167,-27.91746344418,-16.0750932348801));
#2875=CARTESIAN_POINT('Ctrl Pts',(-66.0357034882168,-28.5600283369489,-16.5621329201294));
#2876=CARTESIAN_POINT('Ctrl Pts',(-64.5357034882168,-28.5600283369489,-16.5621329201294));
#2877=CARTESIAN_POINT('Ctrl Pts',(-66.0357034882168,-28.5538134159827,-16.4945452829116));
#2878=CARTESIAN_POINT('Ctrl Pts',(-64.5357034882168,-28.5538134159827,-16.4945452829116));
#2879=CARTESIAN_POINT('Ctrl Pts',(-66.0357034882168,-28.5414887932049,-16.3605142730764));
#2880=CARTESIAN_POINT('Ctrl Pts',(-64.5357034882168,-28.5414887932049,-16.3605142730764));
#2881=CARTESIAN_POINT('Ctrl Pts',(-66.0357034882168,-28.4505882122722,-16.2613565142293));
#2882=CARTESIAN_POINT('Ctrl Pts',(-64.5357034882168,-28.4505882122722,-16.2613565142293));
#2883=CARTESIAN_POINT('Ctrl Pts',(-66.0357034882167,-28.4055259451337,-16.2122009051872));
#2884=CARTESIAN_POINT('Ctrl Pts',(-64.5357034882167,-28.4055259451337,-16.2122009051872));
#2885=CARTESIAN_POINT('',(-66.0357034882168,-28.5600283369489,-16.5621329201294));
#2886=CARTESIAN_POINT('Ctrl Pts',(-66.0357034882168,-28.5600283369489,-16.5621329201294));
#2887=CARTESIAN_POINT('Ctrl Pts',(-66.0357034882168,-28.5538134159827,-16.4945452829116));
#2888=CARTESIAN_POINT('Ctrl Pts',(-66.0357034882168,-28.5414887932049,-16.3605142730764));
#2889=CARTESIAN_POINT('Ctrl Pts',(-66.0357034882168,-28.4505882122722,-16.2613565142293));
#2890=CARTESIAN_POINT('Ctrl Pts',(-66.0357034882167,-28.4055259451337,-16.2122009051872));
#2891=CARTESIAN_POINT('',(-64.5357034882168,-28.5600283369489,-16.5621329201294));
#2892=CARTESIAN_POINT('',(-66.0357034882168,-28.5600283369489,-16.5621329201294));
#2893=CARTESIAN_POINT('Ctrl Pts',(-64.5357034882168,-28.5600283369489,-16.5621329201294));
#2894=CARTESIAN_POINT('Ctrl Pts',(-64.5357034882168,-28.5538134159827,-16.4945452829116));
#2895=CARTESIAN_POINT('Ctrl Pts',(-64.5357034882168,-28.5414887932049,-16.3605142730764));
#2896=CARTESIAN_POINT('Ctrl Pts',(-64.5357034882168,-28.4505882122722,-16.2613565142293));
#2897=CARTESIAN_POINT('Ctrl Pts',(-64.5357034882167,-28.4055259451337,-16.2122009051872));
#2898=CARTESIAN_POINT('Ctrl Pts',(-66.0357034882168,-28.4802189096875,-16.8312323940826));
#2899=CARTESIAN_POINT('Ctrl Pts',(-64.5357034882167,-28.4802189096875,-16.8312323940826));
#2900=CARTESIAN_POINT('Ctrl Pts',(-66.0357034882168,-28.5034964210246,-16.789157264955));
#2901=CARTESIAN_POINT('Ctrl Pts',(-64.5357034882167,-28.5034964210246,-16.789157264955));
#2902=CARTESIAN_POINT('Ctrl Pts',(-66.0357034882168,-28.549882158875,-16.7053129964902));
#2903=CARTESIAN_POINT('Ctrl Pts',(-64.5357034882168,-28.549882158875,-16.7053129964902));
#2904=CARTESIAN_POINT('Ctrl Pts',(-66.0357034882168,-28.5566545161671,-16.6097433517264));
#2905=CARTESIAN_POINT('Ctrl Pts',(-64.5357034882168,-28.5566545161671,-16.6097433517264));
#2906=CARTESIAN_POINT('Ctrl Pts',(-66.0357034882168,-28.5600283369489,-16.5621329201294));
#2907=CARTESIAN_POINT('Ctrl Pts',(-64.5357034882168,-28.5600283369489,-16.5621329201294));
#2908=CARTESIAN_POINT('',(-66.0357034882168,-28.4802189096875,-16.8312323940826));
#2909=CARTESIAN_POINT('Ctrl Pts',(-66.0357034882168,-28.4802189096875,-16.8312323940826));
#2910=CARTESIAN_POINT('Ctrl Pts',(-66.0357034882168,-28.5034964210246,-16.789157264955));
#2911=CARTESIAN_POINT('Ctrl Pts',(-66.0357034882168,-28.549882158875,-16.7053129964902));
#2912=CARTESIAN_POINT('Ctrl Pts',(-66.0357034882168,-28.5566545161671,-16.6097433517264));
#2913=CARTESIAN_POINT('Ctrl Pts',(-66.0357034882168,-28.5600283369489,-16.5621329201294));
#2914=CARTESIAN_POINT('',(-64.5357034882167,-28.4802189096875,-16.8312323940826));
#2915=CARTESIAN_POINT('',(-66.0357034882168,-28.4802189096875,-16.8312323940826));
#2916=CARTESIAN_POINT('Ctrl Pts',(-64.5357034882167,-28.4802189096875,-16.8312323940826));
#2917=CARTESIAN_POINT('Ctrl Pts',(-64.5357034882167,-28.5034964210246,-16.789157264955));
#2918=CARTESIAN_POINT('Ctrl Pts',(-64.5357034882168,-28.549882158875,-16.7053129964902));
#2919=CARTESIAN_POINT('Ctrl Pts',(-64.5357034882168,-28.5566545161671,-16.6097433517264));
#2920=CARTESIAN_POINT('Ctrl Pts',(-64.5357034882168,-28.5600283369489,-16.5621329201294));
#2921=CARTESIAN_POINT('Ctrl Pts',(-66.0357034882168,-28.2469310984082,-17.0113141192032));
#2922=CARTESIAN_POINT('Ctrl Pts',(-64.5357034882167,-28.2469310984082,-17.0113141192032));
#2923=CARTESIAN_POINT('Ctrl Pts',(-66.0357034882168,-28.2946202597668,-16.9903516677022));
#2924=CARTESIAN_POINT('Ctrl Pts',(-64.5357034882167,-28.2946202597668,-16.9903516677022));
#2925=CARTESIAN_POINT('Ctrl Pts',(-66.0357034882168,-28.3873876231558,-16.9495744491368));
#2926=CARTESIAN_POINT('Ctrl Pts',(-64.5357034882167,-28.3873876231558,-16.9495744491368));
#2927=CARTESIAN_POINT('Ctrl Pts',(-66.0357034882168,-28.4498612592525,-16.8699325659032));
#2928=CARTESIAN_POINT('Ctrl Pts',(-64.5357034882167,-28.4498612592525,-16.8699325659032));
#2929=CARTESIAN_POINT('Ctrl Pts',(-66.0357034882168,-28.4802189096875,-16.8312323940826));
#2930=CARTESIAN_POINT('Ctrl Pts',(-64.5357034882167,-28.4802189096875,-16.8312323940826));
#2931=CARTESIAN_POINT('',(-66.0357034882168,-28.2469310984082,-17.0113141192032));
#2932=CARTESIAN_POINT('Ctrl Pts',(-66.0357034882168,-28.2469310984082,-17.0113141192032));
#2933=CARTESIAN_POINT('Ctrl Pts',(-66.0357034882168,-28.2946202597668,-16.9903516677022));
#2934=CARTESIAN_POINT('Ctrl Pts',(-66.0357034882168,-28.3873876231558,-16.9495744491368));
#2935=CARTESIAN_POINT('Ctrl Pts',(-66.0357034882168,-28.4498612592525,-16.8699325659032));
#2936=CARTESIAN_POINT('Ctrl Pts',(-66.0357034882168,-28.4802189096875,-16.8312323940826));
#2937=CARTESIAN_POINT('',(-64.5357034882167,-28.2469310984082,-17.0113141192032));
#2938=CARTESIAN_POINT('',(-66.0357034882168,-28.2469310984082,-17.0113141192032));
#2939=CARTESIAN_POINT('Ctrl Pts',(-64.5357034882167,-28.2469310984082,-17.0113141192032));
#2940=CARTESIAN_POINT('Ctrl Pts',(-64.5357034882167,-28.2946202597668,-16.9903516677022));
#2941=CARTESIAN_POINT('Ctrl Pts',(-64.5357034882167,-28.3873876231558,-16.9495744491368));
#2942=CARTESIAN_POINT('Ctrl Pts',(-64.5357034882167,-28.4498612592525,-16.8699325659032));
#2943=CARTESIAN_POINT('Ctrl Pts',(-64.5357034882167,-28.4802189096875,-16.8312323940826));
#2944=CARTESIAN_POINT('Ctrl Pts',(-66.0357034882168,-27.8212830051846,-17.0675898445678));
#2945=CARTESIAN_POINT('Ctrl Pts',(-64.5357034882167,-27.8212830051846,-17.0675898445679));
#2946=CARTESIAN_POINT('Ctrl Pts',(-66.0357034882168,-27.9026596463472,-17.0667034907359));
#2947=CARTESIAN_POINT('Ctrl Pts',(-64.5357034882167,-27.9026596463472,-17.0667034907359));
#2948=CARTESIAN_POINT('Ctrl Pts',(-66.0357034882168,-28.0470032476326,-17.0651313011948));
#2949=CARTESIAN_POINT('Ctrl Pts',(-64.5357034882167,-28.0470032476326,-17.0651313011948));
#2950=CARTESIAN_POINT('Ctrl Pts',(-66.0357034882168,-28.1862065076217,-17.0276601477382));
#2951=CARTESIAN_POINT('Ctrl Pts',(-64.5357034882167,-28.1862065076217,-17.0276601477382));
#2952=CARTESIAN_POINT('Ctrl Pts',(-66.0357034882168,-28.2469310984082,-17.0113141192032));
#2953=CARTESIAN_POINT('Ctrl Pts',(-64.5357034882167,-28.2469310984082,-17.0113141192032));
#2954=CARTESIAN_POINT('',(-66.0357034882168,-27.8212830051846,-17.0675898445678));
#2955=CARTESIAN_POINT('Ctrl Pts',(-66.0357034882168,-27.8212830051846,-17.0675898445678));
#2956=CARTESIAN_POINT('Ctrl Pts',(-66.0357034882168,-27.9026596463472,-17.0667034907359));
#2957=CARTESIAN_POINT('Ctrl Pts',(-66.0357034882168,-28.0470032476326,-17.0651313011948));
#2958=CARTESIAN_POINT('Ctrl Pts',(-66.0357034882168,-28.1862065076217,-17.0276601477382));
#2959=CARTESIAN_POINT('Ctrl Pts',(-66.0357034882168,-28.2469310984082,-17.0113141192032));
#2960=CARTESIAN_POINT('',(-64.5357034882167,-27.8212830051846,-17.0675898445679));
#2961=CARTESIAN_POINT('',(-66.0357034882168,-27.8212830051846,-17.0675898445678));
#2962=CARTESIAN_POINT('Ctrl Pts',(-64.5357034882167,-27.8212830051846,-17.0675898445679));
#2963=CARTESIAN_POINT('Ctrl Pts',(-64.5357034882167,-27.9026596463472,-17.0667034907359));
#2964=CARTESIAN_POINT('Ctrl Pts',(-64.5357034882167,-28.0470032476326,-17.0651313011948));
#2965=CARTESIAN_POINT('Ctrl Pts',(-64.5357034882167,-28.1862065076217,-17.0276601477382));
#2966=CARTESIAN_POINT('Ctrl Pts',(-64.5357034882167,-28.2469310984082,-17.0113141192032));
#2967=CARTESIAN_POINT('Origin',(-66.0357034882168,-26.9679405912824,-17.0675898445678));
#2968=CARTESIAN_POINT('',(-66.0357034882168,-26.9679405912824,-17.0675898445678));
#2969=CARTESIAN_POINT('',(-66.0357034882168,-13.4839702956445,-17.0675898445677));
#2970=CARTESIAN_POINT('',(-64.5357034882168,-26.9679405912824,-17.0675898445679));
#2971=CARTESIAN_POINT('',(-66.0357034882168,-26.9679405912824,-17.0675898445678));
#2972=CARTESIAN_POINT('',(-64.5357034882168,-26.9679405912824,-17.0675898445679));
#2973=CARTESIAN_POINT('Origin',(-66.0357034882168,-26.9679405912824,-16.07509323488));
#2974=CARTESIAN_POINT('',(-66.0357034882166,-26.9679405912825,-8.15933586190468));
#2975=CARTESIAN_POINT('',(-64.5357034882168,-26.9679405912824,-16.0750932348801));
#2976=CARTESIAN_POINT('Origin',(-66.0357034882168,-26.9679405912824,-17.4113822830749));
#2977=CARTESIAN_POINT('',(-66.0357034882168,-26.9679405912824,-17.4113822830749));
#2978=CARTESIAN_POINT('',(-66.0357034882168,-26.9679405912824,-18.7435788763595));
#2979=CARTESIAN_POINT('',(-66.0357034882166,-26.9679405912825,-8.82748038600212));
#2980=CARTESIAN_POINT('',(-64.5357034882168,-26.9679405912824,-17.4113822830749));
#2981=CARTESIAN_POINT('',(-66.0357034882168,-26.9679405912824,-17.4113822830749));
#2982=CARTESIAN_POINT('',(-64.5357034882168,-26.9679405912824,-18.7435788763595));
#2983=CARTESIAN_POINT('',(-64.5357034882168,-26.9679405912824,-17.4113822830749));
#2984=CARTESIAN_POINT('',(-66.0357034882168,-26.9679405912824,-18.7435788763595));
#2985=CARTESIAN_POINT('Origin',(-66.0357034882168,-27.4283769354291,-17.4113822830749));
#2986=CARTESIAN_POINT('',(-66.0357034882168,-27.4283769354291,-17.4113822830749));
#2987=CARTESIAN_POINT('',(-66.0357034882168,-13.7141884677179,-17.4113822830748));
#2988=CARTESIAN_POINT('',(-64.5357034882168,-27.4283769354291,-17.4113822830749));
#2989=CARTESIAN_POINT('',(-66.0357034882168,-27.4283769354291,-17.4113822830749));
#2990=CARTESIAN_POINT('',(-64.5357034882168,-27.4283769354291,-17.4113822830749));
#2991=CARTESIAN_POINT('Ctrl Pts',(-66.0357034882168,-27.6493867859311,-17.4257070673538));
#2992=CARTESIAN_POINT('Ctrl Pts',(-64.5357034882167,-27.6493867859311,-17.4257070673538));
#2993=CARTESIAN_POINT('Ctrl Pts',(-66.0357034882168,-27.6197555232805,-17.4215655532822));
#2994=CARTESIAN_POINT('Ctrl Pts',(-64.5357034882167,-27.6197555232805,-17.4215655532823));
#2995=CARTESIAN_POINT('Ctrl Pts',(-66.0357034882168,-27.5464886560368,-17.4113251607196));
#2996=CARTESIAN_POINT('Ctrl Pts',(-64.5357034882167,-27.5464886560368,-17.4113251607196));
#2997=CARTESIAN_POINT('Ctrl Pts',(-66.0357034882168,-27.4724639103003,-17.4113609612973));
#2998=CARTESIAN_POINT('Ctrl Pts',(-64.5357034882167,-27.4724639103003,-17.4113609612973));
#2999=CARTESIAN_POINT('Ctrl Pts',(-66.0357034882168,-27.4283769354291,-17.4113822830749));
#3000=CARTESIAN_POINT('Ctrl Pts',(-64.5357034882167,-27.4283769354291,-17.4113822830749));
#3001=CARTESIAN_POINT('',(-66.0357034882168,-27.6493867859311,-17.4257070673538));
#3002=CARTESIAN_POINT('Ctrl Pts',(-66.0357034882168,-27.6493867859311,-17.4257070673538));
#3003=CARTESIAN_POINT('Ctrl Pts',(-66.0357034882168,-27.6197555232805,-17.4215655532822));
#3004=CARTESIAN_POINT('Ctrl Pts',(-66.0357034882168,-27.5464886560368,-17.4113251607196));
#3005=CARTESIAN_POINT('Ctrl Pts',(-66.0357034882168,-27.4724639103003,-17.4113609612973));
#3006=CARTESIAN_POINT('Ctrl Pts',(-66.0357034882168,-27.4283769354291,-17.4113822830749));
#3007=CARTESIAN_POINT('',(-64.5357034882168,-27.6493867859311,-17.4257070673538));
#3008=CARTESIAN_POINT('',(-66.0357034882168,-27.6493867859311,-17.4257070673538));
#3009=CARTESIAN_POINT('Ctrl Pts',(-64.5357034882168,-27.6493867859311,-17.4257070673538));
#3010=CARTESIAN_POINT('Ctrl Pts',(-64.5357034882168,-27.6197555232805,-17.4215655532823));
#3011=CARTESIAN_POINT('Ctrl Pts',(-64.5357034882168,-27.5464886560368,-17.4113251607196));
#3012=CARTESIAN_POINT('Ctrl Pts',(-64.5357034882168,-27.4724639103003,-17.4113609612973));
#3013=CARTESIAN_POINT('Ctrl Pts',(-64.5357034882168,-27.4283769354291,-17.4113822830749));
#3014=CARTESIAN_POINT('Ctrl Pts',(-66.0357034882168,-27.8304919228024,-17.5055161965919));
#3015=CARTESIAN_POINT('Ctrl Pts',(-64.5357034882168,-27.8304919228024,-17.5055161965919));
#3016=CARTESIAN_POINT('Ctrl Pts',(-66.0357034882168,-27.8011481739147,-17.4879802432756));
#3017=CARTESIAN_POINT('Ctrl Pts',(-64.5357034882168,-27.8011481739147,-17.4879802432756));
#3018=CARTESIAN_POINT('Ctrl Pts',(-66.0357034882168,-27.7440675756919,-17.4538686268788));
#3019=CARTESIAN_POINT('Ctrl Pts',(-64.5357034882168,-27.7440675756919,-17.4538686268788));
#3020=CARTESIAN_POINT('Ctrl Pts',(-66.0357034882168,-27.680349127715,-17.4349164099605));
#3021=CARTESIAN_POINT('Ctrl Pts',(-64.5357034882168,-27.680349127715,-17.4349164099605));
#3022=CARTESIAN_POINT('Ctrl Pts',(-66.0357034882168,-27.6493867859311,-17.4257070673538));
#3023=CARTESIAN_POINT('Ctrl Pts',(-64.5357034882167,-27.6493867859311,-17.4257070673538));
#3024=CARTESIAN_POINT('',(-66.0357034882168,-27.8304919228024,-17.5055161965919));
#3025=CARTESIAN_POINT('Ctrl Pts',(-66.0357034882168,-27.8304919228024,-17.5055161965919));
#3026=CARTESIAN_POINT('Ctrl Pts',(-66.0357034882168,-27.8011481739147,-17.4879802432756));
#3027=CARTESIAN_POINT('Ctrl Pts',(-66.0357034882168,-27.7440675756919,-17.4538686268788));
#3028=CARTESIAN_POINT('Ctrl Pts',(-66.0357034882168,-27.680349127715,-17.4349164099605));
#3029=CARTESIAN_POINT('Ctrl Pts',(-66.0357034882168,-27.6493867859311,-17.4257070673538));
#3030=CARTESIAN_POINT('',(-64.5357034882168,-27.8304919228024,-17.5055161965919));
#3031=CARTESIAN_POINT('',(-66.0357034882168,-27.8304919228024,-17.5055161965919));
#3032=CARTESIAN_POINT('Ctrl Pts',(-64.5357034882168,-27.8304919228024,-17.5055161965919));
#3033=CARTESIAN_POINT('Ctrl Pts',(-64.5357034882168,-27.8011481739147,-17.4879802432756));
#3034=CARTESIAN_POINT('Ctrl Pts',(-64.5357034882168,-27.744067575692,-17.4538686268788));
#3035=CARTESIAN_POINT('Ctrl Pts',(-64.5357034882168,-27.680349127715,-17.4349164099605));
#3036=CARTESIAN_POINT('Ctrl Pts',(-64.5357034882168,-27.6493867859311,-17.4257070673538));
#3037=CARTESIAN_POINT('Ctrl Pts',(-66.0357034882168,-28.0320611223645,-17.70606168638));
#3038=CARTESIAN_POINT('Ctrl Pts',(-64.5357034882168,-28.0320611223645,-17.70606168638));
#3039=CARTESIAN_POINT('Ctrl Pts',(-66.0357034882168,-27.99819646359,-17.6637383892804));
#3040=CARTESIAN_POINT('Ctrl Pts',(-64.5357034882168,-27.99819646359,-17.6637383892804));
#3041=CARTESIAN_POINT('Ctrl Pts',(-66.0357034882168,-27.9385280819801,-17.5891661734744));
#3042=CARTESIAN_POINT('Ctrl Pts',(-64.5357034882168,-27.9385280819801,-17.5891661734744));
#3043=CARTESIAN_POINT('Ctrl Pts',(-66.0357034882168,-27.8631076531125,-17.5307698256288));
#3044=CARTESIAN_POINT('Ctrl Pts',(-64.5357034882168,-27.8631076531125,-17.5307698256288));
#3045=CARTESIAN_POINT('Ctrl Pts',(-66.0357034882168,-27.8304919228024,-17.5055161965919));
#3046=CARTESIAN_POINT('Ctrl Pts',(-64.5357034882168,-27.8304919228024,-17.5055161965919));
#3047=CARTESIAN_POINT('',(-66.0357034882168,-28.0320611223645,-17.70606168638));
#3048=CARTESIAN_POINT('Ctrl Pts',(-66.0357034882168,-28.0320611223645,-17.70606168638));
#3049=CARTESIAN_POINT('Ctrl Pts',(-66.0357034882168,-27.99819646359,-17.6637383892804));
#3050=CARTESIAN_POINT('Ctrl Pts',(-66.0357034882168,-27.9385280819801,-17.5891661734744));
#3051=CARTESIAN_POINT('Ctrl Pts',(-66.0357034882168,-27.8631076531125,-17.5307698256288));
#3052=CARTESIAN_POINT('Ctrl Pts',(-66.0357034882168,-27.8304919228024,-17.5055161965919));
#3053=CARTESIAN_POINT('',(-64.5357034882168,-28.0320611223645,-17.70606168638));
#3054=CARTESIAN_POINT('',(-66.0357034882168,-28.0320611223645,-17.70606168638));
#3055=CARTESIAN_POINT('Ctrl Pts',(-64.5357034882168,-28.0320611223645,-17.70606168638));
#3056=CARTESIAN_POINT('Ctrl Pts',(-64.5357034882168,-27.99819646359,-17.6637383892804));
#3057=CARTESIAN_POINT('Ctrl Pts',(-64.5357034882168,-27.9385280819801,-17.5891661734744));
#3058=CARTESIAN_POINT('Ctrl Pts',(-64.5357034882168,-27.8631076531125,-17.5307698256288));
#3059=CARTESIAN_POINT('Ctrl Pts',(-64.5357034882168,-27.8304919228024,-17.5055161965919));
#3060=CARTESIAN_POINT('Ctrl Pts',(-66.0357034882168,-28.3185544237561,-18.119431520803));
#3061=CARTESIAN_POINT('Ctrl Pts',(-64.5357034882168,-28.3185544237561,-18.1194315208031));
#3062=CARTESIAN_POINT('Ctrl Pts',(-66.0357034882168,-28.2666743577431,-18.0392764683702));
#3063=CARTESIAN_POINT('Ctrl Pts',(-64.5357034882167,-28.2666743577431,-18.0392764683702));
#3064=CARTESIAN_POINT('Ctrl Pts',(-66.0357034882168,-28.17552631593,-17.8984521280765));
#3065=CARTESIAN_POINT('Ctrl Pts',(-64.5357034882168,-28.17552631593,-17.8984521280765));
#3066=CARTESIAN_POINT('Ctrl Pts',(-66.0357034882168,-28.0752581763168,-17.7639900248384));
#3067=CARTESIAN_POINT('Ctrl Pts',(-64.5357034882168,-28.0752581763168,-17.7639900248385));
#3068=CARTESIAN_POINT('Ctrl Pts',(-66.0357034882168,-28.0320611223645,-17.70606168638));
#3069=CARTESIAN_POINT('Ctrl Pts',(-64.5357034882168,-28.0320611223645,-17.70606168638));
#3070=CARTESIAN_POINT('',(-66.0357034882168,-28.3185544237561,-18.119431520803));
#3071=CARTESIAN_POINT('Ctrl Pts',(-66.0357034882168,-28.3185544237561,-18.119431520803));
#3072=CARTESIAN_POINT('Ctrl Pts',(-66.0357034882168,-28.2666743577431,-18.0392764683702));
#3073=CARTESIAN_POINT('Ctrl Pts',(-66.0357034882168,-28.17552631593,-17.8984521280765));
#3074=CARTESIAN_POINT('Ctrl Pts',(-66.0357034882168,-28.0752581763168,-17.7639900248384));
#3075=CARTESIAN_POINT('Ctrl Pts',(-66.0357034882168,-28.0320611223645,-17.70606168638));
#3076=CARTESIAN_POINT('',(-64.5357034882168,-28.3185544237561,-18.1194315208031));
#3077=CARTESIAN_POINT('',(-66.0357034882168,-28.3185544237561,-18.119431520803));
#3078=CARTESIAN_POINT('Ctrl Pts',(-64.5357034882168,-28.3185544237561,-18.1194315208031));
#3079=CARTESIAN_POINT('Ctrl Pts',(-64.5357034882168,-28.2666743577431,-18.0392764683702));
#3080=CARTESIAN_POINT('Ctrl Pts',(-64.5357034882168,-28.17552631593,-17.8984521280765));
#3081=CARTESIAN_POINT('Ctrl Pts',(-64.5357034882168,-28.0752581763168,-17.7639900248385));
#3082=CARTESIAN_POINT('Ctrl Pts',(-64.5357034882168,-28.0320611223645,-17.70606168638));
#3083=CARTESIAN_POINT('Origin',(-66.0357034882168,-28.7155535444684,-18.7435788763595));
#3084=CARTESIAN_POINT('',(-66.0357034882168,-28.7155535444684,-18.7435788763595));
#3085=CARTESIAN_POINT('',(-66.0357034882166,-20.3910114394285,-5.65604122197523));
#3086=CARTESIAN_POINT('',(-64.5357034882168,-28.7155535444684,-18.7435788763596));
#3087=CARTESIAN_POINT('',(-66.0357034882168,-28.7155535444684,-18.7435788763595));
#3088=CARTESIAN_POINT('',(-64.5357034882168,-28.7155535444684,-18.7435788763596));
#3089=CARTESIAN_POINT('Origin',(-66.0357034882168,-29.214871190495,-18.7435788763596));
#3090=CARTESIAN_POINT('',(-66.0357034882168,-29.214871190495,-18.7435788763596));
#3091=CARTESIAN_POINT('',(-66.0357034882168,-14.6074355952508,-18.7435788763594));
#3092=CARTESIAN_POINT('',(-64.5357034882168,-29.214871190495,-18.7435788763596));
#3093=CARTESIAN_POINT('',(-66.0357034882168,-29.214871190495,-18.7435788763596));
#3094=CARTESIAN_POINT('',(-64.5357034882168,-29.214871190495,-18.7435788763596));
#3095=CARTESIAN_POINT('Origin',(-66.0357034882168,-28.6930432543225,-17.927071536882));
#3096=CARTESIAN_POINT('',(-66.0357034882168,-28.6930432543225,-17.927071536882));
#3097=CARTESIAN_POINT('',(-66.0357034882166,-20.5205482529206,-5.13951899718298));
#3098=CARTESIAN_POINT('',(-64.5357034882168,-28.6930432543225,-17.927071536882));
#3099=CARTESIAN_POINT('',(-66.0357034882168,-28.6930432543225,-17.927071536882));
#3100=CARTESIAN_POINT('',(-64.5357034882168,-28.6930432543225,-17.927071536882));
#3101=CARTESIAN_POINT('Ctrl Pts',(-66.0357034882168,-28.3635750040479,-17.5280261887146));
#3102=CARTESIAN_POINT('Ctrl Pts',(-64.5357034882168,-28.3635750040479,-17.5280261887146));
#3103=CARTESIAN_POINT('Ctrl Pts',(-66.0357034882168,-28.421914534416,-17.5863103741165));
#3104=CARTESIAN_POINT('Ctrl Pts',(-64.5357034882168,-28.421914534416,-17.5863103741165));
#3105=CARTESIAN_POINT('Ctrl Pts',(-66.0357034882168,-28.5444691595657,-17.7087487353617));
#3106=CARTESIAN_POINT('Ctrl Pts',(-64.5357034882168,-28.5444691595657,-17.7087487353618));
#3107=CARTESIAN_POINT('Ctrl Pts',(-66.0357034882168,-28.6419605650065,-17.8520078734693));
#3108=CARTESIAN_POINT('Ctrl Pts',(-64.5357034882167,-28.6419605650065,-17.8520078734694));
#3109=CARTESIAN_POINT('Ctrl Pts',(-66.0357034882168,-28.6930432543225,-17.927071536882));
#3110=CARTESIAN_POINT('Ctrl Pts',(-64.5357034882168,-28.6930432543225,-17.927071536882));
#3111=CARTESIAN_POINT('',(-66.0357034882168,-28.3635750040479,-17.5280261887146));
#3112=CARTESIAN_POINT('Ctrl Pts',(-66.0357034882168,-28.3635750040479,-17.5280261887146));
#3113=CARTESIAN_POINT('Ctrl Pts',(-66.0357034882168,-28.421914534416,-17.5863103741165));
#3114=CARTESIAN_POINT('Ctrl Pts',(-66.0357034882168,-28.5444691595657,-17.7087487353617));
#3115=CARTESIAN_POINT('Ctrl Pts',(-66.0357034882168,-28.6419605650065,-17.8520078734693));
#3116=CARTESIAN_POINT('Ctrl Pts',(-66.0357034882168,-28.6930432543225,-17.927071536882));
#3117=CARTESIAN_POINT('',(-64.5357034882168,-28.3635750040479,-17.5280261887146));
#3118=CARTESIAN_POINT('',(-66.0357034882168,-28.3635750040479,-17.5280261887146));
#3119=CARTESIAN_POINT('Ctrl Pts',(-64.5357034882168,-28.3635750040479,-17.5280261887146));
#3120=CARTESIAN_POINT('Ctrl Pts',(-64.5357034882168,-28.421914534416,-17.5863103741165));
#3121=CARTESIAN_POINT('Ctrl Pts',(-64.5357034882168,-28.5444691595657,-17.7087487353618));
#3122=CARTESIAN_POINT('Ctrl Pts',(-64.5357034882167,-28.6419605650065,-17.8520078734694));
#3123=CARTESIAN_POINT('Ctrl Pts',(-64.5357034882168,-28.6930432543225,-17.927071536882));
#3124=CARTESIAN_POINT('Ctrl Pts',(-66.0357034882168,-28.1241479143567,-17.3786402596069));
#3125=CARTESIAN_POINT('Ctrl Pts',(-64.5357034882168,-28.1241479143567,-17.3786402596069));
#3126=CARTESIAN_POINT('Ctrl Pts',(-66.0357034882168,-28.1714416327939,-17.4020086645819));
#3127=CARTESIAN_POINT('Ctrl Pts',(-64.5357034882168,-28.1714416327939,-17.4020086645819));
#3128=CARTESIAN_POINT('Ctrl Pts',(-66.0357034882168,-28.2562584796938,-17.4439177064706));
#3129=CARTESIAN_POINT('Ctrl Pts',(-64.5357034882168,-28.2562584796938,-17.4439177064706));
#3130=CARTESIAN_POINT('Ctrl Pts',(-66.0357034882168,-28.3306597470555,-17.5022291148253));
#3131=CARTESIAN_POINT('Ctrl Pts',(-64.5357034882168,-28.3306597470555,-17.5022291148253));
#3132=CARTESIAN_POINT('Ctrl Pts',(-66.0357034882168,-28.3635750040479,-17.5280261887146));
#3133=CARTESIAN_POINT('Ctrl Pts',(-64.5357034882168,-28.3635750040479,-17.5280261887146));
#3134=CARTESIAN_POINT('',(-66.0357034882168,-28.1241479143567,-17.3786402596069));
#3135=CARTESIAN_POINT('Ctrl Pts',(-66.0357034882168,-28.1241479143567,-17.3786402596069));
#3136=CARTESIAN_POINT('Ctrl Pts',(-66.0357034882168,-28.1714416327939,-17.4020086645819));
#3137=CARTESIAN_POINT('Ctrl Pts',(-66.0357034882168,-28.2562584796938,-17.4439177064706));
#3138=CARTESIAN_POINT('Ctrl Pts',(-66.0357034882168,-28.3306597470555,-17.5022291148253));
#3139=CARTESIAN_POINT('Ctrl Pts',(-66.0357034882168,-28.3635750040479,-17.5280261887146));
#3140=CARTESIAN_POINT('',(-64.5357034882168,-28.1241479143567,-17.3786402596069));
#3141=CARTESIAN_POINT('',(-66.0357034882168,-28.1241479143567,-17.3786402596069));
#3142=CARTESIAN_POINT('Ctrl Pts',(-64.5357034882168,-28.1241479143567,-17.3786402596069));
#3143=CARTESIAN_POINT('Ctrl Pts',(-64.5357034882168,-28.1714416327939,-17.4020086645819));
#3144=CARTESIAN_POINT('Ctrl Pts',(-64.5357034882168,-28.2562584796938,-17.4439177064706));
#3145=CARTESIAN_POINT('Ctrl Pts',(-64.5357034882168,-28.3306597470555,-17.5022291148253));
#3146=CARTESIAN_POINT('Ctrl Pts',(-64.5357034882168,-28.3635750040479,-17.5280261887146));
#3147=CARTESIAN_POINT('Ctrl Pts',(-66.0357034882168,-28.7626203522153,-17.1003318680359));
#3148=CARTESIAN_POINT('Ctrl Pts',(-64.5357034882168,-28.7626203522153,-17.1003318680359));
#3149=CARTESIAN_POINT('Ctrl Pts',(-66.0357034882168,-28.6783147784261,-17.167355018781));
#3150=CARTESIAN_POINT('Ctrl Pts',(-64.5357034882168,-28.6783147784261,-17.167355018781));
#3151=CARTESIAN_POINT('Ctrl Pts',(-66.0357034882168,-28.4910820813955,-17.3162055005876));
#3152=CARTESIAN_POINT('Ctrl Pts',(-64.5357034882168,-28.4910820813955,-17.3162055005876));
#3153=CARTESIAN_POINT('Ctrl Pts',(-66.0357034882168,-28.2543088656451,-17.3564930507683));
#3154=CARTESIAN_POINT('Ctrl Pts',(-64.5357034882168,-28.2543088656451,-17.3564930507684));
#3155=CARTESIAN_POINT('Ctrl Pts',(-66.0357034882168,-28.1241479143567,-17.3786402596069));
#3156=CARTESIAN_POINT('Ctrl Pts',(-64.5357034882168,-28.1241479143567,-17.3786402596069));
#3157=CARTESIAN_POINT('',(-66.0357034882168,-28.7626203522153,-17.1003318680359));
#3158=CARTESIAN_POINT('Ctrl Pts',(-66.0357034882168,-28.7626203522153,-17.1003318680359));
#3159=CARTESIAN_POINT('Ctrl Pts',(-66.0357034882168,-28.6783147784261,-17.167355018781));
#3160=CARTESIAN_POINT('Ctrl Pts',(-66.0357034882168,-28.4910820813955,-17.3162055005876));
#3161=CARTESIAN_POINT('Ctrl Pts',(-66.0357034882168,-28.2543088656451,-17.3564930507683));
#3162=CARTESIAN_POINT('Ctrl Pts',(-66.0357034882168,-28.1241479143567,-17.3786402596069));
#3163=CARTESIAN_POINT('',(-64.5357034882168,-28.7626203522153,-17.1003318680359));
#3164=CARTESIAN_POINT('',(-66.0357034882168,-28.7626203522153,-17.1003318680359));
#3165=CARTESIAN_POINT('Ctrl Pts',(-64.5357034882168,-28.7626203522153,-17.1003318680359));
#3166=CARTESIAN_POINT('Ctrl Pts',(-64.5357034882168,-28.6783147784261,-17.167355018781));
#3167=CARTESIAN_POINT('Ctrl Pts',(-64.5357034882168,-28.4910820813955,-17.3162055005876));
#3168=CARTESIAN_POINT('Ctrl Pts',(-64.5357034882168,-28.2543088656451,-17.3564930507684));
#3169=CARTESIAN_POINT('Ctrl Pts',(-64.5357034882168,-28.1241479143567,-17.3786402596069));
#3170=CARTESIAN_POINT('Ctrl Pts',(-66.0357034882168,-28.969304822392,-16.5621329201294));
#3171=CARTESIAN_POINT('Ctrl Pts',(-64.5357034882168,-28.969304822392,-16.5621329201294));
#3172=CARTESIAN_POINT('Ctrl Pts',(-66.0357034882168,-28.9612676010243,-16.6637508408278));
#3173=CARTESIAN_POINT('Ctrl Pts',(-64.5357034882167,-28.9612676010243,-16.6637508408278));
#3174=CARTESIAN_POINT('Ctrl Pts',(-66.0357034882168,-28.9454506501809,-16.8637311055193));
#3175=CARTESIAN_POINT('Ctrl Pts',(-64.5357034882167,-28.9454506501809,-16.8637311055193));
#3176=CARTESIAN_POINT('Ctrl Pts',(-66.0357034882168,-28.8228987574359,-17.022325559469));
#3177=CARTESIAN_POINT('Ctrl Pts',(-64.5357034882168,-28.8228987574359,-17.0223255594691));
#3178=CARTESIAN_POINT('Ctrl Pts',(-66.0357034882168,-28.7626203522153,-17.1003318680359));
#3179=CARTESIAN_POINT('Ctrl Pts',(-64.5357034882168,-28.7626203522153,-17.1003318680359));
#3180=CARTESIAN_POINT('',(-66.0357034882168,-28.969304822392,-16.5621329201294));
#3181=CARTESIAN_POINT('Ctrl Pts',(-66.0357034882168,-28.969304822392,-16.5621329201294));
#3182=CARTESIAN_POINT('Ctrl Pts',(-66.0357034882168,-28.9612676010243,-16.6637508408278));
#3183=CARTESIAN_POINT('Ctrl Pts',(-66.0357034882168,-28.9454506501809,-16.8637311055193));
#3184=CARTESIAN_POINT('Ctrl Pts',(-66.0357034882168,-28.8228987574359,-17.022325559469));
#3185=CARTESIAN_POINT('Ctrl Pts',(-66.0357034882168,-28.7626203522153,-17.1003318680359));
#3186=CARTESIAN_POINT('',(-64.5357034882168,-28.969304822392,-16.5621329201294));
#3187=CARTESIAN_POINT('',(-66.0357034882168,-28.969304822392,-16.5621329201294));
#3188=CARTESIAN_POINT('Ctrl Pts',(-64.5357034882168,-28.969304822392,-16.5621329201294));
#3189=CARTESIAN_POINT('Ctrl Pts',(-64.5357034882167,-28.9612676010243,-16.6637508408278));
#3190=CARTESIAN_POINT('Ctrl Pts',(-64.5357034882167,-28.9454506501809,-16.8637311055193));
#3191=CARTESIAN_POINT('Ctrl Pts',(-64.5357034882168,-28.8228987574359,-17.0223255594691));
#3192=CARTESIAN_POINT('Ctrl Pts',(-64.5357034882168,-28.7626203522153,-17.1003318680359));
#3193=CARTESIAN_POINT('Ctrl Pts',(-66.0357034882168,-28.8444754108853,-16.1098817838264));
#3194=CARTESIAN_POINT('Ctrl Pts',(-64.5357034882167,-28.8444754108853,-16.1098817838265));
#3195=CARTESIAN_POINT('Ctrl Pts',(-66.0357034882168,-28.8808833038246,-16.1802337011141));
#3196=CARTESIAN_POINT('Ctrl Pts',(-64.5357034882167,-28.8808833038246,-16.1802337011141));
#3197=CARTESIAN_POINT('Ctrl Pts',(-66.0357034882168,-28.9543293499503,-16.3221554039368));
#3198=CARTESIAN_POINT('Ctrl Pts',(-64.5357034882168,-28.9543293499503,-16.3221554039368));
#3199=CARTESIAN_POINT('Ctrl Pts',(-66.0357034882168,-28.9642845222424,-16.4816840952172));
#3200=CARTESIAN_POINT('Ctrl Pts',(-64.5357034882168,-28.9642845222424,-16.4816840952172));
#3201=CARTESIAN_POINT('Ctrl Pts',(-66.0357034882168,-28.969304822392,-16.5621329201294));
#3202=CARTESIAN_POINT('Ctrl Pts',(-64.5357034882168,-28.969304822392,-16.5621329201294));
#3203=CARTESIAN_POINT('',(-66.0357034882168,-28.8444754108853,-16.1098817838264));
#3204=CARTESIAN_POINT('Ctrl Pts',(-66.0357034882168,-28.8444754108853,-16.1098817838264));
#3205=CARTESIAN_POINT('Ctrl Pts',(-66.0357034882168,-28.8808833038246,-16.1802337011141));
#3206=CARTESIAN_POINT('Ctrl Pts',(-66.0357034882168,-28.9543293499503,-16.3221554039368));
#3207=CARTESIAN_POINT('Ctrl Pts',(-66.0357034882168,-28.9642845222424,-16.4816840952172));
#3208=CARTESIAN_POINT('Ctrl Pts',(-66.0357034882168,-28.969304822392,-16.5621329201294));
#3209=CARTESIAN_POINT('',(-64.5357034882168,-28.8444754108854,-16.1098817838265));
#3210=CARTESIAN_POINT('',(-66.0357034882168,-28.8444754108853,-16.1098817838264));
#3211=CARTESIAN_POINT('Ctrl Pts',(-64.5357034882168,-28.8444754108854,-16.1098817838265));
#3212=CARTESIAN_POINT('Ctrl Pts',(-64.5357034882168,-28.8808833038247,-16.1802337011141));
#3213=CARTESIAN_POINT('Ctrl Pts',(-64.5357034882168,-28.9543293499503,-16.3221554039368));
#3214=CARTESIAN_POINT('Ctrl Pts',(-64.5357034882168,-28.9642845222424,-16.4816840952172));
#3215=CARTESIAN_POINT('Ctrl Pts',(-64.5357034882168,-28.969304822392,-16.5621329201294));
#3216=CARTESIAN_POINT('Ctrl Pts',(-66.0357034882167,-28.5109147057004,-15.8244110001159));
#3217=CARTESIAN_POINT('Ctrl Pts',(-64.5357034882167,-28.5109147057004,-15.824411000116));
#3218=CARTESIAN_POINT('Ctrl Pts',(-66.0357034882167,-28.5773654326115,-15.8571268040695));
#3219=CARTESIAN_POINT('Ctrl Pts',(-64.5357034882167,-28.5773654326115,-15.8571268040695));
#3220=CARTESIAN_POINT('Ctrl Pts',(-66.0357034882167,-28.7127790160127,-15.9237952131769));
#3221=CARTESIAN_POINT('Ctrl Pts',(-64.5357034882167,-28.7127790160127,-15.923795213177));
#3222=CARTESIAN_POINT('Ctrl Pts',(-66.0357034882167,-28.8000370226606,-16.0470904881504));
#3223=CARTESIAN_POINT('Ctrl Pts',(-64.5357034882167,-28.8000370226606,-16.0470904881504));
#3224=CARTESIAN_POINT('Ctrl Pts',(-66.0357034882168,-28.8444754108853,-16.1098817838264));
#3225=CARTESIAN_POINT('Ctrl Pts',(-64.5357034882167,-28.8444754108853,-16.1098817838265));
#3226=CARTESIAN_POINT('',(-66.0357034882167,-28.5109147057004,-15.8244110001159));
#3227=CARTESIAN_POINT('Ctrl Pts',(-66.0357034882167,-28.5109147057004,-15.8244110001159));
#3228=CARTESIAN_POINT('Ctrl Pts',(-66.0357034882167,-28.5773654326115,-15.8571268040695));
#3229=CARTESIAN_POINT('Ctrl Pts',(-66.0357034882167,-28.7127790160127,-15.9237952131769));
#3230=CARTESIAN_POINT('Ctrl Pts',(-66.0357034882167,-28.8000370226606,-16.0470904881504));
#3231=CARTESIAN_POINT('Ctrl Pts',(-66.0357034882168,-28.8444754108853,-16.1098817838264));
#3232=CARTESIAN_POINT('',(-64.5357034882167,-28.5109147057004,-15.824411000116));
#3233=CARTESIAN_POINT('',(-66.0357034882167,-28.5109147057004,-15.8244110001159));
#3234=CARTESIAN_POINT('Ctrl Pts',(-64.5357034882167,-28.5109147057004,-15.824411000116));
#3235=CARTESIAN_POINT('Ctrl Pts',(-64.5357034882167,-28.5773654326115,-15.8571268040695));
#3236=CARTESIAN_POINT('Ctrl Pts',(-64.5357034882167,-28.7127790160127,-15.923795213177));
#3237=CARTESIAN_POINT('Ctrl Pts',(-64.5357034882167,-28.8000370226606,-16.0470904881504));
#3238=CARTESIAN_POINT('Ctrl Pts',(-64.5357034882168,-28.8444754108854,-16.1098817838265));
#3239=CARTESIAN_POINT('Ctrl Pts',(-66.0357034882168,-27.9010918363995,-15.7435787571502));
#3240=CARTESIAN_POINT('Ctrl Pts',(-64.5357034882167,-27.9010918363995,-15.7435787571503));
#3241=CARTESIAN_POINT('Ctrl Pts',(-66.0357034882168,-28.0196064288579,-15.7444907058953));
#3242=CARTESIAN_POINT('Ctrl Pts',(-64.5357034882167,-28.0196064288579,-15.7444907058953));
#3243=CARTESIAN_POINT('Ctrl Pts',(-66.0357034882168,-28.2265696776089,-15.7460832513452));
#3244=CARTESIAN_POINT('Ctrl Pts',(-64.5357034882167,-28.2265696776089,-15.7460832513452));
#3245=CARTESIAN_POINT('Ctrl Pts',(-66.0357034882167,-28.4257795597269,-15.8009590538304));
#3246=CARTESIAN_POINT('Ctrl Pts',(-64.5357034882167,-28.4257795597269,-15.8009590538304));
#3247=CARTESIAN_POINT('Ctrl Pts',(-66.0357034882167,-28.5109147057004,-15.8244110001159));
#3248=CARTESIAN_POINT('Ctrl Pts',(-64.5357034882167,-28.5109147057004,-15.824411000116));
#3249=CARTESIAN_POINT('',(-66.0357034882168,-27.9010918363995,-15.7435787571502));
#3250=CARTESIAN_POINT('Ctrl Pts',(-66.0357034882168,-27.9010918363995,-15.7435787571502));
#3251=CARTESIAN_POINT('Ctrl Pts',(-66.0357034882168,-28.0196064288579,-15.7444907058953));
#3252=CARTESIAN_POINT('Ctrl Pts',(-66.0357034882168,-28.2265696776089,-15.7460832513452));
#3253=CARTESIAN_POINT('Ctrl Pts',(-66.0357034882167,-28.4257795597269,-15.8009590538304));
#3254=CARTESIAN_POINT('Ctrl Pts',(-66.0357034882167,-28.5109147057004,-15.8244110001159));
#3255=CARTESIAN_POINT('',(-64.5357034882168,-27.9010918363996,-15.7435787571503));
#3256=CARTESIAN_POINT('',(-66.0357034882168,-27.9010918363995,-15.7435787571502));
#3257=CARTESIAN_POINT('Ctrl Pts',(-64.5357034882168,-27.9010918363996,-15.7435787571503));
#3258=CARTESIAN_POINT('Ctrl Pts',(-64.5357034882168,-28.0196064288579,-15.7444907058953));
#3259=CARTESIAN_POINT('Ctrl Pts',(-64.5357034882168,-28.2265696776089,-15.7460832513452));
#3260=CARTESIAN_POINT('Ctrl Pts',(-64.5357034882167,-28.4257795597269,-15.8009590538304));
#3261=CARTESIAN_POINT('Ctrl Pts',(-64.5357034882167,-28.5109147057004,-15.824411000116));
#3262=CARTESIAN_POINT('Origin',(-66.0357034882168,-26.5709420666165,-15.7435787571502));
#3263=CARTESIAN_POINT('',(-66.0357034882168,-26.5709420666165,-15.7435787571502));
#3264=CARTESIAN_POINT('',(-66.0357034882168,-13.2854710333116,-15.7435787571501));
#3265=CARTESIAN_POINT('',(-64.5357034882167,-26.5709420666166,-15.7435787571503));
#3266=CARTESIAN_POINT('',(-66.0357034882168,-26.5709420666165,-15.7435787571502));
#3267=CARTESIAN_POINT('',(-64.5357034882167,-26.5709420666166,-15.7435787571503));
#3268=CARTESIAN_POINT('Origin',(-66.0357034882168,-26.5709420666165,-18.7435788763595));
#3269=CARTESIAN_POINT('',(-66.0357034882168,-26.5709420666165,-18.7435788763595));
#3270=CARTESIAN_POINT('',(-66.0357034882166,-26.5709420666166,-9.49357868264442));
#3271=CARTESIAN_POINT('',(-64.5357034882168,-26.5709420666165,-18.7435788763595));
#3272=CARTESIAN_POINT('',(-66.0357034882168,-26.5709420666165,-18.7435788763595));
#3273=CARTESIAN_POINT('',(-64.5357034882168,-26.5709420666165,-18.7435788763595));
#3274=CARTESIAN_POINT('Origin',(-66.0357034882168,-26.9679405912824,-18.7435788763595));
#3275=CARTESIAN_POINT('',(-66.0357034882168,-13.4839702956445,-18.7435788763594));
#3276=CARTESIAN_POINT('',(-64.5357034882168,-26.9679405912824,-18.7435788763595));
#3277=CARTESIAN_POINT('Origin',(-64.5357034882168,-27.5000009313292,-17.2435788167549));
#3278=CARTESIAN_POINT('Origin',(-66.0357034882168,-31.4495238289304,-18.3895544065071));
#3279=CARTESIAN_POINT('',(-66.0357034882168,-31.4495238289304,-18.3895544065071));
#3280=CARTESIAN_POINT('',(-66.0357034882168,-31.4495238289304,-18.7435788763596));
#3281=CARTESIAN_POINT('',(-66.0357034882166,-31.4495238289304,-9.31656644771825));
#3282=CARTESIAN_POINT('',(-64.5357034882168,-31.4495238289304,-18.3895544065071));
#3283=CARTESIAN_POINT('',(-66.0357034882168,-31.4495238289304,-18.3895544065071));
#3284=CARTESIAN_POINT('',(-64.5357034882168,-31.4495238289304,-18.7435788763596));
#3285=CARTESIAN_POINT('',(-64.5357034882168,-31.4495238289304,-18.3895544065071));
#3286=CARTESIAN_POINT('',(-66.0357034882168,-31.4495238289304,-18.7435788763596));
#3287=CARTESIAN_POINT('Origin',(-66.0357034882168,-29.9720337614484,-18.3895544065071));
#3288=CARTESIAN_POINT('',(-66.0357034882168,-29.9720337614484,-18.3895544065071));
#3289=CARTESIAN_POINT('',(-66.0357034882168,-14.9860168807275,-18.3895544065069));
#3290=CARTESIAN_POINT('',(-64.5357034882168,-29.9720337614484,-18.3895544065071));
#3291=CARTESIAN_POINT('',(-66.0357034882168,-29.9720337614484,-18.3895544065071));
#3292=CARTESIAN_POINT('',(-64.5357034882168,-29.9720337614484,-18.3895544065071));
#3293=CARTESIAN_POINT('Origin',(-66.0357034882168,-29.9720337614484,-15.7435787571503));
#3294=CARTESIAN_POINT('',(-66.0357034882168,-29.9720337614484,-15.7435787571503));
#3295=CARTESIAN_POINT('',(-66.0357034882166,-29.9720337614485,-7.99357862303982));
#3296=CARTESIAN_POINT('',(-64.5357034882168,-29.9720337614484,-15.7435787571503));
#3297=CARTESIAN_POINT('',(-66.0357034882168,-29.9720337614484,-15.7435787571503));
#3298=CARTESIAN_POINT('',(-64.5357034882168,-29.9720337614484,-15.7435787571503));
#3299=CARTESIAN_POINT('Origin',(-66.0357034882167,-29.5750352367825,-15.7435787571503));
#3300=CARTESIAN_POINT('',(-66.0357034882167,-29.5750352367825,-15.7435787571503));
#3301=CARTESIAN_POINT('',(-66.0357034882168,-14.7875176183946,-15.7435787571501));
#3302=CARTESIAN_POINT('',(-64.5357034882167,-29.5750352367826,-15.7435787571503));
#3303=CARTESIAN_POINT('',(-66.0357034882167,-29.5750352367825,-15.7435787571503));
#3304=CARTESIAN_POINT('',(-64.5357034882167,-29.5750352367826,-15.7435787571503));
#3305=CARTESIAN_POINT('Origin',(-66.0357034882168,-29.5750352367825,-18.7435788763596));
#3306=CARTESIAN_POINT('',(-66.0357034882168,-29.5750352367825,-18.7435788763596));
#3307=CARTESIAN_POINT('',(-66.0357034882166,-29.5750352367826,-9.49357868264446));
#3308=CARTESIAN_POINT('',(-64.5357034882168,-29.5750352367825,-18.7435788763596));
#3309=CARTESIAN_POINT('',(-66.0357034882168,-29.5750352367825,-18.7435788763596));
#3310=CARTESIAN_POINT('',(-64.5357034882168,-29.5750352367825,-18.7435788763596));
#3311=CARTESIAN_POINT('Origin',(-66.0357034882168,-31.4495238289304,-18.7435788763596));
#3312=CARTESIAN_POINT('',(-66.0357034882168,-15.7247619144685,-18.7435788763594));
#3313=CARTESIAN_POINT('',(-64.5357034882168,-31.4495238289304,-18.7435788763596));
#3314=CARTESIAN_POINT('Origin',(-64.5357034882168,-27.5000009313292,-17.2435788167549));
#3315=CARTESIAN_POINT('Origin',(-66.0357034882168,-23.9474767074056,-17.3295272244048));
#3316=CARTESIAN_POINT('',(-66.0357034882168,-23.9474767074056,-17.3295272244048));
#3317=CARTESIAN_POINT('',(-66.0357034882168,-23.9474767074056,-18.7435788763595));
#3318=CARTESIAN_POINT('',(-66.0357034882166,-23.9474767074057,-8.78655285666707));
#3319=CARTESIAN_POINT('',(-64.5357034882168,-23.9474767074056,-17.3295272244049));
#3320=CARTESIAN_POINT('',(-66.0357034882168,-23.9474767074056,-17.3295272244048));
#3321=CARTESIAN_POINT('',(-64.5357034882168,-23.9474767074055,-18.7435788763595));
#3322=CARTESIAN_POINT('',(-64.5357034882168,-23.9474767074056,-17.3295272244049));
#3323=CARTESIAN_POINT('',(-66.0357034882168,-23.9474767074056,-18.7435788763595));
#3324=CARTESIAN_POINT('Origin',(-66.0357034882168,-25.5068218335576,-17.3295272244049));
#3325=CARTESIAN_POINT('',(-66.0357034882168,-25.5068218335576,-17.3295272244049));
#3326=CARTESIAN_POINT('',(-66.0357034882168,-12.7534109167821,-17.3295272244047));
#3327=CARTESIAN_POINT('',(-64.5357034882168,-25.5068218335576,-17.3295272244049));
#3328=CARTESIAN_POINT('',(-66.0357034882168,-25.5068218335576,-17.3295272244049));
#3329=CARTESIAN_POINT('',(-64.5357034882168,-25.5068218335576,-17.3295272244049));
#3330=CARTESIAN_POINT('Origin',(-66.0357034882168,-25.5068218335576,-18.7435788763595));
#3331=CARTESIAN_POINT('',(-66.0357034882168,-25.5068218335576,-18.7435788763595));
#3332=CARTESIAN_POINT('',(-66.0357034882166,-25.5068218335577,-9.49357868264442));
#3333=CARTESIAN_POINT('',(-64.5357034882168,-25.5068218335576,-18.7435788763595));
#3334=CARTESIAN_POINT('',(-66.0357034882168,-25.5068218335576,-18.7435788763595));
#3335=CARTESIAN_POINT('',(-64.5357034882168,-25.5068218335576,-18.7435788763595));
#3336=CARTESIAN_POINT('Origin',(-66.0357034882168,-25.9038206562466,-18.7435788763595));
#3337=CARTESIAN_POINT('',(-66.0357034882168,-25.9038206562466,-18.7435788763595));
#3338=CARTESIAN_POINT('',(-66.0357034882168,-12.9519103281267,-18.7435788763594));
#3339=CARTESIAN_POINT('',(-64.5357034882168,-25.9038206562466,-18.7435788763595));
#3340=CARTESIAN_POINT('',(-66.0357034882168,-25.9038206562466,-18.7435788763595));
#3341=CARTESIAN_POINT('',(-64.5357034882168,-25.9038206562466,-18.7435788763595));
#3342=CARTESIAN_POINT('Origin',(-66.0357034882168,-25.9038206562466,-15.7435787571502));
#3343=CARTESIAN_POINT('',(-66.0357034882168,-25.9038206562466,-15.7435787571502));
#3344=CARTESIAN_POINT('',(-66.0357034882166,-25.9038206562468,-7.99357862303978));
#3345=CARTESIAN_POINT('',(-64.5357034882167,-25.9038206562467,-15.7435787571503));
#3346=CARTESIAN_POINT('',(-66.0357034882168,-25.9038206562466,-15.7435787571502));
#3347=CARTESIAN_POINT('',(-64.5357034882167,-25.9038206562467,-15.7435787571503));
#3348=CARTESIAN_POINT('Origin',(-66.0357034882168,-25.5068218335576,-15.7435787571502));
#3349=CARTESIAN_POINT('',(-66.0357034882168,-25.5068218335576,-15.7435787571502));
#3350=CARTESIAN_POINT('',(-66.0357034882168,-12.7534109167822,-15.7435787571501));
#3351=CARTESIAN_POINT('',(-64.5357034882167,-25.5068218335576,-15.7435787571502));
#3352=CARTESIAN_POINT('',(-66.0357034882168,-25.5068218335576,-15.7435787571502));
#3353=CARTESIAN_POINT('',(-64.5357034882167,-25.5068218335576,-15.7435787571502));
#3354=CARTESIAN_POINT('Origin',(-66.0357034882168,-25.5068218335576,-16.9755024565292));
#3355=CARTESIAN_POINT('',(-66.0357034882168,-25.5068218335576,-16.9755024565292));
#3356=CARTESIAN_POINT('',(-66.0357034882166,-25.5068218335577,-8.60954047272926));
#3357=CARTESIAN_POINT('',(-64.5357034882168,-25.5068218335576,-16.9755024565292));
#3358=CARTESIAN_POINT('',(-66.0357034882168,-25.5068218335576,-16.9755024565292));
#3359=CARTESIAN_POINT('',(-64.5357034882168,-25.5068218335576,-16.9755024565292));
#3360=CARTESIAN_POINT('Origin',(-66.0357034882168,-23.9474767074056,-16.9755024565292));
#3361=CARTESIAN_POINT('',(-66.0357034882168,-23.9474767074056,-16.9755024565292));
#3362=CARTESIAN_POINT('',(-66.0357034882168,-11.9737383537061,-16.975502456529));
#3363=CARTESIAN_POINT('',(-64.5357034882168,-23.9474767074056,-16.9755024565292));
#3364=CARTESIAN_POINT('',(-66.0357034882168,-23.9474767074056,-16.9755024565292));
#3365=CARTESIAN_POINT('',(-64.5357034882168,-23.9474767074056,-16.9755024565292));
#3366=CARTESIAN_POINT('Origin',(-66.0357034882168,-23.9474767074056,-15.7435787571502));
#3367=CARTESIAN_POINT('',(-66.0357034882168,-23.9474767074056,-15.7435787571502));
#3368=CARTESIAN_POINT('',(-66.0357034882166,-23.9474767074057,-7.99357862303975));
#3369=CARTESIAN_POINT('',(-64.5357034882168,-23.9474767074056,-15.7435787571502));
#3370=CARTESIAN_POINT('',(-66.0357034882168,-23.9474767074056,-15.7435787571502));
#3371=CARTESIAN_POINT('',(-64.5357034882168,-23.9474767074056,-15.7435787571502));
#3372=CARTESIAN_POINT('Origin',(-66.0357034882168,-23.5504780337281,-15.7435787571502));
#3373=CARTESIAN_POINT('',(-66.0357034882168,-23.5504780337281,-15.7435787571502));
#3374=CARTESIAN_POINT('',(-66.0357034882168,-11.7752390168674,-15.7435787571501));
#3375=CARTESIAN_POINT('',(-64.5357034882168,-23.5504780337281,-15.7435787571502));
#3376=CARTESIAN_POINT('',(-66.0357034882168,-23.5504780337281,-15.7435787571502));
#3377=CARTESIAN_POINT('',(-64.5357034882168,-23.5504780337281,-15.7435787571502));
#3378=CARTESIAN_POINT('Origin',(-66.0357034882168,-23.5504780337281,-18.7435788763595));
#3379=CARTESIAN_POINT('',(-66.0357034882168,-23.5504780337281,-18.7435788763595));
#3380=CARTESIAN_POINT('',(-66.0357034882166,-23.5504780337282,-9.49357868264439));
#3381=CARTESIAN_POINT('',(-64.5357034882168,-23.5504780337281,-18.7435788763595));
#3382=CARTESIAN_POINT('',(-66.0357034882168,-23.5504780337281,-18.7435788763595));
#3383=CARTESIAN_POINT('',(-64.5357034882168,-23.5504780337281,-18.7435788763595));
#3384=CARTESIAN_POINT('Origin',(-66.0357034882168,-23.9474767074056,-18.7435788763595));
#3385=CARTESIAN_POINT('',(-66.0357034882168,-11.9737383537061,-18.7435788763594));
#3386=CARTESIAN_POINT('',(-64.5357034882168,-23.9474767074055,-18.7435788763595));
#3387=CARTESIAN_POINT('Origin',(-64.5357034882168,-27.5000009313292,-17.2435788167549));
#3388=CARTESIAN_POINT('Origin',(-83.3228944494163,-15.6137134344442,39.4575614045147));
#3389=CARTESIAN_POINT('',(-84.5610064325701,-15.6137134344442,38.9575614045146));
#3390=CARTESIAN_POINT('',(-66.0357034882158,-15.6137134344442,38.9575614045143));
#3391=CARTESIAN_POINT('',(-83.3228944494163,-15.6137134344442,38.9575614045146));
#3392=CARTESIAN_POINT('',(-66.0357034882158,-16.1137134344442,39.4575614045143));
#3393=CARTESIAN_POINT('Origin',(-66.0357034882158,-15.6137134344442,39.4575614045143));
#3394=CARTESIAN_POINT('',(-84.5782202859405,-16.1137134344442,39.4575614045146));
#3395=CARTESIAN_POINT('',(-83.3228944494162,-16.1137134344442,39.4575614045146));
#3396=CARTESIAN_POINT('Ctrl Pts',(-84.5610064325701,-15.6137134344442,38.9575614045146));
#3397=CARTESIAN_POINT('Ctrl Pts',(-84.5610465735715,-15.6148695249985,38.9575614045146));
#3398=CARTESIAN_POINT('Ctrl Pts',(-84.5610867120651,-15.616025612175,38.9575654141507));
#3399=CARTESIAN_POINT('Ctrl Pts',(-84.5634254797191,-15.6833918910035,38.9580327103291));
#3400=CARTESIAN_POINT('Ctrl Pts',(-84.5656901953729,-15.748859324917,38.971639161942));
#3401=CARTESIAN_POINT('Ctrl Pts',(-84.569856562,-15.8696604915551,39.0231317813351));
#3402=CARTESIAN_POINT('Ctrl Pts',(-84.5717241287694,-15.9239950368653,39.0601132297792));
#3403=CARTESIAN_POINT('Ctrl Pts',(-84.5748599638086,-16.0154089306248,39.1528068929651));
#3404=CARTESIAN_POINT('Ctrl Pts',(-84.5760988036468,-16.0516250181184,39.2076220128749));
#3405=CARTESIAN_POINT('Ctrl Pts',(-84.5777868731284,-16.101010422236,39.3280418396389));
#3406=CARTESIAN_POINT('Ctrl Pts',(-84.5782202859407,-16.1137134344442,39.3924894906507));
#3407=CARTESIAN_POINT('Ctrl Pts',(-84.5782202859407,-16.1137134344442,39.4575614045146));
#3408=CARTESIAN_POINT('Origin',(-84.5782202859405,-16.1137134344442,38.9575614045146));
#3409=CARTESIAN_POINT('',(-66.0357034882151,-16.1137134344447,77.9575614045143));
#3410=CARTESIAN_POINT('',(-66.0357034882161,-16.113713434444,19.3569914577925));
#3411=CARTESIAN_POINT('',(-82.52544444794,-16.1137134344447,77.9575614045146));
#3412=CARTESIAN_POINT('',(-84.5782202859398,-16.1137134344447,77.9575614045146));
#3413=CARTESIAN_POINT('',(-82.5254444417543,-16.1137134342328,43.9302680186911));
#3414=CARTESIAN_POINT('',(-82.5254444479401,-16.1137134344446,71.9575614045146));
#3415=CARTESIAN_POINT('',(-84.5782202949576,-16.1137134341361,43.9302680181654));
#3416=CARTESIAN_POINT('',(-41.8018329872013,-16.1137134344443,43.9302680198391));
#3417=CARTESIAN_POINT('',(-84.5782202859405,-16.1137134344442,38.9575614045146));
#3418=CARTESIAN_POINT('Origin',(-71.6022406925013,-10.4302445981375,77.9575614045145));
#3419=CARTESIAN_POINT('',(-70.3522406925013,-10.4302445981375,77.9575614045144));
#3420=CARTESIAN_POINT('Origin',(-71.6022406925013,-10.4302445981375,77.9575614045145));
#3421=CARTESIAN_POINT('',(-70.3522406925013,-10.4302445981375,75.9575614045144));
#3422=CARTESIAN_POINT('',(-70.3522406925013,-10.4302445981375,77.9575614045144));
#3423=CARTESIAN_POINT('Origin',(-71.6022406925013,-10.4302445981375,75.9575614045145));
#3424=CARTESIAN_POINT('Origin',(-71.6022406925013,-10.4302445981375,75.9575614045145));
#3425=CARTESIAN_POINT('Origin',(-96.113844320118,-1.6500000000077,72.957561404515));
#3426=CARTESIAN_POINT('',(-95.4511446863825,-2.6500000000077,72.957561404515));
#3427=CARTESIAN_POINT('',(-95.5391643084399,-1.65000000000768,71.957561404515));
#3428=CARTESIAN_POINT('Ctrl Pts',(-95.4511446863825,-2.6500000000077,72.957561404515));
#3429=CARTESIAN_POINT('Ctrl Pts',(-95.4511446863825,-2.6500000000077,72.831825483151));
#3430=CARTESIAN_POINT('Ctrl Pts',(-95.4545093079897,-2.62483609815352,72.6978044487303));
#3431=CARTESIAN_POINT('Ctrl Pts',(-95.4671575393905,-2.52271716605266,72.451454837224));
#3432=CARTESIAN_POINT('Ctrl Pts',(-95.4763238066568,-2.44576939733269,72.3391172394669));
#3433=CARTESIAN_POINT('Ctrl Pts',(-95.4950305419109,-2.26836042908854,72.1617082712227));
#3434=CARTESIAN_POINT('Ctrl Pts',(-95.5058061457413,-2.15600018439595,72.0847863325683));
#3435=CARTESIAN_POINT('Ctrl Pts',(-95.5250377655149,-1.90968644267382,71.982709893748));
#3436=CARTESIAN_POINT('Ctrl Pts',(-95.5333828941183,-1.77572180942546,71.957561404515));
#3437=CARTESIAN_POINT('Ctrl Pts',(-95.5391643084399,-1.65000000000768,71.957561404515));
#3438=CARTESIAN_POINT('',(-98.5917335326958,-1.65000000000767,71.9575614045151));
#3439=CARTESIAN_POINT('',(-96.113844320118,-1.65000000000768,71.957561404515));
#3440=CARTESIAN_POINT('',(-98.5216731702229,-2.6500000000077,72.957561404515));
#3441=CARTESIAN_POINT('Ctrl Pts',(-98.5917335326958,-1.65000000000767,71.9575614045151));
#3442=CARTESIAN_POINT('Ctrl Pts',(-98.5871254009188,-1.77572564422599,71.9575614045151));
#3443=CARTESIAN_POINT('Ctrl Pts',(-98.5804730691864,-1.90974010391241,71.9827144823763));
#3444=CARTESIAN_POINT('Ctrl Pts',(-98.5651466458037,-2.15617247786907,72.0848753994527));
#3445=CARTESIAN_POINT('Ctrl Pts',(-98.5565616386765,-2.26859750222228,72.1618794328311));
#3446=CARTESIAN_POINT('Ctrl Pts',(-98.541673471336,-2.44600027035746,72.3394141142971));
#3447=CARTESIAN_POINT('Ctrl Pts',(-98.5343881206041,-2.52288441278907,72.4517594263309));
#3448=CARTESIAN_POINT('Ctrl Pts',(-98.5243419608626,-2.62488658578679,72.6980253287134));
#3449=CARTESIAN_POINT('Ctrl Pts',(-98.5216731702229,-2.6500000000077,72.8319515762736));
#3450=CARTESIAN_POINT('Ctrl Pts',(-98.5216731702229,-2.6500000000077,72.957561404515));
#3451=CARTESIAN_POINT('',(-96.113844320118,-2.65000000000772,72.957561404515));
#3452=CARTESIAN_POINT('Origin',(-89.5014885266611,-4.65000000000774,75.9575614045148));
#3453=CARTESIAN_POINT('',(-98.5216731702229,-2.65000000000773,75.957561404515));
#3454=CARTESIAN_POINT('',(-98.1768502088265,-4.65000000000774,77.957561404515));
#3455=CARTESIAN_POINT('Ctrl Pts',(-98.5216731702229,-2.65000000000775,75.957561404515));
#3456=CARTESIAN_POINT('Ctrl Pts',(-98.5216731702229,-2.65000000000775,76.2083220611046));
#3457=CARTESIAN_POINT('Ctrl Pts',(-98.5167497410506,-2.70006624867611,76.4757275529242));
#3458=CARTESIAN_POINT('Ctrl Pts',(-98.4936104106286,-2.90325437834179,76.967322483841));
#3459=CARTESIAN_POINT('Ctrl Pts',(-98.475030276541,-3.05637206859302,77.1914964430698));
#3460=CARTESIAN_POINT('Ctrl Pts',(-98.4241068354755,-3.41194698081873,77.5488005231844));
#3461=CARTESIAN_POINT('Ctrl Pts',(-98.388011388017,-3.63915881190328,77.7039382941136));
#3462=CARTESIAN_POINT('Ctrl Pts',(-98.2947531268786,-4.13390660709759,77.9082740168492));
#3463=CARTESIAN_POINT('Ctrl Pts',(-98.2372303831849,-4.40133771268229,77.957561404515));
#3464=CARTESIAN_POINT('Ctrl Pts',(-98.1768502088265,-4.65000000000774,77.957561404515));
#3465=CARTESIAN_POINT('',(-95.0143210528886,-4.65000000000774,77.9575614045149));
#3466=CARTESIAN_POINT('',(-89.5014885266611,-4.65000000000774,77.9575614045148));
#3467=CARTESIAN_POINT('',(-95.4511446863824,-2.65000000000773,75.957561404515));
#3468=CARTESIAN_POINT('Ctrl Pts',(-95.0143210528886,-4.65000000000775,77.9575614045149));
#3469=CARTESIAN_POINT('Ctrl Pts',(-95.0908967816468,-4.40283372330251,77.9575614045149));
#3470=CARTESIAN_POINT('Ctrl Pts',(-95.1639813546826,-4.13569114321529,77.9088226618501));
#3471=CARTESIAN_POINT('Ctrl Pts',(-95.2824860226719,-3.63976891188088,77.7043777499817));
#3472=CARTESIAN_POINT('Ctrl Pts',(-95.3283573193589,-3.41115819313032,77.5485236467094));
#3473=CARTESIAN_POINT('Ctrl Pts',(-95.3925939798329,-3.05528379060881,77.1898978307287));
#3474=CARTESIAN_POINT('Ctrl Pts',(-95.4159157713373,-2.9026386175275,76.9661457603875));
#3475=CARTESIAN_POINT('Ctrl Pts',(-95.4449609791541,-2.69999311929512,76.4752365044148));
#3476=CARTESIAN_POINT('Ctrl Pts',(-95.4511446863824,-2.65000000000775,76.2081036860926));
#3477=CARTESIAN_POINT('Ctrl Pts',(-95.4511446863824,-2.65000000000775,75.957561404515));
#3478=CARTESIAN_POINT('',(-89.5014885266612,-2.65000000000773,75.9575614045149));
#3479=CARTESIAN_POINT('Origin',(-95.4511446863824,-2.65000000000773,77.957561404515));
#3480=CARTESIAN_POINT('',(-98.521673170223,-2.65000000000766,71.9575614045151));
#3481=CARTESIAN_POINT('',(-95.4511446863825,-2.65000000000768,71.957561404515));
#3482=CARTESIAN_POINT('Origin',(-41.8018329872012,-1.09875329997408,49.4575614045141));
#3483=CARTESIAN_POINT('Ctrl Pts',(-82.5254444417543,-16.1137134340214,43.9302680186911));
#3484=CARTESIAN_POINT('Ctrl Pts',(-82.8553808913202,-16.1362671261318,43.9915353993556));
#3485=CARTESIAN_POINT('Ctrl Pts',(-83.196328435671,-16.148753299974,44.0264013074451));
#3486=CARTESIAN_POINT('Ctrl Pts',(-83.5518323669405,-16.148753299974,44.0264013074451));
#3487=CARTESIAN_POINT('Ctrl Pts',(-83.9073082929335,-16.1487532999741,44.0264013074451));
#3488=CARTESIAN_POINT('Ctrl Pts',(-84.2482695292008,-16.1362681046225,43.9915380574308));
#3489=CARTESIAN_POINT('Ctrl Pts',(-84.5782202949576,-16.1137134338279,43.9302680181655));
#3490=CARTESIAN_POINT('Origin',(-91.8518329872015,-5.0987532999739,31.9575614045148));
#3491=CARTESIAN_POINT('',(-90.6518329872014,-5.09875329997399,38.9575614045149));
#3492=CARTESIAN_POINT('',(-91.8518329872014,-5.09875329997397,38.9575614045149));
#3493=CARTESIAN_POINT('',(-86.9597008000467,-5.09875329997399,38.9575614045148));
#3494=CARTESIAN_POINT('',(-91.8518329872013,-5.09875329997401,41.9575614045149));
#3495=CARTESIAN_POINT('',(-91.8518329872015,-5.0987532999739,31.9575614045148));
#3496=CARTESIAN_POINT('',(-90.6518329872013,-5.09875329997403,41.9575614045149));
#3497=CARTESIAN_POINT('',(-87.701832677071,-5.09875329997401,41.9575614045148));
#3498=CARTESIAN_POINT('',(-90.6518329872015,-5.09875329997392,31.9575614045149));
#3499=CARTESIAN_POINT('Origin',(-76.4518329872015,-5.0987532999739,31.9575614045146));
#3500=CARTESIAN_POINT('',(-75.2518329872014,-5.09875329997397,38.9575614045146));
#3501=CARTESIAN_POINT('',(-76.4518329872014,-5.09875329997397,38.9575614045146));
#3502=CARTESIAN_POINT('',(-79.2597008000467,-5.09875329997399,38.9575614045146));
#3503=CARTESIAN_POINT('',(-76.4518329872013,-5.09875329997401,41.9575614045146));
#3504=CARTESIAN_POINT('',(-76.4518329872015,-5.0987532999739,31.9575614045146));
#3505=CARTESIAN_POINT('',(-75.2518329872014,-5.09875329997401,41.9575614045146));
#3506=CARTESIAN_POINT('',(-80.0018326770709,-5.09875329997401,41.9575614045147));
#3507=CARTESIAN_POINT('',(-75.2518329872015,-5.0987532999739,31.9575614045146));
#3508=CARTESIAN_POINT('Origin',(-15.0287034882152,-3.53553390594039,71.2208876051373));
#3509=CARTESIAN_POINT('',(-15.0287034882152,-5.03553390594039,71.2208876051373));
#3510=CARTESIAN_POINT('Origin',(-15.0287034882152,-3.53553390594039,71.2208876051373));
#3511=CARTESIAN_POINT('Origin',(4.97129651178478,-3.53553390594037,71.2208876051369));
#3512=CARTESIAN_POINT('',(4.97129651178478,-5.03553390594037,71.2208876051369));
#3513=CARTESIAN_POINT('Origin',(4.97129651178474,-1.98553390594034,68.5362088534052));
#3514=CARTESIAN_POINT('',(1.47129651178474,-1.98553390594032,68.5362088534053));
#3515=CARTESIAN_POINT('',(1.47129651178474,-0.992766952973962,68.5362088534053));
#3516=CARTESIAN_POINT('',(4.97129651178474,-1.98553390594034,68.5362088534052));
#3517=CARTESIAN_POINT('Origin',(4.97129651178478,-0.435533905940382,71.220887605137));
#3518=CARTESIAN_POINT('',(1.47129651178478,-0.435533905940364,71.220887605137));
#3519=CARTESIAN_POINT('',(1.47129651178481,0.384373376920948,72.6410086765486));
#3520=CARTESIAN_POINT('',(4.97129651178478,-0.435533905940382,71.220887605137));
#3521=CARTESIAN_POINT('Origin',(4.97129651178483,-1.98553390594041,73.9055663568687));
#3522=CARTESIAN_POINT('',(1.47129651178483,-1.92155771231855,73.7947563390409));
#3523=CARTESIAN_POINT('Origin',(-66.0357034882165,-6.85673740008497E-12,
-0.243578488929028));
#3524=CARTESIAN_POINT('Origin',(-66.0357034882178,-7.65609797781508E-12,
-0.243578488929596));
#3525=CARTESIAN_POINT('',(-66.0357034882165,4.99999999999233,-0.243578488929539));
#3526=CARTESIAN_POINT('Origin',(-66.0357034882165,-7.65609797781508E-12,
-0.243578488929596));
#3527=CARTESIAN_POINT('',(-44.5357034882165,4.99999999999241,-0.243578488929921));
#3528=CARTESIAN_POINT('',(-66.0357034882178,4.99999999999233,-0.243578488929539));
#3529=CARTESIAN_POINT('Origin',(-44.5357034882165,-7.57150535212457E-12,
-0.243578488929979));
#3530=CARTESIAN_POINT('Origin',(-66.0357034882165,-6.85673740008497E-12,
-0.243578488929028));
#3531=CARTESIAN_POINT('',(-66.035703488216,3.24509834042082,101.34911680184));
#3532=CARTESIAN_POINT('',(-66.035703488216,-3.2450983404374,101.34911680184));
#3533=CARTESIAN_POINT('',(-66.0357034882169,43.2450983404213,61.3491168018405));
#3534=CARTESIAN_POINT('Origin',(-66.0357034882168,3.24509834042129,61.3491168018401));
#3535=CARTESIAN_POINT('',(-66.0357034882179,43.2450983404219,3.44940142618271));
#3536=CARTESIAN_POINT('',(-66.0357034882169,43.2450983404213,61.3491168018405));
#3537=CARTESIAN_POINT('',(-66.0357034882165,43.2450983404219,-0.894707912810311));
#3538=CARTESIAN_POINT('Origin',(-66.0357034882164,-101.013038889125,1.2773467567162));
#3539=CARTESIAN_POINT('Origin',(-66.0357034882165,-6.85673740008497E-12,
-0.243578488929028));
#3540=CARTESIAN_POINT('',(-66.0357034882158,13.4162068344963,38.9575614045146));
#3541=CARTESIAN_POINT('',(-66.0357034882158,-0.549376649990645,38.9575614045145));
#3542=CARTESIAN_POINT('',(-66.0357034882158,13.9162068344963,39.4575614045147));
#3543=CARTESIAN_POINT('Origin',(-66.0357034882158,13.4162068344963,39.4575614045147));
#3544=CARTESIAN_POINT('',(-66.0357034882151,13.9162068344958,77.9575614045146));
#3545=CARTESIAN_POINT('',(-66.0357034882161,13.9162068344965,19.3569914577929));
#3546=CARTESIAN_POINT('',(-66.0357034882151,-0.549376649991071,77.9575614045145));
#3547=CARTESIAN_POINT('Origin',(-91.8518329872016,2.90124670002609,31.9575614045149));
#3548=CARTESIAN_POINT('',(-91.8518329872014,2.90124670002601,38.957561404515));
#3549=CARTESIAN_POINT('',(-91.8518329872014,0.901246700026022,38.9575614045149));
#3550=CARTESIAN_POINT('',(-91.8518329872013,2.90124670002598,41.957561404515));
#3551=CARTESIAN_POINT('',(-91.8518329872016,2.90124670002609,31.9575614045149));
#3552=CARTESIAN_POINT('',(-91.8518329872014,0.901246700025986,41.957561404515));
#3553=CARTESIAN_POINT('Origin',(-83.5518323669406,-1.09875329997399,39.4575614045148));
#3554=CARTESIAN_POINT('',(-84.5782202859406,13.9162068344963,39.457561404515));
#3555=CARTESIAN_POINT('Origin',(-83.5518323669406,-1.09875329997399,39.4575614045148));
#3556=CARTESIAN_POINT('',(-84.5610064325701,13.4162068344963,38.9575614045149));
#3557=CARTESIAN_POINT('Ctrl Pts',(-84.5782202859405,13.9162068344963,39.457561404515));
#3558=CARTESIAN_POINT('Ctrl Pts',(-84.5782202859405,13.9162068344963,39.392489490651));
#3559=CARTESIAN_POINT('Ctrl Pts',(-84.5777868731284,13.903503822288,39.3280418396392));
#3560=CARTESIAN_POINT('Ctrl Pts',(-84.5760988036468,13.8541184181704,39.2076220128752));
#3561=CARTESIAN_POINT('Ctrl Pts',(-84.5748599638087,13.8179023306769,39.1528068929655));
#3562=CARTESIAN_POINT('Ctrl Pts',(-84.5717241287694,13.7264884369173,39.0601132297795));
#3563=CARTESIAN_POINT('Ctrl Pts',(-84.5698565620001,13.6721538916071,39.0231317813354));
#3564=CARTESIAN_POINT('Ctrl Pts',(-84.565690195373,13.551352724969,38.9716391619423));
#3565=CARTESIAN_POINT('Ctrl Pts',(-84.5634254797194,13.4858852910555,38.9580327103294));
#3566=CARTESIAN_POINT('Ctrl Pts',(-84.5610867120651,13.418519012227,38.957565414151));
#3567=CARTESIAN_POINT('Ctrl Pts',(-84.5610465735715,13.4173629250505,38.9575614045149));
#3568=CARTESIAN_POINT('Ctrl Pts',(-84.5610064325701,13.4162068344963,38.9575614045149));
#3569=CARTESIAN_POINT('Origin',(-83.5518323669406,-1.09875329997399,38.9575614045148));
#3570=CARTESIAN_POINT('Origin',(-83.5518323669405,-1.09875329997402,41.9575614045148));
#3571=CARTESIAN_POINT('',(-71.5518323669405,-1.09875329997402,41.9575614045146));
#3572=CARTESIAN_POINT('Origin',(-83.5518323669405,-1.09875329997402,41.9575614045148));
#3573=CARTESIAN_POINT('',(-76.4518329872014,2.901246700026,41.9575614045147));
#3574=CARTESIAN_POINT('',(-76.4518329872014,0.901246700025986,41.9575614045147));
#3575=CARTESIAN_POINT('',(-75.2518329872014,2.901246700026,41.9575614045146));
#3576=CARTESIAN_POINT('',(-79.4018326770709,2.90124670002598,41.9575614045147));
#3577=CARTESIAN_POINT('',(-75.2518329872014,-3.098753299974,41.9575614045146));
#3578=CARTESIAN_POINT('',(-90.6518329872014,2.90124670002598,41.9575614045149));
#3579=CARTESIAN_POINT('',(-90.6518329872013,-3.09875329997404,41.9575614045149));
#3580=CARTESIAN_POINT('',(-87.101832677071,2.90124670002598,41.9575614045149));
#3581=CARTESIAN_POINT('Origin',(-76.4518329872015,2.9012467000261,31.9575614045147));
#3582=CARTESIAN_POINT('',(-76.4518329872014,2.90124670002603,38.9575614045147));
#3583=CARTESIAN_POINT('',(-76.4518329872014,0.901246700026022,38.9575614045147));
#3584=CARTESIAN_POINT('',(-76.4518329872015,2.9012467000261,31.9575614045147));
#3585=CARTESIAN_POINT('Origin',(-59.5287034882165,-6.85673740008497E-12,
-0.24357848892915));
#3586=CARTESIAN_POINT('',(-50.7380092312118,-7.50000000000627,-37.6490927882944));
#3587=CARTESIAN_POINT('',(-50.738009231212,7.49999999999373,-37.6490927882942));
#3588=CARTESIAN_POINT('Origin',(-50.7380092312111,-7.46069872548105E-12,
-0.243578488929311));
#3589=CARTESIAN_POINT('',(-52.5357034882172,7.49999999999357,-37.6490927882942));
#3590=CARTESIAN_POINT('',(-59.5287034882172,7.49999999999357,-37.6490927882941));
#3591=CARTESIAN_POINT('',(-52.5357034882172,-7.50000000000643,-37.6490927882944));
#3592=CARTESIAN_POINT('Origin',(-52.5357034882165,-6.85673740008497E-12,
-0.243578488929292));
#3593=CARTESIAN_POINT('',(-59.5287034882172,-7.50000000000643,-37.6490927882942));
#3594=CARTESIAN_POINT('Origin',(-66.0357034882168,3.24509834042129,61.3491168018401));
#3595=CARTESIAN_POINT('',(-52.535703488216,3.2450983404209,101.34911680184));
#3596=CARTESIAN_POINT('',(-66.035703488216,3.24509834042082,101.34911680184));
#3597=CARTESIAN_POINT('',(-52.5357034882169,43.2450983404213,61.3491168018403));
#3598=CARTESIAN_POINT('Origin',(-52.5357034882167,3.24509834042134,61.3491168018399));
#3599=CARTESIAN_POINT('',(-66.0357034882169,43.2450983404213,61.3491168018405));
#3600=CARTESIAN_POINT('Origin',(-66.0357034882179,43.2450983404219,3.44940142618271));
#3601=CARTESIAN_POINT('',(-52.5357034882179,43.245098340422,3.44940142618245));
#3602=CARTESIAN_POINT('',(-52.5357034882169,43.2450983404213,61.3491168018403));
#3603=CARTESIAN_POINT('',(-75.0357034882164,43.2450983404219,3.44940142624458));
#3604=CARTESIAN_POINT('Origin',(-2.52870348821508,3.53553390592504,78.2919554170026));
#3605=CARTESIAN_POINT('',(-2.52870348821508,6.63553390592503,78.2919554170026));
#3606=CARTESIAN_POINT('',(-2.52870348821514,5.08553390592503,75.6072766652709));
#3607=CARTESIAN_POINT('',(-2.52870348821514,5.08553390592503,75.6072766652709));
#3608=CARTESIAN_POINT('',(-2.52870348821505,5.085533905925,80.9766341687344));
#3609=CARTESIAN_POINT('',(-2.52870348821508,6.63553390592503,78.2919554170026));
#3610=CARTESIAN_POINT('',(-2.52870348821505,1.98553390592501,80.9766341687343));
#3611=CARTESIAN_POINT('',(-2.52870348821505,5.085533905925,80.9766341687344));
#3612=CARTESIAN_POINT('',(-2.5287034882151,0.435533905925034,78.2919554170026));
#3613=CARTESIAN_POINT('',(-2.52870348821505,1.98553390592501,80.9766341687343));
#3614=CARTESIAN_POINT('',(-2.52870348821515,1.98553390592505,75.6072766652708));
#3615=CARTESIAN_POINT('',(-2.5287034882151,0.435533905925034,78.2919554170026));
#3616=CARTESIAN_POINT('',(-2.52870348821515,1.98553390592505,75.6072766652708));
#3617=CARTESIAN_POINT('',(-2.5287034882151,2.03553390592504,78.2919554170026));
#3618=CARTESIAN_POINT('Origin',(-2.52870348821508,3.53553390592502,78.2919554170026));
#3619=CARTESIAN_POINT('Origin',(4.97129651178486,5.08553390592503,75.6072766652707));
#3620=CARTESIAN_POINT('',(1.47129651178485,1.98553390592506,75.6072766652708));
#3621=CARTESIAN_POINT('',(1.47129651178487,5.08553390592505,75.6072766652708));
#3622=CARTESIAN_POINT('',(1.47129651178487,2.54276695295868,75.6072766652708));
#3623=CARTESIAN_POINT('',(4.97129651178486,5.08553390592503,75.6072766652707));
#3624=CARTESIAN_POINT('',(4.97129651178485,1.98553390592505,75.6072766652707));
#3625=CARTESIAN_POINT('Origin',(4.97129651178492,6.63553390592503,78.2919554170025));
#3626=CARTESIAN_POINT('',(1.47129651178492,6.63553390592504,78.2919554170026));
#3627=CARTESIAN_POINT('',(1.47129651178487,5.04062662306371,75.5294949697251));
#3628=CARTESIAN_POINT('',(4.97129651178492,6.63553390592503,78.2919554170025));
#3629=CARTESIAN_POINT('Origin',(4.97129651178495,5.085533905925,80.9766341687342));
#3630=CARTESIAN_POINT('',(1.47129651178496,5.08553390592501,80.9766341687343));
#3631=CARTESIAN_POINT('',(1.47129651178492,5.79655771230316,79.7451048106963));
#3632=CARTESIAN_POINT('',(4.97129651178495,5.085533905925,80.9766341687342));
#3633=CARTESIAN_POINT('Origin',(-73.7981365422922,13.4162068344963,39.4575614045148));
#3634=CARTESIAN_POINT('',(-73.7981365422922,13.9162068344963,39.4575614045148));
#3635=CARTESIAN_POINT('',(-73.7981365422922,13.4162068344963,38.9575614045148));
#3636=CARTESIAN_POINT('Origin',(-65.5287044716924,13.9162068344963,38.9575614045146));
#3637=CARTESIAN_POINT('',(-84.5782202949577,13.916206834188,43.9302680181657));
#3638=CARTESIAN_POINT('',(-84.5782202859405,13.9162068344963,38.9575614045149));
#3639=CARTESIAN_POINT('',(-82.5254444417543,13.9162068342848,43.9302680186914));
#3640=CARTESIAN_POINT('',(-41.8018329872013,13.9162068344962,43.9302680198395));
#3641=CARTESIAN_POINT('',(-82.52544444794,13.9162068344958,77.9575614045149));
#3642=CARTESIAN_POINT('',(-82.5254444479402,13.9162068344959,71.9575614045149));
#3643=CARTESIAN_POINT('',(-84.5782202859399,13.9162068344958,77.957561404515));
#3644=CARTESIAN_POINT('Origin',(-71.6022406925013,10.430244598122,77.9575614045147));
#3645=CARTESIAN_POINT('',(-70.3522406925013,10.430244598122,77.9575614045147));
#3646=CARTESIAN_POINT('Origin',(-71.6022406925013,10.430244598122,77.9575614045147));
#3647=CARTESIAN_POINT('',(-70.3522406925013,10.430244598122,75.9575614045147));
#3648=CARTESIAN_POINT('',(-70.3522406925013,10.430244598122,77.9575614045147));
#3649=CARTESIAN_POINT('Origin',(-71.6022406925013,10.430244598122,75.9575614045147));
#3650=CARTESIAN_POINT('Origin',(-71.6022406925013,10.430244598122,75.9575614045147));
#3651=CARTESIAN_POINT('Origin',(-97.4520093144864,1.6499999999923,72.9575614045151));
#3652=CARTESIAN_POINT('',(-98.1274746751193,2.6499999999923,72.9575614045151));
#3653=CARTESIAN_POINT('',(-98.348685251791,1.64999999999232,71.9575614045151));
#3654=CARTESIAN_POINT('Ctrl Pts',(-98.1274746751193,2.6499999999923,72.9575614045151));
#3655=CARTESIAN_POINT('Ctrl Pts',(-98.1274746751193,2.6499999999923,72.8312221853934));
#3656=CARTESIAN_POINT('Ctrl Pts',(-98.1340837138482,2.62458298638332,72.6968372041669));
#3657=CARTESIAN_POINT('Ctrl Pts',(-98.1598477911355,2.52218204751966,72.4505233307859));
#3658=CARTESIAN_POINT('Ctrl Pts',(-98.1788935781251,2.44522429948928,72.3385721416389));
#3659=CARTESIAN_POINT('Ctrl Pts',(-98.2207005371628,2.26802323196654,72.1613710741162));
#3660=CARTESIAN_POINT('Ctrl Pts',(-98.2463186691638,2.15553822421004,72.0845306770842));
#3661=CARTESIAN_POINT('Ctrl Pts',(-98.2986899987244,1.90932432492803,71.9826242531931));
#3662=CARTESIAN_POINT('Ctrl Pts',(-98.3253575096402,1.77557589970814,71.9575614045151));
#3663=CARTESIAN_POINT('Ctrl Pts',(-98.348685251791,1.64999999999231,71.9575614045151));
#3664=CARTESIAN_POINT('',(-95.2327721962484,1.64999999999234,71.957561404515));
#3665=CARTESIAN_POINT('',(-97.4520093144865,1.64999999999234,71.957561404515));
#3666=CARTESIAN_POINT('',(-94.9512555407672,2.6499999999923,72.957561404515));
#3667=CARTESIAN_POINT('Ctrl Pts',(-95.2327721962484,1.64999999999233,71.957561404515));
#3668=CARTESIAN_POINT('Ctrl Pts',(-95.2029296380909,1.77681717423408,71.957561404515));
#3669=CARTESIAN_POINT('Ctrl Pts',(-95.1687948079094,1.91167537793957,71.9830957290404));
#3670=CARTESIAN_POINT('Ctrl Pts',(-95.1016968084762,2.15964025567475,72.0867433095851));
#3671=CARTESIAN_POINT('Ctrl Pts',(-95.0688415024639,2.27277924826316,72.1648490435401));
#3672=CARTESIAN_POINT('Ctrl Pts',(-95.0159152520212,2.44848723177151,72.3431409393073));
#3673=CARTESIAN_POINT('Ctrl Pts',(-94.9920124887288,2.52410196828915,72.4541548700925));
#3674=CARTESIAN_POINT('Ctrl Pts',(-94.9596086689768,2.62487952165692,72.6985589609081));
#3675=CARTESIAN_POINT('Ctrl Pts',(-94.9512555407672,2.6499999999923,72.8319861659418));
#3676=CARTESIAN_POINT('Ctrl Pts',(-94.9512555407672,2.6499999999923,72.957561404515));
#3677=CARTESIAN_POINT('',(-97.4520093144864,2.64999999999231,72.9575614045151));
#3678=CARTESIAN_POINT('Origin',(-90.8396535210296,4.64999999999227,75.957561404515));
#3679=CARTESIAN_POINT('',(-97.4606186366372,4.64999999999225,77.9575614045151));
#3680=CARTESIAN_POINT('',(-98.1274746751193,2.64999999999226,75.9575614045151));
#3681=CARTESIAN_POINT('Ctrl Pts',(-97.4606186366372,4.64999999999225,77.9575614045151));
#3682=CARTESIAN_POINT('Ctrl Pts',(-97.5626932944985,4.40303608874685,77.9575614045151));
#3683=CARTESIAN_POINT('Ctrl Pts',(-97.6648759240328,4.13521770170679,77.9089529328));
#3684=CARTESIAN_POINT('Ctrl Pts',(-97.8400638552583,3.63610591030477,77.7025395142472));
#3685=CARTESIAN_POINT('Ctrl Pts',(-97.9134142483854,3.40502322112966,77.5445181958016));
#3686=CARTESIAN_POINT('Ctrl Pts',(-98.0196051219595,3.05070455145966,77.1831485740046));
#3687=CARTESIAN_POINT('Ctrl Pts',(-98.0612083331079,2.90015516783239,76.9613457076169));
#3688=CARTESIAN_POINT('Ctrl Pts',(-98.1149507150086,2.6997784755728,76.4734839668679));
#3689=CARTESIAN_POINT('Ctrl Pts',(-98.1274746751193,2.64999999999226,76.2074475009635));
#3690=CARTESIAN_POINT('Ctrl Pts',(-98.1274746751193,2.64999999999227,75.9575614045151));
#3691=CARTESIAN_POINT('',(-94.9512555407671,2.64999999999226,75.957561404515));
#3692=CARTESIAN_POINT('',(-90.8396535210296,2.64999999999228,75.9575614045149));
#3693=CARTESIAN_POINT('',(-94.0852000855816,4.64999999999227,77.957561404515));
#3694=CARTESIAN_POINT('Ctrl Pts',(-94.9512555407671,2.64999999999227,75.957561404515));
#3695=CARTESIAN_POINT('Ctrl Pts',(-94.9512555407671,2.64999999999227,76.2066276895821));
#3696=CARTESIAN_POINT('Ctrl Pts',(-94.9353386111304,2.69950210789228,76.4714782923664));
#3697=CARTESIAN_POINT('Ctrl Pts',(-94.8673418172351,2.8975205596322,76.9562445547728));
#3698=CARTESIAN_POINT('Ctrl Pts',(-94.8147632464761,3.04594874360635,77.1761261411216));
#3699=CARTESIAN_POINT('Ctrl Pts',(-94.6783773216639,3.40014380770116,77.541851276789));
#3700=CARTESIAN_POINT('Ctrl Pts',(-94.5820121019617,3.63533678672281,77.7024149000784));
#3701=CARTESIAN_POINT('Ctrl Pts',(-94.3522247972919,4.13842127396221,77.9100834028289));
#3702=CARTESIAN_POINT('Ctrl Pts',(-94.2183846587249,4.40596759676186,77.957561404515));
#3703=CARTESIAN_POINT('Ctrl Pts',(-94.0852000855815,4.64999999999225,77.957561404515));
#3704=CARTESIAN_POINT('',(-90.8396535210296,4.64999999999227,77.957561404515));
#3705=CARTESIAN_POINT('Origin',(-98.1274746751192,2.64999999999224,77.9575614045151));
#3706=CARTESIAN_POINT('',(-94.9512555407672,2.64999999999231,71.957561404515));
#3707=CARTESIAN_POINT('',(-98.1274746751193,2.64999999999231,71.9575614045151));
#3708=CARTESIAN_POINT('Origin',(-41.8018329872012,-1.09875329997408,49.4575614045141));
#3709=CARTESIAN_POINT('Ctrl Pts',(-84.5782202949577,13.9162068338798,43.9302680181657));
#3710=CARTESIAN_POINT('Ctrl Pts',(-84.2482695292009,13.9387615046744,43.9915380574311));
#3711=CARTESIAN_POINT('Ctrl Pts',(-83.9073082929335,13.9512467000259,44.0264013074454));
#3712=CARTESIAN_POINT('Ctrl Pts',(-83.1963284296589,13.9512467000259,44.0264013074454));
#3713=CARTESIAN_POINT('Ctrl Pts',(-82.8553808880704,13.9387605259616,43.9915353987524));
#3714=CARTESIAN_POINT('Ctrl Pts',(-82.5254444417543,13.9162068340733,43.9302680186914));
#3715=CARTESIAN_POINT('Origin',(-90.6518329872015,2.90124670002609,31.957561404515));
#3716=CARTESIAN_POINT('',(-90.6518329872014,2.901246700026,38.9575614045149));
#3717=CARTESIAN_POINT('',(-86.3597008000467,2.90124670002601,38.9575614045149));
#3718=CARTESIAN_POINT('',(-90.6518329872015,2.90124670002609,31.957561404515));
#3719=CARTESIAN_POINT('Origin',(-75.2518329872015,2.9012467000261,31.9575614045147));
#3720=CARTESIAN_POINT('',(-75.2518329872014,2.90124670002603,38.9575614045147));
#3721=CARTESIAN_POINT('',(-78.6597008000467,2.90124670002603,38.9575614045147));
#3722=CARTESIAN_POINT('',(-75.2518329872015,2.9012467000261,31.9575614045147));
#3723=CARTESIAN_POINT('Origin',(-15.0287034882151,3.53553390592502,78.2919554170029));
#3724=CARTESIAN_POINT('',(-15.0287034882151,2.03553390592502,78.2919554170028));
#3725=CARTESIAN_POINT('Origin',(-15.0287034882151,3.53553390592502,78.2919554170029));
#3726=CARTESIAN_POINT('Origin',(4.97129651178492,3.53553390592502,78.2919554170025));
#3727=CARTESIAN_POINT('',(4.97129651178492,2.03553390592502,78.2919554170025));
#3728=CARTESIAN_POINT('Origin',(4.97129651178495,1.98553390592501,80.9766341687342));
#3729=CARTESIAN_POINT('',(1.47129651178496,1.98553390592501,80.9766341687343));
#3730=CARTESIAN_POINT('',(1.47129651178496,0.99276695295865,80.9766341687343));
#3731=CARTESIAN_POINT('',(4.97129651178495,1.98553390592501,80.9766341687342));
#3732=CARTESIAN_POINT('Origin',(4.9712965117849,0.435533905925034,78.2919554170024));
#3733=CARTESIAN_POINT('',(1.4712965117849,0.435533905925052,78.2919554170025));
#3734=CARTESIAN_POINT('',(1.47129651178487,-0.384373376936278,76.8718343455909));
#3735=CARTESIAN_POINT('',(4.9712965117849,0.435533905925034,78.2919554170024));
#3736=CARTESIAN_POINT('Origin',(4.97129651178485,1.98553390592505,75.6072766652707));
#3737=CARTESIAN_POINT('',(1.47129651178485,1.92155771230322,75.7180866830987));
#3738=CARTESIAN_POINT('Origin',(-75.0357034882164,-101.013038889125,1.27734675671635));
#3739=CARTESIAN_POINT('',(-52.5357034882165,43.2450983404219,-0.894707912810557));
#3740=CARTESIAN_POINT('Origin',(-52.5357034882164,-101.013038889125,1.27734675671596));
#3741=CARTESIAN_POINT('',(-75.0357034882165,43.2450983404219,-0.894707912810159));
#3742=CARTESIAN_POINT('Origin',(-59.5287034882165,-6.85673740008497E-12,
-0.24357848892915));
#3743=CARTESIAN_POINT('',(-44.5357034882171,-7.50000000000642,-37.6490927882945));
#3744=CARTESIAN_POINT('',(-44.5357034882172,7.49999999999359,-37.6490927882943));
#3745=CARTESIAN_POINT('Origin',(-44.5357034882165,-6.85029928537483E-12,
-0.243578488929416));
#3746=CARTESIAN_POINT('',(-44.7357026670018,7.49999999999337,-37.6490927882943));
#3747=CARTESIAN_POINT('',(-59.5287034882172,7.49999999999357,-37.6490927882941));
#3748=CARTESIAN_POINT('',(-44.735702667002,-7.50000000000663,-37.6490927882945));
#3749=CARTESIAN_POINT('Origin',(-44.7357026670012,-1.72306613421824E-12,
-0.243578488929413));
#3750=CARTESIAN_POINT('',(-59.5287034882172,-7.50000000000643,-37.6490927882942));
#3751=CARTESIAN_POINT('Origin',(-43.0357034882169,-4.13891143580258E-12,
-0.243580816505942));
#3752=CARTESIAN_POINT('',(-52.5357034882174,-3.38812175609989E-12,-38.393580816505));
#3753=CARTESIAN_POINT('Origin',(-52.5357034882158,-4.10338429901458E-12,
-0.243580816505557));
#3754=CARTESIAN_POINT('',(-44.5357034882171,-3.42617028510063E-12,-38.3935808165053));
#3755=CARTESIAN_POINT('',(-43.0357034882184,-3.43330438428826E-12,-38.3935808165054));
#3756=CARTESIAN_POINT('Origin',(-44.5357034882165,-4.13177733661495E-12,
-0.243580816505882));
#3757=CARTESIAN_POINT('Origin',(-44.5357034882165,-4.13177733661495E-12,
-0.243580816505882));
#3758=CARTESIAN_POINT('Origin',(-52.5357034882158,-4.10338429901458E-12,
-0.243580816505557));
#3759=CARTESIAN_POINT('Origin',(-44.5357034882165,-6.84008405471559E-12,
-0.24357848892942));
#3760=CARTESIAN_POINT('Origin',(-59.5287034882165,-6.85673740008497E-12,
-0.24357848892915));
#3761=CARTESIAN_POINT('Origin',(-52.5357034882165,-6.85673740008497E-12,
-0.243578488929292));
#3762=CARTESIAN_POINT('Origin',(-52.535703488217,-6.51922960059892E-12,
-29.9733112826582));
#3763=CARTESIAN_POINT('',(-52.535703488216,-3.24509834043734,101.34911680184));
#3764=CARTESIAN_POINT('',(-52.5357034882151,-10.0000000000077,74.7564215110706));
#3765=CARTESIAN_POINT('Origin',(-52.5357034882151,-7.69162511460308E-12,
74.7564215110707));
#3766=CARTESIAN_POINT('Origin',(1.47129651178485,-7.65609797781508E-12,
74.7564215110698));
#3767=CARTESIAN_POINT('',(1.47129651178485,-10.0000000000077,74.7564215110696));
#3768=CARTESIAN_POINT('Origin',(1.47129651178485,-7.65609797781508E-12,
74.7564215110698));
#3769=CARTESIAN_POINT('Origin',(-52.5357034882151,-7.69162511460308E-12,
74.7564215110707));
#3770=CARTESIAN_POINT('',(-52.5357034882151,-10.0000000000077,74.7564215110706));
#3771=CARTESIAN_POINT('Origin',(-66.035703488216,3.24509834042082,101.34911680184));
#3772=CARTESIAN_POINT('Origin',(-83.5518323669399,-1.09875329997442,77.9575614045148));
#3773=CARTESIAN_POINT('Origin',(-83.5518323669399,-1.09875329997442,77.9575614045148));
#3774=CARTESIAN_POINT('',(-71.5518323669399,-1.09875329997443,77.9575614045146));
#3775=CARTESIAN_POINT('Origin',(-83.5518323669399,-1.09875329997442,77.9575614045148));
#3776=CARTESIAN_POINT('Origin',(-83.5518323669399,-1.09875329997442,77.9575614045148));
#3777=CARTESIAN_POINT('Origin',(-83.5518323669399,-1.09875329997442,77.9575614045148));
#3778=CARTESIAN_POINT('Origin',(-83.55183236694,-1.09875329997436,71.9575614045148));
#3779=CARTESIAN_POINT('Origin',(-83.55183236694,-1.09875329997436,71.9575614045148));
#3780=CARTESIAN_POINT('',(-71.55183236694,-1.09875329997436,71.9575614045146));
#3781=CARTESIAN_POINT('Origin',(-82.067568612892,-1.09875329997397,38.9575614045148));
#3782=CARTESIAN_POINT('',(-90.6518329872014,-3.098753299974,38.9575614045149));
#3783=CARTESIAN_POINT('',(-75.2518329872014,-3.09875329997398,38.9575614045146));
#3784=CARTESIAN_POINT('Origin',(-75.2518329872015,-5.0987532999739,31.9575614045146));
#3785=CARTESIAN_POINT('Origin',(-96.7765439538536,-7.67386154620908E-12,
71.957561404515));
#3786=CARTESIAN_POINT('Origin',(-83.55183236694,-1.09875329997436,71.9575614045148));
#3787=CARTESIAN_POINT('Origin',(-83.55183236694,-1.09875329997436,71.9575614045148));
#3788=CARTESIAN_POINT('Origin',(-90.6518329872015,-5.09875329997392,31.9575614045149));
#3789=CARTESIAN_POINT('',(39.7103803407851,37.118437145737,227.476866781964));
#3790=UNCERTAINTY_MEASURE_WITH_UNIT(LENGTH_MEASURE(0.01),#3796,
'DISTANCE_ACCURACY_VALUE',
'Maximum model space distance between geometric entities at asserted c
onnectivities');
#3791=UNCERTAINTY_MEASURE_WITH_UNIT(LENGTH_MEASURE(0.01),#3796,
'DISTANCE_ACCURACY_VALUE',
'Maximum model space distance between geometric entities at asserted c
onnectivities');
#3792=UNCERTAINTY_MEASURE_WITH_UNIT(LENGTH_MEASURE(0.01),#3796,
'DISTANCE_ACCURACY_VALUE',
'Maximum model space distance between geometric entities at asserted c
onnectivities');
#3793=(
GEOMETRIC_REPRESENTATION_CONTEXT(3)
GLOBAL_UNCERTAINTY_ASSIGNED_CONTEXT((#3790))
GLOBAL_UNIT_ASSIGNED_CONTEXT((#3796,#3797,#3798))
REPRESENTATION_CONTEXT('','3D')
);
#3794=(
GEOMETRIC_REPRESENTATION_CONTEXT(3)
GLOBAL_UNCERTAINTY_ASSIGNED_CONTEXT((#3791))
GLOBAL_UNIT_ASSIGNED_CONTEXT((#3796,#3797,#3798))
REPRESENTATION_CONTEXT('','3D')
);
#3795=(
GEOMETRIC_REPRESENTATION_CONTEXT(3)
GLOBAL_UNCERTAINTY_ASSIGNED_CONTEXT((#3792))
GLOBAL_UNIT_ASSIGNED_CONTEXT((#3796,#3797,#3798))
REPRESENTATION_CONTEXT('','3D')
);
#3796=(
LENGTH_UNIT()
NAMED_UNIT(*)
SI_UNIT(.MILLI.,.METRE.)
);
#3797=(
NAMED_UNIT(*)
PLANE_ANGLE_UNIT()
SI_UNIT($,.RADIAN.)
);
#3798=(
NAMED_UNIT(*)
SI_UNIT($,.STERADIAN.)
SOLID_ANGLE_UNIT()
);
#3799=SHAPE_DEFINITION_REPRESENTATION(#3801,#3804);
#3800=SHAPE_DEFINITION_REPRESENTATION(#3802,#3805);
#3801=PRODUCT_DEFINITION_SHAPE('',$,#3807);
#3802=PRODUCT_DEFINITION_SHAPE('',$,#3808);
#3803=PRODUCT_DEFINITION_SHAPE($,$,#14);
#3804=SHAPE_REPRESENTATION('',(#2145,#2287),#3793);
#3805=SHAPE_REPRESENTATION('',(#2146),#3794);
#3806=PRODUCT_DEFINITION_CONTEXT('part definition',#3814,'design');
#3807=PRODUCT_DEFINITION('DSSERVO 80 kg','c_base v40',#3809,#3806);
#3808=PRODUCT_DEFINITION('link3 v28','link3 v28',#3810,#3806);
#3809=PRODUCT_DEFINITION_FORMATION('',$,#3816);
#3810=PRODUCT_DEFINITION_FORMATION('',$,#3817);
#3811=PRODUCT_RELATED_PRODUCT_CATEGORY('c_base v40','c_base v40',(#3816));
#3812=PRODUCT_RELATED_PRODUCT_CATEGORY('link3 v28','link3 v28',(#3817));
#3813=APPLICATION_PROTOCOL_DEFINITION('international standard',
'automotive_design',2009,#3814);
#3814=APPLICATION_CONTEXT(
'Core Data for Automotive Mechanical Design Process');
#3815=PRODUCT_CONTEXT('part definition',#3814,'mechanical');
#3816=PRODUCT('DSSERVO 80 kg','c_base v40','STEP AP203',(#3815));
#3817=PRODUCT('link3 v28','link3 v28',$,(#3815));
#3818=PRESENTATION_STYLE_ASSIGNMENT((#3819));
#3819=SURFACE_STYLE_USAGE(.BOTH.,#3820);
#3820=SURFACE_SIDE_STYLE('',(#3821));
#3821=SURFACE_STYLE_FILL_AREA(#3822);
#3822=FILL_AREA_STYLE('Steel - Satin',(#3823));
#3823=FILL_AREA_STYLE_COLOUR('Steel - Satin',#3824);
#3824=COLOUR_RGB('Steel - Satin',0.627450980392157,0.627450980392157,0.627450980392157);
ENDSEC;
END-ISO-10303-21;
