ISO-10303-21;
HEADER;
/* Generated by software containing ST-Developer
 * from STEP Tools, Inc. (www.steptools.com) 
 */

FILE_DESCRIPTION(
/* description */ ('STEP AP203'),
/* implementation_level */ '2;1');

FILE_NAME(
/* name */ 'Link2.1.step',
/* time_stamp */ '2025-12-11T15:23:23+05:30',
/* author */ (''),
/* organization */ (''),
/* preprocessor_version */ 'ST-DEVELOPER v20.1',
/* originating_system */ 'Autodesk Translation Framework v14.21.0.0',
/* authorisation */ '');

FILE_SCHEMA (('AUTOMOTIVE_DESIGN { 1 0 10303 214 3 1 1 }'));
ENDSEC;

DATA;
#10=MECHANICAL_DESIGN_GEOMETRIC_PRESENTATION_REPRESENTATION('',(#17),#5031);
#11=ITEM_DEFINED_TRANSFORMATION($,$,#2693,#2876);
#12=(
REPRESENTATION_RELATIONSHIP($,$,#5041,#5040)
REPRESENTATION_RELATIONSHIP_WITH_TRANSFORMATION(#11)
SHAPE_REPRESENTATION_RELATIONSHIP()
);
#13=CONTEXT_DEPENDENT_SHAPE_REPRESENTATION(#12,#5039);
#14=NEXT_ASSEMBLY_USAGE_OCCURRENCE('link3 v28:1','link3 v28:1',
'link3 v28:1',#5043,#5044,'link3 v28:1');
#15=SHAPE_REPRESENTATION_RELATIONSHIP('SRR','None',#5041,#16);
#16=ADVANCED_BREP_SHAPE_REPRESENTATION('',(#18),#5030);
#17=STYLED_ITEM('',(#5054),#18);
#18=MANIFOLD_SOLID_BREP('Body21',#2691);
#19=FACE_BOUND('',#943,.T.);
#20=FACE_BOUND('',#997,.T.);
#21=FACE_BOUND('',#1005,.T.);
#22=FACE_BOUND('',#1013,.T.);
#23=FACE_BOUND('',#1019,.T.);
#24=FACE_BOUND('',#1025,.T.);
#25=FACE_BOUND('',#1031,.T.);
#26=FACE_BOUND('',#1039,.T.);
#27=FACE_BOUND('',#1047,.T.);
#28=FACE_BOUND('',#1055,.T.);
#29=FACE_BOUND('',#1056,.T.);
#30=FACE_BOUND('',#1057,.T.);
#31=FACE_BOUND('',#1058,.T.);
#32=FACE_BOUND('',#1059,.T.);
#33=FACE_BOUND('',#1060,.T.);
#34=FACE_BOUND('',#1061,.T.);
#35=FACE_BOUND('',#1062,.T.);
#36=FACE_BOUND('',#1063,.T.);
#37=FACE_BOUND('',#1064,.T.);
#38=FACE_BOUND('',#1065,.T.);
#39=FACE_BOUND('',#1066,.T.);
#40=FACE_BOUND('',#1080,.T.);
#41=FACE_BOUND('',#1081,.T.);
#42=FACE_BOUND('',#1082,.T.);
#43=FACE_BOUND('',#1083,.T.);
#44=FACE_BOUND('',#1084,.T.);
#45=FACE_BOUND('',#1085,.T.);
#46=FACE_BOUND('',#1086,.T.);
#47=FACE_BOUND('',#1087,.T.);
#48=FACE_BOUND('',#1090,.T.);
#49=FACE_BOUND('',#1091,.T.);
#50=FACE_BOUND('',#1095,.T.);
#51=FACE_BOUND('',#1096,.T.);
#52=FACE_BOUND('',#1097,.T.);
#53=FACE_BOUND('',#1099,.T.);
#54=FACE_BOUND('',#1101,.T.);
#55=B_SPLINE_CURVE_WITH_KNOTS('',3,(#3584,#3585,#3586,#3587,#3588,#3589,
#3590,#3591,#3592,#3593,#3594,#3595,#3596,#3597,#3598,#3599,#3600,#3601,
#3602),.UNSPECIFIED.,.F.,.F.,(4,3,3,3,3,3,4),(-0.286386564186103,-0.256756313079592,
-0.227127226977715,-0.173428068373325,-0.117671830405774,-0.0598613408281031,
0.),.UNSPECIFIED.);
#56=B_SPLINE_CURVE_WITH_KNOTS('',3,(#3606,#3607,#3608,#3609,#3610,#3611,
#3612,#3613,#3614,#3615,#3616,#3617,#3618,#3619,#3620,#3621,#3622,#3623,
#3624),.UNSPECIFIED.,.F.,.F.,(4,3,3,3,3,3,4),(0.,0.0598613408281031,0.117671830405774,
0.173428068373325,0.227127226977715,0.256756313079592,0.286386564186103),
 .UNSPECIFIED.);
#57=B_SPLINE_CURVE_WITH_KNOTS('',3,(#3656,#3657,#3658,#3659,#3660,#3661,
#3662,#3663,#3664,#3665,#3666,#3667,#3668,#3669,#3670,#3671,#3672,#3673,
#3674),.UNSPECIFIED.,.F.,.F.,(4,3,3,3,3,3,4),(-0.286386564186147,-0.256756313079654,
-0.227127226977787,-0.173428068373398,-0.117671830405816,-0.0598613408281506,
0.),.UNSPECIFIED.);
#58=B_SPLINE_CURVE_WITH_KNOTS('',3,(#3678,#3679,#3680,#3681,#3682,#3683,
#3684,#3685,#3686,#3687,#3688,#3689,#3690,#3691,#3692,#3693,#3694,#3695,
#3696),.UNSPECIFIED.,.F.,.F.,(4,3,3,3,3,3,4),(0.,0.0598613408281506,0.117671830405816,
0.173428068373398,0.227127226977787,0.256756313079654,0.286386564186147),
 .UNSPECIFIED.);
#59=B_SPLINE_CURVE_WITH_KNOTS('',3,(#3750,#3751,#3752,#3753,#3754,#3755,
#3756,#3757,#3758,#3759,#3760,#3761,#3762,#3763,#3764,#3765,#3766,#3767,
#3768),.UNSPECIFIED.,.F.,.F.,(4,3,3,3,3,3,4),(0.,0.0590386873266606,0.116033429854767,
0.17098340798687,0.223887839039613,0.255505160536067,0.28634738033224),
 .UNSPECIFIED.);
#60=B_SPLINE_CURVE_WITH_KNOTS('',3,(#3801,#3802,#3803,#3804,#3805,#3806,
#3807,#3808,#3809,#3810,#3811,#3812,#3813,#3814,#3815,#3816,#3817,#3818,
#3819),.UNSPECIFIED.,.F.,.F.,(4,3,3,3,3,3,4),(0.,0.0590386873266652,0.116033429854775,
0.170983407986881,0.223887839039629,0.255505160536087,0.286347380332265),
 .UNSPECIFIED.);
#61=B_SPLINE_CURVE_WITH_KNOTS('',3,(#3868,#3869,#3870,#3871,#3872),
 .UNSPECIFIED.,.F.,.F.,(4,1,4),(0.,0.00896637111268175,0.0221704092307496),
 .UNSPECIFIED.);
#62=B_SPLINE_CURVE_WITH_KNOTS('',3,(#3874,#3875,#3876,#3877,#3878),
 .UNSPECIFIED.,.F.,.F.,(4,1,4),(0.,0.0102095388460498,0.0198600737687089),
 .UNSPECIFIED.);
#63=B_SPLINE_CURVE_WITH_KNOTS('',3,(#3880,#3881,#3882,#3883,#3884),
 .UNSPECIFIED.,.F.,.F.,(4,1,4),(0.,0.0161874883700472,0.0285217700465751),
 .UNSPECIFIED.);
#64=B_SPLINE_CURVE_WITH_KNOTS('',3,(#3886,#3887,#3888,#3889,#3890),
 .UNSPECIFIED.,.F.,.F.,(4,1,4),(0.,0.0286336831656569,0.0503064924741998),
 .UNSPECIFIED.);
#65=B_SPLINE_CURVE_WITH_KNOTS('',3,(#3898,#3899,#3900,#3901,#3902),
 .UNSPECIFIED.,.F.,.F.,(4,1,4),(0.,0.0246821909191176,0.0518503338859441),
 .UNSPECIFIED.);
#66=B_SPLINE_CURVE_WITH_KNOTS('',3,(#3904,#3905,#3906,#3907,#3908),
 .UNSPECIFIED.,.F.,.F.,(4,1,4),(0.,0.0157726234660886,0.0282867493324553),
 .UNSPECIFIED.);
#67=B_SPLINE_CURVE_WITH_KNOTS('',3,(#3910,#3911,#3912,#3913,#3914),
 .UNSPECIFIED.,.F.,.F.,(4,1,4),(0.,0.0318135763828084,0.070654214296),
 .UNSPECIFIED.);
#68=B_SPLINE_CURVE_WITH_KNOTS('',3,(#3916,#3917,#3918,#3919,#3920),
 .UNSPECIFIED.,.F.,.F.,(4,1,4),(0.,0.0298671314321522,0.0587773968245879),
 .UNSPECIFIED.);
#69=B_SPLINE_CURVE_WITH_KNOTS('',3,(#3922,#3923,#3924,#3925,#3926),
 .UNSPECIFIED.,.F.,.F.,(4,1,4),(0.,0.0234849746522215,0.047376589082877),
 .UNSPECIFIED.);
#70=B_SPLINE_CURVE_WITH_KNOTS('',3,(#3928,#3929,#3930,#3931,#3932),
 .UNSPECIFIED.,.F.,.F.,(4,1,4),(0.,0.0218512824106546,0.0445286393495414),
 .UNSPECIFIED.);
#71=B_SPLINE_CURVE_WITH_KNOTS('',3,(#3934,#3935,#3936,#3937,#3938),
 .UNSPECIFIED.,.F.,.F.,(4,1,4),(0.,0.0353579302483802,0.0617459163595547),
 .UNSPECIFIED.);
#72=B_SPLINE_CURVE_WITH_KNOTS('',3,(#3948,#3949,#3950,#3951,#3952),
 .UNSPECIFIED.,.F.,.F.,(4,1,4),(0.,0.0224235044111401,0.0515057916199623),
 .UNSPECIFIED.);
#73=B_SPLINE_CURVE_WITH_KNOTS('',3,(#3954,#3955,#3956,#3957,#3958),
 .UNSPECIFIED.,.F.,.F.,(4,1,4),(0.,0.0197704949916039,0.0392062737764663),
 .UNSPECIFIED.);
#74=B_SPLINE_CURVE_WITH_KNOTS('',3,(#3960,#3961,#3962,#3963,#3964),
 .UNSPECIFIED.,.F.,.F.,(4,1,4),(0.,0.0142372410360317,0.0283709089818986),
 .UNSPECIFIED.);
#75=B_SPLINE_CURVE_WITH_KNOTS('',3,(#3966,#3967,#3968,#3969,#3970),
 .UNSPECIFIED.,.F.,.F.,(4,1,4),(0.,0.0153602695356897,0.0298795714828645),
 .UNSPECIFIED.);
#76=B_SPLINE_CURVE_WITH_KNOTS('',3,(#3972,#3973,#3974,#3975,#3976),
 .UNSPECIFIED.,.F.,.F.,(4,1,4),(0.,0.0242904513230537,0.0430856164294875),
 .UNSPECIFIED.);
#77=B_SPLINE_CURVE_WITH_KNOTS('',3,(#3987,#3988,#3989,#3990,#3991,#3992,
#3993),.UNSPECIFIED.,.F.,.F.,(4,3,4),(-0.043866942648424,-0.0247309409356269,
0.),.UNSPECIFIED.);
#78=B_SPLINE_CURVE_WITH_KNOTS('',3,(#3995,#3996,#3997,#3998,#3999,#4000,
#4001),.UNSPECIFIED.,.F.,.F.,(4,3,4),(-0.0304229771495654,-0.0156396195093844,
-3.46944695195361E-18),.UNSPECIFIED.);
#79=B_SPLINE_CURVE_WITH_KNOTS('',3,(#4003,#4004,#4005,#4006,#4007,#4008,
#4009),.UNSPECIFIED.,.F.,.F.,(4,3,4),(-0.0287464580389323,-0.0144257010691331,
0.),.UNSPECIFIED.);
#80=B_SPLINE_CURVE_WITH_KNOTS('',3,(#4011,#4012,#4013,#4014,#4015,#4016,
#4017),.UNSPECIFIED.,.F.,.F.,(4,3,4),(-0.040381832619706,-0.0203632924697604,
0.),.UNSPECIFIED.);
#81=B_SPLINE_CURVE_WITH_KNOTS('',3,(#4018,#4019,#4020,#4021,#4022,#4023,
#4024),.UNSPECIFIED.,.F.,.F.,(4,3,4),(-0.0587235864353331,-0.0255658355702334,
6.93889390390723E-18),.UNSPECIFIED.);
#82=B_SPLINE_CURVE_WITH_KNOTS('',3,(#4055,#4056,#4057,#4058,#4059,#4060,
#4061),.UNSPECIFIED.,.F.,.F.,(4,3,4),(-0.0286878621024002,-0.0159962829828971,
0.),.UNSPECIFIED.);
#83=B_SPLINE_CURVE_WITH_KNOTS('',3,(#4075,#4076,#4077,#4078,#4079,#4080,
#4081),.UNSPECIFIED.,.F.,.F.,(4,3,4),(-0.0798339173627204,-0.0359469347053726,
0.),.UNSPECIFIED.);
#84=B_SPLINE_CURVE_WITH_KNOTS('',3,(#4094,#4095,#4096,#4097,#4098,#4099,
#4100),.UNSPECIFIED.,.F.,.F.,(4,3,4),(-0.0601968837919261,-0.0305884291777166,
-6.93889390390723E-18),.UNSPECIFIED.);
#85=B_SPLINE_CURVE_WITH_KNOTS('',3,(#4113,#4114,#4115,#4116,#4117,#4118,
#4119),.UNSPECIFIED.,.F.,.F.,(4,3,4),(-0.0487249512753136,-0.0241533691593902,
0.),.UNSPECIFIED.);
#86=B_SPLINE_CURVE_WITH_KNOTS('',3,(#4132,#4133,#4134,#4135,#4136,#4137,
#4138),.UNSPECIFIED.,.F.,.F.,(4,3,4),(-0.0467970352284766,-0.0229644392394695,
-6.93889390390723E-18),.UNSPECIFIED.);
#87=B_SPLINE_CURVE_WITH_KNOTS('',3,(#4151,#4152,#4153,#4154,#4155,#4156,
#4157),.UNSPECIFIED.,.F.,.F.,(4,3,4),(-0.0631061670662182,-0.0361368586770467,
0.),.UNSPECIFIED.);
#88=B_SPLINE_CURVE_WITH_KNOTS('',3,(#4273,#4274,#4275,#4276,#4277,#4278,
#4279),.UNSPECIFIED.,.F.,.F.,(4,3,4),(-0.024777958380778,-0.0100209413342041,
0.),.UNSPECIFIED.);
#89=B_SPLINE_CURVE_WITH_KNOTS('',3,(#4292,#4293,#4294,#4295,#4296,#4297,
#4298),.UNSPECIFIED.,.F.,.F.,(4,3,4),(-0.0199639598377071,-0.0102629439274887,
0.),.UNSPECIFIED.);
#90=B_SPLINE_CURVE_WITH_KNOTS('',3,(#4311,#4312,#4313,#4314,#4315,#4316,
#4317),.UNSPECIFIED.,.F.,.F.,(4,3,4),(-0.0290633983447019,-0.0164948887088936,
3.46944695195361E-18),.UNSPECIFIED.);
#91=B_SPLINE_CURVE_WITH_KNOTS('',3,(#4330,#4331,#4332,#4333,#4334,#4335,
#4336),.UNSPECIFIED.,.F.,.F.,(4,3,4),(-0.0510791307193965,-0.0290734569925835,
-6.93889390390723E-18),.UNSPECIFIED.);
#92=B_SPLINE_CURVE_WITH_KNOTS('',3,(#4360,#4361,#4362,#4363,#4364,#4365,
#4366),.UNSPECIFIED.,.F.,.F.,(4,3,4),(-0.0557847491058167,-0.0265550812234615,
6.93889390390723E-18),.UNSPECIFIED.);
#93=B_SPLINE_CURVE_WITH_KNOTS('',3,(#4736,#4737,#4738,#4739,#4740,#4741,
#4742,#4743,#4744,#4745,#4746,#4747,#4748,#4749,#4750,#4751,#4752,#4753,
#4754),.UNSPECIFIED.,.F.,.F.,(4,3,3,3,3,3,4),(-0.285144551937542,-0.248521998556177,
-0.212678403300759,-0.156451437888671,-0.102262106571365,-0.0501113303456557,
0.),.UNSPECIFIED.);
#94=B_SPLINE_CURVE_WITH_KNOTS('',3,(#4757,#4758,#4759,#4760,#4761,#4762,
#4763,#4764,#4765,#4766,#4767,#4768,#4769,#4770,#4771,#4772,#4773,#4774,
#4775),.UNSPECIFIED.,.F.,.F.,(4,3,3,3,3,3,4),(0.,0.0501110231620926,0.102261479702391,
0.156450478837897,0.212677099577444,0.24852047511083,0.285142803995133),
 .UNSPECIFIED.);
#95=B_SPLINE_CURVE_WITH_KNOTS('',3,(#4806,#4807,#4808,#4809,#4810,#4811,
#4812,#4813,#4814,#4815,#4816,#4817,#4818,#4819,#4820,#4821,#4822,#4823,
#4824),.UNSPECIFIED.,.F.,.F.,(4,3,3,3,3,3,4),(-0.28514455193774,-0.248521998556346,
-0.212678403300903,-0.156451437888777,-0.102262106571434,-0.0501113303456885,
0.),.UNSPECIFIED.);
#96=B_SPLINE_CURVE_WITH_KNOTS('',3,(#4828,#4829,#4830,#4831,#4832,#4833,
#4834,#4835,#4836,#4837,#4838,#4839,#4840,#4841,#4842,#4843,#4844,#4845,
#4846),.UNSPECIFIED.,.F.,.F.,(4,3,3,3,3,3,4),(0.,0.05011102316209,0.102261479702389,
0.156450478837895,0.212677099577442,0.248520475110829,0.285142803995137),
 .UNSPECIFIED.);
#97=B_SPLINE_CURVE_WITH_KNOTS('',3,(#4903,#4904,#4905,#4906,#4907,#4908,
#4909,#4910,#4911,#4912,#4913,#4914,#4915,#4916,#4917,#4918,#4919,#4920,
#4921),.UNSPECIFIED.,.F.,.F.,(4,3,3,3,3,3,4),(0.,0.0489491288335916,0.0999065652262857,
0.152873718154836,0.207851728344968,0.246498964822372,0.28514455193774),
 .UNSPECIFIED.);
#98=B_SPLINE_CURVE_WITH_KNOTS('',3,(#4952,#4953,#4954,#4955,#4956,#4957,
#4958,#4959,#4960,#4961,#4962,#4963,#4964,#4965,#4966,#4967,#4968,#4969,
#4970),.UNSPECIFIED.,.F.,.F.,(4,3,3,3,3,3,4),(0.,0.0489491288335488,0.0999065652262157,
0.152873718154737,0.207851728344838,0.246498964822204,0.285144551937542),
 .UNSPECIFIED.);
#99=B_SPLINE_SURFACE_WITH_KNOTS('',3,1,((#3554,#3555),(#3556,#3557),(#3558,
#3559),(#3560,#3561),(#3562,#3563),(#3564,#3565),(#3566,#3567),(#3568,#3569),
(#3570,#3571),(#3572,#3573),(#3574,#3575),(#3576,#3577),(#3578,#3579),(#3580,
#3581)),.UNSPECIFIED.,.F.,.F.,.F.,(4,2,2,2,2,2,4),(2,2),(0.,0.0598613408281031,
0.117671830405774,0.173428068373325,0.227127226977715,0.256756313079592,
0.286386564186103),(0.,0.2),.UNSPECIFIED.);
#100=B_SPLINE_SURFACE_WITH_KNOTS('',3,1,((#3626,#3627),(#3628,#3629),(#3630,
#3631),(#3632,#3633),(#3634,#3635),(#3636,#3637),(#3638,#3639),(#3640,#3641),
(#3642,#3643),(#3644,#3645),(#3646,#3647),(#3648,#3649),(#3650,#3651),(#3652,
#3653)),.UNSPECIFIED.,.F.,.F.,.F.,(4,2,2,2,2,2,4),(2,2),(0.,0.0598613408281506,
0.117671830405816,0.173428068373398,0.227127226977787,0.256756313079654,
0.286386564186147),(0.,0.2),.UNSPECIFIED.);
#101=B_SPLINE_SURFACE_WITH_KNOTS('',3,1,((#3719,#3720),(#3721,#3722),(#3723,
#3724),(#3725,#3726),(#3727,#3728),(#3729,#3730),(#3731,#3732),(#3733,#3734),
(#3735,#3736),(#3737,#3738),(#3739,#3740),(#3741,#3742),(#3743,#3744),(#3745,
#3746)),.UNSPECIFIED.,.F.,.F.,.F.,(4,2,2,2,2,2,4),(2,2),(0.,0.0590386873266594,
0.116033429854765,0.170983407986866,0.223887839039608,0.255505160536062,
0.286347380332234),(0.1,0.300000845357249),.UNSPECIFIED.);
#102=B_SPLINE_SURFACE_WITH_KNOTS('',3,1,((#3770,#3771),(#3772,#3773),(#3774,
#3775),(#3776,#3777),(#3778,#3779),(#3780,#3781),(#3782,#3783),(#3784,#3785),
(#3786,#3787),(#3788,#3789),(#3790,#3791),(#3792,#3793),(#3794,#3795),(#3796,
#3797)),.UNSPECIFIED.,.F.,.F.,.F.,(4,2,2,2,2,2,4),(2,2),(0.,0.0590386873266652,
0.116033429854775,0.170983407986881,0.223887839039629,0.255505160536087,
0.286347380332265),(0.1,0.300000845357249),.UNSPECIFIED.);
#103=B_SPLINE_SURFACE_WITH_KNOTS('',3,1,((#4025,#4026),(#4027,#4028),(#4029,
#4030),(#4031,#4032),(#4033,#4034)),.UNSPECIFIED.,.F.,.F.,.F.,(4,1,4),(2,
2),(0.,0.0242904513230537,0.0430856164294875),(0.1,0.25),.UNSPECIFIED.);
#104=B_SPLINE_SURFACE_WITH_KNOTS('',3,1,((#4043,#4044),(#4045,#4046),(#4047,
#4048),(#4049,#4050),(#4051,#4052)),.UNSPECIFIED.,.F.,.F.,.F.,(4,1,4),(2,
2),(0.,0.0157726234660886,0.0282867493324553),(0.1,0.25),.UNSPECIFIED.);
#105=B_SPLINE_SURFACE_WITH_KNOTS('',3,1,((#4064,#4065),(#4066,#4067),(#4068,
#4069),(#4070,#4071),(#4072,#4073)),.UNSPECIFIED.,.F.,.F.,.F.,(4,1,4),(2,
2),(0.,0.0318135763828084,0.070654214296),(0.1,0.25),.UNSPECIFIED.);
#106=B_SPLINE_SURFACE_WITH_KNOTS('',3,1,((#4083,#4084),(#4085,#4086),(#4087,
#4088),(#4089,#4090),(#4091,#4092)),.UNSPECIFIED.,.F.,.F.,.F.,(4,1,4),(2,
2),(0.,0.0298671314321522,0.0587773968245879),(0.1,0.25),.UNSPECIFIED.);
#107=B_SPLINE_SURFACE_WITH_KNOTS('',3,1,((#4102,#4103),(#4104,#4105),(#4106,
#4107),(#4108,#4109),(#4110,#4111)),.UNSPECIFIED.,.F.,.F.,.F.,(4,1,4),(2,
2),(0.,0.0234849746522215,0.047376589082877),(0.0999999999999999,0.25),
 .UNSPECIFIED.);
#108=B_SPLINE_SURFACE_WITH_KNOTS('',3,1,((#4121,#4122),(#4123,#4124),(#4125,
#4126),(#4127,#4128),(#4129,#4130)),.UNSPECIFIED.,.F.,.F.,.F.,(4,1,4),(2,
2),(0.,0.0218512824106546,0.0445286393495414),(0.1,0.25),.UNSPECIFIED.);
#109=B_SPLINE_SURFACE_WITH_KNOTS('',3,1,((#4140,#4141),(#4142,#4143),(#4144,
#4145),(#4146,#4147),(#4148,#4149)),.UNSPECIFIED.,.F.,.F.,.F.,(4,1,4),(2,
2),(0.,0.0353579302483802,0.0617459163595547),(0.1,0.25),.UNSPECIFIED.);
#110=B_SPLINE_SURFACE_WITH_KNOTS('',3,1,((#4215,#4216),(#4217,#4218),(#4219,
#4220),(#4221,#4222),(#4223,#4224)),.UNSPECIFIED.,.F.,.F.,.F.,(4,1,4),(2,
2),(0.,0.0224235044111401,0.0515057916199623),(0.0999999999999998,0.25),
 .UNSPECIFIED.);
#111=B_SPLINE_SURFACE_WITH_KNOTS('',3,1,((#4226,#4227),(#4228,#4229),(#4230,
#4231),(#4232,#4233),(#4234,#4235)),.UNSPECIFIED.,.F.,.F.,.F.,(4,1,4),(2,
2),(0.,0.0197704949916039,0.0392062737764663),(0.0999999999999999,0.25),
 .UNSPECIFIED.);
#112=B_SPLINE_SURFACE_WITH_KNOTS('',3,1,((#4237,#4238),(#4239,#4240),(#4241,
#4242),(#4243,#4244),(#4245,#4246)),.UNSPECIFIED.,.F.,.F.,.F.,(4,1,4),(2,
2),(0.,0.0142372410360317,0.0283709089818986),(0.1,0.25),.UNSPECIFIED.);
#113=B_SPLINE_SURFACE_WITH_KNOTS('',3,1,((#4248,#4249),(#4250,#4251),(#4252,
#4253),(#4254,#4255),(#4256,#4257)),.UNSPECIFIED.,.F.,.F.,.F.,(4,1,4),(2,
2),(0.,0.0153602695356897,0.0298795714828645),(0.0999999999999999,0.25),
 .UNSPECIFIED.);
#114=B_SPLINE_SURFACE_WITH_KNOTS('',3,1,((#4262,#4263),(#4264,#4265),(#4266,
#4267),(#4268,#4269),(#4270,#4271)),.UNSPECIFIED.,.F.,.F.,.F.,(4,1,4),(2,
2),(0.,0.00896637111268175,0.0221704092307496),(0.1,0.25),.UNSPECIFIED.);
#115=B_SPLINE_SURFACE_WITH_KNOTS('',3,1,((#4281,#4282),(#4283,#4284),(#4285,
#4286),(#4287,#4288),(#4289,#4290)),.UNSPECIFIED.,.F.,.F.,.F.,(4,1,4),(2,
2),(0.,0.0102095388460498,0.0198600737687089),(0.1,0.25),.UNSPECIFIED.);
#116=B_SPLINE_SURFACE_WITH_KNOTS('',3,1,((#4300,#4301),(#4302,#4303),(#4304,
#4305),(#4306,#4307),(#4308,#4309)),.UNSPECIFIED.,.F.,.F.,.F.,(4,1,4),(2,
2),(0.,0.0161874883700472,0.0285217700465751),(0.1,0.25),.UNSPECIFIED.);
#117=B_SPLINE_SURFACE_WITH_KNOTS('',3,1,((#4319,#4320),(#4321,#4322),(#4323,
#4324),(#4325,#4326),(#4327,#4328)),.UNSPECIFIED.,.F.,.F.,.F.,(4,1,4),(2,
2),(0.,0.0286336831656569,0.0503064924741998),(0.1,0.25),.UNSPECIFIED.);
#118=B_SPLINE_SURFACE_WITH_KNOTS('',3,1,((#4350,#4351),(#4352,#4353),(#4354,
#4355),(#4356,#4357),(#4358,#4359)),.UNSPECIFIED.,.F.,.F.,.F.,(4,1,4),(2,
2),(0.,0.0246821909191176,0.0518503338859441),(0.1,0.25),.UNSPECIFIED.);
#119=B_SPLINE_SURFACE_WITH_KNOTS('',3,1,((#4707,#4708),(#4709,#4710),(#4711,
#4712),(#4713,#4714),(#4715,#4716),(#4717,#4718),(#4719,#4720),(#4721,#4722),
(#4723,#4724),(#4725,#4726),(#4727,#4728),(#4729,#4730),(#4731,#4732),(#4733,
#4734)),.UNSPECIFIED.,.F.,.F.,.F.,(4,2,2,2,2,2,4),(2,2),(0.,0.0501110231620926,
0.102261479702391,0.156450478837897,0.212677099577444,0.24852047511083,
0.285142803995133),(0.1,0.300000846242593),.UNSPECIFIED.);
#120=B_SPLINE_SURFACE_WITH_KNOTS('',3,1,((#4776,#4777),(#4778,#4779),(#4780,
#4781),(#4782,#4783),(#4784,#4785),(#4786,#4787),(#4788,#4789),(#4790,#4791),
(#4792,#4793),(#4794,#4795),(#4796,#4797),(#4798,#4799),(#4800,#4801),(#4802,
#4803)),.UNSPECIFIED.,.F.,.F.,.F.,(4,2,2,2,2,2,4),(2,2),(0.,0.0501110231620936,
0.102261479702394,0.156450478837903,0.212677099577453,0.248520475110841,
0.28514280399515),(0.1,0.300000846242592),.UNSPECIFIED.);
#121=B_SPLINE_SURFACE_WITH_KNOTS('',3,1,((#4872,#4873),(#4874,#4875),(#4876,
#4877),(#4878,#4879),(#4880,#4881),(#4882,#4883),(#4884,#4885),(#4886,#4887),
(#4888,#4889),(#4890,#4891),(#4892,#4893),(#4894,#4895),(#4896,#4897),(#4898,
#4899)),.UNSPECIFIED.,.F.,.F.,.F.,(4,2,2,2,2,2,4),(2,2),(0.,0.0489491288335916,
0.0999065652262857,0.152873718154836,0.207851728344968,0.246498964822372,
0.28514455193774),(0.,0.2),.UNSPECIFIED.);
#122=B_SPLINE_SURFACE_WITH_KNOTS('',3,1,((#4923,#4924),(#4925,#4926),(#4927,
#4928),(#4929,#4930),(#4931,#4932),(#4933,#4934),(#4935,#4936),(#4937,#4938),
(#4939,#4940),(#4941,#4942),(#4943,#4944),(#4945,#4946),(#4947,#4948),(#4949,
#4950)),.UNSPECIFIED.,.F.,.F.,.F.,(4,2,2,2,2,2,4),(2,2),(0.,0.0489491288335488,
0.0999065652262157,0.152873718154737,0.207851728344838,0.246498964822204,
0.285144551937542),(0.,0.2),.UNSPECIFIED.);
#123=PLANE('',#2705);
#124=PLANE('',#2709);
#125=PLANE('',#2716);
#126=PLANE('',#2717);
#127=PLANE('',#2718);
#128=PLANE('',#2719);
#129=PLANE('',#2720);
#130=PLANE('',#2721);
#131=PLANE('',#2722);
#132=PLANE('',#2723);
#133=PLANE('',#2724);
#134=PLANE('',#2725);
#135=PLANE('',#2726);
#136=PLANE('',#2727);
#137=PLANE('',#2728);
#138=PLANE('',#2729);
#139=PLANE('',#2730);
#140=PLANE('',#2731);
#141=PLANE('',#2732);
#142=PLANE('',#2733);
#143=PLANE('',#2734);
#144=PLANE('',#2735);
#145=PLANE('',#2736);
#146=PLANE('',#2737);
#147=PLANE('',#2738);
#148=PLANE('',#2739);
#149=PLANE('',#2740);
#150=PLANE('',#2741);
#151=PLANE('',#2742);
#152=PLANE('',#2743);
#153=PLANE('',#2744);
#154=PLANE('',#2745);
#155=PLANE('',#2746);
#156=PLANE('',#2747);
#157=PLANE('',#2748);
#158=PLANE('',#2749);
#159=PLANE('',#2750);
#160=PLANE('',#2751);
#161=PLANE('',#2752);
#162=PLANE('',#2753);
#163=PLANE('',#2754);
#164=PLANE('',#2755);
#165=PLANE('',#2757);
#166=PLANE('',#2758);
#167=PLANE('',#2759);
#168=PLANE('',#2760);
#169=PLANE('',#2761);
#170=PLANE('',#2762);
#171=PLANE('',#2763);
#172=PLANE('',#2765);
#173=PLANE('',#2766);
#174=PLANE('',#2767);
#175=PLANE('',#2768);
#176=PLANE('',#2769);
#177=PLANE('',#2770);
#178=PLANE('',#2771);
#179=PLANE('',#2782);
#180=PLANE('',#2795);
#181=PLANE('',#2808);
#182=PLANE('',#2809);
#183=PLANE('',#2810);
#184=PLANE('',#2811);
#185=PLANE('',#2812);
#186=PLANE('',#2813);
#187=PLANE('',#2814);
#188=PLANE('',#2815);
#189=PLANE('',#2816);
#190=PLANE('',#2817);
#191=PLANE('',#2818);
#192=PLANE('',#2819);
#193=PLANE('',#2820);
#194=PLANE('',#2821);
#195=PLANE('',#2822);
#196=PLANE('',#2823);
#197=PLANE('',#2824);
#198=PLANE('',#2825);
#199=PLANE('',#2826);
#200=PLANE('',#2827);
#201=PLANE('',#2828);
#202=PLANE('',#2829);
#203=PLANE('',#2833);
#204=PLANE('',#2840);
#205=PLANE('',#2843);
#206=PLANE('',#2846);
#207=PLANE('',#2847);
#208=PLANE('',#2852);
#209=PLANE('',#2856);
#210=PLANE('',#2861);
#211=PLANE('',#2864);
#212=PLANE('',#2866);
#213=PLANE('',#2871);
#214=LINE('',#3531,#484);
#215=LINE('',#3538,#485);
#216=LINE('',#3541,#486);
#217=LINE('',#3544,#487);
#218=LINE('',#3546,#488);
#219=LINE('',#3547,#489);
#220=LINE('',#3552,#490);
#221=LINE('',#3604,#491);
#222=LINE('',#3625,#492);
#223=LINE('',#3676,#493);
#224=LINE('',#3697,#494);
#225=LINE('',#3701,#495);
#226=LINE('',#3703,#496);
#227=LINE('',#3705,#497);
#228=LINE('',#3706,#498);
#229=LINE('',#3712,#499);
#230=LINE('',#3718,#500);
#231=LINE('',#3748,#501);
#232=LINE('',#3769,#502);
#233=LINE('',#3799,#503);
#234=LINE('',#3820,#504);
#235=LINE('',#3824,#505);
#236=LINE('',#3826,#506);
#237=LINE('',#3828,#507);
#238=LINE('',#3830,#508);
#239=LINE('',#3832,#509);
#240=LINE('',#3833,#510);
#241=LINE('',#3837,#511);
#242=LINE('',#3839,#512);
#243=LINE('',#3841,#513);
#244=LINE('',#3843,#514);
#245=LINE('',#3845,#515);
#246=LINE('',#3847,#516);
#247=LINE('',#3849,#517);
#248=LINE('',#3851,#518);
#249=LINE('',#3853,#519);
#250=LINE('',#3855,#520);
#251=LINE('',#3857,#521);
#252=LINE('',#3858,#522);
#253=LINE('',#3862,#523);
#254=LINE('',#3864,#524);
#255=LINE('',#3866,#525);
#256=LINE('',#3892,#526);
#257=LINE('',#3894,#527);
#258=LINE('',#3896,#528);
#259=LINE('',#3940,#529);
#260=LINE('',#3941,#530);
#261=LINE('',#3944,#531);
#262=LINE('',#3946,#532);
#263=LINE('',#3977,#533);
#264=LINE('',#3981,#534);
#265=LINE('',#3983,#535);
#266=LINE('',#3985,#536);
#267=LINE('',#4035,#537);
#268=LINE('',#4036,#538);
#269=LINE('',#4038,#539);
#270=LINE('',#4040,#540);
#271=LINE('',#4042,#541);
#272=LINE('',#4062,#542);
#273=LINE('',#4063,#543);
#274=LINE('',#4082,#544);
#275=LINE('',#4101,#545);
#276=LINE('',#4120,#546);
#277=LINE('',#4139,#547);
#278=LINE('',#4158,#548);
#279=LINE('',#4161,#549);
#280=LINE('',#4162,#550);
#281=LINE('',#4165,#551);
#282=LINE('',#4166,#552);
#283=LINE('',#4169,#553);
#284=LINE('',#4170,#554);
#285=LINE('',#4173,#555);
#286=LINE('',#4174,#556);
#287=LINE('',#4178,#557);
#288=LINE('',#4179,#558);
#289=LINE('',#4180,#559);
#290=LINE('',#4183,#560);
#291=LINE('',#4184,#561);
#292=LINE('',#4187,#562);
#293=LINE('',#4188,#563);
#294=LINE('',#4192,#564);
#295=LINE('',#4193,#565);
#296=LINE('',#4194,#566);
#297=LINE('',#4197,#567);
#298=LINE('',#4198,#568);
#299=LINE('',#4201,#569);
#300=LINE('',#4202,#570);
#301=LINE('',#4205,#571);
#302=LINE('',#4206,#572);
#303=LINE('',#4209,#573);
#304=LINE('',#4210,#574);
#305=LINE('',#4213,#575);
#306=LINE('',#4214,#576);
#307=LINE('',#4225,#577);
#308=LINE('',#4236,#578);
#309=LINE('',#4247,#579);
#310=LINE('',#4260,#580);
#311=LINE('',#4261,#581);
#312=LINE('',#4280,#582);
#313=LINE('',#4299,#583);
#314=LINE('',#4318,#584);
#315=LINE('',#4337,#585);
#316=LINE('',#4340,#586);
#317=LINE('',#4341,#587);
#318=LINE('',#4344,#588);
#319=LINE('',#4345,#589);
#320=LINE('',#4348,#590);
#321=LINE('',#4349,#591);
#322=LINE('',#4369,#592);
#323=LINE('',#4370,#593);
#324=LINE('',#4373,#594);
#325=LINE('',#4374,#595);
#326=LINE('',#4376,#596);
#327=LINE('',#4379,#597);
#328=LINE('',#4380,#598);
#329=LINE('',#4383,#599);
#330=LINE('',#4384,#600);
#331=LINE('',#4387,#601);
#332=LINE('',#4388,#602);
#333=LINE('',#4391,#603);
#334=LINE('',#4392,#604);
#335=LINE('',#4395,#605);
#336=LINE('',#4396,#606);
#337=LINE('',#4398,#607);
#338=LINE('',#4402,#608);
#339=LINE('',#4404,#609);
#340=LINE('',#4406,#610);
#341=LINE('',#4407,#611);
#342=LINE('',#4411,#612);
#343=LINE('',#4412,#613);
#344=LINE('',#4413,#614);
#345=LINE('',#4417,#615);
#346=LINE('',#4418,#616);
#347=LINE('',#4419,#617);
#348=LINE('',#4423,#618);
#349=LINE('',#4424,#619);
#350=LINE('',#4425,#620);
#351=LINE('',#4429,#621);
#352=LINE('',#4430,#622);
#353=LINE('',#4431,#623);
#354=LINE('',#4433,#624);
#355=LINE('',#4434,#625);
#356=LINE('',#4441,#626);
#357=LINE('',#4443,#627);
#358=LINE('',#4445,#628);
#359=LINE('',#4446,#629);
#360=LINE('',#4450,#630);
#361=LINE('',#4451,#631);
#362=LINE('',#4452,#632);
#363=LINE('',#4456,#633);
#364=LINE('',#4457,#634);
#365=LINE('',#4458,#635);
#366=LINE('',#4462,#636);
#367=LINE('',#4463,#637);
#368=LINE('',#4464,#638);
#369=LINE('',#4468,#639);
#370=LINE('',#4469,#640);
#371=LINE('',#4470,#641);
#372=LINE('',#4472,#642);
#373=LINE('',#4473,#643);
#374=LINE('',#4480,#644);
#375=LINE('',#4482,#645);
#376=LINE('',#4484,#646);
#377=LINE('',#4485,#647);
#378=LINE('',#4489,#648);
#379=LINE('',#4490,#649);
#380=LINE('',#4491,#650);
#381=LINE('',#4495,#651);
#382=LINE('',#4496,#652);
#383=LINE('',#4497,#653);
#384=LINE('',#4501,#654);
#385=LINE('',#4502,#655);
#386=LINE('',#4503,#656);
#387=LINE('',#4507,#657);
#388=LINE('',#4508,#658);
#389=LINE('',#4509,#659);
#390=LINE('',#4511,#660);
#391=LINE('',#4512,#661);
#392=LINE('',#4519,#662);
#393=LINE('',#4523,#663);
#394=LINE('',#4527,#664);
#395=LINE('',#4532,#665);
#396=LINE('',#4540,#666);
#397=LINE('',#4545,#667);
#398=LINE('',#4547,#668);
#399=LINE('',#4553,#669);
#400=LINE('',#4559,#670);
#401=LINE('',#4567,#671);
#402=LINE('',#4572,#672);
#403=LINE('',#4578,#673);
#404=LINE('',#4584,#674);
#405=LINE('',#4589,#675);
#406=LINE('',#4591,#676);
#407=LINE('',#4593,#677);
#408=LINE('',#4595,#678);
#409=LINE('',#4597,#679);
#410=LINE('',#4598,#680);
#411=LINE('',#4601,#681);
#412=LINE('',#4603,#682);
#413=LINE('',#4604,#683);
#414=LINE('',#4607,#684);
#415=LINE('',#4608,#685);
#416=LINE('',#4611,#686);
#417=LINE('',#4612,#687);
#418=LINE('',#4615,#688);
#419=LINE('',#4616,#689);
#420=LINE('',#4619,#690);
#421=LINE('',#4620,#691);
#422=LINE('',#4622,#692);
#423=LINE('',#4626,#693);
#424=LINE('',#4628,#694);
#425=LINE('',#4630,#695);
#426=LINE('',#4632,#696);
#427=LINE('',#4634,#697);
#428=LINE('',#4635,#698);
#429=LINE('',#4638,#699);
#430=LINE('',#4640,#700);
#431=LINE('',#4641,#701);
#432=LINE('',#4644,#702);
#433=LINE('',#4645,#703);
#434=LINE('',#4648,#704);
#435=LINE('',#4649,#705);
#436=LINE('',#4652,#706);
#437=LINE('',#4653,#707);
#438=LINE('',#4656,#708);
#439=LINE('',#4657,#709);
#440=LINE('',#4659,#710);
#441=LINE('',#4663,#711);
#442=LINE('',#4665,#712);
#443=LINE('',#4667,#713);
#444=LINE('',#4669,#714);
#445=LINE('',#4671,#715);
#446=LINE('',#4672,#716);
#447=LINE('',#4675,#717);
#448=LINE('',#4677,#718);
#449=LINE('',#4678,#719);
#450=LINE('',#4681,#720);
#451=LINE('',#4682,#721);
#452=LINE('',#4685,#722);
#453=LINE('',#4686,#723);
#454=LINE('',#4689,#724);
#455=LINE('',#4690,#725);
#456=LINE('',#4693,#726);
#457=LINE('',#4694,#727);
#458=LINE('',#4696,#728);
#459=LINE('',#4699,#729);
#460=LINE('',#4703,#730);
#461=LINE('',#4756,#731);
#462=LINE('',#4826,#732);
#463=LINE('',#4847,#733);
#464=LINE('',#4850,#734);
#465=LINE('',#4852,#735);
#466=LINE('',#4853,#736);
#467=LINE('',#4859,#737);
#468=LINE('',#4865,#738);
#469=LINE('',#4868,#739);
#470=LINE('',#4870,#740);
#471=LINE('',#4871,#741);
#472=LINE('',#4901,#742);
#473=LINE('',#4922,#743);
#474=LINE('',#4971,#744);
#475=LINE('',#4974,#745);
#476=LINE('',#4977,#746);
#477=LINE('',#4980,#747);
#478=LINE('',#4981,#748);
#479=LINE('',#4985,#749);
#480=LINE('',#4987,#750);
#481=LINE('',#4995,#751);
#482=LINE('',#5000,#752);
#483=LINE('',#5024,#753);
#484=VECTOR('',#2895,38.);
#485=VECTOR('',#2902,10.);
#486=VECTOR('',#2905,10.);
#487=VECTOR('',#2908,10.);
#488=VECTOR('',#2909,10.);
#489=VECTOR('',#2910,10.);
#490=VECTOR('',#2915,10.);
#491=VECTOR('',#2918,10.);
#492=VECTOR('',#2919,10.);
#493=VECTOR('',#2920,10.);
#494=VECTOR('',#2921,10.);
#495=VECTOR('',#2924,10.);
#496=VECTOR('',#2925,10.);
#497=VECTOR('',#2926,10.);
#498=VECTOR('',#2927,10.);
#499=VECTOR('',#2934,10.);
#500=VECTOR('',#2941,10.);
#501=VECTOR('',#2942,10.);
#502=VECTOR('',#2943,10.);
#503=VECTOR('',#2944,10.);
#504=VECTOR('',#2945,10.);
#505=VECTOR('',#2948,10.);
#506=VECTOR('',#2949,10.);
#507=VECTOR('',#2950,10.);
#508=VECTOR('',#2951,10.);
#509=VECTOR('',#2952,10.);
#510=VECTOR('',#2953,10.);
#511=VECTOR('',#2956,10.);
#512=VECTOR('',#2957,10.);
#513=VECTOR('',#2958,10.);
#514=VECTOR('',#2959,10.);
#515=VECTOR('',#2960,10.);
#516=VECTOR('',#2961,10.);
#517=VECTOR('',#2962,10.);
#518=VECTOR('',#2963,10.);
#519=VECTOR('',#2964,10.);
#520=VECTOR('',#2965,10.);
#521=VECTOR('',#2966,10.);
#522=VECTOR('',#2967,10.);
#523=VECTOR('',#2970,10.);
#524=VECTOR('',#2971,10.);
#525=VECTOR('',#2972,10.);
#526=VECTOR('',#2973,10.);
#527=VECTOR('',#2974,10.);
#528=VECTOR('',#2975,10.);
#529=VECTOR('',#2976,10.);
#530=VECTOR('',#2977,10.);
#531=VECTOR('',#2978,10.);
#532=VECTOR('',#2979,10.);
#533=VECTOR('',#2980,10.);
#534=VECTOR('',#2983,10.);
#535=VECTOR('',#2984,10.);
#536=VECTOR('',#2985,10.);
#537=VECTOR('',#2986,10.);
#538=VECTOR('',#2987,10.);
#539=VECTOR('',#2990,10.);
#540=VECTOR('',#2993,10.);
#541=VECTOR('',#2996,10.);
#542=VECTOR('',#2997,10.);
#543=VECTOR('',#2998,10.);
#544=VECTOR('',#2999,10.);
#545=VECTOR('',#3000,10.);
#546=VECTOR('',#3001,10.);
#547=VECTOR('',#3002,10.);
#548=VECTOR('',#3003,10.);
#549=VECTOR('',#3006,10.);
#550=VECTOR('',#3007,10.);
#551=VECTOR('',#3010,10.);
#552=VECTOR('',#3011,10.);
#553=VECTOR('',#3014,10.);
#554=VECTOR('',#3015,10.);
#555=VECTOR('',#3018,10.);
#556=VECTOR('',#3019,10.);
#557=VECTOR('',#3022,10.);
#558=VECTOR('',#3023,10.);
#559=VECTOR('',#3024,10.);
#560=VECTOR('',#3027,10.);
#561=VECTOR('',#3028,10.);
#562=VECTOR('',#3031,10.);
#563=VECTOR('',#3032,10.);
#564=VECTOR('',#3035,10.);
#565=VECTOR('',#3036,10.);
#566=VECTOR('',#3037,10.);
#567=VECTOR('',#3040,10.);
#568=VECTOR('',#3041,10.);
#569=VECTOR('',#3044,10.);
#570=VECTOR('',#3045,10.);
#571=VECTOR('',#3048,10.);
#572=VECTOR('',#3049,10.);
#573=VECTOR('',#3052,10.);
#574=VECTOR('',#3053,10.);
#575=VECTOR('',#3056,10.);
#576=VECTOR('',#3057,10.);
#577=VECTOR('',#3058,10.);
#578=VECTOR('',#3059,10.);
#579=VECTOR('',#3060,10.);
#580=VECTOR('',#3063,10.);
#581=VECTOR('',#3064,10.);
#582=VECTOR('',#3065,10.);
#583=VECTOR('',#3066,10.);
#584=VECTOR('',#3067,10.);
#585=VECTOR('',#3068,10.);
#586=VECTOR('',#3071,10.);
#587=VECTOR('',#3072,10.);
#588=VECTOR('',#3075,10.);
#589=VECTOR('',#3076,10.);
#590=VECTOR('',#3079,10.);
#591=VECTOR('',#3080,10.);
#592=VECTOR('',#3083,10.);
#593=VECTOR('',#3084,10.);
#594=VECTOR('',#3087,10.);
#595=VECTOR('',#3088,10.);
#596=VECTOR('',#3091,10.);
#597=VECTOR('',#3094,10.);
#598=VECTOR('',#3095,10.);
#599=VECTOR('',#3098,10.);
#600=VECTOR('',#3099,10.);
#601=VECTOR('',#3102,10.);
#602=VECTOR('',#3103,10.);
#603=VECTOR('',#3106,10.);
#604=VECTOR('',#3107,10.);
#605=VECTOR('',#3110,10.);
#606=VECTOR('',#3111,10.);
#607=VECTOR('',#3114,10.);
#608=VECTOR('',#3117,10.);
#609=VECTOR('',#3118,10.);
#610=VECTOR('',#3119,10.);
#611=VECTOR('',#3120,10.);
#612=VECTOR('',#3123,10.);
#613=VECTOR('',#3124,10.);
#614=VECTOR('',#3125,10.);
#615=VECTOR('',#3128,10.);
#616=VECTOR('',#3129,10.);
#617=VECTOR('',#3130,10.);
#618=VECTOR('',#3133,10.);
#619=VECTOR('',#3134,10.);
#620=VECTOR('',#3135,10.);
#621=VECTOR('',#3138,10.);
#622=VECTOR('',#3139,10.);
#623=VECTOR('',#3140,10.);
#624=VECTOR('',#3143,10.);
#625=VECTOR('',#3144,10.);
#626=VECTOR('',#3151,10.);
#627=VECTOR('',#3152,10.);
#628=VECTOR('',#3153,10.);
#629=VECTOR('',#3154,10.);
#630=VECTOR('',#3157,10.);
#631=VECTOR('',#3158,10.);
#632=VECTOR('',#3159,10.);
#633=VECTOR('',#3162,10.);
#634=VECTOR('',#3163,10.);
#635=VECTOR('',#3164,10.);
#636=VECTOR('',#3167,10.);
#637=VECTOR('',#3168,10.);
#638=VECTOR('',#3169,10.);
#639=VECTOR('',#3172,10.);
#640=VECTOR('',#3173,10.);
#641=VECTOR('',#3174,10.);
#642=VECTOR('',#3177,10.);
#643=VECTOR('',#3178,10.);
#644=VECTOR('',#3185,10.);
#645=VECTOR('',#3186,10.);
#646=VECTOR('',#3187,10.);
#647=VECTOR('',#3188,10.);
#648=VECTOR('',#3191,10.);
#649=VECTOR('',#3192,10.);
#650=VECTOR('',#3193,10.);
#651=VECTOR('',#3196,10.);
#652=VECTOR('',#3197,10.);
#653=VECTOR('',#3198,10.);
#654=VECTOR('',#3201,10.);
#655=VECTOR('',#3202,10.);
#656=VECTOR('',#3203,10.);
#657=VECTOR('',#3206,10.);
#658=VECTOR('',#3207,10.);
#659=VECTOR('',#3208,10.);
#660=VECTOR('',#3211,10.);
#661=VECTOR('',#3212,10.);
#662=VECTOR('',#3221,1.5);
#663=VECTOR('',#3226,1.5);
#664=VECTOR('',#3231,1.5);
#665=VECTOR('',#3236,2.5);
#666=VECTOR('',#3247,1.5);
#667=VECTOR('',#3252,10.);
#668=VECTOR('',#3253,10.);
#669=VECTOR('',#3260,2.5);
#670=VECTOR('',#3267,1.5);
#671=VECTOR('',#3278,2.5);
#672=VECTOR('',#3283,1.5);
#673=VECTOR('',#3290,1.5);
#674=VECTOR('',#3297,1.5);
#675=VECTOR('',#3302,10.);
#676=VECTOR('',#3303,10.);
#677=VECTOR('',#3304,10.);
#678=VECTOR('',#3305,10.);
#679=VECTOR('',#3306,10.);
#680=VECTOR('',#3307,10.);
#681=VECTOR('',#3310,10.);
#682=VECTOR('',#3311,10.);
#683=VECTOR('',#3312,10.);
#684=VECTOR('',#3315,10.);
#685=VECTOR('',#3316,10.);
#686=VECTOR('',#3319,10.);
#687=VECTOR('',#3320,10.);
#688=VECTOR('',#3323,10.);
#689=VECTOR('',#3324,10.);
#690=VECTOR('',#3327,10.);
#691=VECTOR('',#3328,10.);
#692=VECTOR('',#3331,10.);
#693=VECTOR('',#3334,10.);
#694=VECTOR('',#3335,10.);
#695=VECTOR('',#3336,10.);
#696=VECTOR('',#3337,10.);
#697=VECTOR('',#3338,10.);
#698=VECTOR('',#3339,10.);
#699=VECTOR('',#3342,10.);
#700=VECTOR('',#3343,10.);
#701=VECTOR('',#3344,10.);
#702=VECTOR('',#3347,10.);
#703=VECTOR('',#3348,10.);
#704=VECTOR('',#3351,10.);
#705=VECTOR('',#3352,10.);
#706=VECTOR('',#3355,10.);
#707=VECTOR('',#3356,10.);
#708=VECTOR('',#3359,10.);
#709=VECTOR('',#3360,10.);
#710=VECTOR('',#3363,10.);
#711=VECTOR('',#3366,10.);
#712=VECTOR('',#3367,10.);
#713=VECTOR('',#3368,10.);
#714=VECTOR('',#3369,10.);
#715=VECTOR('',#3370,10.);
#716=VECTOR('',#3371,10.);
#717=VECTOR('',#3374,10.);
#718=VECTOR('',#3375,10.);
#719=VECTOR('',#3376,10.);
#720=VECTOR('',#3379,10.);
#721=VECTOR('',#3380,10.);
#722=VECTOR('',#3383,10.);
#723=VECTOR('',#3384,10.);
#724=VECTOR('',#3387,10.);
#725=VECTOR('',#3388,10.);
#726=VECTOR('',#3391,10.);
#727=VECTOR('',#3392,10.);
#728=VECTOR('',#3395,10.);
#729=VECTOR('',#3398,10.);
#730=VECTOR('',#3401,10.);
#731=VECTOR('',#3406,10.);
#732=VECTOR('',#3407,10.);
#733=VECTOR('',#3408,10.);
#734=VECTOR('',#3411,10.);
#735=VECTOR('',#3412,10.);
#736=VECTOR('',#3413,10.);
#737=VECTOR('',#3420,10.);
#738=VECTOR('',#3427,10.);
#739=VECTOR('',#3430,10.);
#740=VECTOR('',#3431,10.);
#741=VECTOR('',#3432,10.);
#742=VECTOR('',#3433,10.);
#743=VECTOR('',#3434,10.);
#744=VECTOR('',#3435,10.);
#745=VECTOR('',#3438,10.);
#746=VECTOR('',#3441,10.);
#747=VECTOR('',#3444,10.);
#748=VECTOR('',#3445,10.);
#749=VECTOR('',#3450,10.);
#750=VECTOR('',#3453,10.);
#751=VECTOR('',#3464,10.);
#752=VECTOR('',#3471,38.);
#753=VECTOR('',#3514,33.9999999999998);
#754=CYLINDRICAL_SURFACE('',#2700,38.);
#755=CYLINDRICAL_SURFACE('',#2702,40.);
#756=CYLINDRICAL_SURFACE('',#2706,144.274488314553);
#757=CYLINDRICAL_SURFACE('',#2710,11.5527777777778);
#758=CYLINDRICAL_SURFACE('',#2713,8.25);
#759=CYLINDRICAL_SURFACE('',#2773,1.5);
#760=CYLINDRICAL_SURFACE('',#2775,1.5);
#761=CYLINDRICAL_SURFACE('',#2777,1.5);
#762=CYLINDRICAL_SURFACE('',#2779,2.5);
#763=CYLINDRICAL_SURFACE('',#2784,1.5);
#764=CYLINDRICAL_SURFACE('',#2786,1.543);
#765=CYLINDRICAL_SURFACE('',#2789,2.5);
#766=CYLINDRICAL_SURFACE('',#2792,1.5);
#767=CYLINDRICAL_SURFACE('',#2797,2.5);
#768=CYLINDRICAL_SURFACE('',#2799,1.5);
#769=CYLINDRICAL_SURFACE('',#2802,1.5);
#770=CYLINDRICAL_SURFACE('',#2805,1.5);
#771=CYLINDRICAL_SURFACE('',#2834,8.25);
#772=CYLINDRICAL_SURFACE('',#2837,11.5527777777778);
#773=CYLINDRICAL_SURFACE('',#2841,144.274488314552);
#774=CYLINDRICAL_SURFACE('',#2844,40.);
#775=CYLINDRICAL_SURFACE('',#2850,10.);
#776=CYLINDRICAL_SURFACE('',#2853,38.);
#777=CYLINDRICAL_SURFACE('',#2855,43.25);
#778=CYLINDRICAL_SURFACE('',#2868,1.2645);
#779=CYLINDRICAL_SURFACE('',#2869,1.543);
#780=CYLINDRICAL_SURFACE('',#2873,1.2645);
#781=CYLINDRICAL_SURFACE('',#2874,4.2);
#782=CYLINDRICAL_SURFACE('',#2875,33.9999999999998);
#783=FACE_OUTER_BOUND('',#928,.T.);
#784=FACE_OUTER_BOUND('',#929,.T.);
#785=FACE_OUTER_BOUND('',#930,.T.);
#786=FACE_OUTER_BOUND('',#931,.T.);
#787=FACE_OUTER_BOUND('',#932,.T.);
#788=FACE_OUTER_BOUND('',#933,.T.);
#789=FACE_OUTER_BOUND('',#934,.T.);
#790=FACE_OUTER_BOUND('',#935,.T.);
#791=FACE_OUTER_BOUND('',#936,.T.);
#792=FACE_OUTER_BOUND('',#937,.T.);
#793=FACE_OUTER_BOUND('',#938,.T.);
#794=FACE_OUTER_BOUND('',#939,.T.);
#795=FACE_OUTER_BOUND('',#940,.T.);
#796=FACE_OUTER_BOUND('',#941,.T.);
#797=FACE_OUTER_BOUND('',#942,.T.);
#798=FACE_OUTER_BOUND('',#944,.T.);
#799=FACE_OUTER_BOUND('',#945,.T.);
#800=FACE_OUTER_BOUND('',#946,.T.);
#801=FACE_OUTER_BOUND('',#947,.T.);
#802=FACE_OUTER_BOUND('',#948,.T.);
#803=FACE_OUTER_BOUND('',#949,.T.);
#804=FACE_OUTER_BOUND('',#950,.T.);
#805=FACE_OUTER_BOUND('',#951,.T.);
#806=FACE_OUTER_BOUND('',#952,.T.);
#807=FACE_OUTER_BOUND('',#953,.T.);
#808=FACE_OUTER_BOUND('',#954,.T.);
#809=FACE_OUTER_BOUND('',#955,.T.);
#810=FACE_OUTER_BOUND('',#956,.T.);
#811=FACE_OUTER_BOUND('',#957,.T.);
#812=FACE_OUTER_BOUND('',#958,.T.);
#813=FACE_OUTER_BOUND('',#959,.T.);
#814=FACE_OUTER_BOUND('',#960,.T.);
#815=FACE_OUTER_BOUND('',#961,.T.);
#816=FACE_OUTER_BOUND('',#962,.T.);
#817=FACE_OUTER_BOUND('',#963,.T.);
#818=FACE_OUTER_BOUND('',#964,.T.);
#819=FACE_OUTER_BOUND('',#965,.T.);
#820=FACE_OUTER_BOUND('',#966,.T.);
#821=FACE_OUTER_BOUND('',#967,.T.);
#822=FACE_OUTER_BOUND('',#968,.T.);
#823=FACE_OUTER_BOUND('',#969,.T.);
#824=FACE_OUTER_BOUND('',#970,.T.);
#825=FACE_OUTER_BOUND('',#971,.T.);
#826=FACE_OUTER_BOUND('',#972,.T.);
#827=FACE_OUTER_BOUND('',#973,.T.);
#828=FACE_OUTER_BOUND('',#974,.T.);
#829=FACE_OUTER_BOUND('',#975,.T.);
#830=FACE_OUTER_BOUND('',#976,.T.);
#831=FACE_OUTER_BOUND('',#977,.T.);
#832=FACE_OUTER_BOUND('',#978,.T.);
#833=FACE_OUTER_BOUND('',#979,.T.);
#834=FACE_OUTER_BOUND('',#980,.T.);
#835=FACE_OUTER_BOUND('',#981,.T.);
#836=FACE_OUTER_BOUND('',#982,.T.);
#837=FACE_OUTER_BOUND('',#983,.T.);
#838=FACE_OUTER_BOUND('',#984,.T.);
#839=FACE_OUTER_BOUND('',#985,.T.);
#840=FACE_OUTER_BOUND('',#986,.T.);
#841=FACE_OUTER_BOUND('',#987,.T.);
#842=FACE_OUTER_BOUND('',#988,.T.);
#843=FACE_OUTER_BOUND('',#989,.T.);
#844=FACE_OUTER_BOUND('',#990,.T.);
#845=FACE_OUTER_BOUND('',#991,.T.);
#846=FACE_OUTER_BOUND('',#992,.T.);
#847=FACE_OUTER_BOUND('',#993,.T.);
#848=FACE_OUTER_BOUND('',#994,.T.);
#849=FACE_OUTER_BOUND('',#995,.T.);
#850=FACE_OUTER_BOUND('',#996,.T.);
#851=FACE_OUTER_BOUND('',#998,.T.);
#852=FACE_OUTER_BOUND('',#999,.T.);
#853=FACE_OUTER_BOUND('',#1000,.T.);
#854=FACE_OUTER_BOUND('',#1001,.T.);
#855=FACE_OUTER_BOUND('',#1002,.T.);
#856=FACE_OUTER_BOUND('',#1003,.T.);
#857=FACE_OUTER_BOUND('',#1004,.T.);
#858=FACE_OUTER_BOUND('',#1006,.T.);
#859=FACE_OUTER_BOUND('',#1007,.T.);
#860=FACE_OUTER_BOUND('',#1008,.T.);
#861=FACE_OUTER_BOUND('',#1009,.T.);
#862=FACE_OUTER_BOUND('',#1010,.T.);
#863=FACE_OUTER_BOUND('',#1011,.T.);
#864=FACE_OUTER_BOUND('',#1012,.T.);
#865=FACE_OUTER_BOUND('',#1014,.T.);
#866=FACE_OUTER_BOUND('',#1015,.T.);
#867=FACE_OUTER_BOUND('',#1016,.T.);
#868=FACE_OUTER_BOUND('',#1017,.T.);
#869=FACE_OUTER_BOUND('',#1018,.T.);
#870=FACE_OUTER_BOUND('',#1020,.T.);
#871=FACE_OUTER_BOUND('',#1021,.T.);
#872=FACE_OUTER_BOUND('',#1022,.T.);
#873=FACE_OUTER_BOUND('',#1023,.T.);
#874=FACE_OUTER_BOUND('',#1024,.T.);
#875=FACE_OUTER_BOUND('',#1026,.T.);
#876=FACE_OUTER_BOUND('',#1027,.T.);
#877=FACE_OUTER_BOUND('',#1028,.T.);
#878=FACE_OUTER_BOUND('',#1029,.T.);
#879=FACE_OUTER_BOUND('',#1030,.T.);
#880=FACE_OUTER_BOUND('',#1032,.T.);
#881=FACE_OUTER_BOUND('',#1033,.T.);
#882=FACE_OUTER_BOUND('',#1034,.T.);
#883=FACE_OUTER_BOUND('',#1035,.T.);
#884=FACE_OUTER_BOUND('',#1036,.T.);
#885=FACE_OUTER_BOUND('',#1037,.T.);
#886=FACE_OUTER_BOUND('',#1038,.T.);
#887=FACE_OUTER_BOUND('',#1040,.T.);
#888=FACE_OUTER_BOUND('',#1041,.T.);
#889=FACE_OUTER_BOUND('',#1042,.T.);
#890=FACE_OUTER_BOUND('',#1043,.T.);
#891=FACE_OUTER_BOUND('',#1044,.T.);
#892=FACE_OUTER_BOUND('',#1045,.T.);
#893=FACE_OUTER_BOUND('',#1046,.T.);
#894=FACE_OUTER_BOUND('',#1048,.T.);
#895=FACE_OUTER_BOUND('',#1049,.T.);
#896=FACE_OUTER_BOUND('',#1050,.T.);
#897=FACE_OUTER_BOUND('',#1051,.T.);
#898=FACE_OUTER_BOUND('',#1052,.T.);
#899=FACE_OUTER_BOUND('',#1053,.T.);
#900=FACE_OUTER_BOUND('',#1054,.T.);
#901=FACE_OUTER_BOUND('',#1067,.T.);
#902=FACE_OUTER_BOUND('',#1068,.T.);
#903=FACE_OUTER_BOUND('',#1069,.T.);
#904=FACE_OUTER_BOUND('',#1070,.T.);
#905=FACE_OUTER_BOUND('',#1071,.T.);
#906=FACE_OUTER_BOUND('',#1072,.T.);
#907=FACE_OUTER_BOUND('',#1073,.T.);
#908=FACE_OUTER_BOUND('',#1074,.T.);
#909=FACE_OUTER_BOUND('',#1075,.T.);
#910=FACE_OUTER_BOUND('',#1076,.T.);
#911=FACE_OUTER_BOUND('',#1077,.T.);
#912=FACE_OUTER_BOUND('',#1078,.T.);
#913=FACE_OUTER_BOUND('',#1079,.T.);
#914=FACE_OUTER_BOUND('',#1088,.T.);
#915=FACE_OUTER_BOUND('',#1089,.T.);
#916=FACE_OUTER_BOUND('',#1092,.T.);
#917=FACE_OUTER_BOUND('',#1093,.T.);
#918=FACE_OUTER_BOUND('',#1094,.T.);
#919=FACE_OUTER_BOUND('',#1098,.T.);
#920=FACE_OUTER_BOUND('',#1100,.T.);
#921=FACE_OUTER_BOUND('',#1102,.T.);
#922=FACE_OUTER_BOUND('',#1103,.T.);
#923=FACE_OUTER_BOUND('',#1104,.T.);
#924=FACE_OUTER_BOUND('',#1105,.T.);
#925=FACE_OUTER_BOUND('',#1106,.T.);
#926=FACE_OUTER_BOUND('',#1107,.T.);
#927=FACE_OUTER_BOUND('',#1108,.T.);
#928=EDGE_LOOP('',(#1795,#1796,#1797,#1798,#1799,#1800));
#929=EDGE_LOOP('',(#1801,#1802,#1803,#1804,#1805));
#930=EDGE_LOOP('',(#1806,#1807,#1808,#1809));
#931=EDGE_LOOP('',(#1810,#1811,#1812,#1813));
#932=EDGE_LOOP('',(#1814,#1815,#1816,#1817));
#933=EDGE_LOOP('',(#1818,#1819,#1820,#1821));
#934=EDGE_LOOP('',(#1822,#1823,#1824,#1825));
#935=EDGE_LOOP('',(#1826,#1827,#1828,#1829));
#936=EDGE_LOOP('',(#1830,#1831,#1832,#1833));
#937=EDGE_LOOP('',(#1834,#1835,#1836,#1837));
#938=EDGE_LOOP('',(#1838,#1839,#1840,#1841));
#939=EDGE_LOOP('',(#1842,#1843,#1844,#1845));
#940=EDGE_LOOP('',(#1846,#1847,#1848,#1849,#1850,#1851));
#941=EDGE_LOOP('',(#1852,#1853,#1854,#1855,#1856,#1857,#1858,#1859,#1860,
#1861,#1862,#1863));
#942=EDGE_LOOP('',(#1864,#1865,#1866,#1867,#1868,#1869,#1870,#1871,#1872,
#1873,#1874,#1875,#1876,#1877,#1878,#1879,#1880,#1881,#1882));
#943=EDGE_LOOP('',(#1883,#1884,#1885,#1886,#1887,#1888,#1889,#1890));
#944=EDGE_LOOP('',(#1891,#1892,#1893,#1894,#1895,#1896,#1897,#1898));
#945=EDGE_LOOP('',(#1899,#1900,#1901,#1902));
#946=EDGE_LOOP('',(#1903,#1904,#1905,#1906));
#947=EDGE_LOOP('',(#1907,#1908,#1909,#1910));
#948=EDGE_LOOP('',(#1911,#1912,#1913,#1914));
#949=EDGE_LOOP('',(#1915,#1916,#1917,#1918));
#950=EDGE_LOOP('',(#1919,#1920,#1921,#1922));
#951=EDGE_LOOP('',(#1923,#1924,#1925,#1926));
#952=EDGE_LOOP('',(#1927,#1928,#1929,#1930));
#953=EDGE_LOOP('',(#1931,#1932,#1933,#1934));
#954=EDGE_LOOP('',(#1935,#1936,#1937,#1938));
#955=EDGE_LOOP('',(#1939,#1940,#1941,#1942));
#956=EDGE_LOOP('',(#1943,#1944,#1945,#1946));
#957=EDGE_LOOP('',(#1947,#1948,#1949,#1950));
#958=EDGE_LOOP('',(#1951,#1952,#1953,#1954));
#959=EDGE_LOOP('',(#1955,#1956,#1957,#1958));
#960=EDGE_LOOP('',(#1959,#1960,#1961,#1962));
#961=EDGE_LOOP('',(#1963,#1964,#1965,#1966));
#962=EDGE_LOOP('',(#1967,#1968,#1969,#1970));
#963=EDGE_LOOP('',(#1971,#1972,#1973,#1974));
#964=EDGE_LOOP('',(#1975,#1976,#1977,#1978));
#965=EDGE_LOOP('',(#1979,#1980,#1981,#1982));
#966=EDGE_LOOP('',(#1983,#1984,#1985,#1986));
#967=EDGE_LOOP('',(#1987,#1988,#1989,#1990));
#968=EDGE_LOOP('',(#1991,#1992,#1993,#1994));
#969=EDGE_LOOP('',(#1995,#1996,#1997,#1998));
#970=EDGE_LOOP('',(#1999,#2000,#2001,#2002));
#971=EDGE_LOOP('',(#2003,#2004,#2005,#2006));
#972=EDGE_LOOP('',(#2007,#2008,#2009,#2010));
#973=EDGE_LOOP('',(#2011,#2012,#2013,#2014));
#974=EDGE_LOOP('',(#2015,#2016,#2017,#2018));
#975=EDGE_LOOP('',(#2019,#2020,#2021,#2022));
#976=EDGE_LOOP('',(#2023,#2024,#2025,#2026));
#977=EDGE_LOOP('',(#2027,#2028,#2029,#2030));
#978=EDGE_LOOP('',(#2031,#2032,#2033,#2034));
#979=EDGE_LOOP('',(#2035,#2036,#2037,#2038));
#980=EDGE_LOOP('',(#2039,#2040,#2041,#2042));
#981=EDGE_LOOP('',(#2043,#2044,#2045,#2046));
#982=EDGE_LOOP('',(#2047,#2048,#2049,#2050));
#983=EDGE_LOOP('',(#2051,#2052,#2053,#2054));
#984=EDGE_LOOP('',(#2055,#2056,#2057,#2058));
#985=EDGE_LOOP('',(#2059,#2060,#2061,#2062));
#986=EDGE_LOOP('',(#2063,#2064,#2065,#2066));
#987=EDGE_LOOP('',(#2067,#2068,#2069,#2070));
#988=EDGE_LOOP('',(#2071,#2072,#2073,#2074));
#989=EDGE_LOOP('',(#2075,#2076,#2077,#2078));
#990=EDGE_LOOP('',(#2079,#2080,#2081,#2082));
#991=EDGE_LOOP('',(#2083,#2084,#2085,#2086));
#992=EDGE_LOOP('',(#2087,#2088,#2089,#2090));
#993=EDGE_LOOP('',(#2091,#2092,#2093,#2094));
#994=EDGE_LOOP('',(#2095,#2096,#2097,#2098));
#995=EDGE_LOOP('',(#2099,#2100,#2101,#2102));
#996=EDGE_LOOP('',(#2103,#2104,#2105,#2106,#2107,#2108));
#997=EDGE_LOOP('',(#2109));
#998=EDGE_LOOP('',(#2110,#2111,#2112,#2113));
#999=EDGE_LOOP('',(#2114,#2115,#2116,#2117));
#1000=EDGE_LOOP('',(#2118,#2119,#2120,#2121));
#1001=EDGE_LOOP('',(#2122,#2123,#2124,#2125));
#1002=EDGE_LOOP('',(#2126,#2127,#2128,#2129));
#1003=EDGE_LOOP('',(#2130,#2131,#2132,#2133));
#1004=EDGE_LOOP('',(#2134,#2135,#2136,#2137,#2138,#2139));
#1005=EDGE_LOOP('',(#2140));
#1006=EDGE_LOOP('',(#2141,#2142,#2143,#2144));
#1007=EDGE_LOOP('',(#2145,#2146,#2147,#2148));
#1008=EDGE_LOOP('',(#2149,#2150,#2151,#2152));
#1009=EDGE_LOOP('',(#2153,#2154,#2155,#2156));
#1010=EDGE_LOOP('',(#2157,#2158,#2159,#2160));
#1011=EDGE_LOOP('',(#2161,#2162,#2163,#2164));
#1012=EDGE_LOOP('',(#2165,#2166,#2167,#2168,#2169,#2170));
#1013=EDGE_LOOP('',(#2171));
#1014=EDGE_LOOP('',(#2172,#2173,#2174,#2175));
#1015=EDGE_LOOP('',(#2176,#2177,#2178,#2179));
#1016=EDGE_LOOP('',(#2180,#2181,#2182,#2183));
#1017=EDGE_LOOP('',(#2184,#2185,#2186,#2187));
#1018=EDGE_LOOP('',(#2188));
#1019=EDGE_LOOP('',(#2189));
#1020=EDGE_LOOP('',(#2190,#2191,#2192,#2193));
#1021=EDGE_LOOP('',(#2194,#2195,#2196,#2197,#2198,#2199));
#1022=EDGE_LOOP('',(#2200,#2201,#2202,#2203));
#1023=EDGE_LOOP('',(#2204,#2205,#2206,#2207));
#1024=EDGE_LOOP('',(#2208));
#1025=EDGE_LOOP('',(#2209));
#1026=EDGE_LOOP('',(#2210,#2211,#2212,#2213));
#1027=EDGE_LOOP('',(#2214,#2215,#2216,#2217));
#1028=EDGE_LOOP('',(#2218,#2219,#2220,#2221));
#1029=EDGE_LOOP('',(#2222,#2223,#2224,#2225));
#1030=EDGE_LOOP('',(#2226,#2227,#2228,#2229,#2230,#2231));
#1031=EDGE_LOOP('',(#2232));
#1032=EDGE_LOOP('',(#2233,#2234,#2235,#2236));
#1033=EDGE_LOOP('',(#2237,#2238,#2239,#2240));
#1034=EDGE_LOOP('',(#2241,#2242,#2243,#2244));
#1035=EDGE_LOOP('',(#2245,#2246,#2247,#2248));
#1036=EDGE_LOOP('',(#2249,#2250,#2251,#2252));
#1037=EDGE_LOOP('',(#2253,#2254,#2255,#2256));
#1038=EDGE_LOOP('',(#2257,#2258,#2259,#2260,#2261,#2262));
#1039=EDGE_LOOP('',(#2263));
#1040=EDGE_LOOP('',(#2264,#2265,#2266,#2267));
#1041=EDGE_LOOP('',(#2268,#2269,#2270,#2271));
#1042=EDGE_LOOP('',(#2272,#2273,#2274,#2275));
#1043=EDGE_LOOP('',(#2276,#2277,#2278,#2279));
#1044=EDGE_LOOP('',(#2280,#2281,#2282,#2283));
#1045=EDGE_LOOP('',(#2284,#2285,#2286,#2287));
#1046=EDGE_LOOP('',(#2288,#2289,#2290,#2291,#2292,#2293));
#1047=EDGE_LOOP('',(#2294));
#1048=EDGE_LOOP('',(#2295,#2296,#2297,#2298));
#1049=EDGE_LOOP('',(#2299,#2300,#2301,#2302));
#1050=EDGE_LOOP('',(#2303,#2304,#2305,#2306));
#1051=EDGE_LOOP('',(#2307,#2308,#2309,#2310));
#1052=EDGE_LOOP('',(#2311,#2312,#2313,#2314));
#1053=EDGE_LOOP('',(#2315,#2316,#2317,#2318));
#1054=EDGE_LOOP('',(#2319,#2320,#2321,#2322,#2323,#2324,#2325,#2326));
#1055=EDGE_LOOP('',(#2327));
#1056=EDGE_LOOP('',(#2328));
#1057=EDGE_LOOP('',(#2329));
#1058=EDGE_LOOP('',(#2330));
#1059=EDGE_LOOP('',(#2331,#2332,#2333,#2334,#2335,#2336,#2337,#2338,#2339,
#2340,#2341,#2342));
#1060=EDGE_LOOP('',(#2343,#2344,#2345,#2346,#2347,#2348));
#1061=EDGE_LOOP('',(#2349,#2350,#2351,#2352,#2353,#2354,#2355,#2356,#2357,
#2358,#2359,#2360,#2361,#2362,#2363,#2364,#2365,#2366,#2367));
#1062=EDGE_LOOP('',(#2368));
#1063=EDGE_LOOP('',(#2369));
#1064=EDGE_LOOP('',(#2370));
#1065=EDGE_LOOP('',(#2371));
#1066=EDGE_LOOP('',(#2372));
#1067=EDGE_LOOP('',(#2373,#2374,#2375,#2376));
#1068=EDGE_LOOP('',(#2377,#2378,#2379,#2380));
#1069=EDGE_LOOP('',(#2381,#2382,#2383,#2384));
#1070=EDGE_LOOP('',(#2385,#2386,#2387,#2388));
#1071=EDGE_LOOP('',(#2389,#2390,#2391,#2392));
#1072=EDGE_LOOP('',(#2393,#2394,#2395,#2396));
#1073=EDGE_LOOP('',(#2397,#2398,#2399,#2400));
#1074=EDGE_LOOP('',(#2401,#2402,#2403,#2404));
#1075=EDGE_LOOP('',(#2405,#2406,#2407,#2408));
#1076=EDGE_LOOP('',(#2409,#2410,#2411,#2412));
#1077=EDGE_LOOP('',(#2413,#2414,#2415,#2416));
#1078=EDGE_LOOP('',(#2417,#2418,#2419,#2420));
#1079=EDGE_LOOP('',(#2421,#2422,#2423,#2424,#2425,#2426,#2427,#2428));
#1080=EDGE_LOOP('',(#2429));
#1081=EDGE_LOOP('',(#2430));
#1082=EDGE_LOOP('',(#2431,#2432,#2433,#2434,#2435,#2436));
#1083=EDGE_LOOP('',(#2437,#2438,#2439,#2440,#2441,#2442));
#1084=EDGE_LOOP('',(#2443,#2444,#2445,#2446,#2447,#2448));
#1085=EDGE_LOOP('',(#2449,#2450,#2451,#2452,#2453,#2454));
#1086=EDGE_LOOP('',(#2455,#2456,#2457,#2458,#2459,#2460));
#1087=EDGE_LOOP('',(#2461,#2462,#2463,#2464,#2465,#2466));
#1088=EDGE_LOOP('',(#2467,#2468,#2469,#2470));
#1089=EDGE_LOOP('',(#2471));
#1090=EDGE_LOOP('',(#2472));
#1091=EDGE_LOOP('',(#2473));
#1092=EDGE_LOOP('',(#2474,#2475,#2476,#2477,#2478));
#1093=EDGE_LOOP('',(#2479,#2480,#2481,#2482));
#1094=EDGE_LOOP('',(#2483,#2484,#2485,#2486,#2487,#2488,#2489,#2490));
#1095=EDGE_LOOP('',(#2491));
#1096=EDGE_LOOP('',(#2492,#2493,#2494,#2495));
#1097=EDGE_LOOP('',(#2496,#2497,#2498,#2499));
#1098=EDGE_LOOP('',(#2500));
#1099=EDGE_LOOP('',(#2501,#2502,#2503,#2504,#2505,#2506,#2507,#2508));
#1100=EDGE_LOOP('',(#2509));
#1101=EDGE_LOOP('',(#2510));
#1102=EDGE_LOOP('',(#2511,#2512,#2513,#2514));
#1103=EDGE_LOOP('',(#2515,#2516,#2517,#2518,#2519,#2520));
#1104=EDGE_LOOP('',(#2521,#2522,#2523,#2524,#2525,#2526));
#1105=EDGE_LOOP('',(#2527,#2528,#2529,#2530));
#1106=EDGE_LOOP('',(#2531,#2532,#2533,#2534,#2535,#2536));
#1107=EDGE_LOOP('',(#2537,#2538,#2539,#2540));
#1108=EDGE_LOOP('',(#2541,#2542,#2543,#2544));
#1109=CIRCLE('',#2695,38.);
#1110=CIRCLE('',#2696,38.);
#1111=CIRCLE('',#2697,2.29999999999999);
#1112=CIRCLE('',#2698,38.);
#1113=CIRCLE('',#2699,38.);
#1114=CIRCLE('',#2701,38.);
#1115=CIRCLE('',#2703,40.);
#1116=CIRCLE('',#2704,40.);
#1117=CIRCLE('',#2707,144.274488314553);
#1118=CIRCLE('',#2708,144.274488314553);
#1119=CIRCLE('',#2711,11.5527777777778);
#1120=CIRCLE('',#2712,11.5527777777778);
#1121=CIRCLE('',#2714,8.25);
#1122=CIRCLE('',#2715,8.25);
#1123=CIRCLE('',#2756,1.5);
#1124=CIRCLE('',#2764,1.5);
#1125=CIRCLE('',#2772,1.5);
#1126=CIRCLE('',#2774,1.5);
#1127=CIRCLE('',#2776,1.5);
#1128=CIRCLE('',#2778,1.5);
#1129=CIRCLE('',#2780,2.5);
#1130=CIRCLE('',#2781,2.5);
#1131=CIRCLE('',#2783,1.5);
#1132=CIRCLE('',#2785,1.5);
#1133=CIRCLE('',#2787,1.543);
#1134=CIRCLE('',#2788,1.543);
#1135=CIRCLE('',#2790,2.5);
#1136=CIRCLE('',#2791,2.5);
#1137=CIRCLE('',#2793,1.5);
#1138=CIRCLE('',#2794,1.5);
#1139=CIRCLE('',#2796,2.5);
#1140=CIRCLE('',#2798,2.5);
#1141=CIRCLE('',#2800,1.5);
#1142=CIRCLE('',#2801,1.5);
#1143=CIRCLE('',#2803,1.5);
#1144=CIRCLE('',#2804,1.5);
#1145=CIRCLE('',#2806,1.5);
#1146=CIRCLE('',#2807,1.5);
#1147=CIRCLE('',#2830,40.);
#1148=CIRCLE('',#2831,144.274488314552);
#1149=CIRCLE('',#2832,43.25);
#1150=CIRCLE('',#2835,8.25);
#1151=CIRCLE('',#2836,8.25);
#1152=CIRCLE('',#2838,11.5527777777778);
#1153=CIRCLE('',#2839,11.5527777777778);
#1154=CIRCLE('',#2842,144.274488314552);
#1155=CIRCLE('',#2845,40.);
#1156=CIRCLE('',#2848,43.25);
#1157=CIRCLE('',#2849,10.);
#1158=CIRCLE('',#2851,10.);
#1159=CIRCLE('',#2854,38.);
#1160=CIRCLE('',#2857,4.2);
#1161=CIRCLE('',#2858,1.2645);
#1162=CIRCLE('',#2859,1.543);
#1163=CIRCLE('',#2860,1.2645);
#1164=CIRCLE('',#2862,33.9999999999998);
#1165=CIRCLE('',#2863,4.2);
#1166=CIRCLE('',#2865,33.9999999999997);
#1167=CIRCLE('',#2867,1.2645);
#1168=CIRCLE('',#2870,1.543);
#1169=CIRCLE('',#2872,1.2645);
#1170=VERTEX_POINT('',#3520);
#1171=VERTEX_POINT('',#3521);
#1172=VERTEX_POINT('',#3524);
#1173=VERTEX_POINT('',#3526);
#1174=VERTEX_POINT('',#3530);
#1175=VERTEX_POINT('',#3534);
#1176=VERTEX_POINT('',#3535);
#1177=VERTEX_POINT('',#3537);
#1178=VERTEX_POINT('',#3539);
#1179=VERTEX_POINT('',#3543);
#1180=VERTEX_POINT('',#3545);
#1181=VERTEX_POINT('',#3549);
#1182=VERTEX_POINT('',#3551);
#1183=VERTEX_POINT('',#3582);
#1184=VERTEX_POINT('',#3583);
#1185=VERTEX_POINT('',#3603);
#1186=VERTEX_POINT('',#3605);
#1187=VERTEX_POINT('',#3654);
#1188=VERTEX_POINT('',#3655);
#1189=VERTEX_POINT('',#3675);
#1190=VERTEX_POINT('',#3677);
#1191=VERTEX_POINT('',#3699);
#1192=VERTEX_POINT('',#3700);
#1193=VERTEX_POINT('',#3702);
#1194=VERTEX_POINT('',#3704);
#1195=VERTEX_POINT('',#3708);
#1196=VERTEX_POINT('',#3710);
#1197=VERTEX_POINT('',#3714);
#1198=VERTEX_POINT('',#3716);
#1199=VERTEX_POINT('',#3747);
#1200=VERTEX_POINT('',#3749);
#1201=VERTEX_POINT('',#3798);
#1202=VERTEX_POINT('',#3800);
#1203=VERTEX_POINT('',#3822);
#1204=VERTEX_POINT('',#3823);
#1205=VERTEX_POINT('',#3825);
#1206=VERTEX_POINT('',#3827);
#1207=VERTEX_POINT('',#3829);
#1208=VERTEX_POINT('',#3831);
#1209=VERTEX_POINT('',#3835);
#1210=VERTEX_POINT('',#3836);
#1211=VERTEX_POINT('',#3838);
#1212=VERTEX_POINT('',#3840);
#1213=VERTEX_POINT('',#3842);
#1214=VERTEX_POINT('',#3844);
#1215=VERTEX_POINT('',#3846);
#1216=VERTEX_POINT('',#3848);
#1217=VERTEX_POINT('',#3850);
#1218=VERTEX_POINT('',#3852);
#1219=VERTEX_POINT('',#3854);
#1220=VERTEX_POINT('',#3856);
#1221=VERTEX_POINT('',#3860);
#1222=VERTEX_POINT('',#3861);
#1223=VERTEX_POINT('',#3863);
#1224=VERTEX_POINT('',#3865);
#1225=VERTEX_POINT('',#3867);
#1226=VERTEX_POINT('',#3873);
#1227=VERTEX_POINT('',#3879);
#1228=VERTEX_POINT('',#3885);
#1229=VERTEX_POINT('',#3891);
#1230=VERTEX_POINT('',#3893);
#1231=VERTEX_POINT('',#3895);
#1232=VERTEX_POINT('',#3897);
#1233=VERTEX_POINT('',#3903);
#1234=VERTEX_POINT('',#3909);
#1235=VERTEX_POINT('',#3915);
#1236=VERTEX_POINT('',#3921);
#1237=VERTEX_POINT('',#3927);
#1238=VERTEX_POINT('',#3933);
#1239=VERTEX_POINT('',#3939);
#1240=VERTEX_POINT('',#3942);
#1241=VERTEX_POINT('',#3943);
#1242=VERTEX_POINT('',#3945);
#1243=VERTEX_POINT('',#3947);
#1244=VERTEX_POINT('',#3953);
#1245=VERTEX_POINT('',#3959);
#1246=VERTEX_POINT('',#3965);
#1247=VERTEX_POINT('',#3971);
#1248=VERTEX_POINT('',#3979);
#1249=VERTEX_POINT('',#3980);
#1250=VERTEX_POINT('',#3982);
#1251=VERTEX_POINT('',#3984);
#1252=VERTEX_POINT('',#3986);
#1253=VERTEX_POINT('',#3994);
#1254=VERTEX_POINT('',#4002);
#1255=VERTEX_POINT('',#4010);
#1256=VERTEX_POINT('',#4053);
#1257=VERTEX_POINT('',#4054);
#1258=VERTEX_POINT('',#4074);
#1259=VERTEX_POINT('',#4093);
#1260=VERTEX_POINT('',#4112);
#1261=VERTEX_POINT('',#4131);
#1262=VERTEX_POINT('',#4150);
#1263=VERTEX_POINT('',#4160);
#1264=VERTEX_POINT('',#4164);
#1265=VERTEX_POINT('',#4168);
#1266=VERTEX_POINT('',#4172);
#1267=VERTEX_POINT('',#4176);
#1268=VERTEX_POINT('',#4177);
#1269=VERTEX_POINT('',#4182);
#1270=VERTEX_POINT('',#4186);
#1271=VERTEX_POINT('',#4190);
#1272=VERTEX_POINT('',#4191);
#1273=VERTEX_POINT('',#4196);
#1274=VERTEX_POINT('',#4200);
#1275=VERTEX_POINT('',#4204);
#1276=VERTEX_POINT('',#4208);
#1277=VERTEX_POINT('',#4212);
#1278=VERTEX_POINT('',#4259);
#1279=VERTEX_POINT('',#4272);
#1280=VERTEX_POINT('',#4291);
#1281=VERTEX_POINT('',#4310);
#1282=VERTEX_POINT('',#4329);
#1283=VERTEX_POINT('',#4339);
#1284=VERTEX_POINT('',#4343);
#1285=VERTEX_POINT('',#4347);
#1286=VERTEX_POINT('',#4368);
#1287=VERTEX_POINT('',#4372);
#1288=VERTEX_POINT('',#4378);
#1289=VERTEX_POINT('',#4382);
#1290=VERTEX_POINT('',#4386);
#1291=VERTEX_POINT('',#4390);
#1292=VERTEX_POINT('',#4394);
#1293=VERTEX_POINT('',#4400);
#1294=VERTEX_POINT('',#4401);
#1295=VERTEX_POINT('',#4403);
#1296=VERTEX_POINT('',#4405);
#1297=VERTEX_POINT('',#4409);
#1298=VERTEX_POINT('',#4410);
#1299=VERTEX_POINT('',#4415);
#1300=VERTEX_POINT('',#4416);
#1301=VERTEX_POINT('',#4421);
#1302=VERTEX_POINT('',#4422);
#1303=VERTEX_POINT('',#4427);
#1304=VERTEX_POINT('',#4428);
#1305=VERTEX_POINT('',#4436);
#1306=VERTEX_POINT('',#4439);
#1307=VERTEX_POINT('',#4440);
#1308=VERTEX_POINT('',#4442);
#1309=VERTEX_POINT('',#4444);
#1310=VERTEX_POINT('',#4448);
#1311=VERTEX_POINT('',#4449);
#1312=VERTEX_POINT('',#4454);
#1313=VERTEX_POINT('',#4455);
#1314=VERTEX_POINT('',#4460);
#1315=VERTEX_POINT('',#4461);
#1316=VERTEX_POINT('',#4466);
#1317=VERTEX_POINT('',#4467);
#1318=VERTEX_POINT('',#4475);
#1319=VERTEX_POINT('',#4478);
#1320=VERTEX_POINT('',#4479);
#1321=VERTEX_POINT('',#4481);
#1322=VERTEX_POINT('',#4483);
#1323=VERTEX_POINT('',#4487);
#1324=VERTEX_POINT('',#4488);
#1325=VERTEX_POINT('',#4493);
#1326=VERTEX_POINT('',#4494);
#1327=VERTEX_POINT('',#4499);
#1328=VERTEX_POINT('',#4500);
#1329=VERTEX_POINT('',#4505);
#1330=VERTEX_POINT('',#4506);
#1331=VERTEX_POINT('',#4514);
#1332=VERTEX_POINT('',#4517);
#1333=VERTEX_POINT('',#4521);
#1334=VERTEX_POINT('',#4525);
#1335=VERTEX_POINT('',#4529);
#1336=VERTEX_POINT('',#4531);
#1337=VERTEX_POINT('',#4535);
#1338=VERTEX_POINT('',#4538);
#1339=VERTEX_POINT('',#4542);
#1340=VERTEX_POINT('',#4544);
#1341=VERTEX_POINT('',#4546);
#1342=VERTEX_POINT('',#4550);
#1343=VERTEX_POINT('',#4552);
#1344=VERTEX_POINT('',#4556);
#1345=VERTEX_POINT('',#4558);
#1346=VERTEX_POINT('',#4562);
#1347=VERTEX_POINT('',#4565);
#1348=VERTEX_POINT('',#4569);
#1349=VERTEX_POINT('',#4571);
#1350=VERTEX_POINT('',#4575);
#1351=VERTEX_POINT('',#4577);
#1352=VERTEX_POINT('',#4581);
#1353=VERTEX_POINT('',#4583);
#1354=VERTEX_POINT('',#4587);
#1355=VERTEX_POINT('',#4588);
#1356=VERTEX_POINT('',#4590);
#1357=VERTEX_POINT('',#4592);
#1358=VERTEX_POINT('',#4594);
#1359=VERTEX_POINT('',#4596);
#1360=VERTEX_POINT('',#4600);
#1361=VERTEX_POINT('',#4602);
#1362=VERTEX_POINT('',#4606);
#1363=VERTEX_POINT('',#4610);
#1364=VERTEX_POINT('',#4614);
#1365=VERTEX_POINT('',#4618);
#1366=VERTEX_POINT('',#4624);
#1367=VERTEX_POINT('',#4625);
#1368=VERTEX_POINT('',#4627);
#1369=VERTEX_POINT('',#4629);
#1370=VERTEX_POINT('',#4631);
#1371=VERTEX_POINT('',#4633);
#1372=VERTEX_POINT('',#4637);
#1373=VERTEX_POINT('',#4639);
#1374=VERTEX_POINT('',#4643);
#1375=VERTEX_POINT('',#4647);
#1376=VERTEX_POINT('',#4651);
#1377=VERTEX_POINT('',#4655);
#1378=VERTEX_POINT('',#4661);
#1379=VERTEX_POINT('',#4662);
#1380=VERTEX_POINT('',#4664);
#1381=VERTEX_POINT('',#4666);
#1382=VERTEX_POINT('',#4668);
#1383=VERTEX_POINT('',#4670);
#1384=VERTEX_POINT('',#4674);
#1385=VERTEX_POINT('',#4676);
#1386=VERTEX_POINT('',#4680);
#1387=VERTEX_POINT('',#4684);
#1388=VERTEX_POINT('',#4688);
#1389=VERTEX_POINT('',#4692);
#1390=VERTEX_POINT('',#4698);
#1391=VERTEX_POINT('',#4700);
#1392=VERTEX_POINT('',#4702);
#1393=VERTEX_POINT('',#4704);
#1394=VERTEX_POINT('',#4735);
#1395=VERTEX_POINT('',#4755);
#1396=VERTEX_POINT('',#4804);
#1397=VERTEX_POINT('',#4805);
#1398=VERTEX_POINT('',#4825);
#1399=VERTEX_POINT('',#4827);
#1400=VERTEX_POINT('',#4849);
#1401=VERTEX_POINT('',#4851);
#1402=VERTEX_POINT('',#4855);
#1403=VERTEX_POINT('',#4857);
#1404=VERTEX_POINT('',#4861);
#1405=VERTEX_POINT('',#4863);
#1406=VERTEX_POINT('',#4867);
#1407=VERTEX_POINT('',#4869);
#1408=VERTEX_POINT('',#4900);
#1409=VERTEX_POINT('',#4902);
#1410=VERTEX_POINT('',#4951);
#1411=VERTEX_POINT('',#4973);
#1412=VERTEX_POINT('',#4975);
#1413=VERTEX_POINT('',#4979);
#1414=VERTEX_POINT('',#4983);
#1415=VERTEX_POINT('',#4990);
#1416=VERTEX_POINT('',#4993);
#1417=VERTEX_POINT('',#4998);
#1418=VERTEX_POINT('',#5008);
#1419=VERTEX_POINT('',#5012);
#1420=EDGE_CURVE('',#1170,#1171,#1109,.T.);
#1421=EDGE_CURVE('',#1171,#1170,#1110,.T.);
#1422=EDGE_CURVE('',#1171,#1172,#1111,.T.);
#1423=EDGE_CURVE('',#1173,#1172,#1112,.T.);
#1424=EDGE_CURVE('',#1172,#1173,#1113,.T.);
#1425=EDGE_CURVE('',#1173,#1174,#214,.T.);
#1426=EDGE_CURVE('',#1174,#1174,#1114,.T.);
#1427=EDGE_CURVE('',#1175,#1176,#1115,.T.);
#1428=EDGE_CURVE('',#1176,#1177,#215,.T.);
#1429=EDGE_CURVE('',#1178,#1177,#1116,.T.);
#1430=EDGE_CURVE('',#1175,#1178,#216,.T.);
#1431=EDGE_CURVE('',#1179,#1175,#217,.T.);
#1432=EDGE_CURVE('',#1180,#1178,#218,.T.);
#1433=EDGE_CURVE('',#1179,#1180,#219,.T.);
#1434=EDGE_CURVE('',#1180,#1181,#1117,.T.);
#1435=EDGE_CURVE('',#1181,#1182,#220,.T.);
#1436=EDGE_CURVE('',#1179,#1182,#1118,.T.);
#1437=EDGE_CURVE('',#1183,#1184,#55,.T.);
#1438=EDGE_CURVE('',#1183,#1185,#221,.T.);
#1439=EDGE_CURVE('',#1186,#1185,#56,.T.);
#1440=EDGE_CURVE('',#1184,#1186,#222,.T.);
#1441=EDGE_CURVE('',#1187,#1188,#57,.T.);
#1442=EDGE_CURVE('',#1187,#1189,#223,.T.);
#1443=EDGE_CURVE('',#1190,#1189,#58,.T.);
#1444=EDGE_CURVE('',#1188,#1190,#224,.T.);
#1445=EDGE_CURVE('',#1191,#1192,#225,.T.);
#1446=EDGE_CURVE('',#1193,#1192,#226,.T.);
#1447=EDGE_CURVE('',#1194,#1193,#227,.T.);
#1448=EDGE_CURVE('',#1194,#1191,#228,.T.);
#1449=EDGE_CURVE('',#1195,#1191,#1119,.T.);
#1450=EDGE_CURVE('',#1196,#1194,#1120,.T.);
#1451=EDGE_CURVE('',#1196,#1195,#229,.T.);
#1452=EDGE_CURVE('',#1197,#1195,#1121,.T.);
#1453=EDGE_CURVE('',#1198,#1196,#1122,.T.);
#1454=EDGE_CURVE('',#1198,#1197,#230,.T.);
#1455=EDGE_CURVE('',#1188,#1199,#231,.T.);
#1456=EDGE_CURVE('',#1199,#1200,#59,.T.);
#1457=EDGE_CURVE('',#1187,#1200,#232,.T.);
#1458=EDGE_CURVE('',#1184,#1201,#233,.T.);
#1459=EDGE_CURVE('',#1201,#1202,#60,.T.);
#1460=EDGE_CURVE('',#1183,#1202,#234,.T.);
#1461=EDGE_CURVE('',#1203,#1204,#235,.T.);
#1462=EDGE_CURVE('',#1205,#1203,#236,.T.);
#1463=EDGE_CURVE('',#1206,#1205,#237,.T.);
#1464=EDGE_CURVE('',#1207,#1206,#238,.T.);
#1465=EDGE_CURVE('',#1208,#1207,#239,.T.);
#1466=EDGE_CURVE('',#1204,#1208,#240,.T.);
#1467=EDGE_CURVE('',#1209,#1210,#241,.T.);
#1468=EDGE_CURVE('',#1211,#1209,#242,.T.);
#1469=EDGE_CURVE('',#1212,#1211,#243,.T.);
#1470=EDGE_CURVE('',#1213,#1212,#244,.T.);
#1471=EDGE_CURVE('',#1214,#1213,#245,.T.);
#1472=EDGE_CURVE('',#1215,#1214,#246,.T.);
#1473=EDGE_CURVE('',#1216,#1215,#247,.T.);
#1474=EDGE_CURVE('',#1217,#1216,#248,.T.);
#1475=EDGE_CURVE('',#1218,#1217,#249,.T.);
#1476=EDGE_CURVE('',#1219,#1218,#250,.T.);
#1477=EDGE_CURVE('',#1220,#1219,#251,.T.);
#1478=EDGE_CURVE('',#1210,#1220,#252,.T.);
#1479=EDGE_CURVE('',#1221,#1222,#253,.T.);
#1480=EDGE_CURVE('',#1223,#1221,#254,.T.);
#1481=EDGE_CURVE('',#1224,#1223,#255,.T.);
#1482=EDGE_CURVE('',#1225,#1224,#61,.T.);
#1483=EDGE_CURVE('',#1226,#1225,#62,.T.);
#1484=EDGE_CURVE('',#1227,#1226,#63,.T.);
#1485=EDGE_CURVE('',#1228,#1227,#64,.T.);
#1486=EDGE_CURVE('',#1229,#1228,#256,.T.);
#1487=EDGE_CURVE('',#1230,#1229,#257,.T.);
#1488=EDGE_CURVE('',#1231,#1230,#258,.T.);
#1489=EDGE_CURVE('',#1232,#1231,#65,.T.);
#1490=EDGE_CURVE('',#1233,#1232,#66,.T.);
#1491=EDGE_CURVE('',#1234,#1233,#67,.T.);
#1492=EDGE_CURVE('',#1235,#1234,#68,.T.);
#1493=EDGE_CURVE('',#1236,#1235,#69,.T.);
#1494=EDGE_CURVE('',#1237,#1236,#70,.T.);
#1495=EDGE_CURVE('',#1238,#1237,#71,.T.);
#1496=EDGE_CURVE('',#1239,#1238,#259,.T.);
#1497=EDGE_CURVE('',#1222,#1239,#260,.T.);
#1498=EDGE_CURVE('',#1240,#1241,#261,.T.);
#1499=EDGE_CURVE('',#1242,#1240,#262,.T.);
#1500=EDGE_CURVE('',#1243,#1242,#72,.T.);
#1501=EDGE_CURVE('',#1244,#1243,#73,.T.);
#1502=EDGE_CURVE('',#1245,#1244,#74,.T.);
#1503=EDGE_CURVE('',#1246,#1245,#75,.T.);
#1504=EDGE_CURVE('',#1247,#1246,#76,.T.);
#1505=EDGE_CURVE('',#1241,#1247,#263,.T.);
#1506=EDGE_CURVE('',#1248,#1249,#264,.T.);
#1507=EDGE_CURVE('',#1250,#1248,#265,.T.);
#1508=EDGE_CURVE('',#1251,#1250,#266,.T.);
#1509=EDGE_CURVE('',#1252,#1251,#77,.T.);
#1510=EDGE_CURVE('',#1253,#1252,#78,.T.);
#1511=EDGE_CURVE('',#1254,#1253,#79,.T.);
#1512=EDGE_CURVE('',#1255,#1254,#80,.T.);
#1513=EDGE_CURVE('',#1249,#1255,#81,.T.);
#1514=EDGE_CURVE('',#1251,#1247,#267,.T.);
#1515=EDGE_CURVE('',#1252,#1246,#268,.T.);
#1516=EDGE_CURVE('',#1250,#1241,#269,.T.);
#1517=EDGE_CURVE('',#1248,#1240,#270,.T.);
#1518=EDGE_CURVE('',#1249,#1242,#271,.T.);
#1519=EDGE_CURVE('',#1256,#1257,#82,.T.);
#1520=EDGE_CURVE('',#1257,#1233,#272,.T.);
#1521=EDGE_CURVE('',#1256,#1232,#273,.T.);
#1522=EDGE_CURVE('',#1257,#1258,#83,.T.);
#1523=EDGE_CURVE('',#1258,#1234,#274,.T.);
#1524=EDGE_CURVE('',#1258,#1259,#84,.T.);
#1525=EDGE_CURVE('',#1259,#1235,#275,.T.);
#1526=EDGE_CURVE('',#1259,#1260,#85,.T.);
#1527=EDGE_CURVE('',#1260,#1236,#276,.T.);
#1528=EDGE_CURVE('',#1260,#1261,#86,.T.);
#1529=EDGE_CURVE('',#1261,#1237,#277,.T.);
#1530=EDGE_CURVE('',#1261,#1262,#87,.T.);
#1531=EDGE_CURVE('',#1262,#1238,#278,.T.);
#1532=EDGE_CURVE('',#1262,#1263,#279,.T.);
#1533=EDGE_CURVE('',#1263,#1239,#280,.T.);
#1534=EDGE_CURVE('',#1263,#1264,#281,.T.);
#1535=EDGE_CURVE('',#1264,#1222,#282,.T.);
#1536=EDGE_CURVE('',#1264,#1265,#283,.T.);
#1537=EDGE_CURVE('',#1265,#1221,#284,.T.);
#1538=EDGE_CURVE('',#1265,#1266,#285,.T.);
#1539=EDGE_CURVE('',#1266,#1223,#286,.T.);
#1540=EDGE_CURVE('',#1267,#1268,#287,.T.);
#1541=EDGE_CURVE('',#1268,#1204,#288,.T.);
#1542=EDGE_CURVE('',#1267,#1208,#289,.T.);
#1543=EDGE_CURVE('',#1268,#1269,#290,.T.);
#1544=EDGE_CURVE('',#1269,#1203,#291,.T.);
#1545=EDGE_CURVE('',#1269,#1270,#292,.T.);
#1546=EDGE_CURVE('',#1270,#1205,#293,.T.);
#1547=EDGE_CURVE('',#1271,#1272,#294,.T.);
#1548=EDGE_CURVE('',#1272,#1218,#295,.T.);
#1549=EDGE_CURVE('',#1271,#1217,#296,.T.);
#1550=EDGE_CURVE('',#1272,#1273,#297,.T.);
#1551=EDGE_CURVE('',#1273,#1219,#298,.T.);
#1552=EDGE_CURVE('',#1273,#1274,#299,.T.);
#1553=EDGE_CURVE('',#1274,#1220,#300,.T.);
#1554=EDGE_CURVE('',#1274,#1275,#301,.T.);
#1555=EDGE_CURVE('',#1275,#1210,#302,.T.);
#1556=EDGE_CURVE('',#1275,#1276,#303,.T.);
#1557=EDGE_CURVE('',#1276,#1209,#304,.T.);
#1558=EDGE_CURVE('',#1276,#1277,#305,.T.);
#1559=EDGE_CURVE('',#1277,#1211,#306,.T.);
#1560=EDGE_CURVE('',#1255,#1243,#307,.T.);
#1561=EDGE_CURVE('',#1254,#1244,#308,.T.);
#1562=EDGE_CURVE('',#1253,#1245,#309,.T.);
#1563=EDGE_CURVE('',#1266,#1278,#310,.T.);
#1564=EDGE_CURVE('',#1278,#1224,#311,.T.);
#1565=EDGE_CURVE('',#1278,#1279,#88,.T.);
#1566=EDGE_CURVE('',#1279,#1225,#312,.T.);
#1567=EDGE_CURVE('',#1279,#1280,#89,.T.);
#1568=EDGE_CURVE('',#1280,#1226,#313,.T.);
#1569=EDGE_CURVE('',#1280,#1281,#90,.T.);
#1570=EDGE_CURVE('',#1281,#1227,#314,.T.);
#1571=EDGE_CURVE('',#1281,#1282,#91,.T.);
#1572=EDGE_CURVE('',#1282,#1228,#315,.T.);
#1573=EDGE_CURVE('',#1282,#1283,#316,.T.);
#1574=EDGE_CURVE('',#1283,#1229,#317,.T.);
#1575=EDGE_CURVE('',#1283,#1284,#318,.T.);
#1576=EDGE_CURVE('',#1284,#1230,#319,.T.);
#1577=EDGE_CURVE('',#1284,#1285,#320,.T.);
#1578=EDGE_CURVE('',#1285,#1231,#321,.T.);
#1579=EDGE_CURVE('',#1285,#1256,#92,.T.);
#1580=EDGE_CURVE('',#1270,#1286,#322,.T.);
#1581=EDGE_CURVE('',#1286,#1206,#323,.T.);
#1582=EDGE_CURVE('',#1286,#1287,#324,.T.);
#1583=EDGE_CURVE('',#1287,#1207,#325,.T.);
#1584=EDGE_CURVE('',#1287,#1267,#326,.T.);
#1585=EDGE_CURVE('',#1277,#1288,#327,.T.);
#1586=EDGE_CURVE('',#1288,#1212,#328,.T.);
#1587=EDGE_CURVE('',#1288,#1289,#329,.T.);
#1588=EDGE_CURVE('',#1289,#1213,#330,.T.);
#1589=EDGE_CURVE('',#1289,#1290,#331,.T.);
#1590=EDGE_CURVE('',#1290,#1214,#332,.T.);
#1591=EDGE_CURVE('',#1290,#1291,#333,.T.);
#1592=EDGE_CURVE('',#1291,#1215,#334,.T.);
#1593=EDGE_CURVE('',#1291,#1292,#335,.T.);
#1594=EDGE_CURVE('',#1292,#1216,#336,.T.);
#1595=EDGE_CURVE('',#1292,#1271,#337,.T.);
#1596=EDGE_CURVE('',#1293,#1294,#338,.T.);
#1597=EDGE_CURVE('',#1294,#1295,#339,.T.);
#1598=EDGE_CURVE('',#1295,#1296,#340,.T.);
#1599=EDGE_CURVE('',#1293,#1296,#341,.T.);
#1600=EDGE_CURVE('',#1297,#1298,#342,.T.);
#1601=EDGE_CURVE('',#1298,#1294,#343,.T.);
#1602=EDGE_CURVE('',#1297,#1293,#344,.T.);
#1603=EDGE_CURVE('',#1299,#1300,#345,.T.);
#1604=EDGE_CURVE('',#1300,#1298,#346,.T.);
#1605=EDGE_CURVE('',#1299,#1297,#347,.T.);
#1606=EDGE_CURVE('',#1301,#1302,#348,.T.);
#1607=EDGE_CURVE('',#1302,#1300,#349,.T.);
#1608=EDGE_CURVE('',#1301,#1299,#350,.T.);
#1609=EDGE_CURVE('',#1303,#1304,#351,.T.);
#1610=EDGE_CURVE('',#1304,#1302,#352,.T.);
#1611=EDGE_CURVE('',#1303,#1301,#353,.T.);
#1612=EDGE_CURVE('',#1295,#1304,#354,.T.);
#1613=EDGE_CURVE('',#1296,#1303,#355,.T.);
#1614=EDGE_CURVE('',#1305,#1305,#1123,.T.);
#1615=EDGE_CURVE('',#1306,#1307,#356,.T.);
#1616=EDGE_CURVE('',#1307,#1308,#357,.T.);
#1617=EDGE_CURVE('',#1308,#1309,#358,.T.);
#1618=EDGE_CURVE('',#1306,#1309,#359,.T.);
#1619=EDGE_CURVE('',#1310,#1311,#360,.T.);
#1620=EDGE_CURVE('',#1311,#1307,#361,.T.);
#1621=EDGE_CURVE('',#1310,#1306,#362,.T.);
#1622=EDGE_CURVE('',#1312,#1313,#363,.T.);
#1623=EDGE_CURVE('',#1313,#1311,#364,.T.);
#1624=EDGE_CURVE('',#1312,#1310,#365,.T.);
#1625=EDGE_CURVE('',#1314,#1315,#366,.T.);
#1626=EDGE_CURVE('',#1315,#1313,#367,.T.);
#1627=EDGE_CURVE('',#1314,#1312,#368,.T.);
#1628=EDGE_CURVE('',#1316,#1317,#369,.T.);
#1629=EDGE_CURVE('',#1317,#1315,#370,.T.);
#1630=EDGE_CURVE('',#1316,#1314,#371,.T.);
#1631=EDGE_CURVE('',#1308,#1317,#372,.T.);
#1632=EDGE_CURVE('',#1309,#1316,#373,.T.);
#1633=EDGE_CURVE('',#1318,#1318,#1124,.T.);
#1634=EDGE_CURVE('',#1319,#1320,#374,.T.);
#1635=EDGE_CURVE('',#1320,#1321,#375,.T.);
#1636=EDGE_CURVE('',#1321,#1322,#376,.T.);
#1637=EDGE_CURVE('',#1319,#1322,#377,.T.);
#1638=EDGE_CURVE('',#1323,#1324,#378,.T.);
#1639=EDGE_CURVE('',#1324,#1320,#379,.T.);
#1640=EDGE_CURVE('',#1323,#1319,#380,.T.);
#1641=EDGE_CURVE('',#1325,#1326,#381,.T.);
#1642=EDGE_CURVE('',#1326,#1324,#382,.T.);
#1643=EDGE_CURVE('',#1325,#1323,#383,.T.);
#1644=EDGE_CURVE('',#1327,#1328,#384,.T.);
#1645=EDGE_CURVE('',#1328,#1326,#385,.T.);
#1646=EDGE_CURVE('',#1327,#1325,#386,.T.);
#1647=EDGE_CURVE('',#1329,#1330,#387,.T.);
#1648=EDGE_CURVE('',#1330,#1328,#388,.T.);
#1649=EDGE_CURVE('',#1329,#1327,#389,.T.);
#1650=EDGE_CURVE('',#1321,#1330,#390,.T.);
#1651=EDGE_CURVE('',#1322,#1329,#391,.T.);
#1652=EDGE_CURVE('',#1331,#1331,#1125,.T.);
#1653=EDGE_CURVE('',#1332,#1332,#1126,.T.);
#1654=EDGE_CURVE('',#1332,#1305,#392,.T.);
#1655=EDGE_CURVE('',#1333,#1333,#1127,.T.);
#1656=EDGE_CURVE('',#1333,#1331,#393,.T.);
#1657=EDGE_CURVE('',#1334,#1334,#1128,.T.);
#1658=EDGE_CURVE('',#1334,#1318,#394,.T.);
#1659=EDGE_CURVE('',#1335,#1335,#1129,.T.);
#1660=EDGE_CURVE('',#1335,#1336,#395,.T.);
#1661=EDGE_CURVE('',#1336,#1336,#1130,.T.);
#1662=EDGE_CURVE('',#1337,#1337,#1131,.T.);
#1663=EDGE_CURVE('',#1338,#1338,#1132,.T.);
#1664=EDGE_CURVE('',#1338,#1337,#396,.T.);
#1665=EDGE_CURVE('',#1339,#1186,#1133,.T.);
#1666=EDGE_CURVE('',#1340,#1339,#397,.T.);
#1667=EDGE_CURVE('',#1340,#1341,#398,.T.);
#1668=EDGE_CURVE('',#1341,#1201,#1134,.T.);
#1669=EDGE_CURVE('',#1342,#1342,#1135,.T.);
#1670=EDGE_CURVE('',#1342,#1343,#399,.T.);
#1671=EDGE_CURVE('',#1343,#1343,#1136,.T.);
#1672=EDGE_CURVE('',#1344,#1344,#1137,.T.);
#1673=EDGE_CURVE('',#1344,#1345,#400,.T.);
#1674=EDGE_CURVE('',#1345,#1345,#1138,.T.);
#1675=EDGE_CURVE('',#1346,#1346,#1139,.T.);
#1676=EDGE_CURVE('',#1347,#1347,#1140,.T.);
#1677=EDGE_CURVE('',#1347,#1346,#401,.T.);
#1678=EDGE_CURVE('',#1348,#1348,#1141,.T.);
#1679=EDGE_CURVE('',#1348,#1349,#402,.T.);
#1680=EDGE_CURVE('',#1349,#1349,#1142,.T.);
#1681=EDGE_CURVE('',#1350,#1350,#1143,.T.);
#1682=EDGE_CURVE('',#1350,#1351,#403,.T.);
#1683=EDGE_CURVE('',#1351,#1351,#1144,.T.);
#1684=EDGE_CURVE('',#1352,#1352,#1145,.T.);
#1685=EDGE_CURVE('',#1352,#1353,#404,.T.);
#1686=EDGE_CURVE('',#1353,#1353,#1146,.T.);
#1687=EDGE_CURVE('',#1354,#1355,#405,.T.);
#1688=EDGE_CURVE('',#1356,#1354,#406,.T.);
#1689=EDGE_CURVE('',#1357,#1356,#407,.T.);
#1690=EDGE_CURVE('',#1358,#1357,#408,.T.);
#1691=EDGE_CURVE('',#1359,#1358,#409,.T.);
#1692=EDGE_CURVE('',#1355,#1359,#410,.T.);
#1693=EDGE_CURVE('',#1354,#1360,#411,.T.);
#1694=EDGE_CURVE('',#1361,#1355,#412,.T.);
#1695=EDGE_CURVE('',#1360,#1361,#413,.T.);
#1696=EDGE_CURVE('',#1362,#1359,#414,.T.);
#1697=EDGE_CURVE('',#1361,#1362,#415,.T.);
#1698=EDGE_CURVE('',#1363,#1358,#416,.T.);
#1699=EDGE_CURVE('',#1362,#1363,#417,.T.);
#1700=EDGE_CURVE('',#1364,#1357,#418,.T.);
#1701=EDGE_CURVE('',#1363,#1364,#419,.T.);
#1702=EDGE_CURVE('',#1365,#1356,#420,.T.);
#1703=EDGE_CURVE('',#1364,#1365,#421,.T.);
#1704=EDGE_CURVE('',#1365,#1360,#422,.T.);
#1705=EDGE_CURVE('',#1366,#1367,#423,.T.);
#1706=EDGE_CURVE('',#1368,#1366,#424,.T.);
#1707=EDGE_CURVE('',#1369,#1368,#425,.T.);
#1708=EDGE_CURVE('',#1370,#1369,#426,.T.);
#1709=EDGE_CURVE('',#1371,#1370,#427,.T.);
#1710=EDGE_CURVE('',#1367,#1371,#428,.T.);
#1711=EDGE_CURVE('',#1366,#1372,#429,.T.);
#1712=EDGE_CURVE('',#1373,#1367,#430,.T.);
#1713=EDGE_CURVE('',#1372,#1373,#431,.T.);
#1714=EDGE_CURVE('',#1374,#1371,#432,.T.);
#1715=EDGE_CURVE('',#1373,#1374,#433,.T.);
#1716=EDGE_CURVE('',#1375,#1370,#434,.T.);
#1717=EDGE_CURVE('',#1374,#1375,#435,.T.);
#1718=EDGE_CURVE('',#1376,#1369,#436,.T.);
#1719=EDGE_CURVE('',#1375,#1376,#437,.T.);
#1720=EDGE_CURVE('',#1377,#1368,#438,.T.);
#1721=EDGE_CURVE('',#1376,#1377,#439,.T.);
#1722=EDGE_CURVE('',#1377,#1372,#440,.T.);
#1723=EDGE_CURVE('',#1378,#1379,#441,.T.);
#1724=EDGE_CURVE('',#1380,#1378,#442,.T.);
#1725=EDGE_CURVE('',#1381,#1380,#443,.T.);
#1726=EDGE_CURVE('',#1382,#1381,#444,.T.);
#1727=EDGE_CURVE('',#1383,#1382,#445,.T.);
#1728=EDGE_CURVE('',#1379,#1383,#446,.T.);
#1729=EDGE_CURVE('',#1378,#1384,#447,.T.);
#1730=EDGE_CURVE('',#1385,#1379,#448,.T.);
#1731=EDGE_CURVE('',#1384,#1385,#449,.T.);
#1732=EDGE_CURVE('',#1386,#1383,#450,.T.);
#1733=EDGE_CURVE('',#1385,#1386,#451,.T.);
#1734=EDGE_CURVE('',#1387,#1382,#452,.T.);
#1735=EDGE_CURVE('',#1386,#1387,#453,.T.);
#1736=EDGE_CURVE('',#1388,#1381,#454,.T.);
#1737=EDGE_CURVE('',#1387,#1388,#455,.T.);
#1738=EDGE_CURVE('',#1389,#1380,#456,.T.);
#1739=EDGE_CURVE('',#1388,#1389,#457,.T.);
#1740=EDGE_CURVE('',#1389,#1384,#458,.T.);
#1741=EDGE_CURVE('',#1177,#1390,#459,.T.);
#1742=EDGE_CURVE('',#1390,#1391,#1147,.T.);
#1743=EDGE_CURVE('',#1391,#1392,#460,.T.);
#1744=EDGE_CURVE('',#1393,#1392,#1148,.T.);
#1745=EDGE_CURVE('',#1181,#1393,#1149,.T.);
#1746=EDGE_CURVE('',#1340,#1394,#93,.T.);
#1747=EDGE_CURVE('',#1394,#1395,#461,.T.);
#1748=EDGE_CURVE('',#1395,#1341,#94,.T.);
#1749=EDGE_CURVE('',#1396,#1397,#95,.T.);
#1750=EDGE_CURVE('',#1397,#1398,#462,.T.);
#1751=EDGE_CURVE('',#1398,#1399,#96,.T.);
#1752=EDGE_CURVE('',#1396,#1399,#463,.T.);
#1753=EDGE_CURVE('',#1400,#1198,#464,.T.);
#1754=EDGE_CURVE('',#1400,#1401,#465,.T.);
#1755=EDGE_CURVE('',#1401,#1197,#466,.T.);
#1756=EDGE_CURVE('',#1402,#1401,#1150,.T.);
#1757=EDGE_CURVE('',#1403,#1400,#1151,.T.);
#1758=EDGE_CURVE('',#1403,#1402,#467,.T.);
#1759=EDGE_CURVE('',#1404,#1402,#1152,.T.);
#1760=EDGE_CURVE('',#1405,#1403,#1153,.T.);
#1761=EDGE_CURVE('',#1405,#1404,#468,.T.);
#1762=EDGE_CURVE('',#1406,#1404,#469,.T.);
#1763=EDGE_CURVE('',#1407,#1405,#470,.T.);
#1764=EDGE_CURVE('',#1407,#1406,#471,.T.);
#1765=EDGE_CURVE('',#1396,#1408,#472,.T.);
#1766=EDGE_CURVE('',#1409,#1408,#97,.T.);
#1767=EDGE_CURVE('',#1397,#1409,#473,.T.);
#1768=EDGE_CURVE('',#1410,#1339,#98,.T.);
#1769=EDGE_CURVE('',#1394,#1410,#474,.T.);
#1770=EDGE_CURVE('',#1392,#1411,#475,.T.);
#1771=EDGE_CURVE('',#1412,#1411,#1154,.T.);
#1772=EDGE_CURVE('',#1393,#1412,#476,.T.);
#1773=EDGE_CURVE('',#1413,#1411,#477,.T.);
#1774=EDGE_CURVE('',#1413,#1391,#478,.T.);
#1775=EDGE_CURVE('',#1414,#1413,#1155,.T.);
#1776=EDGE_CURVE('',#1414,#1390,#479,.T.);
#1777=EDGE_CURVE('',#1176,#1414,#480,.T.);
#1778=EDGE_CURVE('',#1182,#1412,#1156,.T.);
#1779=EDGE_CURVE('',#1415,#1415,#1157,.T.);
#1780=EDGE_CURVE('',#1416,#1416,#1158,.T.);
#1781=EDGE_CURVE('',#1416,#1415,#481,.T.);
#1782=EDGE_CURVE('',#1417,#1417,#1159,.T.);
#1783=EDGE_CURVE('',#1417,#1170,#482,.T.);
#1784=EDGE_CURVE('',#1192,#1406,#1160,.T.);
#1785=EDGE_CURVE('',#1185,#1410,#1161,.T.);
#1786=EDGE_CURVE('',#1408,#1190,#1162,.T.);
#1787=EDGE_CURVE('',#1189,#1409,#1163,.T.);
#1788=EDGE_CURVE('',#1418,#1418,#1164,.T.);
#1789=EDGE_CURVE('',#1193,#1407,#1165,.T.);
#1790=EDGE_CURVE('',#1419,#1419,#1166,.T.);
#1791=EDGE_CURVE('',#1202,#1395,#1167,.T.);
#1792=EDGE_CURVE('',#1399,#1199,#1168,.T.);
#1793=EDGE_CURVE('',#1200,#1398,#1169,.T.);
#1794=EDGE_CURVE('',#1418,#1419,#483,.T.);
#1795=ORIENTED_EDGE('',*,*,#1420,.F.);
#1796=ORIENTED_EDGE('',*,*,#1421,.F.);
#1797=ORIENTED_EDGE('',*,*,#1422,.T.);
#1798=ORIENTED_EDGE('',*,*,#1423,.F.);
#1799=ORIENTED_EDGE('',*,*,#1424,.F.);
#1800=ORIENTED_EDGE('',*,*,#1422,.F.);
#1801=ORIENTED_EDGE('',*,*,#1423,.T.);
#1802=ORIENTED_EDGE('',*,*,#1424,.T.);
#1803=ORIENTED_EDGE('',*,*,#1425,.T.);
#1804=ORIENTED_EDGE('',*,*,#1426,.T.);
#1805=ORIENTED_EDGE('',*,*,#1425,.F.);
#1806=ORIENTED_EDGE('',*,*,#1427,.T.);
#1807=ORIENTED_EDGE('',*,*,#1428,.T.);
#1808=ORIENTED_EDGE('',*,*,#1429,.F.);
#1809=ORIENTED_EDGE('',*,*,#1430,.F.);
#1810=ORIENTED_EDGE('',*,*,#1431,.T.);
#1811=ORIENTED_EDGE('',*,*,#1430,.T.);
#1812=ORIENTED_EDGE('',*,*,#1432,.F.);
#1813=ORIENTED_EDGE('',*,*,#1433,.F.);
#1814=ORIENTED_EDGE('',*,*,#1433,.T.);
#1815=ORIENTED_EDGE('',*,*,#1434,.T.);
#1816=ORIENTED_EDGE('',*,*,#1435,.T.);
#1817=ORIENTED_EDGE('',*,*,#1436,.F.);
#1818=ORIENTED_EDGE('',*,*,#1437,.F.);
#1819=ORIENTED_EDGE('',*,*,#1438,.T.);
#1820=ORIENTED_EDGE('',*,*,#1439,.F.);
#1821=ORIENTED_EDGE('',*,*,#1440,.F.);
#1822=ORIENTED_EDGE('',*,*,#1441,.F.);
#1823=ORIENTED_EDGE('',*,*,#1442,.T.);
#1824=ORIENTED_EDGE('',*,*,#1443,.F.);
#1825=ORIENTED_EDGE('',*,*,#1444,.F.);
#1826=ORIENTED_EDGE('',*,*,#1445,.T.);
#1827=ORIENTED_EDGE('',*,*,#1446,.F.);
#1828=ORIENTED_EDGE('',*,*,#1447,.F.);
#1829=ORIENTED_EDGE('',*,*,#1448,.T.);
#1830=ORIENTED_EDGE('',*,*,#1449,.T.);
#1831=ORIENTED_EDGE('',*,*,#1448,.F.);
#1832=ORIENTED_EDGE('',*,*,#1450,.F.);
#1833=ORIENTED_EDGE('',*,*,#1451,.T.);
#1834=ORIENTED_EDGE('',*,*,#1452,.T.);
#1835=ORIENTED_EDGE('',*,*,#1451,.F.);
#1836=ORIENTED_EDGE('',*,*,#1453,.F.);
#1837=ORIENTED_EDGE('',*,*,#1454,.T.);
#1838=ORIENTED_EDGE('',*,*,#1441,.T.);
#1839=ORIENTED_EDGE('',*,*,#1455,.T.);
#1840=ORIENTED_EDGE('',*,*,#1456,.T.);
#1841=ORIENTED_EDGE('',*,*,#1457,.F.);
#1842=ORIENTED_EDGE('',*,*,#1437,.T.);
#1843=ORIENTED_EDGE('',*,*,#1458,.T.);
#1844=ORIENTED_EDGE('',*,*,#1459,.T.);
#1845=ORIENTED_EDGE('',*,*,#1460,.F.);
#1846=ORIENTED_EDGE('',*,*,#1461,.F.);
#1847=ORIENTED_EDGE('',*,*,#1462,.F.);
#1848=ORIENTED_EDGE('',*,*,#1463,.F.);
#1849=ORIENTED_EDGE('',*,*,#1464,.F.);
#1850=ORIENTED_EDGE('',*,*,#1465,.F.);
#1851=ORIENTED_EDGE('',*,*,#1466,.F.);
#1852=ORIENTED_EDGE('',*,*,#1467,.F.);
#1853=ORIENTED_EDGE('',*,*,#1468,.F.);
#1854=ORIENTED_EDGE('',*,*,#1469,.F.);
#1855=ORIENTED_EDGE('',*,*,#1470,.F.);
#1856=ORIENTED_EDGE('',*,*,#1471,.F.);
#1857=ORIENTED_EDGE('',*,*,#1472,.F.);
#1858=ORIENTED_EDGE('',*,*,#1473,.F.);
#1859=ORIENTED_EDGE('',*,*,#1474,.F.);
#1860=ORIENTED_EDGE('',*,*,#1475,.F.);
#1861=ORIENTED_EDGE('',*,*,#1476,.F.);
#1862=ORIENTED_EDGE('',*,*,#1477,.F.);
#1863=ORIENTED_EDGE('',*,*,#1478,.F.);
#1864=ORIENTED_EDGE('',*,*,#1479,.F.);
#1865=ORIENTED_EDGE('',*,*,#1480,.F.);
#1866=ORIENTED_EDGE('',*,*,#1481,.F.);
#1867=ORIENTED_EDGE('',*,*,#1482,.F.);
#1868=ORIENTED_EDGE('',*,*,#1483,.F.);
#1869=ORIENTED_EDGE('',*,*,#1484,.F.);
#1870=ORIENTED_EDGE('',*,*,#1485,.F.);
#1871=ORIENTED_EDGE('',*,*,#1486,.F.);
#1872=ORIENTED_EDGE('',*,*,#1487,.F.);
#1873=ORIENTED_EDGE('',*,*,#1488,.F.);
#1874=ORIENTED_EDGE('',*,*,#1489,.F.);
#1875=ORIENTED_EDGE('',*,*,#1490,.F.);
#1876=ORIENTED_EDGE('',*,*,#1491,.F.);
#1877=ORIENTED_EDGE('',*,*,#1492,.F.);
#1878=ORIENTED_EDGE('',*,*,#1493,.F.);
#1879=ORIENTED_EDGE('',*,*,#1494,.F.);
#1880=ORIENTED_EDGE('',*,*,#1495,.F.);
#1881=ORIENTED_EDGE('',*,*,#1496,.F.);
#1882=ORIENTED_EDGE('',*,*,#1497,.F.);
#1883=ORIENTED_EDGE('',*,*,#1498,.F.);
#1884=ORIENTED_EDGE('',*,*,#1499,.F.);
#1885=ORIENTED_EDGE('',*,*,#1500,.F.);
#1886=ORIENTED_EDGE('',*,*,#1501,.F.);
#1887=ORIENTED_EDGE('',*,*,#1502,.F.);
#1888=ORIENTED_EDGE('',*,*,#1503,.F.);
#1889=ORIENTED_EDGE('',*,*,#1504,.F.);
#1890=ORIENTED_EDGE('',*,*,#1505,.F.);
#1891=ORIENTED_EDGE('',*,*,#1506,.F.);
#1892=ORIENTED_EDGE('',*,*,#1507,.F.);
#1893=ORIENTED_EDGE('',*,*,#1508,.F.);
#1894=ORIENTED_EDGE('',*,*,#1509,.F.);
#1895=ORIENTED_EDGE('',*,*,#1510,.F.);
#1896=ORIENTED_EDGE('',*,*,#1511,.F.);
#1897=ORIENTED_EDGE('',*,*,#1512,.F.);
#1898=ORIENTED_EDGE('',*,*,#1513,.F.);
#1899=ORIENTED_EDGE('',*,*,#1509,.T.);
#1900=ORIENTED_EDGE('',*,*,#1514,.T.);
#1901=ORIENTED_EDGE('',*,*,#1504,.T.);
#1902=ORIENTED_EDGE('',*,*,#1515,.F.);
#1903=ORIENTED_EDGE('',*,*,#1508,.T.);
#1904=ORIENTED_EDGE('',*,*,#1516,.T.);
#1905=ORIENTED_EDGE('',*,*,#1505,.T.);
#1906=ORIENTED_EDGE('',*,*,#1514,.F.);
#1907=ORIENTED_EDGE('',*,*,#1507,.T.);
#1908=ORIENTED_EDGE('',*,*,#1517,.T.);
#1909=ORIENTED_EDGE('',*,*,#1498,.T.);
#1910=ORIENTED_EDGE('',*,*,#1516,.F.);
#1911=ORIENTED_EDGE('',*,*,#1506,.T.);
#1912=ORIENTED_EDGE('',*,*,#1518,.T.);
#1913=ORIENTED_EDGE('',*,*,#1499,.T.);
#1914=ORIENTED_EDGE('',*,*,#1517,.F.);
#1915=ORIENTED_EDGE('',*,*,#1519,.T.);
#1916=ORIENTED_EDGE('',*,*,#1520,.T.);
#1917=ORIENTED_EDGE('',*,*,#1490,.T.);
#1918=ORIENTED_EDGE('',*,*,#1521,.F.);
#1919=ORIENTED_EDGE('',*,*,#1522,.T.);
#1920=ORIENTED_EDGE('',*,*,#1523,.T.);
#1921=ORIENTED_EDGE('',*,*,#1491,.T.);
#1922=ORIENTED_EDGE('',*,*,#1520,.F.);
#1923=ORIENTED_EDGE('',*,*,#1524,.T.);
#1924=ORIENTED_EDGE('',*,*,#1525,.T.);
#1925=ORIENTED_EDGE('',*,*,#1492,.T.);
#1926=ORIENTED_EDGE('',*,*,#1523,.F.);
#1927=ORIENTED_EDGE('',*,*,#1526,.T.);
#1928=ORIENTED_EDGE('',*,*,#1527,.T.);
#1929=ORIENTED_EDGE('',*,*,#1493,.T.);
#1930=ORIENTED_EDGE('',*,*,#1525,.F.);
#1931=ORIENTED_EDGE('',*,*,#1528,.T.);
#1932=ORIENTED_EDGE('',*,*,#1529,.T.);
#1933=ORIENTED_EDGE('',*,*,#1494,.T.);
#1934=ORIENTED_EDGE('',*,*,#1527,.F.);
#1935=ORIENTED_EDGE('',*,*,#1530,.T.);
#1936=ORIENTED_EDGE('',*,*,#1531,.T.);
#1937=ORIENTED_EDGE('',*,*,#1495,.T.);
#1938=ORIENTED_EDGE('',*,*,#1529,.F.);
#1939=ORIENTED_EDGE('',*,*,#1532,.T.);
#1940=ORIENTED_EDGE('',*,*,#1533,.T.);
#1941=ORIENTED_EDGE('',*,*,#1496,.T.);
#1942=ORIENTED_EDGE('',*,*,#1531,.F.);
#1943=ORIENTED_EDGE('',*,*,#1534,.T.);
#1944=ORIENTED_EDGE('',*,*,#1535,.T.);
#1945=ORIENTED_EDGE('',*,*,#1497,.T.);
#1946=ORIENTED_EDGE('',*,*,#1533,.F.);
#1947=ORIENTED_EDGE('',*,*,#1536,.T.);
#1948=ORIENTED_EDGE('',*,*,#1537,.T.);
#1949=ORIENTED_EDGE('',*,*,#1479,.T.);
#1950=ORIENTED_EDGE('',*,*,#1535,.F.);
#1951=ORIENTED_EDGE('',*,*,#1538,.T.);
#1952=ORIENTED_EDGE('',*,*,#1539,.T.);
#1953=ORIENTED_EDGE('',*,*,#1480,.T.);
#1954=ORIENTED_EDGE('',*,*,#1537,.F.);
#1955=ORIENTED_EDGE('',*,*,#1540,.T.);
#1956=ORIENTED_EDGE('',*,*,#1541,.T.);
#1957=ORIENTED_EDGE('',*,*,#1466,.T.);
#1958=ORIENTED_EDGE('',*,*,#1542,.F.);
#1959=ORIENTED_EDGE('',*,*,#1543,.T.);
#1960=ORIENTED_EDGE('',*,*,#1544,.T.);
#1961=ORIENTED_EDGE('',*,*,#1461,.T.);
#1962=ORIENTED_EDGE('',*,*,#1541,.F.);
#1963=ORIENTED_EDGE('',*,*,#1545,.T.);
#1964=ORIENTED_EDGE('',*,*,#1546,.T.);
#1965=ORIENTED_EDGE('',*,*,#1462,.T.);
#1966=ORIENTED_EDGE('',*,*,#1544,.F.);
#1967=ORIENTED_EDGE('',*,*,#1547,.T.);
#1968=ORIENTED_EDGE('',*,*,#1548,.T.);
#1969=ORIENTED_EDGE('',*,*,#1475,.T.);
#1970=ORIENTED_EDGE('',*,*,#1549,.F.);
#1971=ORIENTED_EDGE('',*,*,#1550,.T.);
#1972=ORIENTED_EDGE('',*,*,#1551,.T.);
#1973=ORIENTED_EDGE('',*,*,#1476,.T.);
#1974=ORIENTED_EDGE('',*,*,#1548,.F.);
#1975=ORIENTED_EDGE('',*,*,#1552,.T.);
#1976=ORIENTED_EDGE('',*,*,#1553,.T.);
#1977=ORIENTED_EDGE('',*,*,#1477,.T.);
#1978=ORIENTED_EDGE('',*,*,#1551,.F.);
#1979=ORIENTED_EDGE('',*,*,#1554,.T.);
#1980=ORIENTED_EDGE('',*,*,#1555,.T.);
#1981=ORIENTED_EDGE('',*,*,#1478,.T.);
#1982=ORIENTED_EDGE('',*,*,#1553,.F.);
#1983=ORIENTED_EDGE('',*,*,#1556,.T.);
#1984=ORIENTED_EDGE('',*,*,#1557,.T.);
#1985=ORIENTED_EDGE('',*,*,#1467,.T.);
#1986=ORIENTED_EDGE('',*,*,#1555,.F.);
#1987=ORIENTED_EDGE('',*,*,#1558,.T.);
#1988=ORIENTED_EDGE('',*,*,#1559,.T.);
#1989=ORIENTED_EDGE('',*,*,#1468,.T.);
#1990=ORIENTED_EDGE('',*,*,#1557,.F.);
#1991=ORIENTED_EDGE('',*,*,#1513,.T.);
#1992=ORIENTED_EDGE('',*,*,#1560,.T.);
#1993=ORIENTED_EDGE('',*,*,#1500,.T.);
#1994=ORIENTED_EDGE('',*,*,#1518,.F.);
#1995=ORIENTED_EDGE('',*,*,#1512,.T.);
#1996=ORIENTED_EDGE('',*,*,#1561,.T.);
#1997=ORIENTED_EDGE('',*,*,#1501,.T.);
#1998=ORIENTED_EDGE('',*,*,#1560,.F.);
#1999=ORIENTED_EDGE('',*,*,#1511,.T.);
#2000=ORIENTED_EDGE('',*,*,#1562,.T.);
#2001=ORIENTED_EDGE('',*,*,#1502,.T.);
#2002=ORIENTED_EDGE('',*,*,#1561,.F.);
#2003=ORIENTED_EDGE('',*,*,#1510,.T.);
#2004=ORIENTED_EDGE('',*,*,#1515,.T.);
#2005=ORIENTED_EDGE('',*,*,#1503,.T.);
#2006=ORIENTED_EDGE('',*,*,#1562,.F.);
#2007=ORIENTED_EDGE('',*,*,#1563,.T.);
#2008=ORIENTED_EDGE('',*,*,#1564,.T.);
#2009=ORIENTED_EDGE('',*,*,#1481,.T.);
#2010=ORIENTED_EDGE('',*,*,#1539,.F.);
#2011=ORIENTED_EDGE('',*,*,#1565,.T.);
#2012=ORIENTED_EDGE('',*,*,#1566,.T.);
#2013=ORIENTED_EDGE('',*,*,#1482,.T.);
#2014=ORIENTED_EDGE('',*,*,#1564,.F.);
#2015=ORIENTED_EDGE('',*,*,#1567,.T.);
#2016=ORIENTED_EDGE('',*,*,#1568,.T.);
#2017=ORIENTED_EDGE('',*,*,#1483,.T.);
#2018=ORIENTED_EDGE('',*,*,#1566,.F.);
#2019=ORIENTED_EDGE('',*,*,#1569,.T.);
#2020=ORIENTED_EDGE('',*,*,#1570,.T.);
#2021=ORIENTED_EDGE('',*,*,#1484,.T.);
#2022=ORIENTED_EDGE('',*,*,#1568,.F.);
#2023=ORIENTED_EDGE('',*,*,#1571,.T.);
#2024=ORIENTED_EDGE('',*,*,#1572,.T.);
#2025=ORIENTED_EDGE('',*,*,#1485,.T.);
#2026=ORIENTED_EDGE('',*,*,#1570,.F.);
#2027=ORIENTED_EDGE('',*,*,#1573,.T.);
#2028=ORIENTED_EDGE('',*,*,#1574,.T.);
#2029=ORIENTED_EDGE('',*,*,#1486,.T.);
#2030=ORIENTED_EDGE('',*,*,#1572,.F.);
#2031=ORIENTED_EDGE('',*,*,#1575,.T.);
#2032=ORIENTED_EDGE('',*,*,#1576,.T.);
#2033=ORIENTED_EDGE('',*,*,#1487,.T.);
#2034=ORIENTED_EDGE('',*,*,#1574,.F.);
#2035=ORIENTED_EDGE('',*,*,#1577,.T.);
#2036=ORIENTED_EDGE('',*,*,#1578,.T.);
#2037=ORIENTED_EDGE('',*,*,#1488,.T.);
#2038=ORIENTED_EDGE('',*,*,#1576,.F.);
#2039=ORIENTED_EDGE('',*,*,#1579,.T.);
#2040=ORIENTED_EDGE('',*,*,#1521,.T.);
#2041=ORIENTED_EDGE('',*,*,#1489,.T.);
#2042=ORIENTED_EDGE('',*,*,#1578,.F.);
#2043=ORIENTED_EDGE('',*,*,#1580,.T.);
#2044=ORIENTED_EDGE('',*,*,#1581,.T.);
#2045=ORIENTED_EDGE('',*,*,#1463,.T.);
#2046=ORIENTED_EDGE('',*,*,#1546,.F.);
#2047=ORIENTED_EDGE('',*,*,#1582,.T.);
#2048=ORIENTED_EDGE('',*,*,#1583,.T.);
#2049=ORIENTED_EDGE('',*,*,#1464,.T.);
#2050=ORIENTED_EDGE('',*,*,#1581,.F.);
#2051=ORIENTED_EDGE('',*,*,#1584,.T.);
#2052=ORIENTED_EDGE('',*,*,#1542,.T.);
#2053=ORIENTED_EDGE('',*,*,#1465,.T.);
#2054=ORIENTED_EDGE('',*,*,#1583,.F.);
#2055=ORIENTED_EDGE('',*,*,#1585,.T.);
#2056=ORIENTED_EDGE('',*,*,#1586,.T.);
#2057=ORIENTED_EDGE('',*,*,#1469,.T.);
#2058=ORIENTED_EDGE('',*,*,#1559,.F.);
#2059=ORIENTED_EDGE('',*,*,#1587,.T.);
#2060=ORIENTED_EDGE('',*,*,#1588,.T.);
#2061=ORIENTED_EDGE('',*,*,#1470,.T.);
#2062=ORIENTED_EDGE('',*,*,#1586,.F.);
#2063=ORIENTED_EDGE('',*,*,#1589,.T.);
#2064=ORIENTED_EDGE('',*,*,#1590,.T.);
#2065=ORIENTED_EDGE('',*,*,#1471,.T.);
#2066=ORIENTED_EDGE('',*,*,#1588,.F.);
#2067=ORIENTED_EDGE('',*,*,#1591,.T.);
#2068=ORIENTED_EDGE('',*,*,#1592,.T.);
#2069=ORIENTED_EDGE('',*,*,#1472,.T.);
#2070=ORIENTED_EDGE('',*,*,#1590,.F.);
#2071=ORIENTED_EDGE('',*,*,#1593,.T.);
#2072=ORIENTED_EDGE('',*,*,#1594,.T.);
#2073=ORIENTED_EDGE('',*,*,#1473,.T.);
#2074=ORIENTED_EDGE('',*,*,#1592,.F.);
#2075=ORIENTED_EDGE('',*,*,#1595,.T.);
#2076=ORIENTED_EDGE('',*,*,#1549,.T.);
#2077=ORIENTED_EDGE('',*,*,#1474,.T.);
#2078=ORIENTED_EDGE('',*,*,#1594,.F.);
#2079=ORIENTED_EDGE('',*,*,#1596,.T.);
#2080=ORIENTED_EDGE('',*,*,#1597,.T.);
#2081=ORIENTED_EDGE('',*,*,#1598,.T.);
#2082=ORIENTED_EDGE('',*,*,#1599,.F.);
#2083=ORIENTED_EDGE('',*,*,#1600,.T.);
#2084=ORIENTED_EDGE('',*,*,#1601,.T.);
#2085=ORIENTED_EDGE('',*,*,#1596,.F.);
#2086=ORIENTED_EDGE('',*,*,#1602,.F.);
#2087=ORIENTED_EDGE('',*,*,#1603,.T.);
#2088=ORIENTED_EDGE('',*,*,#1604,.T.);
#2089=ORIENTED_EDGE('',*,*,#1600,.F.);
#2090=ORIENTED_EDGE('',*,*,#1605,.F.);
#2091=ORIENTED_EDGE('',*,*,#1606,.T.);
#2092=ORIENTED_EDGE('',*,*,#1607,.T.);
#2093=ORIENTED_EDGE('',*,*,#1603,.F.);
#2094=ORIENTED_EDGE('',*,*,#1608,.F.);
#2095=ORIENTED_EDGE('',*,*,#1609,.T.);
#2096=ORIENTED_EDGE('',*,*,#1610,.T.);
#2097=ORIENTED_EDGE('',*,*,#1606,.F.);
#2098=ORIENTED_EDGE('',*,*,#1611,.F.);
#2099=ORIENTED_EDGE('',*,*,#1598,.F.);
#2100=ORIENTED_EDGE('',*,*,#1612,.T.);
#2101=ORIENTED_EDGE('',*,*,#1609,.F.);
#2102=ORIENTED_EDGE('',*,*,#1613,.F.);
#2103=ORIENTED_EDGE('',*,*,#1612,.F.);
#2104=ORIENTED_EDGE('',*,*,#1597,.F.);
#2105=ORIENTED_EDGE('',*,*,#1601,.F.);
#2106=ORIENTED_EDGE('',*,*,#1604,.F.);
#2107=ORIENTED_EDGE('',*,*,#1607,.F.);
#2108=ORIENTED_EDGE('',*,*,#1610,.F.);
#2109=ORIENTED_EDGE('',*,*,#1614,.F.);
#2110=ORIENTED_EDGE('',*,*,#1615,.T.);
#2111=ORIENTED_EDGE('',*,*,#1616,.T.);
#2112=ORIENTED_EDGE('',*,*,#1617,.T.);
#2113=ORIENTED_EDGE('',*,*,#1618,.F.);
#2114=ORIENTED_EDGE('',*,*,#1619,.T.);
#2115=ORIENTED_EDGE('',*,*,#1620,.T.);
#2116=ORIENTED_EDGE('',*,*,#1615,.F.);
#2117=ORIENTED_EDGE('',*,*,#1621,.F.);
#2118=ORIENTED_EDGE('',*,*,#1622,.T.);
#2119=ORIENTED_EDGE('',*,*,#1623,.T.);
#2120=ORIENTED_EDGE('',*,*,#1619,.F.);
#2121=ORIENTED_EDGE('',*,*,#1624,.F.);
#2122=ORIENTED_EDGE('',*,*,#1625,.T.);
#2123=ORIENTED_EDGE('',*,*,#1626,.T.);
#2124=ORIENTED_EDGE('',*,*,#1622,.F.);
#2125=ORIENTED_EDGE('',*,*,#1627,.F.);
#2126=ORIENTED_EDGE('',*,*,#1628,.T.);
#2127=ORIENTED_EDGE('',*,*,#1629,.T.);
#2128=ORIENTED_EDGE('',*,*,#1625,.F.);
#2129=ORIENTED_EDGE('',*,*,#1630,.F.);
#2130=ORIENTED_EDGE('',*,*,#1617,.F.);
#2131=ORIENTED_EDGE('',*,*,#1631,.T.);
#2132=ORIENTED_EDGE('',*,*,#1628,.F.);
#2133=ORIENTED_EDGE('',*,*,#1632,.F.);
#2134=ORIENTED_EDGE('',*,*,#1631,.F.);
#2135=ORIENTED_EDGE('',*,*,#1616,.F.);
#2136=ORIENTED_EDGE('',*,*,#1620,.F.);
#2137=ORIENTED_EDGE('',*,*,#1623,.F.);
#2138=ORIENTED_EDGE('',*,*,#1626,.F.);
#2139=ORIENTED_EDGE('',*,*,#1629,.F.);
#2140=ORIENTED_EDGE('',*,*,#1633,.F.);
#2141=ORIENTED_EDGE('',*,*,#1634,.T.);
#2142=ORIENTED_EDGE('',*,*,#1635,.T.);
#2143=ORIENTED_EDGE('',*,*,#1636,.T.);
#2144=ORIENTED_EDGE('',*,*,#1637,.F.);
#2145=ORIENTED_EDGE('',*,*,#1638,.T.);
#2146=ORIENTED_EDGE('',*,*,#1639,.T.);
#2147=ORIENTED_EDGE('',*,*,#1634,.F.);
#2148=ORIENTED_EDGE('',*,*,#1640,.F.);
#2149=ORIENTED_EDGE('',*,*,#1641,.T.);
#2150=ORIENTED_EDGE('',*,*,#1642,.T.);
#2151=ORIENTED_EDGE('',*,*,#1638,.F.);
#2152=ORIENTED_EDGE('',*,*,#1643,.F.);
#2153=ORIENTED_EDGE('',*,*,#1644,.T.);
#2154=ORIENTED_EDGE('',*,*,#1645,.T.);
#2155=ORIENTED_EDGE('',*,*,#1641,.F.);
#2156=ORIENTED_EDGE('',*,*,#1646,.F.);
#2157=ORIENTED_EDGE('',*,*,#1647,.T.);
#2158=ORIENTED_EDGE('',*,*,#1648,.T.);
#2159=ORIENTED_EDGE('',*,*,#1644,.F.);
#2160=ORIENTED_EDGE('',*,*,#1649,.F.);
#2161=ORIENTED_EDGE('',*,*,#1636,.F.);
#2162=ORIENTED_EDGE('',*,*,#1650,.T.);
#2163=ORIENTED_EDGE('',*,*,#1647,.F.);
#2164=ORIENTED_EDGE('',*,*,#1651,.F.);
#2165=ORIENTED_EDGE('',*,*,#1650,.F.);
#2166=ORIENTED_EDGE('',*,*,#1635,.F.);
#2167=ORIENTED_EDGE('',*,*,#1639,.F.);
#2168=ORIENTED_EDGE('',*,*,#1642,.F.);
#2169=ORIENTED_EDGE('',*,*,#1645,.F.);
#2170=ORIENTED_EDGE('',*,*,#1648,.F.);
#2171=ORIENTED_EDGE('',*,*,#1652,.F.);
#2172=ORIENTED_EDGE('',*,*,#1653,.T.);
#2173=ORIENTED_EDGE('',*,*,#1654,.T.);
#2174=ORIENTED_EDGE('',*,*,#1614,.T.);
#2175=ORIENTED_EDGE('',*,*,#1654,.F.);
#2176=ORIENTED_EDGE('',*,*,#1655,.T.);
#2177=ORIENTED_EDGE('',*,*,#1656,.T.);
#2178=ORIENTED_EDGE('',*,*,#1652,.T.);
#2179=ORIENTED_EDGE('',*,*,#1656,.F.);
#2180=ORIENTED_EDGE('',*,*,#1657,.T.);
#2181=ORIENTED_EDGE('',*,*,#1658,.T.);
#2182=ORIENTED_EDGE('',*,*,#1633,.T.);
#2183=ORIENTED_EDGE('',*,*,#1658,.F.);
#2184=ORIENTED_EDGE('',*,*,#1659,.T.);
#2185=ORIENTED_EDGE('',*,*,#1660,.T.);
#2186=ORIENTED_EDGE('',*,*,#1661,.T.);
#2187=ORIENTED_EDGE('',*,*,#1660,.F.);
#2188=ORIENTED_EDGE('',*,*,#1661,.F.);
#2189=ORIENTED_EDGE('',*,*,#1662,.F.);
#2190=ORIENTED_EDGE('',*,*,#1663,.T.);
#2191=ORIENTED_EDGE('',*,*,#1664,.T.);
#2192=ORIENTED_EDGE('',*,*,#1662,.T.);
#2193=ORIENTED_EDGE('',*,*,#1664,.F.);
#2194=ORIENTED_EDGE('',*,*,#1665,.F.);
#2195=ORIENTED_EDGE('',*,*,#1666,.F.);
#2196=ORIENTED_EDGE('',*,*,#1667,.T.);
#2197=ORIENTED_EDGE('',*,*,#1668,.T.);
#2198=ORIENTED_EDGE('',*,*,#1458,.F.);
#2199=ORIENTED_EDGE('',*,*,#1440,.T.);
#2200=ORIENTED_EDGE('',*,*,#1669,.T.);
#2201=ORIENTED_EDGE('',*,*,#1670,.T.);
#2202=ORIENTED_EDGE('',*,*,#1671,.F.);
#2203=ORIENTED_EDGE('',*,*,#1670,.F.);
#2204=ORIENTED_EDGE('',*,*,#1672,.T.);
#2205=ORIENTED_EDGE('',*,*,#1673,.T.);
#2206=ORIENTED_EDGE('',*,*,#1674,.T.);
#2207=ORIENTED_EDGE('',*,*,#1673,.F.);
#2208=ORIENTED_EDGE('',*,*,#1675,.F.);
#2209=ORIENTED_EDGE('',*,*,#1674,.F.);
#2210=ORIENTED_EDGE('',*,*,#1676,.T.);
#2211=ORIENTED_EDGE('',*,*,#1677,.T.);
#2212=ORIENTED_EDGE('',*,*,#1675,.T.);
#2213=ORIENTED_EDGE('',*,*,#1677,.F.);
#2214=ORIENTED_EDGE('',*,*,#1678,.T.);
#2215=ORIENTED_EDGE('',*,*,#1679,.T.);
#2216=ORIENTED_EDGE('',*,*,#1680,.T.);
#2217=ORIENTED_EDGE('',*,*,#1679,.F.);
#2218=ORIENTED_EDGE('',*,*,#1681,.T.);
#2219=ORIENTED_EDGE('',*,*,#1682,.T.);
#2220=ORIENTED_EDGE('',*,*,#1683,.T.);
#2221=ORIENTED_EDGE('',*,*,#1682,.F.);
#2222=ORIENTED_EDGE('',*,*,#1684,.T.);
#2223=ORIENTED_EDGE('',*,*,#1685,.T.);
#2224=ORIENTED_EDGE('',*,*,#1686,.T.);
#2225=ORIENTED_EDGE('',*,*,#1685,.F.);
#2226=ORIENTED_EDGE('',*,*,#1687,.F.);
#2227=ORIENTED_EDGE('',*,*,#1688,.F.);
#2228=ORIENTED_EDGE('',*,*,#1689,.F.);
#2229=ORIENTED_EDGE('',*,*,#1690,.F.);
#2230=ORIENTED_EDGE('',*,*,#1691,.F.);
#2231=ORIENTED_EDGE('',*,*,#1692,.F.);
#2232=ORIENTED_EDGE('',*,*,#1683,.F.);
#2233=ORIENTED_EDGE('',*,*,#1693,.F.);
#2234=ORIENTED_EDGE('',*,*,#1687,.T.);
#2235=ORIENTED_EDGE('',*,*,#1694,.F.);
#2236=ORIENTED_EDGE('',*,*,#1695,.F.);
#2237=ORIENTED_EDGE('',*,*,#1694,.T.);
#2238=ORIENTED_EDGE('',*,*,#1692,.T.);
#2239=ORIENTED_EDGE('',*,*,#1696,.F.);
#2240=ORIENTED_EDGE('',*,*,#1697,.F.);
#2241=ORIENTED_EDGE('',*,*,#1696,.T.);
#2242=ORIENTED_EDGE('',*,*,#1691,.T.);
#2243=ORIENTED_EDGE('',*,*,#1698,.F.);
#2244=ORIENTED_EDGE('',*,*,#1699,.F.);
#2245=ORIENTED_EDGE('',*,*,#1698,.T.);
#2246=ORIENTED_EDGE('',*,*,#1690,.T.);
#2247=ORIENTED_EDGE('',*,*,#1700,.F.);
#2248=ORIENTED_EDGE('',*,*,#1701,.F.);
#2249=ORIENTED_EDGE('',*,*,#1700,.T.);
#2250=ORIENTED_EDGE('',*,*,#1689,.T.);
#2251=ORIENTED_EDGE('',*,*,#1702,.F.);
#2252=ORIENTED_EDGE('',*,*,#1703,.F.);
#2253=ORIENTED_EDGE('',*,*,#1702,.T.);
#2254=ORIENTED_EDGE('',*,*,#1688,.T.);
#2255=ORIENTED_EDGE('',*,*,#1693,.T.);
#2256=ORIENTED_EDGE('',*,*,#1704,.F.);
#2257=ORIENTED_EDGE('',*,*,#1705,.F.);
#2258=ORIENTED_EDGE('',*,*,#1706,.F.);
#2259=ORIENTED_EDGE('',*,*,#1707,.F.);
#2260=ORIENTED_EDGE('',*,*,#1708,.F.);
#2261=ORIENTED_EDGE('',*,*,#1709,.F.);
#2262=ORIENTED_EDGE('',*,*,#1710,.F.);
#2263=ORIENTED_EDGE('',*,*,#1680,.F.);
#2264=ORIENTED_EDGE('',*,*,#1711,.F.);
#2265=ORIENTED_EDGE('',*,*,#1705,.T.);
#2266=ORIENTED_EDGE('',*,*,#1712,.F.);
#2267=ORIENTED_EDGE('',*,*,#1713,.F.);
#2268=ORIENTED_EDGE('',*,*,#1712,.T.);
#2269=ORIENTED_EDGE('',*,*,#1710,.T.);
#2270=ORIENTED_EDGE('',*,*,#1714,.F.);
#2271=ORIENTED_EDGE('',*,*,#1715,.F.);
#2272=ORIENTED_EDGE('',*,*,#1714,.T.);
#2273=ORIENTED_EDGE('',*,*,#1709,.T.);
#2274=ORIENTED_EDGE('',*,*,#1716,.F.);
#2275=ORIENTED_EDGE('',*,*,#1717,.F.);
#2276=ORIENTED_EDGE('',*,*,#1716,.T.);
#2277=ORIENTED_EDGE('',*,*,#1708,.T.);
#2278=ORIENTED_EDGE('',*,*,#1718,.F.);
#2279=ORIENTED_EDGE('',*,*,#1719,.F.);
#2280=ORIENTED_EDGE('',*,*,#1718,.T.);
#2281=ORIENTED_EDGE('',*,*,#1707,.T.);
#2282=ORIENTED_EDGE('',*,*,#1720,.F.);
#2283=ORIENTED_EDGE('',*,*,#1721,.F.);
#2284=ORIENTED_EDGE('',*,*,#1720,.T.);
#2285=ORIENTED_EDGE('',*,*,#1706,.T.);
#2286=ORIENTED_EDGE('',*,*,#1711,.T.);
#2287=ORIENTED_EDGE('',*,*,#1722,.F.);
#2288=ORIENTED_EDGE('',*,*,#1723,.F.);
#2289=ORIENTED_EDGE('',*,*,#1724,.F.);
#2290=ORIENTED_EDGE('',*,*,#1725,.F.);
#2291=ORIENTED_EDGE('',*,*,#1726,.F.);
#2292=ORIENTED_EDGE('',*,*,#1727,.F.);
#2293=ORIENTED_EDGE('',*,*,#1728,.F.);
#2294=ORIENTED_EDGE('',*,*,#1686,.F.);
#2295=ORIENTED_EDGE('',*,*,#1729,.F.);
#2296=ORIENTED_EDGE('',*,*,#1723,.T.);
#2297=ORIENTED_EDGE('',*,*,#1730,.F.);
#2298=ORIENTED_EDGE('',*,*,#1731,.F.);
#2299=ORIENTED_EDGE('',*,*,#1730,.T.);
#2300=ORIENTED_EDGE('',*,*,#1728,.T.);
#2301=ORIENTED_EDGE('',*,*,#1732,.F.);
#2302=ORIENTED_EDGE('',*,*,#1733,.F.);
#2303=ORIENTED_EDGE('',*,*,#1732,.T.);
#2304=ORIENTED_EDGE('',*,*,#1727,.T.);
#2305=ORIENTED_EDGE('',*,*,#1734,.F.);
#2306=ORIENTED_EDGE('',*,*,#1735,.F.);
#2307=ORIENTED_EDGE('',*,*,#1734,.T.);
#2308=ORIENTED_EDGE('',*,*,#1726,.T.);
#2309=ORIENTED_EDGE('',*,*,#1736,.F.);
#2310=ORIENTED_EDGE('',*,*,#1737,.F.);
#2311=ORIENTED_EDGE('',*,*,#1736,.T.);
#2312=ORIENTED_EDGE('',*,*,#1725,.T.);
#2313=ORIENTED_EDGE('',*,*,#1738,.F.);
#2314=ORIENTED_EDGE('',*,*,#1739,.F.);
#2315=ORIENTED_EDGE('',*,*,#1738,.T.);
#2316=ORIENTED_EDGE('',*,*,#1724,.T.);
#2317=ORIENTED_EDGE('',*,*,#1729,.T.);
#2318=ORIENTED_EDGE('',*,*,#1740,.F.);
#2319=ORIENTED_EDGE('',*,*,#1741,.T.);
#2320=ORIENTED_EDGE('',*,*,#1742,.T.);
#2321=ORIENTED_EDGE('',*,*,#1743,.T.);
#2322=ORIENTED_EDGE('',*,*,#1744,.F.);
#2323=ORIENTED_EDGE('',*,*,#1745,.F.);
#2324=ORIENTED_EDGE('',*,*,#1434,.F.);
#2325=ORIENTED_EDGE('',*,*,#1432,.T.);
#2326=ORIENTED_EDGE('',*,*,#1429,.T.);
#2327=ORIENTED_EDGE('',*,*,#1659,.F.);
#2328=ORIENTED_EDGE('',*,*,#1657,.F.);
#2329=ORIENTED_EDGE('',*,*,#1655,.F.);
#2330=ORIENTED_EDGE('',*,*,#1653,.F.);
#2331=ORIENTED_EDGE('',*,*,#1558,.F.);
#2332=ORIENTED_EDGE('',*,*,#1556,.F.);
#2333=ORIENTED_EDGE('',*,*,#1554,.F.);
#2334=ORIENTED_EDGE('',*,*,#1552,.F.);
#2335=ORIENTED_EDGE('',*,*,#1550,.F.);
#2336=ORIENTED_EDGE('',*,*,#1547,.F.);
#2337=ORIENTED_EDGE('',*,*,#1595,.F.);
#2338=ORIENTED_EDGE('',*,*,#1593,.F.);
#2339=ORIENTED_EDGE('',*,*,#1591,.F.);
#2340=ORIENTED_EDGE('',*,*,#1589,.F.);
#2341=ORIENTED_EDGE('',*,*,#1587,.F.);
#2342=ORIENTED_EDGE('',*,*,#1585,.F.);
#2343=ORIENTED_EDGE('',*,*,#1545,.F.);
#2344=ORIENTED_EDGE('',*,*,#1543,.F.);
#2345=ORIENTED_EDGE('',*,*,#1540,.F.);
#2346=ORIENTED_EDGE('',*,*,#1584,.F.);
#2347=ORIENTED_EDGE('',*,*,#1582,.F.);
#2348=ORIENTED_EDGE('',*,*,#1580,.F.);
#2349=ORIENTED_EDGE('',*,*,#1538,.F.);
#2350=ORIENTED_EDGE('',*,*,#1536,.F.);
#2351=ORIENTED_EDGE('',*,*,#1534,.F.);
#2352=ORIENTED_EDGE('',*,*,#1532,.F.);
#2353=ORIENTED_EDGE('',*,*,#1530,.F.);
#2354=ORIENTED_EDGE('',*,*,#1528,.F.);
#2355=ORIENTED_EDGE('',*,*,#1526,.F.);
#2356=ORIENTED_EDGE('',*,*,#1524,.F.);
#2357=ORIENTED_EDGE('',*,*,#1522,.F.);
#2358=ORIENTED_EDGE('',*,*,#1519,.F.);
#2359=ORIENTED_EDGE('',*,*,#1579,.F.);
#2360=ORIENTED_EDGE('',*,*,#1577,.F.);
#2361=ORIENTED_EDGE('',*,*,#1575,.F.);
#2362=ORIENTED_EDGE('',*,*,#1573,.F.);
#2363=ORIENTED_EDGE('',*,*,#1571,.F.);
#2364=ORIENTED_EDGE('',*,*,#1569,.F.);
#2365=ORIENTED_EDGE('',*,*,#1567,.F.);
#2366=ORIENTED_EDGE('',*,*,#1565,.F.);
#2367=ORIENTED_EDGE('',*,*,#1563,.F.);
#2368=ORIENTED_EDGE('',*,*,#1669,.F.);
#2369=ORIENTED_EDGE('',*,*,#1676,.F.);
#2370=ORIENTED_EDGE('',*,*,#1678,.F.);
#2371=ORIENTED_EDGE('',*,*,#1681,.F.);
#2372=ORIENTED_EDGE('',*,*,#1684,.F.);
#2373=ORIENTED_EDGE('',*,*,#1746,.T.);
#2374=ORIENTED_EDGE('',*,*,#1747,.T.);
#2375=ORIENTED_EDGE('',*,*,#1748,.T.);
#2376=ORIENTED_EDGE('',*,*,#1667,.F.);
#2377=ORIENTED_EDGE('',*,*,#1749,.T.);
#2378=ORIENTED_EDGE('',*,*,#1750,.T.);
#2379=ORIENTED_EDGE('',*,*,#1751,.T.);
#2380=ORIENTED_EDGE('',*,*,#1752,.F.);
#2381=ORIENTED_EDGE('',*,*,#1753,.F.);
#2382=ORIENTED_EDGE('',*,*,#1754,.T.);
#2383=ORIENTED_EDGE('',*,*,#1755,.T.);
#2384=ORIENTED_EDGE('',*,*,#1454,.F.);
#2385=ORIENTED_EDGE('',*,*,#1756,.T.);
#2386=ORIENTED_EDGE('',*,*,#1754,.F.);
#2387=ORIENTED_EDGE('',*,*,#1757,.F.);
#2388=ORIENTED_EDGE('',*,*,#1758,.T.);
#2389=ORIENTED_EDGE('',*,*,#1759,.T.);
#2390=ORIENTED_EDGE('',*,*,#1758,.F.);
#2391=ORIENTED_EDGE('',*,*,#1760,.F.);
#2392=ORIENTED_EDGE('',*,*,#1761,.T.);
#2393=ORIENTED_EDGE('',*,*,#1762,.T.);
#2394=ORIENTED_EDGE('',*,*,#1761,.F.);
#2395=ORIENTED_EDGE('',*,*,#1763,.F.);
#2396=ORIENTED_EDGE('',*,*,#1764,.T.);
#2397=ORIENTED_EDGE('',*,*,#1749,.F.);
#2398=ORIENTED_EDGE('',*,*,#1765,.T.);
#2399=ORIENTED_EDGE('',*,*,#1766,.F.);
#2400=ORIENTED_EDGE('',*,*,#1767,.F.);
#2401=ORIENTED_EDGE('',*,*,#1746,.F.);
#2402=ORIENTED_EDGE('',*,*,#1666,.T.);
#2403=ORIENTED_EDGE('',*,*,#1768,.F.);
#2404=ORIENTED_EDGE('',*,*,#1769,.F.);
#2405=ORIENTED_EDGE('',*,*,#1770,.T.);
#2406=ORIENTED_EDGE('',*,*,#1771,.F.);
#2407=ORIENTED_EDGE('',*,*,#1772,.F.);
#2408=ORIENTED_EDGE('',*,*,#1744,.T.);
#2409=ORIENTED_EDGE('',*,*,#1773,.T.);
#2410=ORIENTED_EDGE('',*,*,#1770,.F.);
#2411=ORIENTED_EDGE('',*,*,#1743,.F.);
#2412=ORIENTED_EDGE('',*,*,#1774,.F.);
#2413=ORIENTED_EDGE('',*,*,#1775,.T.);
#2414=ORIENTED_EDGE('',*,*,#1774,.T.);
#2415=ORIENTED_EDGE('',*,*,#1742,.F.);
#2416=ORIENTED_EDGE('',*,*,#1776,.F.);
#2417=ORIENTED_EDGE('',*,*,#1777,.T.);
#2418=ORIENTED_EDGE('',*,*,#1776,.T.);
#2419=ORIENTED_EDGE('',*,*,#1741,.F.);
#2420=ORIENTED_EDGE('',*,*,#1428,.F.);
#2421=ORIENTED_EDGE('',*,*,#1777,.F.);
#2422=ORIENTED_EDGE('',*,*,#1427,.F.);
#2423=ORIENTED_EDGE('',*,*,#1431,.F.);
#2424=ORIENTED_EDGE('',*,*,#1436,.T.);
#2425=ORIENTED_EDGE('',*,*,#1778,.T.);
#2426=ORIENTED_EDGE('',*,*,#1771,.T.);
#2427=ORIENTED_EDGE('',*,*,#1773,.F.);
#2428=ORIENTED_EDGE('',*,*,#1775,.F.);
#2429=ORIENTED_EDGE('',*,*,#1779,.T.);
#2430=ORIENTED_EDGE('',*,*,#1426,.F.);
#2431=ORIENTED_EDGE('',*,*,#1599,.T.);
#2432=ORIENTED_EDGE('',*,*,#1613,.T.);
#2433=ORIENTED_EDGE('',*,*,#1611,.T.);
#2434=ORIENTED_EDGE('',*,*,#1608,.T.);
#2435=ORIENTED_EDGE('',*,*,#1605,.T.);
#2436=ORIENTED_EDGE('',*,*,#1602,.T.);
#2437=ORIENTED_EDGE('',*,*,#1618,.T.);
#2438=ORIENTED_EDGE('',*,*,#1632,.T.);
#2439=ORIENTED_EDGE('',*,*,#1630,.T.);
#2440=ORIENTED_EDGE('',*,*,#1627,.T.);
#2441=ORIENTED_EDGE('',*,*,#1624,.T.);
#2442=ORIENTED_EDGE('',*,*,#1621,.T.);
#2443=ORIENTED_EDGE('',*,*,#1637,.T.);
#2444=ORIENTED_EDGE('',*,*,#1651,.T.);
#2445=ORIENTED_EDGE('',*,*,#1649,.T.);
#2446=ORIENTED_EDGE('',*,*,#1646,.T.);
#2447=ORIENTED_EDGE('',*,*,#1643,.T.);
#2448=ORIENTED_EDGE('',*,*,#1640,.T.);
#2449=ORIENTED_EDGE('',*,*,#1740,.T.);
#2450=ORIENTED_EDGE('',*,*,#1731,.T.);
#2451=ORIENTED_EDGE('',*,*,#1733,.T.);
#2452=ORIENTED_EDGE('',*,*,#1735,.T.);
#2453=ORIENTED_EDGE('',*,*,#1737,.T.);
#2454=ORIENTED_EDGE('',*,*,#1739,.T.);
#2455=ORIENTED_EDGE('',*,*,#1722,.T.);
#2456=ORIENTED_EDGE('',*,*,#1713,.T.);
#2457=ORIENTED_EDGE('',*,*,#1715,.T.);
#2458=ORIENTED_EDGE('',*,*,#1717,.T.);
#2459=ORIENTED_EDGE('',*,*,#1719,.T.);
#2460=ORIENTED_EDGE('',*,*,#1721,.T.);
#2461=ORIENTED_EDGE('',*,*,#1704,.T.);
#2462=ORIENTED_EDGE('',*,*,#1695,.T.);
#2463=ORIENTED_EDGE('',*,*,#1697,.T.);
#2464=ORIENTED_EDGE('',*,*,#1699,.T.);
#2465=ORIENTED_EDGE('',*,*,#1701,.T.);
#2466=ORIENTED_EDGE('',*,*,#1703,.T.);
#2467=ORIENTED_EDGE('',*,*,#1780,.T.);
#2468=ORIENTED_EDGE('',*,*,#1781,.T.);
#2469=ORIENTED_EDGE('',*,*,#1779,.F.);
#2470=ORIENTED_EDGE('',*,*,#1781,.F.);
#2471=ORIENTED_EDGE('',*,*,#1780,.F.);
#2472=ORIENTED_EDGE('',*,*,#1663,.F.);
#2473=ORIENTED_EDGE('',*,*,#1672,.F.);
#2474=ORIENTED_EDGE('',*,*,#1782,.F.);
#2475=ORIENTED_EDGE('',*,*,#1783,.T.);
#2476=ORIENTED_EDGE('',*,*,#1420,.T.);
#2477=ORIENTED_EDGE('',*,*,#1421,.T.);
#2478=ORIENTED_EDGE('',*,*,#1783,.F.);
#2479=ORIENTED_EDGE('',*,*,#1745,.T.);
#2480=ORIENTED_EDGE('',*,*,#1772,.T.);
#2481=ORIENTED_EDGE('',*,*,#1778,.F.);
#2482=ORIENTED_EDGE('',*,*,#1435,.F.);
#2483=ORIENTED_EDGE('',*,*,#1784,.F.);
#2484=ORIENTED_EDGE('',*,*,#1445,.F.);
#2485=ORIENTED_EDGE('',*,*,#1449,.F.);
#2486=ORIENTED_EDGE('',*,*,#1452,.F.);
#2487=ORIENTED_EDGE('',*,*,#1755,.F.);
#2488=ORIENTED_EDGE('',*,*,#1756,.F.);
#2489=ORIENTED_EDGE('',*,*,#1759,.F.);
#2490=ORIENTED_EDGE('',*,*,#1762,.F.);
#2491=ORIENTED_EDGE('',*,*,#1671,.T.);
#2492=ORIENTED_EDGE('',*,*,#1665,.T.);
#2493=ORIENTED_EDGE('',*,*,#1439,.T.);
#2494=ORIENTED_EDGE('',*,*,#1785,.T.);
#2495=ORIENTED_EDGE('',*,*,#1768,.T.);
#2496=ORIENTED_EDGE('',*,*,#1786,.T.);
#2497=ORIENTED_EDGE('',*,*,#1443,.T.);
#2498=ORIENTED_EDGE('',*,*,#1787,.T.);
#2499=ORIENTED_EDGE('',*,*,#1766,.T.);
#2500=ORIENTED_EDGE('',*,*,#1788,.T.);
#2501=ORIENTED_EDGE('',*,*,#1789,.T.);
#2502=ORIENTED_EDGE('',*,*,#1763,.T.);
#2503=ORIENTED_EDGE('',*,*,#1760,.T.);
#2504=ORIENTED_EDGE('',*,*,#1757,.T.);
#2505=ORIENTED_EDGE('',*,*,#1753,.T.);
#2506=ORIENTED_EDGE('',*,*,#1453,.T.);
#2507=ORIENTED_EDGE('',*,*,#1450,.T.);
#2508=ORIENTED_EDGE('',*,*,#1447,.T.);
#2509=ORIENTED_EDGE('',*,*,#1782,.T.);
#2510=ORIENTED_EDGE('',*,*,#1790,.F.);
#2511=ORIENTED_EDGE('',*,*,#1668,.F.);
#2512=ORIENTED_EDGE('',*,*,#1748,.F.);
#2513=ORIENTED_EDGE('',*,*,#1791,.F.);
#2514=ORIENTED_EDGE('',*,*,#1459,.F.);
#2515=ORIENTED_EDGE('',*,*,#1791,.T.);
#2516=ORIENTED_EDGE('',*,*,#1747,.F.);
#2517=ORIENTED_EDGE('',*,*,#1769,.T.);
#2518=ORIENTED_EDGE('',*,*,#1785,.F.);
#2519=ORIENTED_EDGE('',*,*,#1438,.F.);
#2520=ORIENTED_EDGE('',*,*,#1460,.T.);
#2521=ORIENTED_EDGE('',*,*,#1786,.F.);
#2522=ORIENTED_EDGE('',*,*,#1765,.F.);
#2523=ORIENTED_EDGE('',*,*,#1752,.T.);
#2524=ORIENTED_EDGE('',*,*,#1792,.T.);
#2525=ORIENTED_EDGE('',*,*,#1455,.F.);
#2526=ORIENTED_EDGE('',*,*,#1444,.T.);
#2527=ORIENTED_EDGE('',*,*,#1792,.F.);
#2528=ORIENTED_EDGE('',*,*,#1751,.F.);
#2529=ORIENTED_EDGE('',*,*,#1793,.F.);
#2530=ORIENTED_EDGE('',*,*,#1456,.F.);
#2531=ORIENTED_EDGE('',*,*,#1793,.T.);
#2532=ORIENTED_EDGE('',*,*,#1750,.F.);
#2533=ORIENTED_EDGE('',*,*,#1767,.T.);
#2534=ORIENTED_EDGE('',*,*,#1787,.F.);
#2535=ORIENTED_EDGE('',*,*,#1442,.F.);
#2536=ORIENTED_EDGE('',*,*,#1457,.T.);
#2537=ORIENTED_EDGE('',*,*,#1784,.T.);
#2538=ORIENTED_EDGE('',*,*,#1764,.F.);
#2539=ORIENTED_EDGE('',*,*,#1789,.F.);
#2540=ORIENTED_EDGE('',*,*,#1446,.T.);
#2541=ORIENTED_EDGE('',*,*,#1788,.F.);
#2542=ORIENTED_EDGE('',*,*,#1794,.T.);
#2543=ORIENTED_EDGE('',*,*,#1790,.T.);
#2544=ORIENTED_EDGE('',*,*,#1794,.F.);
#2545=TOROIDAL_SURFACE('',#2694,37.9999999999988,2.29999999999999);
#2546=ADVANCED_FACE('',(#783),#2545,.F.);
#2547=ADVANCED_FACE('',(#784),#754,.T.);
#2548=ADVANCED_FACE('',(#785),#755,.T.);
#2549=ADVANCED_FACE('',(#786),#123,.T.);
#2550=ADVANCED_FACE('',(#787),#756,.T.);
#2551=ADVANCED_FACE('',(#788),#99,.T.);
#2552=ADVANCED_FACE('',(#789),#100,.T.);
#2553=ADVANCED_FACE('',(#790),#124,.F.);
#2554=ADVANCED_FACE('',(#791),#757,.T.);
#2555=ADVANCED_FACE('',(#792),#758,.F.);
#2556=ADVANCED_FACE('',(#793),#101,.F.);
#2557=ADVANCED_FACE('',(#794),#102,.F.);
#2558=ADVANCED_FACE('',(#795),#125,.F.);
#2559=ADVANCED_FACE('',(#796),#126,.F.);
#2560=ADVANCED_FACE('',(#797,#19),#127,.T.);
#2561=ADVANCED_FACE('',(#798),#128,.T.);
#2562=ADVANCED_FACE('',(#799),#103,.F.);
#2563=ADVANCED_FACE('',(#800),#129,.F.);
#2564=ADVANCED_FACE('',(#801),#130,.F.);
#2565=ADVANCED_FACE('',(#802),#131,.F.);
#2566=ADVANCED_FACE('',(#803),#104,.F.);
#2567=ADVANCED_FACE('',(#804),#105,.F.);
#2568=ADVANCED_FACE('',(#805),#106,.F.);
#2569=ADVANCED_FACE('',(#806),#107,.F.);
#2570=ADVANCED_FACE('',(#807),#108,.F.);
#2571=ADVANCED_FACE('',(#808),#109,.F.);
#2572=ADVANCED_FACE('',(#809),#132,.F.);
#2573=ADVANCED_FACE('',(#810),#133,.F.);
#2574=ADVANCED_FACE('',(#811),#134,.F.);
#2575=ADVANCED_FACE('',(#812),#135,.F.);
#2576=ADVANCED_FACE('',(#813),#136,.F.);
#2577=ADVANCED_FACE('',(#814),#137,.F.);
#2578=ADVANCED_FACE('',(#815),#138,.F.);
#2579=ADVANCED_FACE('',(#816),#139,.F.);
#2580=ADVANCED_FACE('',(#817),#140,.F.);
#2581=ADVANCED_FACE('',(#818),#141,.F.);
#2582=ADVANCED_FACE('',(#819),#142,.F.);
#2583=ADVANCED_FACE('',(#820),#143,.F.);
#2584=ADVANCED_FACE('',(#821),#144,.F.);
#2585=ADVANCED_FACE('',(#822),#110,.F.);
#2586=ADVANCED_FACE('',(#823),#111,.F.);
#2587=ADVANCED_FACE('',(#824),#112,.F.);
#2588=ADVANCED_FACE('',(#825),#113,.F.);
#2589=ADVANCED_FACE('',(#826),#145,.F.);
#2590=ADVANCED_FACE('',(#827),#114,.F.);
#2591=ADVANCED_FACE('',(#828),#115,.F.);
#2592=ADVANCED_FACE('',(#829),#116,.F.);
#2593=ADVANCED_FACE('',(#830),#117,.F.);
#2594=ADVANCED_FACE('',(#831),#146,.F.);
#2595=ADVANCED_FACE('',(#832),#147,.F.);
#2596=ADVANCED_FACE('',(#833),#148,.F.);
#2597=ADVANCED_FACE('',(#834),#118,.F.);
#2598=ADVANCED_FACE('',(#835),#149,.F.);
#2599=ADVANCED_FACE('',(#836),#150,.F.);
#2600=ADVANCED_FACE('',(#837),#151,.F.);
#2601=ADVANCED_FACE('',(#838),#152,.F.);
#2602=ADVANCED_FACE('',(#839),#153,.F.);
#2603=ADVANCED_FACE('',(#840),#154,.F.);
#2604=ADVANCED_FACE('',(#841),#155,.F.);
#2605=ADVANCED_FACE('',(#842),#156,.F.);
#2606=ADVANCED_FACE('',(#843),#157,.F.);
#2607=ADVANCED_FACE('',(#844),#158,.F.);
#2608=ADVANCED_FACE('',(#845),#159,.F.);
#2609=ADVANCED_FACE('',(#846),#160,.F.);
#2610=ADVANCED_FACE('',(#847),#161,.F.);
#2611=ADVANCED_FACE('',(#848),#162,.F.);
#2612=ADVANCED_FACE('',(#849),#163,.F.);
#2613=ADVANCED_FACE('',(#850,#20),#164,.T.);
#2614=ADVANCED_FACE('',(#851),#165,.F.);
#2615=ADVANCED_FACE('',(#852),#166,.F.);
#2616=ADVANCED_FACE('',(#853),#167,.F.);
#2617=ADVANCED_FACE('',(#854),#168,.F.);
#2618=ADVANCED_FACE('',(#855),#169,.F.);
#2619=ADVANCED_FACE('',(#856),#170,.F.);
#2620=ADVANCED_FACE('',(#857,#21),#171,.T.);
#2621=ADVANCED_FACE('',(#858),#172,.F.);
#2622=ADVANCED_FACE('',(#859),#173,.F.);
#2623=ADVANCED_FACE('',(#860),#174,.F.);
#2624=ADVANCED_FACE('',(#861),#175,.F.);
#2625=ADVANCED_FACE('',(#862),#176,.F.);
#2626=ADVANCED_FACE('',(#863),#177,.F.);
#2627=ADVANCED_FACE('',(#864,#22),#178,.T.);
#2628=ADVANCED_FACE('',(#865),#759,.F.);
#2629=ADVANCED_FACE('',(#866),#760,.F.);
#2630=ADVANCED_FACE('',(#867),#761,.F.);
#2631=ADVANCED_FACE('',(#868),#762,.F.);
#2632=ADVANCED_FACE('',(#869,#23),#179,.T.);
#2633=ADVANCED_FACE('',(#870),#763,.F.);
#2634=ADVANCED_FACE('',(#871),#764,.F.);
#2635=ADVANCED_FACE('',(#872),#765,.F.);
#2636=ADVANCED_FACE('',(#873),#766,.F.);
#2637=ADVANCED_FACE('',(#874,#24),#180,.T.);
#2638=ADVANCED_FACE('',(#875),#767,.F.);
#2639=ADVANCED_FACE('',(#876),#768,.F.);
#2640=ADVANCED_FACE('',(#877),#769,.F.);
#2641=ADVANCED_FACE('',(#878),#770,.F.);
#2642=ADVANCED_FACE('',(#879,#25),#181,.T.);
#2643=ADVANCED_FACE('',(#880),#182,.F.);
#2644=ADVANCED_FACE('',(#881),#183,.F.);
#2645=ADVANCED_FACE('',(#882),#184,.F.);
#2646=ADVANCED_FACE('',(#883),#185,.F.);
#2647=ADVANCED_FACE('',(#884),#186,.F.);
#2648=ADVANCED_FACE('',(#885),#187,.F.);
#2649=ADVANCED_FACE('',(#886,#26),#188,.T.);
#2650=ADVANCED_FACE('',(#887),#189,.F.);
#2651=ADVANCED_FACE('',(#888),#190,.F.);
#2652=ADVANCED_FACE('',(#889),#191,.F.);
#2653=ADVANCED_FACE('',(#890),#192,.F.);
#2654=ADVANCED_FACE('',(#891),#193,.F.);
#2655=ADVANCED_FACE('',(#892),#194,.F.);
#2656=ADVANCED_FACE('',(#893,#27),#195,.T.);
#2657=ADVANCED_FACE('',(#894),#196,.F.);
#2658=ADVANCED_FACE('',(#895),#197,.F.);
#2659=ADVANCED_FACE('',(#896),#198,.F.);
#2660=ADVANCED_FACE('',(#897),#199,.F.);
#2661=ADVANCED_FACE('',(#898),#200,.F.);
#2662=ADVANCED_FACE('',(#899),#201,.F.);
#2663=ADVANCED_FACE('',(#900,#28,#29,#30,#31,#32,#33,#34,#35,#36,#37,#38,
#39),#202,.T.);
#2664=ADVANCED_FACE('',(#901),#119,.F.);
#2665=ADVANCED_FACE('',(#902),#120,.F.);
#2666=ADVANCED_FACE('',(#903),#203,.F.);
#2667=ADVANCED_FACE('',(#904),#771,.F.);
#2668=ADVANCED_FACE('',(#905),#772,.T.);
#2669=ADVANCED_FACE('',(#906),#204,.F.);
#2670=ADVANCED_FACE('',(#907),#121,.T.);
#2671=ADVANCED_FACE('',(#908),#122,.T.);
#2672=ADVANCED_FACE('',(#909),#773,.T.);
#2673=ADVANCED_FACE('',(#910),#205,.T.);
#2674=ADVANCED_FACE('',(#911),#774,.T.);
#2675=ADVANCED_FACE('',(#912),#206,.T.);
#2676=ADVANCED_FACE('',(#913,#40,#41,#42,#43,#44,#45,#46,#47),#207,.F.);
#2677=ADVANCED_FACE('',(#914),#775,.F.);
#2678=ADVANCED_FACE('',(#915,#48,#49),#208,.F.);
#2679=ADVANCED_FACE('',(#916),#776,.T.);
#2680=ADVANCED_FACE('',(#917),#777,.T.);
#2681=ADVANCED_FACE('',(#918,#50,#51,#52),#209,.T.);
#2682=ADVANCED_FACE('',(#919,#53),#210,.F.);
#2683=ADVANCED_FACE('',(#920,#54),#211,.T.);
#2684=ADVANCED_FACE('',(#921),#212,.T.);
#2685=ADVANCED_FACE('',(#922),#778,.F.);
#2686=ADVANCED_FACE('',(#923),#779,.F.);
#2687=ADVANCED_FACE('',(#924),#213,.T.);
#2688=ADVANCED_FACE('',(#925),#780,.F.);
#2689=ADVANCED_FACE('',(#926),#781,.F.);
#2690=ADVANCED_FACE('',(#927),#782,.F.);
#2691=CLOSED_SHELL('',(#2546,#2547,#2548,#2549,#2550,#2551,#2552,#2553,
#2554,#2555,#2556,#2557,#2558,#2559,#2560,#2561,#2562,#2563,#2564,#2565,
#2566,#2567,#2568,#2569,#2570,#2571,#2572,#2573,#2574,#2575,#2576,#2577,
#2578,#2579,#2580,#2581,#2582,#2583,#2584,#2585,#2586,#2587,#2588,#2589,
#2590,#2591,#2592,#2593,#2594,#2595,#2596,#2597,#2598,#2599,#2600,#2601,
#2602,#2603,#2604,#2605,#2606,#2607,#2608,#2609,#2610,#2611,#2612,#2613,
#2614,#2615,#2616,#2617,#2618,#2619,#2620,#2621,#2622,#2623,#2624,#2625,
#2626,#2627,#2628,#2629,#2630,#2631,#2632,#2633,#2634,#2635,#2636,#2637,
#2638,#2639,#2640,#2641,#2642,#2643,#2644,#2645,#2646,#2647,#2648,#2649,
#2650,#2651,#2652,#2653,#2654,#2655,#2656,#2657,#2658,#2659,#2660,#2661,
#2662,#2663,#2664,#2665,#2666,#2667,#2668,#2669,#2670,#2671,#2672,#2673,
#2674,#2675,#2676,#2677,#2678,#2679,#2680,#2681,#2682,#2683,#2684,#2685,
#2686,#2687,#2688,#2689,#2690));
#2692=AXIS2_PLACEMENT_3D('',#3517,#2877,#2878);
#2693=AXIS2_PLACEMENT_3D('',#3518,#2879,#2880);
#2694=AXIS2_PLACEMENT_3D('',#3519,#2881,#2882);
#2695=AXIS2_PLACEMENT_3D('',#3522,#2883,#2884);
#2696=AXIS2_PLACEMENT_3D('',#3523,#2885,#2886);
#2697=AXIS2_PLACEMENT_3D('',#3525,#2887,#2888);
#2698=AXIS2_PLACEMENT_3D('',#3527,#2889,#2890);
#2699=AXIS2_PLACEMENT_3D('',#3528,#2891,#2892);
#2700=AXIS2_PLACEMENT_3D('',#3529,#2893,#2894);
#2701=AXIS2_PLACEMENT_3D('',#3532,#2896,#2897);
#2702=AXIS2_PLACEMENT_3D('',#3533,#2898,#2899);
#2703=AXIS2_PLACEMENT_3D('',#3536,#2900,#2901);
#2704=AXIS2_PLACEMENT_3D('',#3540,#2903,#2904);
#2705=AXIS2_PLACEMENT_3D('',#3542,#2906,#2907);
#2706=AXIS2_PLACEMENT_3D('',#3548,#2911,#2912);
#2707=AXIS2_PLACEMENT_3D('',#3550,#2913,#2914);
#2708=AXIS2_PLACEMENT_3D('',#3553,#2916,#2917);
#2709=AXIS2_PLACEMENT_3D('',#3698,#2922,#2923);
#2710=AXIS2_PLACEMENT_3D('',#3707,#2928,#2929);
#2711=AXIS2_PLACEMENT_3D('',#3709,#2930,#2931);
#2712=AXIS2_PLACEMENT_3D('',#3711,#2932,#2933);
#2713=AXIS2_PLACEMENT_3D('',#3713,#2935,#2936);
#2714=AXIS2_PLACEMENT_3D('',#3715,#2937,#2938);
#2715=AXIS2_PLACEMENT_3D('',#3717,#2939,#2940);
#2716=AXIS2_PLACEMENT_3D('',#3821,#2946,#2947);
#2717=AXIS2_PLACEMENT_3D('',#3834,#2954,#2955);
#2718=AXIS2_PLACEMENT_3D('',#3859,#2968,#2969);
#2719=AXIS2_PLACEMENT_3D('',#3978,#2981,#2982);
#2720=AXIS2_PLACEMENT_3D('',#4037,#2988,#2989);
#2721=AXIS2_PLACEMENT_3D('',#4039,#2991,#2992);
#2722=AXIS2_PLACEMENT_3D('',#4041,#2994,#2995);
#2723=AXIS2_PLACEMENT_3D('',#4159,#3004,#3005);
#2724=AXIS2_PLACEMENT_3D('',#4163,#3008,#3009);
#2725=AXIS2_PLACEMENT_3D('',#4167,#3012,#3013);
#2726=AXIS2_PLACEMENT_3D('',#4171,#3016,#3017);
#2727=AXIS2_PLACEMENT_3D('',#4175,#3020,#3021);
#2728=AXIS2_PLACEMENT_3D('',#4181,#3025,#3026);
#2729=AXIS2_PLACEMENT_3D('',#4185,#3029,#3030);
#2730=AXIS2_PLACEMENT_3D('',#4189,#3033,#3034);
#2731=AXIS2_PLACEMENT_3D('',#4195,#3038,#3039);
#2732=AXIS2_PLACEMENT_3D('',#4199,#3042,#3043);
#2733=AXIS2_PLACEMENT_3D('',#4203,#3046,#3047);
#2734=AXIS2_PLACEMENT_3D('',#4207,#3050,#3051);
#2735=AXIS2_PLACEMENT_3D('',#4211,#3054,#3055);
#2736=AXIS2_PLACEMENT_3D('',#4258,#3061,#3062);
#2737=AXIS2_PLACEMENT_3D('',#4338,#3069,#3070);
#2738=AXIS2_PLACEMENT_3D('',#4342,#3073,#3074);
#2739=AXIS2_PLACEMENT_3D('',#4346,#3077,#3078);
#2740=AXIS2_PLACEMENT_3D('',#4367,#3081,#3082);
#2741=AXIS2_PLACEMENT_3D('',#4371,#3085,#3086);
#2742=AXIS2_PLACEMENT_3D('',#4375,#3089,#3090);
#2743=AXIS2_PLACEMENT_3D('',#4377,#3092,#3093);
#2744=AXIS2_PLACEMENT_3D('',#4381,#3096,#3097);
#2745=AXIS2_PLACEMENT_3D('',#4385,#3100,#3101);
#2746=AXIS2_PLACEMENT_3D('',#4389,#3104,#3105);
#2747=AXIS2_PLACEMENT_3D('',#4393,#3108,#3109);
#2748=AXIS2_PLACEMENT_3D('',#4397,#3112,#3113);
#2749=AXIS2_PLACEMENT_3D('',#4399,#3115,#3116);
#2750=AXIS2_PLACEMENT_3D('',#4408,#3121,#3122);
#2751=AXIS2_PLACEMENT_3D('',#4414,#3126,#3127);
#2752=AXIS2_PLACEMENT_3D('',#4420,#3131,#3132);
#2753=AXIS2_PLACEMENT_3D('',#4426,#3136,#3137);
#2754=AXIS2_PLACEMENT_3D('',#4432,#3141,#3142);
#2755=AXIS2_PLACEMENT_3D('',#4435,#3145,#3146);
#2756=AXIS2_PLACEMENT_3D('',#4437,#3147,#3148);
#2757=AXIS2_PLACEMENT_3D('',#4438,#3149,#3150);
#2758=AXIS2_PLACEMENT_3D('',#4447,#3155,#3156);
#2759=AXIS2_PLACEMENT_3D('',#4453,#3160,#3161);
#2760=AXIS2_PLACEMENT_3D('',#4459,#3165,#3166);
#2761=AXIS2_PLACEMENT_3D('',#4465,#3170,#3171);
#2762=AXIS2_PLACEMENT_3D('',#4471,#3175,#3176);
#2763=AXIS2_PLACEMENT_3D('',#4474,#3179,#3180);
#2764=AXIS2_PLACEMENT_3D('',#4476,#3181,#3182);
#2765=AXIS2_PLACEMENT_3D('',#4477,#3183,#3184);
#2766=AXIS2_PLACEMENT_3D('',#4486,#3189,#3190);
#2767=AXIS2_PLACEMENT_3D('',#4492,#3194,#3195);
#2768=AXIS2_PLACEMENT_3D('',#4498,#3199,#3200);
#2769=AXIS2_PLACEMENT_3D('',#4504,#3204,#3205);
#2770=AXIS2_PLACEMENT_3D('',#4510,#3209,#3210);
#2771=AXIS2_PLACEMENT_3D('',#4513,#3213,#3214);
#2772=AXIS2_PLACEMENT_3D('',#4515,#3215,#3216);
#2773=AXIS2_PLACEMENT_3D('',#4516,#3217,#3218);
#2774=AXIS2_PLACEMENT_3D('',#4518,#3219,#3220);
#2775=AXIS2_PLACEMENT_3D('',#4520,#3222,#3223);
#2776=AXIS2_PLACEMENT_3D('',#4522,#3224,#3225);
#2777=AXIS2_PLACEMENT_3D('',#4524,#3227,#3228);
#2778=AXIS2_PLACEMENT_3D('',#4526,#3229,#3230);
#2779=AXIS2_PLACEMENT_3D('',#4528,#3232,#3233);
#2780=AXIS2_PLACEMENT_3D('',#4530,#3234,#3235);
#2781=AXIS2_PLACEMENT_3D('',#4533,#3237,#3238);
#2782=AXIS2_PLACEMENT_3D('',#4534,#3239,#3240);
#2783=AXIS2_PLACEMENT_3D('',#4536,#3241,#3242);
#2784=AXIS2_PLACEMENT_3D('',#4537,#3243,#3244);
#2785=AXIS2_PLACEMENT_3D('',#4539,#3245,#3246);
#2786=AXIS2_PLACEMENT_3D('',#4541,#3248,#3249);
#2787=AXIS2_PLACEMENT_3D('',#4543,#3250,#3251);
#2788=AXIS2_PLACEMENT_3D('',#4548,#3254,#3255);
#2789=AXIS2_PLACEMENT_3D('',#4549,#3256,#3257);
#2790=AXIS2_PLACEMENT_3D('',#4551,#3258,#3259);
#2791=AXIS2_PLACEMENT_3D('',#4554,#3261,#3262);
#2792=AXIS2_PLACEMENT_3D('',#4555,#3263,#3264);
#2793=AXIS2_PLACEMENT_3D('',#4557,#3265,#3266);
#2794=AXIS2_PLACEMENT_3D('',#4560,#3268,#3269);
#2795=AXIS2_PLACEMENT_3D('',#4561,#3270,#3271);
#2796=AXIS2_PLACEMENT_3D('',#4563,#3272,#3273);
#2797=AXIS2_PLACEMENT_3D('',#4564,#3274,#3275);
#2798=AXIS2_PLACEMENT_3D('',#4566,#3276,#3277);
#2799=AXIS2_PLACEMENT_3D('',#4568,#3279,#3280);
#2800=AXIS2_PLACEMENT_3D('',#4570,#3281,#3282);
#2801=AXIS2_PLACEMENT_3D('',#4573,#3284,#3285);
#2802=AXIS2_PLACEMENT_3D('',#4574,#3286,#3287);
#2803=AXIS2_PLACEMENT_3D('',#4576,#3288,#3289);
#2804=AXIS2_PLACEMENT_3D('',#4579,#3291,#3292);
#2805=AXIS2_PLACEMENT_3D('',#4580,#3293,#3294);
#2806=AXIS2_PLACEMENT_3D('',#4582,#3295,#3296);
#2807=AXIS2_PLACEMENT_3D('',#4585,#3298,#3299);
#2808=AXIS2_PLACEMENT_3D('',#4586,#3300,#3301);
#2809=AXIS2_PLACEMENT_3D('',#4599,#3308,#3309);
#2810=AXIS2_PLACEMENT_3D('',#4605,#3313,#3314);
#2811=AXIS2_PLACEMENT_3D('',#4609,#3317,#3318);
#2812=AXIS2_PLACEMENT_3D('',#4613,#3321,#3322);
#2813=AXIS2_PLACEMENT_3D('',#4617,#3325,#3326);
#2814=AXIS2_PLACEMENT_3D('',#4621,#3329,#3330);
#2815=AXIS2_PLACEMENT_3D('',#4623,#3332,#3333);
#2816=AXIS2_PLACEMENT_3D('',#4636,#3340,#3341);
#2817=AXIS2_PLACEMENT_3D('',#4642,#3345,#3346);
#2818=AXIS2_PLACEMENT_3D('',#4646,#3349,#3350);
#2819=AXIS2_PLACEMENT_3D('',#4650,#3353,#3354);
#2820=AXIS2_PLACEMENT_3D('',#4654,#3357,#3358);
#2821=AXIS2_PLACEMENT_3D('',#4658,#3361,#3362);
#2822=AXIS2_PLACEMENT_3D('',#4660,#3364,#3365);
#2823=AXIS2_PLACEMENT_3D('',#4673,#3372,#3373);
#2824=AXIS2_PLACEMENT_3D('',#4679,#3377,#3378);
#2825=AXIS2_PLACEMENT_3D('',#4683,#3381,#3382);
#2826=AXIS2_PLACEMENT_3D('',#4687,#3385,#3386);
#2827=AXIS2_PLACEMENT_3D('',#4691,#3389,#3390);
#2828=AXIS2_PLACEMENT_3D('',#4695,#3393,#3394);
#2829=AXIS2_PLACEMENT_3D('',#4697,#3396,#3397);
#2830=AXIS2_PLACEMENT_3D('',#4701,#3399,#3400);
#2831=AXIS2_PLACEMENT_3D('',#4705,#3402,#3403);
#2832=AXIS2_PLACEMENT_3D('',#4706,#3404,#3405);
#2833=AXIS2_PLACEMENT_3D('',#4848,#3409,#3410);
#2834=AXIS2_PLACEMENT_3D('',#4854,#3414,#3415);
#2835=AXIS2_PLACEMENT_3D('',#4856,#3416,#3417);
#2836=AXIS2_PLACEMENT_3D('',#4858,#3418,#3419);
#2837=AXIS2_PLACEMENT_3D('',#4860,#3421,#3422);
#2838=AXIS2_PLACEMENT_3D('',#4862,#3423,#3424);
#2839=AXIS2_PLACEMENT_3D('',#4864,#3425,#3426);
#2840=AXIS2_PLACEMENT_3D('',#4866,#3428,#3429);
#2841=AXIS2_PLACEMENT_3D('',#4972,#3436,#3437);
#2842=AXIS2_PLACEMENT_3D('',#4976,#3439,#3440);
#2843=AXIS2_PLACEMENT_3D('',#4978,#3442,#3443);
#2844=AXIS2_PLACEMENT_3D('',#4982,#3446,#3447);
#2845=AXIS2_PLACEMENT_3D('',#4984,#3448,#3449);
#2846=AXIS2_PLACEMENT_3D('',#4986,#3451,#3452);
#2847=AXIS2_PLACEMENT_3D('',#4988,#3454,#3455);
#2848=AXIS2_PLACEMENT_3D('',#4989,#3456,#3457);
#2849=AXIS2_PLACEMENT_3D('',#4991,#3458,#3459);
#2850=AXIS2_PLACEMENT_3D('',#4992,#3460,#3461);
#2851=AXIS2_PLACEMENT_3D('',#4994,#3462,#3463);
#2852=AXIS2_PLACEMENT_3D('',#4996,#3465,#3466);
#2853=AXIS2_PLACEMENT_3D('',#4997,#3467,#3468);
#2854=AXIS2_PLACEMENT_3D('',#4999,#3469,#3470);
#2855=AXIS2_PLACEMENT_3D('',#5001,#3472,#3473);
#2856=AXIS2_PLACEMENT_3D('',#5002,#3474,#3475);
#2857=AXIS2_PLACEMENT_3D('',#5003,#3476,#3477);
#2858=AXIS2_PLACEMENT_3D('',#5004,#3478,#3479);
#2859=AXIS2_PLACEMENT_3D('',#5005,#3480,#3481);
#2860=AXIS2_PLACEMENT_3D('',#5006,#3482,#3483);
#2861=AXIS2_PLACEMENT_3D('',#5007,#3484,#3485);
#2862=AXIS2_PLACEMENT_3D('',#5009,#3486,#3487);
#2863=AXIS2_PLACEMENT_3D('',#5010,#3488,#3489);
#2864=AXIS2_PLACEMENT_3D('',#5011,#3490,#3491);
#2865=AXIS2_PLACEMENT_3D('',#5013,#3492,#3493);
#2866=AXIS2_PLACEMENT_3D('',#5014,#3494,#3495);
#2867=AXIS2_PLACEMENT_3D('',#5015,#3496,#3497);
#2868=AXIS2_PLACEMENT_3D('',#5016,#3498,#3499);
#2869=AXIS2_PLACEMENT_3D('',#5017,#3500,#3501);
#2870=AXIS2_PLACEMENT_3D('',#5018,#3502,#3503);
#2871=AXIS2_PLACEMENT_3D('',#5019,#3504,#3505);
#2872=AXIS2_PLACEMENT_3D('',#5020,#3506,#3507);
#2873=AXIS2_PLACEMENT_3D('',#5021,#3508,#3509);
#2874=AXIS2_PLACEMENT_3D('',#5022,#3510,#3511);
#2875=AXIS2_PLACEMENT_3D('',#5023,#3512,#3513);
#2876=AXIS2_PLACEMENT_3D('',#5025,#3515,#3516);
#2877=DIRECTION('axis',(0.,0.,1.));
#2878=DIRECTION('refdir',(1.,0.,0.));
#2879=DIRECTION('axis',(0.,0.,1.));
#2880=DIRECTION('refdir',(1.,0.,0.));
#2881=DIRECTION('center_axis',(-1.,-5.58861001721169E-28,-3.94430452610506E-31));
#2882=DIRECTION('ref_axis',(0.,0.,1.));
#2883=DIRECTION('center_axis',(-1.,-1.51367396397034E-30,-5.91645678915759E-31));
#2884=DIRECTION('ref_axis',(1.51367396397034E-30,-1.,-1.23259516440783E-32));
#2885=DIRECTION('center_axis',(-1.,-1.51367396397034E-30,-5.91645678915759E-31));
#2886=DIRECTION('ref_axis',(1.51367396397034E-30,-1.,-1.23259516440783E-32));
#2887=DIRECTION('center_axis',(-5.58861001721169E-28,1.,-1.22464679914735E-16));
#2888=DIRECTION('ref_axis',(0.,-1.22464679914735E-16,-1.));
#2889=DIRECTION('center_axis',(1.,1.51367396397034E-30,5.91645678915759E-31));
#2890=DIRECTION('ref_axis',(1.51367396397034E-30,-1.,-1.23259516440783E-32));
#2891=DIRECTION('center_axis',(1.,1.51367396397034E-30,5.91645678915759E-31));
#2892=DIRECTION('ref_axis',(1.51367396397034E-30,-1.,-1.23259516440783E-32));
#2893=DIRECTION('center_axis',(-1.,-1.51367396397034E-30,-5.91645678915759E-31));
#2894=DIRECTION('ref_axis',(1.51367396397034E-30,-1.,-1.23259516440783E-32));
#2895=DIRECTION('',(1.,1.51367396397034E-30,5.91645678915759E-31));
#2896=DIRECTION('center_axis',(-1.,-1.51367396397034E-30,-5.91645678915759E-31));
#2897=DIRECTION('ref_axis',(1.51367396397034E-30,-1.,-1.23259516440783E-32));
#2898=DIRECTION('center_axis',(1.,3.62056064141661E-15,-1.10241676898323E-15));
#2899=DIRECTION('ref_axis',(1.10241676898323E-15,-3.53666748664762E-16,
1.));
#2900=DIRECTION('center_axis',(1.,3.50847823016277E-15,3.86541843558296E-29));
#2901=DIRECTION('ref_axis',(1.10241676898323E-15,-3.53666748664762E-16,
1.));
#2902=DIRECTION('',(1.,3.62056064141661E-15,-1.10241676898323E-15));
#2903=DIRECTION('center_axis',(1.,3.50847823016277E-15,4.41762106923767E-29));
#2904=DIRECTION('ref_axis',(-4.29929193345452E-29,-3.53666748664766E-16,
1.));
#2905=DIRECTION('',(1.,3.62056064141661E-15,-1.10241676898323E-15));
#2906=DIRECTION('center_axis',(-3.62056064141661E-15,1.,2.05998412772184E-17));
#2907=DIRECTION('ref_axis',(-4.41762106923767E-29,-2.05998412772184E-17,
1.));
#2908=DIRECTION('',(-3.85819102611636E-29,-2.05998412772184E-17,1.));
#2909=DIRECTION('',(-4.41762106923767E-29,-2.05998412772184E-17,1.));
#2910=DIRECTION('',(1.,1.51367396397034E-30,5.91645678915759E-31));
#2911=DIRECTION('center_axis',(-1.,-1.51367396397034E-30,-5.91645678915759E-31));
#2912=DIRECTION('ref_axis',(-1.50459517958819E-30,0.999886666830723,-0.0150550155810814));
#2913=DIRECTION('center_axis',(-1.,-1.51367396397034E-30,-5.91645678915759E-31));
#2914=DIRECTION('ref_axis',(-1.50459517958819E-30,0.999886666830723,-0.0150550155810814));
#2915=DIRECTION('',(-1.,-1.51367396397034E-30,-5.91645678915759E-31));
#2916=DIRECTION('center_axis',(-1.,-1.51367396397034E-30,-5.91645678915759E-31));
#2917=DIRECTION('ref_axis',(-1.50459517958819E-30,0.999886666830723,-0.0150550155810814));
#2918=DIRECTION('',(-1.,-1.51367396397034E-30,-5.91645678915759E-31));
#2919=DIRECTION('',(-1.,-1.51367396397034E-30,-5.91645678915759E-31));
#2920=DIRECTION('',(-1.,-1.51367396397034E-30,-5.91645678915759E-31));
#2921=DIRECTION('',(-1.,-1.51367396397034E-30,-5.91645678915759E-31));
#2922=DIRECTION('center_axis',(-1.51367396397034E-30,1.,2.77555756156289E-16));
#2923=DIRECTION('ref_axis',(-5.91645678915758E-31,-2.77555756156289E-16,
1.));
#2924=DIRECTION('',(-5.91645678915758E-31,-2.77555756156289E-16,1.));
#2925=DIRECTION('',(1.,1.51367396397034E-30,5.91645678915759E-31));
#2926=DIRECTION('',(-5.91645678915758E-31,-2.77555756156289E-16,1.));
#2927=DIRECTION('',(1.,1.51367396397034E-30,5.91645678915759E-31));
#2928=DIRECTION('center_axis',(1.,1.51367396397034E-30,5.91645678915759E-31));
#2929=DIRECTION('ref_axis',(1.56262510626902E-30,-0.795483237480712,-0.605975592649741));
#2930=DIRECTION('center_axis',(-1.,-1.51367396397034E-30,-5.91645678915759E-31));
#2931=DIRECTION('ref_axis',(1.56262510626902E-30,-0.795483237480712,-0.605975592649741));
#2932=DIRECTION('center_axis',(-1.,-1.51367396397034E-30,-5.91645678915759E-31));
#2933=DIRECTION('ref_axis',(1.56262510626902E-30,-0.795483237480712,-0.605975592649741));
#2934=DIRECTION('',(1.,1.51367396397034E-30,5.91645678915759E-31));
#2935=DIRECTION('center_axis',(1.,1.51367396397034E-30,5.91645678915759E-31));
#2936=DIRECTION('ref_axis',(-1.56262510626902E-30,0.795483237480713,0.60597559264974));
#2937=DIRECTION('center_axis',(1.,1.51367396397034E-30,5.91645678915759E-31));
#2938=DIRECTION('ref_axis',(-1.56262510626902E-30,0.795483237480713,0.60597559264974));
#2939=DIRECTION('center_axis',(1.,1.51367396397034E-30,5.91645678915759E-31));
#2940=DIRECTION('ref_axis',(-1.56262510626902E-30,0.795483237480713,0.60597559264974));
#2941=DIRECTION('',(1.,1.51367396397034E-30,5.91645678915759E-31));
#2942=DIRECTION('',(1.,1.51367396397034E-30,5.91645678915759E-31));
#2943=DIRECTION('',(1.,1.51367396397034E-30,5.91645678915759E-31));
#2944=DIRECTION('',(1.,1.51367396397034E-30,5.91645678915759E-31));
#2945=DIRECTION('',(1.,1.51367396397034E-30,5.91645678915759E-31));
#2946=DIRECTION('center_axis',(-1.,-1.51367396397034E-30,-5.91645678915759E-31));
#2947=DIRECTION('ref_axis',(-5.91645678915759E-31,-1.23259516440783E-32,
1.));
#2948=DIRECTION('',(1.51367396397034E-30,-1.,-1.23259516440783E-32));
#2949=DIRECTION('',(5.91645678915759E-31,1.23259516440783E-32,-1.));
#2950=DIRECTION('',(-1.51367396397034E-30,1.,1.23259516440783E-32));
#2951=DIRECTION('',(5.91645678915759E-31,1.23259516440783E-32,-1.));
#2952=DIRECTION('',(-1.51367396397034E-30,1.,1.23259516440783E-32));
#2953=DIRECTION('',(-5.91645678915759E-31,-1.23259516440783E-32,1.));
#2954=DIRECTION('center_axis',(-1.,-1.51367396397034E-30,-5.91645678915759E-31));
#2955=DIRECTION('ref_axis',(-5.91645678915759E-31,-1.23259516440783E-32,
1.));
#2956=DIRECTION('',(1.51367396397034E-30,-1.,-1.23259516440783E-32));
#2957=DIRECTION('',(5.91645678915759E-31,1.23259516440783E-32,-1.));
#2958=DIRECTION('',(1.51367396397034E-30,-1.,-1.23259516440783E-32));
#2959=DIRECTION('',(-5.91645678915759E-31,-1.23259516440783E-32,1.));
#2960=DIRECTION('',(1.51367396397034E-30,-1.,-1.23259516440783E-32));
#2961=DIRECTION('',(5.91645678915759E-31,1.23259516440783E-32,-1.));
#2962=DIRECTION('',(-1.51367396397034E-30,1.,1.23259516440783E-32));
#2963=DIRECTION('',(-5.91645678915759E-31,-1.23259516440783E-32,1.));
#2964=DIRECTION('',(-1.51367396397034E-30,1.,1.23259516440783E-32));
#2965=DIRECTION('',(5.91645678915759E-31,1.23259516440783E-32,-1.));
#2966=DIRECTION('',(-1.51367396397034E-30,1.,1.23259516440783E-32));
#2967=DIRECTION('',(-5.91645678915759E-31,-1.23259516440783E-32,1.));
#2968=DIRECTION('center_axis',(1.,1.51367396397034E-30,5.91645678915759E-31));
#2969=DIRECTION('ref_axis',(-1.51367396397034E-30,1.,1.23259516440783E-32));
#2970=DIRECTION('',(1.51367396397034E-30,-1.,-1.23259516440783E-32));
#2971=DIRECTION('',(5.91645678915759E-31,1.23259516440783E-32,-1.));
#2972=DIRECTION('',(1.51367396397034E-30,-1.,-1.23259516440783E-32));
#2973=DIRECTION('',(3.13168282256525E-31,-0.536696929861414,0.843775091761622));
#2974=DIRECTION('',(1.51367396397034E-30,-1.,-1.23259516440783E-32));
#2975=DIRECTION('',(-3.16604548607725E-31,0.538514198701552,-0.84261643575047));
#2976=DIRECTION('',(-1.51367396397034E-30,1.,1.23259516440783E-32));
#2977=DIRECTION('',(-5.91645678915759E-31,-1.23259516440783E-32,1.));
#2978=DIRECTION('',(5.91645678915759E-31,1.23259516440783E-32,-1.));
#2979=DIRECTION('',(1.51367396397034E-30,-1.,-1.23259516440783E-32));
#2980=DIRECTION('',(-1.51367396397034E-30,1.,1.23259516440783E-32));
#2981=DIRECTION('center_axis',(1.,1.51367396397034E-30,5.91645678915759E-31));
#2982=DIRECTION('ref_axis',(-1.51367396397034E-30,1.,1.23259516440783E-32));
#2983=DIRECTION('',(-1.51367396397034E-30,1.,1.23259516440783E-32));
#2984=DIRECTION('',(-5.91645678915759E-31,-1.23259516440783E-32,1.));
#2985=DIRECTION('',(1.51367396397034E-30,-1.,-1.23259516440783E-32));
#2986=DIRECTION('',(-1.,-1.51367396397034E-30,-5.91645678915759E-31));
#2987=DIRECTION('',(-1.,-1.51367396397034E-30,-5.91645678915759E-31));
#2988=DIRECTION('center_axis',(-5.91645678915759E-31,-1.23259516440783E-32,
1.));
#2989=DIRECTION('ref_axis',(-1.51367396397034E-30,1.,1.23259516440783E-32));
#2990=DIRECTION('',(-1.,-1.51367396397034E-30,-5.91645678915759E-31));
#2991=DIRECTION('center_axis',(-1.51367396397034E-30,1.,1.23259516440783E-32));
#2992=DIRECTION('ref_axis',(5.91645678915759E-31,1.23259516440783E-32,-1.));
#2993=DIRECTION('',(-1.,-1.51367396397034E-30,-5.91645678915759E-31));
#2994=DIRECTION('center_axis',(5.91645678915759E-31,1.23259516440783E-32,
-1.));
#2995=DIRECTION('ref_axis',(1.51367396397034E-30,-1.,-1.23259516440783E-32));
#2996=DIRECTION('',(-1.,-1.51367396397034E-30,-5.91645678915759E-31));
#2997=DIRECTION('',(-1.,-1.51367396397034E-30,-5.91645678915759E-31));
#2998=DIRECTION('',(-1.,-1.51367396397034E-30,-5.91645678915759E-31));
#2999=DIRECTION('',(-1.,-1.51367396397034E-30,-5.91645678915759E-31));
#3000=DIRECTION('',(-1.,-1.51367396397034E-30,-5.91645678915759E-31));
#3001=DIRECTION('',(-1.,-1.51367396397034E-30,-5.91645678915759E-31));
#3002=DIRECTION('',(-1.,-1.51367396397034E-30,-5.91645678915759E-31));
#3003=DIRECTION('',(-1.,-1.51367396397034E-30,-5.91645678915759E-31));
#3004=DIRECTION('center_axis',(-5.91645678915759E-31,-1.23259516440783E-32,
1.));
#3005=DIRECTION('ref_axis',(-1.51367396397034E-30,1.,1.23259516440783E-32));
#3006=DIRECTION('',(1.51367396397034E-30,-1.,-1.23259516440783E-32));
#3007=DIRECTION('',(-1.,-1.51367396397034E-30,-5.91645678915759E-31));
#3008=DIRECTION('center_axis',(1.51367396397034E-30,-1.,-1.23259516440783E-32));
#3009=DIRECTION('ref_axis',(-5.91645678915759E-31,-1.23259516440783E-32,
1.));
#3010=DIRECTION('',(5.91645678915759E-31,1.23259516440783E-32,-1.));
#3011=DIRECTION('',(-1.,-1.51367396397034E-30,-5.91645678915759E-31));
#3012=DIRECTION('center_axis',(5.91645678915759E-31,1.23259516440783E-32,
-1.));
#3013=DIRECTION('ref_axis',(1.51367396397034E-30,-1.,-1.23259516440783E-32));
#3014=DIRECTION('',(-1.51367396397034E-30,1.,1.23259516440783E-32));
#3015=DIRECTION('',(-1.,-1.51367396397034E-30,-5.91645678915759E-31));
#3016=DIRECTION('center_axis',(-1.51367396397034E-30,1.,1.23259516440783E-32));
#3017=DIRECTION('ref_axis',(5.91645678915759E-31,1.23259516440783E-32,-1.));
#3018=DIRECTION('',(-5.91645678915759E-31,-1.23259516440783E-32,1.));
#3019=DIRECTION('',(-1.,-1.51367396397034E-30,-5.91645678915759E-31));
#3020=DIRECTION('center_axis',(1.51367396397034E-30,-1.,-1.23259516440783E-32));
#3021=DIRECTION('ref_axis',(-5.91645678915759E-31,-1.23259516440783E-32,
1.));
#3022=DIRECTION('',(5.91645678915759E-31,1.23259516440783E-32,-1.));
#3023=DIRECTION('',(-1.,-1.51367396397034E-30,-5.91645678915759E-31));
#3024=DIRECTION('',(-1.,-1.51367396397034E-30,-5.91645678915759E-31));
#3025=DIRECTION('center_axis',(5.91645678915759E-31,1.23259516440783E-32,
-1.));
#3026=DIRECTION('ref_axis',(1.51367396397034E-30,-1.,-1.23259516440783E-32));
#3027=DIRECTION('',(-1.51367396397034E-30,1.,1.23259516440783E-32));
#3028=DIRECTION('',(-1.,-1.51367396397034E-30,-5.91645678915759E-31));
#3029=DIRECTION('center_axis',(-1.51367396397034E-30,1.,1.23259516440783E-32));
#3030=DIRECTION('ref_axis',(5.91645678915759E-31,1.23259516440783E-32,-1.));
#3031=DIRECTION('',(-5.91645678915759E-31,-1.23259516440783E-32,1.));
#3032=DIRECTION('',(-1.,-1.51367396397034E-30,-5.91645678915759E-31));
#3033=DIRECTION('center_axis',(-5.91645678915759E-31,-1.23259516440783E-32,
1.));
#3034=DIRECTION('ref_axis',(-1.51367396397034E-30,1.,1.23259516440783E-32));
#3035=DIRECTION('',(1.51367396397034E-30,-1.,-1.23259516440783E-32));
#3036=DIRECTION('',(-1.,-1.51367396397034E-30,-5.91645678915759E-31));
#3037=DIRECTION('',(-1.,-1.51367396397034E-30,-5.91645678915759E-31));
#3038=DIRECTION('center_axis',(-1.51367396397034E-30,1.,1.23259516440783E-32));
#3039=DIRECTION('ref_axis',(5.91645678915759E-31,1.23259516440783E-32,-1.));
#3040=DIRECTION('',(-5.91645678915759E-31,-1.23259516440783E-32,1.));
#3041=DIRECTION('',(-1.,-1.51367396397034E-30,-5.91645678915759E-31));
#3042=DIRECTION('center_axis',(-5.91645678915759E-31,-1.23259516440783E-32,
1.));
#3043=DIRECTION('ref_axis',(-1.51367396397034E-30,1.,1.23259516440783E-32));
#3044=DIRECTION('',(1.51367396397034E-30,-1.,-1.23259516440783E-32));
#3045=DIRECTION('',(-1.,-1.51367396397034E-30,-5.91645678915759E-31));
#3046=DIRECTION('center_axis',(1.51367396397034E-30,-1.,-1.23259516440783E-32));
#3047=DIRECTION('ref_axis',(-5.91645678915759E-31,-1.23259516440783E-32,
1.));
#3048=DIRECTION('',(5.91645678915759E-31,1.23259516440783E-32,-1.));
#3049=DIRECTION('',(-1.,-1.51367396397034E-30,-5.91645678915759E-31));
#3050=DIRECTION('center_axis',(5.91645678915759E-31,1.23259516440783E-32,
-1.));
#3051=DIRECTION('ref_axis',(1.51367396397034E-30,-1.,-1.23259516440783E-32));
#3052=DIRECTION('',(-1.51367396397034E-30,1.,1.23259516440783E-32));
#3053=DIRECTION('',(-1.,-1.51367396397034E-30,-5.91645678915759E-31));
#3054=DIRECTION('center_axis',(-1.51367396397034E-30,1.,1.23259516440783E-32));
#3055=DIRECTION('ref_axis',(5.91645678915759E-31,1.23259516440783E-32,-1.));
#3056=DIRECTION('',(-5.91645678915759E-31,-1.23259516440783E-32,1.));
#3057=DIRECTION('',(-1.,-1.51367396397034E-30,-5.91645678915759E-31));
#3058=DIRECTION('',(-1.,-1.51367396397034E-30,-5.91645678915759E-31));
#3059=DIRECTION('',(-1.,-1.51367396397034E-30,-5.91645678915759E-31));
#3060=DIRECTION('',(-1.,-1.51367396397034E-30,-5.91645678915759E-31));
#3061=DIRECTION('center_axis',(5.91645678915759E-31,1.23259516440783E-32,
-1.));
#3062=DIRECTION('ref_axis',(1.51367396397034E-30,-1.,-1.23259516440783E-32));
#3063=DIRECTION('',(-1.51367396397034E-30,1.,1.23259516440783E-32));
#3064=DIRECTION('',(-1.,-1.51367396397034E-30,-5.91645678915759E-31));
#3065=DIRECTION('',(-1.,-1.51367396397034E-30,-5.91645678915759E-31));
#3066=DIRECTION('',(-1.,-1.51367396397034E-30,-5.91645678915759E-31));
#3067=DIRECTION('',(-1.,-1.51367396397034E-30,-5.91645678915759E-31));
#3068=DIRECTION('',(-1.,-1.51367396397034E-30,-5.91645678915759E-31));
#3069=DIRECTION('center_axis',(1.59473480728611E-30,-0.843775091761621,
-0.536696929861414));
#3070=DIRECTION('ref_axis',(3.13168282256525E-31,-0.536696929861414,0.843775091761622));
#3071=DIRECTION('',(-3.13168282256525E-31,0.536696929861414,-0.843775091761622));
#3072=DIRECTION('',(-1.,-1.51367396397034E-30,-5.91645678915759E-31));
#3073=DIRECTION('center_axis',(5.91645678915759E-31,1.23259516440783E-32,
-1.));
#3074=DIRECTION('ref_axis',(1.51367396397034E-30,-1.,-1.23259516440783E-32));
#3075=DIRECTION('',(-1.51367396397034E-30,1.,1.23259516440783E-32));
#3076=DIRECTION('',(-1.,-1.51367396397034E-30,-5.91645678915759E-31));
#3077=DIRECTION('center_axis',(-1.59405615910553E-30,0.84261643575047,0.538514198701552));
#3078=DIRECTION('ref_axis',(-3.16604548607725E-31,0.538514198701552,-0.84261643575047));
#3079=DIRECTION('',(3.16604548607725E-31,-0.538514198701552,0.84261643575047));
#3080=DIRECTION('',(-1.,-1.51367396397034E-30,-5.91645678915759E-31));
#3081=DIRECTION('center_axis',(-5.91645678915759E-31,-1.23259516440783E-32,
1.));
#3082=DIRECTION('ref_axis',(-1.51367396397034E-30,1.,1.23259516440783E-32));
#3083=DIRECTION('',(1.51367396397034E-30,-1.,-1.23259516440783E-32));
#3084=DIRECTION('',(-1.,-1.51367396397034E-30,-5.91645678915759E-31));
#3085=DIRECTION('center_axis',(-1.51367396397034E-30,1.,1.23259516440783E-32));
#3086=DIRECTION('ref_axis',(5.91645678915759E-31,1.23259516440783E-32,-1.));
#3087=DIRECTION('',(-5.91645678915759E-31,-1.23259516440783E-32,1.));
#3088=DIRECTION('',(-1.,-1.51367396397034E-30,-5.91645678915759E-31));
#3089=DIRECTION('center_axis',(-5.91645678915759E-31,-1.23259516440783E-32,
1.));
#3090=DIRECTION('ref_axis',(-1.51367396397034E-30,1.,1.23259516440783E-32));
#3091=DIRECTION('',(1.51367396397034E-30,-1.,-1.23259516440783E-32));
#3092=DIRECTION('center_axis',(5.91645678915759E-31,1.23259516440783E-32,
-1.));
#3093=DIRECTION('ref_axis',(1.51367396397034E-30,-1.,-1.23259516440783E-32));
#3094=DIRECTION('',(-1.51367396397034E-30,1.,1.23259516440783E-32));
#3095=DIRECTION('',(-1.,-1.51367396397034E-30,-5.91645678915759E-31));
#3096=DIRECTION('center_axis',(1.51367396397034E-30,-1.,-1.23259516440783E-32));
#3097=DIRECTION('ref_axis',(-5.91645678915759E-31,-1.23259516440783E-32,
1.));
#3098=DIRECTION('',(5.91645678915759E-31,1.23259516440783E-32,-1.));
#3099=DIRECTION('',(-1.,-1.51367396397034E-30,-5.91645678915759E-31));
#3100=DIRECTION('center_axis',(5.91645678915759E-31,1.23259516440783E-32,
-1.));
#3101=DIRECTION('ref_axis',(1.51367396397034E-30,-1.,-1.23259516440783E-32));
#3102=DIRECTION('',(-1.51367396397034E-30,1.,1.23259516440783E-32));
#3103=DIRECTION('',(-1.,-1.51367396397034E-30,-5.91645678915759E-31));
#3104=DIRECTION('center_axis',(-1.51367396397034E-30,1.,1.23259516440783E-32));
#3105=DIRECTION('ref_axis',(5.91645678915759E-31,1.23259516440783E-32,-1.));
#3106=DIRECTION('',(-5.91645678915759E-31,-1.23259516440783E-32,1.));
#3107=DIRECTION('',(-1.,-1.51367396397034E-30,-5.91645678915759E-31));
#3108=DIRECTION('center_axis',(-5.91645678915759E-31,-1.23259516440783E-32,
1.));
#3109=DIRECTION('ref_axis',(-1.51367396397034E-30,1.,1.23259516440783E-32));
#3110=DIRECTION('',(1.51367396397034E-30,-1.,-1.23259516440783E-32));
#3111=DIRECTION('',(-1.,-1.51367396397034E-30,-5.91645678915759E-31));
#3112=DIRECTION('center_axis',(1.51367396397034E-30,-1.,-1.23259516440783E-32));
#3113=DIRECTION('ref_axis',(-5.91645678915759E-31,-1.23259516440783E-32,
1.));
#3114=DIRECTION('',(5.91645678915759E-31,1.23259516440783E-32,-1.));
#3115=DIRECTION('center_axis',(1.01505726638752E-30,-0.866025403784439,
0.5));
#3116=DIRECTION('ref_axis',(1.26921716996551E-30,-0.5,-0.866025403784439));
#3117=DIRECTION('',(1.,1.51367396397034E-30,5.91645678915759E-31));
#3118=DIRECTION('',(1.26921716996551E-30,-0.5,-0.866025403784439));
#3119=DIRECTION('',(-1.,-1.51367396397034E-30,-5.91645678915759E-31));
#3120=DIRECTION('',(1.26921716996551E-30,-0.5,-0.866025403784439));
#3121=DIRECTION('center_axis',(-5.91645678915759E-31,-1.23259516440783E-32,
1.));
#3122=DIRECTION('ref_axis',(1.51367396397034E-30,-1.,-1.23259516440783E-32));
#3123=DIRECTION('',(1.,1.51367396397034E-30,5.91645678915759E-31));
#3124=DIRECTION('',(1.51367396397034E-30,-1.,-1.23259516440783E-32));
#3125=DIRECTION('',(1.51367396397034E-30,-1.,-1.23259516440783E-32));
#3126=DIRECTION('center_axis',(-1.60670294530328E-30,0.866025403784438,
0.500000000000001));
#3127=DIRECTION('ref_axis',(2.44456794004832E-31,-0.500000000000001,0.866025403784438));
#3128=DIRECTION('',(1.,1.51367396397034E-30,5.91645678915759E-31));
#3129=DIRECTION('',(2.44456794004832E-31,-0.500000000000001,0.866025403784438));
#3130=DIRECTION('',(2.44456794004832E-31,-0.500000000000001,0.866025403784438));
#3131=DIRECTION('center_axis',(-1.01505726638752E-30,0.866025403784439,
-0.5));
#3132=DIRECTION('ref_axis',(-1.26921716996551E-30,0.5,0.866025403784439));
#3133=DIRECTION('',(1.,1.51367396397034E-30,5.91645678915759E-31));
#3134=DIRECTION('',(-1.26921716996551E-30,0.5,0.866025403784439));
#3135=DIRECTION('',(-1.26921716996551E-30,0.5,0.866025403784439));
#3136=DIRECTION('center_axis',(5.91645678915759E-31,1.23259516440783E-32,
-1.));
#3137=DIRECTION('ref_axis',(-1.51367396397034E-30,1.,1.23259516440783E-32));
#3138=DIRECTION('',(1.,1.51367396397034E-30,5.91645678915759E-31));
#3139=DIRECTION('',(-1.51367396397034E-30,1.,1.23259516440783E-32));
#3140=DIRECTION('',(-1.51367396397034E-30,1.,1.23259516440783E-32));
#3141=DIRECTION('center_axis',(1.60670294530328E-30,-0.866025403784438,
-0.500000000000001));
#3142=DIRECTION('ref_axis',(-2.44456794004832E-31,0.500000000000001,-0.866025403784438));
#3143=DIRECTION('',(-2.44456794004832E-31,0.500000000000001,-0.866025403784438));
#3144=DIRECTION('',(-2.44456794004832E-31,0.500000000000001,-0.866025403784438));
#3145=DIRECTION('center_axis',(-1.,-1.51367396397034E-30,-5.91645678915759E-31));
#3146=DIRECTION('ref_axis',(1.51367396397034E-30,-1.,-1.23259516440783E-32));
#3147=DIRECTION('center_axis',(-1.,-1.51367396397034E-30,-5.91645678915759E-31));
#3148=DIRECTION('ref_axis',(-1.51367396397034E-30,1.,1.23259516440783E-32));
#3149=DIRECTION('center_axis',(-1.01505726638752E-30,0.866025403784439,
-0.5));
#3150=DIRECTION('ref_axis',(-1.26921716996551E-30,0.5,0.866025403784439));
#3151=DIRECTION('',(1.,1.51367396397034E-30,5.91645678915759E-31));
#3152=DIRECTION('',(-1.26921716996551E-30,0.5,0.866025403784439));
#3153=DIRECTION('',(-1.,-1.51367396397034E-30,-5.91645678915759E-31));
#3154=DIRECTION('',(-1.26921716996551E-30,0.5,0.866025403784439));
#3155=DIRECTION('center_axis',(5.91645678915759E-31,1.23259516440783E-32,
-1.));
#3156=DIRECTION('ref_axis',(-1.51367396397034E-30,1.,1.23259516440783E-32));
#3157=DIRECTION('',(1.,1.51367396397034E-30,5.91645678915759E-31));
#3158=DIRECTION('',(-1.51367396397034E-30,1.,1.23259516440783E-32));
#3159=DIRECTION('',(-1.51367396397034E-30,1.,1.23259516440783E-32));
#3160=DIRECTION('center_axis',(1.60670294530328E-30,-0.866025403784438,
-0.500000000000001));
#3161=DIRECTION('ref_axis',(-2.44456794004832E-31,0.500000000000001,-0.866025403784438));
#3162=DIRECTION('',(1.,1.51367396397034E-30,5.91645678915759E-31));
#3163=DIRECTION('',(-2.44456794004832E-31,0.500000000000001,-0.866025403784438));
#3164=DIRECTION('',(-2.44456794004832E-31,0.500000000000001,-0.866025403784438));
#3165=DIRECTION('center_axis',(1.01505726638752E-30,-0.866025403784439,
0.5));
#3166=DIRECTION('ref_axis',(1.26921716996551E-30,-0.5,-0.866025403784439));
#3167=DIRECTION('',(1.,1.51367396397034E-30,5.91645678915759E-31));
#3168=DIRECTION('',(1.26921716996551E-30,-0.5,-0.866025403784439));
#3169=DIRECTION('',(1.26921716996551E-30,-0.5,-0.866025403784439));
#3170=DIRECTION('center_axis',(-5.91645678915759E-31,-1.23259516440783E-32,
1.));
#3171=DIRECTION('ref_axis',(1.51367396397034E-30,-1.,-1.23259516440783E-32));
#3172=DIRECTION('',(1.,1.51367396397034E-30,5.91645678915759E-31));
#3173=DIRECTION('',(1.51367396397034E-30,-1.,-1.23259516440783E-32));
#3174=DIRECTION('',(1.51367396397034E-30,-1.,-1.23259516440783E-32));
#3175=DIRECTION('center_axis',(-1.60670294530328E-30,0.866025403784438,
0.500000000000001));
#3176=DIRECTION('ref_axis',(2.44456794004832E-31,-0.500000000000001,0.866025403784438));
#3177=DIRECTION('',(2.44456794004832E-31,-0.500000000000001,0.866025403784438));
#3178=DIRECTION('',(2.44456794004832E-31,-0.500000000000001,0.866025403784438));
#3179=DIRECTION('center_axis',(-1.,-1.51367396397034E-30,-5.91645678915759E-31));
#3180=DIRECTION('ref_axis',(1.51367396397034E-30,-1.,-1.23259516440783E-32));
#3181=DIRECTION('center_axis',(-1.,-1.51367396397034E-30,-5.91645678915759E-31));
#3182=DIRECTION('ref_axis',(-1.51367396397034E-30,1.,1.23259516440783E-32));
#3183=DIRECTION('center_axis',(-1.01505726638752E-30,0.866025403784439,
-0.5));
#3184=DIRECTION('ref_axis',(-1.26921716996551E-30,0.5,0.866025403784439));
#3185=DIRECTION('',(1.,1.51367396397034E-30,5.91645678915759E-31));
#3186=DIRECTION('',(-1.26921716996551E-30,0.5,0.866025403784439));
#3187=DIRECTION('',(-1.,-1.51367396397034E-30,-5.91645678915759E-31));
#3188=DIRECTION('',(-1.26921716996551E-30,0.5,0.866025403784439));
#3189=DIRECTION('center_axis',(5.91645678915759E-31,1.23259516440783E-32,
-1.));
#3190=DIRECTION('ref_axis',(-1.51367396397034E-30,1.,1.23259516440783E-32));
#3191=DIRECTION('',(1.,1.51367396397034E-30,5.91645678915759E-31));
#3192=DIRECTION('',(-1.51367396397034E-30,1.,1.23259516440783E-32));
#3193=DIRECTION('',(-1.51367396397034E-30,1.,1.23259516440783E-32));
#3194=DIRECTION('center_axis',(1.60670294530328E-30,-0.866025403784438,
-0.500000000000001));
#3195=DIRECTION('ref_axis',(-2.44456794004832E-31,0.500000000000001,-0.866025403784438));
#3196=DIRECTION('',(1.,1.51367396397034E-30,5.91645678915759E-31));
#3197=DIRECTION('',(-2.44456794004832E-31,0.500000000000001,-0.866025403784438));
#3198=DIRECTION('',(-2.44456794004832E-31,0.500000000000001,-0.866025403784438));
#3199=DIRECTION('center_axis',(1.01505726638752E-30,-0.866025403784439,
0.5));
#3200=DIRECTION('ref_axis',(1.26921716996551E-30,-0.5,-0.866025403784439));
#3201=DIRECTION('',(1.,1.51367396397034E-30,5.91645678915759E-31));
#3202=DIRECTION('',(1.26921716996551E-30,-0.5,-0.866025403784439));
#3203=DIRECTION('',(1.26921716996551E-30,-0.5,-0.866025403784439));
#3204=DIRECTION('center_axis',(-5.91645678915759E-31,-1.23259516440783E-32,
1.));
#3205=DIRECTION('ref_axis',(1.51367396397034E-30,-1.,-1.23259516440783E-32));
#3206=DIRECTION('',(1.,1.51367396397034E-30,5.91645678915759E-31));
#3207=DIRECTION('',(1.51367396397034E-30,-1.,-1.23259516440783E-32));
#3208=DIRECTION('',(1.51367396397034E-30,-1.,-1.23259516440783E-32));
#3209=DIRECTION('center_axis',(-1.60670294530328E-30,0.866025403784438,
0.500000000000001));
#3210=DIRECTION('ref_axis',(2.44456794004832E-31,-0.500000000000001,0.866025403784438));
#3211=DIRECTION('',(2.44456794004832E-31,-0.500000000000001,0.866025403784438));
#3212=DIRECTION('',(2.44456794004832E-31,-0.500000000000001,0.866025403784438));
#3213=DIRECTION('center_axis',(-1.,-1.51367396397034E-30,-5.91645678915759E-31));
#3214=DIRECTION('ref_axis',(1.51367396397034E-30,-1.,-1.23259516440783E-32));
#3215=DIRECTION('center_axis',(-1.,-1.51367396397034E-30,-5.91645678915759E-31));
#3216=DIRECTION('ref_axis',(-1.51367396397034E-30,1.,1.23259516440783E-32));
#3217=DIRECTION('center_axis',(-1.,-1.51367396397034E-30,-5.91645678915759E-31));
#3218=DIRECTION('ref_axis',(-1.51367396397034E-30,1.,1.23259516440783E-32));
#3219=DIRECTION('center_axis',(1.,1.51367396397034E-30,5.91645678915759E-31));
#3220=DIRECTION('ref_axis',(-1.51367396397034E-30,1.,1.23259516440783E-32));
#3221=DIRECTION('',(-1.,-1.51367396397034E-30,-5.91645678915759E-31));
#3222=DIRECTION('center_axis',(-1.,-1.51367396397034E-30,-5.91645678915759E-31));
#3223=DIRECTION('ref_axis',(-1.51367396397034E-30,1.,1.23259516440783E-32));
#3224=DIRECTION('center_axis',(1.,1.51367396397034E-30,5.91645678915759E-31));
#3225=DIRECTION('ref_axis',(-1.51367396397034E-30,1.,1.23259516440783E-32));
#3226=DIRECTION('',(-1.,-1.51367396397034E-30,-5.91645678915759E-31));
#3227=DIRECTION('center_axis',(-1.,-1.51367396397034E-30,-5.91645678915759E-31));
#3228=DIRECTION('ref_axis',(-1.51367396397034E-30,1.,1.23259516440783E-32));
#3229=DIRECTION('center_axis',(1.,1.51367396397034E-30,5.91645678915759E-31));
#3230=DIRECTION('ref_axis',(-1.51367396397034E-30,1.,1.23259516440783E-32));
#3231=DIRECTION('',(-1.,-1.51367396397034E-30,-5.91645678915759E-31));
#3232=DIRECTION('center_axis',(-1.,-1.51367396397034E-30,-5.91645678915759E-31));
#3233=DIRECTION('ref_axis',(-1.51367396397034E-30,1.,1.23259516440783E-32));
#3234=DIRECTION('center_axis',(1.,1.51367396397034E-30,5.91645678915759E-31));
#3235=DIRECTION('ref_axis',(-1.51367396397034E-30,1.,1.23259516440783E-32));
#3236=DIRECTION('',(-1.,-1.51367396397034E-30,-5.91645678915759E-31));
#3237=DIRECTION('center_axis',(-1.,-1.51367396397034E-30,-5.91645678915759E-31));
#3238=DIRECTION('ref_axis',(-1.51367396397034E-30,1.,1.23259516440783E-32));
#3239=DIRECTION('center_axis',(1.,1.51367396397034E-30,5.91645678915759E-31));
#3240=DIRECTION('ref_axis',(-1.51367396397034E-30,1.,1.23259516440783E-32));
#3241=DIRECTION('center_axis',(1.,1.51367396397034E-30,5.91645678915759E-31));
#3242=DIRECTION('ref_axis',(-1.51367396397034E-30,1.,1.23259516440783E-32));
#3243=DIRECTION('center_axis',(1.,1.51367396397034E-30,5.91645678915759E-31));
#3244=DIRECTION('ref_axis',(-1.51367396397034E-30,1.,1.23259516440783E-32));
#3245=DIRECTION('center_axis',(-1.,-1.5764770955957E-30,-3.94430452610506E-31));
#3246=DIRECTION('ref_axis',(-1.51367396397034E-30,1.,1.23259516440783E-32));
#3247=DIRECTION('',(1.,1.51367396397034E-30,5.91645678915759E-31));
#3248=DIRECTION('center_axis',(1.,1.51367396397034E-30,5.91645678915759E-31));
#3249=DIRECTION('ref_axis',(1.51367396397033E-30,-1.,8.63426850000122E-15));
#3250=DIRECTION('center_axis',(1.,1.51367396397034E-30,5.91645678915759E-31));
#3251=DIRECTION('ref_axis',(1.51367396397033E-30,-1.,8.63426850000122E-15));
#3252=DIRECTION('',(-1.,-1.51367396397034E-30,-5.91645678915759E-31));
#3253=DIRECTION('',(1.,1.51367396397034E-30,5.91645678915759E-31));
#3254=DIRECTION('center_axis',(1.,1.51367396397034E-30,5.91645678915759E-31));
#3255=DIRECTION('ref_axis',(1.51367396397033E-30,-1.,8.63426850000122E-15));
#3256=DIRECTION('center_axis',(-1.,-1.51367396397034E-30,-5.91645678915759E-31));
#3257=DIRECTION('ref_axis',(-1.51367396397034E-30,1.,1.23259516440783E-32));
#3258=DIRECTION('center_axis',(1.,1.51367396397034E-30,5.91645678915759E-31));
#3259=DIRECTION('ref_axis',(-1.51367396397034E-30,1.,1.23259516440783E-32));
#3260=DIRECTION('',(-1.,-1.51367396397034E-30,-5.91645678915759E-31));
#3261=DIRECTION('center_axis',(1.,1.51367396397034E-30,5.91645678915759E-31));
#3262=DIRECTION('ref_axis',(-1.51367396397034E-30,1.,1.23259516440783E-32));
#3263=DIRECTION('center_axis',(1.,1.51367396397034E-30,5.91645678915759E-31));
#3264=DIRECTION('ref_axis',(-1.51367396397034E-30,1.,1.23259516440783E-32));
#3265=DIRECTION('center_axis',(-1.,-1.5764770955957E-30,-3.94430452610506E-31));
#3266=DIRECTION('ref_axis',(-1.51367396397034E-30,1.,1.23259516440783E-32));
#3267=DIRECTION('',(1.,1.51367396397034E-30,5.91645678915759E-31));
#3268=DIRECTION('center_axis',(1.,1.51367396397034E-30,5.91645678915759E-31));
#3269=DIRECTION('ref_axis',(-1.51367396397034E-30,1.,1.23259516440783E-32));
#3270=DIRECTION('center_axis',(1.,1.51367396397034E-30,5.91645678915759E-31));
#3271=DIRECTION('ref_axis',(-1.51367396397034E-30,1.,1.23259516440783E-32));
#3272=DIRECTION('center_axis',(-1.,-1.51367396397034E-30,-5.91645678915759E-31));
#3273=DIRECTION('ref_axis',(-1.51367396397034E-30,1.,1.23259516440783E-32));
#3274=DIRECTION('center_axis',(-1.,-1.51367396397034E-30,-5.91645678915759E-31));
#3275=DIRECTION('ref_axis',(-1.51367396397034E-30,1.,1.23259516440783E-32));
#3276=DIRECTION('center_axis',(1.,1.51367396397034E-30,5.91645678915759E-31));
#3277=DIRECTION('ref_axis',(-1.51367396397034E-30,1.,1.23259516440783E-32));
#3278=DIRECTION('',(-1.,-1.51367396397034E-30,-5.91645678915759E-31));
#3279=DIRECTION('center_axis',(-1.,-1.51367396397034E-30,-5.91645678915759E-31));
#3280=DIRECTION('ref_axis',(-1.51367396397034E-30,1.,1.23259516440783E-32));
#3281=DIRECTION('center_axis',(1.,1.51367396397034E-30,5.91645678915759E-31));
#3282=DIRECTION('ref_axis',(-1.51367396397034E-30,1.,1.23259516440783E-32));
#3283=DIRECTION('',(-1.,-1.51367396397034E-30,-5.91645678915759E-31));
#3284=DIRECTION('center_axis',(-1.,-1.51367396397034E-30,-5.91645678915759E-31));
#3285=DIRECTION('ref_axis',(-1.51367396397034E-30,1.,1.23259516440783E-32));
#3286=DIRECTION('center_axis',(-1.,-1.51367396397034E-30,-5.91645678915759E-31));
#3287=DIRECTION('ref_axis',(-1.51367396397034E-30,1.,1.23259516440783E-32));
#3288=DIRECTION('center_axis',(1.,1.51367396397034E-30,5.91645678915759E-31));
#3289=DIRECTION('ref_axis',(-1.51367396397034E-30,1.,1.23259516440783E-32));
#3290=DIRECTION('',(-1.,-1.51367396397034E-30,-5.91645678915759E-31));
#3291=DIRECTION('center_axis',(-1.,-1.51367396397034E-30,-5.91645678915759E-31));
#3292=DIRECTION('ref_axis',(-1.51367396397034E-30,1.,1.23259516440783E-32));
#3293=DIRECTION('center_axis',(-1.,-1.51367396397034E-30,-5.91645678915759E-31));
#3294=DIRECTION('ref_axis',(-1.51367396397034E-30,1.,1.23259516440783E-32));
#3295=DIRECTION('center_axis',(1.,1.51367396397034E-30,5.91645678915759E-31));
#3296=DIRECTION('ref_axis',(-1.51367396397034E-30,1.,1.23259516440783E-32));
#3297=DIRECTION('',(-1.,-1.51367396397034E-30,-5.91645678915759E-31));
#3298=DIRECTION('center_axis',(-1.,-1.51367396397034E-30,-5.91645678915759E-31));
#3299=DIRECTION('ref_axis',(-1.51367396397034E-30,1.,1.23259516440783E-32));
#3300=DIRECTION('center_axis',(-1.,-1.51367396397034E-30,-5.91645678915759E-31));
#3301=DIRECTION('ref_axis',(1.51367396397034E-30,-1.,-1.23259516440783E-32));
#3302=DIRECTION('',(2.44456794004832E-31,-0.500000000000001,0.866025403784438));
#3303=DIRECTION('',(-1.26921716996551E-30,0.5,0.866025403784439));
#3304=DIRECTION('',(-1.51367396397034E-30,1.,1.23259516440783E-32));
#3305=DIRECTION('',(-2.44456794004832E-31,0.500000000000001,-0.866025403784438));
#3306=DIRECTION('',(1.26921716996551E-30,-0.5,-0.866025403784439));
#3307=DIRECTION('',(1.51367396397034E-30,-1.,-1.23259516440783E-32));
#3308=DIRECTION('center_axis',(-1.60670294530328E-30,0.866025403784438,
0.500000000000001));
#3309=DIRECTION('ref_axis',(2.44456794004832E-31,-0.500000000000001,0.866025403784438));
#3310=DIRECTION('',(-1.,-1.51367396397034E-30,-5.91645678915759E-31));
#3311=DIRECTION('',(1.,1.51367396397034E-30,5.91645678915759E-31));
#3312=DIRECTION('',(2.44456794004832E-31,-0.500000000000001,0.866025403784438));
#3313=DIRECTION('center_axis',(-5.91645678915759E-31,-1.23259516440783E-32,
1.));
#3314=DIRECTION('ref_axis',(1.51367396397034E-30,-1.,-1.23259516440783E-32));
#3315=DIRECTION('',(1.,1.51367396397034E-30,5.91645678915759E-31));
#3316=DIRECTION('',(1.51367396397034E-30,-1.,-1.23259516440783E-32));
#3317=DIRECTION('center_axis',(1.01505726638752E-30,-0.866025403784439,
0.5));
#3318=DIRECTION('ref_axis',(1.26921716996551E-30,-0.5,-0.866025403784439));
#3319=DIRECTION('',(1.,1.51367396397034E-30,5.91645678915759E-31));
#3320=DIRECTION('',(1.26921716996551E-30,-0.5,-0.866025403784439));
#3321=DIRECTION('center_axis',(1.60670294530328E-30,-0.866025403784438,
-0.500000000000001));
#3322=DIRECTION('ref_axis',(-2.44456794004832E-31,0.500000000000001,-0.866025403784438));
#3323=DIRECTION('',(1.,1.51367396397034E-30,5.91645678915759E-31));
#3324=DIRECTION('',(-2.44456794004832E-31,0.500000000000001,-0.866025403784438));
#3325=DIRECTION('center_axis',(5.91645678915759E-31,1.23259516440783E-32,
-1.));
#3326=DIRECTION('ref_axis',(-1.51367396397034E-30,1.,1.23259516440783E-32));
#3327=DIRECTION('',(1.,1.51367396397034E-30,5.91645678915759E-31));
#3328=DIRECTION('',(-1.51367396397034E-30,1.,1.23259516440783E-32));
#3329=DIRECTION('center_axis',(-1.01505726638752E-30,0.866025403784439,
-0.5));
#3330=DIRECTION('ref_axis',(-1.26921716996551E-30,0.5,0.866025403784439));
#3331=DIRECTION('',(-1.26921716996551E-30,0.5,0.866025403784439));
#3332=DIRECTION('center_axis',(-1.,-1.51367396397034E-30,-5.91645678915759E-31));
#3333=DIRECTION('ref_axis',(1.51367396397034E-30,-1.,-1.23259516440783E-32));
#3334=DIRECTION('',(2.44456794004832E-31,-0.500000000000001,0.866025403784438));
#3335=DIRECTION('',(-1.26921716996551E-30,0.5,0.866025403784439));
#3336=DIRECTION('',(-1.51367396397034E-30,1.,1.23259516440783E-32));
#3337=DIRECTION('',(-2.44456794004832E-31,0.500000000000001,-0.866025403784438));
#3338=DIRECTION('',(1.26921716996551E-30,-0.5,-0.866025403784439));
#3339=DIRECTION('',(1.51367396397034E-30,-1.,-1.23259516440783E-32));
#3340=DIRECTION('center_axis',(-1.60670294530328E-30,0.866025403784438,
0.500000000000001));
#3341=DIRECTION('ref_axis',(2.44456794004832E-31,-0.500000000000001,0.866025403784438));
#3342=DIRECTION('',(-1.,-1.51367396397034E-30,-5.91645678915759E-31));
#3343=DIRECTION('',(1.,1.51367396397034E-30,5.91645678915759E-31));
#3344=DIRECTION('',(2.44456794004832E-31,-0.500000000000001,0.866025403784438));
#3345=DIRECTION('center_axis',(-5.91645678915759E-31,-1.23259516440783E-32,
1.));
#3346=DIRECTION('ref_axis',(1.51367396397034E-30,-1.,-1.23259516440783E-32));
#3347=DIRECTION('',(1.,1.51367396397034E-30,5.91645678915759E-31));
#3348=DIRECTION('',(1.51367396397034E-30,-1.,-1.23259516440783E-32));
#3349=DIRECTION('center_axis',(1.01505726638752E-30,-0.866025403784439,
0.5));
#3350=DIRECTION('ref_axis',(1.26921716996551E-30,-0.5,-0.866025403784439));
#3351=DIRECTION('',(1.,1.51367396397034E-30,5.91645678915759E-31));
#3352=DIRECTION('',(1.26921716996551E-30,-0.5,-0.866025403784439));
#3353=DIRECTION('center_axis',(1.60670294530328E-30,-0.866025403784438,
-0.500000000000001));
#3354=DIRECTION('ref_axis',(-2.44456794004832E-31,0.500000000000001,-0.866025403784438));
#3355=DIRECTION('',(1.,1.51367396397034E-30,5.91645678915759E-31));
#3356=DIRECTION('',(-2.44456794004832E-31,0.500000000000001,-0.866025403784438));
#3357=DIRECTION('center_axis',(5.91645678915759E-31,1.23259516440783E-32,
-1.));
#3358=DIRECTION('ref_axis',(-1.51367396397034E-30,1.,1.23259516440783E-32));
#3359=DIRECTION('',(1.,1.51367396397034E-30,5.91645678915759E-31));
#3360=DIRECTION('',(-1.51367396397034E-30,1.,1.23259516440783E-32));
#3361=DIRECTION('center_axis',(-1.01505726638752E-30,0.866025403784439,
-0.5));
#3362=DIRECTION('ref_axis',(-1.26921716996551E-30,0.5,0.866025403784439));
#3363=DIRECTION('',(-1.26921716996551E-30,0.5,0.866025403784439));
#3364=DIRECTION('center_axis',(-1.,-1.51367396397034E-30,-5.91645678915759E-31));
#3365=DIRECTION('ref_axis',(1.51367396397034E-30,-1.,-1.23259516440783E-32));
#3366=DIRECTION('',(2.44456794004832E-31,-0.500000000000001,0.866025403784438));
#3367=DIRECTION('',(-1.26921716996551E-30,0.5,0.866025403784439));
#3368=DIRECTION('',(-1.51367396397034E-30,1.,1.23259516440783E-32));
#3369=DIRECTION('',(-2.44456794004832E-31,0.500000000000001,-0.866025403784438));
#3370=DIRECTION('',(1.26921716996551E-30,-0.5,-0.866025403784439));
#3371=DIRECTION('',(1.51367396397034E-30,-1.,-1.23259516440783E-32));
#3372=DIRECTION('center_axis',(-1.60670294530328E-30,0.866025403784438,
0.500000000000001));
#3373=DIRECTION('ref_axis',(2.44456794004832E-31,-0.500000000000001,0.866025403784438));
#3374=DIRECTION('',(-1.,-1.51367396397034E-30,-5.91645678915759E-31));
#3375=DIRECTION('',(1.,1.51367396397034E-30,5.91645678915759E-31));
#3376=DIRECTION('',(2.44456794004832E-31,-0.500000000000001,0.866025403784438));
#3377=DIRECTION('center_axis',(-5.91645678915759E-31,-1.23259516440783E-32,
1.));
#3378=DIRECTION('ref_axis',(1.51367396397034E-30,-1.,-1.23259516440783E-32));
#3379=DIRECTION('',(1.,1.51367396397034E-30,5.91645678915759E-31));
#3380=DIRECTION('',(1.51367396397034E-30,-1.,-1.23259516440783E-32));
#3381=DIRECTION('center_axis',(1.01505726638752E-30,-0.866025403784439,
0.5));
#3382=DIRECTION('ref_axis',(1.26921716996551E-30,-0.5,-0.866025403784439));
#3383=DIRECTION('',(1.,1.51367396397034E-30,5.91645678915759E-31));
#3384=DIRECTION('',(1.26921716996551E-30,-0.5,-0.866025403784439));
#3385=DIRECTION('center_axis',(1.60670294530328E-30,-0.866025403784438,
-0.500000000000001));
#3386=DIRECTION('ref_axis',(-2.44456794004832E-31,0.500000000000001,-0.866025403784438));
#3387=DIRECTION('',(1.,1.51367396397034E-30,5.91645678915759E-31));
#3388=DIRECTION('',(-2.44456794004832E-31,0.500000000000001,-0.866025403784438));
#3389=DIRECTION('center_axis',(5.91645678915759E-31,1.23259516440783E-32,
-1.));
#3390=DIRECTION('ref_axis',(-1.51367396397034E-30,1.,1.23259516440783E-32));
#3391=DIRECTION('',(1.,1.51367396397034E-30,5.91645678915759E-31));
#3392=DIRECTION('',(-1.51367396397034E-30,1.,1.23259516440783E-32));
#3393=DIRECTION('center_axis',(-1.01505726638752E-30,0.866025403784439,
-0.5));
#3394=DIRECTION('ref_axis',(-1.26921716996551E-30,0.5,0.866025403784439));
#3395=DIRECTION('',(-1.26921716996551E-30,0.5,0.866025403784439));
#3396=DIRECTION('center_axis',(1.,1.51367396397034E-30,5.91645678915759E-31));
#3397=DIRECTION('ref_axis',(-1.51367396397034E-30,1.,1.23259516440783E-32));
#3398=DIRECTION('',(3.50847823016277E-15,-1.,-2.05998412772184E-17));
#3399=DIRECTION('center_axis',(1.,3.50847823016277E-15,3.5104310282335E-29));
#3400=DIRECTION('ref_axis',(3.50847823016277E-15,-1.,-9.08778260977345E-16));
#3401=DIRECTION('',(3.45126646034193E-29,1.63293260868939E-16,-1.));
#3402=DIRECTION('center_axis',(-1.,-1.51367396397034E-30,-5.91645678915759E-31));
#3403=DIRECTION('ref_axis',(7.4429349907501E-31,-0.75017158264811,0.661243220447083));
#3404=DIRECTION('center_axis',(-1.,-1.51367396397034E-30,-5.91645678915759E-31));
#3405=DIRECTION('ref_axis',(-1.51367396397034E-30,1.,1.23259516440783E-32));
#3406=DIRECTION('',(1.,1.51367396397034E-30,5.91645678915759E-31));
#3407=DIRECTION('',(1.,1.51367396397034E-30,5.91645678915759E-31));
#3408=DIRECTION('',(1.,1.51367396397034E-30,5.91645678915759E-31));
#3409=DIRECTION('center_axis',(5.9164567891576E-31,-7.9771841448975E-16,
-1.));
#3410=DIRECTION('ref_axis',(-1.51367396397034E-30,1.,-7.9771841448975E-16));
#3411=DIRECTION('',(-1.51367396397034E-30,1.,-7.9771841448975E-16));
#3412=DIRECTION('',(1.,1.51367396397034E-30,5.91645678915759E-31));
#3413=DIRECTION('',(-1.51367396397034E-30,1.,-7.9771841448975E-16));
#3414=DIRECTION('center_axis',(1.,1.51367396397034E-30,5.91645678915759E-31));
#3415=DIRECTION('ref_axis',(7.1721317091726E-31,-0.0843483649048211,-0.996436326785552));
#3416=DIRECTION('center_axis',(1.,1.51367396397034E-30,5.91645678915759E-31));
#3417=DIRECTION('ref_axis',(7.1721317091726E-31,-0.0843483649048211,-0.996436326785552));
#3418=DIRECTION('center_axis',(1.,1.51367396397034E-30,5.91645678915759E-31));
#3419=DIRECTION('ref_axis',(7.1721317091726E-31,-0.0843483649048211,-0.996436326785552));
#3420=DIRECTION('',(1.,1.51367396397034E-30,5.91645678915759E-31));
#3421=DIRECTION('center_axis',(1.,1.51367396397034E-30,5.91645678915759E-31));
#3422=DIRECTION('ref_axis',(-1.51367396397034E-30,1.,1.92200186999306E-16));
#3423=DIRECTION('center_axis',(-1.,-1.51367396397034E-30,-5.91645678915759E-31));
#3424=DIRECTION('ref_axis',(-1.51367396397034E-30,1.,1.92200186999306E-16));
#3425=DIRECTION('center_axis',(-1.,-1.51367396397034E-30,-5.91645678915759E-31));
#3426=DIRECTION('ref_axis',(-1.51367396397034E-30,1.,1.92200186999306E-16));
#3427=DIRECTION('',(1.,1.51367396397034E-30,5.91645678915759E-31));
#3428=DIRECTION('center_axis',(1.51367396397034E-30,-1.,-3.23815048849004E-16));
#3429=DIRECTION('ref_axis',(5.91645678915758E-31,3.23815048849004E-16,-1.));
#3430=DIRECTION('',(5.91645678915758E-31,3.23815048849004E-16,-1.));
#3431=DIRECTION('',(5.91645678915758E-31,3.23815048849004E-16,-1.));
#3432=DIRECTION('',(1.,1.51367396397034E-30,5.91645678915759E-31));
#3433=DIRECTION('',(-1.,-1.51367396397034E-30,-5.91645678915759E-31));
#3434=DIRECTION('',(-1.,-1.51367396397034E-30,-5.91645678915759E-31));
#3435=DIRECTION('',(-1.,-1.51367396397034E-30,-5.91645678915759E-31));
#3436=DIRECTION('center_axis',(-1.,-1.51367396397034E-30,-5.91645678915759E-31));
#3437=DIRECTION('ref_axis',(7.4429349907501E-31,-0.75017158264811,0.661243220447083));
#3438=DIRECTION('',(-1.,-1.51367396397034E-30,-5.91645678915759E-31));
#3439=DIRECTION('center_axis',(-1.,-1.51367396397034E-30,-5.91645678915759E-31));
#3440=DIRECTION('ref_axis',(7.4429349907501E-31,-0.75017158264811,0.661243220447083));
#3441=DIRECTION('',(-1.,-1.51367396397034E-30,-5.91645678915759E-31));
#3442=DIRECTION('center_axis',(3.62056064141661E-15,-1.,-1.63293260868939E-16));
#3443=DIRECTION('ref_axis',(3.45126646034193E-29,1.63293260868939E-16,-1.));
#3444=DIRECTION('',(3.80812735049386E-29,1.63293260868939E-16,-1.));
#3445=DIRECTION('',(1.,3.62056064141661E-15,-1.10241676898323E-15));
#3446=DIRECTION('center_axis',(1.,3.62056064141661E-15,-1.10241676898323E-15));
#3447=DIRECTION('ref_axis',(3.62056064141661E-15,-1.,-9.08778260977345E-16));
#3448=DIRECTION('center_axis',(1.,3.50847823016277E-15,3.86541843558296E-29));
#3449=DIRECTION('ref_axis',(3.62056064141661E-15,-1.,-9.08778260977345E-16));
#3450=DIRECTION('',(1.,3.62056064141661E-15,-1.10241676898323E-15));
#3451=DIRECTION('center_axis',(1.10241676898323E-15,-2.05998412772146E-17,
1.));
#3452=DIRECTION('ref_axis',(3.50847823016277E-15,-1.,-2.05998412772184E-17));
#3453=DIRECTION('',(3.50847823016277E-15,-1.,-2.05998412772184E-17));
#3454=DIRECTION('center_axis',(1.,1.51367396397034E-30,5.91645678915759E-31));
#3455=DIRECTION('ref_axis',(-1.51367396397034E-30,1.,1.23259516440783E-32));
#3456=DIRECTION('center_axis',(-1.,-1.51367396397034E-30,-5.91645678915759E-31));
#3457=DIRECTION('ref_axis',(-1.51367396397034E-30,1.,1.23259516440783E-32));
#3458=DIRECTION('center_axis',(1.,1.51367396397034E-30,5.91645678915759E-31));
#3459=DIRECTION('ref_axis',(-1.5764770955957E-30,1.,-7.51944348825641E-61));
#3460=DIRECTION('center_axis',(-1.,-1.5764770955957E-30,-3.94430452610506E-31));
#3461=DIRECTION('ref_axis',(-1.5764770955957E-30,1.,-7.51944348825641E-61));
#3462=DIRECTION('center_axis',(1.,1.5764770955957E-30,3.94430452610506E-31));
#3463=DIRECTION('ref_axis',(-1.5764770955957E-30,1.,-7.51944348825641E-61));
#3464=DIRECTION('',(-1.,-1.5764770955957E-30,-3.94430452610506E-31));
#3465=DIRECTION('center_axis',(1.,1.5764770955957E-30,3.94430452610506E-31));
#3466=DIRECTION('ref_axis',(-1.5764770955957E-30,1.,-7.51944348825641E-61));
#3467=DIRECTION('center_axis',(-1.,-1.51367396397034E-30,-5.91645678915759E-31));
#3468=DIRECTION('ref_axis',(1.51367396397034E-30,-1.,-1.23259516440783E-32));
#3469=DIRECTION('center_axis',(-1.,-1.51367396397034E-30,-5.91645678915759E-31));
#3470=DIRECTION('ref_axis',(1.51367396397034E-30,-1.,-1.23259516440783E-32));
#3471=DIRECTION('',(1.,1.51367396397034E-30,5.91645678915759E-31));
#3472=DIRECTION('center_axis',(1.,1.51367396397034E-30,5.91645678915759E-31));
#3473=DIRECTION('ref_axis',(-1.51367396397034E-30,1.,1.23259516440783E-32));
#3474=DIRECTION('center_axis',(-1.,-1.51367396397034E-30,-5.91645678915759E-31));
#3475=DIRECTION('ref_axis',(1.51367396397034E-30,-1.,-1.23259516440783E-32));
#3476=DIRECTION('center_axis',(1.,1.51367396397034E-30,5.91645678915759E-31));
#3477=DIRECTION('ref_axis',(1.51367396397034E-30,-1.,1.05735526154777E-15));
#3478=DIRECTION('center_axis',(1.,1.51367396397034E-30,5.91645678915759E-31));
#3479=DIRECTION('ref_axis',(1.51367396397034E-30,-1.,-1.23259516440783E-32));
#3480=DIRECTION('center_axis',(1.,1.51367396397034E-30,5.91645678915759E-31));
#3481=DIRECTION('ref_axis',(1.51367396397034E-30,-1.,2.87808950000041E-15));
#3482=DIRECTION('center_axis',(1.,1.51367396397034E-30,5.91645678915759E-31));
#3483=DIRECTION('ref_axis',(1.51367396397034E-30,-1.,-1.23259516440783E-32));
#3484=DIRECTION('center_axis',(1.,1.51367396397034E-30,5.91645678915759E-31));
#3485=DIRECTION('ref_axis',(-1.51367396397034E-30,1.,1.23259516440783E-32));
#3486=DIRECTION('center_axis',(-1.,-1.51367396397034E-30,-5.91645678915759E-31));
#3487=DIRECTION('ref_axis',(-1.1895246692413E-15,0.214285714285725,-0.976771023655522));
#3488=DIRECTION('center_axis',(1.,1.51367396397034E-30,5.91645678915759E-31));
#3489=DIRECTION('ref_axis',(1.51367396397034E-30,-1.,1.05735526154777E-15));
#3490=DIRECTION('center_axis',(-1.,-1.51367396397034E-30,-5.91645678915759E-31));
#3491=DIRECTION('ref_axis',(1.51367396397034E-30,-1.,-1.23259516440783E-32));
#3492=DIRECTION('center_axis',(-1.,-6.45056924541943E-15,-6.19255810598494E-29));
#3493=DIRECTION('ref_axis',(6.45056924541943E-15,-1.,-2.39174999250301E-16));
#3494=DIRECTION('center_axis',(-1.,-1.51367396397034E-30,-5.91645678915759E-31));
#3495=DIRECTION('ref_axis',(1.51367396397034E-30,-1.,-1.23259516440783E-32));
#3496=DIRECTION('center_axis',(1.,1.51367396397034E-30,5.91645678915759E-31));
#3497=DIRECTION('ref_axis',(1.51367396397034E-30,-1.,-1.23259516440783E-32));
#3498=DIRECTION('center_axis',(1.,1.51367396397034E-30,5.91645678915759E-31));
#3499=DIRECTION('ref_axis',(1.51367396397034E-30,-1.,-1.23259516440783E-32));
#3500=DIRECTION('center_axis',(1.,1.51367396397034E-30,5.91645678915759E-31));
#3501=DIRECTION('ref_axis',(1.51367396397034E-30,-1.,2.87808950000041E-15));
#3502=DIRECTION('center_axis',(1.,1.51367396397034E-30,5.91645678915759E-31));
#3503=DIRECTION('ref_axis',(1.51367396397034E-30,-1.,2.87808950000041E-15));
#3504=DIRECTION('center_axis',(-1.,-1.51367396397034E-30,-5.91645678915759E-31));
#3505=DIRECTION('ref_axis',(1.51367396397034E-30,-1.,-1.23259516440783E-32));
#3506=DIRECTION('center_axis',(1.,1.51367396397034E-30,5.91645678915759E-31));
#3507=DIRECTION('ref_axis',(1.51367396397034E-30,-1.,-1.23259516440783E-32));
#3508=DIRECTION('center_axis',(1.,1.51367396397034E-30,5.91645678915759E-31));
#3509=DIRECTION('ref_axis',(1.51367396397034E-30,-1.,-1.23259516440783E-32));
#3510=DIRECTION('center_axis',(1.,1.51367396397034E-30,5.91645678915759E-31));
#3511=DIRECTION('ref_axis',(1.51367396397034E-30,-1.,1.05735526154777E-15));
#3512=DIRECTION('center_axis',(1.,5.55111512312578E-15,3.94430452610506E-31));
#3513=DIRECTION('ref_axis',(-1.1895246692413E-15,0.214285714285725,-0.976771023655522));
#3514=DIRECTION('',(-1.,-5.55111512312578E-15,-3.94430452610506E-31));
#3515=DIRECTION('',(-4.83200680896716E-16,-1.37323280594423E-14,0.999999999999993));
#3516=DIRECTION('',(1.22428109317064E-14,0.999999999999961,2.96377505870631E-15));
#3517=CARTESIAN_POINT('',(0.,0.,0.));
#3518=CARTESIAN_POINT('',(0.,0.,0.));
#3519=CARTESIAN_POINT('Origin',(-6.00000000000403,9.76996261670125E-14,
-0.200000000000102));
#3520=CARTESIAN_POINT('',(-8.30000000000402,38.0000000000001,-0.200000000000107));
#3521=CARTESIAN_POINT('',(-8.30000000000402,9.30459683302513E-14,-38.2000000000001));
#3522=CARTESIAN_POINT('Origin',(-8.30000000000402,9.76996261670125E-14,
-0.200000000000102));
#3523=CARTESIAN_POINT('Origin',(-8.30000000000402,9.76996261670125E-14,
-0.200000000000102));
#3524=CARTESIAN_POINT('',(-3.70000000000405,9.30459683302538E-14,-38.2000000000001));
#3525=CARTESIAN_POINT('Origin',(-6.00000000000403,9.30459683302527E-14,
-38.1999999999989));
#3526=CARTESIAN_POINT('',(-3.70000000000405,38.0000000000001,-0.200000000000098));
#3527=CARTESIAN_POINT('Origin',(-3.70000000000405,9.76996261670125E-14,
-0.200000000000102));
#3528=CARTESIAN_POINT('Origin',(-3.70000000000405,9.76996261670125E-14,
-0.200000000000102));
#3529=CARTESIAN_POINT('Origin',(-3.5,1.77635683940025E-14,-0.200000000000102));
#3530=CARTESIAN_POINT('',(-2.,38.,-0.200000000000107));
#3531=CARTESIAN_POINT('',(-3.5,38.,-0.200000000000107));
#3532=CARTESIAN_POINT('Origin',(-2.,1.77635683940025E-14,-0.200000000000102));
#3533=CARTESIAN_POINT('Origin',(-6.50700000000132,3.24509834042913,61.3926952907691));
#3534=CARTESIAN_POINT('',(-2.00000000000147,43.2450983404291,61.392695290769));
#3535=CARTESIAN_POINT('',(-2.00000000000132,3.24509834042914,101.392695290769));
#3536=CARTESIAN_POINT('Origin',(-2.00000000000131,3.24509834042915,61.392695290769));
#3537=CARTESIAN_POINT('',(11.4999999999987,3.24509834042918,101.392695290769));
#3538=CARTESIAN_POINT('',(-6.50700000000132,3.24509834042912,101.392695290769));
#3539=CARTESIAN_POINT('',(11.4999999999985,43.2450983404292,61.392695290769));
#3540=CARTESIAN_POINT('Origin',(11.4999999999987,3.2450983404292,61.3926952907691));
#3541=CARTESIAN_POINT('',(-6.50700000000147,43.2450983404291,61.392695290769));
#3542=CARTESIAN_POINT('Origin',(-6.50700000000147,43.2450983404291,3.49297991511119));
#3543=CARTESIAN_POINT('',(-2.,43.2450983404291,3.49297991511118));
#3544=CARTESIAN_POINT('',(-2.00000000000146,43.2450983404291,27.9679087590256));
#3545=CARTESIAN_POINT('',(11.4999999999985,43.2450983404292,3.49297991511119));
#3546=CARTESIAN_POINT('',(11.4999999999985,43.2450983404292,61.392695290769));
#3547=CARTESIAN_POINT('',(16.5,43.2450983404292,3.492979915148));
#3548=CARTESIAN_POINT('Origin',(16.5,-101.013038889118,1.32092524564627));
#3549=CARTESIAN_POINT('',(11.5,43.2450983404288,-0.851129423881876));
#3550=CARTESIAN_POINT('Origin',(11.5,-101.013038889118,1.32092524564627));
#3551=CARTESIAN_POINT('',(-2.,43.2450983404288,-0.851129423881876));
#3552=CARTESIAN_POINT('',(16.5,43.2450983404288,-0.851129423881873));
#3553=CARTESIAN_POINT('Origin',(-2.,-101.013038889118,1.32092524564627));
#3554=CARTESIAN_POINT('Ctrl Pts',(5.5,0.387092947250186,18.3294641493324));
#3555=CARTESIAN_POINT('Ctrl Pts',(3.5,0.387092947250186,18.3294641493324));
#3556=CARTESIAN_POINT('Ctrl Pts',(5.5,0.574170656575596,18.3988706721093));
#3557=CARTESIAN_POINT('Ctrl Pts',(3.5,0.574170656575596,18.3988706721093));
#3558=CARTESIAN_POINT('Ctrl Pts',(5.5,0.74591343707985,18.5040333864265));
#3559=CARTESIAN_POINT('Ctrl Pts',(3.5,0.74591343707985,18.5040333864265));
#3560=CARTESIAN_POINT('Ctrl Pts',(5.5,1.03261179761316,18.7712666723727));
#3561=CARTESIAN_POINT('Ctrl Pts',(3.5,1.03261179761316,18.7712666723727));
#3562=CARTESIAN_POINT('Ctrl Pts',(5.5,1.14651912592718,18.9287134333407));
#3563=CARTESIAN_POINT('Ctrl Pts',(3.5,1.14651912592718,18.9287134333407));
#3564=CARTESIAN_POINT('Ctrl Pts',(5.5,1.30240835393539,19.2730144830653));
#3565=CARTESIAN_POINT('Ctrl Pts',(3.5,1.30240835393539,19.2730144830653));
#3566=CARTESIAN_POINT('Ctrl Pts',(5.5,1.3452630974654,19.4553178758391));
#3567=CARTESIAN_POINT('Ctrl Pts',(3.5,1.3452630974654,19.4553178758391));
#3568=CARTESIAN_POINT('Ctrl Pts',(5.5,1.35596381220686,19.8191154406631));
#3569=CARTESIAN_POINT('Ctrl Pts',(3.5,1.35596381220686,19.8191154406631));
#3570=CARTESIAN_POINT('Ctrl Pts',(5.5,1.3263774159787,19.9968809034645));
#3571=CARTESIAN_POINT('Ctrl Pts',(3.5,1.3263774159787,19.9968809034645));
#3572=CARTESIAN_POINT('Ctrl Pts',(5.5,1.22710835208689,20.2553021448712));
#3573=CARTESIAN_POINT('Ctrl Pts',(3.5,1.22710835208689,20.2553021448712));
#3574=CARTESIAN_POINT('Ctrl Pts',(5.5,1.18164296358489,20.342953587675));
#3575=CARTESIAN_POINT('Ctrl Pts',(3.5,1.18164296358489,20.342953587675));
#3576=CARTESIAN_POINT('Ctrl Pts',(5.5,1.07166094749636,20.506197185294));
#3577=CARTESIAN_POINT('Ctrl Pts',(3.5,1.07166094749636,20.506197185294));
#3578=CARTESIAN_POINT('Ctrl Pts',(5.5,1.00750039368152,20.5812546254885));
#3579=CARTESIAN_POINT('Ctrl Pts',(3.5,1.00750039368152,20.5812546254885));
#3580=CARTESIAN_POINT('Ctrl Pts',(5.5,0.935252023820009,20.6480601211823));
#3581=CARTESIAN_POINT('Ctrl Pts',(3.5,0.935252023820009,20.6480601211823));
#3582=CARTESIAN_POINT('',(5.5,0.935252023820009,20.6480601211823));
#3583=CARTESIAN_POINT('',(5.5,0.387092947250187,18.3294641493324));
#3584=CARTESIAN_POINT('Ctrl Pts',(5.5,0.935252023820009,20.6480601211823));
#3585=CARTESIAN_POINT('Ctrl Pts',(5.5,1.00750039368152,20.5812546254885));
#3586=CARTESIAN_POINT('Ctrl Pts',(5.5,1.07166094749636,20.506197185294));
#3587=CARTESIAN_POINT('Ctrl Pts',(5.5,1.12665303663235,20.4245737818467));
#3588=CARTESIAN_POINT('Ctrl Pts',(5.5,1.18164296358489,20.342953587675));
#3589=CARTESIAN_POINT('Ctrl Pts',(5.5,1.22710835208689,20.2553021448712));
#3590=CARTESIAN_POINT('Ctrl Pts',(5.5,1.26240552715245,20.1634151113787));
#3591=CARTESIAN_POINT('Ctrl Pts',(5.5,1.3263774159787,19.9968809034645));
#3592=CARTESIAN_POINT('Ctrl Pts',(5.5,1.35596381220686,19.8191154406631));
#3593=CARTESIAN_POINT('Ctrl Pts',(5.5,1.35071400821292,19.6406352218231));
#3594=CARTESIAN_POINT('Ctrl Pts',(5.5,1.3452630974654,19.4553178758391));
#3595=CARTESIAN_POINT('Ctrl Pts',(5.5,1.30240835393539,19.2730144830653));
#3596=CARTESIAN_POINT('Ctrl Pts',(5.5,1.22587364098487,19.1039779027581));
#3597=CARTESIAN_POINT('Ctrl Pts',(5.5,1.14651912592718,18.9287134333407));
#3598=CARTESIAN_POINT('Ctrl Pts',(5.5,1.03261179761316,18.7712666723727));
#3599=CARTESIAN_POINT('Ctrl Pts',(5.5,0.891760987981046,18.6399787758666));
#3600=CARTESIAN_POINT('Ctrl Pts',(5.5,0.74591343707985,18.5040333864265));
#3601=CARTESIAN_POINT('Ctrl Pts',(5.5,0.574170656575596,18.3988706721093));
#3602=CARTESIAN_POINT('Ctrl Pts',(5.5,0.387092947250186,18.3294641493324));
#3603=CARTESIAN_POINT('',(3.5,0.935252023820009,20.6480601211823));
#3604=CARTESIAN_POINT('',(5.5,0.935252023820009,20.6480601211823));
#3605=CARTESIAN_POINT('',(3.5,0.387092947250187,18.3294641493324));
#3606=CARTESIAN_POINT('Ctrl Pts',(3.5,0.387092947250186,18.3294641493324));
#3607=CARTESIAN_POINT('Ctrl Pts',(3.5,0.574170656575596,18.3988706721093));
#3608=CARTESIAN_POINT('Ctrl Pts',(3.5,0.74591343707985,18.5040333864265));
#3609=CARTESIAN_POINT('Ctrl Pts',(3.5,0.891760987981046,18.6399787758666));
#3610=CARTESIAN_POINT('Ctrl Pts',(3.5,1.03261179761316,18.7712666723727));
#3611=CARTESIAN_POINT('Ctrl Pts',(3.5,1.14651912592718,18.9287134333407));
#3612=CARTESIAN_POINT('Ctrl Pts',(3.5,1.22587364098487,19.1039779027581));
#3613=CARTESIAN_POINT('Ctrl Pts',(3.5,1.30240835393539,19.2730144830653));
#3614=CARTESIAN_POINT('Ctrl Pts',(3.5,1.3452630974654,19.4553178758391));
#3615=CARTESIAN_POINT('Ctrl Pts',(3.5,1.35071400821292,19.6406352218231));
#3616=CARTESIAN_POINT('Ctrl Pts',(3.5,1.35596381220686,19.8191154406631));
#3617=CARTESIAN_POINT('Ctrl Pts',(3.5,1.3263774159787,19.9968809034645));
#3618=CARTESIAN_POINT('Ctrl Pts',(3.5,1.26240552715245,20.1634151113787));
#3619=CARTESIAN_POINT('Ctrl Pts',(3.5,1.22710835208689,20.2553021448712));
#3620=CARTESIAN_POINT('Ctrl Pts',(3.5,1.18164296358489,20.342953587675));
#3621=CARTESIAN_POINT('Ctrl Pts',(3.5,1.12665303663235,20.4245737818467));
#3622=CARTESIAN_POINT('Ctrl Pts',(3.5,1.07166094749636,20.506197185294));
#3623=CARTESIAN_POINT('Ctrl Pts',(3.5,1.00750039368152,20.5812546254885));
#3624=CARTESIAN_POINT('Ctrl Pts',(3.5,0.935252023820009,20.6480601211823));
#3625=CARTESIAN_POINT('',(5.5,0.387092947250187,18.3294641493324));
#3626=CARTESIAN_POINT('Ctrl Pts',(5.5,0.387092947250206,22.3294641493324));
#3627=CARTESIAN_POINT('Ctrl Pts',(3.5,0.387092947250206,22.3294641493324));
#3628=CARTESIAN_POINT('Ctrl Pts',(5.5,0.574170656575765,22.3988706721094));
#3629=CARTESIAN_POINT('Ctrl Pts',(3.5,0.574170656575765,22.3988706721094));
#3630=CARTESIAN_POINT('Ctrl Pts',(5.5,0.745913437080042,22.5040333864267));
#3631=CARTESIAN_POINT('Ctrl Pts',(3.5,0.745913437080042,22.5040333864267));
#3632=CARTESIAN_POINT('Ctrl Pts',(5.5,1.03261179761325,22.7712666723729));
#3633=CARTESIAN_POINT('Ctrl Pts',(3.5,1.03261179761325,22.7712666723729));
#3634=CARTESIAN_POINT('Ctrl Pts',(5.5,1.14651912592723,22.9287134333408));
#3635=CARTESIAN_POINT('Ctrl Pts',(3.5,1.14651912592723,22.9287134333408));
#3636=CARTESIAN_POINT('Ctrl Pts',(5.5,1.30240835393543,23.2730144830654));
#3637=CARTESIAN_POINT('Ctrl Pts',(3.5,1.30240835393543,23.2730144830654));
#3638=CARTESIAN_POINT('Ctrl Pts',(5.5,1.34526309746543,23.4553178758392));
#3639=CARTESIAN_POINT('Ctrl Pts',(3.5,1.34526309746543,23.4553178758392));
#3640=CARTESIAN_POINT('Ctrl Pts',(5.5,1.35596381220684,23.8191154406632));
#3641=CARTESIAN_POINT('Ctrl Pts',(3.5,1.35596381220684,23.8191154406632));
#3642=CARTESIAN_POINT('Ctrl Pts',(5.5,1.32637741597868,23.9968809034646));
#3643=CARTESIAN_POINT('Ctrl Pts',(3.5,1.32637741597868,23.9968809034646));
#3644=CARTESIAN_POINT('Ctrl Pts',(5.5,1.22710835208684,24.2553021448712));
#3645=CARTESIAN_POINT('Ctrl Pts',(3.5,1.22710835208684,24.2553021448712));
#3646=CARTESIAN_POINT('Ctrl Pts',(5.5,1.18164296358485,24.3429535876751));
#3647=CARTESIAN_POINT('Ctrl Pts',(3.5,1.18164296358485,24.3429535876751));
#3648=CARTESIAN_POINT('Ctrl Pts',(5.5,1.07166094749633,24.506197185294));
#3649=CARTESIAN_POINT('Ctrl Pts',(3.5,1.07166094749633,24.506197185294));
#3650=CARTESIAN_POINT('Ctrl Pts',(5.5,1.00750039368151,24.5812546254885));
#3651=CARTESIAN_POINT('Ctrl Pts',(3.5,1.00750039368151,24.5812546254885));
#3652=CARTESIAN_POINT('Ctrl Pts',(5.5,0.935252023820002,24.6480601211823));
#3653=CARTESIAN_POINT('Ctrl Pts',(3.5,0.935252023820002,24.6480601211823));
#3654=CARTESIAN_POINT('',(5.5,0.935252023820004,24.6480601211823));
#3655=CARTESIAN_POINT('',(5.5,0.387092947250195,22.3294641493324));
#3656=CARTESIAN_POINT('Ctrl Pts',(5.5,0.935252023820002,24.6480601211823));
#3657=CARTESIAN_POINT('Ctrl Pts',(5.5,1.00750039368151,24.5812546254885));
#3658=CARTESIAN_POINT('Ctrl Pts',(5.5,1.07166094749633,24.506197185294));
#3659=CARTESIAN_POINT('Ctrl Pts',(5.5,1.12665303663231,24.4245737818467));
#3660=CARTESIAN_POINT('Ctrl Pts',(5.5,1.18164296358485,24.3429535876751));
#3661=CARTESIAN_POINT('Ctrl Pts',(5.5,1.22710835208684,24.2553021448712));
#3662=CARTESIAN_POINT('Ctrl Pts',(5.5,1.26240552715241,24.1634151113788));
#3663=CARTESIAN_POINT('Ctrl Pts',(5.5,1.32637741597868,23.9968809034646));
#3664=CARTESIAN_POINT('Ctrl Pts',(5.5,1.35596381220684,23.8191154406632));
#3665=CARTESIAN_POINT('Ctrl Pts',(5.5,1.35071400821292,23.6406352218233));
#3666=CARTESIAN_POINT('Ctrl Pts',(5.5,1.34526309746543,23.4553178758392));
#3667=CARTESIAN_POINT('Ctrl Pts',(5.5,1.30240835393543,23.2730144830654));
#3668=CARTESIAN_POINT('Ctrl Pts',(5.5,1.22587364098489,23.1039779027582));
#3669=CARTESIAN_POINT('Ctrl Pts',(5.5,1.14651912592723,22.9287134333408));
#3670=CARTESIAN_POINT('Ctrl Pts',(5.5,1.03261179761325,22.7712666723729));
#3671=CARTESIAN_POINT('Ctrl Pts',(5.5,0.891760987981249,22.6399787758668));
#3672=CARTESIAN_POINT('Ctrl Pts',(5.5,0.745913437080042,22.5040333864267));
#3673=CARTESIAN_POINT('Ctrl Pts',(5.5,0.574170656575765,22.3988706721094));
#3674=CARTESIAN_POINT('Ctrl Pts',(5.5,0.387092947250206,22.3294641493324));
#3675=CARTESIAN_POINT('',(3.5,0.935252023820004,24.6480601211823));
#3676=CARTESIAN_POINT('',(5.5,0.935252023820004,24.6480601211823));
#3677=CARTESIAN_POINT('',(3.5,0.387092947250195,22.3294641493324));
#3678=CARTESIAN_POINT('Ctrl Pts',(3.5,0.387092947250206,22.3294641493324));
#3679=CARTESIAN_POINT('Ctrl Pts',(3.5,0.574170656575765,22.3988706721094));
#3680=CARTESIAN_POINT('Ctrl Pts',(3.5,0.745913437080042,22.5040333864267));
#3681=CARTESIAN_POINT('Ctrl Pts',(3.5,0.891760987981249,22.6399787758668));
#3682=CARTESIAN_POINT('Ctrl Pts',(3.5,1.03261179761325,22.7712666723729));
#3683=CARTESIAN_POINT('Ctrl Pts',(3.5,1.14651912592723,22.9287134333408));
#3684=CARTESIAN_POINT('Ctrl Pts',(3.5,1.22587364098489,23.1039779027582));
#3685=CARTESIAN_POINT('Ctrl Pts',(3.5,1.30240835393543,23.2730144830654));
#3686=CARTESIAN_POINT('Ctrl Pts',(3.5,1.34526309746543,23.4553178758392));
#3687=CARTESIAN_POINT('Ctrl Pts',(3.5,1.35071400821292,23.6406352218233));
#3688=CARTESIAN_POINT('Ctrl Pts',(3.5,1.35596381220684,23.8191154406632));
#3689=CARTESIAN_POINT('Ctrl Pts',(3.5,1.32637741597868,23.9968809034646));
#3690=CARTESIAN_POINT('Ctrl Pts',(3.5,1.26240552715241,24.1634151113788));
#3691=CARTESIAN_POINT('Ctrl Pts',(3.5,1.22710835208684,24.2553021448712));
#3692=CARTESIAN_POINT('Ctrl Pts',(3.5,1.18164296358485,24.3429535876751));
#3693=CARTESIAN_POINT('Ctrl Pts',(3.5,1.12665303663231,24.4245737818467));
#3694=CARTESIAN_POINT('Ctrl Pts',(3.5,1.07166094749633,24.506197185294));
#3695=CARTESIAN_POINT('Ctrl Pts',(3.5,1.00750039368151,24.5812546254885));
#3696=CARTESIAN_POINT('Ctrl Pts',(3.5,0.935252023820002,24.6480601211823));
#3697=CARTESIAN_POINT('',(5.5,0.387092947250195,22.3294641493324));
#3698=CARTESIAN_POINT('Origin',(-4.5,4.18122269330838,11.8181274211858));
#3699=CARTESIAN_POINT('',(3.5,4.18122269330838,11.8181274211858));
#3700=CARTESIAN_POINT('',(3.5,4.18122269330838,23.8181274211857));
#3701=CARTESIAN_POINT('',(3.5,4.18122269330838,10.8129774971906));
#3702=CARTESIAN_POINT('',(-4.5,4.18122269330838,23.8181274211857));
#3703=CARTESIAN_POINT('',(-4.5,4.18122269330838,23.8181274211857));
#3704=CARTESIAN_POINT('',(-4.5,4.18122269330838,11.8181274211858));
#3705=CARTESIAN_POINT('',(-4.5,4.18122269330838,5.80906371059283));
#3706=CARTESIAN_POINT('',(-4.5,4.18122269330838,11.8181274211858));
#3707=CARTESIAN_POINT('Origin',(-4.5,15.7340004710862,11.8181274211858));
#3708=CARTESIAN_POINT('',(3.5,6.54395940252427,4.81742606054611));
#3709=CARTESIAN_POINT('Origin',(3.5,15.7340004710862,11.8181274211858));
#3710=CARTESIAN_POINT('',(-4.5,6.54395940252427,4.81742606054611));
#3711=CARTESIAN_POINT('Origin',(-4.5,15.7340004710862,11.8181274211858));
#3712=CARTESIAN_POINT('',(-4.5,6.54395940252427,4.81742606054611));
#3713=CARTESIAN_POINT('Origin',(-4.5,-0.0187773066916175,-0.181872578814244));
#3714=CARTESIAN_POINT('',(3.5,0.677096703773143,-8.40247227479505));
#3715=CARTESIAN_POINT('Origin',(3.5,-0.0187773066916175,-0.181872578814244));
#3716=CARTESIAN_POINT('',(-4.5,0.677096703773144,-8.40247227479505));
#3717=CARTESIAN_POINT('Origin',(-4.5,-0.0187773066916175,-0.181872578814244));
#3718=CARTESIAN_POINT('',(-4.5,0.677096703773144,-8.40247227479505));
#3719=CARTESIAN_POINT('Ctrl Pts',(5.5,0.387092947250206,22.3294641493324));
#3720=CARTESIAN_POINT('Ctrl Pts',(7.50000845357249,0.387092947250206,22.3294641493324));
#3721=CARTESIAN_POINT('Ctrl Pts',(5.5,0.57159971295007,22.3979168425058));
#3722=CARTESIAN_POINT('Ctrl Pts',(7.50000845357249,0.57159971295007,22.3979168425058));
#3723=CARTESIAN_POINT('Ctrl Pts',(5.5,0.74121570637809,22.5011591961063));
#3724=CARTESIAN_POINT('Ctrl Pts',(7.50000845357249,0.74121570637809,22.5011591961063));
#3725=CARTESIAN_POINT('Ctrl Pts',(5.5,1.02537205257276,22.7631258740924));
#3726=CARTESIAN_POINT('Ctrl Pts',(7.50000845357249,1.02537205257276,22.7631258740924));
#3727=CARTESIAN_POINT('Ctrl Pts',(5.5,1.13893094490214,22.9173785911132));
#3728=CARTESIAN_POINT('Ctrl Pts',(7.50000845357249,1.13893094490214,22.9173785911132));
#3729=CARTESIAN_POINT('Ctrl Pts',(5.5,1.29643398526259,23.2550249746267));
#3730=CARTESIAN_POINT('Ctrl Pts',(7.50000845357249,1.29643398526259,23.2550249746267));
#3731=CARTESIAN_POINT('Ctrl Pts',(5.5,1.34122497220485,23.4340329514987));
#3732=CARTESIAN_POINT('Ctrl Pts',(7.50000845357249,1.34122497220485,23.4340329514987));
#3733=CARTESIAN_POINT('Ctrl Pts',(5.5,1.35804616628071,23.792308327755));
#3734=CARTESIAN_POINT('Ctrl Pts',(7.50000845357249,1.35804616628071,23.792308327755));
#3735=CARTESIAN_POINT('Ctrl Pts',(5.5,1.33253065788093,23.9679762800328));
#3736=CARTESIAN_POINT('Ctrl Pts',(7.50000845357249,1.33253065788093,23.9679762800328));
#3737=CARTESIAN_POINT('Ctrl Pts',(5.5,1.23817233726425,24.2324899483137));
#3738=CARTESIAN_POINT('Ctrl Pts',(7.50000845357249,1.23817233726425,24.2324899483137));
#3739=CARTESIAN_POINT('Ctrl Pts',(5.5,1.19121737643565,24.3268826698202));
#3740=CARTESIAN_POINT('Ctrl Pts',(7.50000845357249,1.19121737643565,24.3268826698202));
#3741=CARTESIAN_POINT('Ctrl Pts',(5.5,1.07689753771376,24.500039290009));
#3742=CARTESIAN_POINT('Ctrl Pts',(7.50000845357249,1.07689753771376,24.500039290009));
#3743=CARTESIAN_POINT('Ctrl Pts',(5.5,1.01046256916832,24.5785156072642));
#3744=CARTESIAN_POINT('Ctrl Pts',(7.50000845357249,1.01046256916832,24.5785156072642));
#3745=CARTESIAN_POINT('Ctrl Pts',(5.5,0.935252023820002,24.6480601211823));
#3746=CARTESIAN_POINT('Ctrl Pts',(7.50000845357249,0.935252023820002,24.6480601211823));
#3747=CARTESIAN_POINT('',(7.5,0.387092947250195,22.3294641493324));
#3748=CARTESIAN_POINT('',(4.5,0.387092947250195,22.3294641493324));
#3749=CARTESIAN_POINT('',(7.5,0.935252023820004,24.6480601211823));
#3750=CARTESIAN_POINT('Ctrl Pts',(7.5,0.387092947250206,22.3294641493324));
#3751=CARTESIAN_POINT('Ctrl Pts',(7.5,0.57159971295007,22.3979168425058));
#3752=CARTESIAN_POINT('Ctrl Pts',(7.5,0.74121570637809,22.5011591961063));
#3753=CARTESIAN_POINT('Ctrl Pts',(7.5,0.885796606002199,22.6344498246));
#3754=CARTESIAN_POINT('Ctrl Pts',(7.5,1.02537205257276,22.7631258740924));
#3755=CARTESIAN_POINT('Ctrl Pts',(7.5,1.13893094490214,22.9173785911132));
#3756=CARTESIAN_POINT('Ctrl Pts',(7.5,1.21912092777757,23.0892854803386));
#3757=CARTESIAN_POINT('Ctrl Pts',(7.5,1.29643398526259,23.2550249746267));
#3758=CARTESIAN_POINT('Ctrl Pts',(7.5,1.34122497220485,23.4340329514987));
#3759=CARTESIAN_POINT('Ctrl Pts',(7.5,1.34979508309424,23.6165681323907));
#3760=CARTESIAN_POINT('Ctrl Pts',(7.5,1.35804616628071,23.792308327755));
#3761=CARTESIAN_POINT('Ctrl Pts',(7.5,1.33253065788093,23.9679762800328));
#3762=CARTESIAN_POINT('Ctrl Pts',(7.5,1.27346925514425,24.1335424769468));
#3763=CARTESIAN_POINT('Ctrl Pts',(7.5,1.23817233726425,24.2324899483137));
#3764=CARTESIAN_POINT('Ctrl Pts',(7.5,1.19121737643565,24.3268826698202));
#3765=CARTESIAN_POINT('Ctrl Pts',(7.5,1.13334812188319,24.4145353873466));
#3766=CARTESIAN_POINT('Ctrl Pts',(7.5,1.07689753771376,24.500039290009));
#3767=CARTESIAN_POINT('Ctrl Pts',(7.5,1.01046256916832,24.5785156072642));
#3768=CARTESIAN_POINT('Ctrl Pts',(7.5,0.935252023820002,24.6480601211823));
#3769=CARTESIAN_POINT('',(4.5,0.935252023820004,24.6480601211823));
#3770=CARTESIAN_POINT('Ctrl Pts',(5.5,0.387092947250185,18.3294641493324));
#3771=CARTESIAN_POINT('Ctrl Pts',(7.50000845357249,0.387092947250185,18.3294641493324));
#3772=CARTESIAN_POINT('Ctrl Pts',(5.5,0.571599712950068,18.3979168425058));
#3773=CARTESIAN_POINT('Ctrl Pts',(7.50000845357249,0.571599712950068,18.3979168425058));
#3774=CARTESIAN_POINT('Ctrl Pts',(5.5,0.741215706378079,18.5011591961063));
#3775=CARTESIAN_POINT('Ctrl Pts',(7.50000845357249,0.741215706378079,18.5011591961063));
#3776=CARTESIAN_POINT('Ctrl Pts',(5.5,1.02537205257273,18.7631258740923));
#3777=CARTESIAN_POINT('Ctrl Pts',(7.50000845357249,1.02537205257273,18.7631258740923));
#3778=CARTESIAN_POINT('Ctrl Pts',(5.5,1.13893094490212,18.9173785911132));
#3779=CARTESIAN_POINT('Ctrl Pts',(7.50000845357249,1.13893094490212,18.9173785911132));
#3780=CARTESIAN_POINT('Ctrl Pts',(5.5,1.29643398526258,19.2550249746267));
#3781=CARTESIAN_POINT('Ctrl Pts',(7.50000845357249,1.29643398526258,19.2550249746267));
#3782=CARTESIAN_POINT('Ctrl Pts',(5.5,1.34122497220484,19.4340329514986));
#3783=CARTESIAN_POINT('Ctrl Pts',(7.50000845357249,1.34122497220484,19.4340329514986));
#3784=CARTESIAN_POINT('Ctrl Pts',(5.5,1.35804616628071,19.792308327755));
#3785=CARTESIAN_POINT('Ctrl Pts',(7.50000845357249,1.35804616628071,19.792308327755));
#3786=CARTESIAN_POINT('Ctrl Pts',(5.5,1.33253065788094,19.9679762800328));
#3787=CARTESIAN_POINT('Ctrl Pts',(7.50000845357249,1.33253065788094,19.9679762800328));
#3788=CARTESIAN_POINT('Ctrl Pts',(5.5,1.23817233726426,20.2324899483137));
#3789=CARTESIAN_POINT('Ctrl Pts',(7.50000845357249,1.23817233726426,20.2324899483137));
#3790=CARTESIAN_POINT('Ctrl Pts',(5.5,1.19121737643566,20.3268826698202));
#3791=CARTESIAN_POINT('Ctrl Pts',(7.50000845357249,1.19121737643566,20.3268826698202));
#3792=CARTESIAN_POINT('Ctrl Pts',(5.5,1.07689753771377,20.5000392900089));
#3793=CARTESIAN_POINT('Ctrl Pts',(7.50000845357249,1.07689753771377,20.5000392900089));
#3794=CARTESIAN_POINT('Ctrl Pts',(5.5,1.01046256916834,20.5785156072641));
#3795=CARTESIAN_POINT('Ctrl Pts',(7.50000845357249,1.01046256916834,20.5785156072641));
#3796=CARTESIAN_POINT('Ctrl Pts',(5.5,0.935252023820009,20.6480601211823));
#3797=CARTESIAN_POINT('Ctrl Pts',(7.50000845357249,0.935252023820009,20.6480601211823));
#3798=CARTESIAN_POINT('',(7.5,0.387092947250187,18.3294641493324));
#3799=CARTESIAN_POINT('',(4.5,0.387092947250187,18.3294641493324));
#3800=CARTESIAN_POINT('',(7.5,0.935252023820009,20.6480601211823));
#3801=CARTESIAN_POINT('Ctrl Pts',(7.5,0.387092947250185,18.3294641493324));
#3802=CARTESIAN_POINT('Ctrl Pts',(7.5,0.571599712950068,18.3979168425058));
#3803=CARTESIAN_POINT('Ctrl Pts',(7.5,0.741215706378079,18.5011591961063));
#3804=CARTESIAN_POINT('Ctrl Pts',(7.5,0.885796606002183,18.6344498246));
#3805=CARTESIAN_POINT('Ctrl Pts',(7.5,1.02537205257273,18.7631258740923));
#3806=CARTESIAN_POINT('Ctrl Pts',(7.5,1.13893094490212,18.9173785911132));
#3807=CARTESIAN_POINT('Ctrl Pts',(7.5,1.21912092777756,19.0892854803385));
#3808=CARTESIAN_POINT('Ctrl Pts',(7.5,1.29643398526258,19.2550249746267));
#3809=CARTESIAN_POINT('Ctrl Pts',(7.5,1.34122497220484,19.4340329514986));
#3810=CARTESIAN_POINT('Ctrl Pts',(7.5,1.34979508309424,19.6165681323907));
#3811=CARTESIAN_POINT('Ctrl Pts',(7.5,1.35804616628071,19.792308327755));
#3812=CARTESIAN_POINT('Ctrl Pts',(7.5,1.33253065788094,19.9679762800328));
#3813=CARTESIAN_POINT('Ctrl Pts',(7.5,1.27346925514426,20.1335424769468));
#3814=CARTESIAN_POINT('Ctrl Pts',(7.5,1.23817233726426,20.2324899483137));
#3815=CARTESIAN_POINT('Ctrl Pts',(7.5,1.19121737643566,20.3268826698202));
#3816=CARTESIAN_POINT('Ctrl Pts',(7.5,1.13334812188321,20.4145353873465));
#3817=CARTESIAN_POINT('Ctrl Pts',(7.5,1.07689753771377,20.5000392900089));
#3818=CARTESIAN_POINT('Ctrl Pts',(7.5,1.01046256916834,20.5785156072641));
#3819=CARTESIAN_POINT('Ctrl Pts',(7.5,0.935252023820009,20.6480601211823));
#3820=CARTESIAN_POINT('',(4.5,0.935252023820009,20.6480601211823));
#3821=CARTESIAN_POINT('Origin',(10.,27.5000007078052,-21.7000002831222));
#3822=CARTESIAN_POINT('',(10.,31.4495236054063,-23.2000003427268));
#3823=CARTESIAN_POINT('',(10.,29.5750350132585,-23.2000003427268));
#3824=CARTESIAN_POINT('',(10.,31.4495236054063,-23.2000003427268));
#3825=CARTESIAN_POINT('',(10.,31.4495236054063,-22.8459758728744));
#3826=CARTESIAN_POINT('',(10.,31.4495236054063,-22.8459758728744));
#3827=CARTESIAN_POINT('',(10.,29.9720335379243,-22.8459758728744));
#3828=CARTESIAN_POINT('',(10.,29.9720335379243,-22.8459758728744));
#3829=CARTESIAN_POINT('',(10.,29.9720335379243,-20.2000002235175));
#3830=CARTESIAN_POINT('',(10.,29.9720335379243,-20.2000002235175));
#3831=CARTESIAN_POINT('',(10.,29.5750350132585,-20.2000002235175));
#3832=CARTESIAN_POINT('',(10.,29.5750350132585,-20.2000002235175));
#3833=CARTESIAN_POINT('',(10.,29.5750350132585,-23.2000003427268));
#3834=CARTESIAN_POINT('Origin',(10.,27.5000007078052,-21.7000002831222));
#3835=CARTESIAN_POINT('',(10.,23.9474764838815,-23.2000003427268));
#3836=CARTESIAN_POINT('',(10.,23.550477810204,-23.2000003427268));
#3837=CARTESIAN_POINT('',(10.,23.9474764838815,-23.2000003427268));
#3838=CARTESIAN_POINT('',(10.,23.9474764838815,-21.7859486907722));
#3839=CARTESIAN_POINT('',(10.,23.9474764838815,-21.7859486907722));
#3840=CARTESIAN_POINT('',(10.,25.5068216100335,-21.7859486907722));
#3841=CARTESIAN_POINT('',(10.,25.5068216100335,-21.7859486907722));
#3842=CARTESIAN_POINT('',(10.,25.5068216100335,-23.2000003427268));
#3843=CARTESIAN_POINT('',(10.,25.5068216100335,-23.2000003427268));
#3844=CARTESIAN_POINT('',(10.,25.9038204327226,-23.2000003427268));
#3845=CARTESIAN_POINT('',(10.,25.9038204327226,-23.2000003427268));
#3846=CARTESIAN_POINT('',(10.,25.9038204327226,-20.2000002235175));
#3847=CARTESIAN_POINT('',(10.,25.9038204327226,-20.2000002235175));
#3848=CARTESIAN_POINT('',(10.,25.5068216100335,-20.2000002235175));
#3849=CARTESIAN_POINT('',(10.,25.5068216100335,-20.2000002235175));
#3850=CARTESIAN_POINT('',(10.,25.5068216100335,-21.4319239228965));
#3851=CARTESIAN_POINT('',(10.,25.5068216100335,-21.4319239228965));
#3852=CARTESIAN_POINT('',(10.,23.9474764838815,-21.4319239228965));
#3853=CARTESIAN_POINT('',(10.,23.9474764838815,-21.4319239228965));
#3854=CARTESIAN_POINT('',(10.,23.9474764838815,-20.2000002235175));
#3855=CARTESIAN_POINT('',(10.,23.9474764838815,-20.2000002235175));
#3856=CARTESIAN_POINT('',(10.,23.550477810204,-20.2000002235175));
#3857=CARTESIAN_POINT('',(10.,23.550477810204,-20.2000002235175));
#3858=CARTESIAN_POINT('',(10.,23.550477810204,-23.2000003427268));
#3859=CARTESIAN_POINT('Origin',(10.,27.5000007078052,-21.7000002831222));
#3860=CARTESIAN_POINT('',(10.,26.9679403677583,-23.2000003427268));
#3861=CARTESIAN_POINT('',(10.,26.5709418430925,-23.2000003427268));
#3862=CARTESIAN_POINT('',(10.,26.9679403677583,-23.2000003427268));
#3863=CARTESIAN_POINT('',(10.,26.9679403677583,-21.8678037494422));
#3864=CARTESIAN_POINT('',(10.,26.9679403677583,-21.8678037494422));
#3865=CARTESIAN_POINT('',(10.,27.4283770099282,-21.8678037494422));
#3866=CARTESIAN_POINT('',(10.,27.4283770099282,-21.8678037494422));
#3867=CARTESIAN_POINT('',(10.,27.649386562407,-21.8821285337211));
#3868=CARTESIAN_POINT('Ctrl Pts',(10.,27.649386562407,-21.8821285337211));
#3869=CARTESIAN_POINT('Ctrl Pts',(10.,27.6197552970147,-21.877987152415));
#3870=CARTESIAN_POINT('Ctrl Pts',(10.,27.546488501394,-21.8677470990887));
#3871=CARTESIAN_POINT('Ctrl Pts',(10.,27.4724638791906,-21.867782603856));
#3872=CARTESIAN_POINT('Ctrl Pts',(10.,27.4283770099282,-21.8678037494422));
#3873=CARTESIAN_POINT('',(10.,27.8304916992784,-21.9619376629592));
#3874=CARTESIAN_POINT('Ctrl Pts',(10.,27.8304916992784,-21.9619376629592));
#3875=CARTESIAN_POINT('Ctrl Pts',(10.,27.8011481806208,-21.9444015390286));
#3876=CARTESIAN_POINT('Ctrl Pts',(10.,27.7440677919804,-21.9102894483525));
#3877=CARTESIAN_POINT('Ctrl Pts',(10.,27.6803491400371,-21.8913376928051));
#3878=CARTESIAN_POINT('Ctrl Pts',(10.,27.649386562407,-21.8821285337211));
#3879=CARTESIAN_POINT('',(10.,28.0320608988404,-22.1624831527473));
#3880=CARTESIAN_POINT('Ctrl Pts',(10.,28.0320608988404,-22.1624831527473));
#3881=CARTESIAN_POINT('Ctrl Pts',(10.,27.9981962767053,-22.1201597175593));
#3882=CARTESIAN_POINT('Ctrl Pts',(10.,27.9385280352107,-22.0455873528775));
#3883=CARTESIAN_POINT('Ctrl Pts',(10.,27.8631074451101,-21.9871911760642));
#3884=CARTESIAN_POINT('Ctrl Pts',(10.,27.8304916992784,-21.9619376629592));
#3885=CARTESIAN_POINT('',(10.,28.318554200232,-22.5758529871703));
#3886=CARTESIAN_POINT('Ctrl Pts',(10.,28.318554200232,-22.5758529871703));
#3887=CARTESIAN_POINT('Ctrl Pts',(10.,28.266674134219,-22.4956979347375));
#3888=CARTESIAN_POINT('Ctrl Pts',(10.,28.1755260924059,-22.3548735944438));
#3889=CARTESIAN_POINT('Ctrl Pts',(10.,28.0752579527927,-22.2204114912057));
#3890=CARTESIAN_POINT('Ctrl Pts',(10.,28.0320608988404,-22.1624831527473));
#3891=CARTESIAN_POINT('',(10.,28.7155533209443,-23.2000003427268));
#3892=CARTESIAN_POINT('',(10.,28.7155533209443,-23.2000003427268));
#3893=CARTESIAN_POINT('',(10.,29.2148709669709,-23.2000003427268));
#3894=CARTESIAN_POINT('',(10.,29.2148709669709,-23.2000003427268));
#3895=CARTESIAN_POINT('',(10.,28.6930430307985,-22.3834930032493));
#3896=CARTESIAN_POINT('',(10.,28.6930430307985,-22.3834930032493));
#3897=CARTESIAN_POINT('',(10.,28.3635747805238,-21.9844476550819));
#3898=CARTESIAN_POINT('Ctrl Pts',(10.,28.3635747805238,-21.9844476550819));
#3899=CARTESIAN_POINT('Ctrl Pts',(10.,28.4219140716963,-22.0427317744829));
#3900=CARTESIAN_POINT('Ctrl Pts',(10.,28.5444684971069,-22.1651702995349));
#3901=CARTESIAN_POINT('Ctrl Pts',(10.,28.6419601153421,-22.3084292629235));
#3902=CARTESIAN_POINT('Ctrl Pts',(10.,28.6930430307985,-22.3834930032493));
#3903=CARTESIAN_POINT('',(10.,28.1241476908326,-21.8350617259742));
#3904=CARTESIAN_POINT('Ctrl Pts',(10.,28.1241476908326,-21.8350617259742));
#3905=CARTESIAN_POINT('Ctrl Pts',(10.,28.171441435466,-21.8584299908375));
#3906=CARTESIAN_POINT('Ctrl Pts',(10.,28.2562584161233,-21.9003388243264));
#3907=CARTESIAN_POINT('Ctrl Pts',(10.,28.3306595431647,-21.9586504512371));
#3908=CARTESIAN_POINT('Ctrl Pts',(10.,28.3635747805238,-21.9844476550819));
#3909=CARTESIAN_POINT('',(10.,28.7626201286912,-21.5567533344031));
#3910=CARTESIAN_POINT('Ctrl Pts',(10.,28.7626201286912,-21.5567533344031));
#3911=CARTESIAN_POINT('Ctrl Pts',(10.,28.678314536875,-21.6237763466185));
#3912=CARTESIAN_POINT('Ctrl Pts',(10.,28.491081725359,-21.7726265799542));
#3913=CARTESIAN_POINT('Ctrl Pts',(10.,28.2543086224702,-21.8129143752021));
#3914=CARTESIAN_POINT('Ctrl Pts',(10.,28.1241476908326,-21.8350617259742));
#3915=CARTESIAN_POINT('',(10.,28.9693045988679,-21.0185543864966));
#3916=CARTESIAN_POINT('Ctrl Pts',(10.,28.9693045988679,-21.0185543864966));
#3917=CARTESIAN_POINT('Ctrl Pts',(10.,28.9612673775002,-21.120172307195));
#3918=CARTESIAN_POINT('Ctrl Pts',(10.,28.9454504266569,-21.3201525718866));
#3919=CARTESIAN_POINT('Ctrl Pts',(10.,28.8228985339118,-21.4787470258363));
#3920=CARTESIAN_POINT('Ctrl Pts',(10.,28.7626201286912,-21.5567533344031));
#3921=CARTESIAN_POINT('',(10.,28.8444751873613,-20.5663032501937));
#3922=CARTESIAN_POINT('Ctrl Pts',(10.,28.8444751873613,-20.5663032501937));
#3923=CARTESIAN_POINT('Ctrl Pts',(10.,28.8808827836386,-20.6366550939429));
#3924=CARTESIAN_POINT('Ctrl Pts',(10.,28.9543283697578,-20.7785769159541));
#3925=CARTESIAN_POINT('Ctrl Pts',(10.,28.9642840388722,-20.9381054777886));
#3926=CARTESIAN_POINT('Ctrl Pts',(10.,28.9693045988679,-21.0185543864966));
#3927=CARTESIAN_POINT('',(10.,28.5109144821763,-20.2808324664832));
#3928=CARTESIAN_POINT('Ctrl Pts',(10.,28.5109144821763,-20.2808324664832));
#3929=CARTESIAN_POINT('Ctrl Pts',(10.,28.5773652090874,-20.3135482704367));
#3930=CARTESIAN_POINT('Ctrl Pts',(10.,28.7127787924886,-20.3802166795442));
#3931=CARTESIAN_POINT('Ctrl Pts',(10.,28.8000367991366,-20.5035119545176));
#3932=CARTESIAN_POINT('Ctrl Pts',(10.,28.8444751873613,-20.5663032501937));
#3933=CARTESIAN_POINT('',(10.,27.9010916128755,-20.2000002235175));
#3934=CARTESIAN_POINT('Ctrl Pts',(10.,27.9010916128755,-20.2000002235175));
#3935=CARTESIAN_POINT('Ctrl Pts',(10.,28.0196062053338,-20.2009121722626));
#3936=CARTESIAN_POINT('Ctrl Pts',(10.,28.2265694540848,-20.2025047177125));
#3937=CARTESIAN_POINT('Ctrl Pts',(10.,28.4257793362028,-20.2573805201976));
#3938=CARTESIAN_POINT('Ctrl Pts',(10.,28.5109144821763,-20.2808324664832));
#3939=CARTESIAN_POINT('',(10.,26.5709418430925,-20.2000002235175));
#3940=CARTESIAN_POINT('',(10.,26.5709418430925,-20.2000002235175));
#3941=CARTESIAN_POINT('',(10.,26.5709418430925,-23.2000003427268));
#3942=CARTESIAN_POINT('',(10.,26.9679403677583,-20.5315147012473));
#3943=CARTESIAN_POINT('',(10.,26.9679403677583,-21.5240113109351));
#3944=CARTESIAN_POINT('',(10.,26.9679403677583,-20.5315147012473));
#3945=CARTESIAN_POINT('',(10.,27.9174632206559,-20.5315147012473));
#3946=CARTESIAN_POINT('',(10.,27.9174632206559,-20.5315147012473));
#3947=CARTESIAN_POINT('',(10.,28.4055257216096,-20.6686223715545));
#3948=CARTESIAN_POINT('Ctrl Pts',(10.,28.4055257216096,-20.6686223715545));
#3949=CARTESIAN_POINT('Ctrl Pts',(10.,28.3408017925283,-20.6288017734538));
#3950=CARTESIAN_POINT('Ctrl Pts',(10.,28.1921338081239,-20.5373356319288));
#3951=CARTESIAN_POINT('Ctrl Pts',(10.,28.0165851879327,-20.5336153342486));
#3952=CARTESIAN_POINT('Ctrl Pts',(10.,27.9174632206559,-20.5315147012473));
#3953=CARTESIAN_POINT('',(10.,28.5600281134248,-21.0185543864966));
#3954=CARTESIAN_POINT('Ctrl Pts',(10.,28.5600281134248,-21.0185543864966));
#3955=CARTESIAN_POINT('Ctrl Pts',(10.,28.5538131924586,-20.9509667492788));
#3956=CARTESIAN_POINT('Ctrl Pts',(10.,28.5414885696808,-20.8169357394437));
#3957=CARTESIAN_POINT('Ctrl Pts',(10.,28.4505879887482,-20.7177779805966));
#3958=CARTESIAN_POINT('Ctrl Pts',(10.,28.4055257216096,-20.6686223715545));
#3959=CARTESIAN_POINT('',(10.,28.4802186861634,-21.2876538604499));
#3960=CARTESIAN_POINT('Ctrl Pts',(10.,28.4802186861634,-21.2876538604499));
#3961=CARTESIAN_POINT('Ctrl Pts',(10.,28.5034964961941,-21.2455787602445));
#3962=CARTESIAN_POINT('Ctrl Pts',(10.,28.5498827748281,-21.1617346477995));
#3963=CARTESIAN_POINT('Ctrl Pts',(10.,28.5566545744488,-21.066164842027));
#3964=CARTESIAN_POINT('Ctrl Pts',(10.,28.5600281134248,-21.0185543864966));
#3965=CARTESIAN_POINT('',(10.,28.2469308748841,-21.4677355855704));
#3966=CARTESIAN_POINT('Ctrl Pts',(10.,28.2469308748841,-21.4677355855704));
#3967=CARTESIAN_POINT('Ctrl Pts',(10.,28.2946200362427,-21.4467731340694));
#3968=CARTESIAN_POINT('Ctrl Pts',(10.,28.3873873996318,-21.4059959155041));
#3969=CARTESIAN_POINT('Ctrl Pts',(10.,28.4498610357284,-21.3263540322704));
#3970=CARTESIAN_POINT('Ctrl Pts',(10.,28.4802186861634,-21.2876538604499));
#3971=CARTESIAN_POINT('',(10.,27.8212827816606,-21.5240113109351));
#3972=CARTESIAN_POINT('Ctrl Pts',(10.,27.8212827816606,-21.5240113109351));
#3973=CARTESIAN_POINT('Ctrl Pts',(10.,27.9026596279934,-21.5231249946889));
#3974=CARTESIAN_POINT('Ctrl Pts',(10.,28.0470032443677,-21.5215528756158));
#3975=CARTESIAN_POINT('Ctrl Pts',(10.,28.1862064830516,-21.4840816113781));
#3976=CARTESIAN_POINT('Ctrl Pts',(10.,28.2469308748841,-21.4677355855704));
#3977=CARTESIAN_POINT('',(10.,26.9679403677583,-21.5240113109351));
#3978=CARTESIAN_POINT('Origin',(11.5,1.77635683940025E-14,-0.200000000000102));
#3979=CARTESIAN_POINT('',(11.5,26.9679403677583,-20.5315147012473));
#3980=CARTESIAN_POINT('',(11.5,27.9174632206559,-20.5315147012473));
#3981=CARTESIAN_POINT('',(11.5,13.958731610328,-20.5315147012473));
#3982=CARTESIAN_POINT('',(11.5,26.9679403677583,-21.5240113109351));
#3983=CARTESIAN_POINT('',(11.5,26.9679403677583,-10.3657573506237));
#3984=CARTESIAN_POINT('',(11.5,27.8212827816606,-21.5240113109351));
#3985=CARTESIAN_POINT('',(11.5,13.4839701838792,-21.5240113109351));
#3986=CARTESIAN_POINT('',(11.5,28.2469308748841,-21.4677355855704));
#3987=CARTESIAN_POINT('Ctrl Pts',(11.5,28.2469308748841,-21.4677355855704));
#3988=CARTESIAN_POINT('Ctrl Pts',(11.5,28.1862064830516,-21.4840816113781));
#3989=CARTESIAN_POINT('Ctrl Pts',(11.5,28.125482091219,-21.5004276371857));
#3990=CARTESIAN_POINT('Ctrl Pts',(11.5,28.0637795105577,-21.5099422305823));
#3991=CARTESIAN_POINT('Ctrl Pts',(11.5,27.9840364743261,-21.5222386784427));
#3992=CARTESIAN_POINT('Ctrl Pts',(11.5,27.9026596279934,-21.5231249946889));
#3993=CARTESIAN_POINT('Ctrl Pts',(11.5,27.8212827816606,-21.5240113109351));
#3994=CARTESIAN_POINT('',(11.5,28.4802186861634,-21.2876538604499));
#3995=CARTESIAN_POINT('Ctrl Pts',(11.5,28.4802186861634,-21.2876538604499));
#3996=CARTESIAN_POINT('Ctrl Pts',(11.5,28.4498610357284,-21.3263540322704));
#3997=CARTESIAN_POINT('Ctrl Pts',(11.5,28.4195033852934,-21.365054204091));
#3998=CARTESIAN_POINT('Ctrl Pts',(11.5,28.3819926157594,-21.3945774406196));
#3999=CARTESIAN_POINT('Ctrl Pts',(11.5,28.3423091976013,-21.4258106825685));
#4000=CARTESIAN_POINT('Ctrl Pts',(11.5,28.2946200362427,-21.4467731340694));
#4001=CARTESIAN_POINT('Ctrl Pts',(11.5,28.2469308748841,-21.4677355855704));
#4002=CARTESIAN_POINT('',(11.5,28.5600281134248,-21.0185543864966));
#4003=CARTESIAN_POINT('Ctrl Pts',(11.5,28.5600281134248,-21.0185543864966));
#4004=CARTESIAN_POINT('Ctrl Pts',(11.5,28.5566545744488,-21.066164842027));
#4005=CARTESIAN_POINT('Ctrl Pts',(11.5,28.5532810354728,-21.1137752975574));
#4006=CARTESIAN_POINT('Ctrl Pts',(11.5,28.5400760546327,-21.1584756940604));
#4007=CARTESIAN_POINT('Ctrl Pts',(11.5,28.5267743062247,-21.2035036600391));
#4008=CARTESIAN_POINT('Ctrl Pts',(11.5,28.5034964961941,-21.2455787602445));
#4009=CARTESIAN_POINT('Ctrl Pts',(11.5,28.4802186861634,-21.2876538604499));
#4010=CARTESIAN_POINT('',(11.5,28.4055257216096,-20.6686223715545));
#4011=CARTESIAN_POINT('Ctrl Pts',(11.5,28.4055257216096,-20.6686223715545));
#4012=CARTESIAN_POINT('Ctrl Pts',(11.5,28.4505879887482,-20.7177779805966));
#4013=CARTESIAN_POINT('Ctrl Pts',(11.5,28.4956502558867,-20.7669335896387));
#4014=CARTESIAN_POINT('Ctrl Pts',(11.5,28.521402515471,-20.8246592849494));
#4015=CARTESIAN_POINT('Ctrl Pts',(11.5,28.5475982714923,-20.883379112061));
#4016=CARTESIAN_POINT('Ctrl Pts',(11.5,28.5538131924586,-20.9509667492788));
#4017=CARTESIAN_POINT('Ctrl Pts',(11.5,28.5600281134248,-21.0185543864966));
#4018=CARTESIAN_POINT('Ctrl Pts',(11.5,27.9174632206559,-20.5315147012473));
#4019=CARTESIAN_POINT('Ctrl Pts',(11.5,28.0165851879327,-20.5336153342486));
#4020=CARTESIAN_POINT('Ctrl Pts',(11.5,28.1157071552094,-20.53571596725));
#4021=CARTESIAN_POINT('Ctrl Pts',(11.5,28.2062590494752,-20.5657916933299));
#4022=CARTESIAN_POINT('Ctrl Pts',(11.5,28.276077863447,-20.5889811753531));
#4023=CARTESIAN_POINT('Ctrl Pts',(11.5,28.3408017925283,-20.6288017734538));
#4024=CARTESIAN_POINT('Ctrl Pts',(11.5,28.4055257216096,-20.6686223715545));
#4025=CARTESIAN_POINT('Ctrl Pts',(11.5,27.8212827816606,-21.5240113109351));
#4026=CARTESIAN_POINT('Ctrl Pts',(10.,27.8212827816606,-21.5240113109351));
#4027=CARTESIAN_POINT('Ctrl Pts',(11.5,27.9026596279934,-21.5231249946889));
#4028=CARTESIAN_POINT('Ctrl Pts',(10.,27.9026596279934,-21.5231249946889));
#4029=CARTESIAN_POINT('Ctrl Pts',(11.5,28.0470032443677,-21.5215528756158));
#4030=CARTESIAN_POINT('Ctrl Pts',(10.,28.0470032443677,-21.5215528756158));
#4031=CARTESIAN_POINT('Ctrl Pts',(11.5,28.1862064830516,-21.4840816113781));
#4032=CARTESIAN_POINT('Ctrl Pts',(10.,28.1862064830516,-21.4840816113781));
#4033=CARTESIAN_POINT('Ctrl Pts',(11.5,28.2469308748841,-21.4677355855704));
#4034=CARTESIAN_POINT('Ctrl Pts',(10.,28.2469308748841,-21.4677355855704));
#4035=CARTESIAN_POINT('',(12.5,27.8212827816606,-21.5240113109351));
#4036=CARTESIAN_POINT('',(12.5,28.2469308748841,-21.4677355855704));
#4037=CARTESIAN_POINT('Origin',(12.5,26.9679403677583,-21.5240113109351));
#4038=CARTESIAN_POINT('',(12.5,26.9679403677583,-21.5240113109351));
#4039=CARTESIAN_POINT('Origin',(12.5,26.9679403677583,-20.5315147012473));
#4040=CARTESIAN_POINT('',(12.5,26.9679403677583,-20.5315147012473));
#4041=CARTESIAN_POINT('Origin',(12.5,27.9174632206559,-20.5315147012473));
#4042=CARTESIAN_POINT('',(12.5,27.9174632206559,-20.5315147012473));
#4043=CARTESIAN_POINT('Ctrl Pts',(11.5,28.1241476908326,-21.8350617259742));
#4044=CARTESIAN_POINT('Ctrl Pts',(10.,28.1241476908326,-21.8350617259742));
#4045=CARTESIAN_POINT('Ctrl Pts',(11.5,28.171441435466,-21.8584299908375));
#4046=CARTESIAN_POINT('Ctrl Pts',(10.,28.171441435466,-21.8584299908375));
#4047=CARTESIAN_POINT('Ctrl Pts',(11.5,28.2562584161233,-21.9003388243264));
#4048=CARTESIAN_POINT('Ctrl Pts',(10.,28.2562584161233,-21.9003388243264));
#4049=CARTESIAN_POINT('Ctrl Pts',(11.5,28.3306595431647,-21.9586504512371));
#4050=CARTESIAN_POINT('Ctrl Pts',(10.,28.3306595431647,-21.9586504512371));
#4051=CARTESIAN_POINT('Ctrl Pts',(11.5,28.3635747805238,-21.9844476550819));
#4052=CARTESIAN_POINT('Ctrl Pts',(10.,28.3635747805238,-21.9844476550819));
#4053=CARTESIAN_POINT('',(11.5,28.3635747805238,-21.9844476550819));
#4054=CARTESIAN_POINT('',(11.5,28.1241476908326,-21.8350617259742));
#4055=CARTESIAN_POINT('Ctrl Pts',(11.5,28.3635747805238,-21.9844476550819));
#4056=CARTESIAN_POINT('Ctrl Pts',(11.5,28.3306595431647,-21.9586504512371));
#4057=CARTESIAN_POINT('Ctrl Pts',(11.5,28.2977443058056,-21.9328532473924));
#4058=CARTESIAN_POINT('Ctrl Pts',(11.5,28.262790478766,-21.9102663964034));
#4059=CARTESIAN_POINT('Ctrl Pts',(11.5,28.2187351800994,-21.8817982557008));
#4060=CARTESIAN_POINT('Ctrl Pts',(11.5,28.171441435466,-21.8584299908375));
#4061=CARTESIAN_POINT('Ctrl Pts',(11.5,28.1241476908326,-21.8350617259742));
#4062=CARTESIAN_POINT('',(12.5,28.1241476908326,-21.8350617259742));
#4063=CARTESIAN_POINT('',(12.5,28.3635747805238,-21.9844476550819));
#4064=CARTESIAN_POINT('Ctrl Pts',(11.5,28.7626201286912,-21.5567533344031));
#4065=CARTESIAN_POINT('Ctrl Pts',(10.,28.7626201286912,-21.5567533344031));
#4066=CARTESIAN_POINT('Ctrl Pts',(11.5,28.678314536875,-21.6237763466185));
#4067=CARTESIAN_POINT('Ctrl Pts',(10.,28.678314536875,-21.6237763466185));
#4068=CARTESIAN_POINT('Ctrl Pts',(11.5,28.491081725359,-21.7726265799542));
#4069=CARTESIAN_POINT('Ctrl Pts',(10.,28.491081725359,-21.7726265799542));
#4070=CARTESIAN_POINT('Ctrl Pts',(11.5,28.2543086224702,-21.8129143752021));
#4071=CARTESIAN_POINT('Ctrl Pts',(10.,28.2543086224702,-21.8129143752021));
#4072=CARTESIAN_POINT('Ctrl Pts',(11.5,28.1241476908326,-21.8350617259742));
#4073=CARTESIAN_POINT('Ctrl Pts',(10.,28.1241476908326,-21.8350617259742));
#4074=CARTESIAN_POINT('',(11.5,28.7626201286912,-21.5567533344031));
#4075=CARTESIAN_POINT('Ctrl Pts',(11.5,28.1241476908326,-21.8350617259742));
#4076=CARTESIAN_POINT('Ctrl Pts',(11.5,28.2543086224702,-21.8129143752021));
#4077=CARTESIAN_POINT('Ctrl Pts',(11.5,28.3844695541078,-21.7907670244299));
#4078=CARTESIAN_POINT('Ctrl Pts',(11.5,28.4996593371034,-21.7358119457961));
#4079=CARTESIAN_POINT('Ctrl Pts',(11.5,28.5940089450588,-21.6907993588338));
#4080=CARTESIAN_POINT('Ctrl Pts',(11.5,28.678314536875,-21.6237763466185));
#4081=CARTESIAN_POINT('Ctrl Pts',(11.5,28.7626201286912,-21.5567533344031));
#4082=CARTESIAN_POINT('',(12.5,28.7626201286912,-21.5567533344031));
#4083=CARTESIAN_POINT('Ctrl Pts',(11.5,28.9693045988679,-21.0185543864966));
#4084=CARTESIAN_POINT('Ctrl Pts',(10.,28.9693045988679,-21.0185543864966));
#4085=CARTESIAN_POINT('Ctrl Pts',(11.5,28.9612673775002,-21.120172307195));
#4086=CARTESIAN_POINT('Ctrl Pts',(10.,28.9612673775002,-21.120172307195));
#4087=CARTESIAN_POINT('Ctrl Pts',(11.5,28.9454504266569,-21.3201525718866));
#4088=CARTESIAN_POINT('Ctrl Pts',(10.,28.9454504266569,-21.3201525718866));
#4089=CARTESIAN_POINT('Ctrl Pts',(11.5,28.8228985339118,-21.4787470258363));
#4090=CARTESIAN_POINT('Ctrl Pts',(10.,28.8228985339118,-21.4787470258363));
#4091=CARTESIAN_POINT('Ctrl Pts',(11.5,28.7626201286912,-21.5567533344031));
#4092=CARTESIAN_POINT('Ctrl Pts',(10.,28.7626201286912,-21.5567533344031));
#4093=CARTESIAN_POINT('',(11.5,28.9693045988679,-21.0185543864966));
#4094=CARTESIAN_POINT('Ctrl Pts',(11.5,28.7626201286912,-21.5567533344031));
#4095=CARTESIAN_POINT('Ctrl Pts',(11.5,28.8228985339118,-21.4787470258363));
#4096=CARTESIAN_POINT('Ctrl Pts',(11.5,28.8831769391324,-21.4007407172694));
#4097=CARTESIAN_POINT('Ctrl Pts',(11.5,28.9176333323121,-21.3127220839263));
#4098=CARTESIAN_POINT('Ctrl Pts',(11.5,28.9532301561326,-21.2217902278934));
#4099=CARTESIAN_POINT('Ctrl Pts',(11.5,28.9612673775002,-21.120172307195));
#4100=CARTESIAN_POINT('Ctrl Pts',(11.5,28.9693045988679,-21.0185543864966));
#4101=CARTESIAN_POINT('',(12.5,28.9693045988679,-21.0185543864966));
#4102=CARTESIAN_POINT('Ctrl Pts',(11.5,28.8444751873613,-20.5663032501937));
#4103=CARTESIAN_POINT('Ctrl Pts',(10.,28.8444751873613,-20.5663032501937));
#4104=CARTESIAN_POINT('Ctrl Pts',(11.5,28.8808827836386,-20.6366550939429));
#4105=CARTESIAN_POINT('Ctrl Pts',(10.,28.8808827836386,-20.6366550939429));
#4106=CARTESIAN_POINT('Ctrl Pts',(11.5,28.9543283697578,-20.7785769159541));
#4107=CARTESIAN_POINT('Ctrl Pts',(10.,28.9543283697578,-20.7785769159541));
#4108=CARTESIAN_POINT('Ctrl Pts',(11.5,28.9642840388722,-20.9381054777886));
#4109=CARTESIAN_POINT('Ctrl Pts',(10.,28.9642840388722,-20.9381054777886));
#4110=CARTESIAN_POINT('Ctrl Pts',(11.5,28.9693045988679,-21.0185543864966));
#4111=CARTESIAN_POINT('Ctrl Pts',(10.,28.9693045988679,-21.0185543864966));
#4112=CARTESIAN_POINT('',(11.5,28.8444751873613,-20.5663032501937));
#4113=CARTESIAN_POINT('Ctrl Pts',(11.5,28.9693045988679,-21.0185543864966));
#4114=CARTESIAN_POINT('Ctrl Pts',(11.5,28.9642840388722,-20.9381054777886));
#4115=CARTESIAN_POINT('Ctrl Pts',(11.5,28.9592634788766,-20.8576565690806));
#4116=CARTESIAN_POINT('Ctrl Pts',(11.5,28.9380967989564,-20.781685230136));
#4117=CARTESIAN_POINT('Ctrl Pts',(11.5,28.917290379916,-20.7070069376922));
#4118=CARTESIAN_POINT('Ctrl Pts',(11.5,28.8808827836386,-20.6366550939429));
#4119=CARTESIAN_POINT('Ctrl Pts',(11.5,28.8444751873613,-20.5663032501937));
#4120=CARTESIAN_POINT('',(12.5,28.8444751873613,-20.5663032501937));
#4121=CARTESIAN_POINT('Ctrl Pts',(11.5,28.5109144821763,-20.2808324664832));
#4122=CARTESIAN_POINT('Ctrl Pts',(10.,28.5109144821763,-20.2808324664832));
#4123=CARTESIAN_POINT('Ctrl Pts',(11.5,28.5773652090874,-20.3135482704367));
#4124=CARTESIAN_POINT('Ctrl Pts',(10.,28.5773652090874,-20.3135482704367));
#4125=CARTESIAN_POINT('Ctrl Pts',(11.5,28.7127787924886,-20.3802166795442));
#4126=CARTESIAN_POINT('Ctrl Pts',(10.,28.7127787924886,-20.3802166795442));
#4127=CARTESIAN_POINT('Ctrl Pts',(11.5,28.8000367991366,-20.5035119545176));
#4128=CARTESIAN_POINT('Ctrl Pts',(10.,28.8000367991366,-20.5035119545176));
#4129=CARTESIAN_POINT('Ctrl Pts',(11.5,28.8444751873613,-20.5663032501937));
#4130=CARTESIAN_POINT('Ctrl Pts',(10.,28.8444751873613,-20.5663032501937));
#4131=CARTESIAN_POINT('',(11.5,28.5109144821763,-20.2808324664832));
#4132=CARTESIAN_POINT('Ctrl Pts',(11.5,28.8444751873613,-20.5663032501937));
#4133=CARTESIAN_POINT('Ctrl Pts',(11.5,28.8000367991366,-20.5035119545176));
#4134=CARTESIAN_POINT('Ctrl Pts',(11.5,28.7555984109119,-20.4407206588415));
#4135=CARTESIAN_POINT('Ctrl Pts',(11.5,28.6986703053117,-20.3926162093879));
#4136=CARTESIAN_POINT('Ctrl Pts',(11.5,28.6438159359985,-20.3462640743902));
#4137=CARTESIAN_POINT('Ctrl Pts',(11.5,28.5773652090874,-20.3135482704367));
#4138=CARTESIAN_POINT('Ctrl Pts',(11.5,28.5109144821763,-20.2808324664832));
#4139=CARTESIAN_POINT('',(12.5,28.5109144821763,-20.2808324664832));
#4140=CARTESIAN_POINT('Ctrl Pts',(11.5,27.9010916128755,-20.2000002235175));
#4141=CARTESIAN_POINT('Ctrl Pts',(10.,27.9010916128755,-20.2000002235175));
#4142=CARTESIAN_POINT('Ctrl Pts',(11.5,28.0196062053338,-20.2009121722626));
#4143=CARTESIAN_POINT('Ctrl Pts',(10.,28.0196062053338,-20.2009121722626));
#4144=CARTESIAN_POINT('Ctrl Pts',(11.5,28.2265694540848,-20.2025047177125));
#4145=CARTESIAN_POINT('Ctrl Pts',(10.,28.2265694540848,-20.2025047177125));
#4146=CARTESIAN_POINT('Ctrl Pts',(11.5,28.4257793362028,-20.2573805201976));
#4147=CARTESIAN_POINT('Ctrl Pts',(10.,28.4257793362028,-20.2573805201976));
#4148=CARTESIAN_POINT('Ctrl Pts',(11.5,28.5109144821763,-20.2808324664832));
#4149=CARTESIAN_POINT('Ctrl Pts',(10.,28.5109144821763,-20.2808324664832));
#4150=CARTESIAN_POINT('',(11.5,27.9010916128755,-20.2000002235175));
#4151=CARTESIAN_POINT('Ctrl Pts',(11.5,28.5109144821763,-20.2808324664832));
#4152=CARTESIAN_POINT('Ctrl Pts',(11.5,28.4257793362028,-20.2573805201976));
#4153=CARTESIAN_POINT('Ctrl Pts',(11.5,28.3406441902293,-20.2339285739121));
#4154=CARTESIAN_POINT('Ctrl Pts',(11.5,28.2540929690004,-20.2202082842589));
#4155=CARTESIAN_POINT('Ctrl Pts',(11.5,28.1381207977921,-20.2018241210076));
#4156=CARTESIAN_POINT('Ctrl Pts',(11.5,28.0196062053338,-20.2009121722626));
#4157=CARTESIAN_POINT('Ctrl Pts',(11.5,27.9010916128755,-20.2000002235175));
#4158=CARTESIAN_POINT('',(12.5,27.9010916128755,-20.2000002235175));
#4159=CARTESIAN_POINT('Origin',(12.5,26.5709418430925,-20.2000002235175));
#4160=CARTESIAN_POINT('',(11.5,26.5709418430925,-20.2000002235175));
#4161=CARTESIAN_POINT('',(11.5,13.2854709215462,-20.2000002235175));
#4162=CARTESIAN_POINT('',(12.5,26.5709418430925,-20.2000002235175));
#4163=CARTESIAN_POINT('Origin',(12.5,26.5709418430925,-23.2000003427268));
#4164=CARTESIAN_POINT('',(11.5,26.5709418430925,-23.2000003427268));
#4165=CARTESIAN_POINT('',(11.5,26.5709418430925,-11.7000001713635));
#4166=CARTESIAN_POINT('',(12.5,26.5709418430925,-23.2000003427268));
#4167=CARTESIAN_POINT('Origin',(12.5,26.9679403677583,-23.2000003427268));
#4168=CARTESIAN_POINT('',(11.5,26.9679403677583,-23.2000003427268));
#4169=CARTESIAN_POINT('',(11.5,13.4839701838792,-23.2000003427268));
#4170=CARTESIAN_POINT('',(12.5,26.9679403677583,-23.2000003427268));
#4171=CARTESIAN_POINT('Origin',(12.5,26.9679403677583,-21.8678037494422));
#4172=CARTESIAN_POINT('',(11.5,26.9679403677583,-21.8678037494422));
#4173=CARTESIAN_POINT('',(11.5,26.9679403677583,-11.0339018747212));
#4174=CARTESIAN_POINT('',(12.5,26.9679403677583,-21.8678037494422));
#4175=CARTESIAN_POINT('Origin',(12.5,29.5750350132585,-23.2000003427268));
#4176=CARTESIAN_POINT('',(11.5,29.5750350132585,-20.2000002235175));
#4177=CARTESIAN_POINT('',(11.5,29.5750350132585,-23.2000003427268));
#4178=CARTESIAN_POINT('',(11.5,29.5750350132585,-11.7000001713635));
#4179=CARTESIAN_POINT('',(12.5,29.5750350132585,-23.2000003427268));
#4180=CARTESIAN_POINT('',(12.5,29.5750350132585,-20.2000002235175));
#4181=CARTESIAN_POINT('Origin',(12.5,31.4495236054063,-23.2000003427268));
#4182=CARTESIAN_POINT('',(11.5,31.4495236054063,-23.2000003427268));
#4183=CARTESIAN_POINT('',(11.5,15.7247618027032,-23.2000003427268));
#4184=CARTESIAN_POINT('',(12.5,31.4495236054063,-23.2000003427268));
#4185=CARTESIAN_POINT('Origin',(12.5,31.4495236054063,-22.8459758728744));
#4186=CARTESIAN_POINT('',(11.5,31.4495236054063,-22.8459758728744));
#4187=CARTESIAN_POINT('',(11.5,31.4495236054063,-11.5229879364372));
#4188=CARTESIAN_POINT('',(12.5,31.4495236054063,-22.8459758728744));
#4189=CARTESIAN_POINT('Origin',(12.5,23.9474764838815,-21.4319239228965));
#4190=CARTESIAN_POINT('',(11.5,25.5068216100335,-21.4319239228965));
#4191=CARTESIAN_POINT('',(11.5,23.9474764838815,-21.4319239228965));
#4192=CARTESIAN_POINT('',(11.5,11.9737382419408,-21.4319239228965));
#4193=CARTESIAN_POINT('',(12.5,23.9474764838815,-21.4319239228965));
#4194=CARTESIAN_POINT('',(12.5,25.5068216100335,-21.4319239228965));
#4195=CARTESIAN_POINT('Origin',(12.5,23.9474764838815,-20.2000002235175));
#4196=CARTESIAN_POINT('',(11.5,23.9474764838815,-20.2000002235175));
#4197=CARTESIAN_POINT('',(11.5,23.9474764838815,-10.2000001117588));
#4198=CARTESIAN_POINT('',(12.5,23.9474764838815,-20.2000002235175));
#4199=CARTESIAN_POINT('Origin',(12.5,23.550477810204,-20.2000002235175));
#4200=CARTESIAN_POINT('',(11.5,23.550477810204,-20.2000002235175));
#4201=CARTESIAN_POINT('',(11.5,11.775238905102,-20.2000002235175));
#4202=CARTESIAN_POINT('',(12.5,23.550477810204,-20.2000002235175));
#4203=CARTESIAN_POINT('Origin',(12.5,23.550477810204,-23.2000003427268));
#4204=CARTESIAN_POINT('',(11.5,23.550477810204,-23.2000003427268));
#4205=CARTESIAN_POINT('',(11.5,23.550477810204,-11.7000001713635));
#4206=CARTESIAN_POINT('',(12.5,23.550477810204,-23.2000003427268));
#4207=CARTESIAN_POINT('Origin',(12.5,23.9474764838815,-23.2000003427268));
#4208=CARTESIAN_POINT('',(11.5,23.9474764838815,-23.2000003427268));
#4209=CARTESIAN_POINT('',(11.5,11.9737382419408,-23.2000003427268));
#4210=CARTESIAN_POINT('',(12.5,23.9474764838815,-23.2000003427268));
#4211=CARTESIAN_POINT('Origin',(12.5,23.9474764838815,-21.7859486907722));
#4212=CARTESIAN_POINT('',(11.5,23.9474764838815,-21.7859486907722));
#4213=CARTESIAN_POINT('',(11.5,23.9474764838815,-10.9929743453861));
#4214=CARTESIAN_POINT('',(12.5,23.9474764838815,-21.7859486907722));
#4215=CARTESIAN_POINT('Ctrl Pts',(11.5,28.4055257216096,-20.6686223715545));
#4216=CARTESIAN_POINT('Ctrl Pts',(10.,28.4055257216096,-20.6686223715545));
#4217=CARTESIAN_POINT('Ctrl Pts',(11.5,28.3408017925283,-20.6288017734538));
#4218=CARTESIAN_POINT('Ctrl Pts',(10.,28.3408017925283,-20.6288017734538));
#4219=CARTESIAN_POINT('Ctrl Pts',(11.5,28.1921338081239,-20.5373356319288));
#4220=CARTESIAN_POINT('Ctrl Pts',(10.,28.1921338081239,-20.5373356319288));
#4221=CARTESIAN_POINT('Ctrl Pts',(11.5,28.0165851879327,-20.5336153342486));
#4222=CARTESIAN_POINT('Ctrl Pts',(10.,28.0165851879327,-20.5336153342486));
#4223=CARTESIAN_POINT('Ctrl Pts',(11.5,27.9174632206559,-20.5315147012473));
#4224=CARTESIAN_POINT('Ctrl Pts',(10.,27.9174632206559,-20.5315147012473));
#4225=CARTESIAN_POINT('',(12.5,28.4055257216096,-20.6686223715545));
#4226=CARTESIAN_POINT('Ctrl Pts',(11.5,28.5600281134248,-21.0185543864966));
#4227=CARTESIAN_POINT('Ctrl Pts',(10.,28.5600281134248,-21.0185543864966));
#4228=CARTESIAN_POINT('Ctrl Pts',(11.5,28.5538131924586,-20.9509667492788));
#4229=CARTESIAN_POINT('Ctrl Pts',(10.,28.5538131924586,-20.9509667492788));
#4230=CARTESIAN_POINT('Ctrl Pts',(11.5,28.5414885696808,-20.8169357394437));
#4231=CARTESIAN_POINT('Ctrl Pts',(10.,28.5414885696808,-20.8169357394437));
#4232=CARTESIAN_POINT('Ctrl Pts',(11.5,28.4505879887482,-20.7177779805966));
#4233=CARTESIAN_POINT('Ctrl Pts',(10.,28.4505879887482,-20.7177779805966));
#4234=CARTESIAN_POINT('Ctrl Pts',(11.5,28.4055257216096,-20.6686223715545));
#4235=CARTESIAN_POINT('Ctrl Pts',(10.,28.4055257216096,-20.6686223715545));
#4236=CARTESIAN_POINT('',(12.5,28.5600281134248,-21.0185543864966));
#4237=CARTESIAN_POINT('Ctrl Pts',(11.5,28.4802186861634,-21.2876538604499));
#4238=CARTESIAN_POINT('Ctrl Pts',(10.,28.4802186861634,-21.2876538604499));
#4239=CARTESIAN_POINT('Ctrl Pts',(11.5,28.5034964961941,-21.2455787602445));
#4240=CARTESIAN_POINT('Ctrl Pts',(10.,28.5034964961941,-21.2455787602445));
#4241=CARTESIAN_POINT('Ctrl Pts',(11.5,28.5498827748281,-21.1617346477995));
#4242=CARTESIAN_POINT('Ctrl Pts',(10.,28.5498827748281,-21.1617346477995));
#4243=CARTESIAN_POINT('Ctrl Pts',(11.5,28.5566545744488,-21.066164842027));
#4244=CARTESIAN_POINT('Ctrl Pts',(10.,28.5566545744488,-21.066164842027));
#4245=CARTESIAN_POINT('Ctrl Pts',(11.5,28.5600281134248,-21.0185543864966));
#4246=CARTESIAN_POINT('Ctrl Pts',(10.,28.5600281134248,-21.0185543864966));
#4247=CARTESIAN_POINT('',(12.5,28.4802186861634,-21.2876538604499));
#4248=CARTESIAN_POINT('Ctrl Pts',(11.5,28.2469308748841,-21.4677355855704));
#4249=CARTESIAN_POINT('Ctrl Pts',(10.,28.2469308748841,-21.4677355855704));
#4250=CARTESIAN_POINT('Ctrl Pts',(11.5,28.2946200362427,-21.4467731340694));
#4251=CARTESIAN_POINT('Ctrl Pts',(10.,28.2946200362427,-21.4467731340694));
#4252=CARTESIAN_POINT('Ctrl Pts',(11.5,28.3873873996318,-21.4059959155041));
#4253=CARTESIAN_POINT('Ctrl Pts',(10.,28.3873873996318,-21.4059959155041));
#4254=CARTESIAN_POINT('Ctrl Pts',(11.5,28.4498610357284,-21.3263540322704));
#4255=CARTESIAN_POINT('Ctrl Pts',(10.,28.4498610357284,-21.3263540322704));
#4256=CARTESIAN_POINT('Ctrl Pts',(11.5,28.4802186861634,-21.2876538604499));
#4257=CARTESIAN_POINT('Ctrl Pts',(10.,28.4802186861634,-21.2876538604499));
#4258=CARTESIAN_POINT('Origin',(12.5,27.4283770099282,-21.8678037494422));
#4259=CARTESIAN_POINT('',(11.5,27.4283770099282,-21.8678037494422));
#4260=CARTESIAN_POINT('',(11.5,13.7141885049641,-21.8678037494422));
#4261=CARTESIAN_POINT('',(12.5,27.4283770099282,-21.8678037494422));
#4262=CARTESIAN_POINT('Ctrl Pts',(11.5,27.649386562407,-21.8821285337211));
#4263=CARTESIAN_POINT('Ctrl Pts',(10.,27.649386562407,-21.8821285337211));
#4264=CARTESIAN_POINT('Ctrl Pts',(11.5,27.6197552970147,-21.877987152415));
#4265=CARTESIAN_POINT('Ctrl Pts',(10.,27.6197552970147,-21.877987152415));
#4266=CARTESIAN_POINT('Ctrl Pts',(11.5,27.546488501394,-21.8677470990887));
#4267=CARTESIAN_POINT('Ctrl Pts',(10.,27.546488501394,-21.8677470990887));
#4268=CARTESIAN_POINT('Ctrl Pts',(11.5,27.4724638791906,-21.867782603856));
#4269=CARTESIAN_POINT('Ctrl Pts',(10.,27.4724638791906,-21.867782603856));
#4270=CARTESIAN_POINT('Ctrl Pts',(11.5,27.4283770099282,-21.8678037494422));
#4271=CARTESIAN_POINT('Ctrl Pts',(10.,27.4283770099282,-21.8678037494422));
#4272=CARTESIAN_POINT('',(11.5,27.649386562407,-21.8821285337211));
#4273=CARTESIAN_POINT('Ctrl Pts',(11.5,27.4283770099282,-21.8678037494422));
#4274=CARTESIAN_POINT('Ctrl Pts',(11.5,27.4724638791906,-21.867782603856));
#4275=CARTESIAN_POINT('Ctrl Pts',(11.5,27.5165507484529,-21.8677614582697));
#4276=CARTESIAN_POINT('Ctrl Pts',(11.5,27.5603688135743,-21.8713850945235));
#4277=CARTESIAN_POINT('Ctrl Pts',(11.5,27.5901240316224,-21.8738457711089));
#4278=CARTESIAN_POINT('Ctrl Pts',(11.5,27.6197552970147,-21.877987152415));
#4279=CARTESIAN_POINT('Ctrl Pts',(11.5,27.649386562407,-21.8821285337211));
#4280=CARTESIAN_POINT('',(12.5,27.649386562407,-21.8821285337211));
#4281=CARTESIAN_POINT('Ctrl Pts',(11.5,27.8304916992784,-21.9619376629592));
#4282=CARTESIAN_POINT('Ctrl Pts',(10.,27.8304916992784,-21.9619376629592));
#4283=CARTESIAN_POINT('Ctrl Pts',(11.5,27.8011481806208,-21.9444015390286));
#4284=CARTESIAN_POINT('Ctrl Pts',(10.,27.8011481806208,-21.9444015390286));
#4285=CARTESIAN_POINT('Ctrl Pts',(11.5,27.7440677919804,-21.9102894483525));
#4286=CARTESIAN_POINT('Ctrl Pts',(10.,27.7440677919804,-21.9102894483525));
#4287=CARTESIAN_POINT('Ctrl Pts',(11.5,27.6803491400371,-21.8913376928051));
#4288=CARTESIAN_POINT('Ctrl Pts',(10.,27.6803491400371,-21.8913376928051));
#4289=CARTESIAN_POINT('Ctrl Pts',(11.5,27.649386562407,-21.8821285337211));
#4290=CARTESIAN_POINT('Ctrl Pts',(10.,27.649386562407,-21.8821285337211));
#4291=CARTESIAN_POINT('',(11.5,27.8304916992784,-21.9619376629592));
#4292=CARTESIAN_POINT('Ctrl Pts',(11.5,27.649386562407,-21.8821285337211));
#4293=CARTESIAN_POINT('Ctrl Pts',(11.5,27.6803491400371,-21.8913376928051));
#4294=CARTESIAN_POINT('Ctrl Pts',(11.5,27.7113117176672,-21.9005468518891));
#4295=CARTESIAN_POINT('Ctrl Pts',(11.5,27.7407068386674,-21.9133357375861));
#4296=CARTESIAN_POINT('Ctrl Pts',(11.5,27.7718046619633,-21.9268654150981));
#4297=CARTESIAN_POINT('Ctrl Pts',(11.5,27.8011481806208,-21.9444015390286));
#4298=CARTESIAN_POINT('Ctrl Pts',(11.5,27.8304916992784,-21.9619376629592));
#4299=CARTESIAN_POINT('',(12.5,27.8304916992784,-21.9619376629592));
#4300=CARTESIAN_POINT('Ctrl Pts',(11.5,28.0320608988404,-22.1624831527473));
#4301=CARTESIAN_POINT('Ctrl Pts',(10.,28.0320608988404,-22.1624831527473));
#4302=CARTESIAN_POINT('Ctrl Pts',(11.5,27.9981962767053,-22.1201597175593));
#4303=CARTESIAN_POINT('Ctrl Pts',(10.,27.9981962767053,-22.1201597175593));
#4304=CARTESIAN_POINT('Ctrl Pts',(11.5,27.9385280352107,-22.0455873528775));
#4305=CARTESIAN_POINT('Ctrl Pts',(10.,27.9385280352107,-22.0455873528775));
#4306=CARTESIAN_POINT('Ctrl Pts',(11.5,27.8631074451101,-21.9871911760642));
#4307=CARTESIAN_POINT('Ctrl Pts',(10.,27.8631074451101,-21.9871911760642));
#4308=CARTESIAN_POINT('Ctrl Pts',(11.5,27.8304916992784,-21.9619376629592));
#4309=CARTESIAN_POINT('Ctrl Pts',(10.,27.8304916992784,-21.9619376629592));
#4310=CARTESIAN_POINT('',(11.5,28.0320608988404,-22.1624831527473));
#4311=CARTESIAN_POINT('Ctrl Pts',(11.5,27.8304916992784,-21.9619376629592));
#4312=CARTESIAN_POINT('Ctrl Pts',(11.5,27.8631074451101,-21.9871911760642));
#4313=CARTESIAN_POINT('Ctrl Pts',(11.5,27.8957231909419,-22.0124446891691));
#4314=CARTESIAN_POINT('Ctrl Pts',(11.5,27.9253930225969,-22.0407233804465));
#4315=CARTESIAN_POINT('Ctrl Pts',(11.5,27.9643316545701,-22.0778362823713));
#4316=CARTESIAN_POINT('Ctrl Pts',(11.5,27.9981962767053,-22.1201597175593));
#4317=CARTESIAN_POINT('Ctrl Pts',(11.5,28.0320608988404,-22.1624831527473));
#4318=CARTESIAN_POINT('',(12.5,28.0320608988404,-22.1624831527473));
#4319=CARTESIAN_POINT('Ctrl Pts',(11.5,28.318554200232,-22.5758529871703));
#4320=CARTESIAN_POINT('Ctrl Pts',(10.,28.318554200232,-22.5758529871703));
#4321=CARTESIAN_POINT('Ctrl Pts',(11.5,28.266674134219,-22.4956979347375));
#4322=CARTESIAN_POINT('Ctrl Pts',(10.,28.266674134219,-22.4956979347375));
#4323=CARTESIAN_POINT('Ctrl Pts',(11.5,28.1755260924059,-22.3548735944438));
#4324=CARTESIAN_POINT('Ctrl Pts',(10.,28.1755260924059,-22.3548735944438));
#4325=CARTESIAN_POINT('Ctrl Pts',(11.5,28.0752579527927,-22.2204114912057));
#4326=CARTESIAN_POINT('Ctrl Pts',(10.,28.0752579527927,-22.2204114912057));
#4327=CARTESIAN_POINT('Ctrl Pts',(11.5,28.0320608988404,-22.1624831527473));
#4328=CARTESIAN_POINT('Ctrl Pts',(10.,28.0320608988404,-22.1624831527473));
#4329=CARTESIAN_POINT('',(11.5,28.318554200232,-22.5758529871703));
#4330=CARTESIAN_POINT('Ctrl Pts',(11.5,28.0320608988404,-22.1624831527473));
#4331=CARTESIAN_POINT('Ctrl Pts',(11.5,28.0752579527927,-22.2204114912057));
#4332=CARTESIAN_POINT('Ctrl Pts',(11.5,28.118455006745,-22.2783398296642));
#4333=CARTESIAN_POINT('Ctrl Pts',(11.5,28.1599593535066,-22.3374490112067));
#4334=CARTESIAN_POINT('Ctrl Pts',(11.5,28.214794068206,-22.4155428823046));
#4335=CARTESIAN_POINT('Ctrl Pts',(11.5,28.266674134219,-22.4956979347375));
#4336=CARTESIAN_POINT('Ctrl Pts',(11.5,28.318554200232,-22.5758529871703));
#4337=CARTESIAN_POINT('',(12.5,28.318554200232,-22.5758529871703));
#4338=CARTESIAN_POINT('Origin',(12.5,28.7155533209443,-23.2000003427268));
#4339=CARTESIAN_POINT('',(11.5,28.7155533209443,-23.2000003427268));
#4340=CARTESIAN_POINT('',(11.5,19.3720953804232,-8.51056084254216));
#4341=CARTESIAN_POINT('',(12.5,28.7155533209443,-23.2000003427268));
#4342=CARTESIAN_POINT('Origin',(12.5,29.2148709669709,-23.2000003427268));
#4343=CARTESIAN_POINT('',(11.5,29.2148709669709,-23.2000003427268));
#4344=CARTESIAN_POINT('',(11.5,14.6074354834855,-23.2000003427268));
#4345=CARTESIAN_POINT('',(12.5,29.2148709669709,-23.2000003427268));
#4346=CARTESIAN_POINT('Origin',(12.5,28.6930430307985,-22.3834930032493));
#4347=CARTESIAN_POINT('',(11.5,28.6930430307985,-22.3834930032493));
#4348=CARTESIAN_POINT('',(11.5,19.4995860138489,-7.99843500008901));
#4349=CARTESIAN_POINT('',(12.5,28.6930430307985,-22.3834930032493));
#4350=CARTESIAN_POINT('Ctrl Pts',(11.5,28.3635747805238,-21.9844476550819));
#4351=CARTESIAN_POINT('Ctrl Pts',(10.,28.3635747805238,-21.9844476550819));
#4352=CARTESIAN_POINT('Ctrl Pts',(11.5,28.4219140716963,-22.0427317744829));
#4353=CARTESIAN_POINT('Ctrl Pts',(10.,28.4219140716963,-22.0427317744829));
#4354=CARTESIAN_POINT('Ctrl Pts',(11.5,28.5444684971069,-22.1651702995349));
#4355=CARTESIAN_POINT('Ctrl Pts',(10.,28.5444684971069,-22.1651702995349));
#4356=CARTESIAN_POINT('Ctrl Pts',(11.5,28.6419601153421,-22.3084292629235));
#4357=CARTESIAN_POINT('Ctrl Pts',(10.,28.6419601153421,-22.3084292629235));
#4358=CARTESIAN_POINT('Ctrl Pts',(11.5,28.6930430307985,-22.3834930032493));
#4359=CARTESIAN_POINT('Ctrl Pts',(10.,28.6930430307985,-22.3834930032493));
#4360=CARTESIAN_POINT('Ctrl Pts',(11.5,28.6930430307985,-22.3834930032493));
#4361=CARTESIAN_POINT('Ctrl Pts',(11.5,28.6419601153421,-22.3084292629235));
#4362=CARTESIAN_POINT('Ctrl Pts',(11.5,28.5908771998857,-22.2333655225977));
#4363=CARTESIAN_POINT('Ctrl Pts',(11.5,28.53291336447,-22.1640179723502));
#4364=CARTESIAN_POINT('Ctrl Pts',(11.5,28.4802533628689,-22.1010158938839));
#4365=CARTESIAN_POINT('Ctrl Pts',(11.5,28.4219140716963,-22.0427317744829));
#4366=CARTESIAN_POINT('Ctrl Pts',(11.5,28.3635747805238,-21.9844476550819));
#4367=CARTESIAN_POINT('Origin',(12.5,29.9720335379243,-22.8459758728744));
#4368=CARTESIAN_POINT('',(11.5,29.9720335379243,-22.8459758728744));
#4369=CARTESIAN_POINT('',(11.5,14.9860167689622,-22.8459758728744));
#4370=CARTESIAN_POINT('',(12.5,29.9720335379243,-22.8459758728744));
#4371=CARTESIAN_POINT('Origin',(12.5,29.9720335379243,-20.2000002235175));
#4372=CARTESIAN_POINT('',(11.5,29.9720335379243,-20.2000002235175));
#4373=CARTESIAN_POINT('',(11.5,29.9720335379243,-10.2000001117588));
#4374=CARTESIAN_POINT('',(12.5,29.9720335379243,-20.2000002235175));
#4375=CARTESIAN_POINT('Origin',(12.5,29.5750350132585,-20.2000002235175));
#4376=CARTESIAN_POINT('',(11.5,14.7875175066292,-20.2000002235175));
#4377=CARTESIAN_POINT('Origin',(12.5,25.5068216100335,-21.7859486907722));
#4378=CARTESIAN_POINT('',(11.5,25.5068216100335,-21.7859486907722));
#4379=CARTESIAN_POINT('',(11.5,12.7534108050168,-21.7859486907722));
#4380=CARTESIAN_POINT('',(12.5,25.5068216100335,-21.7859486907722));
#4381=CARTESIAN_POINT('Origin',(12.5,25.5068216100335,-23.2000003427268));
#4382=CARTESIAN_POINT('',(11.5,25.5068216100335,-23.2000003427268));
#4383=CARTESIAN_POINT('',(11.5,25.5068216100335,-11.7000001713635));
#4384=CARTESIAN_POINT('',(12.5,25.5068216100335,-23.2000003427268));
#4385=CARTESIAN_POINT('Origin',(12.5,25.9038204327226,-23.2000003427268));
#4386=CARTESIAN_POINT('',(11.5,25.9038204327226,-23.2000003427268));
#4387=CARTESIAN_POINT('',(11.5,12.9519102163613,-23.2000003427268));
#4388=CARTESIAN_POINT('',(12.5,25.9038204327226,-23.2000003427268));
#4389=CARTESIAN_POINT('Origin',(12.5,25.9038204327226,-20.2000002235175));
#4390=CARTESIAN_POINT('',(11.5,25.9038204327226,-20.2000002235175));
#4391=CARTESIAN_POINT('',(11.5,25.9038204327226,-10.2000001117588));
#4392=CARTESIAN_POINT('',(12.5,25.9038204327226,-20.2000002235175));
#4393=CARTESIAN_POINT('Origin',(12.5,25.5068216100335,-20.2000002235175));
#4394=CARTESIAN_POINT('',(11.5,25.5068216100335,-20.2000002235175));
#4395=CARTESIAN_POINT('',(11.5,12.7534108050168,-20.2000002235175));
#4396=CARTESIAN_POINT('',(12.5,25.5068216100335,-20.2000002235175));
#4397=CARTESIAN_POINT('Origin',(12.5,25.5068216100335,-21.4319239228965));
#4398=CARTESIAN_POINT('',(11.5,25.5068216100335,-10.8159619614483));
#4399=CARTESIAN_POINT('Origin',(-1.,16.2000000000005,66.1357232192495));
#4400=CARTESIAN_POINT('',(-2.,16.2000000000005,66.1357232192495));
#4401=CARTESIAN_POINT('',(2.,16.2000000000005,66.1357232192495));
#4402=CARTESIAN_POINT('',(-1.,16.2000000000005,66.1357232192495));
#4403=CARTESIAN_POINT('',(2.,14.6500000000005,63.4510444675178));
#4404=CARTESIAN_POINT('',(2.,14.6500000000005,63.4510444675178));
#4405=CARTESIAN_POINT('',(-2.,14.6500000000005,63.4510444675178));
#4406=CARTESIAN_POINT('',(-1.,14.6500000000005,63.4510444675178));
#4407=CARTESIAN_POINT('',(-2.,-0.187105371570392,37.7524241267038));
#4408=CARTESIAN_POINT('Origin',(-1.,19.3000000000005,66.1357232192495));
#4409=CARTESIAN_POINT('',(-2.,19.3000000000005,66.1357232192495));
#4410=CARTESIAN_POINT('',(2.,19.3000000000005,66.1357232192495));
#4411=CARTESIAN_POINT('',(-1.,19.3000000000005,66.1357232192495));
#4412=CARTESIAN_POINT('',(2.,16.2000000000005,66.1357232192495));
#4413=CARTESIAN_POINT('',(-2.,9.65000000000027,66.1357232192495));
#4414=CARTESIAN_POINT('Origin',(-1.,20.8500000000005,63.4510444675178));
#4415=CARTESIAN_POINT('',(-2.,20.8500000000005,63.4510444675178));
#4416=CARTESIAN_POINT('',(2.,20.8500000000005,63.4510444675178));
#4417=CARTESIAN_POINT('',(-1.,20.8500000000005,63.4510444675178));
#4418=CARTESIAN_POINT('',(2.,19.3000000000005,66.1357232192495));
#4419=CARTESIAN_POINT('',(-2.,32.0246053715713,44.0960602094251));
#4420=CARTESIAN_POINT('Origin',(-1.,19.3000000000005,60.766365715786));
#4421=CARTESIAN_POINT('',(-2.,19.3000000000005,60.766365715786));
#4422=CARTESIAN_POINT('',(2.,19.3000000000005,60.766365715786));
#4423=CARTESIAN_POINT('',(-1.,19.3000000000005,60.766365715786));
#4424=CARTESIAN_POINT('',(2.,20.8500000000005,63.4510444675178));
#4425=CARTESIAN_POINT('',(-2.,3.68789462842961,33.7254059991062));
#4426=CARTESIAN_POINT('Origin',(-1.,16.2000000000005,60.766365715786));
#4427=CARTESIAN_POINT('',(-2.,16.2000000000005,60.766365715786));
#4428=CARTESIAN_POINT('',(2.,16.2000000000005,60.766365715786));
#4429=CARTESIAN_POINT('',(-1.,16.2000000000005,60.766365715786));
#4430=CARTESIAN_POINT('',(2.,19.3000000000005,60.766365715786));
#4431=CARTESIAN_POINT('',(-2.,8.10000000000027,60.766365715786));
#4432=CARTESIAN_POINT('Origin',(-1.,14.6500000000005,63.4510444675178));
#4433=CARTESIAN_POINT('',(2.,16.2000000000005,60.766365715786));
#4434=CARTESIAN_POINT('',(-2.,26.5996053715713,42.7537208335592));
#4435=CARTESIAN_POINT('Origin',(2.,17.7500000000005,63.4510444675178));
#4436=CARTESIAN_POINT('',(2.,16.2500000000005,63.4510444675178));
#4437=CARTESIAN_POINT('Origin',(2.,17.7500000000005,63.4510444675178));
#4438=CARTESIAN_POINT('Origin',(-1.,19.3000000000005,47.766365715786));
#4439=CARTESIAN_POINT('',(-2.,19.3000000000005,47.766365715786));
#4440=CARTESIAN_POINT('',(2.,19.3000000000005,47.766365715786));
#4441=CARTESIAN_POINT('',(-1.,19.3000000000005,47.766365715786));
#4442=CARTESIAN_POINT('',(2.,20.8500000000005,50.4510444675178));
#4443=CARTESIAN_POINT('',(2.,20.8500000000005,50.4510444675178));
#4444=CARTESIAN_POINT('',(-2.,20.8500000000005,50.4510444675178));
#4445=CARTESIAN_POINT('',(-1.,20.8500000000005,50.4510444675178));
#4446=CARTESIAN_POINT('',(-2.,6.50247719072904,25.6004059991062));
#4447=CARTESIAN_POINT('Origin',(-1.,16.2000000000005,47.766365715786));
#4448=CARTESIAN_POINT('',(-2.,16.2000000000005,47.766365715786));
#4449=CARTESIAN_POINT('',(2.,16.2000000000005,47.766365715786));
#4450=CARTESIAN_POINT('',(-1.,16.2000000000005,47.766365715786));
#4451=CARTESIAN_POINT('',(2.,19.3000000000005,47.766365715786));
#4452=CARTESIAN_POINT('',(-2.,8.10000000000027,47.766365715786));
#4453=CARTESIAN_POINT('Origin',(-1.,14.6500000000005,50.4510444675178));
#4454=CARTESIAN_POINT('',(-2.,14.6500000000005,50.4510444675178));
#4455=CARTESIAN_POINT('',(2.,14.6500000000005,50.4510444675178));
#4456=CARTESIAN_POINT('',(-1.,14.6500000000005,50.4510444675178));
#4457=CARTESIAN_POINT('',(2.,16.2000000000005,47.766365715786));
#4458=CARTESIAN_POINT('',(-2.,23.7850228092719,34.6287208335592));
#4459=CARTESIAN_POINT('Origin',(-1.,16.2000000000005,53.1357232192495));
#4460=CARTESIAN_POINT('',(-2.,16.2000000000005,53.1357232192495));
#4461=CARTESIAN_POINT('',(2.,16.2000000000005,53.1357232192495));
#4462=CARTESIAN_POINT('',(-1.,16.2000000000005,53.1357232192495));
#4463=CARTESIAN_POINT('',(2.,14.6500000000005,50.4510444675178));
#4464=CARTESIAN_POINT('',(-2.,2.62747719072903,29.6274241267038));
#4465=CARTESIAN_POINT('Origin',(-1.,19.3000000000005,53.1357232192495));
#4466=CARTESIAN_POINT('',(-2.,19.3000000000005,53.1357232192495));
#4467=CARTESIAN_POINT('',(2.,19.3000000000005,53.1357232192495));
#4468=CARTESIAN_POINT('',(-1.,19.3000000000005,53.1357232192495));
#4469=CARTESIAN_POINT('',(2.,16.2000000000005,53.1357232192495));
#4470=CARTESIAN_POINT('',(-2.,9.65000000000027,53.1357232192495));
#4471=CARTESIAN_POINT('Origin',(-1.,20.8500000000005,50.4510444675178));
#4472=CARTESIAN_POINT('',(2.,19.3000000000005,53.1357232192495));
#4473=CARTESIAN_POINT('',(-2.,29.2100228092719,35.9710602094251));
#4474=CARTESIAN_POINT('Origin',(2.,17.7500000000005,50.4510444675178));
#4475=CARTESIAN_POINT('',(2.,16.2500000000005,50.4510444675178));
#4476=CARTESIAN_POINT('Origin',(2.,17.7500000000005,50.4510444675178));
#4477=CARTESIAN_POINT('Origin',(-1.,19.3000000000005,54.266365715786));
#4478=CARTESIAN_POINT('',(-2.,19.3000000000005,54.266365715786));
#4479=CARTESIAN_POINT('',(2.,19.3000000000005,54.266365715786));
#4480=CARTESIAN_POINT('',(-1.,19.3000000000005,54.266365715786));
#4481=CARTESIAN_POINT('',(2.,20.8500000000005,56.9510444675178));
#4482=CARTESIAN_POINT('',(2.,20.8500000000005,56.9510444675178));
#4483=CARTESIAN_POINT('',(-2.,20.8500000000005,56.9510444675178));
#4484=CARTESIAN_POINT('',(-1.,20.8500000000005,56.9510444675178));
#4485=CARTESIAN_POINT('',(-2.,5.09518590957932,29.6629059991062));
#4486=CARTESIAN_POINT('Origin',(-1.,16.2000000000005,54.266365715786));
#4487=CARTESIAN_POINT('',(-2.,16.2000000000005,54.266365715786));
#4488=CARTESIAN_POINT('',(2.,16.2000000000005,54.266365715786));
#4489=CARTESIAN_POINT('',(-1.,16.2000000000005,54.266365715786));
#4490=CARTESIAN_POINT('',(2.,19.3000000000005,54.266365715786));
#4491=CARTESIAN_POINT('',(-2.,8.10000000000027,54.266365715786));
#4492=CARTESIAN_POINT('Origin',(-1.,14.6500000000005,56.9510444675178));
#4493=CARTESIAN_POINT('',(-2.,14.6500000000005,56.9510444675178));
#4494=CARTESIAN_POINT('',(2.,14.6500000000005,56.9510444675178));
#4495=CARTESIAN_POINT('',(-1.,14.6500000000005,56.9510444675178));
#4496=CARTESIAN_POINT('',(2.,16.2000000000005,54.266365715786));
#4497=CARTESIAN_POINT('',(-2.,25.1923140904216,38.6912208335592));
#4498=CARTESIAN_POINT('Origin',(-1.,16.2000000000005,59.6357232192495));
#4499=CARTESIAN_POINT('',(-2.,16.2000000000005,59.6357232192495));
#4500=CARTESIAN_POINT('',(2.,16.2000000000005,59.6357232192495));
#4501=CARTESIAN_POINT('',(-1.,16.2000000000005,59.6357232192495));
#4502=CARTESIAN_POINT('',(2.,14.6500000000005,56.9510444675178));
#4503=CARTESIAN_POINT('',(-2.,1.22018590957932,33.6899241267038));
#4504=CARTESIAN_POINT('Origin',(-1.,19.3000000000005,59.6357232192495));
#4505=CARTESIAN_POINT('',(-2.,19.3000000000005,59.6357232192495));
#4506=CARTESIAN_POINT('',(2.,19.3000000000005,59.6357232192495));
#4507=CARTESIAN_POINT('',(-1.,19.3000000000005,59.6357232192495));
#4508=CARTESIAN_POINT('',(2.,16.2000000000005,59.6357232192495));
#4509=CARTESIAN_POINT('',(-2.,9.65000000000027,59.6357232192495));
#4510=CARTESIAN_POINT('Origin',(-1.,20.8500000000005,56.9510444675178));
#4511=CARTESIAN_POINT('',(2.,19.3000000000005,59.6357232192495));
#4512=CARTESIAN_POINT('',(-2.,30.6173140904216,40.0335602094251));
#4513=CARTESIAN_POINT('Origin',(2.,17.7500000000005,56.9510444675178));
#4514=CARTESIAN_POINT('',(2.,16.2500000000005,56.9510444675178));
#4515=CARTESIAN_POINT('Origin',(2.,17.7500000000005,56.9510444675178));
#4516=CARTESIAN_POINT('Origin',(12.5,17.7500000000005,63.4510444675178));
#4517=CARTESIAN_POINT('',(11.5,16.2500000000005,63.4510444675178));
#4518=CARTESIAN_POINT('Origin',(11.5,17.7500000000005,63.4510444675178));
#4519=CARTESIAN_POINT('',(12.5,16.2500000000005,63.4510444675178));
#4520=CARTESIAN_POINT('Origin',(12.5,17.7500000000005,56.9510444675178));
#4521=CARTESIAN_POINT('',(11.5,16.2500000000005,56.9510444675178));
#4522=CARTESIAN_POINT('Origin',(11.5,17.7500000000005,56.9510444675178));
#4523=CARTESIAN_POINT('',(12.5,16.2500000000005,56.9510444675178));
#4524=CARTESIAN_POINT('Origin',(12.5,17.7500000000005,50.4510444675178));
#4525=CARTESIAN_POINT('',(11.5,16.2500000000005,50.4510444675178));
#4526=CARTESIAN_POINT('Origin',(11.5,17.7500000000005,50.4510444675178));
#4527=CARTESIAN_POINT('',(12.5,16.2500000000005,50.4510444675178));
#4528=CARTESIAN_POINT('Origin',(12.5,3.53553390593276,78.3355339059326));
#4529=CARTESIAN_POINT('',(11.5,1.03553390593276,78.3355339059326));
#4530=CARTESIAN_POINT('Origin',(11.5,3.53553390593276,78.3355339059326));
#4531=CARTESIAN_POINT('',(10.5,1.03553390593275,78.3355339059326));
#4532=CARTESIAN_POINT('',(12.5,1.03553390593275,78.3355339059326));
#4533=CARTESIAN_POINT('Origin',(10.5,3.53553390593276,78.3355339059326));
#4534=CARTESIAN_POINT('Origin',(10.5,3.53553390593276,78.3355339059326));
#4535=CARTESIAN_POINT('',(10.5,2.03553390593276,78.3355339059326));
#4536=CARTESIAN_POINT('Origin',(10.5,3.53553390593276,78.3355339059326));
#4537=CARTESIAN_POINT('Origin',(1.,3.53553390593276,78.3355339059326));
#4538=CARTESIAN_POINT('',(1.2,2.03553390593276,78.3355339059326));
#4539=CARTESIAN_POINT('Origin',(1.2,3.53553390593276,78.3355339059326));
#4540=CARTESIAN_POINT('',(1.,2.03553390593276,78.3355339059326));
#4541=CARTESIAN_POINT('Origin',(1.39539529753152,-0.0187773066916209,19.8181274211858));
#4542=CARTESIAN_POINT('',(3.5,-0.409925017932107,18.3255281889766));
#4543=CARTESIAN_POINT('Origin',(3.5,-0.0187773066916209,19.8181274211858));
#4544=CARTESIAN_POINT('',(5.5,-0.409925017932107,18.3255281889766));
#4545=CARTESIAN_POINT('',(5.5,-0.409925017932107,18.3255281889766));
#4546=CARTESIAN_POINT('',(7.5,-0.409925017932107,18.3255281889766));
#4547=CARTESIAN_POINT('',(4.5,-0.409925017932107,18.3255281889766));
#4548=CARTESIAN_POINT('Origin',(7.5,-0.0187773066916209,19.8181274211858));
#4549=CARTESIAN_POINT('Origin',(16.5,1.77635683940025E-14,-0.200000000000102));
#4550=CARTESIAN_POINT('',(11.5,-2.49999999999998,-0.200000000000102));
#4551=CARTESIAN_POINT('Origin',(11.5,1.77635683940025E-14,-0.200000000000102));
#4552=CARTESIAN_POINT('',(3.5,-2.49999999999998,-0.200000000000102));
#4553=CARTESIAN_POINT('',(16.5,-2.49999999999998,-0.200000000000102));
#4554=CARTESIAN_POINT('Origin',(3.5,1.77635683940025E-14,-0.200000000000102));
#4555=CARTESIAN_POINT('Origin',(1.,-3.53553390593272,71.2644660940672));
#4556=CARTESIAN_POINT('',(1.2,-5.03553390593272,71.2644660940672));
#4557=CARTESIAN_POINT('Origin',(1.2,-3.53553390593272,71.2644660940672));
#4558=CARTESIAN_POINT('',(10.5,-5.03553390593272,71.2644660940672));
#4559=CARTESIAN_POINT('',(1.,-5.03553390593272,71.2644660940672));
#4560=CARTESIAN_POINT('Origin',(10.5,-3.53553390593272,71.2644660940672));
#4561=CARTESIAN_POINT('Origin',(10.5,-3.53553390593272,71.2644660940672));
#4562=CARTESIAN_POINT('',(10.5,-6.03553390593271,71.2644660940672));
#4563=CARTESIAN_POINT('Origin',(10.5,-3.53553390593272,71.2644660940672));
#4564=CARTESIAN_POINT('Origin',(12.5,-3.53553390593272,71.2644660940672));
#4565=CARTESIAN_POINT('',(11.5,-6.03553390593271,71.2644660940672));
#4566=CARTESIAN_POINT('Origin',(11.5,-3.53553390593272,71.2644660940672));
#4567=CARTESIAN_POINT('',(12.5,-6.03553390593271,71.2644660940672));
#4568=CARTESIAN_POINT('Origin',(12.5,-17.7499999999995,56.9510444675177));
#4569=CARTESIAN_POINT('',(11.5,-19.2499999999995,56.9510444675177));
#4570=CARTESIAN_POINT('Origin',(11.5,-17.7499999999995,56.9510444675177));
#4571=CARTESIAN_POINT('',(2.,-19.2499999999995,56.9510444675177));
#4572=CARTESIAN_POINT('',(12.5,-19.2499999999995,56.9510444675177));
#4573=CARTESIAN_POINT('Origin',(2.,-17.7499999999995,56.9510444675177));
#4574=CARTESIAN_POINT('Origin',(12.5,-17.7499999999995,50.4510444675177));
#4575=CARTESIAN_POINT('',(11.5,-19.2499999999995,50.4510444675177));
#4576=CARTESIAN_POINT('Origin',(11.5,-17.7499999999995,50.4510444675177));
#4577=CARTESIAN_POINT('',(2.,-19.2499999999995,50.4510444675177));
#4578=CARTESIAN_POINT('',(12.5,-19.2499999999995,50.4510444675177));
#4579=CARTESIAN_POINT('Origin',(2.,-17.7499999999995,50.4510444675177));
#4580=CARTESIAN_POINT('Origin',(12.5,-17.7499999999995,63.4510444675178));
#4581=CARTESIAN_POINT('',(11.5,-19.2499999999995,63.4510444675178));
#4582=CARTESIAN_POINT('Origin',(11.5,-17.7499999999995,63.4510444675178));
#4583=CARTESIAN_POINT('',(2.,-19.2499999999995,63.4510444675178));
#4584=CARTESIAN_POINT('',(12.5,-19.2499999999995,63.4510444675178));
#4585=CARTESIAN_POINT('Origin',(2.,-17.7499999999995,63.4510444675178));
#4586=CARTESIAN_POINT('Origin',(2.,-17.7499999999995,50.4510444675178));
#4587=CARTESIAN_POINT('',(2.,-14.6499999999995,50.4510444675178));
#4588=CARTESIAN_POINT('',(2.,-16.1999999999995,53.1357232192495));
#4589=CARTESIAN_POINT('',(2.,-16.1999999999995,53.1357232192495));
#4590=CARTESIAN_POINT('',(2.,-16.1999999999995,47.766365715786));
#4591=CARTESIAN_POINT('',(2.,-14.6499999999995,50.4510444675178));
#4592=CARTESIAN_POINT('',(2.,-19.2999999999995,47.766365715786));
#4593=CARTESIAN_POINT('',(2.,-16.1999999999995,47.766365715786));
#4594=CARTESIAN_POINT('',(2.,-20.8499999999995,50.4510444675178));
#4595=CARTESIAN_POINT('',(2.,-19.2999999999995,47.766365715786));
#4596=CARTESIAN_POINT('',(2.,-19.2999999999995,53.1357232192495));
#4597=CARTESIAN_POINT('',(2.,-20.8499999999995,50.4510444675178));
#4598=CARTESIAN_POINT('',(2.,-19.2999999999995,53.1357232192495));
#4599=CARTESIAN_POINT('Origin',(-1.,-14.6499999999995,50.4510444675178));
#4600=CARTESIAN_POINT('',(-2.,-14.6499999999995,50.4510444675178));
#4601=CARTESIAN_POINT('',(-1.,-14.6499999999995,50.4510444675178));
#4602=CARTESIAN_POINT('',(-2.,-16.1999999999995,53.1357232192495));
#4603=CARTESIAN_POINT('',(-1.,-16.1999999999995,53.1357232192495));
#4604=CARTESIAN_POINT('',(-2.,-1.85247719072809,28.2850847508382));
#4605=CARTESIAN_POINT('Origin',(-1.,-16.1999999999995,53.1357232192495));
#4606=CARTESIAN_POINT('',(-2.,-19.2999999999995,53.1357232192495));
#4607=CARTESIAN_POINT('',(-1.,-19.2999999999995,53.1357232192495));
#4608=CARTESIAN_POINT('',(-2.,-8.09999999999973,53.1357232192495));
#4609=CARTESIAN_POINT('Origin',(-1.,-19.2999999999995,53.1357232192495));
#4610=CARTESIAN_POINT('',(-2.,-20.8499999999995,50.4510444675178));
#4611=CARTESIAN_POINT('',(-1.,-20.8499999999995,50.4510444675178));
#4612=CARTESIAN_POINT('',(-2.,-28.435022809271,37.3133995852907));
#4613=CARTESIAN_POINT('Origin',(-1.,-20.8499999999995,50.4510444675178));
#4614=CARTESIAN_POINT('',(-2.,-19.2999999999995,47.766365715786));
#4615=CARTESIAN_POINT('',(-1.,-19.2999999999995,47.766365715786));
#4616=CARTESIAN_POINT('',(-2.,-7.27747719072809,26.9427453749723));
#4617=CARTESIAN_POINT('Origin',(-1.,-19.2999999999995,47.766365715786));
#4618=CARTESIAN_POINT('',(-2.,-16.1999999999995,47.766365715786));
#4619=CARTESIAN_POINT('',(-1.,-16.1999999999995,47.766365715786));
#4620=CARTESIAN_POINT('',(-2.,-9.64999999999973,47.766365715786));
#4621=CARTESIAN_POINT('Origin',(-1.,-16.1999999999995,47.766365715786));
#4622=CARTESIAN_POINT('',(-2.,-24.560022809271,33.2863814576931));
#4623=CARTESIAN_POINT('Origin',(2.,-17.7499999999995,56.9510444675178));
#4624=CARTESIAN_POINT('',(2.,-14.6499999999995,56.9510444675178));
#4625=CARTESIAN_POINT('',(2.,-16.1999999999995,59.6357232192495));
#4626=CARTESIAN_POINT('',(2.,-16.1999999999995,59.6357232192495));
#4627=CARTESIAN_POINT('',(2.,-16.1999999999995,54.266365715786));
#4628=CARTESIAN_POINT('',(2.,-14.6499999999995,56.9510444675178));
#4629=CARTESIAN_POINT('',(2.,-19.2999999999995,54.266365715786));
#4630=CARTESIAN_POINT('',(2.,-16.1999999999995,54.266365715786));
#4631=CARTESIAN_POINT('',(2.,-20.8499999999995,56.9510444675178));
#4632=CARTESIAN_POINT('',(2.,-19.2999999999995,54.266365715786));
#4633=CARTESIAN_POINT('',(2.,-19.2999999999995,59.6357232192495));
#4634=CARTESIAN_POINT('',(2.,-20.8499999999995,56.9510444675178));
#4635=CARTESIAN_POINT('',(2.,-19.2999999999995,59.6357232192495));
#4636=CARTESIAN_POINT('Origin',(-1.,-14.6499999999995,56.9510444675178));
#4637=CARTESIAN_POINT('',(-2.,-14.6499999999995,56.9510444675178));
#4638=CARTESIAN_POINT('',(-1.,-14.6499999999995,56.9510444675178));
#4639=CARTESIAN_POINT('',(-2.,-16.1999999999995,59.6357232192495));
#4640=CARTESIAN_POINT('',(-1.,-16.1999999999995,59.6357232192495));
#4641=CARTESIAN_POINT('',(-2.,-0.445185909578376,32.3475847508382));
#4642=CARTESIAN_POINT('Origin',(-1.,-16.1999999999995,59.6357232192495));
#4643=CARTESIAN_POINT('',(-2.,-19.2999999999995,59.6357232192495));
#4644=CARTESIAN_POINT('',(-1.,-19.2999999999995,59.6357232192495));
#4645=CARTESIAN_POINT('',(-2.,-8.09999999999973,59.6357232192495));
#4646=CARTESIAN_POINT('Origin',(-1.,-19.2999999999995,59.6357232192495));
#4647=CARTESIAN_POINT('',(-2.,-20.8499999999995,56.9510444675178));
#4648=CARTESIAN_POINT('',(-1.,-20.8499999999995,56.9510444675178));
#4649=CARTESIAN_POINT('',(-2.,-29.8423140904207,41.3758995852907));
#4650=CARTESIAN_POINT('Origin',(-1.,-20.8499999999995,56.9510444675178));
#4651=CARTESIAN_POINT('',(-2.,-19.2999999999995,54.266365715786));
#4652=CARTESIAN_POINT('',(-1.,-19.2999999999995,54.266365715786));
#4653=CARTESIAN_POINT('',(-2.,-5.87018590957838,31.0052453749723));
#4654=CARTESIAN_POINT('Origin',(-1.,-19.2999999999995,54.266365715786));
#4655=CARTESIAN_POINT('',(-2.,-16.1999999999995,54.266365715786));
#4656=CARTESIAN_POINT('',(-1.,-16.1999999999995,54.266365715786));
#4657=CARTESIAN_POINT('',(-2.,-9.64999999999973,54.266365715786));
#4658=CARTESIAN_POINT('Origin',(-1.,-16.1999999999995,54.266365715786));
#4659=CARTESIAN_POINT('',(-2.,-25.9673140904207,37.3488814576931));
#4660=CARTESIAN_POINT('Origin',(2.,-17.7499999999995,63.4510444675178));
#4661=CARTESIAN_POINT('',(2.,-14.6499999999995,63.4510444675178));
#4662=CARTESIAN_POINT('',(2.,-16.1999999999995,66.1357232192495));
#4663=CARTESIAN_POINT('',(2.,-16.1999999999995,66.1357232192495));
#4664=CARTESIAN_POINT('',(2.,-16.1999999999995,60.766365715786));
#4665=CARTESIAN_POINT('',(2.,-14.6499999999995,63.4510444675178));
#4666=CARTESIAN_POINT('',(2.,-19.2999999999995,60.766365715786));
#4667=CARTESIAN_POINT('',(2.,-16.1999999999995,60.766365715786));
#4668=CARTESIAN_POINT('',(2.,-20.8499999999995,63.4510444675178));
#4669=CARTESIAN_POINT('',(2.,-19.2999999999995,60.766365715786));
#4670=CARTESIAN_POINT('',(2.,-19.2999999999995,66.1357232192495));
#4671=CARTESIAN_POINT('',(2.,-20.8499999999995,63.4510444675178));
#4672=CARTESIAN_POINT('',(2.,-19.2999999999995,66.1357232192495));
#4673=CARTESIAN_POINT('Origin',(-1.,-14.6499999999995,63.4510444675178));
#4674=CARTESIAN_POINT('',(-2.,-14.6499999999995,63.4510444675178));
#4675=CARTESIAN_POINT('',(-1.,-14.6499999999995,63.4510444675178));
#4676=CARTESIAN_POINT('',(-2.,-16.1999999999995,66.1357232192495));
#4677=CARTESIAN_POINT('',(-1.,-16.1999999999995,66.1357232192495));
#4678=CARTESIAN_POINT('',(-2.,0.962105371571339,36.4100847508382));
#4679=CARTESIAN_POINT('Origin',(-1.,-16.1999999999995,66.1357232192495));
#4680=CARTESIAN_POINT('',(-2.,-19.2999999999995,66.1357232192495));
#4681=CARTESIAN_POINT('',(-1.,-19.2999999999995,66.1357232192495));
#4682=CARTESIAN_POINT('',(-2.,-8.09999999999973,66.1357232192495));
#4683=CARTESIAN_POINT('Origin',(-1.,-19.2999999999995,66.1357232192495));
#4684=CARTESIAN_POINT('',(-2.,-20.8499999999995,63.4510444675178));
#4685=CARTESIAN_POINT('',(-1.,-20.8499999999995,63.4510444675178));
#4686=CARTESIAN_POINT('',(-2.,-31.2496053715704,45.4383995852907));
#4687=CARTESIAN_POINT('Origin',(-1.,-20.8499999999995,63.4510444675178));
#4688=CARTESIAN_POINT('',(-2.,-19.2999999999995,60.766365715786));
#4689=CARTESIAN_POINT('',(-1.,-19.2999999999995,60.766365715786));
#4690=CARTESIAN_POINT('',(-2.,-4.46289462842866,35.0677453749723));
#4691=CARTESIAN_POINT('Origin',(-1.,-19.2999999999995,60.766365715786));
#4692=CARTESIAN_POINT('',(-2.,-16.1999999999995,60.766365715786));
#4693=CARTESIAN_POINT('',(-1.,-16.1999999999995,60.766365715786));
#4694=CARTESIAN_POINT('',(-2.,-9.64999999999973,60.766365715786));
#4695=CARTESIAN_POINT('Origin',(-1.,-16.1999999999995,60.766365715786));
#4696=CARTESIAN_POINT('',(-2.,-27.3746053715704,41.4113814576931));
#4697=CARTESIAN_POINT('Origin',(11.5,1.77635683940025E-14,-0.200000000000102));
#4698=CARTESIAN_POINT('',(11.4999999999987,-3.24509834042904,101.392695290769));
#4699=CARTESIAN_POINT('',(11.4999999999987,-3.24509834042904,101.392695290769));
#4700=CARTESIAN_POINT('',(11.4999999999988,-43.245098340429,61.392695290769));
#4701=CARTESIAN_POINT('Origin',(11.4999999999987,-3.24509834042908,61.3926952907691));
#4702=CARTESIAN_POINT('',(11.4999999999988,-43.245098340429,3.49297991516714));
#4703=CARTESIAN_POINT('',(11.4999999999988,-43.245098340429,-0.851129423882284));
#4704=CARTESIAN_POINT('',(11.5,-43.2450983404278,-0.851129423881822));
#4705=CARTESIAN_POINT('Origin',(11.5,101.013038889118,1.32092524564627));
#4706=CARTESIAN_POINT('Origin',(11.5,1.77635683940025E-14,-0.200000000000102));
#4707=CARTESIAN_POINT('Ctrl Pts',(5.5,-0.980956916105994,20.6385971946858));
#4708=CARTESIAN_POINT('Ctrl Pts',(7.50000846242593,-0.980956916105994,20.6385971946858));
#4709=CARTESIAN_POINT('Ctrl Pts',(5.5,-1.1024730095102,20.5239886747246));
#4710=CARTESIAN_POINT('Ctrl Pts',(7.50000846242593,-1.1024730095102,20.5239886747246));
#4711=CARTESIAN_POINT('Ctrl Pts',(5.5,-1.1999616661043,20.3863345920809));
#4712=CARTESIAN_POINT('Ctrl Pts',(7.50000846242593,-1.1999616661043,20.3863345920809));
#4713=CARTESIAN_POINT('Ctrl Pts',(5.5,-1.34076071837641,20.0755690505816));
#4714=CARTESIAN_POINT('Ctrl Pts',(7.50000846242593,-1.34076071837641,20.0755690505816));
#4715=CARTESIAN_POINT('Ctrl Pts',(5.5,-1.38032242262863,19.904385315664));
#4716=CARTESIAN_POINT('Ctrl Pts',(7.50000846242593,-1.38032242262863,19.904385315664));
#4717=CARTESIAN_POINT('Ctrl Pts',(5.5,-1.39315472411054,19.5495359739379));
#4718=CARTESIAN_POINT('Ctrl Pts',(7.50000846242593,-1.39315472411054,19.5495359739379));
#4719=CARTESIAN_POINT('Ctrl Pts',(5.5,-1.36368245546456,19.3692132797387));
#4720=CARTESIAN_POINT('Ctrl Pts',(7.50000846242593,-1.36368245546456,19.3692132797387));
#4721=CARTESIAN_POINT('Ctrl Pts',(5.5,-1.2360712999803,19.02298779882));
#4722=CARTESIAN_POINT('Ctrl Pts',(7.50000846242593,-1.2360712999803,19.02298779882));
#4723=CARTESIAN_POINT('Ctrl Pts',(5.5,-1.13670968711447,18.8613473982351));
#4724=CARTESIAN_POINT('Ctrl Pts',(7.50000846242593,-1.13670968711447,18.8613473982351));
#4725=CARTESIAN_POINT('Ctrl Pts',(5.5,-0.928527811388105,18.6344549674056));
#4726=CARTESIAN_POINT('Ctrl Pts',(7.50000846242593,-0.928527811388105,18.6344549674056));
#4727=CARTESIAN_POINT('Ctrl Pts',(5.5,-0.836986140299225,18.5563604699144));
#4728=CARTESIAN_POINT('Ctrl Pts',(7.50000846242593,-0.836986140299225,18.5563604699144));
#4729=CARTESIAN_POINT('Ctrl Pts',(5.5,-0.635135136448804,18.4221322693198));
#4730=CARTESIAN_POINT('Ctrl Pts',(7.50000846242593,-0.635135136448804,18.4221322693198));
#4731=CARTESIAN_POINT('Ctrl Pts',(5.5,-0.52521755098263,18.3670113955603));
#4732=CARTESIAN_POINT('Ctrl Pts',(7.50000846242593,-0.52521755098263,18.3670113955603));
#4733=CARTESIAN_POINT('Ctrl Pts',(5.5,-0.409925017932119,18.3255281889766));
#4734=CARTESIAN_POINT('Ctrl Pts',(7.50000846242593,-0.409925017932119,18.3255281889766));
#4735=CARTESIAN_POINT('',(5.5,-0.980956916106001,20.6385971946858));
#4736=CARTESIAN_POINT('Ctrl Pts',(5.5,-0.409925017932119,18.3255281889766));
#4737=CARTESIAN_POINT('Ctrl Pts',(5.5,-0.52521755098263,18.3670113955603));
#4738=CARTESIAN_POINT('Ctrl Pts',(5.5,-0.635135136448804,18.4221322693198));
#4739=CARTESIAN_POINT('Ctrl Pts',(5.5,-0.737145513744362,18.4899677971357));
#4740=CARTESIAN_POINT('Ctrl Pts',(5.5,-0.836986140299225,18.5563604699144));
#4741=CARTESIAN_POINT('Ctrl Pts',(5.5,-0.928527811388105,18.6344549674056));
#4742=CARTESIAN_POINT('Ctrl Pts',(5.5,-1.0095742049253,18.7227854869355));
#4743=CARTESIAN_POINT('Ctrl Pts',(5.5,-1.13670968711447,18.8613473982351));
#4744=CARTESIAN_POINT('Ctrl Pts',(5.5,-1.2360712999803,19.02298779882));
#4745=CARTESIAN_POINT('Ctrl Pts',(5.5,-1.30105435264684,19.1992951802214));
#4746=CARTESIAN_POINT('Ctrl Pts',(5.5,-1.36368245546456,19.3692132797387));
#4747=CARTESIAN_POINT('Ctrl Pts',(5.5,-1.39315472411054,19.5495359739379));
#4748=CARTESIAN_POINT('Ctrl Pts',(5.5,-1.38661557484096,19.7303619011521));
#4749=CARTESIAN_POINT('Ctrl Pts',(5.5,-1.38032242262863,19.904385315664));
#4750=CARTESIAN_POINT('Ctrl Pts',(5.5,-1.34076071837641,20.0755690505816));
#4751=CARTESIAN_POINT('Ctrl Pts',(5.5,-1.26895719198699,20.2340506695974));
#4752=CARTESIAN_POINT('Ctrl Pts',(5.5,-1.1999616661043,20.3863345920809));
#4753=CARTESIAN_POINT('Ctrl Pts',(5.5,-1.1024730095102,20.5239886747246));
#4754=CARTESIAN_POINT('Ctrl Pts',(5.5,-0.980956916105994,20.6385971946858));
#4755=CARTESIAN_POINT('',(7.5,-0.980956916106001,20.6385971946858));
#4756=CARTESIAN_POINT('',(4.5,-0.980956916106001,20.6385971946858));
#4757=CARTESIAN_POINT('Ctrl Pts',(7.5,-0.980956916105994,20.6385971946858));
#4758=CARTESIAN_POINT('Ctrl Pts',(7.5,-1.1024730095102,20.5239886747246));
#4759=CARTESIAN_POINT('Ctrl Pts',(7.5,-1.1999616661043,20.3863345920809));
#4760=CARTESIAN_POINT('Ctrl Pts',(7.5,-1.26895719198699,20.2340506695974));
#4761=CARTESIAN_POINT('Ctrl Pts',(7.5,-1.34076071837641,20.0755690505816));
#4762=CARTESIAN_POINT('Ctrl Pts',(7.5,-1.38032242262863,19.904385315664));
#4763=CARTESIAN_POINT('Ctrl Pts',(7.5,-1.38661557484096,19.7303619011521));
#4764=CARTESIAN_POINT('Ctrl Pts',(7.5,-1.39315472411054,19.5495359739379));
#4765=CARTESIAN_POINT('Ctrl Pts',(7.5,-1.36368245546456,19.3692132797387));
#4766=CARTESIAN_POINT('Ctrl Pts',(7.5,-1.30105435264684,19.1992951802214));
#4767=CARTESIAN_POINT('Ctrl Pts',(7.5,-1.2360712999803,19.02298779882));
#4768=CARTESIAN_POINT('Ctrl Pts',(7.5,-1.13670968711447,18.8613473982351));
#4769=CARTESIAN_POINT('Ctrl Pts',(7.5,-1.0095742049253,18.7227854869355));
#4770=CARTESIAN_POINT('Ctrl Pts',(7.5,-0.928527811388105,18.6344549674056));
#4771=CARTESIAN_POINT('Ctrl Pts',(7.5,-0.836986140299224,18.5563604699144));
#4772=CARTESIAN_POINT('Ctrl Pts',(7.5,-0.737145513744361,18.4899677971357));
#4773=CARTESIAN_POINT('Ctrl Pts',(7.5,-0.635135136448804,18.4221322693198));
#4774=CARTESIAN_POINT('Ctrl Pts',(7.5,-0.525217550982629,18.3670113955603));
#4775=CARTESIAN_POINT('Ctrl Pts',(7.5,-0.409925017932119,18.3255281889766));
#4776=CARTESIAN_POINT('Ctrl Pts',(5.5,-0.980956916105998,24.6385971946858));
#4777=CARTESIAN_POINT('Ctrl Pts',(7.50000846242592,-0.980956916105998,24.6385971946858));
#4778=CARTESIAN_POINT('Ctrl Pts',(5.5,-1.10247300951021,24.5239886747246));
#4779=CARTESIAN_POINT('Ctrl Pts',(7.50000846242592,-1.10247300951021,24.5239886747246));
#4780=CARTESIAN_POINT('Ctrl Pts',(5.5,-1.19996166610431,24.3863345920809));
#4781=CARTESIAN_POINT('Ctrl Pts',(7.50000846242592,-1.19996166610431,24.3863345920809));
#4782=CARTESIAN_POINT('Ctrl Pts',(5.5,-1.34076071837641,24.0755690505816));
#4783=CARTESIAN_POINT('Ctrl Pts',(7.50000846242592,-1.34076071837641,24.0755690505816));
#4784=CARTESIAN_POINT('Ctrl Pts',(5.5,-1.38032242262863,23.904385315664));
#4785=CARTESIAN_POINT('Ctrl Pts',(7.50000846242592,-1.38032242262863,23.904385315664));
#4786=CARTESIAN_POINT('Ctrl Pts',(5.5,-1.39315472411054,23.5495359739379));
#4787=CARTESIAN_POINT('Ctrl Pts',(7.50000846242592,-1.39315472411054,23.5495359739379));
#4788=CARTESIAN_POINT('Ctrl Pts',(5.5,-1.36368245546456,23.3692132797387));
#4789=CARTESIAN_POINT('Ctrl Pts',(7.50000846242592,-1.36368245546456,23.3692132797387));
#4790=CARTESIAN_POINT('Ctrl Pts',(5.5,-1.23607129998029,23.02298779882));
#4791=CARTESIAN_POINT('Ctrl Pts',(7.50000846242592,-1.23607129998029,23.02298779882));
#4792=CARTESIAN_POINT('Ctrl Pts',(5.5,-1.13670968711446,22.8613473982351));
#4793=CARTESIAN_POINT('Ctrl Pts',(7.50000846242592,-1.13670968711446,22.8613473982351));
#4794=CARTESIAN_POINT('Ctrl Pts',(5.5,-0.928527811388092,22.6344549674056));
#4795=CARTESIAN_POINT('Ctrl Pts',(7.50000846242592,-0.928527811388092,22.6344549674056));
#4796=CARTESIAN_POINT('Ctrl Pts',(5.5,-0.836986140299203,22.5563604699143));
#4797=CARTESIAN_POINT('Ctrl Pts',(7.50000846242592,-0.836986140299203,22.5563604699143));
#4798=CARTESIAN_POINT('Ctrl Pts',(5.5,-0.635135136448802,22.4221322693198));
#4799=CARTESIAN_POINT('Ctrl Pts',(7.50000846242592,-0.635135136448802,22.4221322693198));
#4800=CARTESIAN_POINT('Ctrl Pts',(5.5,-0.525217550982632,22.3670113955603));
#4801=CARTESIAN_POINT('Ctrl Pts',(7.50000846242592,-0.525217550982632,22.3670113955603));
#4802=CARTESIAN_POINT('Ctrl Pts',(5.5,-0.409925017932107,22.3255281889766));
#4803=CARTESIAN_POINT('Ctrl Pts',(7.50000846242592,-0.409925017932107,22.3255281889766));
#4804=CARTESIAN_POINT('',(5.5,-0.409925017932097,22.3255281889766));
#4805=CARTESIAN_POINT('',(5.5,-0.980956916106006,24.6385971946858));
#4806=CARTESIAN_POINT('Ctrl Pts',(5.5,-0.409925017932107,22.3255281889766));
#4807=CARTESIAN_POINT('Ctrl Pts',(5.5,-0.525217550982632,22.3670113955603));
#4808=CARTESIAN_POINT('Ctrl Pts',(5.5,-0.635135136448802,22.4221322693198));
#4809=CARTESIAN_POINT('Ctrl Pts',(5.5,-0.737145513744354,22.4899677971357));
#4810=CARTESIAN_POINT('Ctrl Pts',(5.5,-0.836986140299203,22.5563604699143));
#4811=CARTESIAN_POINT('Ctrl Pts',(5.5,-0.928527811388092,22.6344549674056));
#4812=CARTESIAN_POINT('Ctrl Pts',(5.5,-1.0095742049253,22.7227854869355));
#4813=CARTESIAN_POINT('Ctrl Pts',(5.5,-1.13670968711446,22.8613473982351));
#4814=CARTESIAN_POINT('Ctrl Pts',(5.5,-1.23607129998029,23.02298779882));
#4815=CARTESIAN_POINT('Ctrl Pts',(5.5,-1.30105435264683,23.1992951802214));
#4816=CARTESIAN_POINT('Ctrl Pts',(5.5,-1.36368245546456,23.3692132797387));
#4817=CARTESIAN_POINT('Ctrl Pts',(5.5,-1.39315472411054,23.5495359739379));
#4818=CARTESIAN_POINT('Ctrl Pts',(5.5,-1.38661557484096,23.7303619011521));
#4819=CARTESIAN_POINT('Ctrl Pts',(5.5,-1.38032242262863,23.904385315664));
#4820=CARTESIAN_POINT('Ctrl Pts',(5.5,-1.34076071837641,24.0755690505816));
#4821=CARTESIAN_POINT('Ctrl Pts',(5.5,-1.26895719198699,24.2340506695974));
#4822=CARTESIAN_POINT('Ctrl Pts',(5.5,-1.19996166610431,24.3863345920809));
#4823=CARTESIAN_POINT('Ctrl Pts',(5.5,-1.10247300951021,24.5239886747246));
#4824=CARTESIAN_POINT('Ctrl Pts',(5.5,-0.980956916105998,24.6385971946858));
#4825=CARTESIAN_POINT('',(7.5,-0.980956916106006,24.6385971946858));
#4826=CARTESIAN_POINT('',(4.5,-0.980956916106006,24.6385971946858));
#4827=CARTESIAN_POINT('',(7.5,-0.409925017932097,22.3255281889766));
#4828=CARTESIAN_POINT('Ctrl Pts',(7.5,-0.980956916106009,24.6385971946858));
#4829=CARTESIAN_POINT('Ctrl Pts',(7.5,-1.10247300951021,24.5239886747246));
#4830=CARTESIAN_POINT('Ctrl Pts',(7.5,-1.19996166610431,24.3863345920809));
#4831=CARTESIAN_POINT('Ctrl Pts',(7.5,-1.26895719198699,24.2340506695974));
#4832=CARTESIAN_POINT('Ctrl Pts',(7.5,-1.34076071837641,24.0755690505816));
#4833=CARTESIAN_POINT('Ctrl Pts',(7.5,-1.38032242262863,23.904385315664));
#4834=CARTESIAN_POINT('Ctrl Pts',(7.5,-1.38661557484096,23.7303619011521));
#4835=CARTESIAN_POINT('Ctrl Pts',(7.5,-1.39315472411054,23.5495359739379));
#4836=CARTESIAN_POINT('Ctrl Pts',(7.5,-1.36368245546456,23.3692132797387));
#4837=CARTESIAN_POINT('Ctrl Pts',(7.5,-1.30105435264683,23.1992951802214));
#4838=CARTESIAN_POINT('Ctrl Pts',(7.5,-1.23607129998029,23.02298779882));
#4839=CARTESIAN_POINT('Ctrl Pts',(7.5,-1.13670968711446,22.8613473982351));
#4840=CARTESIAN_POINT('Ctrl Pts',(7.5,-1.0095742049253,22.7227854869355));
#4841=CARTESIAN_POINT('Ctrl Pts',(7.5,-0.928527811388092,22.6344549674056));
#4842=CARTESIAN_POINT('Ctrl Pts',(7.5,-0.836986140299203,22.5563604699143));
#4843=CARTESIAN_POINT('Ctrl Pts',(7.5,-0.737145513744354,22.4899677971357));
#4844=CARTESIAN_POINT('Ctrl Pts',(7.5,-0.635135136448802,22.4221322693198));
#4845=CARTESIAN_POINT('Ctrl Pts',(7.5,-0.525217550982632,22.3670113955603));
#4846=CARTESIAN_POINT('Ctrl Pts',(7.5,-0.409925017932107,22.3255281889766));
#4847=CARTESIAN_POINT('',(4.5,-0.409925017932097,22.3255281889766));
#4848=CARTESIAN_POINT('Origin',(-4.5,-0.714651317156392,-8.40247227479505));
#4849=CARTESIAN_POINT('',(-4.5,-0.714651317156392,-8.40247227479505));
#4850=CARTESIAN_POINT('',(-4.5,-0.35732565857819,-8.40247227479505));
#4851=CARTESIAN_POINT('',(3.5,-0.714651317156392,-8.40247227479505));
#4852=CARTESIAN_POINT('',(-4.5,-0.714651317156392,-8.40247227479505));
#4853=CARTESIAN_POINT('',(3.5,-0.366714311924012,-8.40247227479505));
#4854=CARTESIAN_POINT('Origin',(-4.5,-0.0187773066916175,-0.181872578814244));
#4855=CARTESIAN_POINT('',(3.5,-6.5815140159075,4.81742606054612));
#4856=CARTESIAN_POINT('Origin',(3.5,-0.0187773066916175,-0.181872578814244));
#4857=CARTESIAN_POINT('',(-4.5,-6.5815140159075,4.81742606054612));
#4858=CARTESIAN_POINT('Origin',(-4.5,-0.0187773066916175,-0.181872578814244));
#4859=CARTESIAN_POINT('',(-4.5,-6.5815140159075,4.81742606054612));
#4860=CARTESIAN_POINT('Origin',(-4.5,-15.7715550844694,11.8181274211858));
#4861=CARTESIAN_POINT('',(3.5,-4.21877730669162,11.8181274211858));
#4862=CARTESIAN_POINT('Origin',(3.5,-15.7715550844694,11.8181274211858));
#4863=CARTESIAN_POINT('',(-4.5,-4.21877730669162,11.8181274211858));
#4864=CARTESIAN_POINT('Origin',(-4.5,-15.7715550844694,11.8181274211858));
#4865=CARTESIAN_POINT('',(-4.5,-4.21877730669162,11.8181274211858));
#4866=CARTESIAN_POINT('Origin',(-4.5,-4.21877730669162,23.8181274211858));
#4867=CARTESIAN_POINT('',(3.5,-4.21877730669162,23.8181274211858));
#4868=CARTESIAN_POINT('',(3.5,-4.21877730669162,16.8129774971906));
#4869=CARTESIAN_POINT('',(-4.5,-4.21877730669162,23.8181274211858));
#4870=CARTESIAN_POINT('',(-4.5,-4.21877730669162,11.8090637105928));
#4871=CARTESIAN_POINT('',(-4.5,-4.21877730669162,23.8181274211858));
#4872=CARTESIAN_POINT('Ctrl Pts',(5.5,-0.980956916105996,24.6385971946858));
#4873=CARTESIAN_POINT('Ctrl Pts',(3.5,-0.980956916105996,24.6385971946858));
#4874=CARTESIAN_POINT('Ctrl Pts',(5.5,-1.09965548851704,24.526646033943));
#4875=CARTESIAN_POINT('Ctrl Pts',(3.5,-1.09965548851704,24.526646033943));
#4876=CARTESIAN_POINT('Ctrl Pts',(5.5,-1.19545397390764,24.3926778838688));
#4877=CARTESIAN_POINT('Ctrl Pts',(3.5,-1.19545397390764,24.3926778838688));
#4878=CARTESIAN_POINT('Ctrl Pts',(5.5,-1.33566966482208,24.0903086994196));
#4879=CARTESIAN_POINT('Ctrl Pts',(3.5,-1.33566966482208,24.0903086994196));
#4880=CARTESIAN_POINT('Ctrl Pts',(5.5,-1.37650034883672,23.9236418935067));
#4881=CARTESIAN_POINT('Ctrl Pts',(3.5,-1.37650034883672,23.9236418935067));
#4882=CARTESIAN_POINT('Ctrl Pts',(5.5,-1.39499466649686,23.5771553486174));
#4883=CARTESIAN_POINT('Ctrl Pts',(3.5,-1.39499466649686,23.5771553486174));
#4884=CARTESIAN_POINT('Ctrl Pts',(5.5,-1.36995967289669,23.4004140836083));
#4885=CARTESIAN_POINT('Ctrl Pts',(3.5,-1.36995967289669,23.4004140836083));
#4886=CARTESIAN_POINT('Ctrl Pts',(5.5,-1.25377696756643,23.0589569837999));
#4887=CARTESIAN_POINT('Ctrl Pts',(3.5,-1.25377696756643,23.0589569837999));
#4888=CARTESIAN_POINT('Ctrl Pts',(5.5,-1.16130808772446,22.8982332401387));
#4889=CARTESIAN_POINT('Ctrl Pts',(3.5,-1.16130808772446,22.8982332401387));
#4890=CARTESIAN_POINT('Ctrl Pts',(5.5,-0.957324667895332,22.6607420461701));
#4891=CARTESIAN_POINT('Ctrl Pts',(3.5,-0.957324667895332,22.6607420461701));
#4892=CARTESIAN_POINT('Ctrl Pts',(5.5,-0.860533584112985,22.5742655205713));
#4893=CARTESIAN_POINT('Ctrl Pts',(3.5,-0.860533584112985,22.5742655205713));
#4894=CARTESIAN_POINT('Ctrl Pts',(5.5,-0.647210141232334,22.428240923165));
#4895=CARTESIAN_POINT('Ctrl Pts',(3.5,-0.647210141232334,22.428240923165));
#4896=CARTESIAN_POINT('Ctrl Pts',(5.5,-0.531572623601889,22.3692980032298));
#4897=CARTESIAN_POINT('Ctrl Pts',(3.5,-0.531572623601889,22.3692980032298));
#4898=CARTESIAN_POINT('Ctrl Pts',(5.5,-0.409925017932106,22.3255281889766));
#4899=CARTESIAN_POINT('Ctrl Pts',(3.5,-0.409925017932106,22.3255281889766));
#4900=CARTESIAN_POINT('',(3.5,-0.409925017932097,22.3255281889766));
#4901=CARTESIAN_POINT('',(5.5,-0.409925017932097,22.3255281889766));
#4902=CARTESIAN_POINT('',(3.5,-0.980956916106006,24.6385971946858));
#4903=CARTESIAN_POINT('Ctrl Pts',(3.5,-0.980956916105996,24.6385971946858));
#4904=CARTESIAN_POINT('Ctrl Pts',(3.5,-1.09965548851704,24.526646033943));
#4905=CARTESIAN_POINT('Ctrl Pts',(3.5,-1.19545397390764,24.3926778838688));
#4906=CARTESIAN_POINT('Ctrl Pts',(3.5,-1.26415252143068,24.244532382806));
#4907=CARTESIAN_POINT('Ctrl Pts',(3.5,-1.33566966482208,24.0903086994196));
#4908=CARTESIAN_POINT('Ctrl Pts',(3.5,-1.37650034883672,23.9236418935067));
#4909=CARTESIAN_POINT('Ctrl Pts',(3.5,-1.38556868407815,23.7537488375184));
#4910=CARTESIAN_POINT('Ctrl Pts',(3.5,-1.39499466649686,23.5771553486174));
#4911=CARTESIAN_POINT('Ctrl Pts',(3.5,-1.36995967289669,23.4004140836083));
#4912=CARTESIAN_POINT('Ctrl Pts',(3.5,-1.31295047542005,23.2328659517461));
#4913=CARTESIAN_POINT('Ctrl Pts',(3.5,-1.25377696756643,23.0589569837999));
#4914=CARTESIAN_POINT('Ctrl Pts',(3.5,-1.16130808772446,22.8982332401387));
#4915=CARTESIAN_POINT('Ctrl Pts',(3.5,-1.04152626676107,22.7587752013424));
#4916=CARTESIAN_POINT('Ctrl Pts',(3.5,-0.957324667895332,22.6607420461701));
#4917=CARTESIAN_POINT('Ctrl Pts',(3.5,-0.860533584112985,22.5742655205713));
#4918=CARTESIAN_POINT('Ctrl Pts',(3.5,-0.753869586603733,22.5012516638488));
#4919=CARTESIAN_POINT('Ctrl Pts',(3.5,-0.647210141232334,22.428240923165));
#4920=CARTESIAN_POINT('Ctrl Pts',(3.5,-0.531572623601889,22.3692980032298));
#4921=CARTESIAN_POINT('Ctrl Pts',(3.5,-0.409925017932106,22.3255281889766));
#4922=CARTESIAN_POINT('',(5.5,-0.980956916106006,24.6385971946858));
#4923=CARTESIAN_POINT('Ctrl Pts',(5.5,-0.980956916105995,20.6385971946858));
#4924=CARTESIAN_POINT('Ctrl Pts',(3.5,-0.980956916105995,20.6385971946858));
#4925=CARTESIAN_POINT('Ctrl Pts',(5.5,-1.09965548851694,20.5266460339431));
#4926=CARTESIAN_POINT('Ctrl Pts',(3.5,-1.09965548851694,20.5266460339431));
#4927=CARTESIAN_POINT('Ctrl Pts',(5.5,-1.1954539739075,20.392677883869));
#4928=CARTESIAN_POINT('Ctrl Pts',(3.5,-1.1954539739075,20.392677883869));
#4929=CARTESIAN_POINT('Ctrl Pts',(5.5,-1.335669664822,20.0903086994199));
#4930=CARTESIAN_POINT('Ctrl Pts',(3.5,-1.335669664822,20.0903086994199));
#4931=CARTESIAN_POINT('Ctrl Pts',(5.5,-1.37650034883667,19.923641893507));
#4932=CARTESIAN_POINT('Ctrl Pts',(3.5,-1.37650034883667,19.923641893507));
#4933=CARTESIAN_POINT('Ctrl Pts',(5.5,-1.39499466649688,19.5771553486176));
#4934=CARTESIAN_POINT('Ctrl Pts',(3.5,-1.39499466649688,19.5771553486176));
#4935=CARTESIAN_POINT('Ctrl Pts',(5.5,-1.36995967289673,19.4004140836084));
#4936=CARTESIAN_POINT('Ctrl Pts',(3.5,-1.36995967289673,19.4004140836084));
#4937=CARTESIAN_POINT('Ctrl Pts',(5.5,-1.25377696756646,19.0589569838));
#4938=CARTESIAN_POINT('Ctrl Pts',(3.5,-1.25377696756646,19.0589569838));
#4939=CARTESIAN_POINT('Ctrl Pts',(5.5,-1.16130808772449,18.8982332401387));
#4940=CARTESIAN_POINT('Ctrl Pts',(3.5,-1.16130808772449,18.8982332401387));
#4941=CARTESIAN_POINT('Ctrl Pts',(5.5,-0.957324667895334,18.6607420461701));
#4942=CARTESIAN_POINT('Ctrl Pts',(3.5,-0.957324667895334,18.6607420461701));
#4943=CARTESIAN_POINT('Ctrl Pts',(5.5,-0.860533584113016,18.5742655205713));
#4944=CARTESIAN_POINT('Ctrl Pts',(3.5,-0.860533584113016,18.5742655205713));
#4945=CARTESIAN_POINT('Ctrl Pts',(5.5,-0.647210141232318,18.428240923165));
#4946=CARTESIAN_POINT('Ctrl Pts',(3.5,-0.647210141232318,18.428240923165));
#4947=CARTESIAN_POINT('Ctrl Pts',(5.5,-0.531572623601738,18.3692980032298));
#4948=CARTESIAN_POINT('Ctrl Pts',(3.5,-0.531572623601738,18.3692980032298));
#4949=CARTESIAN_POINT('Ctrl Pts',(5.5,-0.409925017932119,18.3255281889766));
#4950=CARTESIAN_POINT('Ctrl Pts',(3.5,-0.409925017932119,18.3255281889766));
#4951=CARTESIAN_POINT('',(3.5,-0.980956916106001,20.6385971946858));
#4952=CARTESIAN_POINT('Ctrl Pts',(3.5,-0.980956916105995,20.6385971946858));
#4953=CARTESIAN_POINT('Ctrl Pts',(3.5,-1.09965548851694,20.5266460339431));
#4954=CARTESIAN_POINT('Ctrl Pts',(3.5,-1.1954539739075,20.392677883869));
#4955=CARTESIAN_POINT('Ctrl Pts',(3.5,-1.26415252143056,20.2445323828063));
#4956=CARTESIAN_POINT('Ctrl Pts',(3.5,-1.335669664822,20.0903086994199));
#4957=CARTESIAN_POINT('Ctrl Pts',(3.5,-1.37650034883667,19.923641893507));
#4958=CARTESIAN_POINT('Ctrl Pts',(3.5,-1.38556868407814,19.7537488375186));
#4959=CARTESIAN_POINT('Ctrl Pts',(3.5,-1.39499466649688,19.5771553486176));
#4960=CARTESIAN_POINT('Ctrl Pts',(3.5,-1.36995967289673,19.4004140836084));
#4961=CARTESIAN_POINT('Ctrl Pts',(3.5,-1.31295047542009,19.2328659517462));
#4962=CARTESIAN_POINT('Ctrl Pts',(3.5,-1.25377696756646,19.0589569838));
#4963=CARTESIAN_POINT('Ctrl Pts',(3.5,-1.16130808772449,18.8982332401387));
#4964=CARTESIAN_POINT('Ctrl Pts',(3.5,-1.04152626676107,18.7587752013424));
#4965=CARTESIAN_POINT('Ctrl Pts',(3.5,-0.957324667895334,18.6607420461701));
#4966=CARTESIAN_POINT('Ctrl Pts',(3.5,-0.860533584113016,18.5742655205713));
#4967=CARTESIAN_POINT('Ctrl Pts',(3.5,-0.75386958660375,18.5012516638488));
#4968=CARTESIAN_POINT('Ctrl Pts',(3.5,-0.647210141232318,18.428240923165));
#4969=CARTESIAN_POINT('Ctrl Pts',(3.5,-0.531572623601738,18.3692980032298));
#4970=CARTESIAN_POINT('Ctrl Pts',(3.5,-0.409925017932119,18.3255281889766));
#4971=CARTESIAN_POINT('',(5.5,-0.980956916106001,20.6385971946858));
#4972=CARTESIAN_POINT('Origin',(16.5,101.013038889118,1.32092524564627));
#4973=CARTESIAN_POINT('',(-2.,-43.2450983404291,3.49297991516714));
#4974=CARTESIAN_POINT('',(16.5,-43.245098340429,3.49297991509498));
#4975=CARTESIAN_POINT('',(-2.,-43.2450983404288,-0.851129423881858));
#4976=CARTESIAN_POINT('Origin',(-2.,101.013038889118,1.32092524564627));
#4977=CARTESIAN_POINT('',(-1.,-43.2450983404288,-0.851129423881858));
#4978=CARTESIAN_POINT('Origin',(-6.50700000000116,-43.2450983404291,61.392695290769));
#4979=CARTESIAN_POINT('',(-2.00000000000116,-43.2450983404291,61.392695290769));
#4980=CARTESIAN_POINT('',(-2.00000000000116,-43.2450983404291,56.9177664468546));
#4981=CARTESIAN_POINT('',(-6.50700000000116,-43.2450983404291,61.392695290769));
#4982=CARTESIAN_POINT('Origin',(-6.5070000000013,-3.24509834042914,61.3926952907691));
#4983=CARTESIAN_POINT('',(-2.0000000000013,-3.24509834042909,101.392695290769));
#4984=CARTESIAN_POINT('Origin',(-2.00000000000129,-3.24509834042913,61.392695290769));
#4985=CARTESIAN_POINT('',(-6.5070000000013,-3.24509834042911,101.392695290769));
#4986=CARTESIAN_POINT('Origin',(-6.50700000000132,3.24509834042912,101.392695290769));
#4987=CARTESIAN_POINT('',(-2.00000000000132,1.62254917021458,101.392695290769));
#4988=CARTESIAN_POINT('Origin',(-2.,1.77635683940025E-14,-0.200000000000102));
#4989=CARTESIAN_POINT('Origin',(-2.,1.77635683940025E-14,-0.200000000000102));
#4990=CARTESIAN_POINT('',(-2.,-9.99999999999998,74.8));
#4991=CARTESIAN_POINT('Origin',(-2.,1.77635683940025E-14,74.8));
#4992=CARTESIAN_POINT('Origin',(1.,1.77635683940025E-14,74.8));
#4993=CARTESIAN_POINT('',(1.2,-9.99999999999998,74.8));
#4994=CARTESIAN_POINT('Origin',(1.2,1.77635683940025E-14,74.8));
#4995=CARTESIAN_POINT('',(1.,-9.99999999999998,74.8));
#4996=CARTESIAN_POINT('Origin',(1.2,1.77635683940025E-14,74.8));
#4997=CARTESIAN_POINT('Origin',(-3.5,1.77635683940025E-14,-0.200000000000102));
#4998=CARTESIAN_POINT('',(-10.,38.,-0.200000000000107));
#4999=CARTESIAN_POINT('Origin',(-10.,1.77635683940025E-14,-0.200000000000102));
#5000=CARTESIAN_POINT('',(-3.5,38.,-0.200000000000107));
#5001=CARTESIAN_POINT('Origin',(-3.5,1.77635683940025E-14,-0.200000000000102));
#5002=CARTESIAN_POINT('Origin',(3.5,-0.0187773066916175,9.80782757319535));
#5003=CARTESIAN_POINT('Origin',(3.5,-0.0187773066916189,23.8181274211857));
#5004=CARTESIAN_POINT('Origin',(3.5,-0.0187773066916209,19.8181274211858));
#5005=CARTESIAN_POINT('Origin',(3.5,-0.0187773066916209,23.8181274211858));
#5006=CARTESIAN_POINT('Origin',(3.5,-0.0187773066916209,23.8181274211858));
#5007=CARTESIAN_POINT('Origin',(-4.5,1.77635683940025E-14,-0.200000000000102));
#5008=CARTESIAN_POINT('',(-4.49999999999975,-7.2857142857149,33.0102148042863));
#5009=CARTESIAN_POINT('Origin',(-4.5,-2.94209101525651E-13,-0.200000000001275));
#5010=CARTESIAN_POINT('Origin',(-4.5,-0.0187773066916189,23.8181274211857));
#5011=CARTESIAN_POINT('Origin',(-10.,1.77635683940025E-14,-0.200000000000102));
#5012=CARTESIAN_POINT('',(-10.0000000000064,-7.28571428571493,33.0102148042863));
#5013=CARTESIAN_POINT('Origin',(-10.0000000000064,-2.70894418008538E-13,
-0.200000000002198));
#5014=CARTESIAN_POINT('Origin',(7.5,-0.0187773066916208,19.8181274211858));
#5015=CARTESIAN_POINT('Origin',(7.5,-0.0187773066916209,19.8181274211858));
#5016=CARTESIAN_POINT('Origin',(-3.5,-0.0187773066916209,19.8181274211858));
#5017=CARTESIAN_POINT('Origin',(1.39539529753152,-0.0187773066916209,23.8181274211858));
#5018=CARTESIAN_POINT('Origin',(7.5,-0.0187773066916209,23.8181274211858));
#5019=CARTESIAN_POINT('Origin',(7.5,-0.0187773066916208,23.8181274211858));
#5020=CARTESIAN_POINT('Origin',(7.5,-0.0187773066916209,23.8181274211858));
#5021=CARTESIAN_POINT('Origin',(-3.5,-0.0187773066916209,23.8181274211858));
#5022=CARTESIAN_POINT('Origin',(-4.5,-0.0187773066916189,23.8181274211857));
#5023=CARTESIAN_POINT('Origin',(-7.50000000000283,-3.10862446895044E-13,
-0.200000000001275));
#5024=CARTESIAN_POINT('',(-7.50000000000279,-7.28571428571492,33.0102148042863));
#5025=CARTESIAN_POINT('',(39.7103803407851,37.118437145737,227.476866781964));
#5026=UNCERTAINTY_MEASURE_WITH_UNIT(LENGTH_MEASURE(0.01),#5032,
'DISTANCE_ACCURACY_VALUE',
'Maximum model space distance between geometric entities at asserted c
onnectivities');
#5027=UNCERTAINTY_MEASURE_WITH_UNIT(LENGTH_MEASURE(0.01),#5032,
'DISTANCE_ACCURACY_VALUE',
'Maximum model space distance between geometric entities at asserted c
onnectivities');
#5028=UNCERTAINTY_MEASURE_WITH_UNIT(LENGTH_MEASURE(0.01),#5032,
'DISTANCE_ACCURACY_VALUE',
'Maximum model space distance between geometric entities at asserted c
onnectivities');
#5029=(
GEOMETRIC_REPRESENTATION_CONTEXT(3)
GLOBAL_UNCERTAINTY_ASSIGNED_CONTEXT((#5026))
GLOBAL_UNIT_ASSIGNED_CONTEXT((#5032,#5033,#5034))
REPRESENTATION_CONTEXT('','3D')
);
#5030=(
GEOMETRIC_REPRESENTATION_CONTEXT(3)
GLOBAL_UNCERTAINTY_ASSIGNED_CONTEXT((#5027))
GLOBAL_UNIT_ASSIGNED_CONTEXT((#5032,#5033,#5034))
REPRESENTATION_CONTEXT('','3D')
);
#5031=(
GEOMETRIC_REPRESENTATION_CONTEXT(3)
GLOBAL_UNCERTAINTY_ASSIGNED_CONTEXT((#5028))
GLOBAL_UNIT_ASSIGNED_CONTEXT((#5032,#5033,#5034))
REPRESENTATION_CONTEXT('','3D')
);
#5032=(
LENGTH_UNIT()
NAMED_UNIT(*)
SI_UNIT(.MILLI.,.METRE.)
);
#5033=(
NAMED_UNIT(*)
PLANE_ANGLE_UNIT()
SI_UNIT($,.RADIAN.)
);
#5034=(
NAMED_UNIT(*)
SI_UNIT($,.STERADIAN.)
SOLID_ANGLE_UNIT()
);
#5035=SHAPE_DEFINITION_REPRESENTATION(#5037,#5040);
#5036=SHAPE_DEFINITION_REPRESENTATION(#5038,#5041);
#5037=PRODUCT_DEFINITION_SHAPE('',$,#5043);
#5038=PRODUCT_DEFINITION_SHAPE('',$,#5044);
#5039=PRODUCT_DEFINITION_SHAPE($,$,#14);
#5040=SHAPE_REPRESENTATION('',(#2692,#2876),#5029);
#5041=SHAPE_REPRESENTATION('',(#2693),#5030);
#5042=PRODUCT_DEFINITION_CONTEXT('part definition',#5050,'design');
#5043=PRODUCT_DEFINITION('DSSERVO 80 kg','c_base v40',#5045,#5042);
#5044=PRODUCT_DEFINITION('link3 v28','link3 v28',#5046,#5042);
#5045=PRODUCT_DEFINITION_FORMATION('',$,#5052);
#5046=PRODUCT_DEFINITION_FORMATION('',$,#5053);
#5047=PRODUCT_RELATED_PRODUCT_CATEGORY('c_base v40','c_base v40',(#5052));
#5048=PRODUCT_RELATED_PRODUCT_CATEGORY('link3 v28','link3 v28',(#5053));
#5049=APPLICATION_PROTOCOL_DEFINITION('international standard',
'automotive_design',2009,#5050);
#5050=APPLICATION_CONTEXT(
'Core Data for Automotive Mechanical Design Process');
#5051=PRODUCT_CONTEXT('part definition',#5050,'mechanical');
#5052=PRODUCT('DSSERVO 80 kg','c_base v40','STEP AP203',(#5051));
#5053=PRODUCT('link3 v28','link3 v28',$,(#5051));
#5054=PRESENTATION_STYLE_ASSIGNMENT((#5055));
#5055=SURFACE_STYLE_USAGE(.BOTH.,#5056);
#5056=SURFACE_SIDE_STYLE('',(#5057));
#5057=SURFACE_STYLE_FILL_AREA(#5058);
#5058=FILL_AREA_STYLE('Steel - Satin',(#5059));
#5059=FILL_AREA_STYLE_COLOUR('Steel - Satin',#5060);
#5060=COLOUR_RGB('Steel - Satin',0.627450980392157,0.627450980392157,0.627450980392157);
ENDSEC;
END-ISO-10303-21;
